pose_world_0_x,pose_world_0_y,pose_world_0_z,pose_world_0_visibility,pose_world_1_x,pose_world_1_y,pose_world_1_z,pose_world_1_visibility,pose_world_2_x,pose_world_2_y,pose_world_2_z,pose_world_2_visibility,pose_world_3_x,pose_world_3_y,pose_world_3_z,pose_world_3_visibility,pose_world_4_x,pose_world_4_y,pose_world_4_z,pose_world_4_visibility,pose_world_5_x,pose_world_5_y,pose_world_5_z,pose_world_5_visibility,pose_world_6_x,pose_world_6_y,pose_world_6_z,pose_world_6_visibility,pose_world_7_x,pose_world_7_y,pose_world_7_z,pose_world_7_visibility,pose_world_8_x,pose_world_8_y,pose_world_8_z,pose_world_8_visibility,pose_world_9_x,pose_world_9_y,pose_world_9_z,pose_world_9_visibility,pose_world_10_x,pose_world_10_y,pose_world_10_z,pose_world_10_visibility,pose_world_11_x,pose_world_11_y,pose_world_11_z,pose_world_11_visibility,pose_world_12_x,pose_world_12_y,pose_world_12_z,pose_world_12_visibility,pose_world_13_x,pose_world_13_y,pose_world_13_z,pose_world_13_visibility,pose_world_14_x,pose_world_14_y,pose_world_14_z,pose_world_14_visibility,pose_world_15_x,pose_world_15_y,pose_world_15_z,pose_world_15_visibility,pose_world_16_x,pose_world_16_y,pose_world_16_z,pose_world_16_visibility,pose_world_17_x,pose_world_17_y,pose_world_17_z,pose_world_17_visibility,pose_world_18_x,pose_world_18_y,pose_world_18_z,pose_world_18_visibility,pose_world_19_x,pose_world_19_y,pose_world_19_z,pose_world_19_visibility,pose_world_20_x,pose_world_20_y,pose_world_20_z,pose_world_20_visibility,pose_world_21_x,pose_world_21_y,pose_world_21_z,pose_world_21_visibility,pose_world_22_x,pose_world_22_y,pose_world_22_z,pose_world_22_visibility,pose_world_23_x,pose_world_23_y,pose_world_23_z,pose_world_23_visibility,pose_world_24_x,pose_world_24_y,pose_world_24_z,pose_world_24_visibility,pose_world_25_x,pose_world_25_y,pose_world_25_z,pose_world_25_visibility,pose_world_26_x,pose_world_26_y,pose_world_26_z,pose_world_26_visibility,pose_world_27_x,pose_world_27_y,pose_world_27_z,pose_world_27_visibility,pose_world_28_x,pose_world_28_y,pose_world_28_z,pose_world_28_visibility,pose_world_29_x,pose_world_29_y,pose_world_29_z,pose_world_29_visibility,pose_world_30_x,pose_world_30_y,pose_world_30_z,pose_world_30_visibility,pose_world_31_x,pose_world_31_y,pose_world_31_z,pose_world_31_visibility,pose_world_32_x,pose_world_32_y,pose_world_32_z,pose_world_32_visibility,frame,timestamp,right_hand_0_x,right_hand_0_y,right_hand_0_z,right_hand_0_visibility,right_hand_1_x,right_hand_1_y,right_hand_1_z,right_hand_1_visibility,right_hand_2_x,right_hand_2_y,right_hand_2_z,right_hand_2_visibility,right_hand_3_x,right_hand_3_y,right_hand_3_z,right_hand_3_visibility,right_hand_4_x,right_hand_4_y,right_hand_4_z,right_hand_4_visibility,right_hand_5_x,right_hand_5_y,right_hand_5_z,right_hand_5_visibility,right_hand_6_x,right_hand_6_y,right_hand_6_z,right_hand_6_visibility,right_hand_7_x,right_hand_7_y,right_hand_7_z,right_hand_7_visibility,right_hand_8_x,right_hand_8_y,right_hand_8_z,right_hand_8_visibility,right_hand_9_x,right_hand_9_y,right_hand_9_z,right_hand_9_visibility,right_hand_10_x,right_hand_10_y,right_hand_10_z,right_hand_10_visibility,right_hand_11_x,right_hand_11_y,right_hand_11_z,right_hand_11_visibility,right_hand_12_x,right_hand_12_y,right_hand_12_z,right_hand_12_visibility,right_hand_13_x,right_hand_13_y,right_hand_13_z,right_hand_13_visibility,right_hand_14_x,right_hand_14_y,right_hand_14_z,right_hand_14_visibility,right_hand_15_x,right_hand_15_y,right_hand_15_z,right_hand_15_visibility,right_hand_16_x,right_hand_16_y,right_hand_16_z,right_hand_16_visibility,right_hand_17_x,right_hand_17_y,right_hand_17_z,right_hand_17_visibility,right_hand_18_x,right_hand_18_y,right_hand_18_z,right_hand_18_visibility,right_hand_19_x,right_hand_19_y,right_hand_19_z,right_hand_19_visibility,right_hand_20_x,right_hand_20_y,right_hand_20_z,right_hand_20_visibility
-0.02311009354889393,-0.5956607460975647,-0.30711185932159424,0.9997172951698303,-0.007615495007485151,-0.6324198842048645,-0.29820990562438965,0.9994094371795654,-0.008075368590652943,-0.6320101618766785,-0.3001093566417694,0.9994702935218811,-0.007545724511146545,-0.6319766044616699,-0.2982008159160614,0.9993025064468384,-0.04453510046005249,-0.6336445212364197,-0.2976294755935669,0.9993677735328674,-0.04247528314590454,-0.6344510316848755,-0.29766514897346497,0.9994107484817505,-0.0430121012032032,-0.633490800857544,-0.2938109040260315,0.9992573857307434,0.07352975010871887,-0.6175971627235413,-0.20871001482009888,0.9993581175804138,-0.07639197260141373,-0.6188892126083374,-0.182773157954216,0.9993457198143005,0.0034483415074646473,-0.5672100186347961,-0.28169718384742737,0.9998847246170044,-0.04028978571295738,-0.5656452775001526,-0.2733898162841797,0.999908447265625,0.17663522064685822,-0.42153215408325195,-0.14230066537857056,0.999433696269989,-0.15810291469097137,-0.4391833245754242,-0.12326743453741074,0.9996387958526611,0.20284974575042725,-0.17341352999210358,-0.121245838701725,0.8594247698783875,-0.2534988522529602,-0.23476062715053558,-0.11385685950517654,0.9001196026802063,0.2159440964460373,0.01655496470630169,-0.2239713966846466,0.30099809169769287,-0.1814396232366562,-0.12008358538150787,-0.26922911405563354,0.44913867115974426,0.21884438395500183,0.07997608929872513,-0.24812549352645874,0.2525695562362671,-0.15568676590919495,-0.0747639536857605,-0.29616644978523254,0.354099839925766,0.199930340051651,0.07796704769134521,-0.2956819534301758,0.3323940634727478,-0.13419793546199799,-0.08593104779720306,-0.32257330417633057,0.42048540711402893,0.20006410777568817,0.02943466044962406,-0.2478485405445099,0.287759929895401,-0.16016808152198792,-0.11048517376184464,-0.2836494445800781,0.36963599920272827,0.10418632626533508,-0.009884556755423546,-0.0006689058500342071,0.08947049081325531,-0.1035793200135231,0.0010016846936196089,0.0027158765587955713,0.14262917637825012,0.08811616152524948,-0.029032398015260696,-0.06751838326454163,0.1133476048707962,-0.07596048712730408,0.05030941590666771,-0.2094794511795044,0.22170491516590118,0.14952635765075684,0.24429744482040405,0.20448988676071167,0.02665795013308525,-0.07064163684844971,0.412061870098114,0.05229568853974342,0.09993349760770798,0.15460869669914246,0.26295262575149536,0.23049810528755188,0.016600914299488068,-0.0677613914012909,0.4322916567325592,0.08692286163568497,0.05019659176468849,0.20366781949996948,0.24539455771446228,0.019866641610860825,0.028315549716353416,-0.09579336643218994,0.45092612504959106,-0.10235867649316788,0.08073577284812927,0,0.0,,,,,,,,,,,,,,,,,,,,,,,,,,,,,,,,,,,,,,,,,,,,,,,,,,,,,,,,,,,,,,,,,,,,,,,,,,,,,,,,,,,,
-0.023598503321409225,-0.5990815758705139,-0.30519479513168335,0.9997263550758362,-0.009218540973961353,-0.6371415853500366,-0.29592424631118774,0.9994302988052368,-0.009700008668005466,-0.6367557644844055,-0.2978679835796356,0.9994837045669556,-0.009146048687398434,-0.6367422938346863,-0.29588013887405396,0.9993247985839844,-0.04603429138660431,-0.6373427510261536,-0.2957927882671356,0.9993973970413208,-0.043979767709970474,-0.6381451487541199,-0.2958850860595703,0.9994386434555054,-0.04453733563423157,-0.6372230648994446,-0.29197099804878235,0.9992991089820862,0.07065977901220322,-0.6263991594314575,-0.20311786234378815,0.9993770122528076,-0.07996959984302521,-0.6228093504905701,-0.1816258579492569,0.999384343624115,0.0029822972137480974,-0.5716479420661926,-0.27912887930870056,0.9998854994773865,-0.040858276188373566,-0.5688652992248535,-0.2719700336456299,0.9999095797538757,0.17527198791503906,-0.43224072456359863,-0.12859290838241577,0.9994046092033386,-0.16072353720664978,-0.4397139847278595,-0.11583261936903,0.999643862247467,0.1931839883327484,-0.18175363540649414,-0.10271283984184265,0.8609780073165894,-0.26181408762931824,-0.23056454956531525,-0.1376189887523651,0.9044062495231628,0.20880627632141113,0.011605084873735905,-0.21204884350299835,0.3313853442668915,-0.17801357805728912,-0.15849311649799347,-0.3513232171535492,0.4890880882740021,0.20852738618850708,0.07188400626182556,-0.23672844469547272,0.28020742535591125,-0.1490258425474167,-0.13625678420066833,-0.3984067142009735,0.3953828811645508,0.19679218530654907,0.06649929285049438,-0.28211185336112976,0.35864001512527466,-0.1264089196920395,-0.1674940437078476,-0.4034835696220398,0.4576524496078491,0.19559866189956665,0.02257685549557209,-0.23573029041290283,0.3145010471343994,-0.15550214052200317,-0.1605857014656067,-0.358873188495636,0.40546613931655884,0.10442420840263367,-0.01103175524622202,8.962082938523963e-05,0.09655379503965378,-0.10396747291088104,0.0016540170181542635,0.002013490302488208,0.14966754615306854,0.10656806081533432,-0.02755502052605152,-0.035238251090049744,0.12325818836688995,-0.07733117043972015,0.0882733091711998,-0.11552039533853531,0.22260057926177979,0.15398235619068146,0.2433261126279831,0.2231040894985199,0.027797214686870575,-0.06522441655397415,0.40848174691200256,0.1487480252981186,0.09683588892221451,0.15800975263118744,0.2611580491065979,0.24624206125736237,0.01701940968632698,-0.05789389833807945,0.4246518313884735,0.1780325472354889,0.0483965240418911,0.2154177576303482,0.2435416728258133,0.03990082070231438,0.02991441823542118,-0.07144490629434586,0.45181119441986084,-0.007353551685810089,0.07954932004213333,1,0.033,,,,,,,,,,,,,,,,,,,,,,,,,,,,,,,,,,,,,,,,,,,,,,,,,,,,,,,,,,,,,,,,,,,,,,,,,,,,,,,,,,,,
-0.019861387088894844,-0.5953477025032043,-0.33437836170196533,0.9997432231903076,-0.007172116544097662,-0.6342428922653198,-0.3246030807495117,0.9994619488716125,-0.007675804663449526,-0.6338469982147217,-0.32655802369117737,0.9995083808898926,-0.007097574882209301,-0.6337949633598328,-0.3245411217212677,0.9993587136268616,-0.044004570692777634,-0.6332120299339294,-0.32576870918273926,0.9994382262229919,-0.0419556125998497,-0.6339742541313171,-0.3259175419807434,0.9994771480560303,-0.0424983873963356,-0.6330490708351135,-0.3218754231929779,0.9993502497673035,0.07068821787834167,-0.6246510744094849,-0.22538714110851288,0.9994102120399475,-0.07992437481880188,-0.6144134998321533,-0.21008776128292084,0.9994296431541443,0.0055569615215063095,-0.5681418180465698,-0.30651211738586426,0.999889612197876,-0.03842664882540703,-0.5635289549827576,-0.30147480964660645,0.9999136924743652,0.17523257434368134,-0.4318481683731079,-0.13268494606018066,0.9994046688079834,-0.16060496866703033,-0.4289179742336273,-0.13277465105056763,0.9996594190597534,0.19298776984214783,-0.18291449546813965,-0.10421284288167953,0.8626577854156494,-0.2653738856315613,-0.22673898935317993,-0.20310401916503906,0.9101278781890869,0.21064309775829315,0.010225974954664707,-0.21234682202339172,0.3519970774650574,-0.1781550496816635,-0.2385493367910385,-0.42859944701194763,0.5299599766731262,0.20876574516296387,0.06746058166027069,-0.2355310618877411,0.2965327501296997,-0.1486225575208664,-0.24509885907173157,-0.4701869785785675,0.4384203553199768,0.2013733834028244,0.06303238868713379,-0.28051432967185974,0.3738784193992615,-0.12714961171150208,-0.2808479964733124,-0.4671642780303955,0.4960247874259949,0.19852793216705322,0.020745370537042618,-0.23618540167808533,0.3289552628993988,-0.15589766204357147,-0.24856781959533691,-0.4323711693286896,0.44125592708587646,0.10494490712881088,-0.012401469983160496,0.0029661497101187706,0.09967493265867233,-0.10461761057376862,0.002593689365312457,-0.0007424730574712157,0.15446047484874725,0.10634993016719818,-0.029279664158821106,-0.022313063964247704,0.13055579364299774,-0.08516854047775269,0.10146383196115494,-0.12442722171545029,0.22778873145580292,0.15392227470874786,0.22312411665916443,0.2427341639995575,0.02805797941982746,-0.07393332570791245,0.4090345799922943,0.14504007995128632,0.09494844824075699,0.15780329704284668,0.23745191097259521,0.2666472792625427,0.017112627625465393,-0.06492047011852264,0.424889475107193,0.17599008977413177,0.04657496139407158,0.21622246503829956,0.214208722114563,0.052750278264284134,0.030836913734674454,-0.07380672544240952,0.45883169770240784,-0.018077926710247993,0.07926448434591293,2,0.066,,,,,,,,,,,,,,,,,,,,,,,,,,,,,,,,,,,,,,,,,,,,,,,,,,,,,,,,,,,,,,,,,,,,,,,,,,,,,,,,,,,,
-0.014427795074880123,-0.5969077944755554,-0.33097127079963684,0.9997602701187134,-0.0034283131826668978,-0.63583904504776,-0.3213813900947571,0.9994958639144897,-0.004007789306342602,-0.635436475276947,-0.3232881426811218,0.9995365738868713,-0.0033951045479625463,-0.6353868842124939,-0.32132187485694885,0.9993979334831238,-0.03918907418847084,-0.6342554092407227,-0.322089821100235,0.9994761943817139,-0.03720531985163689,-0.6350140571594238,-0.32222479581832886,0.9995115995407104,-0.03775830566883087,-0.6340818405151367,-0.3182346522808075,0.9993955492973328,0.07153881341218948,-0.6249798536300659,-0.2238672375679016,0.999449610710144,-0.0773933082818985,-0.614166259765625,-0.2067638337612152,0.9994686841964722,0.009937510825693607,-0.5692068338394165,-0.30349233746528625,0.9998947978019714,-0.03333598002791405,-0.5640178918838501,-0.29776668548583984,0.9999178647994995,0.17581166326999664,-0.4316127300262451,-0.12975576519966125,0.9994144439697266,-0.15751785039901733,-0.4279801547527313,-0.13201910257339478,0.9996676445007324,0.19310647249221802,-0.18185287714004517,-0.09543643891811371,0.8647375702857971,-0.2675592005252838,-0.23342402279376984,-0.20036327838897705,0.9145268797874451,0.21751098334789276,0.01728174462914467,-0.20794261991977692,0.3815455734729767,-0.17535601556301117,-0.30244067311286926,-0.42770010232925415,0.5700235366821289,0.21378329396247864,0.07267884165048599,-0.22527101635932922,0.3230377733707428,-0.1414860486984253,-0.3173448443412781,-0.4718076288700104,0.4822915494441986,0.21054723858833313,0.07045412808656693,-0.2659948170185089,0.3979574143886566,-0.12369333952665329,-0.3575081527233124,-0.46212244033813477,0.5347416996955872,0.20638345181941986,0.028345581144094467,-0.2295505404472351,0.35290858149528503,-0.15336444973945618,-0.3150537610054016,-0.4297845661640167,0.4795035719871521,0.10600122809410095,-0.012497940100729465,0.004726771730929613,0.10506695508956909,-0.105406254529953,0.0026289543602615595,-0.002375671872869134,0.16309210658073425,0.1133325919508934,-0.03808849677443504,-0.017258550971746445,0.13510988652706146,-0.09063998609781265,0.07059451937675476,-0.13876400887966156,0.23239584267139435,0.1540897786617279,0.20709927380084991,0.26565420627593994,0.028166726231575012,-0.07384428381919861,0.398030549287796,0.1302865743637085,0.09385686367750168,0.15794529020786285,0.22103582322597504,0.290765643119812,0.017408644780516624,-0.06365922838449478,0.41103026270866394,0.1620274782180786,0.04569600895047188,0.2172151654958725,0.18673892319202423,0.06982742249965668,0.031393710523843765,-0.06239987909793854,0.444942444562912,-0.034248191863298416,0.07958534359931946,3,0.1,0.4593104124069214,0.7435742616653442,1.927494786002626e-08,,0.48395076394081116,0.7240824699401855,-0.003122720867395401,,0.5000578761100769,0.6848288178443909,-0.005609529092907906,,0.5054759383201599,0.6476603150367737,-0.009211129508912563,,0.5053410530090332,0.6185434460639954,-0.012863033451139927,,0.4948200285434723,0.6402490139007568,-0.002999122953042388,,0.5051035284996033,0.5994774699211121,-0.011126614175736904,,0.5118815898895264,0.5790696740150452,-0.016755294054746628,,0.518081784248352,0.5652453899383545,-0.020240508019924164,,0.4804309606552124,0.6345829963684082,-0.005076296161860228,,0.49262288212776184,0.6223196983337402,-0.016782069578766823,,0.4916698634624481,0.6552301049232483,-0.019886795431375504,,0.48825424909591675,0.6838437914848328,-0.0195373073220253,,0.4664055407047272,0.6369668245315552,-0.007833312265574932,,0.4795991778373718,0.6366320252418518,-0.018871597945690155,,0.4791540801525116,0.6699179410934448,-0.01554375234991312,,0.47595271468162537,0.6980981826782227,-0.01064564660191536,,0.45261698961257935,0.6451472640037537,-0.010976052843034267,,0.4671129584312439,0.6466553211212158,-0.018400482833385468,,0.4684257507324219,0.6726865768432617,-0.015606849454343319,,0.46669724583625793,0.6944053173065186,-0.011529107578098774,
-0.005195971578359604,-0.6014880537986755,-0.3081192672252655,0.9997625946998596,0.005394503474235535,-0.6401976346969604,-0.2989606261253357,0.999500572681427,0.004725931212306023,-0.6398107409477234,-0.3011743724346161,0.9995335340499878,0.005374964326620102,-0.6397924423217773,-0.2990363538265228,0.9994075894355774,-0.029280878603458405,-0.6384887099266052,-0.30141475796699524,0.9994817972183228,-0.027320992201566696,-0.6392611861228943,-0.30147913098335266,0.9995133876800537,-0.027847770601511,-0.6383167505264282,-0.2973324954509735,0.9994083046913147,0.07455363124608994,-0.6283255219459534,-0.20289915800094604,0.9994631409645081,-0.07122266292572021,-0.6170458793640137,-0.19329339265823364,0.999469518661499,0.017209524288773537,-0.5735587477684021,-0.2815260589122772,0.9998911619186401,-0.025088991969823837,-0.5684785842895508,-0.2777794599533081,0.9999120235443115,0.1754147857427597,-0.43437686562538147,-0.10739217698574066,0.9994074106216431,-0.15178707242012024,-0.43078458309173584,-0.11481253802776337,0.9996480941772461,0.1946357935667038,-0.18101827800273895,-0.06716341525316238,0.868719756603241,-0.2619948983192444,-0.25038403272628784,-0.18653114140033722,0.918868362903595,0.22148576378822327,0.03525485098361969,-0.18054568767547607,0.4193129241466522,-0.1681388020515442,-0.34636029601097107,-0.3957330584526062,0.6079798936843872,0.21746662259101868,0.09327434748411179,-0.19335053861141205,0.35751062631607056,-0.13451921939849854,-0.36897012591362,-0.43757468461990356,0.5242516398429871,0.21408645808696747,0.09380555152893066,-0.22840072214603424,0.42813634872436523,-0.12179655581712723,-0.41055750846862793,-0.4325709939002991,0.5714956521987915,0.2102886438369751,0.04808942601084709,-0.19860485196113586,0.3847542107105255,-0.14869719743728638,-0.3603088855743408,-0.3986620306968689,0.5163881182670593,0.10597267746925354,-0.012499045580625534,0.0055541698820889,0.11378465592861176,-0.10525958240032196,0.0026265988126397133,-0.0031325039453804493,0.17215734720230103,0.13175852596759796,-0.044269271194934845,-0.024199875071644783,0.1388472467660904,-0.09022295475006104,0.046532221138477325,-0.13519532978534698,0.2323867678642273,0.16388356685638428,0.20807722210884094,0.24690480530261993,0.028448916971683502,-0.05710107833147049,0.39303451776504517,0.12268050760030746,0.0910017117857933,0.16742588579654694,0.22239220142364502,0.2683321237564087,0.017866889014840126,-0.042246013879776,0.4047946631908417,0.15379281342029572,0.044557251036167145,0.23045699298381805,0.18154601752758026,0.04150786250829697,0.03212902694940567,-0.027746470645070076,0.43150752782821655,-0.04208725690841675,0.07828664779663086,4,0.133,0.4691440761089325,0.666083812713623,-1.3204563664714897e-08,,0.49272027611732483,0.6427459716796875,-0.006798161193728447,,0.5069975852966309,0.5964964628219604,-0.009337249211966991,,0.5099779367446899,0.5558979511260986,-0.012897678650915623,,0.508251428604126,0.5247316360473633,-0.016305910423398018,,0.501356840133667,0.5437530875205994,-0.002167093101888895,,0.5153899788856506,0.5080806612968445,-0.010682670399546623,,0.5225651860237122,0.48700761795043945,-0.015859071165323257,,0.5281834602355957,0.4663394093513489,-0.018875140696763992,,0.4860374927520752,0.5386945009231567,-0.0036663415376096964,,0.4988894760608673,0.5232543349266052,-0.019048381596803665,,0.4992606043815613,0.5615108013153076,-0.022368306294083595,,0.4965120553970337,0.5934789776802063,-0.02012830600142479,,0.47043007612228394,0.5406318306922913,-0.006517093162983656,,0.48639604449272156,0.5342967510223389,-0.0225695613771677,,0.4863515794277191,0.5767658948898315,-0.01959029957652092,,0.48256048560142517,0.6093165874481201,-0.012297429144382477,,0.45482590794563293,0.5485725998878479,-0.010004247538745403,,0.47055038809776306,0.542396605014801,-0.02132471278309822,,0.47377151250839233,0.5722025036811829,-0.01888005994260311,,0.47150418162345886,0.5960047841072083,-0.013341164216399193,
-0.0009995015570893884,-0.6049537062644958,-0.2816857099533081,0.9997668266296387,0.009076373651623726,-0.6436136960983276,-0.272225558757782,0.9995101690292358,0.008387054316699505,-0.6432461142539978,-0.27451246976852417,0.999535083770752,0.009039133787155151,-0.6432621479034424,-0.27233168482780457,0.999422550201416,-0.025108367204666138,-0.6418505311012268,-0.27630066871643066,0.9994922280311584,-0.023135382682085037,-0.6426379084587097,-0.27634432911872864,0.9995198249816895,-0.023647483438253403,-0.6416841745376587,-0.2721714973449707,0.9994254112243652,0.07471738010644913,-0.6324166059494019,-0.17557653784751892,0.999480128288269,-0.07008787244558334,-0.6207891702651978,-0.17308904230594635,0.9994783997535706,0.019949164241552353,-0.5774019956588745,-0.25483646988868713,0.9998874664306641,-0.021858489140868187,-0.5723999738693237,-0.253199964761734,0.9999068379402161,0.1713867485523224,-0.43801817297935486,-0.08239064365625381,0.9994018077850342,-0.15151257812976837,-0.4347330331802368,-0.09772507101297379,0.9996331930160522,0.19278357923030853,-0.1802191436290741,-0.04717283695936203,0.8714300394058228,-0.2608717381954193,-0.2691957354545593,-0.18022383749485016,0.9241145849227905,0.22136768698692322,0.044302742928266525,-0.16288962960243225,0.45595937967300415,-0.16668683290481567,-0.37976744771003723,-0.37974831461906433,0.6437806487083435,0.21752379834651947,0.10256277024745941,-0.17579054832458496,0.3917394280433655,-0.1334460824728012,-0.40827304124832153,-0.41970568895339966,0.564315676689148,0.21371237933635712,0.10527822375297546,-0.2074551284313202,0.45788490772247314,-0.1221141442656517,-0.44826337695121765,-0.42782068252563477,0.6066548228263855,0.20999303460121155,0.058218855410814285,-0.17981505393981934,0.41681864857673645,-0.14852528274059296,-0.39359742403030396,-0.38592013716697693,0.552695095539093,0.10582621395587921,-0.012598256580531597,0.006779031362384558,0.12721003592014313,-0.10499327629804611,0.0026812474243342876,-0.0043054562993347645,0.1858358234167099,0.1448977291584015,-0.045088592916727066,-0.02483103983104229,0.1418522447347641,-0.0898074060678482,0.04610265791416168,-0.12230633944272995,0.2321174293756485,0.17585358023643494,0.21047331392765045,0.22877724468708038,0.028606772422790527,-0.04232695698738098,0.3936147391796112,0.12146040052175522,0.0878780260682106,0.17962826788425446,0.2250984013080597,0.24816203117370605,0.018198519945144653,-0.025678183883428574,0.40554171800613403,0.15077368915081024,0.04320121929049492,0.2470000833272934,0.18475590646266937,0.026756467297673225,0.03293030709028244,-0.00807069893926382,0.43136316537857056,-0.045240096747875214,0.07695696502923965,5,0.166,0.47224125266075134,0.6087201237678528,-1.084145484497867e-08,,0.4955832362174988,0.5861092209815979,-0.007393373642116785,,0.5101052522659302,0.5544638633728027,-0.011319736950099468,,0.5154139995574951,0.5220322608947754,-0.016604172065854073,,0.5123963952064514,0.4931764006614685,-0.02168450318276882,,0.5065592527389526,0.49833980202674866,-0.001657087355852127,,0.519619345664978,0.4594879150390625,-0.010733060538768768,,0.5283867120742798,0.44013428688049316,-0.016573673114180565,,0.5350452065467834,0.42265695333480835,-0.019766511395573616,,0.493198037147522,0.49437063932418823,-0.0028898497112095356,,0.5026786923408508,0.4745465815067291,-0.018233945593237877,,0.5034188628196716,0.5099140405654907,-0.022878730669617653,,0.5013679265975952,0.5395951271057129,-0.021862676367163658,,0.4787084460258484,0.4956092834472656,-0.005652140360325575,,0.48938044905662537,0.4798777103424072,-0.020291725173592567,,0.4906991422176361,0.5142468214035034,-0.018678195774555206,,0.4886307716369629,0.5429936647415161,-0.012877749279141426,,0.4632377624511719,0.5007604956626892,-0.00915204081684351,,0.47462520003318787,0.48572948575019836,-0.018324559554457664,,0.4791924059391022,0.5079562664031982,-0.016113122925162315,,0.47871139645576477,0.5290170311927795,-0.011283686384558678,
-0.001237960415892303,-0.6056497693061829,-0.26940256357192993,0.9997764825820923,0.009102451615035534,-0.6443976759910583,-0.2609393894672394,0.9995298981666565,0.008411062881350517,-0.6440295577049255,-0.2632373869419098,0.999549150466919,0.00905697327107191,-0.6440580487251282,-0.2610388696193695,0.9994490146636963,-0.024980910122394562,-0.6427212357521057,-0.26400965452194214,0.9995114207267761,-0.023004043847322464,-0.6435125470161438,-0.2640431821346283,0.9995348453521729,-0.023512937128543854,-0.6425535678863525,-0.2598758935928345,0.9994499087333679,0.07482581585645676,-0.6340553760528564,-0.16755005717277527,0.9995064735412598,-0.06882931292057037,-0.6228994131088257,-0.1602572202682495,0.9994947910308838,0.02012377604842186,-0.5784354209899902,-0.2437531054019928,0.9998877644538879,-0.021437745541334152,-0.5736085176467896,-0.24070703983306885,0.9999046325683594,0.16966129839420319,-0.43971940875053406,-0.07860959321260452,0.9994100332260132,-0.1499379724264145,-0.43743887543678284,-0.08237896859645844,0.9996212124824524,0.18927952647209167,-0.17982402443885803,-0.048054713755846024,0.8750229477882385,-0.25700411200523376,-0.28191155195236206,-0.1759261041879654,0.9284434914588928,0.22061721980571747,0.047051914036273956,-0.16399040818214417,0.491112619638443,-0.16539570689201355,-0.39787814021110535,-0.3718487024307251,0.6759788393974304,0.21728524565696716,0.10580591857433319,-0.17719343304634094,0.42520084977149963,-0.13261961936950684,-0.4280693233013153,-0.41043999791145325,0.6002381443977356,0.21328040957450867,0.11038973182439804,-0.20781348645687103,0.48711642622947693,-0.12239682674407959,-0.4662213921546936,-0.40797159075737,0.6381422877311707,0.20976246893405914,0.061802126467227936,-0.18061064183712006,0.44788771867752075,-0.1483202576637268,-0.4110696017742157,-0.3837270438671112,0.5851104259490967,0.10577426105737686,-0.012659378349781036,0.006757170427590609,0.13780207931995392,-0.10486088693141937,0.0026876002084463835,-0.004279083572328091,0.1943078488111496,0.14499112963676453,-0.04795354977250099,-0.02781715989112854,0.14527787268161774,-0.09011583030223846,0.04016998037695885,-0.113497294485569,0.23024936020374298,0.1778554767370224,0.2087714970111847,0.22006599605083466,0.029081396758556366,-0.0388052836060524,0.387954443693161,0.13196691870689392,0.08446718007326126,0.18140250444412231,0.22245636582374573,0.23868827521800995,0.018438786268234253,-0.022051729261875153,0.39818692207336426,0.160497784614563,0.04171592742204666,0.24637356400489807,0.1781005561351776,0.01205246988683939,0.03412934020161629,-0.00988764874637127,0.4244998097419739,-0.038824811577796936,0.07548695057630539,6,0.2,0.47744253277778625,0.573395311832428,2.879803062683095e-08,,0.5015035271644592,0.5544788241386414,-0.005156278610229492,,0.5182527303695679,0.5252698659896851,-0.007017504423856735,,0.5256205797195435,0.4920739233493805,-0.010613471269607544,,0.5231278538703918,0.4646143317222595,-0.01441036257892847,,0.5145485401153564,0.476749062538147,0.003661166876554489,,0.5254781246185303,0.4425375759601593,-0.0028773206286132336,,0.5334527492523193,0.4242366850376129,-0.007581292651593685,,0.5404725074768066,0.40776559710502625,-0.010109862312674522,,0.5023185014724731,0.47137337923049927,0.0020632846280932426,,0.5108734369277954,0.44899415969848633,-0.011087116785347462,,0.50874924659729,0.48033493757247925,-0.015672355890274048,,0.5048204660415649,0.5089454650878906,-0.01458741445094347,,0.4887292683124542,0.46986231207847595,-0.0008628946961835027,,0.49857136607170105,0.45034387707710266,-0.014536253176629543,,0.49677538871765137,0.48247477412223816,-0.01373814046382904,,0.4926556348800659,0.5112285017967224,-0.008283973671495914,,0.4736095070838928,0.47093990445137024,-0.004208022728562355,,0.4846838116645813,0.45110848546028137,-0.013013077899813652,,0.486958384513855,0.47224363684654236,-0.010831326246261597,,0.48436370491981506,0.4943963587284088,-0.0059555512852966785,
-0.0004578871594276279,-0.6071457862854004,-0.2610737681388855,0.9997888207435608,0.010253180749714375,-0.6459415555000305,-0.2525637447834015,0.9995539784431458,0.009548637084662914,-0.6455658674240112,-0.25485801696777344,0.9995690584182739,0.010184576734900475,-0.6456100940704346,-0.25263839960098267,0.9994805455207825,-0.023663772270083427,-0.6444854736328125,-0.25525590777397156,0.9995352625846863,-0.021685613319277763,-0.6452796459197998,-0.25528502464294434,0.999555230140686,-0.022187842056155205,-0.6443215608596802,-0.25113579630851746,0.9994789958000183,0.07567547261714935,-0.6359393000602722,-0.15970049798488617,0.9995357990264893,-0.0666075050830841,-0.626060426235199,-0.1506045162677765,0.9995160698890686,0.02103034406900406,-0.580126941204071,-0.23567424714565277,0.9998897910118103,-0.02026970125734806,-0.5756538510322571,-0.23215214908123016,0.9999042749404907,0.16880354285240173,-0.44179579615592957,-0.07419218122959137,0.9994239211082458,-0.14741119742393494,-0.44165197014808655,-0.071794793009758,0.9996135234832764,0.1866789609193802,-0.18019577860832214,-0.04501950368285179,0.879684567451477,-0.2541474997997284,-0.29609712958335876,-0.17485447227954865,0.9326962828636169,0.22056515514850616,0.04610297828912735,-0.1587449163198471,0.5252278447151184,-0.16293352842330933,-0.40823864936828613,-0.36827337741851807,0.7051854133605957,0.21737247705459595,0.1054578647017479,-0.17128245532512665,0.458150178194046,-0.13040222227573395,-0.43635091185569763,-0.4057840406894684,0.6328521370887756,0.2134331911802292,0.1107274666428566,-0.20175398886203766,0.516203761100769,-0.12246613204479218,-0.47279179096221924,-0.3923189043998718,0.6668462753295898,0.20954252779483795,0.06126207113265991,-0.17525845766067505,0.4787178933620453,-0.146804541349411,-0.42007410526275635,-0.3791561424732208,0.6150255799293518,0.10573220252990723,-0.01269278209656477,0.006727838888764381,0.14821591973304749,-0.10475064814090729,0.002680653240531683,-0.004235594533383846,0.2016875445842743,0.14483177661895752,-0.05067387968301773,-0.029097944498062134,0.15115894377231598,-0.09029676765203476,0.033665359020233154,-0.11289787292480469,0.23045720160007477,0.1789594143629074,0.20965884625911713,0.21008044481277466,0.0305191483348608,-0.03561142459511757,0.38312312960624695,0.13543801009655,0.0823771134018898,0.1822725534439087,0.22325532138347626,0.22827066481113434,0.018928254023194313,-0.01862083002924919,0.39247629046440125,0.16417554020881653,0.04074051231145859,0.24638162553310394,0.17769305408000946,-0.005181596614420414,0.03650091961026192,-0.00999873224645853,0.4189446270465851,-0.03812307119369507,0.07544867694377899,7,0.233,0.48572903871536255,0.5475146770477295,2.9060901240995918e-08,,0.5092547535896301,0.532103419303894,-0.005509519949555397,,0.5261416435241699,0.5043602585792542,-0.007248932961374521,,0.5321077108383179,0.47118812799453735,-0.010280605405569077,,0.5272378921508789,0.4460998475551605,-0.01364922896027565,,0.5211988687515259,0.46175819635391235,0.001759616774506867,,0.5320928692817688,0.43156009912490845,-0.004067034460604191,,0.5391585230827332,0.4156405031681061,-0.00813683308660984,,0.5457173585891724,0.40051424503326416,-0.010463355109095573,,0.509448766708374,0.45536506175994873,0.0005942629650235176,,0.518043041229248,0.43519675731658936,-0.011395610868930817,,0.5152613520622253,0.46397289633750916,-0.015366925857961178,,0.5108329057693481,0.48975783586502075,-0.014400760643184185,,0.4961802065372467,0.45298469066619873,-0.001718164305202663,,0.5055373907089233,0.43314146995544434,-0.014637419953942299,,0.5039451122283936,0.46393415331840515,-0.013881758786737919,,0.4997768700122833,0.49155688285827637,-0.008924379013478756,,0.48144710063934326,0.45332521200180054,-0.004420846235007048,,0.4936004877090454,0.4326478838920593,-0.01330331340432167,,0.49585601687431335,0.45325493812561035,-0.01142116542905569,,0.49256178736686707,0.4757937788963318,-0.007049675565212965,
0.002816560212522745,-0.6098181009292603,-0.2564069628715515,0.9997987747192383,0.014085930772125721,-0.648272693157196,-0.24722926318645477,0.9995733499526978,0.013360479846596718,-0.6478903889656067,-0.24955987930297852,0.9995843768119812,0.014001579955220222,-0.6479411125183105,-0.24733231961727142,0.9995066523551941,-0.019673729315400124,-0.6470854878425598,-0.24980540573596954,0.9995541572570801,-0.017696872353553772,-0.6478801965713501,-0.24980616569519043,0.9995706677436829,-0.018196970224380493,-0.6469180583953857,-0.24565641582012177,0.9995017051696777,0.07943309843540192,-0.6364560127258301,-0.1542115956544876,0.9995612502098083,-0.061858151108026505,-0.6274885535240173,-0.1441790908575058,0.9995322823524475,0.02432776242494583,-0.5820361375808716,-0.23123739659786224,0.9998909831047058,-0.016771845519542694,-0.5779381990432739,-0.22742970287799835,0.99990314245224,0.1688500940799713,-0.4414243996143341,-0.07082898914813995,0.9994266629219055,-0.1431613713502884,-0.44283783435821533,-0.0687486082315445,0.9995989799499512,0.18630878627300262,-0.17971736192703247,-0.0453631617128849,0.8822317719459534,-0.24969597160816193,-0.30441761016845703,-0.17292150855064392,0.9366613626480103,0.22128897905349731,0.04746301844716072,-0.16061323881149292,0.5531051754951477,-0.1539933681488037,-0.42039838433265686,-0.3650132417678833,0.73130863904953,0.21922138333320618,0.10680089890956879,-0.1733260452747345,0.4847141206264496,-0.1202760711312294,-0.4498896598815918,-0.4028734266757965,0.6615442633628845,0.21542373299598694,0.11383229494094849,-0.20301055908203125,0.539303719997406,-0.11515957862138748,-0.4843885600566864,-0.3861863911151886,0.691882848739624,0.2105286866426468,0.0635930523276329,-0.1768827736377716,0.5035889744758606,-0.1384645253419876,-0.4311422109603882,-0.3755303919315338,0.6408960223197937,0.10568325221538544,-0.012679222971200943,0.006715246010571718,0.1577731817960739,-0.10457713156938553,0.002636825665831566,-0.004214418586343527,0.20833396911621094,0.14615127444267273,-0.056237656623125076,-0.040491461753845215,0.1533394753932953,-0.09011484682559967,0.014937507919967175,-0.1186203584074974,0.22772084176540375,0.1803731471300125,0.20992884039878845,0.19549599289894104,0.031056569889187813,-0.03123992308974266,0.3758332133293152,0.1311783492565155,0.07938117533922195,0.18367509543895721,0.22362154722213745,0.21409828960895538,0.019251171499490738,-0.013882637955248356,0.38486742973327637,0.1604619026184082,0.03959092125296593,0.24644571542739868,0.17390863597393036,-0.022085940465331078,0.03756902739405632,-0.003623416181653738,0.4055596888065338,-0.03880445659160614,0.07397807389497757,8,0.266,0.494960218667984,0.5337816476821899,2.712118885028758e-08,,0.5174261927604675,0.518541693687439,-0.004588261712342501,,0.5332794785499573,0.488550066947937,-0.0052717300131917,,0.5373599529266357,0.45585867762565613,-0.007233873941004276,,0.5311439037322998,0.43295326828956604,-0.009490251541137695,,0.5259960293769836,0.452306866645813,0.0036756680347025394,,0.5360665321350098,0.42572954297065735,-0.0016633305931463838,,0.5425540208816528,0.41058215498924255,-0.005181279499083757,,0.5490795373916626,0.39664798974990845,-0.007098670583218336,,0.5151597261428833,0.44581031799316406,0.0024602829944342375,,0.5250513553619385,0.4265303611755371,-0.00926052313297987,,0.5228947401046753,0.45566239953041077,-0.012571565806865692,,0.5185742378234863,0.4824407398700714,-0.010942185297608376,,0.5026237368583679,0.4428448975086212,-1.464689921704121e-05,,0.5142230987548828,0.4260510802268982,-0.012885144911706448,,0.5129091739654541,0.45674455165863037,-0.012143603526055813,,0.5084899663925171,0.484121710062027,-0.007034968584775925,,0.48812469840049744,0.4421940743923187,-0.002802450442686677,,0.5022926330566406,0.424611896276474,-0.011421620845794678,,0.5044273138046265,0.44460344314575195,-0.009844623506069183,,0.500418484210968,0.46563878655433655,-0.005837227217853069,
0.009397486224770546,-0.6119479537010193,-0.24951253831386566,0.9998107552528381,0.019978445023298264,-0.650066077709198,-0.23944754898548126,0.9995977878570557,0.019205868244171143,-0.6496748924255371,-0.2418413907289505,0.9996060132980347,0.019823119044303894,-0.6497491002082825,-0.23940974473953247,0.9995376467704773,-0.012842543423175812,-0.649074137210846,-0.24242208898067474,0.9995784759521484,-0.010917198844254017,-0.6498768329620361,-0.2422724813222885,0.9995917677879333,-0.011437837034463882,-0.6489062309265137,-0.2382228970527649,0.9995291829109192,0.08397063612937927,-0.6367848515510559,-0.14665855467319489,0.999590277671814,-0.055405814200639725,-0.6284078359603882,-0.13872280716896057,0.999555230140686,0.03011661395430565,-0.583611786365509,-0.22465254366397858,0.9998948574066162,-0.010288221761584282,-0.5796847939491272,-0.2211889773607254,0.9999051690101624,0.1712135225534439,-0.4413008987903595,-0.06565737724304199,0.9994438290596008,-0.13862472772598267,-0.44408679008483887,-0.06927809864282608,0.9996013641357422,0.18657508492469788,-0.17809166014194489,-0.04602288827300072,0.8834286332130432,-0.24801889061927795,-0.3142722249031067,-0.1750790774822235,0.9402994513511658,0.22296489775180817,0.04851347953081131,-0.1642880141735077,0.575684666633606,-0.1404915153980255,-0.4285925030708313,-0.36899489164352417,0.7553502917289734,0.22097744047641754,0.10709275305271149,-0.1779126673936844,0.5062469840049744,-0.1034875363111496,-0.45527613162994385,-0.40938374400138855,0.6883397102355957,0.21740004420280457,0.11524003744125366,-0.2084404081106186,0.5584532022476196,-0.09834950417280197,-0.48825928568840027,-0.3866872787475586,0.7153287529945374,0.21224014461040497,0.06535666435956955,-0.18112720549106598,0.5239819884300232,-0.12449538707733154,-0.4371874928474426,-0.37294408679008484,0.6657954454421997,0.10612335056066513,-0.012387031689286232,0.006699121557176113,0.16686277091503143,-0.10473836213350296,0.00227245781570673,-0.004191326908767223,0.21445904672145844,0.14770293235778809,-0.07296823710203171,-0.06597473472356796,0.1543591022491455,-0.09089178591966629,-0.01681806705892086,-0.12523485720157623,0.22247564792633057,0.18154041469097137,0.19839660823345184,0.17481815814971924,0.03139929845929146,-0.02992694079875946,0.3654690682888031,0.12809066474437714,0.07601113617420197,0.18529032170772552,0.21222887933254242,0.19436247646808624,0.019559042528271675,-0.011932449415326118,0.37479791045188904,0.158260315656662,0.03847266733646393,0.24732379615306854,0.1510200798511505,-0.046965040266513824,0.03814675286412239,-0.0030336875934153795,0.3866715729236603,-0.05034823715686798,0.07181088626384735,9,0.3,0.5030528903007507,0.5306679010391235,8.753950453410653e-08,,0.5224664807319641,0.5148456692695618,-0.003582967212423682,,0.5338444709777832,0.48630356788635254,-0.004498251713812351,,0.5389373898506165,0.4589117765426636,-0.007491991389542818,,0.5384507179260254,0.4338899552822113,-0.010157300159335136,,0.5184904932975769,0.44751104712486267,0.007676900364458561,,0.5278847813606262,0.4221512973308563,0.0013346835039556026,,0.5376562476158142,0.40652531385421753,-0.0032173877116292715,,0.5467037558555603,0.3939456343650818,-0.0055759381502866745,,0.5108321905136108,0.4426623582839966,0.005456678103655577,,0.5259394645690918,0.4281398355960846,-0.007267349399626255,,0.5300967693328857,0.45391735434532166,-0.01237152237445116,,0.5288302898406982,0.47745123505592346,-0.011867989785969257,,0.5021512508392334,0.43883082270622253,0.0015947355423122644,,0.5209729671478271,0.4292665421962738,-0.013208644464612007,,0.5232468843460083,0.46128562092781067,-0.014421939849853516,,0.5197147130966187,0.4878029525279999,-0.009881584905087948,,0.4923810064792633,0.4371696412563324,-0.0025123844388872385,,0.5116024017333984,0.42791685461997986,-0.012597264721989632,,0.5174654126167297,0.44699352979660034,-0.012807311490178108,,0.5164859294891357,0.46586617827415466,-0.009646824561059475,
0.010548781603574753,-0.6169673204421997,-0.24832741916179657,0.9998202919960022,0.02177550457417965,-0.6545931100845337,-0.23778121173381805,0.9996157884597778,0.021026480942964554,-0.654209554195404,-0.24010905623435974,0.9996204376220703,0.02163248136639595,-0.6542896032333374,-0.23776429891586304,0.9995605945587158,-0.011394101195037365,-0.653800368309021,-0.24115397036075592,0.9995988011360168,-0.009439736604690552,-0.6546045541763306,-0.24108396470546722,0.9996103644371033,-0.009950874373316765,-0.6536412239074707,-0.23703911900520325,0.9995541572570801,0.08470228314399719,-0.6399336457252502,-0.14265264570713043,0.9996118545532227,-0.055445268750190735,-0.6323974132537842,-0.13687629997730255,0.9995763897895813,0.030654514208436012,-0.588259220123291,-0.22262811660766602,0.9998963475227356,-0.010040225461125374,-0.5845720767974854,-0.2199215590953827,0.9999061226844788,0.1711025983095169,-0.4429844319820404,-0.0635499581694603,0.999446451663971,-0.1391688734292984,-0.44802558422088623,-0.06945642828941345,0.999603271484375,0.18627724051475525,-0.18082889914512634,-0.04276488721370697,0.8860586285591125,-0.24717079102993011,-0.31943637132644653,-0.18121889233589172,0.9443407654762268,0.2232702672481537,0.04555746912956238,-0.15481270849704742,0.5989425182342529,-0.13498806953430176,-0.4333469569683075,-0.37253233790397644,0.7771973013877869,0.2218375951051712,0.10286958515644073,-0.16714119911193848,0.5278795957565308,-0.09753978997468948,-0.46134239435195923,-0.4128395915031433,0.712734043598175,0.21833789348602295,0.11255548149347305,-0.19686003029346466,0.5774902105331421,-0.09194331616163254,-0.4941592812538147,-0.3875006139278412,0.7367722988128662,0.21273431181907654,0.0630657896399498,-0.1713203489780426,0.5447245240211487,-0.11877385526895523,-0.44245582818984985,-0.3725995719432831,0.6886226534843445,0.10620000213384628,-0.012385198846459389,0.006771731190383434,0.17986507713794708,-0.10479749739170074,0.002245836891233921,-0.004253705032169819,0.2277502417564392,0.14619159698486328,-0.069673553109169,-0.06483157724142075,0.15819935500621796,-0.09296967089176178,-0.011698641814291477,-0.1264411062002182,0.22354824841022491,0.18119068443775177,0.19928914308547974,0.1777144819498062,0.031715452671051025,-0.03262367099523544,0.36725911498069763,0.12763568758964539,0.07442835718393326,0.18482501804828644,0.21295922994613647,0.1978197544813156,0.01957825943827629,-0.013397704809904099,0.3777446746826172,0.15614169836044312,0.03751358017325401,0.24682830274105072,0.158560112118721,-0.035354748368263245,0.03909830376505852,-0.005241538397967815,0.3905884921550751,-0.0528775118291378,0.07165281474590302,10,0.333,0.5050285458564758,0.524082362651825,1.1235476904403185e-07,,0.5246167778968811,0.5018675923347473,-0.00016539506032131612,,0.5332241654396057,0.4732838273048401,-0.002339115832000971,,0.540073812007904,0.45282217860221863,-0.006113979499787092,,0.5446316003799438,0.4343257546424866,-0.009580783545970917,,0.5044975876808167,0.4256560802459717,0.0016081110807135701,,0.5255796909332275,0.40870705246925354,-0.005888179410248995,,0.5391093492507935,0.3948977589607239,-0.011368595995008945,,0.5509535670280457,0.38343971967697144,-0.014610955491662025,,0.4992196261882782,0.42439326643943787,-0.00255377683788538,,0.53095942735672,0.4190155565738678,-0.014562977477908134,,0.5363649725914001,0.4488866627216339,-0.0175467599183321,,0.5357062220573425,0.4720485210418701,-0.016157370060682297,,0.4983668327331543,0.43011003732681274,-0.007302264217287302,,0.5294247269630432,0.4329359829425812,-0.01908653974533081,,0.5327068567276001,0.46295133233070374,-0.01750337705016136,,0.5304946899414062,0.48461785912513733,-0.012469111010432243,,0.5001586675643921,0.44060808420181274,-0.01221991516649723,,0.525070309638977,0.44290414452552795,-0.018981527537107468,,0.5324671268463135,0.4635538160800934,-0.016806460916996002,,0.5342670679092407,0.48063182830810547,-0.012708217836916447,
0.012305292300879955,-0.6227059960365295,-0.2427457571029663,0.9998271465301514,0.024723604321479797,-0.6595028638839722,-0.23179666697978973,0.9996271133422852,0.023989301174879074,-0.6591266989707947,-0.23409882187843323,0.9996281266212463,0.024591656401753426,-0.6592040657997131,-0.23184366524219513,0.9995771050453186,-0.008613843470811844,-0.6591700315475464,-0.23533391952514648,0.999611496925354,-0.006632359232753515,-0.6599757671356201,-0.23531275987625122,0.9996213912963867,-0.007133143488317728,-0.6590166091918945,-0.23123767971992493,0.9995710253715515,0.08643249422311783,-0.6418041586875916,-0.136199951171875,0.9996273517608643,-0.053549155592918396,-0.6359944343566895,-0.13110966980457306,0.9995882511138916,0.031628500670194626,-0.5927742123603821,-0.21696309745311737,0.9998959898948669,-0.009068207815289497,-0.5897224545478821,-0.21460336446762085,0.999904990196228,0.17055226862430573,-0.44309380650520325,-0.05922536179423332,0.9994492530822754,-0.13844552636146545,-0.4514741003513336,-0.06608012318611145,0.9996024966239929,0.18484628200531006,-0.18133635818958282,-0.03924386203289032,0.8889645338058472,-0.2409830391407013,-0.3260508179664612,-0.1806151270866394,0.9480924010276794,0.2233777642250061,0.04455213248729706,-0.14710025489330292,0.6214469075202942,-0.12363056093454361,-0.44455841183662415,-0.37200698256492615,0.7969047427177429,0.2226053923368454,0.10131736844778061,-0.15814362466335297,0.5490389466285706,-0.08562827855348587,-0.4739114046096802,-0.41185709834098816,0.7346519827842712,0.21941538155078888,0.11204580962657928,-0.18708406388759613,0.5958152413368225,-0.08004073053598404,-0.505928099155426,-0.37936678528785706,0.7559755444526672,0.2130431979894638,0.06253284215927124,-0.1629955768585205,0.5647551417350769,-0.10742544382810593,-0.45386263728141785,-0.3687543570995331,0.7089808583259583,0.10604690760374069,-0.012257810682058334,0.006765260361135006,0.19814924895763397,-0.10459525138139725,0.002118851989507675,-0.004245835356414318,0.2454398274421692,0.1451653093099594,-0.0610848031938076,-0.06414060294628143,0.1641656458377838,-0.09281338006258011,-0.005246278364211321,-0.12658117711544037,0.22710521519184113,0.18063302338123322,0.2120775431394577,0.17556607723236084,0.032937996089458466,-0.03320701792836189,0.368648499250412,0.1257467269897461,0.07400117814540863,0.18454456329345703,0.22610487043857574,0.19517843425273895,0.01996540278196335,-0.015371245332062244,0.37859591841697693,0.1529948115348816,0.03717084228992462,0.24519789218902588,0.17201438546180725,-0.03327400982379913,0.04095175862312317,-0.009128755889832973,0.3930884599685669,-0.05407924950122833,0.07255638390779495,11,0.367,0.4982670545578003,0.5219716429710388,2.9312808180748107e-08,,0.5025481581687927,0.48989588022232056,0.003298998111858964,,0.5100002288818359,0.4552595913410187,0.0024847218301147223,,0.5238814353942871,0.4387791156768799,-0.00045071521890349686,,0.5373376607894897,0.4321354627609253,-0.0036399848759174347,,0.4988614618778229,0.419856458902359,0.0033361134119331837,,0.5264857411384583,0.40166717767715454,-0.0013020699843764305,,0.541309654712677,0.38944438099861145,-0.005118947010487318,,0.5529401898384094,0.3769575357437134,-0.008427197113633156,,0.5032103061676025,0.419685423374176,-0.0023057470098137856,,0.5400424003601074,0.42400309443473816,-0.010416693054139614,,0.5369636416435242,0.44997748732566833,-0.012866277247667313,,0.5269728899002075,0.4616929888725281,-0.013208401389420033,,0.510349452495575,0.42741507291793823,-0.007958334870636463,,0.5447648167610168,0.4365842640399933,-0.014816854149103165,,0.5385775566101074,0.46430936455726624,-0.013540689833462238,,0.5278295278549194,0.47392043471336365,-0.01130618155002594,,0.5188201069831848,0.4393061399459839,-0.01365030836313963,,0.544094443321228,0.4490765333175659,-0.01626794971525669,,0.5397226810455322,0.4706418812274933,-0.014006223529577255,,0.5311141014099121,0.4788956642150879,-0.011612783186137676,
0.013460000976920128,-0.6256999373435974,-0.2385220229625702,0.9998326301574707,0.0264041256159544,-0.662155270576477,-0.2274327278137207,0.9996364712715149,0.025673607364296913,-0.6617754697799683,-0.22974160313606262,0.9996340870857239,0.026272300630807877,-0.6618529558181763,-0.22750738263130188,0.9995914101600647,-0.006938002537935972,-0.6619818806648254,-0.23113003373146057,0.9996212124824524,-0.004951920360326767,-0.6627873778343201,-0.23110735416412354,0.9996291399002075,-0.005443863105028868,-0.6618267893791199,-0.22701354324817657,0.9995841979980469,0.08703970164060593,-0.6431101560592651,-0.13192574679851532,0.9996405243873596,-0.05262511223554611,-0.6381154656410217,-0.12750983238220215,0.9995958209037781,0.03213128820061684,-0.595338761806488,-0.21278637647628784,0.9998953938484192,-0.008485868573188782,-0.5925567746162415,-0.21065755188465118,0.99990314245224,0.16946642100811005,-0.44344183802604675,-0.05639719218015671,0.9994564056396484,-0.13818936049938202,-0.4534648060798645,-0.06444742530584335,0.999599277973175,0.18322928249835968,-0.182565838098526,-0.03655175119638443,0.8918359875679016,-0.23628467321395874,-0.3267844617366791,-0.17953085899353027,0.9514372944831848,0.22339771687984467,0.04219852760434151,-0.1426025927066803,0.6425735950469971,-0.119320347905159,-0.4482864737510681,-0.3663071095943451,0.8148266077041626,0.22307457029819489,0.09873221069574356,-0.15267421305179596,0.5690686106681824,-0.08186790347099304,-0.47826310992240906,-0.40421101450920105,0.754857063293457,0.2200571596622467,0.11008179932832718,-0.1813981831073761,0.6132289171218872,-0.07678424566984177,-0.5104954242706299,-0.3693094253540039,0.773758590221405,0.21315239369869232,0.06047021225094795,-0.15817800164222717,0.5838916897773743,-0.10348423570394516,-0.45786523818969727,-0.3603053689002991,0.7279923558235168,0.10600100457668304,-0.01218423806130886,0.006755636539310217,0.2144428789615631,-0.10449168086051941,0.0020473964978009462,-0.004234404768794775,0.2604713439941406,0.1459772139787674,-0.06032569333910942,-0.06400042027235031,0.17042315006256104,-0.0926964282989502,0.0018771893810480833,-0.12693753838539124,0.23057760298252106,0.18050678074359894,0.21411162614822388,0.1761729121208191,0.03424636647105217,-0.031625207513570786,0.37008142471313477,0.1245078518986702,0.07353366911411285,0.184186190366745,0.22804522514343262,0.19589127600193024,0.020365498960018158,-0.01428933721035719,0.3807462155818939,0.1521717607975006,0.036772653460502625,0.24433763325214386,0.17305725812911987,-0.032797444611787796,0.04270651936531067,-0.00801053736358881,0.39760732650756836,-0.05417879298329353,0.0731569230556488,12,0.4,0.5017204284667969,0.521641194820404,4.110604479024005e-08,,0.5036521553993225,0.4862990379333496,0.004497466143220663,,0.5108528137207031,0.45356667041778564,0.003422163426876068,,0.5243347883224487,0.43894508481025696,-0.00029220935539342463,,0.5375413298606873,0.4333612620830536,-0.004147029481828213,,0.5013436675071716,0.4204275608062744,0.005134792998433113,,0.5284010767936707,0.40267235040664673,0.0005966408061794937,,0.5429706573486328,0.3902352452278137,-0.002905595349147916,,0.5545322299003601,0.37863531708717346,-0.005741380620747805,,0.5066341161727905,0.42010781168937683,-0.0008768557454459369,,0.5404061079025269,0.42299336194992065,-0.009263909421861172,,0.5380381941795349,0.44768136739730835,-0.011760644614696503,,0.5291329026222229,0.4596112370491028,-0.01163623295724392,,0.5147735476493835,0.4268033504486084,-0.006885279435664415,,0.5462695956230164,0.43545833230018616,-0.013929435983300209,,0.5405148863792419,0.4624403417110443,-0.012566067278385162,,0.5305402278900146,0.4728270173072815,-0.009893117472529411,,0.5240310430526733,0.43788087368011475,-0.012786815874278545,,0.5475904941558838,0.4479959011077881,-0.014967245049774647,,0.5422755479812622,0.469300240278244,-0.012288560159504414,,0.532585084438324,0.4785618782043457,-0.009555253200232983,
0.01568048633635044,-0.6276447772979736,-0.23691490292549133,0.9998341202735901,0.028778018429875374,-0.6638723015785217,-0.22563393414020538,0.9996373057365417,0.02806180715560913,-0.6635017991065979,-0.22791317105293274,0.9996306300163269,0.028656495735049248,-0.663581371307373,-0.22570917010307312,0.9995959401130676,-0.004627207759767771,-0.6636948585510254,-0.22979825735092163,0.9996232390403748,-0.002626732923090458,-0.6645039319992065,-0.2297968715429306,0.9996297955513,-0.003112822538241744,-0.663543164730072,-0.225706547498703,0.9995902180671692,0.08759257197380066,-0.644373893737793,-0.129299595952034,0.9996447563171387,-0.05206222087144852,-0.6394606828689575,-0.12694737315177917,0.9995975494384766,0.033346839249134064,-0.597213089466095,-0.2108246386051178,0.9998912811279297,-0.007234956603497267,-0.5944271683692932,-0.20935127139091492,0.9998990297317505,0.168319433927536,-0.4443640410900116,-0.05392966419458389,0.9994508624076843,-0.13834457099437714,-0.45454344153404236,-0.06493575870990753,0.9995938539505005,0.18231838941574097,-0.18411187827587128,-0.034448932856321335,0.8937963843345642,-0.23606637120246887,-0.3261701464653015,-0.17937882244586945,0.9545809030532837,0.22326359152793884,0.039525605738162994,-0.13818484544754028,0.6600376963615417,-0.12040332704782486,-0.448225736618042,-0.3606189489364624,0.8309109807014465,0.22307145595550537,0.09581584483385086,-0.14777237176895142,0.5846837162971497,-0.08304309844970703,-0.47874918580055237,-0.39714697003364563,0.7728211283683777,0.21995073556900024,0.10666858404874802,-0.17639842629432678,0.6265391111373901,-0.07795200496912003,-0.5117379426956177,-0.3625868260860443,0.7895014882087708,0.21309655904769897,0.057508986443281174,-0.1537039428949356,0.5987670421600342,-0.10463988035917282,-0.4583777189254761,-0.35331976413726807,0.7446884512901306,0.10579093545675278,-0.012148530222475529,0.006844076327979565,0.228519469499588,-0.10427471250295639,0.0020202749874442816,-0.0043282825499773026,0.27501630783081055,0.14539548754692078,-0.04936779662966728,-0.06285187602043152,0.17545557022094727,-0.09257814288139343,0.015294495970010757,-0.12444878369569778,0.23496536910533905,0.17967727780342102,0.22178660333156586,0.17793592810630798,0.03510800004005432,-0.0322832390666008,0.3789214789867401,0.12376880645751953,0.07325945794582367,0.18309243023395538,0.23594355583190918,0.19777268171310425,0.02057914435863495,-0.015378047712147236,0.3899676203727722,0.1515381634235382,0.036335788667201996,0.24352559447288513,0.1851390302181244,-0.03061789646744728,0.04396912083029747,-0.010092951357364655,0.4083506166934967,-0.054286789149045944,0.07376507669687271,13,0.433,0.5044364333152771,0.5259010195732117,6.590587275923099e-08,,0.5281556248664856,0.5031719207763672,-0.0008257891749963164,,0.5365792512893677,0.47587868571281433,-0.0034593711607158184,,0.5428749322891235,0.45476213097572327,-0.008175969123840332,,0.549723744392395,0.43636539578437805,-0.012482944875955582,,0.504940390586853,0.42249995470046997,0.0042954785749316216,,0.5298811793327332,0.4078959822654724,-0.0027975470293313265,,0.544725775718689,0.393566370010376,-0.00855077151209116,,0.5567715167999268,0.38121339678764343,-0.012293738313019276,,0.5035836100578308,0.4203469455242157,0.0003447576891630888,,0.5378268957138062,0.42152729630470276,-0.013546627946197987,,0.5398381948471069,0.45435962080955505,-0.018468085676431656,,0.5342931151390076,0.47720080614089966,-0.017835726961493492,,0.5073515176773071,0.42418667674064636,-0.004349425435066223,,0.5411544442176819,0.43183091282844543,-0.01749662682414055,,0.5400493741035461,0.4656825065612793,-0.017651962116360664,,0.5334301590919495,0.48725640773773193,-0.013314417563378811,,0.513288140296936,0.43218278884887695,-0.009163047187030315,,0.5410979986190796,0.4378623962402344,-0.015344271436333656,,0.5427563190460205,0.45979124307632446,-0.013605177402496338,,0.5387864708900452,0.47515740990638733,-0.00995177123695612,
0.015776077285408974,-0.6275259256362915,-0.23747938871383667,0.9998341202735901,0.028927160426974297,-0.6638432145118713,-0.22668810188770294,0.9996353387832642,0.028217250481247902,-0.6634736061096191,-0.22895710170269012,0.9996247291564941,0.02881021425127983,-0.663551926612854,-0.22676555812358856,0.9995971918106079,-0.004431665875017643,-0.6636757254600525,-0.23063655197620392,0.999620795249939,-0.002431731205433607,-0.6644854545593262,-0.23064272105693817,0.9996256232261658,-0.0029215377289801836,-0.6635257601737976,-0.2265467494726181,0.9995907545089722,0.0877084881067276,-0.6448895931243896,-0.13124750554561615,0.999647319316864,-0.051627933979034424,-0.6401357650756836,-0.12794221937656403,0.9995936751365662,0.033400967717170715,-0.5973632335662842,-0.21155473589897156,0.9998875856399536,-0.007103646174073219,-0.5945889353752136,-0.2098366618156433,0.9998946189880371,0.16774462163448334,-0.4452540874481201,-0.05536065250635147,0.999452531337738,-0.13821592926979065,-0.45575499534606934,-0.06514731794595718,0.9995877742767334,0.18226563930511475,-0.18569277226924896,-0.03520679846405983,0.896475076675415,-0.23463600873947144,-0.32489898800849915,-0.17912879586219788,0.9570637941360474,0.22321578860282898,0.038670919835567474,-0.13920123875141144,0.6773515343666077,-0.12105980515480042,-0.443204402923584,-0.3551297187805176,0.845244288444519,0.2230750024318695,0.09531215578317642,-0.14924287796020508,0.6007949113845825,-0.08409777283668518,-0.4722435176372528,-0.391585111618042,0.7889266014099121,0.21984650194644928,0.10613858699798584,-0.17833659052848816,0.6405101418495178,-0.07901080697774887,-0.5057425498962402,-0.3588222563266754,0.8036457300186157,0.21303489804267883,0.05660947039723396,-0.15486280620098114,0.6139940619468689,-0.10531454533338547,-0.4535570442676544,-0.3478355407714844,0.7595964074134827,0.10566599667072296,-0.012106077745556831,0.006806587800383568,0.24144195020198822,-0.10413893312215805,0.0019841708708554506,-0.004293463192880154,0.2870410084724426,0.1453697681427002,-0.042103733867406845,-0.05860532075166702,0.1807669848203659,-0.09210295230150223,0.0250414926558733,-0.11748252063989639,0.2387920767068863,0.17927774786949158,0.22606919705867767,0.18103031814098358,0.03609554469585419,-0.032214246690273285,0.3845807909965515,0.12692546844482422,0.07310274988412857,0.182661771774292,0.2402729094028473,0.20043858885765076,0.020840970799326897,-0.01572401635348797,0.39565491676330566,0.15473316609859467,0.03605478256940842,0.2429971694946289,0.1925812065601349,-0.023281918838620186,0.04526795074343681,-0.010824572294950485,0.41651231050491333,-0.04587706923484802,0.07440575212240219,14,0.467,0.5134269595146179,0.5245165228843689,3.363446055004715e-08,,0.5330157279968262,0.5086419582366943,-0.00045727399992756546,,0.541427731513977,0.4815796911716461,-0.002126087434589863,,0.5463830828666687,0.458635538816452,-0.006286032497882843,,0.5495201945304871,0.43467873334884644,-0.010105138644576073,,0.517016589641571,0.4307793974876404,0.0077018435113132,,0.5323235988616943,0.4091525673866272,0.0002741391654126346,,0.5445805191993713,0.3936127722263336,-0.005467540118843317,,0.5551287531852722,0.3803848624229431,-0.008860527537763119,,0.5120010375976562,0.4263536334037781,0.0030589259695261717,,0.5392312407493591,0.42182567715644836,-0.011242499575018883,,0.5421122312545776,0.4565991461277008,-0.015461964532732964,,0.5383051633834839,0.48151132464408875,-0.013986227102577686,,0.5094398856163025,0.42599785327911377,-0.002933826996013522,,0.5385547876358032,0.4248301684856415,-0.017165904864668846,,0.538469135761261,0.4604264795780182,-0.016412341967225075,,0.5324793457984924,0.4847106337547302,-0.01105324737727642,,0.5084264874458313,0.4294655919075012,-0.009126615710556507,,0.5354099273681641,0.4271935224533081,-0.01728210784494877,,0.537899374961853,0.45138218998908997,-0.01539694331586361,,0.5332987308502197,0.4693679213523865,-0.011081419885158539,
0.015426725149154663,-0.6275156140327454,-0.23463174700737,0.9998337030410767,0.028681157156825066,-0.6638669371604919,-0.22405536472797394,0.9996337294578552,0.027976764366030693,-0.6635003685951233,-0.22630935907363892,0.9996192455291748,0.02856803499162197,-0.6635771989822388,-0.22411903738975525,0.9995979070663452,-0.00472414493560791,-0.6638253927230835,-0.22773197293281555,0.9996189475059509,-0.0027224060613662004,-0.6646385192871094,-0.22775429487228394,0.999622106552124,-0.0032124046701937914,-0.6636801958084106,-0.22366611659526825,0.9995911717414856,0.08795050531625748,-0.6449799537658691,-0.1292666345834732,0.9996473789215088,-0.051306646317243576,-0.6408936977386475,-0.12493086606264114,0.9995876550674438,0.033238060772418976,-0.5973936915397644,-0.20887435972690582,0.9998813271522522,-0.007287065032869577,-0.5947588682174683,-0.2068614959716797,0.9998874664306641,0.16753409802913666,-0.44545063376426697,-0.05505634471774101,0.9994361400604248,-0.1381365805864334,-0.4562261402606964,-0.06148120015859604,0.9995691180229187,0.18232442438602448,-0.1856095790863037,-0.036133840680122375,0.8983603119850159,-0.2321997433900833,-0.3228142559528351,-0.1769329011440277,0.9588192701339722,0.22347472608089447,0.03849268704652786,-0.14100539684295654,0.6920576095581055,-0.12178042531013489,-0.43751296401023865,-0.3534303903579712,0.8575844168663025,0.22392451763153076,0.09523732960224152,-0.15155531466007233,0.6146710515022278,-0.08560385555028915,-0.46574532985687256,-0.39020833373069763,0.8023799657821655,0.2202138453722,0.1057477593421936,-0.18095818161964417,0.6525705456733704,-0.08053972572088242,-0.49946457147598267,-0.35896918177604675,0.8153678774833679,0.21331538259983063,0.05627913400530815,-0.15685296058654785,0.6271209120750427,-0.10616537928581238,-0.44786369800567627,-0.34657010436058044,0.7717416882514954,0.10543318837881088,-0.012105030007660389,0.006747454404830933,0.2515418529510498,-0.10392360389232635,0.0019812656100839376,-0.004238206427544355,0.2961391806602478,0.14512155950069427,-0.037317905575037,-0.05849912762641907,0.18334877490997314,-0.09180698543787003,0.03304734453558922,-0.11837412416934967,0.23884770274162292,0.17901308834552765,0.23112696409225464,0.17613016068935394,0.03660557419061661,-0.032664235681295395,0.3886893689632416,0.12172885239124298,0.07205388695001602,0.18244236707687378,0.24545319378376007,0.19480717182159424,0.02092466503381729,-0.016450297087430954,0.39989346265792847,0.14814963936805725,0.03550751134753227,0.24280771613121033,0.19986951351165771,-0.02611738070845604,0.04609644412994385,-0.011792462319135666,0.420990526676178,-0.04976256936788559,0.07419714331626892,15,0.5,0.515045166015625,0.5200977325439453,3.390846003981096e-08,,0.5325663089752197,0.5055590271949768,-0.00241535110399127,,0.5427148938179016,0.4781980514526367,-0.0036181476898491383,,0.5472587943077087,0.45371195673942566,-0.007211615797132254,,0.5480652451515198,0.4283762276172638,-0.010303291492164135,,0.5257930159568787,0.4362643361091614,0.009497301653027534,,0.5355818867683411,0.4103100895881653,0.002467736601829529,,0.5456507802009583,0.3940873146057129,-0.002566085197031498,,0.5543221235275269,0.3796379566192627,-0.005209573078900576,,0.5204980969429016,0.43082132935523987,0.005867972504347563,,0.5407660007476807,0.4219042956829071,-0.00895872712135315,,0.5419004559516907,0.45478400588035583,-0.014012739062309265,,0.5371766686439514,0.47847121953964233,-0.012690788134932518,,0.5146351456642151,0.42616724967956543,0.00042582425521686673,,0.5374501347541809,0.4202025532722473,-0.014773043803870678,,0.5355579257011414,0.45451125502586365,-0.01515292376279831,,0.528337299823761,0.4776095747947693,-0.010106785222887993,,0.5074970722198486,0.42407217621803284,-0.00534577202051878,,0.5304563641548157,0.4185919165611267,-0.014502614736557007,,0.5315677523612976,0.4425877034664154,-0.01361036580055952,,0.5257666707038879,0.4604664742946625,-0.009706665761768818,
0.015141043812036514,-0.6276286244392395,-0.23529772460460663,0.9998330473899841,0.028393184766173363,-0.6639919877052307,-0.22468142211437225,0.9996306896209717,0.027695035561919212,-0.6636295318603516,-0.2269059419631958,0.9996117353439331,0.02828521840274334,-0.6637066602706909,-0.22472873330116272,0.9995956420898438,-0.005072868894785643,-0.6639567017555237,-0.2285948246717453,0.9996182322502136,-0.003068462945520878,-0.6647714972496033,-0.22863371670246124,0.999620795249939,-0.003559598932042718,-0.6638154983520508,-0.22455322742462158,0.9995940923690796,0.0876726284623146,-0.6456327438354492,-0.12890121340751648,0.999644935131073,-0.05155771225690842,-0.6415693163871765,-0.12581446766853333,0.9995870590209961,0.03309686481952667,-0.5977291464805603,-0.20913439989089966,0.9998750686645508,-0.007470212411135435,-0.5950637459754944,-0.20752458274364471,0.9998824000358582,0.1653212308883667,-0.4470483660697937,-0.05356086045503616,0.9994179606437683,-0.13934482634067535,-0.45682045817375183,-0.06198934093117714,0.9995576739311218,0.18065489828586578,-0.18870307505130768,-0.034418582916259766,0.8996387720108032,-0.2318211793899536,-0.3218686282634735,-0.17656034231185913,0.9607058167457581,0.2224917709827423,0.0331825390458107,-0.13827019929885864,0.7047315239906311,-0.1228654682636261,-0.4377342760562897,-0.35297098755836487,0.8689265847206116,0.22350706160068512,0.08913912624120712,-0.1492532342672348,0.6262820363044739,-0.08702019602060318,-0.4677574932575226,-0.3899889886379242,0.8149945735931396,0.2198469340801239,0.09749110043048859,-0.17894282937049866,0.6627048850059509,-0.08158785849809647,-0.5020487904548645,-0.35961630940437317,0.8264409303665161,0.2125634104013443,0.04977002739906311,-0.15451756119728088,0.6381019949913025,-0.10728862136602402,-0.4487440288066864,-0.34631016850471497,0.7832025289535522,0.10524076223373413,-0.012233922258019447,0.00688290735706687,0.25839707255363464,-0.10381623357534409,0.002062251092866063,-0.004389331676065922,0.30294525623321533,0.14537571370601654,-0.03533993288874626,-0.04955189675092697,0.1862984001636505,-0.09038368612527847,0.05212051421403885,-0.11294069141149521,0.2409016340970993,0.17886194586753845,0.23114967346191406,0.18053677678108215,0.036996811628341675,-0.03299940750002861,0.3936458230018616,0.12235626578330994,0.07160664349794388,0.18222978711128235,0.2454397976398468,0.1988295167684555,0.020949572324752808,-0.01688067615032196,0.4050721228122711,0.14849139750003815,0.03501434624195099,0.2432568222284317,0.20374764502048492,-0.014717670157551765,0.04692375659942627,-0.01233041100203991,0.43171703815460205,-0.048053935170173645,0.07463978230953217,16,0.533,0.5133373141288757,0.5167853832244873,8.411183216594509e-08,,0.5321370363235474,0.5020524859428406,-0.0009767278097569942,,0.5405404567718506,0.47541359066963196,-0.0028615067712962627,,0.5458993315696716,0.4525975286960602,-0.007017078809440136,,0.550285816192627,0.4287562072277069,-0.010650141164660454,,0.5170719027519226,0.4254188537597656,0.008264591917395592,,0.5299586653709412,0.40840500593185425,0.00014371924044098705,,0.541850209236145,0.39256465435028076,-0.0060550314374268055,,0.5525814890861511,0.3801071047782898,-0.009631880559027195,,0.5121062994003296,0.42065104842185974,0.0037669723387807608,,0.5381284952163696,0.4136354625225067,-0.011347736231982708,,0.5422157645225525,0.4473624527454376,-0.015719043090939522,,0.5392710566520691,0.4724457263946533,-0.01404526922851801,,0.508901059627533,0.41909509897232056,-0.0022941797506064177,,0.5386211276054382,0.41802552342414856,-0.0178492721170187,,0.537903904914856,0.4534844756126404,-0.017047684639692307,,0.5307552218437195,0.47685107588768005,-0.01120587158948183,,0.506556510925293,0.4214572608470917,-0.008515260182321072,,0.5335566997528076,0.4221647381782532,-0.018005628138780594,,0.5347797274589539,0.44708460569381714,-0.01633630320429802,,0.5287221670150757,0.46446365118026733,-0.011878079734742641,
0.015962742269039154,-0.6273443102836609,-0.23536162078380585,0.9998325705528259,0.02915976010262966,-0.6637641191482544,-0.22484928369522095,0.9996274709701538,0.028469711542129517,-0.6634000539779663,-0.22705726325511932,0.9996050000190735,0.029056986793875694,-0.6634754538536072,-0.22488610446453094,0.9995930790901184,-0.004154947120696306,-0.6637213826179504,-0.22897152602672577,0.9996165037155151,-0.002142470795661211,-0.6645354628562927,-0.2290223091840744,0.9996184706687927,-0.0026343106292188168,-0.6635791659355164,-0.224946990609169,0.999595582485199,0.08761758357286453,-0.6455531716346741,-0.12927445769309998,0.9996426701545715,-0.05150952190160751,-0.6414190530776978,-0.12671560049057007,0.9995869994163513,0.033239755779504776,-0.5975042581558228,-0.209234356880188,0.9998700022697449,-0.007173218764364719,-0.5948105454444885,-0.20791544020175934,0.9998782277107239,0.1641121655702591,-0.44723448157310486,-0.05339789390563965,0.9994058012962341,-0.13940143585205078,-0.4568687975406647,-0.06270167231559753,0.9995489120483398,0.17878414690494537,-0.19071707129478455,-0.03397328779101372,0.8999247550964355,-0.2306123822927475,-0.3215867578983307,-0.17684859037399292,0.962446928024292,0.22151906788349152,0.025751151144504547,-0.13660727441310883,0.7141445875167847,-0.1211705133318901,-0.4429096281528473,-0.35268455743789673,0.8792155385017395,0.223000630736351,0.08038803189992905,-0.14730757474899292,0.6341179013252258,-0.08499005436897278,-0.4752950370311737,-0.3897644579410553,0.8264337182044983,0.219689279794693,0.08689703792333603,-0.17678974568843842,0.6692317724227905,-0.08079851418733597,-0.5100513100624084,-0.35992124676704407,0.8364335894584656,0.21193252503871918,0.041132405400276184,-0.15286630392074585,0.6453135013580322,-0.10599836707115173,-0.454624742269516,-0.34606948494911194,0.7934553027153015,0.10508555173873901,-0.012253452092409134,0.006904290523380041,0.2654883563518524,-0.10372321307659149,0.002064741915091872,-0.004414886701852083,0.3092864155769348,0.14527784287929535,-0.03255574405193329,-0.04479694366455078,0.19150914251804352,-0.08979357033967972,0.05947095528244972,-0.1102505549788475,0.2444196492433548,0.17867693305015564,0.2338659167289734,0.18078801035881042,0.038211703300476074,-0.03306566923856735,0.396721750497818,0.12436480820178986,0.07164759188890457,0.18202437460422516,0.24821312725543976,0.19958987832069397,0.021249836310744286,-0.017181681469082832,0.40818116068840027,0.15032726526260376,0.0348026305437088,0.24295346438884735,0.20933204889297485,-0.014432164840400219,0.04868243634700775,-0.012933840043842793,0.4387498199939728,-0.045618802309036255,0.07566806674003601,17,0.567,0.503894031047821,0.5100447535514832,6.114694173220414e-08,,0.5247390270233154,0.4895433187484741,-0.0005507218302227557,,0.5336459875106812,0.46280911564826965,-0.002440430223941803,,0.5422836542129517,0.44499608874320984,-0.005751825403422117,,0.5509625673294067,0.42973050475120544,-0.008965791203081608,,0.5049200654029846,0.4123091399669647,0.0026195605751127005,,0.5318661332130432,0.3993145525455475,-0.003132633166387677,,0.5467672348022461,0.38805121183395386,-0.008583218790590763,,0.5573253631591797,0.3765801787376404,-0.012576080858707428,,0.5041428208351135,0.411727637052536,-0.0009402962168678641,,0.5389419794082642,0.4163111448287964,-0.011407800950109959,,0.5399855971336365,0.443967342376709,-0.01581406593322754,,0.5331966876983643,0.4607771337032318,-0.016506129875779152,,0.5081870555877686,0.4183076024055481,-0.004884112626314163,,0.5414900183677673,0.4268420934677124,-0.01530587486922741,,0.5399935245513916,0.45581355690956116,-0.015127844177186489,,0.5325191020965576,0.4722684323787689,-0.01207263395190239,,0.5139415264129639,0.4283943176269531,-0.008911867626011372,,0.5406127572059631,0.43535536527633667,-0.014444760978221893,,0.541739821434021,0.45793670415878296,-0.01247930433601141,,0.5377334356307983,0.47249770164489746,-0.00922683160752058,
0.018311074003577232,-0.6271188855171204,-0.23513726890087128,0.9998346567153931,0.031516823917627335,-0.6635779738426208,-0.22463245689868927,0.9996300339698792,0.030828800052404404,-0.6632136702537537,-0.22683800756931305,0.999605655670166,0.031412623822689056,-0.6632875204086304,-0.22466781735420227,0.9995973706245422,-0.001529867760837078,-0.6635326743125916,-0.2289765626192093,0.9996196031570435,0.0004888730472885072,-0.6643467545509338,-0.22902745008468628,0.9996209740638733,-6.658386610070011e-06,-0.6633903384208679,-0.22495444118976593,0.9996010661125183,0.0878894105553627,-0.6454872488975525,-0.12910795211791992,0.9996473789215088,-0.05050043761730194,-0.6412992477416992,-0.12728293240070343,0.9995917677879333,0.03442143276333809,-0.5973448753356934,-0.20898817479610443,0.9998689889907837,-0.00567904207855463,-0.5946249961853027,-0.2079586535692215,0.9998772740364075,0.1638316959142685,-0.44725194573402405,-0.05264511704444885,0.9994107484817505,-0.13923001289367676,-0.4572044312953949,-0.0630568265914917,0.9995511174201965,0.1768113523721695,-0.1914229840040207,-0.03161610662937164,0.9001646637916565,-0.22966933250427246,-0.3228389620780945,-0.1776469349861145,0.9643532633781433,0.22085636854171753,0.021244721487164497,-0.1313018649816513,0.7229964137077332,-0.11845899373292923,-0.44838452339172363,-0.35170039534568787,0.8888598680496216,0.22270289063453674,0.07505116611719131,-0.14154694974422455,0.6417361497879028,-0.08207547664642334,-0.4815596342086792,-0.3886512815952301,0.8374935388565063,0.2196337878704071,0.08085337281227112,-0.17099356651306152,0.6756699085235596,-0.07807932794094086,-0.5156600475311279,-0.35901156067848206,0.8462034463882446,0.21159592270851135,0.036119259893894196,-0.14755384624004364,0.652643620967865,-0.10345158725976944,-0.4599142074584961,-0.34508800506591797,0.8039089441299438,0.10503943264484406,-0.012150013819336891,0.006901032291352749,0.27596515417099,-0.10368330031633377,0.0019467019010335207,-0.004411943722516298,0.31940582394599915,0.14472927153110504,-0.03284778818488121,-0.045032452791929245,0.19799000024795532,-0.08973566442728043,0.05723888799548149,-0.11056031286716461,0.2501445412635803,0.17780472338199615,0.23495681583881378,0.1811673939228058,0.039760902523994446,-0.03323803097009659,0.39708638191223145,0.1253158301115036,0.07284162193536758,0.18099988996982574,0.2495172619819641,0.2001345157623291,0.021709874272346497,-0.0174761600792408,0.4086688458919525,0.15162909030914307,0.03513672947883606,0.2405814230442047,0.2110569179058075,-0.014373504556715488,0.05076715350151062,-0.013203578069806099,0.43929699063301086,-0.04471192508935928,0.07777456194162369,18,0.6,0.5001490712165833,0.5052484273910522,4.8833530996716945e-08,,0.4981211721897125,0.4659499526023865,0.0028771667275577784,,0.5073122382164001,0.433223158121109,0.001598161761648953,,0.5231490731239319,0.4260633587837219,-0.0016283454606309533,,0.5358467102050781,0.43087154626846313,-0.005068087484687567,,0.507058322429657,0.411626398563385,0.0010982854291796684,,0.5315884947776794,0.3936653435230255,-0.0031316285021603107,,0.5458130240440369,0.38311684131622314,-0.006918515544384718,,0.5569548606872559,0.374490350484848,-0.010192983783781528,,0.5157345533370972,0.4173453450202942,-0.004056195262819529,,0.5431548357009888,0.4223555326461792,-0.009895600378513336,,0.5396397113800049,0.44040706753730774,-0.012364346534013748,,0.5306496024131775,0.44649481773376465,-0.0134890703484416,,0.5254455804824829,0.4304492473602295,-0.008991040289402008,,0.5488439202308655,0.43717363476753235,-0.012695753015577793,,0.5435423851013184,0.45469343662261963,-0.01130175031721592,,0.5342898368835449,0.4583032429218292,-0.010055932216346264,,0.5347451567649841,0.44697538018226624,-0.014086022041738033,,0.5520549416542053,0.45515385270118713,-0.014775837771594524,,0.5463712215423584,0.46991580724716187,-0.01210091169923544,,0.5379457473754883,0.4738463759422302,-0.009836231358349323,
0.020140931010246277,-0.6266064047813416,-0.23540742695331573,0.9998362064361572,0.033205267041921616,-0.6630454659461975,-0.22496719658374786,0.9996322393417358,0.032509904354810715,-0.6626775860786438,-0.22718100249767303,0.9996066689491272,0.03309468924999237,-0.6627549529075623,-0.22500526905059814,0.9996018409729004,0.00035535439383238554,-0.6629459857940674,-0.2293432503938675,0.9996212124824524,0.0023681262973695993,-0.6637578010559082,-0.22938762605190277,0.9996216893196106,0.001873839646577835,-0.6628000736236572,-0.22531263530254364,0.9996044635772705,0.08827143907546997,-0.6453431844711304,-0.1296689361333847,0.999652087688446,-0.049323670566082,-0.6410585641860962,-0.1277342140674591,0.9995943307876587,0.03565019741654396,-0.5970675945281982,-0.20933057367801666,0.9998689889907837,-0.004168476909399033,-0.5943362712860107,-0.20832346379756927,0.9998766183853149,0.16380740702152252,-0.4471980035305023,-0.053028225898742676,0.9994226694107056,-0.13864479959011078,-0.45728641748428345,-0.06358655542135239,0.9995561838150024,0.17576374113559723,-0.19142359495162964,-0.03143554925918579,0.9008171558380127,-0.22928915917873383,-0.3227826952934265,-0.17800302803516388,0.9661241173744202,0.22012467682361603,0.018982484936714172,-0.1312519758939743,0.7318761944770813,-0.11650887131690979,-0.44852396845817566,-0.35061126947402954,0.897688627243042,0.22208325564861298,0.07252214848995209,-0.1413557529449463,0.6497431397438049,-0.07971739023923874,-0.4810914099216461,-0.38730713725090027,0.8477637767791748,0.21954303979873657,0.07801640778779984,-0.17072944343090057,0.68251633644104,-0.07537533342838287,-0.5151810646057129,-0.35779401659965515,0.8553235530853271,0.21110710501670837,0.03365405276417732,-0.14739151298999786,0.6603714227676392,-0.10132786631584167,-0.459855318069458,-0.3440154492855072,0.81382817029953,0.10502156615257263,-0.01195812039077282,0.006878484971821308,0.28394898772239685,-0.1036638617515564,0.0017503416165709496,-0.004385899752378464,0.32693013548851013,0.1443825215101242,-0.03318663686513901,-0.04606141522526741,0.20355533063411713,-0.0902714729309082,0.04908085614442825,-0.11126622557640076,0.25469180941581726,0.1771300882101059,0.2345859408378601,0.18167297542095184,0.041009318083524704,-0.033383071422576904,0.3965647518634796,0.12568408250808716,0.07353636622428894,0.18019644916057587,0.24914748966693878,0.20071585476398468,0.02209734357893467,-0.017675630748271942,0.4080735445022583,0.15261335670948029,0.03537005931138992,0.238398477435112,0.21063707768917084,-0.015496907755732536,0.05234237760305405,-0.013583321124315262,0.4384860694408417,-0.0445219986140728,0.07911625504493713,19,0.633,0.5017949938774109,0.5063689351081848,2.7921490897142576e-08,,0.49818795919418335,0.46583670377731323,0.002530657220631838,,0.5079067349433899,0.43102315068244934,0.0021030311472713947,,0.5236609578132629,0.4238557517528534,0.0002807299606502056,,0.535652756690979,0.4310673475265503,-0.0014979796251282096,,0.510398268699646,0.40909630060195923,0.0007631009793840349,,0.5330517888069153,0.39081302285194397,-0.0007409568061120808,,0.5461795330047607,0.38152074813842773,-0.0021662896033376455,,0.5561428070068359,0.37399452924728394,-0.004043589811772108,,0.521299421787262,0.4173048734664917,-0.00310368905775249,,0.5427764654159546,0.42410460114479065,-0.006138383410871029,,0.5394301414489746,0.4397910535335541,-0.006793435197323561,,0.5318446755409241,0.44492796063423157,-0.007011411711573601,,0.5319017171859741,0.43318021297454834,-0.006641623098403215,,0.5488086342811584,0.44215044379234314,-0.008332991972565651,,0.5439215898513794,0.4554729759693146,-0.006521977949887514,,0.5362401008605957,0.45868340134620667,-0.005469638388603926,,0.5413514971733093,0.45161131024360657,-0.01029353216290474,,0.5532517433166504,0.45995402336120605,-0.010150548070669174,,0.548258900642395,0.47158926725387573,-0.00763287115842104,,0.541334331035614,0.47503477334976196,-0.005683829076588154,
0.02052748203277588,-0.6254836320877075,-0.23560264706611633,0.999840497970581,0.03379427269101143,-0.6618692874908447,-0.22515617311000824,0.999640941619873,0.03309325873851776,-0.6614982485771179,-0.22738008201122284,0.9996145963668823,0.03368062153458595,-0.6615759134292603,-0.2252008467912674,0.9996128082275391,0.000830507546197623,-0.6619275212287903,-0.22951671481132507,0.999629557132721,0.0028385876212269068,-0.6627390384674072,-0.22955292463302612,0.999629020690918,0.002345181070268154,-0.6617774367332458,-0.22546988725662231,0.9996140599250793,0.08916615694761276,-0.644672691822052,-0.12995028495788574,0.9996615052223206,-0.048585228621959686,-0.6408861875534058,-0.12789684534072876,0.9996013641357422,0.03615167364478111,-0.5962027907371521,-0.20960932970046997,0.9998708367347717,-0.003736634738743305,-0.5936930775642395,-0.20855045318603516,0.9998776316642761,0.16388390958309174,-0.44671687483787537,-0.053281329572200775,0.9994364976882935,-0.13824954628944397,-0.4573880434036255,-0.06392417848110199,0.9995623230934143,0.17552505433559418,-0.19046951830387115,-0.03181096538901329,0.902388870716095,-0.228169783949852,-0.3223297894001007,-0.17786602675914764,0.9675650596618652,0.21969009935855865,0.019237108528614044,-0.13198643922805786,0.7420915365219116,-0.11562128365039825,-0.44646987318992615,-0.3501198887825012,0.905631422996521,0.2218317687511444,0.0730278417468071,-0.14231839776039124,0.660037636756897,-0.07901757955551147,-0.47834542393684387,-0.38688305020332336,0.8571063876152039,0.21939495205879211,0.07820714265108109,-0.17205066978931427,0.6916021704673767,-0.07454605400562286,-0.5120331048965454,-0.35759907960891724,0.8636453151702881,0.21073544025421143,0.03396572172641754,-0.14831632375717163,0.6703490018844604,-0.10038087517023087,-0.45750540494918823,-0.343628466129303,0.8229831457138062,0.1050051897764206,-0.011874220333993435,0.006804673001170158,0.2913734018802643,-0.10364127904176712,0.0016720265848562121,-0.004305773880332708,0.3339388072490692,0.1442573070526123,-0.03463142365217209,-0.046975117176771164,0.20626233518123627,-0.09050516784191132,0.040964290499687195,-0.11186696588993073,0.2559977173805237,0.1771097183227539,0.23359160125255585,0.18201123178005219,0.041597262024879456,-0.03300045430660248,0.39535170793533325,0.12598195672035217,0.07327820360660553,0.1801416277885437,0.24802559614181519,0.20106688141822815,0.022288011386990547,-0.01715005561709404,0.4066859483718872,0.15339167416095734,0.035294100642204285,0.2379184067249298,0.20763914287090302,-0.016064494848251343,0.05307893082499504,-0.01350536197423935,0.4355923533439636,-0.04426388815045357,0.07931649684906006,20,0.667,0.5015035271644592,0.5102311372756958,2.2344980976640727e-08,,0.4979113042354584,0.4684749245643616,0.0032142335548996925,,0.5074689984321594,0.43326234817504883,0.0031834368128329515,,0.5229851007461548,0.42572474479675293,0.0015683671226724982,,0.5353005528450012,0.4341598153114319,-6.402039434760809e-05,,0.5106841921806335,0.4100554585456848,0.001596625428646803,,0.5333718657493591,0.390360951423645,0.0006278397631831467,,0.5461992621421814,0.3814360499382019,-0.0003128573589492589,,0.5558872222900391,0.374728262424469,-0.0018089603399857879,,0.5218797326087952,0.41899052262306213,-0.0023744897916913033,,0.5425953269004822,0.4249315857887268,-0.0047923726961016655,,0.5389856100082397,0.44055047631263733,-0.005174653604626656,,0.5314408540725708,0.44658344984054565,-0.005164486821740866,,0.5326681137084961,0.43525204062461853,-0.005920443683862686,,0.5481587648391724,0.4440402090549469,-0.006921553984284401,,0.5426772832870483,0.457846075296402,-0.004870614968240261,,0.5349098443984985,0.4622008204460144,-0.0036722207441926003,,0.5421337485313416,0.45386436581611633,-0.009549915790557861,,0.5536243915557861,0.46117445826530457,-0.00860290415585041,,0.5483394861221313,0.4731839895248413,-0.005608646664768457,,0.541348934173584,0.47778230905532837,-0.003332661697641015,
0.020577482879161835,-0.6251488327980042,-0.23586870729923248,0.9998422265052795,0.03369179368019104,-0.661575198173523,-0.22546999156475067,0.999643087387085,0.032993197441101074,-0.6612058877944946,-0.22769279778003693,0.999614953994751,0.03358079120516777,-0.6612857580184937,-0.22551493346691132,0.9996161460876465,0.000716982816811651,-0.6615527272224426,-0.2298584133386612,0.9996325969696045,0.00272739608772099,-0.6623645424842834,-0.22989505529403687,0.9996317028999329,0.0022350293584167957,-0.6614017486572266,-0.2258131206035614,0.9996192455291748,0.08907616138458252,-0.6446161270141602,-0.13026580214500427,0.9996644258499146,-0.04866550862789154,-0.6406900882720947,-0.1281833052635193,0.9996068477630615,0.036212485283613205,-0.5960395932197571,-0.20985472202301025,0.9998701214790344,-0.0036513004451990128,-0.5934373140335083,-0.20885004103183746,0.9998775124549866,0.1635437160730362,-0.4466710388660431,-0.05337458848953247,0.9994384050369263,-0.13827484846115112,-0.45726478099823,-0.0645616352558136,0.9995654821395874,0.17421917617321014,-0.1903732419013977,-0.03218303993344307,0.9026117920875549,-0.22810448706150055,-0.3220641016960144,-0.18003886938095093,0.9690902829170227,0.2183610498905182,0.019557630643248558,-0.13274933397769928,0.7491446733474731,-0.11587228626012802,-0.44735780358314514,-0.3501579165458679,0.9127342700958252,0.22080494463443756,0.0735502541065216,-0.14325840771198273,0.6662617921829224,-0.07922257483005524,-0.47994405031204224,-0.38688838481903076,0.8651835918426514,0.21843333542346954,0.07890297472476959,-0.1731409877538681,0.6969115138053894,-0.07501465082168579,-0.5133494138717651,-0.357783704996109,0.8707738518714905,0.20946452021598816,0.0343402624130249,-0.14911837875843048,0.6762335300445557,-0.10071589797735214,-0.4583626687526703,-0.34369364380836487,0.8306041955947876,0.10489054024219513,-0.011878050863742828,0.007035117130726576,0.29426461458206177,-0.10354451090097427,0.0016668762546032667,-0.004540533758699894,0.3361591696739197,0.14415879547595978,-0.03485427796840668,-0.0451003834605217,0.2075876146554947,-0.09001326560974121,0.04380245879292488,-0.11170012503862381,0.2575472593307495,0.17705005407333374,0.23343269526958466,0.18241676688194275,0.04191112890839577,-0.03296603634953499,0.3953949213027954,0.12581302225589752,0.0728377178311348,0.18009939789772034,0.24786433577537537,0.2012229859828949,0.022332241758704185,-0.017172642052173615,0.4067251980304718,0.1532629132270813,0.03486991301178932,0.23851563036441803,0.20728351175785065,-0.01543460227549076,0.053706519305706024,-0.013318056240677834,0.4355439841747284,-0.044361431151628494,0.0794316753745079,21,0.7,0.5010994076728821,0.5133526921272278,2.2784018227639535e-08,,0.49804529547691345,0.4703425168991089,0.003732067532837391,,0.5073655247688293,0.43521398305892944,0.0038636864628642797,,0.5228026509284973,0.42764991521835327,0.0022098426707088947,,0.5353831052780151,0.4356582462787628,0.0005086440360173583,,0.5098910331726074,0.4121910333633423,0.0021708973217755556,,0.5331199169158936,0.39160096645355225,0.0010078342165797949,,0.5462960004806519,0.38223156332969666,7.661147537874058e-05,,0.5562590956687927,0.37479108572006226,-0.0013494377490133047,,0.5209531188011169,0.4193929433822632,-0.001999971689656377,,0.5425225496292114,0.424864798784256,-0.004609883297234774,,0.5395434498786926,0.441521555185318,-0.00512757757678628,,0.532291054725647,0.4481675922870636,-0.005097652785480022,,0.5319818258285522,0.43449947237968445,-0.005714282393455505,,0.5484581589698792,0.4439491033554077,-0.006772042717784643,,0.5431523323059082,0.4586847722530365,-0.004848151002079248,,0.5354322195053101,0.46309131383895874,-0.003657755209133029,,0.5418317914009094,0.45265302062034607,-0.00947298388928175,,0.5540493130683899,0.46120303869247437,-0.008239313960075378,,0.5486893653869629,0.47351178526878357,-0.005253195762634277,,0.5414939522743225,0.4779009222984314,-0.0029932663310319185,
0.020656904205679893,-0.625079870223999,-0.23615898191928864,0.9998413920402527,0.03357350826263428,-0.6614993214607239,-0.22574009001255035,0.9996395111083984,0.03287752717733383,-0.6611285209655762,-0.22795981168746948,0.99960857629776,0.03346523642539978,-0.6612074375152588,-0.22578378021717072,0.9996122717857361,0.0005676404689438641,-0.6614437103271484,-0.23016586899757385,0.9996313452720642,0.002580044325441122,-0.662257194519043,-0.23020215332508087,0.9996307492256165,0.002088898094370961,-0.6612946391105652,-0.22612087428569794,0.9996208548545837,0.08861524611711502,-0.644639253616333,-0.1303044557571411,0.9996602535247803,-0.049131687730550766,-0.6405737996101379,-0.12858134508132935,0.9996094703674316,0.03624332696199417,-0.5959367156028748,-0.21009057760238647,0.9998665452003479,-0.003644499694928527,-0.5933719277381897,-0.20912276208400726,0.9998756647109985,0.16290773451328278,-0.4467771351337433,-0.05309303477406502,0.999424159526825,-0.13898617029190063,-0.45698094367980957,-0.06675150990486145,0.9995617270469666,0.1737384796142578,-0.1902918815612793,-0.03240831568837166,0.9018521904945374,-0.22821325063705444,-0.32186490297317505,-0.18464957177639008,0.9705021977424622,0.21721698343753815,0.019848616793751717,-0.1332956701517105,0.7532775402069092,-0.11620425432920456,-0.4466913640499115,-0.35161274671554565,0.9189512729644775,0.21977084875106812,0.07404424250125885,-0.14360636472702026,0.6689679622650146,-0.07969769090414047,-0.4794461131095886,-0.3881071209907532,0.8719536662101746,0.2170630544424057,0.07944927364587784,-0.17348331212997437,0.6989500522613525,-0.07521704584360123,-0.512886643409729,-0.3593248128890991,0.8766682147979736,0.20818743109703064,0.03466459736227989,-0.14969122409820557,0.6787480711936951,-0.10084648430347443,-0.45770537853240967,-0.34528303146362305,0.8366623520851135,0.10477519035339355,-0.011969761922955513,0.0077335769310593605,0.29398202896118164,-0.1034790500998497,0.0017198463901877403,-0.0052562253549695015,0.3358097970485687,0.14408041536808014,-0.034777723252773285,-0.043400660157203674,0.20836196839809418,-0.08968821167945862,0.05326002463698387,-0.11205224692821503,0.25959575176239014,0.1769668459892273,0.23325060307979584,0.1827310025691986,0.041919510811567307,-0.033977217972278595,0.39635133743286133,0.12278065830469131,0.07229886204004288,0.18005752563476562,0.24767380952835083,0.20155277848243713,0.022274021059274673,-0.01841610111296177,0.4077085852622986,0.14907754957675934,0.03428135812282562,0.2400217205286026,0.2073029726743698,-0.014972479082643986,0.0540303960442543,-0.013444353826344013,0.4376937448978424,-0.04733114317059517,0.07936347275972366,22,0.734,0.5017103552818298,0.515525221824646,2.006770571938432e-08,,0.49841243028640747,0.47159460186958313,0.003930756356567144,,0.5077965259552002,0.4357818365097046,0.0042732758447527885,,0.523158609867096,0.4277364909648895,0.0027965009212493896,,0.5356277823448181,0.4358937740325928,0.0012357246596366167,,0.5106731057167053,0.4126012921333313,0.002631045877933502,,0.5339353680610657,0.3920297622680664,0.0018786565633490682,,0.5468312501907349,0.38257187604904175,0.0012201047502458096,,0.5564365386962891,0.3750513792037964,-3.771206320379861e-05,,0.521774172782898,0.4201709032058716,-0.0015652789734303951,,0.5430982708930969,0.4254663586616516,-0.0036371005699038506,,0.5401496291160583,0.4420352280139923,-0.003977498039603233,,0.532926619052887,0.44872286915779114,-0.0039091515354812145,,0.5327827334403992,0.4355737268924713,-0.0052780043333768845,,0.5490376353263855,0.4445456266403198,-0.005921733099967241,,0.543908953666687,0.45941466093063354,-0.003943474963307381,,0.5362842679023743,0.46433043479919434,-0.002774091437458992,,0.5424600839614868,0.45380541682243347,-0.00901988334953785,,0.5543631911277771,0.46185246109962463,-0.007527914363890886,,0.5493593811988831,0.47436732053756714,-0.004430550150573254,,0.5424702763557434,0.4793544411659241,-0.0020989130716770887,
0.020561495795845985,-0.6236510872840881,-0.23636633157730103,0.9998385310173035,0.03350045159459114,-0.6602479815483093,-0.22601376473903656,0.9996317625045776,0.03280574455857277,-0.659886360168457,-0.22823110222816467,0.9995980858802795,0.03339436277747154,-0.6599659323692322,-0.2260618507862091,0.9996047616004944,0.0004907979746349156,-0.660123884677887,-0.23066186904907227,0.9996249079704285,0.0025021976325660944,-0.6609435677528381,-0.23070092499256134,0.9996243119239807,0.002009820193052292,-0.6599792242050171,-0.2266208380460739,0.9996167421340942,0.08817140758037567,-0.6443801522254944,-0.13048961758613586,0.9996541142463684,-0.0494697280228138,-0.6400745511054993,-0.1301184743642807,0.9996057152748108,0.036203011870384216,-0.5949831604957581,-0.21022023260593414,0.9998631477355957,-0.0036994698457419872,-0.5923032760620117,-0.20954008400440216,0.9998735785484314,0.162621408700943,-0.44647303223609924,-0.053291257470846176,0.9994210004806519,-0.13941527903079987,-0.4568718671798706,-0.06874889135360718,0.9995636343955994,0.17367035150527954,-0.18756747245788574,-0.03266460448503494,0.9019195437431335,-0.22902433574199677,-0.3216862380504608,-0.1853192001581192,0.9717040061950684,0.21660175919532776,0.023503916338086128,-0.13417766988277435,0.7587535381317139,-0.11672744899988174,-0.4456733465194702,-0.3515879809856415,0.9244944453239441,0.21912609040737152,0.07760848850011826,-0.1445719599723816,0.6737370491027832,-0.07983545958995819,-0.478117436170578,-0.3880641758441925,0.8779884576797485,0.21596278250217438,0.08308736234903336,-0.1740889549255371,0.7029370069503784,-0.07583335041999817,-0.5115653872489929,-0.3594168424606323,0.8818966150283813,0.20740745961666107,0.03822612017393112,-0.1505008339881897,0.6832377314567566,-0.10157410055398941,-0.45664575695991516,-0.3452931046485901,0.842042863368988,0.10468173027038574,-0.012008730322122574,0.008259155787527561,0.29541778564453125,-0.10340464115142822,0.001758080325089395,-0.005798046942800283,0.3378802239894867,0.14577358961105347,-0.03405475243926048,-0.04356207698583603,0.20708949863910675,-0.08745881915092468,0.057680416852235794,-0.11243527382612228,0.2607388198375702,0.18028931319713593,0.2331038862466812,0.18296600878238678,0.04142661765217781,-0.03266305476427078,0.3999163508415222,0.11719775944948196,0.07177446037530899,0.18384277820587158,0.24752409756183624,0.20183421671390533,0.022148655727505684,-0.017091181129217148,0.4115052819252014,0.1427769660949707,0.03387707844376564,0.24735727906227112,0.20734548568725586,-0.013588553294539452,0.053686726838350296,-0.009454714134335518,0.44114863872528076,-0.051949501037597656,0.07910259813070297,23,0.767,0.5010625123977661,0.5162612199783325,6.35422336969782e-09,,0.4984687864780426,0.4713170528411865,0.0040582697838544846,,0.5085883736610413,0.435835599899292,0.004589712712913752,,0.5237148404121399,0.42802566289901733,0.0034654063638299704,,0.5360697507858276,0.4349546432495117,0.002237156964838505,,0.5129561424255371,0.41286784410476685,0.0021123478654772043,,0.5352262258529663,0.39166516065597534,0.0018068443750962615,,0.5477346181869507,0.3823357820510864,0.0013619252713397145,,0.5570798516273499,0.3752228021621704,0.00020225640037097037,,0.5248937606811523,0.42223870754241943,-0.001928946701809764,,0.5438389182090759,0.4274032413959503,-0.0030051125213503838,,0.5404970049858093,0.4427446722984314,-0.0030648517422378063,,0.5331655144691467,0.44938862323760986,-0.0031293227802962065,,0.5359143018722534,0.4397331476211548,-0.005380189511924982,,0.5489131212234497,0.4482864439487457,-0.005332413595169783,,0.5438688397407532,0.46204665303230286,-0.0032817726023495197,,0.5362823009490967,0.46747639775276184,-0.0023266698699444532,,0.5449620485305786,0.4592522084712982,-0.008836045861244202,,0.5542289614677429,0.4668576419353485,-0.007273402530699968,,0.5493288636207581,0.47889408469200134,-0.004209252540022135,,0.5424470901489258,0.48455893993377686,-0.0019263604190200567,
0.020103750750422478,-0.6235623955726624,-0.2365812361240387,0.9998392462730408,0.0328729972243309,-0.6601740121841431,-0.2262306660413742,0.9996322393417358,0.03218066319823265,-0.6598135232925415,-0.22844786942005157,0.9995967745780945,0.03276922181248665,-0.6598936915397644,-0.22627785801887512,0.9996062517166138,-0.00015315465861931443,-0.6600683927536011,-0.2308439314365387,0.9996263980865479,0.0018607944948598742,-0.6608894467353821,-0.23088300228118896,0.999625563621521,0.0013731144135817885,-0.6599242687225342,-0.22680343687534332,0.9996198415756226,0.08754383772611618,-0.6443424224853516,-0.13072234392166138,0.9996550679206848,-0.05023433268070221,-0.6399952173233032,-0.13022617995738983,0.9996079206466675,0.03579992800951004,-0.59493488073349,-0.21043895184993744,0.9998622536659241,-0.00412239832803607,-0.5922386646270752,-0.20972669124603271,0.9998732805252075,0.16221486032009125,-0.44639045000076294,-0.05343356356024742,0.999422550201416,-0.14015254378318787,-0.45684748888015747,-0.06892284750938416,0.9995670914649963,0.17360791563987732,-0.18511897325515747,-0.03275904431939125,0.9027283787727356,-0.22948133945465088,-0.32150229811668396,-0.18530456721782684,0.9728148579597473,0.21609321236610413,0.027787629514932632,-0.13515439629554749,0.7652990818023682,-0.11738719046115875,-0.44497767090797424,-0.35156017541885376,0.9296054244041443,0.2186536192893982,0.08227834850549698,-0.14560222625732422,0.6800586581230164,-0.0804702565073967,-0.4771815240383148,-0.3879694938659668,0.8836871385574341,0.21505607664585114,0.08819320797920227,-0.17476023733615875,0.7084922790527344,-0.07692250609397888,-0.510547935962677,-0.3594452142715454,0.8868996500968933,0.20674510300159454,0.0427360013127327,-0.15135227143764496,0.689304530620575,-0.10246765613555908,-0.45588383078575134,-0.3452862799167633,0.8474087715148926,0.10464677959680557,-0.012066892348229885,0.008460840210318565,0.2977820634841919,-0.10337085276842117,0.0018112905090674758,-0.006002792622894049,0.3406358063220978,0.14637821912765503,-0.03461683914065361,-0.04385353624820709,0.2055443674325943,-0.08689703047275543,0.05690157040953636,-0.1132851243019104,0.26027435064315796,0.18136340379714966,0.23106035590171814,0.18282651901245117,0.04085617512464523,-0.03253607079386711,0.3999663293361664,0.11387582868337631,0.07086346298456192,0.18498626351356506,0.2452961951494217,0.20175184309482574,0.021947702392935753,-0.016983231529593468,0.4115396738052368,0.13945776224136353,0.033330004662275314,0.24886956810951233,0.20499680936336517,-0.013567001558840275,0.05323408171534538,-0.008966767229139805,0.44079285860061646,-0.05522885173559189,0.07847386598587036,24,0.8,0.5004227161407471,0.5174583792686462,3.535025605572173e-09,,0.49830639362335205,0.4719533920288086,0.004033602308481932,,0.508467435836792,0.43723225593566895,0.004251373466104269,,0.5234556794166565,0.4293260872364044,0.002856383565813303,,0.5357182025909424,0.43769919872283936,0.0013459859183058143,,0.5129600167274475,0.41241586208343506,0.0017251204699277878,,0.5351555943489075,0.3918176293373108,0.0014983225846663117,,0.5477193593978882,0.38219359517097473,0.0011367449769750237,,0.5567944049835205,0.37512892484664917,5.241945473244414e-05,,0.5254467129707336,0.4225373864173889,-0.0022247566375881433,,0.5437726974487305,0.42721396684646606,-0.0028167569544166327,,0.5404182076454163,0.44236549735069275,-0.0025180624797940254,,0.5330935716629028,0.4491626024246216,-0.0024579542223364115,,0.5369445085525513,0.44050297141075134,-0.005553151946514845,,0.5495813488960266,0.44752252101898193,-0.00495163956657052,,0.5446811318397522,0.4608982801437378,-0.0025263363495469093,,0.537155270576477,0.467100590467453,-0.001477489829994738,,0.5462018847465515,0.4605019986629486,-0.00890036579221487,,0.5544512271881104,0.4668642580509186,-0.006853708066046238,,0.5498201251029968,0.47838094830513,-0.003493217285722494,,0.5432048439979553,0.4848002791404724,-0.0010639122920110822,
0.020005280151963234,-0.6234862804412842,-0.23678530752658844,0.9998375773429871,0.032663002610206604,-0.6601035594940186,-0.22641974687576294,0.999626874923706,0.031975749880075455,-0.6597423553466797,-0.22862686216831207,0.9995887279510498,0.03256380930542946,-0.6598221659660339,-0.2264656275510788,0.9996006488800049,-0.00040311773773282766,-0.6599916219711304,-0.23120035231113434,0.9996235966682434,0.001616889494471252,-0.6608118414878845,-0.23125027120113373,0.9996232390403748,0.0011324925580993295,-0.6598469018936157,-0.22717858850955963,0.999619722366333,0.08709925413131714,-0.6443572640419006,-0.13089138269424438,0.9996486306190491,-0.05093603953719139,-0.6399310827255249,-0.1309625655412674,0.999607503414154,0.03565915673971176,-0.5948626399040222,-0.21051698923110962,0.9998584985733032,-0.004296029917895794,-0.5921518802642822,-0.21003146469593048,0.9998714327812195,0.16179503500461578,-0.4463641941547394,-0.05355309695005417,0.9994140267372131,-0.14131295680999756,-0.45680463314056396,-0.06954952329397202,0.9995672106742859,0.17363348603248596,-0.18361586332321167,-0.03321558237075806,0.902987539768219,-0.23011943697929382,-0.320757120847702,-0.18650569021701813,0.9737533330917358,0.21568168699741364,0.029468843713402748,-0.1377168595790863,0.7697588801383972,-0.11846967786550522,-0.444466233253479,-0.3523961901664734,0.9339024424552917,0.2183133214712143,0.083798848092556,-0.1487226039171219,0.6839002966880798,-0.08128409087657928,-0.47647354006767273,-0.38872694969177246,0.8880864977836609,0.21430689096450806,0.08945757150650024,-0.17763926088809967,0.7117257118225098,-0.07865007221698761,-0.5098429322242737,-0.3605704605579376,0.8906322121620178,0.20623449981212616,0.04422035068273544,-0.1540270745754242,0.692816972732544,-0.1038789451122284,-0.4553148150444031,-0.3462729752063751,0.8510710000991821,0.10454457253217697,-0.01216051448136568,0.008777004666626453,0.2998078465461731,-0.10332132875919342,0.0018912461819127202,-0.006341978441923857,0.3433343768119812,0.14615550637245178,-0.029643483459949493,-0.04290375858545303,0.20413154363632202,-0.08689206838607788,0.06985943764448166,-0.11343249678611755,0.2603127658367157,0.18042534589767456,0.23210863769054413,0.18286801874637604,0.0402558334171772,-0.03521377965807915,0.40458935499191284,0.11174739897251129,0.06997423619031906,0.1839815080165863,0.24625621736049652,0.20174407958984375,0.021712951362133026,-0.020243525505065918,0.4164838194847107,0.13664251565933228,0.032741256058216095,0.24868282675743103,0.20876292884349823,-0.011629144661128521,0.052834656089544296,-0.011652150191366673,0.4476534426212311,-0.05633234977722168,0.07795575261116028,25,0.834,0.5004821419715881,0.5175619125366211,-7.051617623154982e-10,,0.49810847640037537,0.47142812609672546,0.00394543306902051,,0.5081852078437805,0.4366569519042969,0.0042682308703660965,,0.5231258273124695,0.4291079640388489,0.003087936667725444,,0.5353377461433411,0.4385771155357361,0.001725073205307126,,0.5137870907783508,0.4125038981437683,0.0013405969366431236,,0.5354155898094177,0.3909767270088196,0.001261660479940474,,0.5478670597076416,0.38179904222488403,0.000944238796364516,,0.5567848086357117,0.3753453195095062,-7.797934813424945e-05,,0.5264760255813599,0.4232249855995178,-0.0024026401806622744,,0.5442496538162231,0.4273105263710022,-0.0027507490012794733,,0.540810227394104,0.44187313318252563,-0.0023519203532487154,,0.5333066582679749,0.44875338673591614,-0.0022273522336035967,,0.5379737615585327,0.44197720289230347,-0.005480885971337557,,0.5497495532035828,0.4477097690105438,-0.004450178239494562,,0.5449245572090149,0.4604518711566925,-0.0019148016581311822,,0.5374500751495361,0.4669150710105896,-0.0008252924308180809,,0.5470179319381714,0.4626223146915436,-0.008566688746213913,,0.5541247129440308,0.46755385398864746,-0.006046183407306671,,0.5494182109832764,0.4781258702278137,-0.0024013917427510023,,0.5427926182746887,0.4845825731754303,0.0002071793278446421,
0.019943125545978546,-0.6237329244613647,-0.23691903054714203,0.9998349547386169,0.032611388713121414,-0.6603388786315918,-0.22650156915187836,0.9996204376220703,0.03192233666777611,-0.6599823236465454,-0.22871333360671997,0.999579668045044,0.032511163502931595,-0.6600626707077026,-0.2265465259552002,0.99959397315979,-0.0004820308822672814,-0.6601957678794861,-0.23141677677631378,0.9996190667152405,0.0015401765704154968,-0.6610196232795715,-0.23147326707839966,0.9996191263198853,0.001056119566783309,-0.6600551605224609,-0.22740602493286133,0.9996175765991211,0.08678428083658218,-0.644770622253418,-0.13103236258029938,0.9996415376663208,-0.05151594430208206,-0.6401554346084595,-0.13136804103851318,0.9996042847633362,0.03557543456554413,-0.5951378345489502,-0.2106492966413498,0.9998543858528137,-0.004416642710566521,-0.5923645496368408,-0.2102075219154358,0.9998688101768494,0.16126029193401337,-0.4465304911136627,-0.05351157858967781,0.9994069337844849,-0.14218667149543762,-0.45686373114585876,-0.07004722952842712,0.9995653033256531,0.17326420545578003,-0.1833927482366562,-0.033124882727861404,0.9033385515213013,-0.2307068258523941,-0.3201158344745636,-0.18637144565582275,0.9745693206787109,0.21439942717552185,0.02976890467107296,-0.1377488076686859,0.7741747498512268,-0.12039650231599808,-0.44408121705055237,-0.3520132899284363,0.9378641247749329,0.21701307594776154,0.08409120887517929,-0.1487959772348404,0.6878803968429565,-0.0834457278251648,-0.4759688973426819,-0.38829293847084045,0.8923805952072144,0.21280476450920105,0.08960790187120438,-0.17784391343593597,0.7151497006416321,-0.08145750313997269,-0.509368896484375,-0.36045119166374207,0.8943520784378052,0.20487017929553986,0.04442562907934189,-0.15410354733467102,0.6966903209686279,-0.10614702105522156,-0.4548889696598053,-0.3459790050983429,0.8549277186393738,0.10448630899190903,-0.01219121739268303,0.008950700052082539,0.3041037619113922,-0.10329171270132065,0.001927438541315496,-0.00653426069766283,0.34855908155441284,0.14610809087753296,-0.02603679895401001,-0.04147984832525253,0.2045930176973343,-0.08670879900455475,0.07367280125617981,-0.11230934411287308,0.2629466652870178,0.18029643595218658,0.2335386872291565,0.18593072891235352,0.04002263769507408,-0.03559355065226555,0.40743711590766907,0.1121157631278038,0.07002551108598709,0.18382970988750458,0.24778121709823608,0.20501413941383362,0.021619437262415886,-0.020750604569911957,0.41966795921325684,0.13675256073474884,0.03251012787222862,0.24835450947284698,0.21315322816371918,-0.0028001219034194946,0.05277391895651817,-0.012076458893716335,0.4516059160232544,-0.05466454476118088,0.07826805859804153,26,0.867,0.5004194974899292,0.5203203558921814,-1.1555723489209413e-08,,0.4979853630065918,0.47392410039901733,0.0045822132378816605,,0.5081707835197449,0.43842050433158875,0.005215608049184084,,0.5228726267814636,0.4293496310710907,0.004373337607830763,,0.5351864099502563,0.43777403235435486,0.0033283631782978773,,0.5142889022827148,0.41423940658569336,0.0013892443384975195,,0.5357246994972229,0.39201653003692627,0.001656600390560925,,0.548072338104248,0.38285374641418457,0.0016293511725962162,,0.5570127964019775,0.3766983151435852,0.0008696118020452559,,0.5272390246391296,0.4259403347969055,-0.0024398344103246927,,0.5447341203689575,0.4281342327594757,-0.0019807270728051662,,0.5413532853126526,0.4421235918998718,-0.0010876830201596022,,0.5342755913734436,0.44946226477622986,-0.0007566777057945728,,0.5387731790542603,0.4454394280910492,-0.005480126477777958,,0.5499584674835205,0.44845470786094666,-0.0036682025529444218,,0.5454031229019165,0.4604736268520355,-0.0007519102655351162,,0.5383145213127136,0.4675041735172272,0.0004479726776480675,,0.547700047492981,0.46634641289711,-0.00844602007418871,,0.554570734500885,0.46755167841911316,-0.005203099921345711,,0.5501638054847717,0.4775226414203644,-0.0010093494784086943,,0.5438039302825928,0.4845866858959198,0.0019148271530866623,
0.0194797795265913,-0.6236252784729004,-0.2391580194234848,0.9998335242271423,0.032076671719551086,-0.660258948802948,-0.22902049124240875,0.9996170997619629,0.03139248117804527,-0.6599041223526001,-0.23121146857738495,0.9995743036270142,0.03198207542300224,-0.6599839925765991,-0.22905771434307098,0.9995900988578796,-0.0010950886644423008,-0.6601223349571228,-0.23389017581939697,0.9996165037155151,0.0009287670836783946,-0.6609474420547485,-0.2339588850736618,0.9996163249015808,0.0004477649927139282,-0.6599832773208618,-0.22989626228809357,0.9996163845062256,0.08655499666929245,-0.644769549369812,-0.13318976759910583,0.999635636806488,-0.05193027853965759,-0.6401332020759583,-0.13361714780330658,0.9996000528335571,0.0352608747780323,-0.5950795412063599,-0.21268098056316376,0.9998506307601929,-0.0047995164059102535,-0.5923053622245789,-0.2122536450624466,0.9998658299446106,0.1611262708902359,-0.4465421140193939,-0.05440651625394821,0.999397337436676,-0.14238283038139343,-0.4568437933921814,-0.07116008549928665,0.999557614326477,0.17326973378658295,-0.18226999044418335,-0.03454842045903206,0.9032626748085022,-0.22956442832946777,-0.31710463762283325,-0.18624889850616455,0.9748449921607971,0.214433953166008,0.03357677534222603,-0.1409900188446045,0.7778428792953491,-0.12075790762901306,-0.44145381450653076,-0.3522370457649231,0.9411525726318359,0.21726594865322113,0.08876859396696091,-0.1522730439901352,0.6915275454521179,-0.08434577286243439,-0.4739774763584137,-0.38870736956596375,0.8959066271781921,0.21294789016246796,0.09437002241611481,-0.18174712359905243,0.7183535695075989,-0.08319836109876633,-0.5078699588775635,-0.36148226261138916,0.8973760604858398,0.20490774512290955,0.048310328274965286,-0.1575613170862198,0.7000343799591064,-0.10677996277809143,-0.45281291007995605,-0.3464019298553467,0.857761561870575,0.10441023111343384,-0.012267428450286388,0.009062700904905796,0.30465778708457947,-0.10324542224407196,0.0019869518000632524,-0.006653470918536186,0.34871527552604675,0.14605766534805298,-0.026173897087574005,-0.03908025473356247,0.20350009202957153,-0.08648229390382767,0.07375063002109528,-0.1113845556974411,0.2621553838253021,0.18024034798145294,0.23347607254981995,0.1873425543308258,0.03974318504333496,-0.0356295108795166,0.40712857246398926,0.11306484043598175,0.0691373199224472,0.18375805020332336,0.24772872030735016,0.20625559985637665,0.02149992436170578,-0.020795682445168495,0.4193055331707001,0.13750755786895752,0.03202594816684723,0.24835315346717834,0.212835893034935,-0.0015048605855554342,0.05262027680873871,-0.01218163501471281,0.4509179890155792,-0.0533883310854435,0.07768839597702026,27,0.9,0.4995776414871216,0.5258936285972595,-7.838639071167108e-09,,0.49736541509628296,0.4784340560436249,0.0043195863254368305,,0.5078684091567993,0.44182291626930237,0.004704378545284271,,0.5230700373649597,0.43265047669410706,0.0035286550410091877,,0.5357796549797058,0.4418034255504608,0.0022384722251445055,,0.513066828250885,0.41780468821525574,0.0015855934470891953,,0.534414529800415,0.3948858082294464,0.0011617213021963835,,0.5470108985900879,0.385347843170166,0.0006206883699633181,,0.5563210248947144,0.3786918520927429,-0.0004454287118278444,,0.5259746313095093,0.430035263299942,-0.0025868623051792383,,0.5449666976928711,0.43064868450164795,-0.0033851510379463434,,0.5417219400405884,0.44515469670295715,-0.0030443037394434214,,0.5343666672706604,0.45274618268013,-0.0027537858113646507,,0.5376521944999695,0.4492920935153961,-0.0060724434442818165,,0.5507145524024963,0.4514407217502594,-0.00513298949226737,,0.5463191866874695,0.46395987272262573,-0.002265101997181773,,0.5391139388084412,0.4708530902862549,-0.0008124728337861598,,0.5467665791511536,0.46992117166519165,-0.009546281769871712,,0.5552003979682922,0.4698144495487213,-0.006652752868831158,,0.5507268905639648,0.4802438020706177,-0.002334589371457696,,0.5441588759422302,0.4873502850532532,0.0007632162887603045,
0.018219774588942528,-0.6220171451568604,-0.243522047996521,0.9998288154602051,0.03066072054207325,-0.6587396264076233,-0.2339811623096466,0.9996052980422974,0.029988465830683708,-0.6584023833274841,-0.2361142933368683,0.9995585083961487,0.030582403764128685,-0.6584744453430176,-0.233986034989357,0.9995744228363037,-0.002677546814084053,-0.6586186289787292,-0.23874607682228088,0.9996082186698914,-0.0006432235823012888,-0.6594533920288086,-0.23885197937488556,0.9996088743209839,-0.001119136461056769,-0.6584899425506592,-0.23480717837810516,0.9996105432510376,0.08581927418708801,-0.6442789435386658,-0.13792410492897034,0.9996191263198853,-0.05314481630921364,-0.6396289467811584,-0.13828937709331512,0.9995914697647095,0.03429935872554779,-0.5938985347747803,-0.21677722036838531,0.9998427033424377,-0.005902887787669897,-0.5910624861717224,-0.2163645476102829,0.9998607635498047,0.1609777957201004,-0.446438729763031,-0.05622527375817299,0.9993680715560913,-0.14341086149215698,-0.4563625454902649,-0.07333700358867645,0.9995441436767578,0.1735745221376419,-0.17948918044567108,-0.036963991820812225,0.9022401571273804,-0.22652366757392883,-0.3105124831199646,-0.18746919929981232,0.9747108221054077,0.2157859355211258,0.040933627635240555,-0.14618931710720062,0.7789731025695801,-0.12089218199253082,-0.43592485785484314,-0.3571084141731262,0.9436531066894531,0.2200545072555542,0.0969754159450531,-0.15774290263652802,0.692339301109314,-0.08447696268558502,-0.47004082798957825,-0.3947121500968933,0.8982692956924438,0.21492350101470947,0.10254228860139847,-0.18798404932022095,0.7188943028450012,-0.08425725996494293,-0.5045415759086609,-0.3690303564071655,0.8992176055908203,0.20626673102378845,0.055640194565057755,-0.16321784257888794,0.7003747820854187,-0.10688867419958115,-0.44816815853118896,-0.3518200218677521,0.8587552309036255,0.10427769273519516,-0.012537362053990364,0.009264369495213032,0.30292782187461853,-0.10320400446653366,0.002201114548370242,-0.006878713145852089,0.3466254472732544,0.14601358771324158,-0.02407500520348549,-0.03833695128560066,0.20119215548038483,-0.08539889752864838,0.08725271373987198,-0.11150548607110977,0.259584903717041,0.18063616752624512,0.2339659333229065,0.18221354484558105,0.039117537438869476,-0.03565947711467743,0.40802228450775146,0.10785259306430817,0.06759689748287201,0.18424488604068756,0.24819137156009674,0.1999879628419876,0.021267268806695938,-0.0208868570625782,0.42018261551856995,0.1308211237192154,0.03130172938108444,0.24980363249778748,0.2163538634777069,-0.004217822570353746,0.05215812474489212,-0.012261725962162018,0.45492660999298096,-0.05847607180476189,0.07653938978910446,28,0.934,0.49828770756721497,0.5329686999320984,-8.915131743947313e-09,,0.496268630027771,0.48580649495124817,0.0048361788503825665,,0.5068293213844299,0.44829994440078735,0.005228424444794655,,0.5222117304801941,0.43873104453086853,0.003836359828710556,,0.5350906252861023,0.4481903910636902,0.0022657776717096567,,0.5122629404067993,0.4245193600654602,0.002235828433185816,,0.5331245064735413,0.397987425327301,0.001540575409308076,,0.5459665656089783,0.38667845726013184,0.0008122126455418766,,0.5555103421211243,0.3788983225822449,-0.0003194044402334839,,0.5246639251708984,0.43624454736709595,-0.0024370637256652117,,0.5448219776153564,0.4354681670665741,-0.003973267041146755,,0.5414856672286987,0.45079323649406433,-0.003920672927051783,,0.5337451696395874,0.4590039849281311,-0.0035456076730042696,,0.5361890196800232,0.4546886384487152,-0.006389716640114784,,0.5504757165908813,0.4556456506252289,-0.005790121387690306,,0.546184241771698,0.46847081184387207,-0.0026946866419166327,,0.5388368964195251,0.4755852520465851,-0.000934672774747014,,0.5452046990394592,0.4747708737850189,-0.010322635993361473,,0.5545129776000977,0.4733007252216339,-0.007394420448690653,,0.5499257445335388,0.48426976799964905,-0.0026270654052495956,,0.5433416366577148,0.49184224009513855,0.0008601699955761433,
0.016685819253325462,-0.6203960180282593,-0.2498321235179901,0.99982088804245,0.028839973732829094,-0.6572461128234863,-0.24076281487941742,0.9995874166488647,0.028179291635751724,-0.6569181680679321,-0.24286624789237976,0.9995356202125549,0.028781961649656296,-0.6569851636886597,-0.24075795710086823,0.9995513558387756,-0.004626353271305561,-0.6569730043411255,-0.24547016620635986,0.9995946288108826,-0.002589509589597583,-0.6578123569488525,-0.24559828639030457,0.999596357345581,-0.0030658897012472153,-0.6568478345870972,-0.24155612289905548,0.9995999932289124,0.08447734266519547,-0.6437938213348389,-0.14441080391407013,0.9995973110198975,-0.05500684678554535,-0.6385776400566101,-0.14481623470783234,0.9995783567428589,0.03301745280623436,-0.5926809906959534,-0.2228117138147354,0.999833345413208,-0.007337761111557484,-0.5896076560020447,-0.22240900993347168,0.9998543858528137,0.16071024537086487,-0.44637537002563477,-0.05885637551546097,0.9993376135826111,-0.14460650086402893,-0.45523524284362793,-0.07778160274028778,0.9995298981666565,0.17404364049434662,-0.17842848598957062,-0.03829389065504074,0.901066243648529,-0.2245960682630539,-0.30113109946250916,-0.18858839571475983,0.9744613170623779,0.2162172496318817,0.041375428438186646,-0.14832815527915955,0.7797945737838745,-0.12141668051481247,-0.43046295642852783,-0.36094480752944946,0.9460076689720154,0.22071917355060577,0.09701215475797653,-0.16014133393764496,0.6926766037940979,-0.08582645654678345,-0.4665665328502655,-0.3996299207210541,0.9008325338363647,0.21543581783771515,0.10225588083267212,-0.1907205432653427,0.7190313339233398,-0.0870114415884018,-0.5024775266647339,-0.3749782145023346,0.9013316035270691,0.2066572606563568,0.05578277260065079,-0.1655559539794922,0.7002782225608826,-0.10792148113250732,-0.44402015209198,-0.3560176491737366,0.8601258397102356,0.10419102013111115,-0.012675144709646702,0.009508734568953514,0.29852333664894104,-0.10317777097225189,0.0023049768060445786,-0.007143483031541109,0.3423060178756714,0.14570756256580353,-0.023822426795959473,-0.034405358135700226,0.19860272109508514,-0.08531689643859863,0.09212321043014526,-0.10922516137361526,0.2572944760322571,0.1799846589565277,0.23388051986694336,0.1853000968694687,0.03831885755062103,-0.03787463530898094,0.40856581926345825,0.10842998325824738,0.06610634922981262,0.18358062207698822,0.24809156358242035,0.2030652016401291,0.021014058962464333,-0.023554783314466476,0.4206802248954773,0.1311749964952469,0.030617572367191315,0.24965225160121918,0.21664834022521973,0.0014196746051311493,0.05136013403534889,-0.014114607125520706,0.45706674456596375,-0.057268545031547546,0.07525241374969482,29,0.967,0.4965646266937256,0.5453382730484009,-2.0731329541945342e-08,,0.4938282072544098,0.49763742089271545,0.004167556297034025,,0.5045651793479919,0.45990490913391113,0.004323969595134258,,0.5203211903572083,0.4494124948978424,0.0027302352245897055,,0.5330783128738403,0.45683225989341736,0.0010060059139505029,,0.5110899209976196,0.43727079033851624,0.001991069409996271,,0.5301636457443237,0.40681663155555725,0.00048301953938789666,,0.5423479676246643,0.3929939866065979,-0.0006706893327645957,,0.5516014099121094,0.38289809226989746,-0.001919215777888894,,0.5239777565002441,0.450778067111969,-0.002525059273466468,,0.5426238179206848,0.4419003427028656,-0.004773270338773727,,0.5392376780509949,0.45628711581230164,-0.00461236946284771,,0.5319286584854126,0.4661400616168976,-0.003986082039773464,,0.5354739427566528,0.46999743580818176,-0.006491742096841335,,0.5484922528266907,0.46220317482948303,-0.006368368864059448,,0.5446476340293884,0.4736829102039337,-0.0025773399975150824,,0.5378526449203491,0.48202958703041077,-0.00020671520906034857,,0.5439914464950562,0.490585595369339,-0.010529273189604282,,0.5526958107948303,0.48201045393943787,-0.007467259652912617,,0.548417866230011,0.49139055609703064,-0.001969169359654188,,0.5423604249954224,0.4994523227214813,0.001994997961446643,
0.013903308659791946,-0.6150492429733276,-0.2650095522403717,0.9998182058334351,0.025441039353609085,-0.6523985266685486,-0.25675904750823975,0.9995824098587036,0.024787694215774536,-0.652086615562439,-0.25882768630981445,0.9995283484458923,0.025409597903490067,-0.6521329283714294,-0.2567388415336609,0.9995407462120056,-0.008381962776184082,-0.6515520215034485,-0.2610887587070465,0.9995917081832886,-0.006340657826513052,-0.6523837447166443,-0.26123014092445374,0.9995938539505005,-0.0068204584531486034,-0.651413083076477,-0.25717341899871826,0.9995983242988586,0.08203201740980148,-0.6417675018310547,-0.1599419116973877,0.9995898604393005,-0.05882153660058975,-0.6341876983642578,-0.15900547802448273,0.9995769262313843,0.03086174838244915,-0.5884371995925903,-0.23760664463043213,0.9998315572738647,-0.009915852919220924,-0.5845503807067871,-0.2367531955242157,0.9998534321784973,0.1605701446533203,-0.44618043303489685,-0.06780681014060974,0.9993242025375366,-0.14626683294773102,-0.4506579637527466,-0.0875999704003334,0.9995225667953491,0.17551550269126892,-0.17737005650997162,-0.045382481068372726,0.9007917046546936,-0.22175176441669464,-0.28090205788612366,-0.19474180042743683,0.9742620587348938,0.21619929373264313,0.04289040341973305,-0.1589411199092865,0.7810233235359192,-0.1220778226852417,-0.41533729434013367,-0.3784656822681427,0.9487175345420837,0.22063903510570526,0.09819269180297852,-0.17150653898715973,0.6933682560920715,-0.08738648891448975,-0.4549153745174408,-0.4206096827983856,0.9046494960784912,0.21524421870708466,0.10267814993858337,-0.2023307830095291,0.7193908095359802,-0.08953320235013962,-0.4943004548549652,-0.396329402923584,0.9047446250915527,0.20657798647880554,0.05676601454615593,-0.17625592648983002,0.7000142335891724,-0.10893505066633224,-0.431479811668396,-0.37378373742103577,0.8631985187530518,0.1040910929441452,-0.012824001722037792,0.009522808715701103,0.2934986352920532,-0.10314682871103287,0.002425225218757987,-0.007158114109188318,0.3372747302055359,0.14379094541072845,-0.02305891551077366,-0.03161821886897087,0.19883927702903748,-0.08558099716901779,0.09527712315320969,-0.1060488149523735,0.25635451078414917,0.17860765755176544,0.23399826884269714,0.18830600380897522,0.03792155906558037,-0.039128098636865616,0.40899011492729187,0.11375398188829422,0.06499810516834259,0.1821921318769455,0.24827037751674652,0.20597389340400696,0.02090616337954998,-0.02499387413263321,0.42120933532714844,0.1359734684228897,0.03017204813659191,0.2473323792219162,0.2188844531774521,0.005358058027923107,0.050878942012786865,-0.016871217638254166,0.46034637093544006,-0.05052307993173599,0.07416708767414093,30,1.001,0.4949725568294525,0.5647827386856079,-3.7792093898758594e-09,,0.49226826429367065,0.5190778374671936,0.0017377116018906236,,0.5028714537620544,0.4818735420703888,0.00023257227439898998,,0.5190832018852234,0.47128406167030334,-0.003013010136783123,,0.5329028367996216,0.47708484530448914,-0.006072148215025663,,0.5086485147476196,0.45785412192344666,0.0007566703134216368,,0.5265381336212158,0.42583733797073364,-0.003842979436740279,,0.5394983887672424,0.40888047218322754,-0.0072905574925243855,,0.5494162440299988,0.39622995257377625,-0.009900356642901897,,0.520629346370697,0.4700905382633209,-0.00395135348662734,,0.5419524312019348,0.4591762125492096,-0.010703674517571926,,0.5402924418449402,0.4732486307621002,-0.012919859029352665,,0.5330310463905334,0.48294052481651306,-0.012908454984426498,,0.5314804911613464,0.4882776141166687,-0.008606514893472195,,0.5472264289855957,0.4828788936138153,-0.013035720214247704,,0.5446066856384277,0.49561530351638794,-0.010793969966471195,,0.537864089012146,0.5040832161903381,-0.008180889301002026,,0.5397592782974243,0.5085079073905945,-0.013563080690801144,,0.5518025159835815,0.5062471628189087,-0.014185474254190922,,0.5482063889503479,0.5168574452400208,-0.010495989583432674,,0.5417249202728271,0.524665117263794,-0.007137673906981945,
0.011341052129864693,-0.6092885136604309,-0.2834274470806122,0.999819278717041,0.022687947377562523,-0.6470037698745728,-0.2749558687210083,0.9995840191841125,0.022055402398109436,-0.6466904282569885,-0.2769675850868225,0.9995291233062744,0.02268405631184578,-0.6467073559761047,-0.27491840720176697,0.9995384216308594,-0.01162696909159422,-0.6458310484886169,-0.2792011499404907,0.999596893787384,-0.009577919729053974,-0.6466511487960815,-0.2793423533439636,0.9995998740196228,-0.01006065122783184,-0.6456829905509949,-0.27525779604911804,0.999604344367981,0.0802992507815361,-0.6373658776283264,-0.17543913424015045,0.9995892643928528,-0.06196365877985954,-0.6277212500572205,-0.17404352128505707,0.9995838403701782,0.02879836969077587,-0.5827109217643738,-0.2550605237483978,0.9998325109481812,-0.012459561228752136,-0.5782433152198792,-0.254149854183197,0.999855101108551,0.15987297892570496,-0.4445382058620453,-0.07887040823698044,0.9993195533752441,-0.1481359750032425,-0.4412662088871002,-0.09588957577943802,0.9995179176330566,0.17556549608707428,-0.173752561211586,-0.051569484174251556,0.9001064896583557,-0.22186093032360077,-0.26245608925819397,-0.20021262764930725,0.9733456969261169,0.2138310819864273,0.047221310436725616,-0.16391484439373016,0.7775194644927979,-0.12466003000736237,-0.39826834201812744,-0.38855716586112976,0.9497875571250916,0.2173289805650711,0.10240691900253296,-0.17579850554466248,0.6889945268630981,-0.08983632922172546,-0.4387041926383972,-0.42998209595680237,0.905559241771698,0.21109625697135925,0.1065758764743805,-0.20746693015098572,0.7153187394142151,-0.092995785176754,-0.4792594015598297,-0.40646836161613464,0.9052839279174805,0.20359399914741516,0.060656771063804626,-0.18141795694828033,0.6948949694633484,-0.11164519935846329,-0.41562420129776,-0.38407447934150696,0.8620155453681946,0.10388955473899841,-0.013454894535243511,0.00951525941491127,0.28821685910224915,-0.10305796563625336,0.003028975334018469,-0.007157089188694954,0.33061569929122925,0.1394619643688202,-0.022042665630578995,-0.02793002501130104,0.19906234741210938,-0.08559297025203705,0.1038389652967453,-0.10221412032842636,0.25410202145576477,0.1761334240436554,0.23554491996765137,0.1909985989332199,0.03773247450590134,-0.040792934596538544,0.41128647327423096,0.12372852861881256,0.06379338353872299,0.17966210842132568,0.25016316771507263,0.20862990617752075,0.020874198526144028,-0.02712964080274105,0.4238879382610321,0.14671407639980316,0.029720420017838478,0.2429162710905075,0.22490358352661133,0.00708340248093009,0.050609689205884933,-0.0210898257791996,0.4677858054637909,-0.038812849670648575,0.07293801009654999,31,1.034,0.49563461542129517,0.5916017293930054,1.334501007477229e-07,,0.4934663772583008,0.5487656593322754,0.0006060792366042733,,0.5033578872680664,0.5122942924499512,-0.0015745488926768303,,0.5201077461242676,0.5004928708076477,-0.005546831525862217,,0.5341861248016357,0.5019950866699219,-0.00918505247682333,,0.506649374961853,0.49134311079978943,-0.0019136915216222405,,0.5255071520805359,0.45785772800445557,-0.008244218304753304,,0.5384790301322937,0.4395274519920349,-0.011966274119913578,,0.5489748120307922,0.42728593945503235,-0.013756822794675827,,0.5149214267730713,0.5007883310317993,-0.006601912900805473,,0.5316459536552429,0.4648425281047821,-0.012594124302268028,,0.5437237620353699,0.4443987309932709,-0.01578570529818535,,0.5537170767784119,0.4308665692806244,-0.017192691564559937,,0.5235658884048462,0.5164598822593689,-0.011459162458777428,,0.5453804731369019,0.5065630674362183,-0.01969218999147415,,0.5460428595542908,0.5233522057533264,-0.0204643402248621,,0.5415038466453552,0.5394579768180847,-0.018250538036227226,,0.5322487354278564,0.5365501046180725,-0.016347885131835938,,0.5500513315200806,0.530661404132843,-0.0216950923204422,,0.5490697622299194,0.5449991226196289,-0.020201217383146286,,0.5439079999923706,0.5591093301773071,-0.01712164841592312,
0.010098229162395,-0.6036845445632935,-0.32312360405921936,0.9998214840888977,0.02130093239247799,-0.6416653990745544,-0.314113587141037,0.999589741230011,0.020683204755187035,-0.6413282155990601,-0.31613555550575256,0.9995355010032654,0.021327275782823563,-0.6413156390190125,-0.31409165263175964,0.9995412826538086,-0.013242277316749096,-0.639865517616272,-0.31861308217048645,0.9996065497398376,-0.011195161379873753,-0.6406528353691101,-0.3187404274940491,0.9996103644371033,-0.011686590500175953,-0.6396811604499817,-0.31461188197135925,0.9996147155761719,0.0788731575012207,-0.6299312114715576,-0.21210089325904846,0.9995928406715393,-0.0640883669257164,-0.6162444353103638,-0.21161238849163055,0.9995959401130676,0.02748696878552437,-0.5758157968521118,-0.2940395474433899,0.9998364448547363,-0.014038261957466602,-0.5702780485153198,-0.29342713952064514,0.9998592734336853,0.1593058854341507,-0.4381941854953766,-0.10673131048679352,0.9993335008621216,-0.1495019495487213,-0.42443254590034485,-0.12610271573066711,0.9995273351669312,0.17487549781799316,-0.1699032485485077,-0.06793185323476791,0.8995700478553772,-0.22128713130950928,-0.22839078307151794,-0.2172534018754959,0.9720671772956848,0.2071409523487091,0.046853791922330856,-0.17503789067268372,0.7735913991928101,-0.12200365960597992,-0.36154627799987793,-0.40969982743263245,0.9505244493484497,0.20738212764263153,0.099842369556427,-0.18627434968948364,0.6843724250793457,-0.08562297374010086,-0.4012293517589569,-0.4507414698600769,0.9065716862678528,0.20222614705562592,0.10152709484100342,-0.2196538895368576,0.7112553119659424,-0.08799618482589722,-0.4464333653450012,-0.4291970729827881,0.9061267971992493,0.19628404080867767,0.0588575154542923,-0.1929684430360794,0.6890960931777954,-0.10783824324607849,-0.38147327303886414,-0.40552687644958496,0.8610382676124573,0.10386067628860474,-0.013805065304040909,0.009584091603755951,0.28127673268318176,-0.10304237902164459,0.0033253233414143324,-0.00722729554399848,0.32311490178108215,0.13327988982200623,-0.025988563895225525,-0.014568636193871498,0.1981019228696823,-0.08712268620729446,0.10064845532178879,-0.09604673087596893,0.2509481906890869,0.16871346533298492,0.2258935272693634,0.2246888130903244,0.03693322092294693,-0.04939797520637512,0.4075939953327179,0.1495983749628067,0.06220925971865654,0.17194844782352448,0.24007706344127655,0.24492816627025604,0.020582620054483414,-0.03664853051304817,0.4200119972229004,0.17593099176883698,0.029109399765729904,0.23346556723117828,0.21452942490577698,0.0390317402780056,0.04967174306511879,-0.031971171498298645,0.4673575162887573,-0.01145034097135067,0.07139260321855545,32,1.067,0.4960850477218628,0.619106113910675,7.603209439821512e-08,,0.4955846071243286,0.5773904919624329,-0.0010343363974243402,,0.5105988383293152,0.5368754863739014,-0.006224458105862141,,0.5303925275802612,0.5145657062530518,-0.011791262775659561,,0.5478739738464355,0.5057385563850403,-0.017458220943808556,,0.5099871158599854,0.5270650386810303,-0.016452880576252937,,0.5355386734008789,0.49477580189704895,-0.026831964030861855,,0.5515499711036682,0.4897836148738861,-0.032346777617931366,,0.5605806112289429,0.49201077222824097,-0.03518778830766678,,0.5139870047569275,0.5436328053474426,-0.020426923409104347,,0.5458097457885742,0.5214778780937195,-0.028729896992444992,,0.5563961267471313,0.5294116735458374,-0.029512932524085045,,0.557765543460846,0.5384818315505981,-0.030153626576066017,,0.5197858214378357,0.5667235851287842,-0.023986877873539925,,0.5491728782653809,0.5496663451194763,-0.03025064431130886,,0.5539907217025757,0.5592700242996216,-0.026479849591851234,,0.5506097674369812,0.5708620548248291,-0.02362622693181038,,0.525485098361969,0.5913282036781311,-0.027638480067253113,,0.5468161106109619,0.5772755146026611,-0.030509350821375847,,0.5516283512115479,0.5842171311378479,-0.02672087959945202,,0.5495713353157043,0.5946952700614929,-0.02363906241953373,
0.01190882083028555,-0.5933066606521606,-0.3603491187095642,0.9998324513435364,0.022435827180743217,-0.6319295167922974,-0.3492595851421356,0.9996150135993958,0.021824302151799202,-0.6315290331840515,-0.3512362539768219,0.9995650053024292,0.022448331117630005,-0.63148033618927,-0.34898507595062256,0.9995683431625366,-0.012464120984077454,-0.6295149326324463,-0.3540869653224945,0.9996330738067627,-0.010449872352182865,-0.6302416920661926,-0.3539770543575287,0.9996369481086731,-0.010968239046633244,-0.6292510628700256,-0.34996524453163147,0.9996402263641357,0.08092620968818665,-0.617969274520874,-0.24146102368831635,0.9996190667152405,-0.06394180655479431,-0.600295901298523,-0.24158713221549988,0.9996249675750732,0.02943522483110428,-0.5640275478363037,-0.3292675018310547,0.9998484253883362,-0.012755959294736385,-0.5571393370628357,-0.328647255897522,0.9998698234558105,0.16579417884349823,-0.4287189245223999,-0.1282321810722351,0.9993783831596375,-0.1492067575454712,-0.40516531467437744,-0.15512457489967346,0.9995592832565308,0.17662698030471802,-0.16903050243854523,-0.08299709856510162,0.8965486288070679,-0.22143594920635223,-0.21197423338890076,-0.23789840936660767,0.9700426459312439,0.20618867874145508,0.03734982758760452,-0.19495289027690887,0.7489258050918579,-0.09802788496017456,-0.3313552141189575,-0.4492659270763397,0.9485491514205933,0.20211109519004822,0.0856197327375412,-0.20592927932739258,0.6600024700164795,-0.050009388476610184,-0.36293119192123413,-0.4905056655406952,0.9034731388092041,0.19750377535820007,0.08757288753986359,-0.24464216828346252,0.6910704970359802,-0.047547660768032074,-0.40647798776626587,-0.4735642373561859,0.9033746123313904,0.19435825943946838,0.04797838628292084,-0.21536770462989807,0.6650163531303406,-0.07868746668100357,-0.34938037395477295,-0.44808122515678406,0.8546150922775269,0.1055234968662262,-0.014095766469836235,0.009580042213201523,0.2667456865310669,-0.10472717136144638,0.0035602718126028776,-0.007218526676297188,0.30560746788978577,0.12054765969514847,-0.053465425968170166,-0.01579056866466999,0.19299361109733582,-0.09075681120157242,0.08497404307126999,-0.09671062976121902,0.2398957908153534,0.16477049887180328,0.18798527121543884,0.24887290596961975,0.03536948561668396,-0.06231102719902992,0.39465343952178955,0.19414901733398438,0.05900203809142113,0.1690177172422409,0.20113509893417358,0.2736668884754181,0.019861338660120964,-0.050428811460733414,0.4071916937828064,0.23023609817028046,0.02789466083049774,0.22922459244728088,0.16468030214309692,0.050083715468645096,0.04744535684585571,-0.05408693477511406,0.44969722628593445,0.034442171454429626,0.06766024231910706,33,1.101,,,,,,,,,,,,,,,,,,,,,,,,,,,,,,,,,,,,,,,,,,,,,,,,,,,,,,,,,,,,,,,,,,,,,,,,,,,,,,,,,,,,
0.011922590434551239,-0.5869365334510803,-0.3665642738342285,0.9998380541801453,0.022640256211161613,-0.6253979206085205,-0.3561406135559082,0.9996290802955627,0.022028405219316483,-0.6249656677246094,-0.3582289516925812,0.9995832443237305,0.02266416884958744,-0.6248577833175659,-0.3561502695083618,0.999582827091217,-0.012388166040182114,-0.62361741065979,-0.35982710123062134,0.9996474981307983,-0.010373380966484547,-0.6242972612380981,-0.35979005694389343,0.9996512532234192,-0.010890758596360683,-0.6232998967170715,-0.3555947244167328,0.9996517896652222,0.08286502957344055,-0.6073957681655884,-0.2508566677570343,0.9996362924575806,-0.06359407305717468,-0.5931527614593506,-0.24548955261707306,0.9996410012245178,0.029630830511450768,-0.5560009479522705,-0.33655568957328796,0.9998580813407898,-0.012728862464427948,-0.5502117276191711,-0.33437225222587585,0.9998778104782104,0.168303981423378,-0.41694992780685425,-0.14000944793224335,0.9994127154350281,-0.14799168705940247,-0.39997854828834534,-0.15826553106307983,0.999578595161438,0.1810179352760315,-0.16447000205516815,-0.09762053936719894,0.8935749530792236,-0.21953336894512177,-0.2055644989013672,-0.23593655228614807,0.9673439860343933,0.20744158327579498,0.026993760839104652,-0.21533720195293427,0.7313183546066284,-0.08635615557432175,-0.31696224212646484,-0.4449276924133301,0.9446816444396973,0.20290015637874603,0.07367639243602753,-0.22516323626041412,0.6427124738693237,-0.0377592071890831,-0.3444840610027313,-0.483401358127594,0.898080050945282,0.19798409938812256,0.07398839294910431,-0.26267436146736145,0.676245927810669,-0.030981650575995445,-0.38773664832115173,-0.4663987457752228,0.8985827565193176,0.19519178569316864,0.03631128743290901,-0.2342180460691452,0.6470437049865723,-0.06460680067539215,-0.33467212319374084,-0.4430868327617645,0.8452993631362915,0.10590767860412598,-0.014112213626503944,0.009586082771420479,0.25143036246299744,-0.10491149127483368,0.003589374478906393,-0.007215349934995174,0.2880072295665741,0.1156601831316948,-0.06456185132265091,-0.0165333840996027,0.1890966147184372,-0.09136760234832764,0.03990058973431587,-0.1123703345656395,0.2328585833311081,0.1619800180196762,0.18862801790237427,0.2627035975456238,0.034363143146038055,-0.06196996569633484,0.3775346577167511,0.18218901753425598,0.05722628906369209,0.16627137362957,0.20232313871383667,0.2883770167827606,0.01954965852200985,-0.0500933863222599,0.3890514075756073,0.2183966338634491,0.027364378795027733,0.22277404367923737,0.15692618489265442,0.05218127369880676,0.0456886924803257,-0.050444841384887695,0.41944026947021484,0.018901534378528595,0.06510718911886215,34,1.134,,,,,,,,,,,,,,,,,,,,,,,,,,,,,,,,,,,,,,,,,,,,,,,,,,,,,,,,,,,,,,,,,,,,,,,,,,,,,,,,,,,,
0.011476274579763412,-0.5851370692253113,-0.36997705698013306,0.9998416900634766,0.022644588723778725,-0.6235479712486267,-0.35864466428756714,0.9996373653411865,0.0220378078520298,-0.6231111288070679,-0.360617458820343,0.9995951652526855,0.02267281711101532,-0.6229885220527649,-0.3585955500602722,0.9995885491371155,-0.012854687869548798,-0.6222574710845947,-0.3623451888561249,0.999661386013031,-0.010835669934749603,-0.6229369640350342,-0.36239662766456604,0.9996670484542847,-0.01135281752794981,-0.6219561100006104,-0.3582639694213867,0.9996659159660339,0.08328407257795334,-0.6067957878112793,-0.2496238648891449,0.9996427893638611,-0.0645318254828453,-0.5947843790054321,-0.24540263414382935,0.9996598362922668,0.02933100424706936,-0.5548083186149597,-0.33842670917510986,0.9998654127120972,-0.013811885379254818,-0.5496575832366943,-0.336672306060791,0.9998853206634521,0.16923142969608307,-0.4182065427303314,-0.14449571073055267,0.999437153339386,-0.1506853550672531,-0.40261372923851013,-0.15882498025894165,0.9996034502983093,0.1832915097475052,-0.17210298776626587,-0.10560735315084457,0.8923926949501038,-0.22088955342769623,-0.19523164629936218,-0.23200231790542603,0.9651201963424683,0.20628388226032257,-0.012487711384892464,-0.2223285287618637,0.7106113433837891,-0.09063742309808731,-0.2501654028892517,-0.4431060254573822,0.9361900687217712,0.2000432312488556,0.03061152622103691,-0.23564870655536652,0.6226257085800171,-0.045067861676216125,-0.2617270350456238,-0.4821537137031555,0.8870581388473511,0.1950090527534485,0.024857554584741592,-0.2774653732776642,0.6600077748298645,-0.03612295538187027,-0.2993297278881073,-0.4747583270072937,0.889607846736908,0.19368213415145874,-0.006014630664139986,-0.24338600039482117,0.6279683113098145,-0.06632847338914871,-0.2625488042831421,-0.44470638036727905,0.832297146320343,0.10650178790092468,-0.014437497593462467,0.00957157276570797,0.23923997581005096,-0.105635866522789,0.003926546778529882,-0.007197659928351641,0.2753181755542755,0.10800732672214508,-0.06027446687221527,-0.01546523068100214,0.18767213821411133,-0.09192568063735962,0.053239766508340836,-0.11753649264574051,0.22790634632110596,0.1586955487728119,0.19354410469532013,0.2607894837856293,0.03355330228805542,-0.06898293644189835,0.38004252314567566,0.17549854516983032,0.056320756673812866,0.1627528816461563,0.20732568204402924,0.28622668981552124,0.01927531324326992,-0.05908164381980896,0.391499400138855,0.21061773598194122,0.02707381546497345,0.218545600771904,0.16568832099437714,0.05513063818216324,0.0444650799036026,-0.06077425554394722,0.4202541708946228,0.012327794916927814,0.06372279673814774,35,1.167,0.48637819290161133,0.815853476524353,-1.4069850351461355e-07,,0.5146286487579346,0.7650085687637329,0.004164337180554867,,0.5511388778686523,0.7529311776161194,0.000629506423138082,,0.5766882300376892,0.7799738645553589,-0.005310180131345987,,0.5901643633842468,0.8192577362060547,-0.010251267813146114,,0.586098313331604,0.7594022750854492,-0.0008369620190933347,,0.6107853055000305,0.8202651739120483,-0.010052364319562912,,0.5990905165672302,0.8373170495033264,-0.01643918827176094,,0.5851312875747681,0.8296388983726501,-0.020444219931960106,,0.5841311812400818,0.7968893647193909,-0.009194114245474339,,0.6079251170158386,0.859596312046051,-0.014011455699801445,,0.5949018001556396,0.8668064475059509,-0.015113537199795246,,0.5806097984313965,0.852745532989502,-0.016391871497035027,,0.576819121837616,0.836216926574707,-0.017727816477417946,,0.5957387685775757,0.8936823606491089,-0.01989855244755745,,0.5812696814537048,0.8945813775062561,-0.014588604681193829,,0.567552387714386,0.8770159482955933,-0.011655369773507118,,0.5637987852096558,0.8733553886413574,-0.026575667783617973,,0.5766112804412842,0.9167803525924683,-0.0244268961250782,,0.5643935203552246,0.9132324457168579,-0.017328793182969093,,0.5530105233192444,0.8968079090118408,-0.012489055283367634,
0.011694097891449928,-0.5890986323356628,-0.3026066720485687,0.9998483061790466,0.02329890988767147,-0.6264393329620361,-0.28735822439193726,0.9996553063392639,0.022667326033115387,-0.625983476638794,-0.2897838354110718,0.9996183514595032,0.023318631574511528,-0.6259113550186157,-0.28741779923439026,0.99960857629776,-0.012155535630881786,-0.6254895925521851,-0.2922399342060089,0.9996758699417114,-0.010153030045330524,-0.626183807849884,-0.2922755479812622,0.9996811151504517,-0.010682341642677784,-0.6252636313438416,-0.2881394922733307,0.9996748566627502,0.08332972228527069,-0.6089689135551453,-0.18007251620292664,0.999663233757019,-0.06445102393627167,-0.5964004397392273,-0.18419060111045837,0.9996747970581055,0.02933773398399353,-0.5569646954536438,-0.2724912762641907,0.9998748302459717,-0.013790419325232506,-0.5524671077728271,-0.2723532021045685,0.9998932480812073,0.16940994560718536,-0.4188235104084015,-0.10344447195529938,0.9994500875473022,-0.15640246868133545,-0.40599963068962097,-0.1138748824596405,0.999586284160614,0.18717344105243683,-0.17903417348861694,-0.10449594259262085,0.8932697772979736,-0.22857660055160522,-0.19005250930786133,-0.17558659613132477,0.9616968035697937,0.20098675787448883,-0.031663939356803894,-0.23494908213615417,0.7177203297615051,-0.0830146074295044,-0.16599054634571075,-0.41283896565437317,0.9308244585990906,0.1924053281545639,0.009083312936127186,-0.2681553065776825,0.6341503262519836,-0.03919682651758194,-0.152667835354805,-0.46848541498184204,0.8813513517379761,0.18354764580726624,0.002098841592669487,-0.29968932271003723,0.6711294651031494,-0.011255479417741299,-0.1916741132736206,-0.4735049903392792,0.885108232498169,0.18716825544834137,-0.024205975234508514,-0.2547151744365692,0.6390714645385742,-0.05457032844424248,-0.17191988229751587,-0.4180751442909241,0.828070878982544,0.10748782008886337,-0.014266344718635082,0.009418095462024212,0.233425572514534,-0.10614385455846786,0.003726124996319413,-0.006977048236876726,0.26993584632873535,0.11615324765443802,-0.1784328818321228,-0.13618241250514984,0.18319962918758392,-0.0918775349855423,-0.10765976458787918,-0.25967487692832947,0.22425225377082825,0.15668529272079468,0.12396736443042755,0.1377873569726944,0.03199467435479164,-0.06779322028160095,0.31421828269958496,-0.04291992634534836,0.05844070762395859,0.15963847935199738,0.14253082871437073,0.1636761724948883,0.01928912289440632,-0.05736316740512848,0.32933416962623596,-0.014554085209965706,0.029711248353123665,0.21356412768363953,0.10569633543491364,-0.06822004169225693,0.04246526211500168,-0.057432129979133606,0.3507821559906006,-0.23831592500209808,0.06530312448740005,36,1.201,,,,,,,,,,,,,,,,,,,,,,,,,,,,,,,,,,,,,,,,,,,,,,,,,,,,,,,,,,,,,,,,,,,,,,,,,,,,,,,,,,,,
0.011543945409357548,-0.5958012938499451,-0.2942795753479004,0.9998454451560974,0.02333967760205269,-0.6328661441802979,-0.27945971488952637,0.9996569156646729,0.022712161764502525,-0.6323661804199219,-0.2817962169647217,0.9996262788772583,0.023358993232250214,-0.6322854161262512,-0.27952682971954346,0.9996105432510376,-0.012191110290586948,-0.6328654289245605,-0.28339147567749023,0.9996748566627502,-0.010192814283072948,-0.6335296630859375,-0.2833971083164215,0.9996820092201233,-0.010723857209086418,-0.6326236724853516,-0.27931803464889526,0.999670147895813,0.08508692681789398,-0.6117284297943115,-0.17515479028224945,0.9996653199195862,-0.0643756315112114,-0.6051768064498901,-0.17382924258708954,0.9996803402900696,0.029349016025662422,-0.5630801320075989,-0.264963835477829,0.9998800754547119,-0.013890556991100311,-0.5599600672721863,-0.26342713832855225,0.9998968839645386,0.17305432260036469,-0.419240266084671,-0.10340457409620285,0.9994391798973083,-0.15625376999378204,-0.41232672333717346,-0.11343755573034286,0.9995747208595276,0.19172488152980804,-0.18941940367221832,-0.09967638552188873,0.8866418600082397,-0.22814667224884033,-0.1999582052230835,-0.165071502327919,0.957525908946991,0.19966870546340942,-0.03535867854952812,-0.23465675115585327,0.6881420016288757,-0.08163076639175415,-0.1469864398241043,-0.3894447088241577,0.9097530245780945,0.190738707780838,0.015077339485287666,-0.26467639207839966,0.6079923510551453,-0.039089880883693695,-0.11625134199857712,-0.4382801353931427,0.8562428951263428,0.17783573269844055,0.010955960489809513,-0.3034716546535492,0.6494089365005493,-0.010412691161036491,-0.14297087490558624,-0.4648894667625427,0.864693820476532,0.1843370497226715,-0.02514570578932762,-0.2564346194267273,0.617091953754425,-0.053374033421278,-0.14549477398395538,-0.4003559648990631,0.8067551851272583,0.10786115378141403,-0.014142893254756927,0.00925496406853199,0.21670761704444885,-0.10635843873023987,0.003618033370003104,-0.006773351226001978,0.2505757510662079,0.11525892466306686,-0.14003372192382812,-0.10265988856554031,0.17807164788246155,-0.0919368639588356,-0.0502895712852478,-0.208836168050766,0.21457813680171967,0.15716040134429932,0.1471640169620514,0.15958747267723083,0.0310178454965353,-0.06684564799070358,0.3315954804420471,-0.018197929486632347,0.05660942941904068,0.16014240682125092,0.16358457505702972,0.1828978955745697,0.018716206774115562,-0.056422267109155655,0.3451020419597626,0.013094981200993061,0.0288656335324049,0.21476761996746063,0.1278342455625534,-0.04357543960213661,0.04060158506035805,-0.05965646356344223,0.3639610707759857,-0.20857255160808563,0.06234428286552429,37,1.234,,,,,,,,,,,,,,,,,,,,,,,,,,,,,,,,,,,,,,,,,,,,,,,,,,,,,,,,,,,,,,,,,,,,,,,,,,,,,,,,,,,,
0.01093094889074564,-0.5977060198783875,-0.29466816782951355,0.9998210668563843,0.02313590981066227,-0.6346463561058044,-0.2804654538631439,0.9996239542961121,0.022529806941747665,-0.6341587901115417,-0.2827959358692169,0.999602735042572,0.02316540852189064,-0.6340968608856201,-0.2805163264274597,0.9995781779289246,-0.012792112305760384,-0.6348721981048584,-0.28463733196258545,0.9996390342712402,-0.010786361992359161,-0.635561466217041,-0.2846406102180481,0.9996516108512878,-0.01132483035326004,-0.6346682906150818,-0.28053781390190125,0.999631941318512,0.08552809059619904,-0.6132795810699463,-0.17606134712696075,0.9996211528778076,-0.06433962285518646,-0.6087421774864197,-0.17553062736988068,0.999652087688446,0.029259201139211655,-0.5653297305107117,-0.2653341591358185,0.9998714327812195,-0.014169477857649326,-0.5625547170639038,-0.26409077644348145,0.9998877048492432,0.17421960830688477,-0.4199007451534271,-0.11200883984565735,0.9993773698806763,-0.15611352026462555,-0.41493794322013855,-0.11730263382196426,0.999508798122406,0.1969572752714157,-0.18855156004428864,-0.1050558090209961,0.8791505098342896,-0.2247961461544037,-0.19904252886772156,-0.16032525897026062,0.9485333561897278,0.2009407877922058,-0.030374951660633087,-0.23744523525238037,0.6570578813552856,-0.08342693001031876,-0.13456496596336365,-0.36285462975502014,0.8728140592575073,0.19391317665576935,0.020451128482818604,-0.26882410049438477,0.5814158320426941,-0.04737289249897003,-0.10460148751735687,-0.40631037950515747,0.8175527453422546,0.1798117458820343,0.014630445279181004,-0.31144192814826965,0.6266138553619385,-0.013644246384501457,-0.13217252492904663,-0.43768343329429626,0.8313435316085815,0.18488429486751556,-0.021011533215641975,-0.26123037934303284,0.5946062803268433,-0.05474583059549332,-0.13394416868686676,-0.37661227583885193,0.7741438746452332,0.1077447384595871,-0.014067044481635094,0.009012416936457157,0.20371881127357483,-0.10630647838115692,0.0035991903860121965,-0.006566445343196392,0.23526205122470856,0.11429498344659805,-0.09485340118408203,-0.0924004465341568,0.1739039570093155,-0.08995462954044342,0.010116197168827057,-0.19712841510772705,0.20836098492145538,0.15693554282188416,0.20306886732578278,0.1711002141237259,0.03047829307615757,-0.06594852358102798,0.36652323603630066,-0.01229883637279272,0.05590612068772316,0.159955695271492,0.22211571037769318,0.19415798783302307,0.01848413795232773,-0.05601568892598152,0.38326677680015564,0.02287503518164158,0.02867264859378338,0.2153255194425583,0.1986331194639206,-0.036063700914382935,0.03940911218523979,-0.06337463855743408,0.40830498933792114,-0.15016630291938782,0.060706764459609985,38,1.267,,,,,,,,,,,,,,,,,,,,,,,,,,,,,,,,,,,,,,,,,,,,,,,,,,,,,,,,,,,,,,,,,,,,,,,,,,,,,,,,,,,,
0.0023924086708575487,-0.6062927842140198,-0.2923263609409332,0.9997896552085876,0.016810281202197075,-0.6423726677894592,-0.27912575006484985,0.9995750784873962,0.01635630801320076,-0.6419264078140259,-0.2812078595161438,0.9995672106742859,0.01689830608665943,-0.641888439655304,-0.2790873050689697,0.9995214939117432,-0.019812336191534996,-0.6432964205741882,-0.2831107974052429,0.9995864033699036,-0.017732620239257812,-0.643988311290741,-0.2831939458847046,0.9996068477630615,-0.018282948061823845,-0.6430715322494507,-0.2792021930217743,0.999570906162262,0.08184801042079926,-0.6199130415916443,-0.1772419661283493,0.9995517134666443,-0.06834540516138077,-0.6188967227935791,-0.17387425899505615,0.9995995759963989,0.021779071539640427,-0.5742491483688354,-0.2636869251728058,0.9998452663421631,-0.021734725683927536,-0.5720602869987488,-0.2616560459136963,0.999867856502533,0.16949401795864105,-0.42655351758003235,-0.11439649760723114,0.9992706775665283,-0.1587587296962738,-0.4210522472858429,-0.11731994152069092,0.9994005560874939,0.19718195497989655,-0.19501593708992004,-0.11428467184305191,0.8638020753860474,-0.22234319150447845,-0.20409484207630157,-0.12343386560678482,0.9324200749397278,0.19821852445602417,-0.027688972651958466,-0.23742340505123138,0.6063064336776733,-0.1516164392232895,-0.07988714426755905,-0.2515052258968353,0.8073233962059021,0.19381959736347198,0.025493893772363663,-0.2667558491230011,0.5360470414161682,-0.13468465209007263,-0.03297535702586174,-0.2737703025341034,0.7534567713737488,0.1744121015071869,0.021260207518935204,-0.3081437349319458,0.5819421410560608,-0.12145400047302246,-0.040309250354766846,-0.3095613420009613,0.7710604071617126,0.1809360384941101,-0.01721920259296894,-0.2612203359603882,0.5505424737930298,-0.1347804218530655,-0.06823895126581192,-0.268561989068985,0.7168325185775757,0.10689134150743484,-0.014174404554069042,0.008744773454964161,0.18863801658153534,-0.10593995451927185,0.003704237751662731,-0.006370597053319216,0.2185007482767105,0.10474563390016556,-0.044646620750427246,-0.05532979965209961,0.16434548795223236,-0.08517845720052719,0.10408830642700195,-0.18298709392547607,0.20057013630867004,0.15926992893218994,0.22471876442432404,0.180354505777359,0.02905772253870964,-0.07476260513067245,0.421990305185318,0.03838985040783882,0.054680123925209045,0.16352078318595886,0.24089118838310242,0.20381273329257965,0.017532479017972946,-0.07086671143770218,0.44050225615501404,0.07080483436584473,0.027961164712905884,0.22388522326946259,0.22813759744167328,-0.006309604737907648,0.03765792399644852,-0.09389638155698776,0.470807284116745,-0.12748442590236664,0.0590839684009552,39,1.301,,,,,,,,,,,,,,,,,,,,,,,,,,,,,,,,,,,,,,,,,,,,,,,,,,,,,,,,,,,,,,,,,,,,,,,,,,,,,,,,,,,,
