pose_world_0_x,pose_world_0_y,pose_world_0_z,pose_world_0_visibility,pose_world_1_x,pose_world_1_y,pose_world_1_z,pose_world_1_visibility,pose_world_2_x,pose_world_2_y,pose_world_2_z,pose_world_2_visibility,pose_world_3_x,pose_world_3_y,pose_world_3_z,pose_world_3_visibility,pose_world_4_x,pose_world_4_y,pose_world_4_z,pose_world_4_visibility,pose_world_5_x,pose_world_5_y,pose_world_5_z,pose_world_5_visibility,pose_world_6_x,pose_world_6_y,pose_world_6_z,pose_world_6_visibility,pose_world_7_x,pose_world_7_y,pose_world_7_z,pose_world_7_visibility,pose_world_8_x,pose_world_8_y,pose_world_8_z,pose_world_8_visibility,pose_world_9_x,pose_world_9_y,pose_world_9_z,pose_world_9_visibility,pose_world_10_x,pose_world_10_y,pose_world_10_z,pose_world_10_visibility,pose_world_11_x,pose_world_11_y,pose_world_11_z,pose_world_11_visibility,pose_world_12_x,pose_world_12_y,pose_world_12_z,pose_world_12_visibility,pose_world_13_x,pose_world_13_y,pose_world_13_z,pose_world_13_visibility,pose_world_14_x,pose_world_14_y,pose_world_14_z,pose_world_14_visibility,pose_world_15_x,pose_world_15_y,pose_world_15_z,pose_world_15_visibility,pose_world_16_x,pose_world_16_y,pose_world_16_z,pose_world_16_visibility,pose_world_17_x,pose_world_17_y,pose_world_17_z,pose_world_17_visibility,pose_world_18_x,pose_world_18_y,pose_world_18_z,pose_world_18_visibility,pose_world_19_x,pose_world_19_y,pose_world_19_z,pose_world_19_visibility,pose_world_20_x,pose_world_20_y,pose_world_20_z,pose_world_20_visibility,pose_world_21_x,pose_world_21_y,pose_world_21_z,pose_world_21_visibility,pose_world_22_x,pose_world_22_y,pose_world_22_z,pose_world_22_visibility,pose_world_23_x,pose_world_23_y,pose_world_23_z,pose_world_23_visibility,pose_world_24_x,pose_world_24_y,pose_world_24_z,pose_world_24_visibility,pose_world_25_x,pose_world_25_y,pose_world_25_z,pose_world_25_visibility,pose_world_26_x,pose_world_26_y,pose_world_26_z,pose_world_26_visibility,pose_world_27_x,pose_world_27_y,pose_world_27_z,pose_world_27_visibility,pose_world_28_x,pose_world_28_y,pose_world_28_z,pose_world_28_visibility,pose_world_29_x,pose_world_29_y,pose_world_29_z,pose_world_29_visibility,pose_world_30_x,pose_world_30_y,pose_world_30_z,pose_world_30_visibility,pose_world_31_x,pose_world_31_y,pose_world_31_z,pose_world_31_visibility,pose_world_32_x,pose_world_32_y,pose_world_32_z,pose_world_32_visibility,frame,timestamp,left_hand_0_x,left_hand_0_y,left_hand_0_z,left_hand_0_visibility,left_hand_1_x,left_hand_1_y,left_hand_1_z,left_hand_1_visibility,left_hand_2_x,left_hand_2_y,left_hand_2_z,left_hand_2_visibility,left_hand_3_x,left_hand_3_y,left_hand_3_z,left_hand_3_visibility,left_hand_4_x,left_hand_4_y,left_hand_4_z,left_hand_4_visibility,left_hand_5_x,left_hand_5_y,left_hand_5_z,left_hand_5_visibility,left_hand_6_x,left_hand_6_y,left_hand_6_z,left_hand_6_visibility,left_hand_7_x,left_hand_7_y,left_hand_7_z,left_hand_7_visibility,left_hand_8_x,left_hand_8_y,left_hand_8_z,left_hand_8_visibility,left_hand_9_x,left_hand_9_y,left_hand_9_z,left_hand_9_visibility,left_hand_10_x,left_hand_10_y,left_hand_10_z,left_hand_10_visibility,left_hand_11_x,left_hand_11_y,left_hand_11_z,left_hand_11_visibility,left_hand_12_x,left_hand_12_y,left_hand_12_z,left_hand_12_visibility,left_hand_13_x,left_hand_13_y,left_hand_13_z,left_hand_13_visibility,left_hand_14_x,left_hand_14_y,left_hand_14_z,left_hand_14_visibility,left_hand_15_x,left_hand_15_y,left_hand_15_z,left_hand_15_visibility,left_hand_16_x,left_hand_16_y,left_hand_16_z,left_hand_16_visibility,left_hand_17_x,left_hand_17_y,left_hand_17_z,left_hand_17_visibility,left_hand_18_x,left_hand_18_y,left_hand_18_z,left_hand_18_visibility,left_hand_19_x,left_hand_19_y,left_hand_19_z,left_hand_19_visibility,left_hand_20_x,left_hand_20_y,left_hand_20_z,left_hand_20_visibility,right_hand_0_x,right_hand_0_y,right_hand_0_z,right_hand_0_visibility,right_hand_1_x,right_hand_1_y,right_hand_1_z,right_hand_1_visibility,right_hand_2_x,right_hand_2_y,right_hand_2_z,right_hand_2_visibility,right_hand_3_x,right_hand_3_y,right_hand_3_z,right_hand_3_visibility,right_hand_4_x,right_hand_4_y,right_hand_4_z,right_hand_4_visibility,right_hand_5_x,right_hand_5_y,right_hand_5_z,right_hand_5_visibility,right_hand_6_x,right_hand_6_y,right_hand_6_z,right_hand_6_visibility,right_hand_7_x,right_hand_7_y,right_hand_7_z,right_hand_7_visibility,right_hand_8_x,right_hand_8_y,right_hand_8_z,right_hand_8_visibility,right_hand_9_x,right_hand_9_y,right_hand_9_z,right_hand_9_visibility,right_hand_10_x,right_hand_10_y,right_hand_10_z,right_hand_10_visibility,right_hand_11_x,right_hand_11_y,right_hand_11_z,right_hand_11_visibility,right_hand_12_x,right_hand_12_y,right_hand_12_z,right_hand_12_visibility,right_hand_13_x,right_hand_13_y,right_hand_13_z,right_hand_13_visibility,right_hand_14_x,right_hand_14_y,right_hand_14_z,right_hand_14_visibility,right_hand_15_x,right_hand_15_y,right_hand_15_z,right_hand_15_visibility,right_hand_16_x,right_hand_16_y,right_hand_16_z,right_hand_16_visibility,right_hand_17_x,right_hand_17_y,right_hand_17_z,right_hand_17_visibility,right_hand_18_x,right_hand_18_y,right_hand_18_z,right_hand_18_visibility,right_hand_19_x,right_hand_19_y,right_hand_19_z,right_hand_19_visibility,right_hand_20_x,right_hand_20_y,right_hand_20_z,right_hand_20_visibility
-0.003033803775906563,-0.612968385219574,-0.3335038721561432,0.9993657469749451,0.01571827195584774,-0.6464698910713196,-0.32193464040756226,0.9988234639167786,0.015414606779813766,-0.646125853061676,-0.3236360251903534,0.9988617897033691,0.015965254977345467,-0.6461248397827148,-0.3218578100204468,0.9986268281936646,-0.021129295229911804,-0.6486332416534424,-0.32604339718818665,0.9990367889404297,-0.01892995461821556,-0.6493607759475708,-0.3261775076389313,0.9991157650947571,-0.019560763612389565,-0.6483895182609558,-0.3222775459289551,0.9989645481109619,0.0773887112736702,-0.6190556883811951,-0.22069677710533142,0.9987816214561462,-0.07273797690868378,-0.6222916841506958,-0.21499750018119812,0.9990554451942444,0.012307683937251568,-0.5796088576316833,-0.30368754267692566,0.9995943903923035,-0.031061477959156036,-0.5786266326904297,-0.3020232915878296,0.9997082352638245,0.15808798372745514,-0.41673463582992554,-0.14775651693344116,0.9982016086578369,-0.16359302401542664,-0.4240517318248749,-0.15232405066490173,0.9985178112983704,0.19392703473567963,-0.1660480499267578,-0.11833846569061279,0.7229839563369751,-0.17651715874671936,-0.18167448043823242,-0.12533096969127655,0.7466270327568054,0.20236042141914368,0.03524628281593323,-0.21160022914409637,0.18566854298114777,-0.23214155435562134,0.002637405414134264,-0.22006668150424957,0.24796657264232635,0.20813512802124023,0.09968330711126328,-0.2379605770111084,0.170621857047081,-0.24920691549777985,0.059766143560409546,-0.23893781006336212,0.2348497062921524,0.18435801565647125,0.09752772003412247,-0.2847137153148651,0.23453862965106964,-0.24816684424877167,0.06997285038232803,-0.2826172411441803,0.2985459268093109,0.18466928601264954,0.0477888397872448,-0.23706436157226562,0.21389980614185333,-0.2275134027004242,0.023673512041568756,-0.2407376915216446,0.28085973858833313,0.10258615016937256,-0.007950839586555958,0.003149888478219509,0.2445930391550064,-0.10316498577594757,-0.0007578775403089821,-0.0014161308063194156,0.30363160371780396,0.08490157872438431,0.027946600690484047,-0.0012034198734909296,0.12173975259065628,-0.07325313240289688,0.14885056018829346,-0.09588818997144699,0.188704252243042,0.13102249801158905,0.2799290120601654,0.27576807141304016,0.0231972374022007,-0.08313968032598495,0.46237730979919434,0.1724429577589035,0.07897257059812546,0.13372209668159485,0.2983851730823517,0.30214205384254456,0.01243696827441454,-0.08330337703227997,0.484515517950058,0.2047298550605774,0.03493422642350197,0.17725755274295807,0.3053360879421234,0.12046626210212708,0.02795553207397461,-0.11996706575155258,0.5217487215995789,0.03677944839000702,0.06862939149141312,0,0.0,,,,,,,,,,,,,,,,,,,,,,,,,,,,,,,,,,,,,,,,,,,,,,,,,,,,,,,,,,,,,,,,,,,,,,,,,,,,,,,,,,,,,,,,,,,,,,,,,,,,,,,,,,,,,,,,,,,,,,,,,,,,,,,,,,,,,,,,,,,,,,,,,,,,,,,,,,,,,,,,,,,,,,,,
-0.0021054926328361034,-0.6195453405380249,-0.30832865834236145,0.9993056654930115,0.016571445390582085,-0.6528814435005188,-0.2974492311477661,0.9987401962280273,0.016254495829343796,-0.6525506973266602,-0.29919490218162537,0.9987962245941162,0.016799896955490112,-0.6526147723197937,-0.2972901165485382,0.9985496997833252,-0.019599590450525284,-0.654666543006897,-0.30160707235336304,0.9989417195320129,-0.017408916726708412,-0.6554091572761536,-0.30175426602363586,0.9990332126617432,-0.018044067546725273,-0.6544342041015625,-0.29783037304878235,0.9988722205162048,0.07776594907045364,-0.6249117851257324,-0.2013733685016632,0.9987018704414368,-0.06965237855911255,-0.6271165609359741,-0.19500625133514404,0.9989526271820068,0.013250253163278103,-0.5861656665802002,-0.2806033492088318,0.9995510578155518,-0.029379351064562798,-0.5848714709281921,-0.2783830165863037,0.99966961145401,0.15802247822284698,-0.4246992766857147,-0.1315423548221588,0.9982125163078308,-0.15956135094165802,-0.42765575647354126,-0.13370493054389954,0.9984762072563171,0.20553217828273773,-0.18056800961494446,-0.11391370743513107,0.728455662727356,-0.17591789364814758,-0.1842765212059021,-0.09864527732133865,0.7416399121284485,0.20298241078853607,0.0217746552079916,-0.21168723702430725,0.1938004195690155,-0.23222771286964417,0.0027654864825308323,-0.18506844341754913,0.24759162962436676,0.20812185108661652,0.082793690264225,-0.23909293115139008,0.17582480609416962,-0.24936965107917786,0.059771791100502014,-0.20524199306964874,0.23375582695007324,0.1837134063243866,0.07764354348182678,-0.2844330072402954,0.23971602320671082,-0.24918514490127563,0.06870780140161514,-0.24524414539337158,0.2968159019947052,0.18492905795574188,0.03331123664975166,-0.23699109256267548,0.21821638941764832,-0.2278808206319809,0.023664284497499466,-0.20465129613876343,0.27863532304763794,0.10192952305078506,-0.007865073159337044,0.0031204025726765394,0.23705734312534332,-0.10252752900123596,-0.0009252879535779357,-0.0013825235655531287,0.2928202748298645,0.0852157324552536,0.02758076600730419,-0.001460602623410523,0.11800174415111542,-0.07756611704826355,0.14669294655323029,-0.0962996855378151,0.18363679945468903,0.12791673839092255,0.2782217562198639,0.2591434121131897,0.022474944591522217,-0.08844849467277527,0.46190503239631653,0.1498352438211441,0.0761815756559372,0.1300705522298813,0.29576703906059265,0.2833961248397827,0.01220417395234108,-0.08818627893924713,0.4836716651916504,0.17908704280853271,0.03443281725049019,0.1757907271385193,0.29919126629829407,0.10673336684703827,0.027296215295791626,-0.12254148721694946,0.5191848874092102,0.014267684891819954,0.06689031422138214,1,0.041,,,,,,,,,,,,,,,,,,,,,,,,,,,,,,,,,,,,,,,,,,,,,,,,,,,,,,,,,,,,,,,,,,,,,,,,,,,,,,,,,,,,,,,,,,,,,,,,,,,,,,,,,,,,,,,,,,,,,,,,,,,,,,,,,,,,,,,,,,,,,,,,,,,,,,,,,,,,,,,,,,,,,,,,
0.0013620610116049647,-0.6242759823799133,-0.2988138496875763,0.9992440938949585,0.020079178735613823,-0.6573917269706726,-0.28880825638771057,0.9986611604690552,0.019736550748348236,-0.6570807099342346,-0.2906073033809662,0.998729944229126,0.020282626152038574,-0.6571943759918213,-0.28865113854408264,0.9984782338142395,-0.014984703622758389,-0.6591718196868896,-0.29245230555534363,0.9988505840301514,-0.01280552614480257,-0.6599410176277161,-0.2926162779331207,0.9989511966705322,-0.013455118983983994,-0.6589673161506653,-0.28867480158805847,0.9987870454788208,0.08115486055612564,-0.6292017698287964,-0.1951095461845398,0.9986199140548706,-0.061954937875270844,-0.6316694021224976,-0.18721912801265717,0.9988470077514648,0.016948597505688667,-0.5909295082092285,-0.27193763852119446,0.9994982481002808,-0.024505002424120903,-0.5897328853607178,-0.26916876435279846,0.9996239542961121,0.1592339277267456,-0.42990779876708984,-0.127726212143898,0.9982037544250488,-0.15209825336933136,-0.43244946002960205,-0.12341085821390152,0.9984195232391357,0.2115851789712906,-0.19063648581504822,-0.1129889264702797,0.7377113699913025,-0.17480729520320892,-0.18803927302360535,-0.08716867864131927,0.7374079823493958,0.201615571975708,0.007667740806937218,-0.2118532806634903,0.21270425617694855,-0.235087588429451,0.0022274437360465527,-0.17307905852794647,0.2540580630302429,0.20392164587974548,0.0659702867269516,-0.2408110499382019,0.19033432006835938,-0.25476354360580444,0.058500535786151886,-0.195104718208313,0.23933401703834534,0.17791374027729034,0.05868980661034584,-0.28402262926101685,0.2545262277126312,-0.25550928711891174,0.06406857073307037,-0.23296639323234558,0.30215686559677124,0.18310999870300293,0.017980588600039482,-0.2368282526731491,0.2320059835910797,-0.23176977038383484,0.022329173982143402,-0.19196458160877228,0.2836417257785797,0.10136638581752777,-0.007329731248319149,0.00286121666431427,0.23695990443229675,-0.10198797285556793,-0.0015513456892222166,-0.0011219062143936753,0.28945982456207275,0.0861603319644928,0.03662627190351486,-0.001426245435141027,0.11571447551250458,-0.08175399899482727,0.1434236615896225,-0.09488574415445328,0.18005871772766113,0.12133671343326569,0.28099632263183594,0.2513144016265869,0.021917441859841347,-0.08891937881708145,0.4588753581047058,0.13958537578582764,0.0738145112991333,0.12233112752437592,0.2979659140110016,0.27448102831840515,0.012059337459504604,-0.08826353400945663,0.480082243680954,0.16643796861171722,0.034066636115312576,0.1666562706232071,0.3008621037006378,0.10441529750823975,0.026856394484639168,-0.12235460430383682,0.5154570937156677,0.005890014115720987,0.06569404155015945,2,0.083,,,,,,,,,,,,,,,,,,,,,,,,,,,,,,,,,,,,,,,,,,,,,,,,,,,,,,,,,,,,,,,,,,,,,,,,,,,,,,,,,,,,,,,,,,,,,,,,,,,,,,,,,,,,,,,,,,,,,,,,,,,,,,,,,,,,,,,,,,,,,,,,,,,,,,,,,,,,,,,,,,,,,,,,
0.014185990206897259,-0.6287927627563477,-0.28359702229499817,0.9991884827613831,0.032559704035520554,-0.6620274782180786,-0.27255791425704956,0.9986085891723633,0.03213614970445633,-0.6617124676704407,-0.274543434381485,0.9986958503723145,0.032671038061380386,-0.6618468165397644,-0.2724917232990265,0.9984479546546936,-0.0024394115898758173,-0.6635006070137024,-0.2761061489582062,0.9987589120864868,-0.0003038215800188482,-0.6642592549324036,-0.27618497610092163,0.9988591074943542,-0.0009083233890123665,-0.6632582545280457,-0.2722039818763733,0.9986869692802429,0.09290869534015656,-0.6325885057449341,-0.17804235219955444,0.998580813407898,-0.05031585693359375,-0.6341626644134521,-0.1694127768278122,0.9987384080886841,0.03023415617644787,-0.5950524806976318,-0.2570122182369232,0.9994636178016663,-0.011263241060078144,-0.5936024785041809,-0.25367850065231323,0.9995772838592529,0.16683781147003174,-0.43411335349082947,-0.11766687780618668,0.9982667565345764,-0.14172278344631195,-0.4338255226612091,-0.11038899421691895,0.9983569383621216,0.23078201711177826,-0.2135825753211975,-0.11935003101825714,0.7529143691062927,-0.17459072172641754,-0.19210076332092285,-0.07574933767318726,0.7435815334320068,0.1867193579673767,-0.05399887636303902,-0.2538306415081024,0.24396035075187683,-0.23833708465099335,-0.01054108515381813,-0.16315264999866486,0.2732636332511902,0.1730041354894638,-0.0067236702889204025,-0.29019400477409363,0.21460944414138794,-0.2588528096675873,0.03941139206290245,-0.18439333140850067,0.255181223154068,0.1417834460735321,-0.020177382975816727,-0.31776323914527893,0.278949499130249,-0.2607341706752777,0.03769349306821823,-0.2203301042318344,0.31859278678894043,0.1638067066669464,-0.04791085794568062,-0.2726517915725708,0.254683256149292,-0.23569166660308838,0.006364315748214722,-0.18149998784065247,0.2996164858341217,0.10138745605945587,-0.006215105764567852,0.002825669012963772,0.2330380529165268,-0.10193989425897598,-0.0027451966889202595,-0.0010577827924862504,0.2797184884548187,0.0879046618938446,0.02491142600774765,-0.021589722484350204,0.11168237775564194,-0.09213919192552567,0.09525835514068604,-0.1148139238357544,0.17344792187213898,0.1194569543004036,0.268372118473053,0.22807253897190094,0.021014753729104996,-0.09090936183929443,0.44461002945899963,0.11434289067983627,0.07007405161857605,0.12025684863328934,0.2835007309913635,0.25149035453796387,0.011772939935326576,-0.08889855444431305,0.4638567268848419,0.1438041627407074,0.03302057087421417,0.1649169623851776,0.2653323709964752,0.06747877597808838,0.025883963331580162,-0.11879546195268631,0.48502224683761597,-0.024726567789912224,0.06285759806632996,3,0.125,,,,,,,,,,,,,,,,,,,,,,,,,,,,,,,,,,,,,,,,,,,,,,,,,,,,,,,,,,,,,,,,,,,,,,,,,,,,,,,,,,,,,,,,,,,,,,,,,,,,,,,,,,,,,,,,,,,,,,,,,,,,,,,,,,,,,,,,,,,,,,,,,,,,,,,,,,,,,,,,,,,,,,,,
0.020415809005498886,-0.6330016851425171,-0.2696642577648163,0.9991852045059204,0.03937568515539169,-0.6656917333602905,-0.2573928236961365,0.998629093170166,0.03886086121201515,-0.6654049754142761,-0.25968676805496216,0.9987239837646484,0.0393810011446476,-0.6655758023262024,-0.2574794292449951,0.9984912276268005,0.003565619233995676,-0.6670696139335632,-0.2601792514324188,0.9987444877624512,0.005688945762813091,-0.6678406596183777,-0.2601960599422455,0.9988371729850769,0.005139834247529507,-0.6668341159820557,-0.2561952471733093,0.9986625909805298,0.09983014315366745,-0.634992778301239,-0.15681192278862,0.9986282587051392,-0.0480632558465004,-0.6366018056869507,-0.1482757180929184,0.9987106919288635,0.036277368664741516,-0.599130392074585,-0.24200130999088287,0.9994708299636841,-0.006542916409671307,-0.5977052450180054,-0.23828715085983276,0.9995670318603516,0.1732195019721985,-0.43703287839889526,-0.10804878920316696,0.9983709454536438,-0.14307451248168945,-0.4376564025878906,-0.08106716722249985,0.9982863664627075,0.24241334199905396,-0.22733351588249207,-0.138584166765213,0.7747025489807129,-0.19508248567581177,-0.19942797720432281,-0.060610249638557434,0.7572829723358154,0.10908497124910355,-0.113211490213871,-0.31429117918014526,0.309654176235199,-0.2863766849040985,-0.057247094810009,-0.1685859113931656,0.31873244047164917,0.06493530422449112,-0.07974304258823395,-0.3616617023944855,0.2770616412162781,-0.3137017488479614,-0.024861793965101242,-0.19099965691566467,0.2976143956184387,0.02668747305870056,-0.10860957950353622,-0.37180110812187195,0.33652085065841675,-0.31653279066085815,-0.039487842470407486,-0.2271701693534851,0.3598179817199707,0.07698743045330048,-0.11615639179944992,-0.3261449933052063,0.312200665473938,-0.2851073741912842,-0.04859652742743492,-0.18673750758171082,0.34093400835990906,0.1034148782491684,-0.004842024762183428,0.001612627413123846,0.25924596190452576,-0.10319937020540237,-0.00409751245751977,0.0003324909193906933,0.29540249705314636,0.09699776023626328,-0.01608974114060402,-0.09862826019525528,0.11821616441011429,-0.1089373454451561,0.039914511144161224,-0.17163585126399994,0.1760226935148239,0.11416707187891006,0.22636696696281433,0.15846781432628632,0.020803533494472504,-0.09510234743356705,0.4055737853050232,0.058739013969898224,0.06776967644691467,0.11355271935462952,0.24224169552326202,0.18290400505065918,0.011961481533944607,-0.09070269018411636,0.423492431640625,0.08782946318387985,0.03281571716070175,0.15411481261253357,0.22270742058753967,0.004421072546392679,0.025737501680850983,-0.1180093064904213,0.4490126669406891,-0.07649091631174088,0.061383362859487534,4,0.166,,,,,,,,,,,,,,,,,,,,,,,,,,,,,,,,,,,,,,,,,,,,,,,,,,,,,,,,,,,,,,,,,,,,,,,,,,,,,,,,,,,,,,,,,,,,,,,,,,,,,,,,,,,,,,,,,,,,,,,,,,,,,,,,,,,,,,,,,,,,,,,,,,,,,,,,,,,,,,,,,,,,,,,,
0.012043152004480362,-0.6324993968009949,-0.27195557951927185,0.9992625117301941,0.03027828224003315,-0.6659783124923706,-0.26079365611076355,0.9987583160400391,0.0296006016433239,-0.6656677722930908,-0.26296284794807434,0.9988431334495544,0.030046749860048294,-0.6657570600509644,-0.2607109844684601,0.9986315965652466,-0.005627741105854511,-0.6678648591041565,-0.26346808671951294,0.9988645315170288,-0.003585999133065343,-0.6685320138931274,-0.264102041721344,0.9989487528800964,-0.004220473114401102,-0.6674742698669434,-0.2600667178630829,0.9987912178039551,0.09331819415092468,-0.6370996832847595,-0.1601215898990631,0.9987565875053406,-0.05819467455148697,-0.6408733129501343,-0.15148410201072693,0.9988359212875366,0.030038822442293167,-0.5985113382339478,-0.24487170577049255,0.9995206594467163,-0.013672798871994019,-0.5973902344703674,-0.24035678803920746,0.99960857629776,0.17257174849510193,-0.4366818368434906,-0.10973092913627625,0.9985124468803406,-0.1552773118019104,-0.4394470453262329,-0.07952067255973816,0.9984424710273743,0.23904578387737274,-0.22153261303901672,-0.1787695735692978,0.7971622943878174,-0.2183387279510498,-0.1989310383796692,-0.1392575204372406,0.7811261415481567,0.088995561003685,-0.21153928339481354,-0.3720269501209259,0.37857183814048767,-0.27995699644088745,-0.195772185921669,-0.36571380496025085,0.3864154517650604,0.03499194234609604,-0.21261779963970184,-0.41669490933418274,0.34853991866111755,-0.3008995056152344,-0.20285862684249878,-0.4153040945529938,0.36611440777778625,0.01568390429019928,-0.257294625043869,-0.4104917347431183,0.4020691514015198,-0.3034725785255432,-0.2364116907119751,-0.4133910536766052,0.4222891330718994,0.06517936289310455,-0.23053771257400513,-0.3772706091403961,0.3801219165325165,-0.27630096673965454,-0.20714649558067322,-0.3721166253089905,0.4051768183708191,0.10874221473932266,-0.0048026894219219685,0.0018087843200191855,0.31311458349227905,-0.1080627515912056,-0.003339602844789624,-0.00025744581944309175,0.34868791699409485,0.1283898800611496,-0.009515233337879181,-0.07407767325639725,0.11019618809223175,-0.12796323001384735,0.05338075011968613,-0.1373983770608902,0.1645842343568802,0.13339276611804962,0.20600482821464539,0.20808611810207367,0.019185911864042282,-0.09838983416557312,0.3716561794281006,0.08828426152467728,0.06195061653852463,0.13486431539058685,0.21703015267848969,0.2391187697649002,0.011553311720490456,-0.09081494808197021,0.389034241437912,0.1256609559059143,0.030383780598640442,0.17024734616279602,0.21002164483070374,0.09757310897111893,0.023521389812231064,-0.08426309376955032,0.43095842003822327,-0.023919513449072838,0.05584615841507912,5,0.208,0.6394643187522888,0.8441048860549927,-1.3821323818774545e-07,,0.6160897612571716,0.8012178540229797,-0.002774110995233059,,0.5772610902786255,0.7803321480751038,-0.009996776469051838,,0.5429997444152832,0.7960186004638672,-0.016198063269257545,,0.5270503759384155,0.8226472735404968,-0.02349563129246235,,0.5916537046432495,0.7671561241149902,-0.02848455123603344,,0.5449678301811218,0.7954384088516235,-0.04037002474069595,,0.5439527034759521,0.8124590516090393,-0.04565880075097084,,0.551469624042511,0.8153402209281921,-0.048416752368211746,,0.6037065982818604,0.8045289516448975,-0.032793913036584854,,0.5546265840530396,0.8380969166755676,-0.04102830961346626,,0.5575465559959412,0.8476141095161438,-0.04059687629342079,,0.5699889063835144,0.8418455719947815,-0.041799161583185196,,0.6126128435134888,0.8469828963279724,-0.03584568202495575,,0.5671232342720032,0.8766166567802429,-0.04369933158159256,,0.572816014289856,0.8831785917282104,-0.03788217157125473,,0.5863797664642334,0.8768876194953918,-0.034513454884290695,,0.6178455352783203,0.8919641971588135,-0.03829578310251236,,0.580626368522644,0.9125562310218811,-0.04545021057128906,,0.5876267552375793,0.9133888483047485,-0.04005011171102524,,0.6014748215675354,0.9093004465103149,-0.03576607257127762,,,,,,,,,,,,,,,,,,,,,,,,,,,,,,,,,,,,,,,,,,,,,,,,,,,,,,,,,,,,,,,,,,,,,,,,,,,,,,,,,,,,,
0.010594145394861698,-0.6236933469772339,-0.27630695700645447,0.9993274211883545,0.029378756880760193,-0.6586154699325562,-0.2655823826789856,0.9988643527030945,0.028656452894210815,-0.6582631468772888,-0.2676776349544525,0.9989399313926697,0.02906647138297558,-0.6582360863685608,-0.26550042629241943,0.9987461566925049,-0.006363878026604652,-0.6618149876594543,-0.2682451903820038,0.9989646077156067,-0.0043494016863405704,-0.6622793674468994,-0.26890119910240173,0.9990419745445251,-0.0050428020767867565,-0.6611443161964417,-0.2648823857307434,0.9988995790481567,0.09342598170042038,-0.6336326599121094,-0.1632898896932602,0.9988650679588318,-0.05727292597293854,-0.64054274559021,-0.15667173266410828,0.9989435076713562,0.029540380463004112,-0.58967524766922,-0.24935553967952728,0.9995636343955994,-0.014083929359912872,-0.5905261039733887,-0.2445620447397232,0.99964439868927,0.1764305979013443,-0.4319465756416321,-0.11286903917789459,0.998633086681366,-0.15267769992351532,-0.4416002333164215,-0.0826553925871849,0.9985836148262024,0.23730728030204773,-0.21185755729675293,-0.20488235354423523,0.8173918724060059,-0.21425415575504303,-0.20665782690048218,-0.16783545911312103,0.8027182221412659,0.08284933120012283,-0.24119611084461212,-0.3914361000061035,0.44062867760658264,-0.25745269656181335,-0.2557736337184906,-0.39444079995155334,0.4475354850292206,0.02883610501885414,-0.25235405564308167,-0.43798258900642395,0.4129241406917572,-0.25711873173713684,-0.27091577649116516,-0.4476972222328186,0.4281732738018036,0.018733438104391098,-0.29792696237564087,-0.4282863438129425,0.46107158064842224,-0.2531316578388214,-0.3091440498828888,-0.44175878167152405,0.4787025451660156,0.06255592405796051,-0.2640579640865326,-0.3947089910507202,0.44128498435020447,-0.24718144536018372,-0.27103036642074585,-0.400089293718338,0.46324706077575684,0.11107252538204193,-0.0032455925829708576,0.000969521002843976,0.3587210774421692,-0.11018675565719604,-0.0034236484207212925,9.442812006454915e-05,0.3941251337528229,0.1427622139453888,-0.007265354506671429,-0.06375230848789215,0.10303753614425659,-0.12992708384990692,0.05099751800298691,-0.08803656697273254,0.15337076783180237,0.14538636803627014,0.2185090333223343,0.23103508353233337,0.01777014322578907,-0.09313536435365677,0.3806222379207611,0.18890489637851715,0.05653809383511543,0.14794565737247467,0.23077261447906494,0.25860339403152466,0.01098580937832594,-0.08130905032157898,0.39998140931129456,0.2251632809638977,0.028050219640135765,0.17560431361198425,0.22652366757392883,0.11325228959321976,0.021502573043107986,-0.06510061025619507,0.4399363398551941,0.06394282728433609,0.05069964751601219,6,0.25,0.6405549049377441,0.7733195424079895,-1.7102298954796424e-07,,0.6225177049636841,0.729776918888092,-0.0028807325288653374,,0.5892060399055481,0.7028045058250427,-0.010813707485795021,,0.55580073595047,0.7067928314208984,-0.018608074635267258,,0.5335322022438049,0.7165988087654114,-0.027351858094334602,,0.5977603197097778,0.6818624138832092,-0.022376112639904022,,0.5502009987831116,0.682382345199585,-0.03532209247350693,,0.5343074202537537,0.7047758102416992,-0.04222719743847847,,0.5307786464691162,0.7184810638427734,-0.04623151943087578,,0.6029621362686157,0.7143810391426086,-0.027279416099190712,,0.5541976690292358,0.7227665781974792,-0.03656430542469025,,0.5484135746955872,0.7412288188934326,-0.03753845393657684,,0.5534522533416748,0.7468036413192749,-0.03965117409825325,,0.6065739393234253,0.7531991004943848,-0.03167320787906647,,0.562078595161438,0.7643641829490662,-0.04067971557378769,,0.5641142129898071,0.7785359621047974,-0.03599022328853607,,0.5745304822921753,0.7803145051002502,-0.0334186926484108,,0.6069520115852356,0.7925500869750977,-0.035847242921590805,,0.5707023739814758,0.7994234561920166,-0.04452391713857651,,0.5746279358863831,0.8085535764694214,-0.04063320532441139,,0.5855480432510376,0.8125017285346985,-0.03734142333269119,,0.33282041549682617,0.8372076153755188,1.0252301052560142e-07,,0.3549374043941498,0.8308495879173279,-0.007837769575417042,,0.37267547845840454,0.8041791319847107,-0.011401068419218063,,0.385031133890152,0.7782906293869019,-0.014582609757781029,,0.3931114673614502,0.7611277103424072,-0.01723066344857216,,0.3594188392162323,0.7420172691345215,-0.004484872333705425,,0.36601394414901733,0.7003808617591858,-0.008278843946754932,,0.3718037009239197,0.6855841875076294,-0.011400043033063412,,0.37663373351097107,0.6812341809272766,-0.01334312092512846,,0.3453129529953003,0.7371994853019714,-0.003095304360613227,,0.34927448630332947,0.6982247829437256,-0.005322715267539024,,0.3541124165058136,0.6938061118125916,-0.007765893824398518,,0.35698166489601135,0.6987871527671814,-0.009513693861663342,,0.3321022093296051,0.7403705716133118,-0.002567068673670292,,0.33560097217559814,0.7068789005279541,-0.0045112185180187225,,0.3399391770362854,0.7084376811981201,-0.0043726274743676186,,0.34210440516471863,0.7172030210494995,-0.004185815807431936,,0.32010650634765625,0.7493975162506104,-0.0028487895615398884,,0.3233441710472107,0.7228145599365234,-0.003659280715510249,,0.32695767283439636,0.7232529520988464,-0.0019231541082262993,,0.3289957046508789,0.7315006852149963,-0.00022895439178682864,
0.004418624099344015,-0.6129190921783447,-0.2702329456806183,0.9993862509727478,0.02444034442305565,-0.6491897702217102,-0.26270174980163574,0.9989619851112366,0.023703143000602722,-0.6488315463066101,-0.2647061347961426,0.9990291595458984,0.024074744433164597,-0.6487605571746826,-0.26241111755371094,0.9988521337509155,-0.011236215010285378,-0.6534688472747803,-0.26278674602508545,0.9990559816360474,-0.009234647266566753,-0.6538504958152771,-0.2638881206512451,0.9991267323493958,-0.0099959596991539,-0.6526774168014526,-0.2598763108253479,0.9989981055259705,0.09311384707689285,-0.6306940913200378,-0.1657036393880844,0.998964250087738,-0.05723780393600464,-0.6402023434638977,-0.14803792536258698,0.9990407228469849,0.02683866396546364,-0.5808746814727783,-0.24501755833625793,0.9996021389961243,-0.01659315638244152,-0.5832189321517944,-0.23671671748161316,0.9996762871742249,0.17818090319633484,-0.4299617111682892,-0.11390554159879684,0.9987399578094482,-0.15081481635570526,-0.4446544051170349,-0.06786198168992996,0.9987105131149292,0.22048872709274292,-0.20705610513687134,-0.208413228392601,0.8355985879898071,-0.21135619282722473,-0.21056696772575378,-0.1609528809785843,0.8221375942230225,0.07618476450443268,-0.2769901156425476,-0.39322084188461304,0.4964975118637085,-0.2431655079126358,-0.2763446271419525,-0.38824692368507385,0.5025744438171387,0.02568962797522545,-0.2995072305202484,-0.44048917293548584,0.4710499048233032,-0.2421068400144577,-0.29792046546936035,-0.4416798949241638,0.48422348499298096,0.022496093064546585,-0.347039133310318,-0.4291214048862457,0.5143688321113586,-0.23958776891231537,-0.3360915780067444,-0.43424418568611145,0.5296885371208191,0.05987593159079552,-0.3032081127166748,-0.3963491916656494,0.49653342366218567,-0.23318250477313995,-0.29301074147224426,-0.3938867151737213,0.5157275795936584,0.11205926537513733,-0.002792556071653962,-0.002051098272204399,0.399541974067688,-0.11114928126335144,-0.0033840022515505552,0.0024372239131480455,0.4340745210647583,0.1455259472131729,-0.0031194717157632113,-0.06821873784065247,0.09630218148231506,-0.13264100253582,0.058711111545562744,-0.06919485330581665,0.14250200986862183,0.15113241970539093,0.2183222770690918,0.22902771830558777,0.016460414975881577,-0.09207486361265182,0.38600581884384155,0.2057752162218094,0.05152016878128052,0.15375091135501862,0.22931787371635437,0.2553226053714752,0.010435706004500389,-0.07948137819766998,0.40568071603775024,0.24146080017089844,0.02588561363518238,0.17651191353797913,0.22976545989513397,0.1124231144785881,0.019656019285321236,-0.06874560564756393,0.446095734834671,0.08256962150335312,0.045989904552698135,7,0.291,0.6395060420036316,0.7298383116722107,-1.322623432997716e-07,,0.624769389629364,0.6829618215560913,-0.006643606815487146,,0.5946525931358337,0.6445749998092651,-0.01929287053644657,,0.56337970495224,0.6381397247314453,-0.031068023294210434,,0.5390729904174805,0.6471731066703796,-0.04402780905365944,,0.5993517637252808,0.6087146401405334,-0.031574513763189316,,0.555672824382782,0.5879904627799988,-0.04897373169660568,,0.5412470102310181,0.5922026634216309,-0.05931819975376129,,0.5348337888717651,0.5919684171676636,-0.06657560169696808,,0.601970374584198,0.6363264322280884,-0.03616764768958092,,0.5531033277511597,0.6470022201538086,-0.051200225949287415,,0.5596814751625061,0.6685068011283875,-0.05239088833332062,,0.5738617181777954,0.6720521450042725,-0.05437538027763367,,0.6019899845123291,0.6748175621032715,-0.0405733697116375,,0.5576581358909607,0.6879608035087585,-0.0530056469142437,,0.566312849521637,0.7021685242652893,-0.045451290905475616,,0.5798959136009216,0.7028601169586182,-0.041324686259031296,,0.5984750390052795,0.714269757270813,-0.04523389786481857,,0.5636709928512573,0.7229772806167603,-0.05630481243133545,,0.572330117225647,0.7330300807952881,-0.051328372210264206,,0.5847274661064148,0.7347538471221924,-0.0474180206656456,,0.33416083455085754,0.806459903717041,8.841917065183225e-08,,0.336544930934906,0.7486875057220459,-0.0011154285166412592,,0.3498745858669281,0.6876797080039978,-0.0067861489951610565,,0.36747026443481445,0.6480746865272522,-0.013398818671703339,,0.3804384768009186,0.6190957427024841,-0.0203370563685894,,0.33023056387901306,0.678517758846283,-0.015735846012830734,,0.35443323850631714,0.6395100951194763,-0.025599732995033264,,0.37132108211517334,0.6273307204246521,-0.0319552943110466,,0.3841002285480499,0.6208338141441345,-0.036758944392204285,,0.33030781149864197,0.7049763798713684,-0.021450094878673553,,0.3599971830844879,0.67489093542099,-0.02839386835694313,,0.36708885431289673,0.6834404468536377,-0.029249075800180435,,0.3647426664829254,0.6906120181083679,-0.0320056788623333,,0.3343321681022644,0.7361467480659485,-0.0270528681576252,,0.36495545506477356,0.7115746736526489,-0.033172860741615295,,0.3664393126964569,0.7235653400421143,-0.028523966670036316,,0.35952240228652954,0.7326011657714844,-0.02701503224670887,,0.34042054414749146,0.7687009572982788,-0.03299908712506294,,0.36649805307388306,0.7473841905593872,-0.03619587793946266,,0.3671475350856781,0.7561986446380615,-0.031773537397384644,,0.35957956314086914,0.7663435935974121,-0.029582004994153976,
0.004911395721137524,-0.6131510734558105,-0.24916210770606995,0.9994417428970337,0.02600475773215294,-0.6493123173713684,-0.24144086241722107,0.9990540146827698,0.02527623437345028,-0.6489579677581787,-0.24330350756645203,0.9991135001182556,0.025613516569137573,-0.6489014029502869,-0.24090300500392914,0.9989521503448486,-0.009531508199870586,-0.6542332768440247,-0.24115952849388123,0.9991417527198792,-0.007517884951084852,-0.6545735597610474,-0.24253647029399872,0.9992062449455261,-0.008297574706375599,-0.653387725353241,-0.23852869868278503,0.9990901350975037,0.09631091356277466,-0.6307045221328735,-0.14719313383102417,0.9990555644035339,-0.052392780780792236,-0.6432639360427856,-0.12738318741321564,0.9991305470466614,0.026951655745506287,-0.5811110734939575,-0.22426967322826385,0.9996371269226074,-0.016315167769789696,-0.584095299243927,-0.21605455875396729,0.9997055530548096,0.1815207451581955,-0.4291517734527588,-0.09930279850959778,0.9988260269165039,-0.1484939008951187,-0.45510727167129517,-0.05393470451235771,0.9988260269165039,0.21623101830482483,-0.2053762972354889,-0.19859130680561066,0.8519705533981323,-0.2089584767818451,-0.23365190625190735,-0.15727630257606506,0.8397131562232971,0.08973196148872375,-0.3030204474925995,-0.38503268361091614,0.5467851758003235,-0.23411758244037628,-0.29061630368232727,-0.3908333480358124,0.552169680595398,0.045271605253219604,-0.32967448234558105,-0.4353140592575073,0.5234128832817078,-0.23572660982608795,-0.3084706664085388,-0.44687730073928833,0.5349504947662354,0.04081754386425018,-0.37946999073028564,-0.4262049198150635,0.5624009370803833,-0.23008210957050323,-0.3431680202484131,-0.44101667404174805,0.5758953094482422,0.07366350293159485,-0.33081090450286865,-0.3900681436061859,0.5463263392448425,-0.22384461760520935,-0.3048648536205292,-0.3974972069263458,0.5633178949356079,0.11280245333909988,-0.0022496432065963745,-0.0023277609143406153,0.4408276379108429,-0.1119573712348938,-0.003416061168536544,0.002565948525443673,0.4746822714805603,0.14714966714382172,-0.0047905719839036465,-0.07530990988016129,0.08953197300434113,-0.13218708336353302,0.059454113245010376,-0.0699262022972107,0.13216206431388855,0.15425533056259155,0.2193489819765091,0.2192939668893814,0.015250608325004578,-0.09120028465986252,0.3912857174873352,0.1954059898853302,0.04705590009689331,0.15674005448818207,0.2302226722240448,0.24364180862903595,0.009889225475490093,-0.078184574842453,0.4112314283847809,0.22914017736911774,0.023900853469967842,0.17745092511177063,0.23205974698066711,0.09370341151952744,0.01801985315978527,-0.07144346088171005,0.4503014087677002,0.06601760536432266,0.041834499686956406,8,0.333,0.633296012878418,0.6853325366973877,-1.7739009194883693e-07,,0.6229759454727173,0.6359514594078064,-0.0006244996911846101,,0.5984846353530884,0.5948692560195923,-0.008101516403257847,,0.5706897377967834,0.5810823440551758,-0.01576627418398857,,0.5486598014831543,0.5803674459457397,-0.02439854107797146,,0.6009100675582886,0.5639604926109314,-0.019234566017985344,,0.5605239272117615,0.5360120534896851,-0.031523481011390686,,0.5350725650787354,0.5242747664451599,-0.03800833225250244,,0.5153695344924927,0.51566082239151,-0.042957089841365814,,0.6024863719940186,0.5886265635490417,-0.02597930282354355,,0.5595388412475586,0.5901726484298706,-0.03945038095116615,,0.567020058631897,0.6103853583335876,-0.03965841233730316,,0.5807905793190002,0.6159319281578064,-0.039633821696043015,,0.6015613079071045,0.6236507892608643,-0.03209133446216583,,0.5633729100227356,0.6310849785804749,-0.04410438984632492,,0.5716277956962585,0.6445004940032959,-0.03683196380734444,,0.5834650993347168,0.6446118354797363,-0.03162255510687828,,0.5979295372962952,0.6606438159942627,-0.03794481232762337,,0.56675124168396,0.665564775466919,-0.046759795397520065,,0.5755254030227661,0.6765666604042053,-0.0409645177423954,,0.58668452501297,0.6781033277511597,-0.03625527769327164,,0.32226911187171936,0.7293785214424133,8.076589352867813e-08,,0.32641249895095825,0.6798719167709351,-0.0026202346198260784,,0.347552090883255,0.6251972913742065,-0.00799937080591917,,0.3731769919395447,0.5951213240623474,-0.013609458692371845,,0.39070555567741394,0.5745141506195068,-0.019182993099093437,,0.3326505720615387,0.6207497715950012,-0.015757974237203598,,0.3615874648094177,0.5925317406654358,-0.024318717420101166,,0.37800830602645874,0.5829735994338989,-0.02953949384391308,,0.3890618085861206,0.574874758720398,-0.03341156244277954,,0.3368973731994629,0.647921621799469,-0.020505279302597046,,0.3720631003379822,0.6227341890335083,-0.02928491309285164,,0.3694550693035126,0.637473464012146,-0.029776500537991524,,0.3586127758026123,0.6451426148414612,-0.030475758016109467,,0.343545526266098,0.6768490076065063,-0.02506306953728199,,0.37554413080215454,0.6520195007324219,-0.03181253373622894,,0.3706904649734497,0.6663835644721985,-0.026865649968385696,,0.36006051301956177,0.6735166907310486,-0.023744115605950356,,0.35123899579048157,0.7049673795700073,-0.02999635599553585,,0.37660467624664307,0.6801731586456299,-0.032205674797296524,,0.3719535768032074,0.6911594867706299,-0.02681468240916729,,0.36180785298347473,0.7004566192626953,-0.02338382415473461,
0.005682441405951977,-0.6051762104034424,-0.2556844651699066,0.9994940757751465,0.026725491508841515,-0.641937792301178,-0.24714262783527374,0.9991416931152344,0.02598830871284008,-0.6415596008300781,-0.24899791181087494,0.9991947412490845,0.026333428919315338,-0.6414821147918701,-0.2467108517885208,0.9990483522415161,-0.00890444964170456,-0.6469707489013672,-0.24779309332370758,0.9992222785949707,-0.006898157298564911,-0.6473149657249451,-0.24894985556602478,0.9992806911468506,-0.007671865168958902,-0.6461116075515747,-0.2449479103088379,0.999176025390625,0.09946169704198837,-0.6274601221084595,-0.15092182159423828,0.9991423487663269,-0.049518853425979614,-0.6419174671173096,-0.1345473825931549,0.9992135167121887,0.02843635529279709,-0.5746075510978699,-0.2301357388496399,0.999670684337616,-0.014818851836025715,-0.5779246687889099,-0.22289857268333435,0.9997331500053406,0.1880679875612259,-0.42419058084487915,-0.1014404445886612,0.9989191293716431,-0.14508850872516632,-0.45440202951431274,-0.0619504451751709,0.9989349842071533,0.20605327188968658,-0.1951887011528015,-0.20536941289901733,0.8667153716087341,-0.20748263597488403,-0.22928281128406525,-0.17053160071372986,0.8556052446365356,0.09651090204715729,-0.3032558262348175,-0.4007066488265991,0.5920629501342773,-0.23079192638397217,-0.294424831867218,-0.4153923988342285,0.5968745946884155,0.05491844564676285,-0.33347088098526,-0.4482198655605316,0.5707197189331055,-0.23370349407196045,-0.31816115975379944,-0.4692985713481903,0.580997884273529,0.046104446053504944,-0.3829095661640167,-0.4389031231403351,0.605811357498169,-0.22826886177062988,-0.35553568601608276,-0.4619682729244232,0.61786288022995,0.08032060414552689,-0.33146917819976807,-0.4054967164993286,0.5913223624229431,-0.22068201005458832,-0.3106006979942322,-0.4213452637195587,0.6065111756324768,0.11410175263881683,-0.001577849849127233,-0.002134277718141675,0.4658706784248352,-0.11298277229070663,-0.003573819063603878,0.002285318449139595,0.5019080638885498,0.14604225754737854,-0.01928037963807583,-0.07795079052448273,0.08417726308107376,-0.13951750099658966,0.029916591942310333,-0.07178542017936707,0.12471456825733185,0.15336106717586517,0.20210206508636475,0.22089190781116486,0.014241543598473072,-0.09803874045610428,0.37291648983955383,0.18852612376213074,0.04322092980146408,0.15602754056453705,0.21210812032222748,0.2447989583015442,0.009502317756414413,-0.08425596356391907,0.3915508985519409,0.22196176648139954,0.022139301523566246,0.17667245864868164,0.20785515010356903,0.0932650938630104,0.0165738295763731,-0.07432970404624939,0.42793601751327515,0.05904795601963997,0.03813649341464043,9,0.375,0.6378042697906494,0.6444811224937439,-1.89266714301084e-07,,0.6302748918533325,0.5947662591934204,0.0003327680751681328,,0.6084043383598328,0.5531625151634216,-0.006057989317923784,,0.5797130465507507,0.5372679829597473,-0.012900125235319138,,0.5584040284156799,0.5301271677017212,-0.02025245875120163,,0.6166970133781433,0.5231114625930786,-0.012468516826629639,,0.578234076499939,0.5043445825576782,-0.02312302775681019,,0.5563073754310608,0.5008978843688965,-0.029312249273061752,,0.5413084626197815,0.5007013082504272,-0.033319342881441116,,0.6146649122238159,0.5498288869857788,-0.018019776791334152,,0.5726149678230286,0.5535790920257568,-0.028030939400196075,,0.5777202844619751,0.5711517333984375,-0.028291791677474976,,0.5889683961868286,0.575705885887146,-0.02908199094235897,,0.6099401116371155,0.5808959603309631,-0.023318681865930557,,0.571467399597168,0.5818644762039185,-0.031888704746961594,,0.5782690644264221,0.5979770421981812,-0.025786012411117554,,0.5891032218933105,0.6009244322776794,-0.02184346877038479,,0.6034602522850037,0.6122350692749023,-0.028498215600848198,,0.5725860595703125,0.6025353670120239,-0.034645840525627136,,0.578136146068573,0.6153854727745056,-0.02987057715654373,,0.5876938104629517,0.6202623844146729,-0.026079414412379265,,0.323762446641922,0.6971675157546997,1.380087581992484e-07,,0.3254950940608978,0.6390464901924133,0.00478765182197094,,0.34240591526031494,0.5936562418937683,0.002184392185881734,,0.36372026801109314,0.5742641091346741,-0.0021579584572464228,,0.3812050223350525,0.5670903921127319,-0.0064989482052624226,,0.3403005003929138,0.5670139789581299,-0.00371733121573925,,0.3704305589199066,0.5487328767776489,-0.008224422112107277,,0.387576162815094,0.5367053151130676,-0.01098702847957611,,0.4008658826351166,0.5254405736923218,-0.013029003515839577,,0.34690308570861816,0.5877761840820312,-0.010268365032970905,,0.38176682591438293,0.5722219944000244,-0.015288717113435268,,0.37724611163139343,0.5886980891227722,-0.01387230958789587,,0.3668254017829895,0.5958670377731323,-0.012076455168426037,,0.35472890734672546,0.6141202449798584,-0.0161034744232893,,0.38526225090026855,0.6003821492195129,-0.018772345036268234,,0.37908726930618286,0.6150025129318237,-0.012793272733688354,,0.3687843680381775,0.6201361417770386,-0.008271291851997375,,0.3615654706954956,0.6424567103385925,-0.021739264950156212,,0.38663601875305176,0.6243823766708374,-0.01931285485625267,,0.3826402425765991,0.6343307495117188,-0.011962328106164932,,0.3735376000404358,0.6406604647636414,-0.006722613237798214,
0.006568691693246365,-0.5955737233161926,-0.2591349482536316,0.9995399713516235,0.027808891609311104,-0.632395327091217,-0.25074055790901184,0.999218761920929,0.027075275778770447,-0.6320279240608215,-0.25261902809143066,0.9992659687995911,0.027430133894085884,-0.6319525837898254,-0.2503494620323181,0.9991328716278076,-0.007886971347033978,-0.637980043888092,-0.2514575719833374,0.9992932677268982,-0.005879854317754507,-0.638331413269043,-0.25255608558654785,0.9993462562561035,-0.006654185242950916,-0.6371244192123413,-0.24855868518352509,0.9992517828941345,0.10043756663799286,-0.6210066080093384,-0.15466593205928802,0.9992191195487976,-0.04856114834547043,-0.6385765075683594,-0.13814866542816162,0.9992873072624207,0.02902313321828842,-0.566169261932373,-0.23353293538093567,0.9997001886367798,-0.014124172739684582,-0.5701626539230347,-0.22623617947101593,0.9997574090957642,0.18837237358093262,-0.42024317383766174,-0.10346260666847229,0.9990025758743286,-0.14502191543579102,-0.45412150025367737,-0.06573989242315292,0.9990329742431641,0.1993013322353363,-0.18841899931430817,-0.2074354737997055,0.8799934983253479,-0.20651797950267792,-0.22724054753780365,-0.1777731329202652,0.8699250221252441,0.10032632201910019,-0.3052709698677063,-0.40557247400283813,0.6328171491622925,-0.2290143221616745,-0.29310956597328186,-0.42377176880836487,0.6371173858642578,0.06043488159775734,-0.33822306990623474,-0.4535858929157257,0.6133220791816711,-0.2332267165184021,-0.3178991973400116,-0.47762244939804077,0.6224860548973083,0.04993616044521332,-0.38764822483062744,-0.4434725344181061,0.6449053883552551,-0.22770501673221588,-0.3553597927093506,-0.4702117443084717,0.6556699275970459,0.08321163058280945,-0.3339685797691345,-0.4104527533054352,0.6318515539169312,-0.21912918984889984,-0.30949583649635315,-0.42983606457710266,0.6454328298568726,0.11478431522846222,-0.0009407880716025829,-0.0021415811497718096,0.49368125200271606,-0.11361221969127655,-0.0037261079996824265,0.0022774378303438425,0.5303913354873657,0.146412193775177,-0.01677224040031433,-0.08355273306369781,0.07968262583017349,-0.14054657518863678,0.034649282693862915,-0.07491130381822586,0.11743628233671188,0.15183699131011963,0.19964605569839478,0.21320828795433044,0.013267438858747482,-0.09868218749761581,0.37004292011260986,0.1849275827407837,0.039616718888282776,0.15430763363838196,0.2096443772315979,0.23837624490261078,0.009074258618056774,-0.08525864034891129,0.38883712887763977,0.21812093257904053,0.020493406802415848,0.17665518820285797,0.20858250558376312,0.08781713992357254,0.015211952850222588,-0.07606370002031326,0.42522138357162476,0.05520077049732208,0.03470312058925629,10,0.417,0.6350064277648926,0.6363155245780945,-1.4692888328227127e-07,,0.6289734840393066,0.5898549556732178,0.0005629651714116335,,0.6104450225830078,0.5493460893630981,-0.005843831691890955,,0.5815584063529968,0.5338601469993591,-0.012343673966825008,,0.5610875487327576,0.5245856046676636,-0.01926065981388092,,0.6194595694541931,0.5153079628944397,-0.014299211092293262,,0.5808587074279785,0.5011914968490601,-0.02304333634674549,,0.5591830015182495,0.4980302155017853,-0.027150636538863182,,0.5439475178718567,0.4968898892402649,-0.030178727582097054,,0.6168779730796814,0.544253408908844,-0.01976349763572216,,0.5744909644126892,0.5448905825614929,-0.029046347364783287,,0.5810555815696716,0.5626459121704102,-0.02821524068713188,,0.5931671261787415,0.5667398571968079,-0.02801143191754818,,0.6119266748428345,0.5751397609710693,-0.024595532566308975,,0.5737491846084595,0.5734335780143738,-0.03301982954144478,,0.5813718438148499,0.5898298621177673,-0.026215607300400734,,0.5927397012710571,0.5923337340354919,-0.021527936682105064,,0.6049050092697144,0.6062227487564087,-0.029108507558703423,,0.5743914842605591,0.5959908366203308,-0.03519957885146141,,0.5804712772369385,0.6086312532424927,-0.030177759006619453,,0.589890718460083,0.612144947052002,-0.026109032332897186,,0.3272896111011505,0.6809877157211304,8.104569104716575e-08,,0.3281252384185791,0.6288209557533264,0.003061461029574275,,0.3451726734638214,0.5854490995407104,-0.0009863728191703558,,0.3667382001876831,0.5654247403144836,-0.0065681664273142815,,0.38337597250938416,0.55764240026474,-0.01216006837785244,,0.3442888855934143,0.5565847754478455,-0.009744222275912762,,0.37744608521461487,0.5351904630661011,-0.015388288535177708,,0.3958204388618469,0.5266870260238647,-0.01765338145196438,,0.4098113179206848,0.5189951062202454,-0.019293731078505516,,0.3500552773475647,0.5786877870559692,-0.01583969034254551,,0.38741233944892883,0.5674796104431152,-0.022069115191698074,,0.3817075490951538,0.583372175693512,-0.019940989091992378,,0.3703738749027252,0.5884503722190857,-0.018176984041929245,,0.3571157157421112,0.605959415435791,-0.021148204803466797,,0.39082521200180054,0.5943431258201599,-0.025262678042054176,,0.38394421339035034,0.6088508367538452,-0.018890734761953354,,0.3733542263507843,0.6139864921569824,-0.01437577698379755,,0.36387401819229126,0.6332990527153015,-0.02633109875023365,,0.3921113610267639,0.6164216995239258,-0.025701038539409637,,0.3881356120109558,0.625641405582428,-0.019158044829964638,,0.3793966472148895,0.6306037306785583,-0.014543021097779274,
0.006080748047679663,-0.5938149690628052,-0.2611754536628723,0.9995802640914917,0.02734055183827877,-0.6305927038192749,-0.25276878476142883,0.9992855787277222,0.026601562276482582,-0.6302175521850586,-0.25465840101242065,0.9993272423744202,0.026955856010317802,-0.63014155626297,-0.2524093687534332,0.9992058277130127,-0.008417113684117794,-0.6359211206436157,-0.25358089804649353,0.9993553757667542,-0.006416896358132362,-0.6362876892089844,-0.2546559274196625,0.9994036555290222,-0.007186138071119785,-0.6350944638252258,-0.2506617307662964,0.9993184208869934,0.10023137927055359,-0.6192570924758911,-0.1558312624692917,0.9992848038673401,-0.04873402789235115,-0.6370128989219666,-0.14016327261924744,0.9993519186973572,0.028905551880598068,-0.5645124912261963,-0.23551534116268158,0.9997255802154541,-0.01428584847599268,-0.5682792067527771,-0.22823640704154968,0.9997784495353699,0.1891392469406128,-0.4173825979232788,-0.10393671691417694,0.9990651607513428,-0.14486435055732727,-0.45384034514427185,-0.06759601086378098,0.9991174340248108,0.1963249146938324,-0.18594321608543396,-0.2096443474292755,0.8919029235839844,-0.20596002042293549,-0.2261928766965866,-0.17868182063102722,0.882742702960968,0.10161159932613373,-0.30129095911979675,-0.4070754945278168,0.6694674491882324,-0.22422415018081665,-0.2930268943309784,-0.4223727285861969,0.6733015775680542,0.06173441559076309,-0.33220556378364563,-0.4547725319862366,0.6514846086502075,-0.22826138138771057,-0.31682971119880676,-0.4759920835494995,0.6596465110778809,0.052615366876125336,-0.3812319338321686,-0.4467216432094574,0.6799153089523315,-0.22294002771377563,-0.3536951243877411,-0.4697214365005493,0.6895252466201782,0.08592784404754639,-0.3294290602207184,-0.4124124348163605,0.6681318283081055,-0.2142435759305954,-0.30853399634361267,-0.4287768304347992,0.6802681088447571,0.11545442789793015,-0.0006666157860308886,-0.0020859031938016415,0.5064465403556824,-0.11418776959180832,-0.003879813477396965,0.0022080247290432453,0.5451446175575256,0.1459127515554428,-0.027112774550914764,-0.08613143116235733,0.07546340674161911,-0.14227427542209625,0.02398696355521679,-0.07542522251605988,0.11076228320598602,0.15147675573825836,0.19952614605426788,0.2103152871131897,0.012484190054237843,-0.10013946890830994,0.371672123670578,0.18250958621501923,0.03646031394600868,0.15386338531970978,0.2095804214477539,0.23484916985034943,0.008720112033188343,-0.08655020594596863,0.3904254138469696,0.21593694388866425,0.01900624670088291,0.17538821697235107,0.20431849360466003,0.06694800406694412,0.014103030785918236,-0.07711835205554962,0.4265228807926178,0.04774907976388931,0.03173328936100006,11,0.458,0.6331230401992798,0.635352373123169,-1.3178636493194062e-07,,0.6273964643478394,0.5888031721115112,0.0008025324787013233,,0.6077491641044617,0.5477206110954285,-0.004980267491191626,,0.5808206796646118,0.5307226777076721,-0.011074837297201157,,0.561185359954834,0.5223307609558105,-0.017617641016840935,,0.6174678206443787,0.5201570987701416,-0.01199465710669756,,0.5807859897613525,0.5027778744697571,-0.021544724702835083,,0.5594960451126099,0.49771642684936523,-0.026619458571076393,,0.5441784858703613,0.49669381976127625,-0.029998717829585075,,0.6142401695251465,0.5478717088699341,-0.017632776871323586,,0.5724931955337524,0.5448380708694458,-0.027593525126576424,,0.5793400406837463,0.5621200203895569,-0.027376487851142883,,0.5911656618118286,0.567516565322876,-0.027199985459446907,,0.6086877584457397,0.578537106513977,-0.022877641022205353,,0.570884644985199,0.5740339159965515,-0.03205148130655289,,0.5797153115272522,0.5886139273643494,-0.02607494778931141,,0.591242253780365,0.5912726521492004,-0.021571196615695953,,0.6017455458641052,0.6092687249183655,-0.027789346873760223,,0.5724562406539917,0.5985029339790344,-0.03448139503598213,,0.5798067450523376,0.6093083620071411,-0.029963871464133263,,0.5895493626594543,0.6131783127784729,-0.02608703263103962,,0.3365035355091095,0.677046537399292,6.512419048476659e-08,,0.3384113013744354,0.6268075108528137,0.0017266058130189776,,0.3569580912590027,0.5815137028694153,-0.0026656989939510822,,0.3808440566062927,0.5606626868247986,-0.008365628309547901,,0.4000222980976105,0.5526493191719055,-0.013905065134167671,,0.3537556529045105,0.5569344162940979,-0.010539805516600609,,0.38835135102272034,0.5371255874633789,-0.016866885125637054,,0.40657368302345276,0.5295828580856323,-0.019291138276457787,,0.42073237895965576,0.5226081013679504,-0.021076971665024757,,0.3586052358150482,0.5797325372695923,-0.016503311693668365,,0.398200124502182,0.570219099521637,-0.024198388680815697,,0.3927346467971802,0.5866474509239197,-0.02244510129094124,,0.38162094354629517,0.5916410088539124,-0.02068622037768364,,0.3651261031627655,0.6072350144386292,-0.021910345181822777,,0.4008243680000305,0.5981588363647461,-0.026689982041716576,,0.39370405673980713,0.612644612789154,-0.020109383389353752,,0.3829171359539032,0.6163027286529541,-0.015491688624024391,,0.3719477653503418,0.6352168321609497,-0.027430661022663116,,0.4019562005996704,0.6217933297157288,-0.027032215148210526,,0.39737436175346375,0.6315966248512268,-0.020548352971673012,,0.38780587911605835,0.6359450817108154,-0.016158321872353554,
0.007318240124732256,-0.5946828126907349,-0.26112931966781616,0.9996172785758972,0.028248097747564316,-0.6314759850502014,-0.2528749108314514,0.9993476867675781,0.027510078623890877,-0.6310989260673523,-0.2547905743122101,0.9993842840194702,0.027870653197169304,-0.6310248374938965,-0.2524595260620117,0.9992730617523193,-0.007775580510497093,-0.6364575624465942,-0.2536727488040924,0.9994129538536072,-0.005768952891230583,-0.6368409395217896,-0.254742830991745,0.9994569420814514,-0.00651548383757472,-0.6356651782989502,-0.25073671340942383,0.9993800520896912,0.10039228200912476,-0.6193608641624451,-0.15565302968025208,0.999346137046814,-0.048902012407779694,-0.6369116902351379,-0.14016935229301453,0.9994121193885803,0.029568398371338844,-0.5654160380363464,-0.2348637729883194,0.9997496604919434,-0.013971532694995403,-0.5688010454177856,-0.22800962626934052,0.9997983574867249,0.18962112069129944,-0.418261855840683,-0.10277929157018661,0.9991271495819092,-0.1458955556154251,-0.4539012312889099,-0.06711171567440033,0.9991950392723083,0.1957916021347046,-0.19803179800510406,-0.20616881549358368,0.902554452419281,-0.206447035074234,-0.22602970898151398,-0.17920643091201782,0.8942255973815918,0.08837809413671494,-0.31685423851013184,-0.3992319703102112,0.7023888826370239,-0.21334470808506012,-0.29535964131355286,-0.42305266857147217,0.7058208584785461,0.041589945554733276,-0.3467571437358856,-0.446175217628479,0.6854919195175171,-0.21348245441913605,-0.32058292627334595,-0.4771861732006073,0.6929082274436951,0.043215714395046234,-0.3968110680580139,-0.43979448080062866,0.7110987305641174,-0.20925791561603546,-0.3581945300102234,-0.46883898973464966,0.7198331952095032,0.07445324957370758,-0.3450170159339905,-0.40505194664001465,0.7003956437110901,-0.20331086218357086,-0.31094470620155334,-0.42818495631217957,0.7113699316978455,0.11615081876516342,-0.0008208751096390188,-0.002018403960391879,0.515677809715271,-0.11484835296869278,-0.003854938317090273,0.0021737234201282263,0.5548442006111145,0.1458582580089569,-0.03820125013589859,-0.08608466386795044,0.0728520005941391,-0.14334996044635773,0.02340514212846756,-0.07656531035900116,0.10549788177013397,0.15079475939273834,0.19285352528095245,0.21166422963142395,0.011920026503503323,-0.10042481124401093,0.3706757724285126,0.18644177913665771,0.03370942920446396,0.15292902290821075,0.20212219655513763,0.2363307923078537,0.008486151695251465,-0.0866432636976242,0.38830024003982544,0.2204490602016449,0.01773686148226261,0.17648810148239136,0.1905914545059204,0.060813263058662415,0.013290861621499062,-0.07787200063467026,0.4276316165924072,0.04720035940408707,0.029233381152153015,12,0.5,0.6199191212654114,0.6403451561927795,-1.1601198934840795e-07,,0.6117388010025024,0.5895777940750122,-0.0006097282748669386,,0.5921550989151001,0.5477883815765381,-0.0064684199169278145,,0.5658547282218933,0.5337991118431091,-0.012354224920272827,,0.5465322732925415,0.5378603935241699,-0.01876840367913246,,0.6037300229072571,0.532435417175293,-0.013417491689324379,,0.5690137147903442,0.516118049621582,-0.023054014891386032,,0.5485169291496277,0.5144367218017578,-0.028514254838228226,,0.5340202450752258,0.5134894847869873,-0.0322427973151207,,0.6030148863792419,0.5591672658920288,-0.01861712522804737,,0.5596572160720825,0.5567187666893005,-0.02865816280245781,,0.5626353621482849,0.5720467567443848,-0.0294304471462965,,0.5728729963302612,0.576759397983551,-0.03006916679441929,,0.5988016128540039,0.5904821753501892,-0.02347736991941929,,0.5587819814682007,0.5857259631156921,-0.033291544765233994,,0.5642513036727905,0.5962559580802917,-0.02904553897678852,,0.5749871134757996,0.5988188982009888,-0.025414811447262764,,0.5922114849090576,0.6211008429527283,-0.028005963191390038,,0.5609222650527954,0.6099939942359924,-0.03525003418326378,,0.560415506362915,0.6143947243690491,-0.032228998839855194,,0.5648494362831116,0.6164476871490479,-0.02939210832118988,,0.35000672936439514,0.6783010959625244,6.267563890105521e-08,,0.35431811213493347,0.6271348595619202,0.0007492174045182765,,0.37530452013015747,0.5830979347229004,-0.0036771639715880156,,0.4013961851596832,0.5659835338592529,-0.008818352594971657,,0.42223620414733887,0.5599215626716614,-0.013755109161138535,,0.37440067529678345,0.5661291480064392,-0.012980171479284763,,0.41121533513069153,0.5462470650672913,-0.01927013322710991,,0.4304310381412506,0.5420128107070923,-0.021463889628648758,,0.44456833600997925,0.5378592014312744,-0.023205678910017014,,0.3806910514831543,0.59056156873703,-0.018525896593928337,,0.42413800954818726,0.587077260017395,-0.02609352022409439,,0.41815441846847534,0.6018449068069458,-0.024409539997577667,,0.4046231806278229,0.6040084958076477,-0.02280539646744728,,0.38804391026496887,0.6198844313621521,-0.023522308096289635,,0.4256301820278168,0.6197674870491028,-0.028125286102294922,,0.41841742396354675,0.6310961842536926,-0.02292061038315296,,0.4069671332836151,0.6296384930610657,-0.01948952116072178,,0.3953956663608551,0.6496983766555786,-0.028568286448717117,,0.42454075813293457,0.648389458656311,-0.028348905965685844,,0.41893479228019714,0.6577132940292358,-0.02289631962776184,,0.40915486216545105,0.6583601832389832,-0.019369952380657196,
0.011920726858079433,-0.5953273773193359,-0.2516172230243683,0.9996461272239685,0.03295391425490379,-0.6321314573287964,-0.24232915043830872,0.9993959069252014,0.03221027925610542,-0.6317518949508667,-0.24423566460609436,0.9994279742240906,0.03255919739603996,-0.6316829919815063,-0.24176836013793945,0.9993261098861694,-0.003574294736608863,-0.6369257569313049,-0.24294093251228333,0.9994575381278992,-0.0015744962729513645,-0.6373177766799927,-0.243961364030838,0.9994978904724121,-0.002300593303516507,-0.6361519694328308,-0.239895761013031,0.9994284510612488,0.10635057836771011,-0.6195080280303955,-0.14408741891384125,0.9993945956230164,-0.04497598856687546,-0.6367213726043701,-0.1276906281709671,0.9994596242904663,0.034666869789361954,-0.565876841545105,-0.22419463098049164,0.9997691512107849,-0.009745084680616856,-0.5690675973892212,-0.21746647357940674,0.999813973903656,0.19468319416046143,-0.41834235191345215,-0.09039773792028427,0.9991883635520935,-0.14165093004703522,-0.45392122864723206,-0.05270788446068764,0.9992640614509583,0.19859734177589417,-0.2003418356180191,-0.18380160629749298,0.9121609330177307,-0.2062382698059082,-0.22670510411262512,-0.15496546030044556,0.9045271873474121,0.07733255624771118,-0.30272483825683594,-0.3733934760093689,0.7320207953453064,-0.1891600340604782,-0.2883889079093933,-0.4007807970046997,0.7350538372993469,0.0243440642952919,-0.3269561529159546,-0.4240333139896393,0.7160352468490601,-0.1824033409357071,-0.30849865078926086,-0.46366170048713684,0.7225793600082397,0.024857763200998306,-0.37612661719322205,-0.41428589820861816,0.7390792965888977,-0.17336957156658173,-0.3482714593410492,-0.44303178787231445,0.746828019618988,0.06125253438949585,-0.3293685019016266,-0.3766697943210602,0.7293570637702942,-0.17600318789482117,-0.30384361743927,-0.4022367298603058,0.7390787601470947,0.11634893715381622,-0.000607978377956897,-0.0021544985938817263,0.5317229628562927,-0.11493139714002609,-0.004048267379403114,0.0023573364596813917,0.5697029232978821,0.1486961394548416,-0.03901178389787674,-0.10144377499818802,0.06920678913593292,-0.14212197065353394,-0.004816459026187658,-0.09157765656709671,0.0992269292473793,0.15086841583251953,0.20437514781951904,0.1981094926595688,0.011453744024038315,-0.0919741839170456,0.37426692247390747,0.18027156591415405,0.03128022328019142,0.15279196202754974,0.21436980366706848,0.22043414413928986,0.008339228108525276,-0.07631275802850723,0.39314600825309753,0.21278205513954163,0.016744105145335197,0.17662711441516876,0.19636587798595428,0.020281925797462463,0.012618727050721645,-0.0667211189866066,0.4297572076320648,0.013241292908787727,0.027078872546553612,13,0.542,0.5993751883506775,0.6569426655769348,-1.0482620638185836e-07,,0.5889891982078552,0.605686604976654,0.0025975878816097975,,0.5641893148422241,0.5755397081375122,-0.00017773796571418643,,0.5381998419761658,0.5714597702026367,-0.003997257445007563,,0.5196555256843567,0.5795175433158875,-0.009187341667711735,,0.5579975247383118,0.5594013929367065,-0.005341606680303812,,0.5238056778907776,0.5580686330795288,-0.00904016476124525,,0.5045924186706543,0.5620036721229553,-0.01222030259668827,,0.49253955483436584,0.56446373462677,-0.014935643412172794,,0.558076798915863,0.5834411382675171,-0.00988906342536211,,0.5245026350021362,0.5954554677009583,-0.011001423001289368,,0.5232846140861511,0.6052754521369934,-0.01090165227651596,,0.5273813009262085,0.6116881966590881,-0.012735584750771523,,0.5580013394355774,0.6138484477996826,-0.013720227405428886,,0.5273760557174683,0.6228412985801697,-0.0145797748118639,,0.5315263867378235,0.6307511925697327,-0.012230394408106804,,0.5391003489494324,0.6339684128761292,-0.012350490316748619,,0.5579214692115784,0.6444025635719299,-0.017243267968297005,,0.5312669277191162,0.6405336260795593,-0.018778404220938683,,0.5255650281906128,0.641405463218689,-0.016045264899730682,,0.5232714414596558,0.6421120166778564,-0.014636795967817307,,0.39356935024261475,0.7001981735229492,5.534472435897442e-09,,0.39673441648483276,0.6508457064628601,0.003987417556345463,,0.4141286611557007,0.614782452583313,0.0027715377509593964,,0.4338071346282959,0.6009104251861572,0.0003493955300655216,,0.4492513835430145,0.5992627143859863,-0.0020812605507671833,,0.4200006425380707,0.5952904224395752,-0.004453360103070736,,0.44892168045043945,0.5742279887199402,-0.007081704214215279,,0.46518850326538086,0.5641148686408997,-0.007615297567099333,,0.4768669307231903,0.55497807264328,-0.008069753646850586,,0.430020272731781,0.6203931570053101,-0.00963501911610365,,0.45626768469810486,0.6036626100540161,-0.013696513138711452,,0.4501821994781494,0.6161857843399048,-0.011862116865813732,,0.4395917057991028,0.6254673004150391,-0.009500449523329735,,0.4387833774089813,0.6488094329833984,-0.013906339183449745,,0.45948565006256104,0.6324659585952759,-0.016198543831706047,,0.4530121982097626,0.6435592770576477,-0.01033166516572237,,0.44406768679618835,0.6514978408813477,-0.005696143954992294,,0.44561171531677246,0.6768348217010498,-0.01784590259194374,,0.4650918245315552,0.6558838486671448,-0.01637907139956951,,0.4595580995082855,0.6630983352661133,-0.00930806528776884,,0.4512326121330261,0.6711477637290955,-0.003910017665475607,
0.013247928582131863,-0.5942330956459045,-0.24921932816505432,0.9996699094772339,0.0342528261244297,-0.6311995387077332,-0.23962198197841644,0.9994344711303711,0.03352329507470131,-0.6308104395866394,-0.2414221465587616,0.9994622468948364,0.033845096826553345,-0.6307341456413269,-0.2389100342988968,0.999367892742157,-0.0025486312806606293,-0.6356980800628662,-0.24051712453365326,0.9994938969612122,-0.0005329574923962355,-0.636055588722229,-0.24162250757217407,0.9995312094688416,-0.0012668217532336712,-0.6348978877067566,-0.2375330775976181,0.999468207359314,0.10734221339225769,-0.6188597083091736,-0.1410936862230301,0.9994345307350159,-0.04477333649992943,-0.6347697973251343,-0.125755175948143,0.9995005130767822,0.03601427748799324,-0.5648412704467773,-0.22105833888053894,0.9997861981391907,-0.008909928612411022,-0.567753791809082,-0.21489526331424713,0.9998278021812439,0.19537708163261414,-0.4184585213661194,-0.08689051121473312,0.9992386698722839,-0.1409796178340912,-0.4537839889526367,-0.04990082606673241,0.999325156211853,0.1999405175447464,-0.20204760134220123,-0.17972329258918762,0.9208335280418396,-0.20703083276748657,-0.22975419461727142,-0.15164265036582947,0.9138830304145813,0.07202907651662827,-0.29703813791275024,-0.3672407269477844,0.7587106227874756,-0.1814483404159546,-0.2894423007965088,-0.3909241259098053,0.7613991498947144,0.01824214868247509,-0.3189947307109833,-0.4205882251262665,0.7434790730476379,-0.17204834520816803,-0.3071322739124298,-0.4585765302181244,0.7492333054542542,0.017741745337843895,-0.36778581142425537,-0.41001421213150024,0.7641939520835876,-0.16151714324951172,-0.34817376732826233,-0.4338964521884918,0.7710376977920532,0.0550789013504982,-0.32340845465660095,-0.36986297369003296,0.7553823590278625,-0.16707666218280792,-0.30519363284111023,-0.39186912775039673,0.7639943957328796,0.11657769978046417,-0.000490992737468332,-0.002224510768428445,0.5444672107696533,-0.11510767787694931,-0.004077623598277569,0.0024070206563919783,0.5823618173599243,0.15071505308151245,-0.039243172854185104,-0.11044096946716309,0.06453554332256317,-0.14148806035518646,-0.012554467655718327,-0.10141795128583908,0.09203658998012543,0.15058842301368713,0.22349005937576294,0.1863296627998352,0.010829346254467964,-0.08827503025531769,0.39348164200782776,0.1778544783592224,0.028813447803258896,0.15247315168380737,0.23409970104694366,0.20558083057403564,0.008007524535059929,-0.07200130075216293,0.41638779640197754,0.2080528736114502,0.015638740733265877,0.1754518747329712,0.21016716957092285,0.00030610841349698603,0.011832521297037601,-0.06237361952662468,0.4465109705924988,-0.004962207283824682,0.024909431114792824,14,0.583,0.5859829187393188,0.6569907069206238,-8.387628724904062e-08,,0.5755875110626221,0.6116254329681396,0.003623350290581584,,0.5539345145225525,0.5827814340591431,0.001269479631446302,,0.5295470356941223,0.5808244347572327,-0.001763093750923872,,0.5124257206916809,0.589635968208313,-0.005623080767691135,,0.5477616190910339,0.5659286975860596,-0.009032265283167362,,0.5126903057098389,0.5650426149368286,-0.01363720279186964,,0.4984651207923889,0.5695227980613708,-0.014648547396063805,,0.4910002648830414,0.5723186135292053,-0.015015335753560066,,0.543950617313385,0.5935288667678833,-0.01344334427267313,,0.5131164789199829,0.6039485335350037,-0.017331639304757118,,0.5198838710784912,0.6141618490219116,-0.01490761712193489,,0.5297492742538452,0.6152611970901489,-0.013778941705822945,,0.5411073565483093,0.6231037378311157,-0.01687915436923504,,0.5153290033340454,0.6300837397575378,-0.020080847665667534,,0.5232625007629395,0.6384549736976624,-0.014528931118547916,,0.5327646732330322,0.6385811567306519,-0.011314441449940205,,0.5385199189186096,0.6534860134124756,-0.01979757659137249,,0.5158904194831848,0.6524441242218018,-0.021616490557789803,,0.5229158401489258,0.6586195230484009,-0.016803713515400887,,0.5317108631134033,0.6602195501327515,-0.01331933494657278,,0.39316582679748535,0.6984447240829468,1.3253589337125504e-08,,0.394563227891922,0.6501960754394531,0.0030053092632442713,,0.4109412133693695,0.6118108034133911,0.0014932029880583286,,0.43088746070861816,0.5998659729957581,-0.0012810879852622747,,0.4461396634578705,0.6036849617958069,-0.0038559241220355034,,0.4147060215473175,0.5869653224945068,-0.0033253419678658247,,0.4435161352157593,0.5627570748329163,-0.0059973918832838535,,0.45958051085472107,0.5520334243774414,-0.006485807243734598,,0.4707337021827698,0.543318510055542,-0.006966387387365103,,0.42534390091896057,0.6098510026931763,-0.008172952570021152,,0.45277729630470276,0.5944727063179016,-0.012358819134533405,,0.44891542196273804,0.6082181334495544,-0.011033061891794205,,0.4395562410354614,0.6174439191818237,-0.00922410935163498,,0.43578439950942993,0.6364006400108337,-0.01237474288791418,,0.4576263725757599,0.6201288104057312,-0.014673818834125996,,0.45255231857299805,0.6328816413879395,-0.00945290271192789,,0.4442434012889862,0.6411208510398865,-0.005504441913217306,,0.44473493099212646,0.6626509428024292,-0.01646130345761776,,0.46339765191078186,0.6433569192886353,-0.015113945119082928,,0.45847707986831665,0.6534001231193542,-0.008744309656322002,,0.4510132968425751,0.662583589553833,-0.004034799057990313,
0.012427227571606636,-0.5930151343345642,-0.24838872253894806,0.9996929168701172,0.03359592333436012,-0.6301042437553406,-0.23937955498695374,0.9994713664054871,0.032858897000551224,-0.6297058463096619,-0.24118396639823914,0.9994951486587524,0.033169738948345184,-0.629624605178833,-0.23865646123886108,0.9994080066680908,-0.0032295098062604666,-0.6345679759979248,-0.23974965512752533,0.9995287656784058,-0.0012207201216369867,-0.6349209547042847,-0.240834578871727,0.9995633363723755,-0.0019499080954119563,-0.6337705254554749,-0.23673401772975922,0.9995063543319702,0.10703122615814209,-0.6181532740592957,-0.14240622520446777,0.9994711875915527,-0.04493217170238495,-0.6339690089225769,-0.12478625774383545,0.9995378255844116,0.035754766315221786,-0.5638752579689026,-0.22062993049621582,0.9998010993003845,-0.00930282287299633,-0.566832959651947,-0.21382787823677063,0.9998399019241333,0.19530367851257324,-0.4183778762817383,-0.08826029300689697,0.9992808103561401,-0.14064820110797882,-0.45378124713897705,-0.04631910100579262,0.9993788003921509,0.20020440220832825,-0.20255784690380096,-0.17919743061065674,0.9285987019538879,-0.2081666886806488,-0.23198245465755463,-0.14508658647537231,0.9221745729446411,0.07133790850639343,-0.2951434552669525,-0.3644871711730957,0.7827025055885315,-0.1872512251138687,-0.29208946228027344,-0.3805276155471802,0.7850548624992371,0.018630800768733025,-0.31672099232673645,-0.41706204414367676,0.7680913805961609,-0.18124018609523773,-0.3099433183670044,-0.4453742802143097,0.7730582356452942,0.01853152923285961,-0.36514535546302795,-0.40702304244041443,0.786723792552948,-0.17245112359523773,-0.3495350480079651,-0.4234493374824524,0.7926928997039795,0.054670363664627075,-0.3213416337966919,-0.3671422004699707,0.7786938548088074,-0.17414303123950958,-0.3071158826351166,-0.382304310798645,0.7862352132797241,0.11676115542650223,-0.00040771151543594897,-0.002387561369687319,0.5509630441665649,-0.11522205173969269,-0.004173812922090292,0.002596908248960972,0.5886396765708923,0.15037652850151062,-0.04344620183110237,-0.11078192293643951,0.0608256533741951,-0.1412632316350937,-0.018818318843841553,-0.10395588725805283,0.08594735711812973,0.1503807157278061,0.2266349494457245,0.18182803690433502,0.010447568260133266,-0.08718975633382797,0.3946174085140228,0.17548346519470215,0.026726391166448593,0.1523321568965912,0.2373637855052948,0.20051896572113037,0.00783194787800312,-0.07075602561235428,0.4170982837677002,0.2047918438911438,0.014719381928443909,0.17330774664878845,0.21068671345710754,-0.01341300830245018,0.01132280845195055,-0.06193219870328903,0.44680729508399963,-0.012782745063304901,0.023121926933526993,15,0.625,0.5913290977478027,0.6476323008537292,-1.3852874758413236e-07,,0.5794925093650818,0.6047886610031128,0.0027224638033658266,,0.5555006265640259,0.5785660743713379,0.00045895035145804286,,0.5300722718238831,0.5745072364807129,-0.0026682268362492323,,0.5114707946777344,0.5783748626708984,-0.006558606401085854,,0.5546296834945679,0.5587513446807861,-0.00685278233140707,,0.5236479640007019,0.5551723837852478,-0.01322402898222208,,0.507343053817749,0.558846116065979,-0.016094615682959557,,0.49666377902030945,0.5629475712776184,-0.017584389075636864,,0.5528189539909363,0.5833514332771301,-0.011729025281965733,,0.5215626358985901,0.5939668416976929,-0.017847660928964615,,0.5263218283653259,0.6059334874153137,-0.017248399555683136,,0.5351418256759644,0.6077038049697876,-0.01668364368379116,,0.5510602593421936,0.612384021282196,-0.016111763194203377,,0.5239796042442322,0.6210136413574219,-0.02258026786148548,,0.530495822429657,0.6304827928543091,-0.018429674208164215,,0.5397019386291504,0.6309776306152344,-0.014903325587511063,,0.5490581393241882,0.6425023078918457,-0.019932059571146965,,0.5226225852966309,0.641840934753418,-0.023711897432804108,,0.5266806483268738,0.6488739252090454,-0.019499249756336212,,0.5349856019020081,0.6513526439666748,-0.015896905213594437,,0.3835116922855377,0.6933864951133728,3.118393365753036e-08,,0.3833232522010803,0.6425527930259705,0.00460022920742631,,0.39862433075904846,0.6009883284568787,0.0034795671235769987,,0.4176795482635498,0.5874637365341187,0.00044489550055004656,,0.4342470169067383,0.5900461673736572,-0.0025337222032248974,,0.4008057713508606,0.5760890245437622,-0.0015346398577094078,,0.431499719619751,0.549697756767273,-0.004427520092576742,,0.4477846324443817,0.5385844707489014,-0.004911008756607771,,0.45953667163848877,0.5301164388656616,-0.005288274958729744,,0.41047874093055725,0.5974990129470825,-0.007518609054386616,,0.4428950250148773,0.58175128698349,-0.01243047695606947,,0.43854013085365295,0.5977707505226135,-0.010981868021190166,,0.42796412110328674,0.6076163053512573,-0.008755209855735302,,0.4207949638366699,0.6230216026306152,-0.012888890691101551,,0.4470062851905823,0.6076931357383728,-0.015354947187006474,,0.4415004253387451,0.6227097511291504,-0.009696614928543568,,0.4322359561920166,0.6313549876213074,-0.005250112619251013,,0.4299910366535187,0.6489720940589905,-0.018116941675543785,,0.45267608761787415,0.6297587156295776,-0.016594167798757553,,0.447897732257843,0.6419601440429688,-0.00987214595079422,,0.43913978338241577,0.6516736149787903,-0.004866102710366249,
0.008961782790720463,-0.5920566916465759,-0.2493058145046234,0.9997121095657349,0.029477877542376518,-0.6293795704841614,-0.24025891721248627,0.9995006918907166,0.028742501512169838,-0.6289802193641663,-0.24208255112171173,0.9995203018188477,0.029064584523439407,-0.6289029717445374,-0.2395838052034378,0.9994388818740845,-0.007242321502417326,-0.6336207389831543,-0.2407660037279129,0.9995582103729248,-0.005238495767116547,-0.6339868307113647,-0.24186211824417114,0.9995908141136169,-0.005936653818935156,-0.6328465938568115,-0.23777411878108978,0.9995396137237549,0.1044151708483696,-0.618183970451355,-0.14294619858264923,0.9994984865188599,-0.047260452061891556,-0.6334784626960754,-0.12596924602985382,0.9995701313018799,0.03292521461844444,-0.5634990930557251,-0.22172430157661438,0.999812662601471,-0.012103050015866756,-0.5662330389022827,-0.21496005356311798,0.999849796295166,0.19505953788757324,-0.4186929762363434,-0.08947639912366867,0.9993088841438293,-0.1411724090576172,-0.45405662059783936,-0.0483316071331501,0.9994253516197205,0.20082983374595642,-0.20593605935573578,-0.17944525182247162,0.9355374574661255,-0.2119935303926468,-0.23299255967140198,-0.14550961554050446,0.9295741319656372,0.0728243812918663,-0.2992490828037262,-0.3657224178314209,0.8042541146278381,-0.19703862071037292,-0.29316896200180054,-0.38067522644996643,0.8063062429428101,0.020976001396775246,-0.32209011912345886,-0.4176386892795563,0.7900919914245605,-0.19283939898014069,-0.312476247549057,-0.4416487514972687,0.7944551706314087,0.02089524455368519,-0.3718567490577698,-0.40908434987068176,0.8068692088127136,-0.18602727353572845,-0.3514387905597687,-0.42553281784057617,0.8121641874313354,0.0562860369682312,-0.3260236382484436,-0.3688705563545227,0.7994911074638367,-0.1848849654197693,-0.3078318238258362,-0.3837513327598572,0.8061802387237549,0.11683099716901779,-0.0003638998605310917,-0.0022117521148175,0.5516874194145203,-0.11529041081666946,-0.004327103495597839,0.0024721259251236916,0.590367317199707,0.14970672130584717,-0.043640974909067154,-0.10803786665201187,0.058167751878499985,-0.14154328405857086,-0.010813001543283463,-0.10496792942285538,0.08164715021848679,0.14541320502758026,0.2279500812292099,0.18227903544902802,0.010237334296107292,-0.09079253673553467,0.39763084053993225,0.16666826605796814,0.025167880579829216,0.14642903208732605,0.2388390600681305,0.20126685500144958,0.007789809722453356,-0.07437912374734879,0.4193626642227173,0.19438786804676056,0.01404180284589529,0.1696656197309494,0.21147775650024414,-0.011763785034418106,0.01106184720993042,-0.06418325006961823,0.45047664642333984,-0.02328779548406601,0.021835334599018097,16,0.667,0.5983177423477173,0.6358832120895386,-1.1878972117074227e-07,,0.5886225700378418,0.5952705144882202,0.0016861003823578358,,0.56642085313797,0.5643580555915833,-0.0018264930695295334,,0.5412611365318298,0.5602445602416992,-0.005659293383359909,,0.5229456424713135,0.5676090717315674,-0.010354213416576385,,0.5683048367500305,0.5421677231788635,-0.010998880490660667,,0.5350309610366821,0.540108323097229,-0.01835295930504799,,0.5169810056686401,0.543138325214386,-0.02158704772591591,,0.5043248534202576,0.5457545518875122,-0.02353851869702339,,0.5665034055709839,0.5678595304489136,-0.016104133799672127,,0.531138002872467,0.5738726854324341,-0.02378997765481472,,0.5360568165779114,0.5867327451705933,-0.02314724773168564,,0.5461608171463013,0.5900604128837585,-0.022319043055176735,,0.5640112161636353,0.5972847938537598,-0.020576724782586098,,0.5331441164016724,0.6039095520973206,-0.027700720354914665,,0.5397312641143799,0.6134632229804993,-0.022701412439346313,,0.5497145056724548,0.61416095495224,-0.01864403486251831,,0.5605211853981018,0.6276302337646484,-0.024570191279053688,,0.534012496471405,0.6265970468521118,-0.02894541248679161,,0.5403391718864441,0.6335005164146423,-0.02424589730799198,,0.5496690273284912,0.6353018879890442,-0.020357763394713402,,0.3731570839881897,0.6825474500656128,2.1265133653969315e-08,,0.37360548973083496,0.6331154108047485,0.003678851528093219,,0.38888412714004517,0.5897611379623413,0.0017413803143426776,,0.4083857536315918,0.5693568587303162,-0.0017591963987797499,,0.4247828423976898,0.5612502098083496,-0.005087023135274649,,0.38990211486816406,0.568687915802002,-0.004417035728693008,,0.420036643743515,0.5410118699073792,-0.007810954470187426,,0.4358009696006775,0.5293606519699097,-0.008489673025906086,,0.44749629497528076,0.5200406312942505,-0.009038538672029972,,0.399247944355011,0.5903242230415344,-0.010087450966238976,,0.43063753843307495,0.571232795715332,-0.015403186902403831,,0.42677733302116394,0.5863438844680786,-0.01379262376576662,,0.41702473163604736,0.5962051153182983,-0.011726525612175465,,0.4093926250934601,0.6154704093933105,-0.01507786475121975,,0.4347912669181824,0.5971683859825134,-0.017958177253603935,,0.4294526278972626,0.6118171811103821,-0.011956808157265186,,0.42061692476272583,0.6204535961151123,-0.007469194941222668,,0.41897568106651306,0.6403186917304993,-0.019955182448029518,,0.4405997097492218,0.6178678870201111,-0.01851891167461872,,0.4360313415527344,0.6293037533760071,-0.011820906773209572,,0.42809972167015076,0.6389432549476624,-0.00703625101596117,
0.0037161821965128183,-0.5901015400886536,-0.2619074881076813,0.9997321367263794,0.023662174120545387,-0.6276645064353943,-0.2534162402153015,0.9995317459106445,0.022937746718525887,-0.6272662281990051,-0.25519490242004395,0.9995479583740234,0.02327168919146061,-0.6271786689758301,-0.25266969203948975,0.9994719624519348,-0.013202535919845104,-0.6314871907234192,-0.2538006603717804,0.9995885491371155,-0.011177796870470047,-0.6318466067314148,-0.2548932731151581,0.9996191263198853,-0.011860148049890995,-0.6307075619697571,-0.25080445408821106,0.9995731115341187,0.09852346032857895,-0.6174495816230774,-0.1565735936164856,0.9995277523994446,-0.05374138429760933,-0.6304631233215332,-0.13887323439121246,0.9996028542518616,0.027692649513483047,-0.5619877576828003,-0.2340443879365921,0.9998250007629395,-0.017575016245245934,-0.5641111731529236,-0.22731435298919678,0.9998603463172913,0.19353443384170532,-0.4185749590396881,-0.09670500457286835,0.9993365406990051,-0.1449161022901535,-0.4523580074310303,-0.05667886883020401,0.9994681477546692,0.20196563005447388,-0.20625685155391693,-0.19142809510231018,0.9418157935142517,-0.21466420590877533,-0.23181533813476562,-0.16218213737010956,0.9363095760345459,0.07450275868177414,-0.3007648289203644,-0.3849925398826599,0.8236811757087708,-0.1978399157524109,-0.2896993160247803,-0.4033683240413666,0.8254727721214294,0.023759664967656136,-0.32496774196624756,-0.436449259519577,0.8100003004074097,-0.193991556763649,-0.3089469075202942,-0.4612979292869568,0.8138476610183716,0.023636244237422943,-0.37593957781791687,-0.4299710988998413,0.8251029849052429,-0.18646228313446045,-0.34781280159950256,-0.45078712701797485,0.8298273086547852,0.058172959834337234,-0.3282116651535034,-0.38954150676727295,0.818289041519165,-0.18543338775634766,-0.3042049705982208,-0.40804633498191833,0.8242517709732056,0.11689617484807968,-0.00038050569128245115,-0.001817104872316122,0.548141598701477,-0.11539727449417114,-0.004345118533819914,0.0021076940465718508,0.5879021286964417,0.1482965350151062,-0.044225435703992844,-0.10625260323286057,0.05544011667370796,-0.14252272248268127,-0.0071634212508797646,-0.10475242137908936,0.0772802084684372,0.1420675814151764,0.22778823971748352,0.18453216552734375,0.009968704544007778,-0.09501022100448608,0.3988272249698639,0.16588667035102844,0.02363220974802971,0.14269603788852692,0.23865938186645508,0.20387697219848633,0.007672354578971863,-0.07900092750787735,0.4203655421733856,0.1933669000864029,0.01331269834190607,0.16711166501045227,0.21207790076732635,-0.006788971368223429,0.010758275166153908,-0.07016649842262268,0.455587238073349,-0.022182120010256767,0.02056295983493328,17,0.709,0.6082972288131714,0.6318803429603577,-1.2793266535027215e-07,,0.601668119430542,0.5913769602775574,-0.0004734857939183712,,0.5802185535430908,0.5564888715744019,-0.005849321372807026,,0.5526213645935059,0.5486239194869995,-0.0106734037399292,,0.5332995653152466,0.5434979796409607,-0.016145532950758934,,0.5867380499839783,0.5309619307518005,-0.01800251379609108,,0.549951434135437,0.5221120715141296,-0.026119763031601906,,0.5309507846832275,0.5225676894187927,-0.028860436752438545,,0.5179876685142517,0.5227009057998657,-0.030511068180203438,,0.5832645893096924,0.5600557327270508,-0.022296221926808357,,0.5442801117897034,0.5587005019187927,-0.030977150425314903,,0.5507869720458984,0.5733887553215027,-0.029110513627529144,,0.5619693398475647,0.5773506164550781,-0.027492739260196686,,0.5786648392677307,0.5905462503433228,-0.02575862593948841,,0.5441786050796509,0.5881841778755188,-0.0333053283393383,,0.5523771643638611,0.6009721159934998,-0.026346106082201004,,0.5633140206336975,0.6032624244689941,-0.021133027970790863,,0.5730451345443726,0.6213721036911011,-0.028866829350590706,,0.5449431538581848,0.6114102602005005,-0.03388618677854538,,0.5520234107971191,0.6206663250923157,-0.028626451268792152,,0.561215877532959,0.6237603425979614,-0.024416757747530937,,0.36987215280532837,0.6882643699645996,-3.51406415077804e-09,,0.3701590597629547,0.6388822793960571,0.00345252500846982,,0.38542506098747253,0.594862163066864,0.001515383250080049,,0.4050934314727783,0.5738261342048645,-0.0017968103056773543,,0.4219323694705963,0.5653666853904724,-0.004935171455144882,,0.38608700037002563,0.5738896727561951,-0.005077237728983164,,0.4148552715778351,0.5456269979476929,-0.008497295901179314,,0.4299742579460144,0.5324698090553284,-0.00910203903913498,,0.44114962220191956,0.5211353898048401,-0.009727533906698227,,0.3960365951061249,0.5958167910575867,-0.010864648967981339,,0.4258565604686737,0.5750811696052551,-0.016165239736437798,,0.4222384989261627,0.5906625390052795,-0.014850379899144173,,0.4129646420478821,0.6011316776275635,-0.013007781468331814,,0.40655970573425293,0.6216068267822266,-0.01588873565196991,,0.4307595193386078,0.6019560694694519,-0.018955914303660393,,0.42581212520599365,0.6166468858718872,-0.012983436696231365,,0.4177204966545105,0.6254624128341675,-0.008537142537534237,,0.41600775718688965,0.6474252343177795,-0.02074349857866764,,0.4360491633415222,0.6239789724349976,-0.0194467231631279,,0.4315362274646759,0.6355047821998596,-0.012535951100289822,,0.424455463886261,0.6454276442527771,-0.007625947706401348,
0.0021205199882388115,-0.5901201367378235,-0.2680862247943878,0.9997513890266418,0.022052502259612083,-0.6276570558547974,-0.2591353952884674,0.9995623230934143,0.02133723348379135,-0.6272577047348022,-0.2608828842639923,0.9995757937431335,0.021663984283804893,-0.6271652579307556,-0.25834065675735474,0.9995049834251404,-0.015015073120594025,-0.6313852667808533,-0.25942477583885193,0.999617874622345,-0.012979017570614815,-0.6317355036735535,-0.2605767846107483,0.9996464252471924,-0.013672692701220512,-0.6305975914001465,-0.2564821243286133,0.9996048212051392,0.09726551175117493,-0.6168469190597534,-0.16174986958503723,0.9995578527450562,-0.055830106139183044,-0.6285927295684814,-0.1436183601617813,0.9996338486671448,0.026250267401337624,-0.5616508722305298,-0.24012356996536255,0.9998375177383423,-0.01930025778710842,-0.5635766983032227,-0.23327875137329102,0.9998707175254822,0.1933654248714447,-0.4176347553730011,-0.10182437300682068,0.9993647933006287,-0.1460278183221817,-0.44972431659698486,-0.06095782294869423,0.9995079040527344,0.20284917950630188,-0.20602953433990479,-0.198170006275177,0.9475177526473999,-0.21534769237041473,-0.2300788313150406,-0.17001211643218994,0.9424576759338379,0.07454269379377365,-0.299644410610199,-0.38989073038101196,0.8412033319473267,-0.1970534473657608,-0.28765925765037537,-0.4083116054534912,0.8427714705467224,0.022822927683591843,-0.3233399987220764,-0.44131582975387573,0.82805997133255,-0.19162648916244507,-0.30644357204437256,-0.46551284193992615,0.8314180374145508,0.022468095645308495,-0.37365490198135376,-0.434670090675354,0.8416325449943542,-0.1832999587059021,-0.34537601470947266,-0.4561164677143097,0.8457990884780884,0.05795583128929138,-0.32688388228416443,-0.3941690921783447,0.8353973031044006,-0.18397486209869385,-0.30214521288871765,-0.4132172167301178,0.8406711220741272,0.11715885996818542,-0.0003619121853262186,-0.0017554680816829205,0.5551751852035522,-0.11567482352256775,-0.004360267426818609,0.002031180541962385,0.5954731702804565,0.14798815548419952,-0.044130414724349976,-0.10903215408325195,0.052637696266174316,-0.14294756948947906,-0.008236627094447613,-0.10744298994541168,0.07287172973155975,0.14188890159130096,0.22931519150733948,0.18139612674713135,0.009618698619306087,-0.09495151042938232,0.3995089828968048,0.16552460193634033,0.02208196185529232,0.1425696313381195,0.2401917576789856,0.19997335970401764,0.007484462112188339,-0.07895112037658691,0.42146438360214233,0.19312907755374908,0.012572639621794224,0.16602018475532532,0.21502713859081268,-0.011587475426495075,0.010319111868739128,-0.07011593133211136,0.4570530652999878,-0.022453119978308678,0.019204840064048767,18,0.75,0.6060583591461182,0.6347441077232361,-1.0354484203389802e-07,,0.5978065133094788,0.5931846499443054,0.0007353895343840122,,0.5756155252456665,0.5602985620498657,-0.004328430630266666,,0.5488357543945312,0.552916944026947,-0.009506692178547382,,0.529377818107605,0.5523678064346313,-0.015439760871231556,,0.581809401512146,0.5363221764564514,-0.012916057370603085,,0.547227144241333,0.5278087258338928,-0.021158140152692795,,0.5278310179710388,0.5282602310180664,-0.025321882218122482,,0.5141811370849609,0.5296417474746704,-0.028226079419255257,,0.57958984375,0.5637463331222534,-0.01817881502211094,,0.5413152575492859,0.5677275657653809,-0.026957709342241287,,0.5479364395141602,0.5812891125679016,-0.026608971878886223,,0.5590004920959473,0.5840249061584473,-0.026348132640123367,,0.5759552717208862,0.5949195027351379,-0.022807300090789795,,0.5418132543563843,0.5976284146308899,-0.03144438937306404,,0.5498532056808472,0.6082994937896729,-0.0260130874812603,,0.5604261755943298,0.6093388795852661,-0.021728048101067543,,0.5709794163703918,0.6259645819664001,-0.026966458186507225,,0.5430004596710205,0.6198778748512268,-0.033331211656332016,,0.549631655216217,0.6280769109725952,-0.028779061511158943,,0.5587177872657776,0.631199300289154,-0.02480645664036274,,0.3784700036048889,0.7032878398895264,-2.9123645717277213e-09,,0.3777371942996979,0.6530023813247681,0.0037805105093866587,,0.39304882287979126,0.6089502573013306,0.0026092794723808765,,0.4128810167312622,0.5907577276229858,-0.00022879817697685212,,0.42936941981315613,0.5854542851448059,-0.002846054034307599,,0.39349791407585144,0.5872615575790405,-0.002118457341566682,,0.421710729598999,0.5585202574729919,-0.005058589391410351,,0.43687018752098083,0.5452151894569397,-0.005505969747900963,,0.4475969672203064,0.5341285467147827,-0.005994224920868874,,0.40391746163368225,0.6091556549072266,-0.00784327182918787,,0.4336020350456238,0.5881648063659668,-0.013180796056985855,,0.4306222200393677,0.6043810844421387,-0.012381165288388729,,0.42166775465011597,0.6156370043754578,-0.010568633675575256,,0.4151208698749542,0.6344340443611145,-0.012949091382324696,,0.43888041377067566,0.6158866286277771,-0.01605086773633957,,0.434562623500824,0.6298716068267822,-0.011035827919840813,,0.4265735149383545,0.6386487483978271,-0.007005590945482254,,0.42528125643730164,0.6594686508178711,-0.017917443066835403,,0.4450148642063141,0.6385367512702942,-0.01659099943935871,,0.44109857082366943,0.6504520177841187,-0.010276648215949535,,0.4341888129711151,0.6607435941696167,-0.005673022009432316,
0.002184856217354536,-0.5914359092712402,-0.2678888440132141,0.9997683763504028,0.02210032194852829,-0.6290366053581238,-0.2585638761520386,0.9995895624160767,0.021389812231063843,-0.6286346912384033,-0.2602923810482025,0.9996004104614258,0.02171682007610798,-0.6285393238067627,-0.2577529549598694,0.9995340704917908,-0.014965697191655636,-0.6326342821121216,-0.2591555416584015,0.9996441006660461,-0.012928137555718422,-0.6329841613769531,-0.2603134512901306,0.9996709823608398,-0.013622249476611614,-0.63185715675354,-0.25621506571769714,0.9996335506439209,0.09675727784633636,-0.6178749799728394,-0.16016697883605957,0.9995836019515991,-0.056528978049755096,-0.6291181445121765,-0.14355455338954926,0.9996621608734131,0.02612149342894554,-0.5627784729003906,-0.2396492063999176,0.9998485445976257,-0.01944369450211525,-0.5645518898963928,-0.23319225013256073,0.9998800754547119,0.192367821931839,-0.41840365529060364,-0.1004745289683342,0.9993906617164612,-0.14742867648601532,-0.4498092234134674,-0.061045218259096146,0.9995439648628235,0.2038564234972,-0.20896996557712555,-0.1935408115386963,0.9526181817054749,-0.21797434985637665,-0.22992612421512604,-0.16926656663417816,0.9479469060897827,0.07343637198209763,-0.29975008964538574,-0.3813328742980957,0.8569297194480896,-0.18924260139465332,-0.28675273060798645,-0.4073355495929718,0.8582752346992493,0.020502552390098572,-0.3228473961353302,-0.4331548810005188,0.8440746068954468,-0.1780998408794403,-0.3053323030471802,-0.4624345004558563,0.8469249606132507,0.01964188553392887,-0.3730927109718323,-0.426592618227005,0.8562830090522766,-0.1686755269765854,-0.34339746832847595,-0.4550240635871887,0.8598889708518982,0.05662206560373306,-0.3268910348415375,-0.38572758436203003,0.8505340218544006,-0.17476266622543335,-0.30077987909317017,-0.41144412755966187,0.8550970554351807,0.1171976625919342,-0.0005109052290208638,-0.0015023273881524801,0.5543060898780823,-0.11575263738632202,-0.0043167718686163425,0.0017928086454048753,0.5951997637748718,0.14786173403263092,-0.043988000601530075,-0.10777124017477036,0.05021664500236511,-0.14297279715538025,-0.005005826707929373,-0.10724776238203049,0.06908801943063736,0.14262616634368896,0.22751383483409882,0.18282003700733185,0.009282102808356285,-0.09501582384109497,0.4001358449459076,0.1666424572467804,0.02068839967250824,0.1433364897966385,0.23778946697711945,0.20087270438671112,0.007303406484425068,-0.07902971655130386,0.4218401610851288,0.1941438764333725,0.011921177618205547,0.16801904141902924,0.21474355459213257,-0.006672813091427088,0.009929300285875797,-0.07032419741153717,0.459982693195343,-0.019691238179802895,0.018028052523732185,19,0.792,0.5984218716621399,0.6443121433258057,-1.0245042858514353e-07,,0.5894721150398254,0.6019975543022156,0.0015575059223920107,,0.5677294135093689,0.569359540939331,-0.002696556970477104,,0.5420011281967163,0.564050018787384,-0.007230745628476143,,0.522953987121582,0.5673190355300903,-0.01272534392774105,,0.5723848342895508,0.5486408472061157,-0.011774159036576748,,0.5380231142044067,0.5426247119903564,-0.019210247322916985,,0.5191980004310608,0.5449315905570984,-0.022939588874578476,,0.5061827898025513,0.5473650097846985,-0.025483008474111557,,0.5700165629386902,0.5752449035644531,-0.01691603474318981,,0.5336408615112305,0.580463171005249,-0.024542860686779022,,0.5396702289581299,0.5939395427703857,-0.023962514474987984,,0.5500871539115906,0.5972750186920166,-0.023738695308566093,,0.5666547417640686,0.6053432822227478,-0.02133379690349102,,0.5338025093078613,0.6104010343551636,-0.02846154011785984,,0.5415698885917664,0.6204150915145874,-0.02336510829627514,,0.5520448088645935,0.621358335018158,-0.01971476338803768,,0.5619989633560181,0.6359809041023254,-0.025268463417887688,,0.5349281430244446,0.6326565742492676,-0.03075304627418518,,0.5422418117523193,0.6398008465766907,-0.02648875303566456,,0.5519582033157349,0.6421413421630859,-0.022916221991181374,,0.38712078332901,0.72552090883255,-2.177354119226038e-08,,0.38398435711860657,0.6737733483314514,0.0043579936027526855,,0.3972889482975006,0.6277593970298767,0.003867802442982793,,0.4163561165332794,0.6082573533058167,0.0016944691305980086,,0.43302467465400696,0.6041368246078491,-0.0006212756270542741,,0.40244948863983154,0.6092891693115234,-0.002051126677542925,,0.4282580018043518,0.5758199691772461,-0.004671704024076462,,0.4434049427509308,0.5591567754745483,-0.005241590552031994,,0.4543825685977936,0.5460730791091919,-0.005782009102404118,,0.4148913323879242,0.6306025385856628,-0.007562603335827589,,0.44060835242271423,0.6039825081825256,-0.011978254653513432,,0.43697962164878845,0.6181715726852417,-0.011051604524254799,,0.4281582236289978,0.6316070556640625,-0.009167738258838654,,0.4268439710140228,0.6553788185119629,-0.012279989197850227,,0.44710808992385864,0.6315819621086121,-0.014590407721698284,,0.44248706102371216,0.6438776850700378,-0.009584254585206509,,0.43481260538101196,0.6549249291419983,-0.005544637329876423,,0.43660005927085876,0.6800687909126282,-0.016763580963015556,,0.45413538813591003,0.6542182564735413,-0.015029620379209518,,0.44953280687332153,0.6643511652946472,-0.008353270590305328,,0.4425201117992401,0.6767284870147705,-0.0033552537206560373,
-0.00019332584633957595,-0.5936334729194641,-0.26203614473342896,0.9997827410697937,0.019609583541750908,-0.6313283443450928,-0.2521224915981293,0.9996123909950256,0.018920835107564926,-0.6309329867362976,-0.2537876069545746,0.9996204972267151,0.019233694300055504,-0.6308428645133972,-0.2512737810611725,0.9995580911636353,-0.017509084194898605,-0.634742021560669,-0.2529819905757904,0.9996669888496399,-0.01545861829072237,-0.6350961923599243,-0.2541545033454895,0.9996924996376038,-0.016156736761331558,-0.6339771151542664,-0.2500638961791992,0.9996589422225952,0.09402916580438614,-0.6200751066207886,-0.15282681584358215,0.9996048808097839,-0.05941024422645569,-0.6304488778114319,-0.1373562514781952,0.9996870160102844,0.023590408265590668,-0.5648453235626221,-0.23346009850502014,0.9998575448989868,-0.022014345973730087,-0.566371500492096,-0.22747477889060974,0.999888002872467,0.1902913749217987,-0.42038029432296753,-0.09458519518375397,0.9994104504585266,-0.14911337196826935,-0.44986459612846375,-0.05625652149319649,0.9995762705802917,0.20370478928089142,-0.21042479574680328,-0.1855061799287796,0.9572075605392456,-0.21773922443389893,-0.2284826934337616,-0.1623399555683136,0.9528672099113464,0.06914413720369339,-0.3002311587333679,-0.36790570616722107,0.8710933327674866,-0.18988938629627228,-0.2835257649421692,-0.4001210331916809,0.8722256422042847,0.01560845598578453,-0.32326239347457886,-0.4196188449859619,0.858553946018219,-0.18063391745090485,-0.30213823914527893,-0.4576673209667206,0.8609012961387634,0.014675513841211796,-0.37419208884239197,-0.41390132904052734,0.8695441484451294,-0.1722324639558792,-0.34175145626068115,-0.4491524398326874,0.8726092576980591,0.052259910851716995,-0.3276354670524597,-0.3728777766227722,0.8642324805259705,-0.17615248262882233,-0.2984871566295624,-0.4041430354118347,0.8681284189224243,0.11717669665813446,-0.0007604866405017674,-0.0014687521615996957,0.5581425428390503,-0.11576244235038757,-0.004164468962699175,0.0017541478155180812,0.599210798740387,0.1476636379957199,-0.043638698756694794,-0.10647180676460266,0.047862667590379715,-0.14279155433177948,0.009661815129220486,-0.10446992516517639,0.06549616903066635,0.1426282525062561,0.22762896120548248,0.18395601212978363,0.008961026556789875,-0.09517914056777954,0.40338993072509766,0.16678652167320251,0.019427379593253136,0.1433488428592682,0.2378970831632614,0.20251987874507904,0.007134744897484779,-0.07938382029533386,0.42520415782928467,0.19428999722003937,0.011331667192280293,0.168094664812088,0.21746934950351715,-0.0039566271007061005,0.009577038697898388,-0.07195047289133072,0.4664105772972107,-0.01800873503088951,0.016984470188617706,20,0.834,0.5941503643989563,0.6511810421943665,-9.197341199751463e-08,,0.5847107768058777,0.609207272529602,0.0010653556091710925,,0.560623049736023,0.5796210765838623,-0.002845527371391654,,0.5336034893989563,0.5774334073066711,-0.006887198891490698,,0.5144234299659729,0.5790916085243225,-0.011726927012205124,,0.5624673962593079,0.5593929290771484,-0.010632725432515144,,0.5296221375465393,0.5554630160331726,-0.01778094284236431,,0.5118001699447632,0.5567461252212524,-0.021269839257001877,,0.49901828169822693,0.5583932995796204,-0.023673487827181816,,0.5594392418861389,0.5869341492652893,-0.015401128679513931,,0.5249714255332947,0.5934351682662964,-0.022580908611416817,,0.5321102142333984,0.6059576272964478,-0.021802615374326706,,0.5424184203147888,0.6083747148513794,-0.0213624220341444,,0.5569514036178589,0.6176908016204834,-0.019595220685005188,,0.5269092917442322,0.6230077743530273,-0.026760060340166092,,0.535347580909729,0.632959246635437,-0.02166912518441677,,0.5452905893325806,0.6335325241088867,-0.017848115414381027,,0.5540705919265747,0.6494953632354736,-0.02335278131067753,,0.5276010036468506,0.6466866731643677,-0.02860454097390175,,0.5346578359603882,0.6535329222679138,-0.02440120093524456,,0.5438436269760132,0.6549462080001831,-0.0208730511367321,,0.3886468708515167,0.7342014908790588,-4.4495156004131786e-08,,0.3877267837524414,0.6829049587249756,0.004968191031366587,,0.40062257647514343,0.6379097700119019,0.0046325200237333775,,0.4175478518009186,0.6131024956703186,0.002963388804346323,,0.4316660761833191,0.6036073565483093,0.0010494603775441647,,0.4090936481952667,0.6236335039138794,-0.005057244095951319,,0.4343118667602539,0.586890459060669,-0.007858400233089924,,0.44864368438720703,0.5701276063919067,-0.008110709488391876,,0.4601975083351135,0.5575932860374451,-0.008193617686629295,,0.4213227927684784,0.6458008885383606,-0.010197342373430729,,0.4452630281448364,0.6141639351844788,-0.013913064263761044,,0.4382142424583435,0.6267745494842529,-0.010958744212985039,,0.42938026785850525,0.6412912607192993,-0.007789780851453543,,0.4320104718208313,0.6710800528526306,-0.01425865013152361,,0.45166683197021484,0.6411978602409363,-0.015711581334471703,,0.44463422894477844,0.6510188579559326,-0.008669015020132065,,0.4369834363460541,0.6637385487556458,-0.003462475258857012,,0.4406307339668274,0.6964655518531799,-0.017959393560886383,,0.45840469002723694,0.6644895076751709,-0.015762032940983772,,0.4521966576576233,0.6701292395591736,-0.007970775477588177,,0.44475191831588745,0.681976318359375,-0.0022029282990843058,
-0.0015904915053397417,-0.5946412086486816,-0.26203903555870056,0.9997974634170532,0.018177226185798645,-0.6323516368865967,-0.2521182596683502,0.999636173248291,0.017491765320301056,-0.6319573521614075,-0.2537851929664612,0.999642014503479,0.017804257571697235,-0.6318626403808594,-0.2512725293636322,0.9995833039283752,-0.01904207095503807,-0.6356339454650879,-0.25297924876213074,0.9996899366378784,-0.01698380336165428,-0.6359874606132507,-0.2541499435901642,0.9997140169143677,-0.017680104821920395,-0.634869396686554,-0.2500595450401306,0.9996838569641113,0.09253274649381638,-0.6207301020622253,-0.1527971625328064,0.9996278285980225,-0.061379458755254745,-0.6306299567222595,-0.13733208179473877,0.9997112154960632,0.022097721695899963,-0.5656710863113403,-0.2334708869457245,0.9998671412467957,-0.023648982867598534,-0.5670206546783447,-0.22748160362243652,0.9998961091041565,0.18969812989234924,-0.4209806025028229,-0.09436846524477005,0.9994340538978577,-0.1505361795425415,-0.44975385069847107,-0.05644328147172928,0.9996072053909302,0.2053140252828598,-0.2122446894645691,-0.1850426197052002,0.9613562822341919,-0.2175334244966507,-0.2275557518005371,-0.16222652792930603,0.9573370814323425,0.06946642696857452,-0.3009844422340393,-0.36790731549263,0.8838549256324768,-0.1902056783437729,-0.28198501467704773,-0.39976516366004944,0.8848181962966919,0.01571289636194706,-0.3238266706466675,-0.4195307195186615,0.8716663718223572,-0.18180720508098602,-0.30092692375183105,-0.45744016766548157,0.8736709356307983,0.014444476924836636,-0.3751716911792755,-0.41387683153152466,0.881557285785675,-0.17395804822444916,-0.34111425280570984,-0.4489409327507019,0.8842423558235168,0.0524105578660965,-0.32847800850868225,-0.3729268014431,0.8766362071037292,-0.17683623731136322,-0.29729411005973816,-0.4041333496570587,0.8800355792045593,0.11719457060098648,-0.0009336491348221898,-0.0014393569435924292,0.5631793141365051,-0.11581645160913467,-0.004059403203427792,0.0017254950944334269,0.6040902137756348,0.1475069224834442,-0.043575890362262726,-0.10566309839487076,0.04597702994942665,-0.14270709455013275,0.012007118202745914,-0.10417721420526505,0.0623757466673851,0.1433660238981247,0.2273266315460205,0.1844627410173416,0.008724370039999485,-0.09507345408201218,0.40369054675102234,0.16680340468883514,0.018316788598895073,0.14417222142219543,0.23752997815608978,0.20318692922592163,0.007030018139630556,-0.07933307439088821,0.4254033863544464,0.1943725347518921,0.01082256343215704,0.168995201587677,0.2174905687570572,-0.003213954158127308,0.009305818937718868,-0.07206951081752777,0.4670436978340149,-0.01736365258693695,0.016064168885350227,21,0.875,0.5947536826133728,0.6522343754768372,-8.899646530835525e-08,,0.586565375328064,0.6105679273605347,0.00023781669733580202,,0.5640667676925659,0.5820425152778625,-0.00406399043276906,,0.5379886031150818,0.5804187059402466,-0.008223941549658775,,0.5194316506385803,0.5787801146507263,-0.013020037673413754,,0.5646868348121643,0.5602321624755859,-0.012751531787216663,,0.5306177735328674,0.554947018623352,-0.01995212770998478,,0.5127941966056824,0.5560882687568665,-0.02310289815068245,,0.5002821087837219,0.5586479306221008,-0.02506859228014946,,0.5616945624351501,0.5894845128059387,-0.017161045223474503,,0.5270105004310608,0.5932945609092712,-0.024538487195968628,,0.5342938303947449,0.604356586933136,-0.02358074113726616,,0.5453406572341919,0.6071818470954895,-0.022659771144390106,,0.5591413974761963,0.6212626695632935,-0.020950093865394592,,0.5291596055030823,0.6220447421073914,-0.02794664166867733,,0.5377621650695801,0.6320704817771912,-0.022004909813404083,,0.5478370785713196,0.6333993077278137,-0.01737050898373127,,0.5564906001091003,0.6532427668571472,-0.024347908794879913,,0.5305404663085938,0.6471446752548218,-0.02883155643939972,,0.5377887487411499,0.6539392471313477,-0.023709792643785477,,0.5466093420982361,0.655430018901825,-0.019510990008711815,,0.3872385621070862,0.7382164597511292,-4.0061827633053326e-08,,0.38279011845588684,0.6875507831573486,0.004443070851266384,,0.3942180275917053,0.6392309069633484,0.004451590124517679,,0.41112396121025085,0.609265923500061,0.003339410526677966,,0.4256475865840912,0.5951489210128784,0.0020113226491957903,,0.4012925624847412,0.6210415959358215,-0.004860644228756428,,0.42693811655044556,0.5832326412200928,-0.007471316959708929,,0.44232264161109924,0.5644886493682861,-0.00724016921594739,,0.45382338762283325,0.549632728099823,-0.007059555966407061,,0.4142656922340393,0.6413037180900574,-0.009494658559560776,,0.4380057752132416,0.6094791889190674,-0.01323087140917778,,0.4330207109451294,0.6225308179855347,-0.010505297221243382,,0.4242495000362396,0.635421097278595,-0.007656198926270008,,0.42657825350761414,0.6656094193458557,-0.01314499694854021,,0.4451844096183777,0.6357336044311523,-0.015411054715514183,,0.44018879532814026,0.6474400758743286,-0.009167168289422989,,0.4330606460571289,0.6594133377075195,-0.00444691302254796,,0.43694445490837097,0.6895906925201416,-0.01635424792766571,,0.453730046749115,0.6572920083999634,-0.01521681621670723,,0.4486462473869324,0.6653314232826233,-0.008236528374254704,,0.44171142578125,0.6775662899017334,-0.002959619741886854,
-0.0034222998656332493,-0.5947429537773132,-0.264644980430603,0.999809980392456,0.016062553972005844,-0.6324844360351562,-0.2547053098678589,0.9996558427810669,0.015388094820082188,-0.6320935487747192,-0.25636184215545654,0.9996593594551086,0.01570897549390793,-0.6319980621337891,-0.25386956334114075,0.9996033310890198,-0.02118351310491562,-0.6357064843177795,-0.2557070851325989,0.9997098445892334,-0.01911182515323162,-0.6360619068145752,-0.25689151883125305,0.9997329115867615,-0.019807592034339905,-0.63494473695755,-0.2528199553489685,0.9997058510780334,0.08991359919309616,-0.6209775805473328,-0.15461775660514832,0.9996462464332581,-0.06426490843296051,-0.6306220293045044,-0.13988591730594635,0.9997329115867615,0.020047074183821678,-0.5658095479011536,-0.23590846359729767,0.9998753070831299,-0.02569740265607834,-0.5670630931854248,-0.2301165908575058,0.9999033212661743,0.188222736120224,-0.4218060076236725,-0.09490698575973511,0.999452531337738,-0.15317930281162262,-0.44954609870910645,-0.05902966111898422,0.9996353387832642,0.20549343526363373,-0.21425649523735046,-0.18591998517513275,0.9650996327400208,-0.21750211715698242,-0.22566448152065277,-0.16648995876312256,0.9613704681396484,0.06800620257854462,-0.3028532862663269,-0.37028077244758606,0.8953433632850647,-0.1908370554447174,-0.27802610397338867,-0.40756669640541077,0.8961467146873474,0.013700238429009914,-0.32623201608657837,-0.4222937822341919,0.8835018873214722,-0.18300433456897736,-0.29760926961898804,-0.46638596057891846,0.8851792812347412,0.011765855364501476,-0.3783857524394989,-0.4168345034122467,0.8924059867858887,-0.1753261536359787,-0.3385017514228821,-0.45784667134284973,0.8947288393974304,0.050635483115911484,-0.3306525647640228,-0.37562325596809387,0.8878293633460999,-0.1776351034641266,-0.2938835322856903,-0.4121754467487335,0.8907533884048462,0.11719032377004623,-0.0011318980250507593,-0.001342159230262041,0.5694599151611328,-0.11585276573896408,-0.003927575424313545,0.0016195854404941201,0.6104256510734558,0.14708949625492096,-0.04182618483901024,-0.10509044677019119,0.044404469430446625,-0.14233221113681793,0.026696011424064636,-0.10407796502113342,0.05985773354768753,0.14361964166164398,0.22619099915027618,0.1839425265789032,0.008438294753432274,-0.0953037291765213,0.40359798073768616,0.16452324390411377,0.017296915873885155,0.1445072740316391,0.23635241389274597,0.20298616588115692,0.00691777840256691,-0.07989351451396942,0.4252690076828003,0.19161616265773773,0.010365516878664494,0.17021015286445618,0.21815474331378937,-0.0024448262993246317,0.008992972783744335,-0.07325087487697601,0.4678678810596466,-0.016751447692513466,0.015206854790449142,22,0.917,0.5980309247970581,0.6508485078811646,-9.670534950600995e-08,,0.589702308177948,0.6100336909294128,0.00018536954303272069,,0.5673469305038452,0.5808401107788086,-0.004579127766191959,,0.5406615138053894,0.5784066319465637,-0.009155791252851486,,0.5217003226280212,0.5775744915008545,-0.014382106252014637,,0.5690657496452332,0.5584632754325867,-0.014192652888596058,,0.5338869690895081,0.5526788234710693,-0.021840253844857216,,0.5157997608184814,0.5539135336875916,-0.025127286091446877,,0.5032334327697754,0.5561953783035278,-0.027132531628012657,,0.565636396408081,0.5879570245742798,-0.018710128962993622,,0.5300866961479187,0.5906887650489807,-0.02626885287463665,,0.5369771718978882,0.6023129820823669,-0.025072019547224045,,0.5478544235229492,0.6053045988082886,-0.024079686030745506,,0.5627480149269104,0.6196445226669312,-0.022536760196089745,,0.5318021178245544,0.6189790368080139,-0.02934802882373333,,0.5403828620910645,0.6290259957313538,-0.022976012900471687,,0.550567626953125,0.6303392052650452,-0.018272235989570618,,0.5597721934318542,0.6513376832008362,-0.026003511622548103,,0.5339354276657104,0.6442331075668335,-0.03030625358223915,,0.5411751866340637,0.6510389447212219,-0.02494337037205696,,0.5497824549674988,0.6526229381561279,-0.020708762109279633,,0.3839355409145355,0.7346569299697876,-1.6573228123206718e-08,,0.38026711344718933,0.6831555962562561,0.005243633408099413,,0.3925189971923828,0.6363610029220581,0.004477403592318296,,0.4097762703895569,0.6079093813896179,0.002749426057562232,,0.4250895380973816,0.5939092636108398,0.0008809149148873985,,0.39746955037117004,0.6207608580589294,-0.008095299825072289,,0.4246043264865875,0.5814856290817261,-0.010762862861156464,,0.43959498405456543,0.5623083710670471,-0.010021135210990906,,0.45102354884147644,0.5474534630775452,-0.009331394918262959,,0.40993091464042664,0.64201420545578,-0.013014622032642365,,0.43529120087623596,0.6078842282295227,-0.01664828695356846,,0.42998719215393066,0.6199356317520142,-0.012643728405237198,,0.42145398259162903,0.6333596110343933,-0.008960225619375706,,0.42186349630355835,0.666617214679718,-0.01656169630587101,,0.44240602850914,0.6350693702697754,-0.018004581332206726,,0.4369930326938629,0.6454852223396301,-0.01025254838168621,,0.42974919080734253,0.6573433876037598,-0.00469447486102581,,0.43204888701438904,0.6908861994743347,-0.019590124487876892,,0.4503878653049469,0.6580479145050049,-0.016944756731390953,,0.44495144486427307,0.6650373339653015,-0.008648312650620937,,0.4375315010547638,0.6769666075706482,-0.0026650018990039825,
-0.004301178734749556,-0.5953816771507263,-0.26458343863487244,0.9998217821121216,0.015071583911776543,-0.6331838369369507,-0.25460997223854065,0.999675452709198,0.014402732253074646,-0.6327985525131226,-0.2562676668167114,0.9996770620346069,0.014725546352565289,-0.6327013969421387,-0.25377798080444336,0.9996238946914673,-0.022239798679947853,-0.636249303817749,-0.2555987238883972,0.999728798866272,-0.020163502544164658,-0.636603832244873,-0.256792277097702,0.9997507333755493,-0.0208648219704628,-0.6354840397834778,-0.2527223527431488,0.999726414680481,0.08907045423984528,-0.621740996837616,-0.15446746349334717,0.9996650815010071,-0.06550269573926926,-0.6306837797164917,-0.13948111236095428,0.9997530579566956,0.01929759606719017,-0.5664055347442627,-0.23586679995059967,0.9998831152915955,-0.026485159993171692,-0.5674383044242859,-0.2300274521112442,0.9999100565910339,0.18779459595680237,-0.4231760501861572,-0.09478339552879333,0.9994734525680542,-0.15422849357128143,-0.44911861419677734,-0.059105005115270615,0.9996614456176758,0.20553132891654968,-0.21537981927394867,-0.18594011664390564,0.9684925079345703,-0.21746166050434113,-0.22425392270088196,-0.16657553613185883,0.965053379535675,0.0675765797495842,-0.30409127473831177,-0.3705659508705139,0.9057120680809021,-0.19101811945438385,-0.2770841121673584,-0.40687912702560425,0.9063864350318909,0.013324814848601818,-0.32764530181884766,-0.42254841327667236,0.8943284749984741,-0.18349793553352356,-0.2973766624927521,-0.46521809697151184,0.8957341909408569,0.011413979344069958,-0.3797939419746399,-0.4168683886528015,0.9023380875587463,-0.17581047117710114,-0.33795222640037537,-0.45648425817489624,0.9043514728546143,0.050267063081264496,-0.33191153407096863,-0.37583792209625244,0.8981184363365173,-0.1778370440006256,-0.2934354543685913,-0.41150161623954773,0.900634229183197,0.1172061413526535,-0.0012712102616205812,-0.0013066285755485296,0.5782223343849182,-0.1159149557352066,-0.003750062081962824,0.0015680057695135474,0.6190463304519653,0.14688950777053833,-0.04081342741847038,-0.10474240034818649,0.04265866056084633,-0.14225350320339203,0.028234519064426422,-0.10317587852478027,0.057218968868255615,0.14358605444431305,0.22258155047893524,0.18432386219501495,0.008107610046863556,-0.09668528288602829,0.4011182188987732,0.16443896293640137,0.016260577365756035,0.14450964331626892,0.2325480729341507,0.2034311592578888,0.006778021343052387,-0.08188410103321075,0.42264994978904724,0.19170480966567993,0.009874301962554455,0.17051063477993011,0.21749526262283325,0.0041950964368879795,0.008595756255090237,-0.07444799691438675,0.4665575921535492,-0.014368518255650997,0.014277830719947815,23,0.959,0.6004357933998108,0.6525670886039734,-9.482018725748276e-08,,0.5922589302062988,0.6114506721496582,-0.0005448536248877645,,0.5694389343261719,0.580472469329834,-0.005435638129711151,,0.5417405366897583,0.5787695050239563,-0.009822218678891659,,0.5223556756973267,0.5774756669998169,-0.0148628493770957,,0.5717467665672302,0.5590350031852722,-0.015529974363744259,,0.535934567451477,0.5541548132896423,-0.023185987025499344,,0.5170342326164246,0.5548407435417175,-0.02654007449746132,,0.5037065744400024,0.5566943287849426,-0.028732819482684135,,0.5680436491966248,0.5901771783828735,-0.019750654697418213,,0.5318005681037903,0.5934613347053528,-0.027635011821985245,,0.5395264625549316,0.6042633652687073,-0.02660355344414711,,0.5512421727180481,0.6069516539573669,-0.025742148980498314,,0.5646063089370728,0.6229957342147827,-0.023239480331540108,,0.53268963098526,0.6228445172309875,-0.03050163947045803,,0.5420749187469482,0.6326120495796204,-0.024278437718749046,,0.5529837012290955,0.6340435147285461,-0.019610384479165077,,0.5610754489898682,0.6558352112770081,-0.026397734880447388,,0.5342901945114136,0.647780179977417,-0.031433746218681335,,0.5418165326118469,0.654691755771637,-0.026408545672893524,,0.5509827136993408,0.6570205688476562,-0.022306162863969803,,0.38175034523010254,0.7356154322624207,-1.066895816137503e-08,,0.3787180185317993,0.6857267618179321,0.002457940950989723,,0.3912915289402008,0.6374884843826294,0.0005826567648909986,,0.40914973616600037,0.6084471344947815,-0.0020141801796853542,,0.42443037033081055,0.5935263633728027,-0.004564033355563879,,0.39626386761665344,0.624645471572876,-0.009519857354462147,,0.4233488440513611,0.5850805044174194,-0.014102544635534286,,0.43952977657318115,0.5660934448242188,-0.014937547966837883,,0.4523409307003021,0.5515860915184021,-0.0152352973818779,,0.4083106815814972,0.6469549536705017,-0.014066275209188461,,0.435419499874115,0.6115022301673889,-0.02080264501273632,,0.42937135696411133,0.6241607666015625,-0.01849236711859703,,0.4197586476802826,0.6381272673606873,-0.015144300647079945,,0.4199012219905853,0.6718562245368958,-0.01760837808251381,,0.44172972440719604,0.6391054391860962,-0.02160472981631756,,0.4357454180717468,0.650080144405365,-0.014476639218628407,,0.4279322922229767,0.6621187329292297,-0.008495183661580086,,0.4299548268318176,0.6964162588119507,-0.02092091366648674,,0.44906285405158997,0.662380576133728,-0.020207354798913002,,0.4434792995452881,0.6684576869010925,-0.012575616128742695,,0.43592751026153564,0.6799150705337524,-0.006615562830120325,
-0.004226549528539181,-0.599635660648346,-0.2647972106933594,0.9998323917388916,0.015145459212362766,-0.637169361114502,-0.2546496093273163,0.9996923804283142,0.01447724923491478,-0.636789083480835,-0.256302148103714,0.9996922612190247,0.014799135737121105,-0.6366870999336243,-0.2538142800331116,0.9996414184570312,-0.022160887718200684,-0.6397237777709961,-0.2556876838207245,0.9997454881668091,-0.02008308842778206,-0.64007169008255,-0.2568834125995636,0.9997665286064148,-0.02078484743833542,-0.638954758644104,-0.25281041860580444,0.999744713306427,0.08898109942674637,-0.6237084269523621,-0.15448854863643646,0.9996812343597412,-0.06560303270816803,-0.6309897899627686,-0.13958916068077087,0.9997711181640625,0.019334901124238968,-0.569642186164856,-0.23609709739685059,0.9998903274536133,-0.026445355266332626,-0.5700355172157288,-0.23034457862377167,0.9999163150787354,0.18766330182552338,-0.42376184463500977,-0.09458894282579422,0.9994890689849854,-0.15419568121433258,-0.4482017159461975,-0.0602092482149601,0.9996841549873352,0.20607076585292816,-0.21647889912128448,-0.18587368726730347,0.9715226888656616,-0.2173987179994583,-0.22288627922534943,-0.16758568584918976,0.9683578610420227,0.06776866316795349,-0.3042568862438202,-0.3705635964870453,0.915020227432251,-0.19115720689296722,-0.2763088345527649,-0.405950129032135,0.9155844449996948,0.01359663438051939,-0.3274959921836853,-0.422515332698822,0.9038562774658203,-0.18354599177837372,-0.2967049181461334,-0.4640474021434784,0.9050781726837158,0.011883541941642761,-0.3797026574611664,-0.41687944531440735,0.9110568165779114,-0.17616529762744904,-0.33766981959342957,-0.45543479919433594,0.91286301612854,0.05048377066850662,-0.3321041166782379,-0.3758634328842163,0.907124936580658,-0.17812712490558624,-0.2930179834365845,-0.41063418984413147,0.9093514680862427,0.11716736108064651,-0.0013821044703945518,-0.0010918494081124663,0.5837684869766235,-0.11592134833335876,-0.0036395753268152475,0.0013223837595432997,0.6250766515731812,0.14677250385284424,-0.040688738226890564,-0.10450633615255356,0.040821269154548645,-0.14175792038440704,0.028622429817914963,-0.10221988707780838,0.054868828505277634,0.1438284069299698,0.22313590347766876,0.18542881309986115,0.00783777516335249,-0.09648507088422775,0.40571922063827515,0.16507837176322937,0.015438588336110115,0.14486242830753326,0.23317810893058777,0.20437555015087128,0.006646377965807915,-0.08170375227928162,0.42815372347831726,0.19195732474327087,0.0094809764996171,0.17084607481956482,0.21923062205314636,0.006249843165278435,0.008299403823912144,-0.07442620396614075,0.47288957238197327,-0.014068231917917728,0.013574773445725441,24,1.001,0.602672815322876,0.65755295753479,-9.130169331683646e-08,,0.5926578640937805,0.6151992678642273,-0.0007777481223456562,,0.5676786303520203,0.586053729057312,-0.005431847181171179,,0.5394226908683777,0.5856873393058777,-0.00957705918699503,,0.5196862816810608,0.5843018889427185,-0.014362315647304058,,0.5711410045623779,0.5647695064544678,-0.014443807303905487,,0.536777675151825,0.5611656308174133,-0.0218534953892231,,0.5173190236091614,0.5613462924957275,-0.02515149861574173,,0.5032399296760559,0.5620375871658325,-0.02746504731476307,,0.5680740475654602,0.5959506630897522,-0.018596122041344643,,0.5317585468292236,0.6001893877983093,-0.026407504454255104,,0.5393517017364502,0.6115962266921997,-0.02546580322086811,,0.5511584877967834,0.6138545274734497,-0.024629754945635796,,0.565366804599762,0.6291308403015137,-0.022116702049970627,,0.5337814688682556,0.6295691132545471,-0.029673811048269272,,0.5426334142684937,0.6388049125671387,-0.023818176239728928,,0.5533992648124695,0.6397616863250732,-0.01925821788609028,,0.5624856352806091,0.6623367667198181,-0.025323132053017616,,0.5355290174484253,0.6546621322631836,-0.030585216358304024,,0.5424818396568298,0.6606972217559814,-0.025825487449765205,,0.5519217848777771,0.6628612875938416,-0.02185780182480812,,0.3806396722793579,0.7434324622154236,-1.4696698080740589e-08,,0.3773300349712372,0.6934993267059326,0.0019747084006667137,,0.38993269205093384,0.6438530683517456,-1.7326304941889248e-06,,0.40718284249305725,0.6120196580886841,-0.002549645956605673,,0.4206954836845398,0.5933128595352173,-0.005090579390525818,,0.39677608013153076,0.6351358890533447,-0.010979438200592995,,0.42436206340789795,0.5948091745376587,-0.01594557985663414,,0.44089487195014954,0.5758869051933289,-0.01692585088312626,,0.4541407823562622,0.5619475841522217,-0.017198143526911736,,0.4082281291484833,0.6584368944168091,-0.01529626827687025,,0.4366653561592102,0.6221190094947815,-0.02229311130940914,,0.4302416741847992,0.6328666806221008,-0.01988999918103218,,0.42026975750923157,0.6468024849891663,-0.016333209350705147,,0.4189903140068054,0.6839547157287598,-0.01856249012053013,,0.44183000922203064,0.6510366797447205,-0.022571705281734467,,0.4352828860282898,0.6595460772514343,-0.015492853708565235,,0.4271935820579529,0.6716694831848145,-0.009488637559115887,,0.428343802690506,0.7088288068771362,-0.021626058965921402,,0.44830429553985596,0.6737658381462097,-0.02102041058242321,,0.44241032004356384,0.6785835027694702,-0.013465143740177155,,0.43448418378829956,0.6913140416145325,-0.007504776585847139,
-0.004364243242889643,-0.6015978455543518,-0.2687331736087799,0.9998429417610168,0.015018974430859089,-0.6389759182929993,-0.2579558789730072,0.9997096657752991,0.014348420314490795,-0.6385931968688965,-0.25961580872535706,0.9997084736824036,0.014669991098344326,-0.6384833455085754,-0.25713247060775757,0.9996600151062012,-0.022377345710992813,-0.6415235996246338,-0.25894394516944885,0.9997617602348328,-0.020299799740314484,-0.6418749690055847,-0.2601226270198822,0.9997817873954773,-0.021001730114221573,-0.6407656669616699,-0.2560294568538666,0.9997621178627014,0.08900318294763565,-0.6240842342376709,-0.157340869307518,0.9996983408927917,-0.0657481700181961,-0.6311430931091309,-0.14230503141880035,0.9997881650924683,0.01926145888864994,-0.5708613991737366,-0.24020329117774963,0.9998977780342102,-0.026616882532835007,-0.5712279081344604,-0.23434698581695557,0.9999224543571472,0.1876232773065567,-0.42332974076271057,-0.09768760949373245,0.9995041489601135,-0.15424509346485138,-0.44735702872276306,-0.06277555972337723,0.9997043013572693,0.20701606571674347,-0.2163473218679428,-0.18780669569969177,0.9742498993873596,-0.21784120798110962,-0.22102110087871552,-0.1682184934616089,0.9712979197502136,0.066478431224823,-0.3040359616279602,-0.37202587723731995,0.9233843684196472,-0.18106554448604584,-0.27122578024864197,-0.4060557186603546,0.9238236546516418,0.010603765957057476,-0.327232301235199,-0.42372041940689087,0.9123551845550537,-0.16741444170475006,-0.2885597050189972,-0.4642387628555298,0.9132766127586365,0.008997838944196701,-0.3793705403804779,-0.41830477118492126,0.9188250303268433,-0.15769809484481812,-0.3308708965778351,-0.45529812574386597,0.9203198552131653,0.04884256795048714,-0.33180201053619385,-0.37721118330955505,0.9151331186294556,-0.1660148799419403,-0.288025826215744,-0.410539835691452,0.9169577956199646,0.1171882227063179,-0.0015341289108619094,-0.0010696768295019865,0.5849058032035828,-0.11596182733774185,-0.0035198391415178776,0.0013009196845814586,0.6266466379165649,0.14746078848838806,-0.04087476059794426,-0.10503055155277252,0.03978210687637329,-0.14140692353248596,0.028432676568627357,-0.10231903195381165,0.053310152143239975,0.1473667323589325,0.22293417155742645,0.1878773272037506,0.007690258789807558,-0.09379982948303223,0.40612083673477173,0.16877107322216034,0.014760913327336311,0.14875134825706482,0.23298604786396027,0.20717288553714752,0.006576852407306433,-0.07860434055328369,0.42840611934661865,0.19633415341377258,0.009162506088614464,0.1742229163646698,0.21869030594825745,0.006784416735172272,0.008091181516647339,-0.07245686650276184,0.473110556602478,-0.01142028346657753,0.012963765300810337,25,1.042,0.607090413570404,0.6731887459754944,-8.284310126782657e-08,,0.595474362373352,0.6320289969444275,-0.00028891104739159346,,0.5688867568969727,0.604834794998169,-0.004682298284024,,0.5411428809165955,0.6048246026039124,-0.008636235259473324,,0.5228347778320312,0.6042106747627258,-0.013463963754475117,,0.5705341696739197,0.5872329473495483,-0.01438305526971817,,0.5365340709686279,0.5845175981521606,-0.021712010726332664,,0.5172053575515747,0.583207905292511,-0.024665167555212975,,0.5029289126396179,0.581737220287323,-0.02670772559940815,,0.5679893493652344,0.6179971694946289,-0.018656127154827118,,0.5315402150154114,0.6212557554244995,-0.026797905564308167,,0.5395554304122925,0.6316920518875122,-0.02565249241888523,,0.5515127778053284,0.6351118683815002,-0.024301322177052498,,0.5665362477302551,0.6503970623016357,-0.022130176424980164,,0.5358361601829529,0.6533382534980774,-0.030083712190389633,,0.545008659362793,0.6610846519470215,-0.024243216961622238,,0.5558233261108398,0.6622335910797119,-0.019363632425665855,,0.5648186206817627,0.6834049224853516,-0.025168392807245255,,0.538124144077301,0.6790082454681396,-0.030557548627257347,,0.5465651750564575,0.6840581893920898,-0.025458944961428642,,0.5565711855888367,0.6859477758407593,-0.021082183346152306,,0.37809088826179504,0.774228036403656,-1.8164149073740532e-09,,0.3747921288013458,0.7235631346702576,-0.003509379690513015,,0.39208945631980896,0.6714746356010437,-0.008574633859097958,,0.41585373878479004,0.6445237398147583,-0.013157824985682964,,0.4359738826751709,0.6340550184249878,-0.017439013347029686,,0.39601001143455505,0.6701509952545166,-0.018039509654045105,,0.4291119873523712,0.6362636089324951,-0.026214390993118286,,0.448553204536438,0.6190126538276672,-0.029264170676469803,,0.4628688097000122,0.6066521406173706,-0.030881835147738457,,0.4076237082481384,0.6987606883049011,-0.02140986919403076,,0.4399680197238922,0.6643149256706238,-0.03292335197329521,,0.43334662914276123,0.6727472543716431,-0.032337795943021774,,0.4213985502719879,0.6856806874275208,-0.029293986037373543,,0.4185521900653839,0.728007972240448,-0.024124037474393845,,0.44450557231903076,0.6960525512695312,-0.03247159719467163,,0.43660658597946167,0.7041347622871399,-0.025993067771196365,,0.4265483021736145,0.7147256135940552,-0.019474217668175697,,0.4280882179737091,0.7558770179748535,-0.027040084823966026,,0.45014286041259766,0.7236757874488831,-0.02983410656452179,,0.44265303015708923,0.7305587530136108,-0.022907817736268044,,0.43407219648361206,0.7437039613723755,-0.016898546367883682,
-0.004390674643218517,-0.6026220321655273,-0.2725474238395691,0.9998514652252197,0.014944493770599365,-0.6398796439170837,-0.26120781898498535,0.9997231364250183,0.014274975284934044,-0.6394983530044556,-0.26285821199417114,0.9997208714485168,0.014596305787563324,-0.6393831372261047,-0.26038748025894165,0.9996737837791443,-0.022508999332785606,-0.64251708984375,-0.2626693546772003,0.9997749328613281,-0.020429015159606934,-0.6428720355033875,-0.2638584077358246,0.9997943639755249,-0.021132230758666992,-0.641770601272583,-0.2597602903842926,0.9997765421867371,0.08862990885972977,-0.6241878271102905,-0.1597336381673813,0.9997109770774841,-0.06652508676052094,-0.6312370896339417,-0.1472584307193756,0.9998031854629517,0.019130917266011238,-0.5714507102966309,-0.24378208816051483,0.9999043345451355,-0.026850173249840736,-0.5718680024147034,-0.23866592347621918,0.9999279975891113,0.18719178438186646,-0.4230026304721832,-0.10021120309829712,0.9995167851448059,-0.1556997299194336,-0.44715604186058044,-0.06886027753353119,0.9997234344482422,0.21164701879024506,-0.2157014161348343,-0.18985030055046082,0.9767070412635803,-0.22258135676383972,-0.21994337439537048,-0.17142288386821747,0.9739728569984436,0.06662225723266602,-0.2991376519203186,-0.37371277809143066,0.930898129940033,-0.16389337182044983,-0.25863444805145264,-0.4074230492115021,0.93121737241745,0.010667823255062103,-0.3194722533226013,-0.42588183283805847,0.9198498129844666,-0.14116375148296356,-0.26930323243141174,-0.4664589464664459,0.9204422235488892,0.008680409751832485,-0.3725034296512604,-0.42069053649902344,0.9256535172462463,-0.12626972794532776,-0.3137895166873932,-0.4568738043308258,0.926808774471283,0.0490349680185318,-0.32689207792282104,-0.37884238362312317,0.9221652746200562,-0.14521509408950806,-0.27531760931015015,-0.4114149510860443,0.9235672950744629,0.11716091632843018,-0.0017755114240571856,-0.0009739095694385469,0.5860211253166199,-0.11596950888633728,-0.003290206426754594,0.0011963933939114213,0.62913978099823,0.14766690135002136,-0.03776382654905319,-0.10488346964120865,0.03874223306775093,-0.14112547039985657,0.032877154648303986,-0.10253071039915085,0.05171186476945877,0.14935390651226044,0.22555597126483917,0.1891598403453827,0.007513346616178751,-0.09284645318984985,0.41055554151535034,0.170095294713974,0.014077152125537395,0.15109452605247498,0.23585765063762665,0.2083834558725357,0.006488178391009569,-0.07769724726676941,0.43304678797721863,0.1976330280303955,0.008860265836119652,0.17698626220226288,0.2224702090024948,0.00965717900544405,0.007843160070478916,-0.07217922061681747,0.47875961661338806,-0.008985871449112892,0.01233749371021986,26,1.084,0.6091403961181641,0.6874681711196899,-8.806741647049421e-08,,0.5967943072319031,0.649154543876648,-0.0011235503479838371,,0.5685619115829468,0.6233327984809875,-0.005454405210912228,,0.5406715273857117,0.6223164796829224,-0.009237967431545258,,0.5208622217178345,0.6246151328086853,-0.013451321050524712,,0.5693142414093018,0.6064596176147461,-0.01393859926611185,,0.5344461798667908,0.6058648824691772,-0.02194838784635067,,0.5198610424995422,0.6115169525146484,-0.025098305195569992,,0.5121892094612122,0.6143301129341125,-0.026693126186728477,,0.5680195093154907,0.6373658776283264,-0.017451778054237366,,0.5328031778335571,0.6454364657402039,-0.02497580461204052,,0.5393497347831726,0.6560136079788208,-0.023976806551218033,,0.5500315427780151,0.6567792296409607,-0.02319435589015484,,0.5670528411865234,0.6703294515609741,-0.020471671596169472,,0.5373986959457397,0.6756595373153687,-0.02795654721558094,,0.545092761516571,0.682935893535614,-0.0224583949893713,,0.5549482107162476,0.6838241219520569,-0.01827605813741684,,0.5655096769332886,0.7037147879600525,-0.023155583068728447,,0.5408729910850525,0.7014553546905518,-0.02860751561820507,,0.5489246845245361,0.7061892151832581,-0.024092556908726692,,0.5582813620567322,0.7086960673332214,-0.020257720723748207,,0.378635048866272,0.8062658309936523,-1.5781974127548892e-07,,0.3783634305000305,0.7518365383148193,-0.003090607700869441,,0.40165090560913086,0.6987164616584778,-0.009676611982285976,,0.43065112829208374,0.6719585061073303,-0.015895958989858627,,0.4545997381210327,0.6616812944412231,-0.020236309617757797,,0.3943372964859009,0.6975290179252625,-0.020373191684484482,,0.4284607470035553,0.6660206913948059,-0.03247405216097832,,0.42549416422843933,0.683626651763916,-0.03656143322587013,,0.415839821100235,0.6984566450119019,-0.03709256276488304,,0.40189170837402344,0.7276610732078552,-0.02458014525473118,,0.4408961236476898,0.6952303647994995,-0.033893655985593796,,0.4349009394645691,0.7106877565383911,-0.033132120966911316,,0.4233497679233551,0.7252216339111328,-0.03148924559354782,,0.41224783658981323,0.760712206363678,-0.028579918667674065,,0.44741880893707275,0.7306903600692749,-0.03456535562872887,,0.43907734751701355,0.7422679662704468,-0.028236722573637962,,0.4275245666503906,0.7531064748764038,-0.02345939539372921,,0.42299461364746094,0.7938622832298279,-0.03274575248360634,,0.45055049657821655,0.7656434178352356,-0.03381897136569023,,0.4412761628627777,0.7751331329345703,-0.026865294203162193,,0.43066683411598206,0.7869502902030945,-0.02200162224471569,
-0.0056718564592301846,-0.6048598289489746,-0.27478450536727905,0.9998597502708435,0.013667847961187363,-0.6420114636421204,-0.2629453241825104,0.9997366070747375,0.013001978397369385,-0.6416300535202026,-0.26459211111068726,0.9997334480285645,0.013318326324224472,-0.6415008306503296,-0.26212865114212036,0.9996877312660217,-0.024237554520368576,-0.6446865200996399,-0.2644329071044922,0.9997881054878235,-0.02215465158224106,-0.6450458765029907,-0.2656404972076416,0.9998069405555725,-0.022860027849674225,-0.6439524292945862,-0.26153135299682617,0.9997907876968384,0.0879797711968422,-0.6249030828475952,-0.16062015295028687,0.9997231364250183,-0.06885470449924469,-0.6318445205688477,-0.1482369303703308,0.999817430973053,0.018107587471604347,-0.5730478167533875,-0.24579481780529022,0.9999101161956787,-0.028413498774170876,-0.573478102684021,-0.24072298407554626,0.9999328851699829,0.18702036142349243,-0.4228675365447998,-0.1023242175579071,0.9995157718658447,-0.15762582421302795,-0.4466393291950226,-0.06932449340820312,0.999736487865448,0.21385298669338226,-0.21506650745868683,-0.19167281687259674,0.9789096117019653,-0.22362254559993744,-0.2175748199224472,-0.17125873267650604,0.9763304591178894,0.0643799751996994,-0.29570361971855164,-0.3757832944393158,0.9376555681228638,-0.16519159078598022,-0.24295732378959656,-0.40718239545822144,0.9378125071525574,0.00578476395457983,-0.3133976459503174,-0.4281432330608368,0.9265670776367188,-0.1449168175458908,-0.248874694108963,-0.4662339687347412,0.9266149997711182,0.002327942056581378,-0.36741897463798523,-0.42343848943710327,0.9317886829376221,-0.13102881610393524,-0.2916167080402374,-0.4573169946670532,0.9324504137039185,0.045856934040784836,-0.3234681785106659,-0.38100066781044006,0.9284789562225342,-0.14713060855865479,-0.2582545280456543,-0.4113081991672516,0.9293375611305237,0.11720289289951324,-0.0021841053385287523,-0.0008159692515619099,0.5840640068054199,-0.1160712018609047,-0.002922402461990714,0.0010264682350680232,0.6273377537727356,0.1473444551229477,-0.03774041682481766,-0.104729063808918,0.03769814968109131,-0.14161130785942078,0.034571535885334015,-0.10230663418769836,0.05006716772913933,0.1491318941116333,0.22600963711738586,0.19197094440460205,0.007368910126388073,-0.09379729628562927,0.4103812277317047,0.17449747025966644,0.013389306142926216,0.15088224411010742,0.23646371066570282,0.21135690808296204,0.006421786732971668,-0.07859722524881363,0.4328290522098541,0.2024935483932495,0.008504990488290787,0.1768157184123993,0.2238316833972931,0.012995344586670399,0.0076405941508710384,-0.07311561703681946,0.4785553216934204,-0.0018551277462393045,0.011725752614438534,27,1.126,0.6167292594909668,0.7146199941635132,-1.0204713163375345e-07,,0.6040405035018921,0.675170361995697,-0.0005051485495641828,,0.5775140523910522,0.6494386792182922,-0.0037724864669144154,,0.5515239834785461,0.650081217288971,-0.007108074147254229,,0.5331578254699707,0.6613240838050842,-0.010863840579986572,,0.5716804265975952,0.6422866582870483,-0.012295477092266083,,0.534333348274231,0.6450642943382263,-0.021312158554792404,,0.5267734527587891,0.6551201343536377,-0.025623628869652748,,0.5276942253112793,0.6614731550216675,-0.02750704064965248,,0.5705052018165588,0.6689815521240234,-0.015896201133728027,,0.5347041487693787,0.6785634756088257,-0.022383105009794235,,0.542309582233429,0.6868892312049866,-0.021874040365219116,,0.5538582801818848,0.6869206428527832,-0.021597301587462425,,0.5713095664978027,0.7009406089782715,-0.019153371453285217,,0.5397871732711792,0.7086914777755737,-0.025664277374744415,,0.5478507876396179,0.7155025601387024,-0.020755603909492493,,0.5588641166687012,0.7157336473464966,-0.017248718068003654,,0.5724284052848816,0.7362398505210876,-0.02213415876030922,,0.5463361740112305,0.7370396852493286,-0.027449587360024452,,0.5536974668502808,0.7413920164108276,-0.023080069571733475,,0.5641010999679565,0.744526743888855,-0.019284892827272415,,0.37289127707481384,0.835439920425415,-1.361033525881794e-07,,0.3788447380065918,0.7796050310134888,-0.005611263681203127,,0.4112548232078552,0.7333239912986755,-0.014034463092684746,,0.4465348422527313,0.7139068841934204,-0.021482668817043304,,0.47220808267593384,0.7023784518241882,-0.027356043457984924,,0.4013405740261078,0.731696605682373,-0.024345191195607185,,0.4434674084186554,0.717052698135376,-0.036722470074892044,,0.43977224826812744,0.7326016426086426,-0.04165685176849365,,0.425655722618103,0.7437663078308105,-0.04351414740085602,,0.4069032669067383,0.7700335383415222,-0.02815779484808445,,0.4502731263637543,0.7509307861328125,-0.03632880002260208,,0.4446251690387726,0.7611964344978333,-0.034979112446308136,,0.4293422996997833,0.7698509693145752,-0.03479907289147377,,0.41435420513153076,0.8084061741828918,-0.031944017857313156,,0.45277509093284607,0.7845274806022644,-0.03625112026929855,,0.4451307952404022,0.7950332164764404,-0.027839720249176025,,0.43089619278907776,0.8034108877182007,-0.023346351459622383,,0.4222308397293091,0.8441083431243896,-0.03635489195585251,,0.4512513279914856,0.8188563585281372,-0.03618898615241051,,0.44273507595062256,0.8279510736465454,-0.027767391875386238,,0.43024393916130066,0.8381279706954956,-0.022903481498360634,
-0.009846177883446217,-0.6111931800842285,-0.27683064341545105,0.9998647570610046,0.00891138520091772,-0.6481608748435974,-0.26454856991767883,0.9997437000274658,0.008281024172902107,-0.6478001475334167,-0.26616185903549194,0.9997388124465942,0.008601928129792213,-0.6476717591285706,-0.2637476921081543,0.9996924996376038,-0.029245952144265175,-0.650351345539093,-0.26654568314552307,0.9997974634170532,-0.027141878381371498,-0.6507503986358643,-0.26776137948036194,0.9998164772987366,-0.027837229892611504,-0.6496790051460266,-0.2636553943157196,0.9998020529747009,0.08172864466905594,-0.6292771697044373,-0.1611999273300171,0.9997254610061646,-0.07628316432237625,-0.6339555382728577,-0.1506771743297577,0.999829113483429,0.013268676586449146,-0.5787826180458069,-0.24752558767795563,0.9999129772186279,-0.033579662442207336,-0.5784413814544678,-0.243155375123024,0.9999364018440247,0.18087662756443024,-0.4241328537464142,-0.10262759774923325,0.9994960427284241,-0.1652338206768036,-0.44561707973480225,-0.07078284025192261,0.999742865562439,0.21230873465538025,-0.21455428004264832,-0.1916457563638687,0.9807807207107544,-0.22483554482460022,-0.2089311182498932,-0.17108599841594696,0.9782416224479675,0.0486992672085762,-0.28231632709503174,-0.37533390522003174,0.9435639381408691,-0.16434885561466217,-0.22918763756752014,-0.40546026825904846,0.9434077739715576,-0.012508273124694824,-0.29638567566871643,-0.42778080701828003,0.9315782189369202,-0.1431853473186493,-0.2364920973777771,-0.46439358592033386,0.930736780166626,-0.018418021500110626,-0.351377010345459,-0.4232378602027893,0.936303436756134,-0.13199383020401,-0.2796823978424072,-0.45576009154319763,0.9362290501594543,0.028893625363707542,-0.30979105830192566,-0.3807682693004608,0.9329312443733215,-0.1471915990114212,-0.2451612502336502,-0.40919968485832214,0.9328739643096924,0.11703531444072723,-0.0034180497750639915,-0.0002989404310937971,0.5774763822555542,-0.11607223749160767,-0.002136422321200371,0.00051453011110425,0.6211506724357605,0.14237385988235474,-0.027337893843650818,-0.08632789552211761,0.03684934601187706,-0.14157651364803314,0.07725769281387329,-0.0874408408999443,0.04891692474484444,0.14460472762584686,0.22824084758758545,0.20514409244060516,0.007263463921844959,-0.10260961204767227,0.4181382656097412,0.17959795892238617,0.012880903668701649,0.14597852528095245,0.23879939317703247,0.22467824816703796,0.006403157953172922,-0.08918079733848572,0.4402824938297272,0.20583289861679077,0.008238916285336018,0.1748279482126236,0.23416583240032196,0.03354760631918907,0.007569471374154091,-0.08835466206073761,0.4999026656150818,0.005771046504378319,0.011373518034815788,28,1.167,0.6227439045906067,0.7520616054534912,-1.3296677536800416e-08,,0.6080740094184875,0.707574725151062,-0.0036039957776665688,,0.5759206414222717,0.6820445656776428,-0.0077765570022165775,,0.5456262826919556,0.6885998249053955,-0.01085751410573721,,0.5244608521461487,0.7024791240692139,-0.014798506163060665,,0.5734923481941223,0.6754937171936035,-0.015903646126389503,,0.5387108325958252,0.6751875281333923,-0.023712679743766785,,0.5172432065010071,0.6770647764205933,-0.027409948408603668,,0.5009125471115112,0.6788471341133118,-0.030010836198925972,,0.5717512369155884,0.7097394466400146,-0.018388060852885246,,0.5354165434837341,0.7190245985984802,-0.02687421441078186,,0.5427732467651367,0.7281824350357056,-0.02666599489748478,,0.5549978613853455,0.7297880053520203,-0.025816157460212708,,0.5727092027664185,0.7463293671607971,-0.020282670855522156,,0.5424712300300598,0.7562384009361267,-0.028372470289468765,,0.5515388250350952,0.7616883516311646,-0.022937588393688202,,0.5639035701751709,0.7613275051116943,-0.018328078091144562,,0.5746737122535706,0.7829439640045166,-0.022094836458563805,,0.5502292513847351,0.7853273749351501,-0.028068574145436287,,0.5591121912002563,0.7886834740638733,-0.02333460934460163,,0.5703096985816956,0.7902244925498962,-0.01900177262723446,,0.37150365114212036,0.8644184470176697,-1.592959506524494e-07,,0.38338708877563477,0.8128091096878052,-0.005475341808050871,,0.4201098084449768,0.778456449508667,-0.014161918312311172,,0.4570281207561493,0.7720502018928528,-0.021914489567279816,,0.48328539729118347,0.7706239223480225,-0.027604103088378906,,0.4047694206237793,0.7820469737052917,-0.027078840881586075,,0.4526873230934143,0.7747842073440552,-0.04013225808739662,,0.44847145676612854,0.7899384498596191,-0.04397798329591751,,0.43396374583244324,0.7978189587593079,-0.04461377486586571,,0.4077858328819275,0.8213207125663757,-0.031022442504763603,,0.45422837138175964,0.8105635046958923,-0.040187399834394455,,0.4478902220726013,0.8199406862258911,-0.037995465099811554,,0.4321438670158386,0.8267947435379028,-0.03691907599568367,,0.41370677947998047,0.8601917624473572,-0.03481678292155266,,0.4541972875595093,0.8446228504180908,-0.03854447230696678,,0.44608619809150696,0.8525761961936951,-0.028672710061073303,,0.4323141872882843,0.8584659695625305,-0.02328394167125225,,0.4215468466281891,0.894967794418335,-0.03941808640956879,,0.4527526795864105,0.8785977959632874,-0.03756852075457573,,0.443940669298172,0.8834836483001709,-0.02818191610276699,,0.43235528469085693,0.8908355236053467,-0.02304784022271633,
-0.009693952277302742,-0.6360145807266235,-0.2542901337146759,0.9998580813407898,0.009018603712320328,-0.6718501448631287,-0.24053457379341125,0.9997361302375793,0.008378647267818451,-0.671513557434082,-0.24242110550403595,0.9997321367263794,0.008694715797901154,-0.6715131998062134,-0.24005429446697235,0.999684751033783,-0.029106685891747475,-0.6740574240684509,-0.24253031611442566,0.999789834022522,-0.02700301818549633,-0.6745857000350952,-0.24345815181732178,0.999809741973877,-0.02770368382334709,-0.6735627055168152,-0.23940156400203705,0.9997946619987488,0.0819154679775238,-0.6461634635925293,-0.13768084347248077,0.9997163414955139,-0.07581455260515213,-0.6507795453071594,-0.12791316211223602,0.9998263120651245,0.013348383828997612,-0.6015866994857788,-0.22577467560768127,0.9999100565910339,-0.033476222306489944,-0.6011580228805542,-0.22142866253852844,0.9999345541000366,0.18099045753479004,-0.43826550245285034,-0.08949515968561172,0.999491810798645,-0.16495642066001892,-0.4545716345310211,-0.06145424023270607,0.9997333884239197,0.22959651052951813,-0.22257082164287567,-0.17152710258960724,0.9823528528213501,-0.22466830909252167,-0.2148100733757019,-0.11519674211740494,0.9795815348625183,0.07006223499774933,-0.23958396911621094,-0.3585481345653534,0.9486043453216553,-0.17089791595935822,-0.15687017142772675,-0.3111031651496887,0.947483479976654,0.014759363606572151,-0.23319058120250702,-0.4133973717689514,0.9356704354286194,-0.1569443792104721,-0.13264673948287964,-0.36280757188796997,0.9322405457496643,-0.0043721068650484085,-0.28051942586898804,-0.4143848419189453,0.9400768280029297,-0.1394210308790207,-0.1666719913482666,-0.3711586892604828,0.9378103613853455,0.04628710821270943,-0.25838175415992737,-0.36709073185920715,0.9367063641548157,-0.1534949392080307,-0.1614077389240265,-0.32070988416671753,0.9346866011619568,0.11703165620565414,-0.003295987145975232,-0.00010876250598812476,0.5840552449226379,-0.11608316004276276,-0.0025074470322579145,0.0004169971798546612,0.6241714954376221,0.13808731734752655,-0.015420269221067429,-0.07651615887880325,0.038186922669410706,-0.13927876949310303,0.06747324764728546,-0.10709786415100098,0.050715357065200806,0.138272225856781,0.22869350016117096,0.20654518902301788,0.007267203647643328,-0.10413359105587006,0.40989524126052856,0.13728278875350952,0.012976228259503841,0.13924354314804077,0.23957455158233643,0.22726750373840332,0.006395026110112667,-0.0920267328619957,0.42996034026145935,0.16408130526542664,0.008337472565472126,0.1745658814907074,0.23362073302268982,0.04563012719154358,0.00759117491543293,-0.09095198661088943,0.4758909046649933,-0.01997174695134163,0.011526687070727348,29,1.209,0.6574885249137878,0.8485590219497681,-1.6353773446553532e-08,,0.6260807514190674,0.8050479292869568,0.0016081351786851883,,0.5884831547737122,0.7986935973167419,0.00047993790940381587,,0.5619316697120667,0.815613865852356,-0.0022339762654155493,,0.5487684011459351,0.8438071608543396,-0.0057687521912157536,,0.5705238580703735,0.7948514223098755,-0.004086701199412346,,0.5347121953964233,0.7980818748474121,-0.011639636941254139,,0.5156247019767761,0.8051387071609497,-0.016411567106842995,,0.50347900390625,0.811434268951416,-0.019168399274349213,,0.572333037853241,0.8324946165084839,-0.008719547651708126,,0.5441532731056213,0.8561572432518005,-0.016328373923897743,,0.5499067902565002,0.8646174073219299,-0.01809859648346901,,0.5596817135810852,0.8647239208221436,-0.018096717074513435,,0.578673779964447,0.873956024646759,-0.012997394427657127,,0.5603893995285034,0.9004993438720703,-0.018579794093966484,,0.5696756839752197,0.9034624099731445,-0.015359047800302505,,0.5805071592330933,0.8974086046218872,-0.012236010283231735,,0.5874730944633484,0.9143087267875671,-0.01722799427807331,,0.5726655721664429,0.9349040389060974,-0.018946796655654907,,0.5809091329574585,0.9331028461456299,-0.014118880964815617,,0.590300977230072,0.9256864786148071,-0.009630396030843258,,,,,,,,,,,,,,,,,,,,,,,,,,,,,,,,,,,,,,,,,,,,,,,,,,,,,,,,,,,,,,,,,,,,,,,,,,,,,,,,,,,,,
-0.008268863894045353,-0.6424039602279663,-0.24443717300891876,0.9998064041137695,0.009181330911815166,-0.6787406802177429,-0.22969405353069305,0.9996738433837891,0.00855986773967743,-0.6784327030181885,-0.2318294197320938,0.9996747374534607,0.008905226364731789,-0.6785012483596802,-0.22953450679779053,0.9996227622032166,-0.02900959551334381,-0.6800450086593628,-0.23233984410762787,0.9997223019599915,-0.026904156431555748,-0.680686891078949,-0.2328788936138153,0.9997439384460449,-0.027602599933743477,-0.6797089576721191,-0.22882060706615448,0.9997219443321228,0.0820579081773758,-0.653613269329071,-0.12483282387256622,0.9996513724327087,-0.07583717256784439,-0.6548210978507996,-0.11853359639644623,0.9997664093971252,0.01465003751218319,-0.6086908578872681,-0.21541428565979004,0.9998809695243835,-0.03209882229566574,-0.6071087718009949,-0.21207061409950256,0.9999078512191772,0.1805073320865631,-0.44747287034988403,-0.08013603836297989,0.9994414448738098,-0.16469286382198334,-0.45439445972442627,-0.05690404027700424,0.9996222853660583,0.23566365242004395,-0.2279442399740219,-0.1584187150001526,0.9822909832000732,-0.21942651271820068,-0.21244831383228302,-0.0877472460269928,0.977250337600708,0.06947768479585648,-0.18255919218063354,-0.3486424386501312,0.9495900869369507,-0.16289956867694855,-0.11519169807434082,-0.2596839666366577,0.9433103203773499,0.013830662705004215,-0.15994594991207123,-0.401519238948822,0.9321211576461792,-0.14813414216041565,-0.08438429236412048,-0.30624115467071533,0.9210116863250732,-0.012706216424703598,-0.20060031116008759,-0.4056812822818756,0.93668532371521,-0.13212011754512787,-0.11983280628919601,-0.3164266347885132,0.9279695153236389,0.042650256305933,-0.19424942135810852,-0.3580962121486664,0.9319857954978943,-0.14593291282653809,-0.11768774688243866,-0.26899072527885437,0.9236940145492554,0.11614173650741577,-0.003310098545625806,0.0007381196483038366,0.5732049942016602,-0.1151919811964035,-0.002795422449707985,-3.573085996322334e-05,0.6060594916343689,0.13130196928977966,0.0033099011052399874,-0.057248737663030624,0.04538992419838905,-0.12482594698667526,0.06260693073272705,-0.11730313301086426,0.05944310128688812,0.1286933869123459,0.2503024935722351,0.2089894711971283,0.0082622105255723,-0.10144823044538498,0.40660375356674194,0.11300107836723328,0.015053996816277504,0.1293335258960724,0.2651217579841614,0.2301219403743744,0.006937531754374504,-0.09081245958805084,0.42510250210762024,0.13849899172782898,0.009399136528372765,0.17477886378765106,0.25155770778656006,0.04665224626660347,0.008872267790138721,-0.08920576423406601,0.4620620906352997,-0.041396502405405045,0.013827946968376637,30,1.251,0.667184591293335,0.9020707607269287,8.166323617331273e-09,,0.6320304870605469,0.8603677749633789,0.0006069528753869236,,0.5884407162666321,0.856799304485321,0.0010961460648104548,,0.5554080605506897,0.8748385310173035,0.0009599613258615136,,0.5328845381736755,0.896050751209259,0.00011609123612288386,,0.5763676166534424,0.864263653755188,-0.0016707940958440304,,0.542594313621521,0.8874951004981995,-0.004960951395332813,,0.5238073468208313,0.9042386412620544,-0.00797877088189125,,0.5096697807312012,0.9153577089309692,-0.010508053936064243,,0.5820780396461487,0.9053385257720947,-0.003995387814939022,,0.5520712733268738,0.935559093952179,-0.007585200015455484,,0.5578784346580505,0.938618004322052,-0.008739721961319447,,0.5689642429351807,0.934343159198761,-0.009661232121288776,,0.5915045142173767,0.9446777105331421,-0.005852907430380583,,0.5663459300994873,0.9708197116851807,-0.008527969941496849,,0.5739599466323853,0.9684698581695557,-0.005119366571307182,,0.5872713923454285,0.9609875082969666,-0.0029865086544305086,,0.602662205696106,0.9794921278953552,-0.007657610811293125,,0.5817871689796448,0.9951894283294678,-0.008582884445786476,,0.5885778069496155,0.9917296767234802,-0.004319960717111826,,0.6001394391059875,0.9862573146820068,-0.0009128408855758607,,,,,,,,,,,,,,,,,,,,,,,,,,,,,,,,,,,,,,,,,,,,,,,,,,,,,,,,,,,,,,,,,,,,,,,,,,,,,,,,,,,,,
-0.007914257235825062,-0.6433312892913818,-0.24532702565193176,0.9997099041938782,0.00930846855044365,-0.679133951663971,-0.23032157123088837,0.9995467066764832,0.008715005591511726,-0.6788310408592224,-0.23242825269699097,0.9995625615119934,0.009090317413210869,-0.6789202094078064,-0.23035931587219238,0.9994975924491882,-0.02884659357368946,-0.6804086565971375,-0.23322522640228271,0.9995923638343811,-0.02674298919737339,-0.6810962557792664,-0.23360450565814972,0.9996232390403748,-0.02741275355219841,-0.6801251769065857,-0.22945864498615265,0.9995909333229065,0.08187659829854965,-0.6539616584777832,-0.1254846155643463,0.9995216131210327,-0.07568930089473724,-0.6550859212875366,-0.12012767791748047,0.9996483325958252,0.014734243974089622,-0.6102859377861023,-0.21647898852825165,0.9998182058334351,-0.03202689439058304,-0.6085734367370605,-0.21379075944423676,0.9998454451560974,0.17568174004554749,-0.4499700367450714,-0.08545539528131485,0.9993451833724976,-0.16500121355056763,-0.4541926383972168,-0.06510826200246811,0.9994494318962097,0.2343703955411911,-0.23330813646316528,-0.15541955828666687,0.9773118495941162,-0.2129327803850174,-0.20961995422840118,-0.0733473002910614,0.9684134721755981,0.06690895557403564,-0.13884210586547852,-0.32953640818595886,0.9284575581550598,-0.1807829588651657,-0.05661669373512268,-0.20544640719890594,0.9169257283210754,0.013625419698655605,-0.10356681048870087,-0.37755224108695984,0.9024591445922852,-0.17784395813941956,-0.013089318759739399,-0.2397274225950241,0.8888655304908752,-0.018057383596897125,-0.1343340426683426,-0.39059802889823914,0.9108870029449463,-0.16794154047966003,-0.031545963138341904,-0.2635135054588318,0.9004150032997131,0.036906175315380096,-0.14295773208141327,-0.3425585627555847,0.9019254446029663,-0.16853250563144684,-0.04838113114237785,-0.21898317337036133,0.8934828042984009,0.11473236232995987,-0.0034725056029856205,0.0007521155057474971,0.5394590497016907,-0.11387273669242859,-0.0031042727641761303,0.00013054622104391456,0.5663665533065796,0.10841641575098038,0.0007145429262891412,-0.05378026142716408,0.05613847076892853,-0.12232644855976105,0.07601473480463028,-0.11610876023769379,0.068128801882267,0.12003803998231888,0.24530136585235596,0.20460742712020874,0.009344615042209625,-0.1079544872045517,0.4065830111503601,0.12332027405500412,0.016757920384407043,0.12010190635919571,0.2617321014404297,0.22719669342041016,0.007304165977984667,-0.10134386271238327,0.4241597056388855,0.14961542189121246,0.010126891545951366,0.17209073901176453,0.23826733231544495,0.03660508990287781,0.010587772354483604,-0.11538764089345932,0.4559532105922699,-0.03219778835773468,0.01601472869515419,31,1.292,,,,,,,,,,,,,,,,,,,,,,,,,,,,,,,,,,,,,,,,,,,,,,,,,,,,,,,,,,,,,,,,,,,,,,,,,,,,,,,,,,,,,,,,,,,,,,,,,,,,,,,,,,,,,,,,,,,,,,,,,,,,,,,,,,,,,,,,,,,,,,,,,,,,,,,,,,,,,,,,,,,,,,,,
-0.0037734180223196745,-0.6407456994056702,-0.27320876717567444,0.9996281862258911,0.014582376927137375,-0.6764806509017944,-0.25920596718788147,0.9994238615036011,0.014098335057497025,-0.6761667728424072,-0.261306494474411,0.9994655251502991,0.014544825069606304,-0.6762272715568542,-0.2593992352485657,0.9993852376937866,-0.023669056594371796,-0.6780045032501221,-0.2617734968662262,0.999457836151123,-0.021560607478022575,-0.6786438822746277,-0.2616429030895233,0.9995013475418091,-0.02217748388648033,-0.6776552796363831,-0.2576679587364197,0.9994503855705261,0.08505728840827942,-0.6503297090530396,-0.15810251235961914,0.9994072318077087,-0.07162000983953476,-0.64840167760849,-0.14464956521987915,0.9995059370994568,0.01725921966135502,-0.6076907515525818,-0.244951531291008,0.9997671842575073,-0.02868097834289074,-0.6063288450241089,-0.2403160184621811,0.9997837543487549,0.17495878040790558,-0.4489274322986603,-0.10486071556806564,0.9993032813072205,-0.15920893847942352,-0.444580078125,-0.09674080461263657,0.9993079304695129,0.23816318809986115,-0.2341003566980362,-0.14983634650707245,0.9677166938781738,-0.1880262792110443,-0.20051239430904388,-0.07466509938240051,0.9545978903770447,0.12125205248594284,-0.1095111295580864,-0.3034731447696686,0.8732823729515076,-0.18324778974056244,-0.01835077442228794,-0.16983480751514435,0.8616757392883301,0.08955507725477219,-0.06526102870702744,-0.3429258465766907,0.8407348990440369,-0.1842038482427597,0.034470923244953156,-0.19032882153987885,0.8305444717407227,0.050493210554122925,-0.08321621268987656,-0.36721646785736084,0.8548858761787415,-0.17914527654647827,0.03072555735707283,-0.22627167403697968,0.8476457595825195,0.09106121957302094,-0.10632824152708054,-0.3202432692050934,0.8427532315254211,-0.17320793867111206,-0.002772271865978837,-0.18748076260089874,0.8384378552436829,0.11196424812078476,-0.0034914594143629074,0.0007525743567384779,0.5023601651191711,-0.11097068339586258,-0.003284227568656206,0.00027579828747548163,0.5255833864212036,0.09792833775281906,-0.0015332904877141118,-0.05731484666466713,0.06133322790265083,-0.10831321775913239,0.08366681635379791,-0.11517071723937988,0.07328115403652191,0.12164134532213211,0.2483057826757431,0.19971929490566254,0.010423940606415272,-0.10607573390007019,0.4345927834510803,0.1304377317428589,0.018835725262761116,0.12292246520519257,0.265214204788208,0.22382372617721558,0.007701929658651352,-0.10004714876413345,0.45323047041893005,0.16656695306301117,0.011241077445447445,0.17528539896011353,0.23878388106822968,0.019411349669098854,0.011985771358013153,-0.11955127865076065,0.4666147828102112,-0.005376456771045923,0.018018968403339386,32,1.334,,,,,,,,,,,,,,,,,,,,,,,,,,,,,,,,,,,,,,,,,,,,,,,,,,,,,,,,,,,,,,,,,,,,,,,,,,,,,,,,,,,,,,,,,,,,,,,,,,,,,,,,,,,,,,,,,,,,,,,,,,,,,,,,,,,,,,,,,,,,,,,,,,,,,,,,,,,,,,,,,,,,,,,,
-0.005458544474095106,-0.6393640041351318,-0.2809152603149414,0.9996160864830017,0.013838195241987705,-0.675777018070221,-0.26847708225250244,0.9993979930877686,0.013398287817835808,-0.6754865050315857,-0.27035462856292725,0.99944669008255,0.013863842934370041,-0.6755435466766357,-0.26855188608169556,0.9993563890457153,-0.024007488042116165,-0.6772445440292358,-0.27053961157798767,0.9994293451309204,-0.021888067945837975,-0.6778396368026733,-0.2704051434993744,0.999476432800293,-0.02250664494931698,-0.6768314242362976,-0.2664908170700073,0.9994109869003296,0.0846143588423729,-0.6445684432983398,-0.17334137856960297,0.9993922710418701,-0.07084397971630096,-0.6447325348854065,-0.1543496996164322,0.9994668960571289,0.01478870864957571,-0.6073782444000244,-0.25397637486457825,0.9997612833976746,-0.029967928305268288,-0.6060306429862976,-0.24817046523094177,0.9997772574424744,0.17188899219036102,-0.44242992997169495,-0.11560933291912079,0.9992586374282837,-0.15668433904647827,-0.43758898973464966,-0.10507528483867645,0.9992286562919617,0.23733536899089813,-0.20345844328403473,-0.13038873672485352,0.9444127082824707,-0.17256048321723938,-0.19571737945079803,-0.08284158259630203,0.9242837429046631,0.20197851955890656,-0.013509314507246017,-0.24630269408226013,0.7997078895568848,-0.1971825361251831,-0.015959886834025383,-0.19300177693367004,0.7903600931167603,0.20110957324504852,0.04790431261062622,-0.27478933334350586,0.768210232257843,-0.20780791342258453,0.04054010659456253,-0.2119038701057434,0.7611856460571289,0.16833387315273285,0.04725312441587448,-0.31701356172561646,0.7862531542778015,-0.20818132162094116,0.04947248473763466,-0.25174081325531006,0.7815418839454651,0.17948231101036072,0.0001973212929442525,-0.27017122507095337,0.7732974886894226,-0.19140265882015228,0.004912458825856447,-0.21301276981830597,0.7718616127967834,0.10901171714067459,-0.0048795342445373535,0.00046989740803837776,0.4631251096725464,-0.10821344703435898,-0.0027106907218694687,0.0008075099322013557,0.4862620532512665,0.09130076318979263,-0.0213143490254879,-0.03755759075284004,0.06110057234764099,-0.09028580784797668,0.09795868396759033,-0.11842229962348938,0.0747293010354042,0.141685351729393,0.23829801380634308,0.2252364307641983,0.010566003620624542,-0.10141310840845108,0.44464462995529175,0.13257481157779694,0.020447133108973503,0.14570710062980652,0.2551495432853699,0.25171518325805664,0.007641457952558994,-0.09953539073467255,0.4632839858531952,0.1743038296699524,0.01217826921492815,0.1931990683078766,0.2279040366411209,0.04008287563920021,0.012343513779342175,-0.12709541618824005,0.47226986289024353,0.0009559133904986084,0.019506432116031647,33,1.376,,,,,,,,,,,,,,,,,,,,,,,,,,,,,,,,,,,,,,,,,,,,,,,,,,,,,,,,,,,,,,,,,,,,,,,,,,,,,,,,,,,,,,,,,,,,,,,,,,,,,,,,,,,,,,,,,,,,,,,,,,,,,,,,,,,,,,,,,,,,,,,,,,,,,,,,,,,,,,,,,,,,,,,,
