pose_world_0_x,pose_world_0_y,pose_world_0_z,pose_world_0_visibility,pose_world_1_x,pose_world_1_y,pose_world_1_z,pose_world_1_visibility,pose_world_2_x,pose_world_2_y,pose_world_2_z,pose_world_2_visibility,pose_world_3_x,pose_world_3_y,pose_world_3_z,pose_world_3_visibility,pose_world_4_x,pose_world_4_y,pose_world_4_z,pose_world_4_visibility,pose_world_5_x,pose_world_5_y,pose_world_5_z,pose_world_5_visibility,pose_world_6_x,pose_world_6_y,pose_world_6_z,pose_world_6_visibility,pose_world_7_x,pose_world_7_y,pose_world_7_z,pose_world_7_visibility,pose_world_8_x,pose_world_8_y,pose_world_8_z,pose_world_8_visibility,pose_world_9_x,pose_world_9_y,pose_world_9_z,pose_world_9_visibility,pose_world_10_x,pose_world_10_y,pose_world_10_z,pose_world_10_visibility,pose_world_11_x,pose_world_11_y,pose_world_11_z,pose_world_11_visibility,pose_world_12_x,pose_world_12_y,pose_world_12_z,pose_world_12_visibility,pose_world_13_x,pose_world_13_y,pose_world_13_z,pose_world_13_visibility,pose_world_14_x,pose_world_14_y,pose_world_14_z,pose_world_14_visibility,pose_world_15_x,pose_world_15_y,pose_world_15_z,pose_world_15_visibility,pose_world_16_x,pose_world_16_y,pose_world_16_z,pose_world_16_visibility,pose_world_17_x,pose_world_17_y,pose_world_17_z,pose_world_17_visibility,pose_world_18_x,pose_world_18_y,pose_world_18_z,pose_world_18_visibility,pose_world_19_x,pose_world_19_y,pose_world_19_z,pose_world_19_visibility,pose_world_20_x,pose_world_20_y,pose_world_20_z,pose_world_20_visibility,pose_world_21_x,pose_world_21_y,pose_world_21_z,pose_world_21_visibility,pose_world_22_x,pose_world_22_y,pose_world_22_z,pose_world_22_visibility,pose_world_23_x,pose_world_23_y,pose_world_23_z,pose_world_23_visibility,pose_world_24_x,pose_world_24_y,pose_world_24_z,pose_world_24_visibility,pose_world_25_x,pose_world_25_y,pose_world_25_z,pose_world_25_visibility,pose_world_26_x,pose_world_26_y,pose_world_26_z,pose_world_26_visibility,pose_world_27_x,pose_world_27_y,pose_world_27_z,pose_world_27_visibility,pose_world_28_x,pose_world_28_y,pose_world_28_z,pose_world_28_visibility,pose_world_29_x,pose_world_29_y,pose_world_29_z,pose_world_29_visibility,pose_world_30_x,pose_world_30_y,pose_world_30_z,pose_world_30_visibility,pose_world_31_x,pose_world_31_y,pose_world_31_z,pose_world_31_visibility,pose_world_32_x,pose_world_32_y,pose_world_32_z,pose_world_32_visibility,frame,timestamp,left_hand_0_x,left_hand_0_y,left_hand_0_z,left_hand_0_visibility,left_hand_1_x,left_hand_1_y,left_hand_1_z,left_hand_1_visibility,left_hand_2_x,left_hand_2_y,left_hand_2_z,left_hand_2_visibility,left_hand_3_x,left_hand_3_y,left_hand_3_z,left_hand_3_visibility,left_hand_4_x,left_hand_4_y,left_hand_4_z,left_hand_4_visibility,left_hand_5_x,left_hand_5_y,left_hand_5_z,left_hand_5_visibility,left_hand_6_x,left_hand_6_y,left_hand_6_z,left_hand_6_visibility,left_hand_7_x,left_hand_7_y,left_hand_7_z,left_hand_7_visibility,left_hand_8_x,left_hand_8_y,left_hand_8_z,left_hand_8_visibility,left_hand_9_x,left_hand_9_y,left_hand_9_z,left_hand_9_visibility,left_hand_10_x,left_hand_10_y,left_hand_10_z,left_hand_10_visibility,left_hand_11_x,left_hand_11_y,left_hand_11_z,left_hand_11_visibility,left_hand_12_x,left_hand_12_y,left_hand_12_z,left_hand_12_visibility,left_hand_13_x,left_hand_13_y,left_hand_13_z,left_hand_13_visibility,left_hand_14_x,left_hand_14_y,left_hand_14_z,left_hand_14_visibility,left_hand_15_x,left_hand_15_y,left_hand_15_z,left_hand_15_visibility,left_hand_16_x,left_hand_16_y,left_hand_16_z,left_hand_16_visibility,left_hand_17_x,left_hand_17_y,left_hand_17_z,left_hand_17_visibility,left_hand_18_x,left_hand_18_y,left_hand_18_z,left_hand_18_visibility,left_hand_19_x,left_hand_19_y,left_hand_19_z,left_hand_19_visibility,left_hand_20_x,left_hand_20_y,left_hand_20_z,left_hand_20_visibility
-0.04205292835831642,-0.6116482019424438,-0.3139197826385498,0.9997690320014954,-0.022125281393527985,-0.6467925310134888,-0.3031817376613617,0.9994945526123047,-0.022432781755924225,-0.6463797092437744,-0.3047245442867279,0.9995238780975342,-0.02194386161863804,-0.6462901830673218,-0.303030401468277,0.9993607401847839,-0.06051797792315483,-0.6482813358306885,-0.3033300042152405,0.9995802044868469,-0.05832592025399208,-0.6489602327346802,-0.3034719228744507,0.9996134638786316,-0.05891517177224159,-0.6479828357696533,-0.2996838092803955,0.9995076656341553,0.058584678918123245,-0.621845543384552,-0.20982769131660461,0.9995112419128418,-0.09696295857429504,-0.6235514879226685,-0.18212273716926575,0.9996064305305481,-0.01789366453886032,-0.5791490077972412,-0.28736332058906555,0.9998780488967896,-0.06296072900295258,-0.5775375366210938,-0.27908629179000854,0.9999063014984131,0.1596427708864212,-0.42049694061279297,-0.1471668928861618,0.9988321661949158,-0.17250782251358032,-0.4192970097064972,-0.126661479473114,0.998965859413147,0.21915805339813232,-0.17856498062610626,-0.1335940808057785,0.7043366432189941,-0.18214501440525055,-0.17981523275375366,-0.10033012181520462,0.6668090224266052,0.23729117214679718,0.011405736207962036,-0.2264842391014099,0.07088249921798706,-0.21249692142009735,0.0014681573957204819,-0.20454193651676178,0.08735987544059753,0.24737243354320526,0.07647846639156342,-0.2500224709510803,0.06266357004642487,-0.21761716902256012,0.06229985132813454,-0.21872451901435852,0.08077792823314667,0.21967805922031403,0.08007367700338364,-0.2998756468296051,0.09993159025907516,-0.21757392585277557,0.07776367664337158,-0.2653616964817047,0.11448226124048233,0.2190166860818863,0.026701144874095917,-0.2529197037220001,0.086341492831707,-0.20535056293010712,0.02479962259531021,-0.22684794664382935,0.10593044012784958,0.10468119382858276,-0.01264209020882845,-0.004831809084862471,0.0899050384759903,-0.10526518523693085,0.002823155140504241,0.006766362581402063,0.1295202374458313,0.06969958543777466,-0.04659240320324898,-0.03527107462286949,0.05657471343874931,-0.06984109431505203,0.12334112077951431,-0.13361579179763794,0.09567361325025558,0.15760184824466705,0.20879460871219635,0.24894700944423676,0.013471354730427265,-0.0892026424407959,0.44359609484672546,0.1675678789615631,0.04799175262451172,0.1629468947649002,0.2239648997783661,0.2771530747413635,0.0073453220538794994,-0.09265104681253433,0.46423134207725525,0.20673975348472595,0.025935176759958267,0.20202529430389404,0.21885450184345245,0.06010119989514351,0.016208192333579063,-0.14899742603302002,0.492044597864151,0.01918158493936062,0.04146529734134674,0,0.0,,,,,,,,,,,,,,,,,,,,,,,,,,,,,,,,,,,,,,,,,,,,,,,,,,,,,,,,,,,,,,,,,,,,,,,,,,,,,,,,,,,,
-0.033486608415842056,-0.6135077476501465,-0.3089103698730469,0.9997459650039673,-0.014346117153763771,-0.6488372087478638,-0.2982461154460907,0.9994657039642334,-0.014676865190267563,-0.6484159231185913,-0.2998948097229004,0.9995030164718628,-0.014187893830239773,-0.648369312286377,-0.2981121838092804,0.9993407726287842,-0.051946014165878296,-0.6498801708221436,-0.29934465885162354,0.9995452165603638,-0.04979155585169792,-0.6505611538887024,-0.29946693778038025,0.9995825290679932,-0.05039758235216141,-0.6495808959007263,-0.2956189513206482,0.9994713068008423,0.0618305467069149,-0.6245545148849487,-0.20379649102687836,0.9994897246360779,-0.09147724509239197,-0.624439001083374,-0.1802273392677307,0.9995661377906799,-0.010902266949415207,-0.5813372135162354,-0.2817079722881317,0.99986332654953,-0.05519868806004524,-0.579243004322052,-0.2746514081954956,0.9998887181282043,0.1600768268108368,-0.4284202456474304,-0.13822786509990692,0.9988465905189514,-0.16778284311294556,-0.4204927384853363,-0.12413042783737183,0.9988958835601807,0.22833746671676636,-0.1908389776945114,-0.1241682693362236,0.7062621116638184,-0.17576438188552856,-0.17984287440776825,-0.09880666434764862,0.6584668159484863,0.23764151334762573,-0.0036711415741592646,-0.22541825473308563,0.07539959251880646,-0.20829032361507416,-0.0007287010084837675,-0.20355552434921265,0.08856476843357086,0.24710676074028015,0.057545825839042664,-0.24990098178386688,0.06636539846658707,-0.21507588028907776,0.05727347359061241,-0.21847213804721832,0.08240161836147308,0.21865683794021606,0.05890524014830589,-0.29792556166648865,0.10472778975963593,-0.21617114543914795,0.06832248717546463,-0.26327675580978394,0.11645811051130295,0.21909572184085846,0.010603184811770916,-0.2512170970439911,0.09082901477813721,-0.20213201642036438,0.02107478864490986,-0.22536338865756989,0.10775178670883179,0.10467734932899475,-0.012607846409082413,-0.004221252165734768,0.09004983305931091,-0.1052279993891716,0.002792011247947812,0.006191649474203587,0.12644122540950775,0.0754794329404831,-0.046661827713251114,-0.03505704551935196,0.05662131682038307,-0.07487880438566208,0.11520297080278397,-0.12713102996349335,0.0941101685166359,0.15558670461177826,0.2094479501247406,0.24428698420524597,0.013363390229642391,-0.08927824348211288,0.4433702826499939,0.16666360199451447,0.04661714658141136,0.15992413461208344,0.22446052730083466,0.2717064917087555,0.007363650947809219,-0.09240420162677765,0.46360164880752563,0.20540277659893036,0.025447115302085876,0.20081070065498352,0.21789486706256866,0.056437477469444275,0.016187090426683426,-0.1407800167798996,0.49120521545410156,0.018781214952468872,0.04064441844820976,1,0.041,,,,,,,,,,,,,,,,,,,,,,,,,,,,,,,,,,,,,,,,,,,,,,,,,,,,,,,,,,,,,,,,,,,,,,,,,,,,,,,,,,,,
-0.02713138423860073,-0.6176396012306213,-0.29510170221328735,0.9997098445892334,-0.010288144461810589,-0.6534055471420288,-0.2852744162082672,0.9994257688522339,-0.010668430477380753,-0.6529993414878845,-0.28725665807724,0.9994708299636841,-0.010168873704969883,-0.6530624628067017,-0.285235732793808,0.9993152618408203,-0.04669411852955818,-0.6534690260887146,-0.28721264004707336,0.999496340751648,-0.04455971717834473,-0.6541743874549866,-0.28732988238334656,0.9995346069335938,-0.04515510052442551,-0.6532027721405029,-0.2834257483482361,0.9994236826896667,0.06229325756430626,-0.6314379572868347,-0.19080840051174164,0.9994439482688904,-0.0880279690027237,-0.6273500323295593,-0.17379696667194366,0.9995152354240417,-0.005222262814640999,-0.5865036845207214,-0.26821276545524597,0.9998328685760498,-0.04815196245908737,-0.5833458304405212,-0.262822687625885,0.9998519420623779,0.16023924946784973,-0.4399566948413849,-0.11779620498418808,0.9988252520561218,-0.162905752658844,-0.4255933463573456,-0.11791383475065231,0.9987092018127441,0.23820152878761292,-0.22306887805461884,-0.12336484342813492,0.7129427790641785,-0.17452242970466614,-0.18060576915740967,-0.09632901102304459,0.6557581424713135,0.23980596661567688,-0.10840757191181183,-0.2538668215274811,0.1063477024435997,-0.20791888236999512,-0.016048133373260498,-0.20239152014255524,0.09971272945404053,0.24672552943229675,-0.0720117837190628,-0.28860652446746826,0.09367235749959946,-0.21541699767112732,0.032109759747982025,-0.2192269265651703,0.09347045421600342,0.22025421261787415,-0.08448150753974915,-0.3208036422729492,0.13549283146858215,-0.21686191856861115,0.027611495926976204,-0.26129379868507385,0.1297065168619156,0.22272203862667084,-0.10443461686372757,-0.2756321430206299,0.11994177848100662,-0.20180776715278625,-0.001807567896321416,-0.22301895916461945,0.11981602758169174,0.10475113987922668,-0.01150228176265955,-0.0015155966393649578,0.09228947758674622,-0.10524063557386398,0.0014104139991104603,0.0036617100704461336,0.12227991968393326,0.08326233923435211,-0.05709628388285637,-0.03917308896780014,0.0588499940931797,-0.08968642354011536,0.07645382732152939,-0.11267226189374924,0.09205944836139679,0.13444794714450836,0.2036973237991333,0.21018771827220917,0.013756867498159409,-0.09051482379436493,0.3992473781108856,0.1676667183637619,0.044287919998168945,0.13483087718486786,0.21836642920970917,0.23376242816448212,0.007685328833758831,-0.09231184422969818,0.4142055809497833,0.2054169476032257,0.024610359221696854,0.18513135612010956,0.19913001358509064,0.02135419473052025,0.016778262332081795,-0.128371462225914,0.447160005569458,0.02042042277753353,0.039337486028671265,2,0.083,,,,,,,,,,,,,,,,,,,,,,,,,,,,,,,,,,,,,,,,,,,,,,,,,,,,,,,,,,,,,,,,,,,,,,,,,,,,,,,,,,,,
-0.029137220233678818,-0.6154217720031738,-0.27236825227737427,0.9995442032814026,-0.014116889797151089,-0.6517057418823242,-0.2659458816051483,0.9992769956588745,-0.014565295539796352,-0.6513422131538391,-0.2685490846633911,0.9993294477462769,-0.014065767638385296,-0.6514926552772522,-0.2662726640701294,0.9991744160652161,-0.049309466034173965,-0.6522201895713806,-0.26456934213638306,0.9993220567703247,-0.0471939779818058,-0.6529644727706909,-0.2647401690483093,0.9993463158607483,-0.04776909947395325,-0.6520029902458191,-0.26094767451286316,0.9992265701293945,0.061957865953445435,-0.6311885118484497,-0.17724326252937317,0.9992213249206543,-0.08795769512653351,-0.6291781663894653,-0.1529688686132431,0.9993060827255249,-0.00567979458719492,-0.5854747891426086,-0.24874509871006012,0.9996544122695923,-0.0488872267305851,-0.582834780216217,-0.24080561101436615,0.9996662735939026,0.16117283701896667,-0.4381198287010193,-0.10848557204008102,0.9983797073364258,-0.15981943905353546,-0.4308420717716217,-0.09490576386451721,0.9979746341705322,0.23081918060779572,-0.21869240701198578,-0.17034533619880676,0.7162460088729858,-0.16605187952518463,-0.18509644269943237,-0.08347731083631516,0.6291716694831848,0.19236454367637634,-0.26148244738578796,-0.3644990622997284,0.1764671504497528,-0.18511275947093964,-0.09995885193347931,-0.1913420706987381,0.10075444728136063,0.171666219830513,-0.26890304684638977,-0.41082993149757385,0.16122694313526154,-0.19066791236400604,-0.07639000564813614,-0.21437063813209534,0.09565568715333939,0.16451281309127808,-0.3066972494125366,-0.41003984212875366,0.20023785531520844,-0.19467470049858093,-0.1067756935954094,-0.24579721689224243,0.1323593258857727,0.17841055989265442,-0.278609037399292,-0.37400221824645996,0.18497571349143982,-0.1738012135028839,-0.10383681207895279,-0.21037505567073822,0.12224270403385162,0.1051110178232193,-0.006236777175217867,0.004834630060940981,0.09257678687572479,-0.1054391860961914,-0.003642474301159382,-0.00243803090415895,0.11754350364208221,0.10314475744962692,-0.03334786370396614,-0.039254747331142426,0.059732917696237564,-0.1003270074725151,0.04529005289077759,-0.09949249029159546,0.08914732933044434,0.1152428388595581,0.2165287882089615,0.19713102281093597,0.014646072871983051,-0.09525203704833984,0.37616756558418274,0.17202109098434448,0.041943322867155075,0.11224860697984695,0.23170234262943268,0.21765616536140442,0.008473103865981102,-0.09452515095472336,0.38864925503730774,0.20585869252681732,0.023945726454257965,0.17286299169063568,0.2007075399160385,0.010954352095723152,0.017720453441143036,-0.12393829226493835,0.40817388892173767,0.023045334964990616,0.038033537566661835,3,0.125,,,,,,,,,,,,,,,,,,,,,,,,,,,,,,,,,,,,,,,,,,,,,,,,,,,,,,,,,,,,,,,,,,,,,,,,,,,,,,,,,,,,
-0.049559999257326126,-0.6037818193435669,-0.25594744086265564,0.9995618462562561,-0.03351443633437157,-0.6401913166046143,-0.2525689899921417,0.9993096590042114,-0.033888254314661026,-0.6398516297340393,-0.2551557719707489,0.9993579983711243,-0.03372649475932121,-0.6401174664497375,-0.25267234444618225,0.9992095232009888,-0.06641647964715958,-0.6427928805351257,-0.24995948374271393,0.9993581175804138,-0.06416758894920349,-0.6433455348014832,-0.25069355964660645,0.9993820786476135,-0.06492151319980621,-0.6423287391662598,-0.24708391726016998,0.999271035194397,0.045863088220357895,-0.6283334493637085,-0.16955317556858063,0.9992510080337524,-0.09692487865686417,-0.6297929286956787,-0.14300408959388733,0.9993528127670288,-0.022384464740753174,-0.5764266848564148,-0.23387427628040314,0.9996696710586548,-0.06246330216526985,-0.5764374732971191,-0.22552871704101562,0.9996874332427979,0.1585247963666916,-0.4312489926815033,-0.0988355427980423,0.9984791278839111,-0.16184386610984802,-0.4356326162815094,-0.09467513114213943,0.9981562495231628,0.2304968535900116,-0.23189420998096466,-0.19181790947914124,0.743881344795227,-0.16654744744300842,-0.17601899802684784,-0.07092111557722092,0.6612265110015869,0.200856015086174,-0.41881421208381653,-0.37121352553367615,0.2586953341960907,-0.2072082906961441,-0.05253313481807709,-0.10762812942266464,0.1565137505531311,0.18177777528762817,-0.4599032402038574,-0.42129719257354736,0.24441774189472198,-0.221828892827034,-0.0192206222563982,-0.12441641837358475,0.12476161122322083,0.17538920044898987,-0.5037661790847778,-0.40331798791885376,0.27945801615715027,-0.21297632157802582,-0.08141230046749115,-0.16460773348808289,0.1671324223279953,0.18578529357910156,-0.4480956792831421,-0.37259790301322937,0.2658415138721466,-0.18306756019592285,-0.08520480990409851,-0.1317683458328247,0.16001512110233307,0.10729575157165527,0.0044334642589092255,0.012521014548838139,0.10872731357812881,-0.10766144841909409,-0.011133466847240925,-0.01104476023465395,0.13440477848052979,0.1271723508834839,-0.021147822961211205,-0.0637173131108284,0.05503018572926521,-0.12205671519041061,0.006756574381142855,-0.09981784224510193,0.08200106024742126,0.11850354075431824,0.20125830173492432,0.1960383653640747,0.013475331477820873,-0.11320557445287704,0.3772680163383484,0.21724137663841248,0.03820297494530678,0.11572221666574478,0.2103029042482376,0.21725961565971375,0.007845725864171982,-0.11431777477264404,0.39426469802856445,0.24819494783878326,0.021943967789411545,0.171140655875206,0.1822795271873474,0.02674158848822117,0.01623108610510826,-0.14419494569301605,0.39924120903015137,0.06994246691465378,0.034666310995817184,4,0.166,,,,,,,,,,,,,,,,,,,,,,,,,,,,,,,,,,,,,,,,,,,,,,,,,,,,,,,,,,,,,,,,,,,,,,,,,,,,,,,,,,,,
-0.05403018370270729,-0.6018206477165222,-0.23336292803287506,0.9995801448822021,-0.03704701364040375,-0.6375980377197266,-0.23008695244789124,0.9993398189544678,-0.03740564361214638,-0.6372576951980591,-0.23271621763706207,0.9993834495544434,-0.03731628507375717,-0.6375564932823181,-0.2301211804151535,0.9992402195930481,-0.06897225975990295,-0.6412188410758972,-0.22820763289928436,0.999393880367279,-0.06669710576534271,-0.6417309045791626,-0.22905394434928894,0.9994182586669922,-0.06746754050254822,-0.6407037973403931,-0.22554069757461548,0.9993159770965576,0.038578931242227554,-0.6258692145347595,-0.14929990470409393,0.9992771744728088,-0.09901393204927444,-0.6314144134521484,-0.1279270052909851,0.999398410320282,-0.028703711926937103,-0.5740495324134827,-0.21222424507141113,0.9996839761734009,-0.06688383221626282,-0.5753685832023621,-0.2055470049381256,0.9997075200080872,0.15196123719215393,-0.4260508716106415,-0.0809217020869255,0.9985640048980713,-0.16404716670513153,-0.4394152760505676,-0.08789952844381332,0.9983221888542175,0.2298470437526703,-0.2519746720790863,-0.18503928184509277,0.7687685489654541,-0.16807468235492706,-0.17485174536705017,-0.06131747364997864,0.6895245313644409,0.20143930613994598,-0.4798213541507721,-0.3556293249130249,0.33272096514701843,-0.21970920264720917,-0.04240439459681511,-0.08915389329195023,0.202654629945755,0.1739933043718338,-0.529029369354248,-0.40414610505104065,0.31938105821609497,-0.2361878603696823,-0.00702755618840456,-0.10487306118011475,0.14788541197776794,0.17244978249073029,-0.575430691242218,-0.3858589828014374,0.3508446216583252,-0.22428306937217712,-0.04561729356646538,-0.14615261554718018,0.19569699466228485,0.1868087649345398,-0.511865496635437,-0.35618117451667786,0.33869534730911255,-0.1916228085756302,-0.06850168853998184,-0.1137852817773819,0.19011572003364563,0.10796263813972473,0.009336545132100582,0.016925137490034103,0.12510980665683746,-0.10833285748958588,-0.015149807557463646,-0.015635430812835693,0.150266632437706,0.13479258120059967,-0.022629810497164726,-0.08123938739299774,0.051435019820928574,-0.1240694671869278,-0.012276645749807358,-0.10201282799243927,0.0758785530924797,0.12099535018205643,0.19215013086795807,0.17712895572185516,0.012571025639772415,-0.11468004435300827,0.36975574493408203,0.22454652190208435,0.034932058304548264,0.11823948472738266,0.20002979040145874,0.19743886590003967,0.007348909042775631,-0.11653677374124527,0.38778916001319885,0.25569823384284973,0.020211515948176384,0.17268069088459015,0.16774150729179382,0.022056423127651215,0.015007225796580315,-0.15114030241966248,0.383842408657074,0.07549864053726196,0.031725332140922546,5,0.208,0.6848428249359131,0.5290945172309875,-4.5133315751400005e-08,,0.6630808711051941,0.4947006106376648,-0.005396854132413864,,0.6537917852401733,0.44660404324531555,-0.007317156996577978,,0.6540483832359314,0.4095306098461151,-0.009766816161572933,,0.6530707478523254,0.3834912180900574,-0.011926290579140186,,0.6772602200508118,0.40058642625808716,-0.0006260829395614564,,0.6742642521858215,0.3645322024822235,-0.005857178010046482,,0.6696221828460693,0.34421879053115845,-0.010395959950983524,,0.6658281087875366,0.3269351124763489,-0.013956589624285698,,0.688105583190918,0.4082545340061188,-0.002557087689638138,,0.6815537810325623,0.3829554319381714,-0.011265936307609081,,0.6758725643157959,0.39680537581443787,-0.015325020998716354,,0.6738687753677368,0.407748281955719,-0.01606569066643715,,0.6964387893676758,0.4245160222053528,-0.005442819092422724,,0.687419593334198,0.40572649240493774,-0.015083463862538338,,0.6820184588432312,0.42536595463752747,-0.01373997237533331,,0.6813144087791443,0.4398408532142639,-0.010256720706820488,,0.7037922739982605,0.4457117021083832,-0.008808193728327751,,0.695012092590332,0.43016883730888367,-0.01433139480650425,,0.6893332004547119,0.44310593605041504,-0.011048220098018646,,0.6888192296028137,0.4546269476413727,-0.00692672748118639,
-0.05548104643821716,-0.6017686724662781,-0.21441414952278137,0.9996016621589661,-0.03727312386035919,-0.6373541951179504,-0.2111935019493103,0.9993739128112793,-0.03763478621840477,-0.637008011341095,-0.21372529864311218,0.999413013458252,-0.037558186799287796,-0.6373045444488525,-0.21110866963863373,0.9992771744728088,-0.0692240372300148,-0.6412469744682312,-0.20884981751441956,0.9994314908981323,-0.06695098429918289,-0.6417520046234131,-0.20974943041801453,0.9994555711746216,-0.06772536784410477,-0.6407233476638794,-0.20620110630989075,0.9993616938591003,0.03859343007206917,-0.6253393888473511,-0.13090260326862335,0.9993120431900024,-0.0988917127251625,-0.6342806816101074,-0.10724420100450516,0.9994426965713501,-0.030501199886202812,-0.5736614465713501,-0.19318711757659912,0.9996997714042664,-0.06835103780031204,-0.5753649473190308,-0.1857077181339264,0.9997268319129944,0.14990827441215515,-0.42632320523262024,-0.07174846529960632,0.9986504316329956,-0.16415363550186157,-0.4420420229434967,-0.06379585713148117,0.9984685778617859,0.22993281483650208,-0.2894246578216553,-0.18154658377170563,0.7915200591087341,-0.1684979647397995,-0.17497627437114716,-0.038904137909412384,0.7148154973983765,0.19623778760433197,-0.5284369587898254,-0.3473223149776459,0.39938023686408997,-0.22378331422805786,-0.040994659066200256,-0.07134243845939636,0.2509925067424774,0.1629021018743515,-0.5788739323616028,-0.39606866240501404,0.38699284195899963,-0.24092397093772888,-0.0059966761618852615,-0.08758988231420517,0.17438159883022308,0.16107891499996185,-0.6224559545516968,-0.37729668617248535,0.41525548696517944,-0.22930924594402313,-0.024721335619688034,-0.12705865502357483,0.22663763165473938,0.18131010234355927,-0.5595515370368958,-0.34733253717422485,0.4043990969657898,-0.19629496335983276,-0.052477188408374786,-0.09515140950679779,0.22350086271762848,0.10863547027111053,0.010546397417783737,0.016188057139515877,0.14992877840995789,-0.10893288999795914,-0.01604774408042431,-0.014888718724250793,0.17190197110176086,0.13648760318756104,-0.024286938831210136,-0.08968987315893173,0.04824899509549141,-0.12610292434692383,-0.02235291339457035,-0.10178001970052719,0.07019529491662979,0.12110044807195663,0.1909288614988327,0.16923509538173676,0.01179412566125393,-0.1136062815785408,0.36896297335624695,0.22800907492637634,0.03198050335049629,0.11756863445043564,0.1989416778087616,0.18897919356822968,0.006899635773152113,-0.11520776897668839,0.38776445388793945,0.25926196575164795,0.01864960417151451,0.1666216254234314,0.16872845590114594,0.014158027246594429,0.01392117328941822,-0.15229366719722748,0.3856939673423767,0.07611428946256638,0.029063008725643158,6,0.25,0.668662428855896,0.45845359563827515,-1.1744830885618285e-07,,0.6472312808036804,0.42516759037971497,-0.0010031156707555056,,0.6374293565750122,0.37844887375831604,-0.0019302223809063435,,0.636425256729126,0.3439212441444397,-0.004919093567878008,,0.6373119950294495,0.31928378343582153,-0.008146611042320728,,0.65697181224823,0.3375557065010071,0.003942354116588831,,0.6599464416503906,0.2975288927555084,-0.004065629560500383,,0.6553947925567627,0.27749717235565186,-0.010063213296234608,,0.6507395505905151,0.2703823447227478,-0.013468245975673199,,0.6724741458892822,0.34441235661506653,-0.0009677569614723325,,0.664139449596405,0.3214189410209656,-0.013976320624351501,,0.6579204797744751,0.3482419550418854,-0.01851775124669075,,0.6567466855049133,0.3737788200378418,-0.01779775135219097,,0.6857279539108276,0.35844293236732483,-0.006942294538021088,,0.6738015413284302,0.3410371243953705,-0.019373631104826927,,0.6676574945449829,0.3676570951938629,-0.017046242952346802,,0.6670337915420532,0.3879675269126892,-0.011513018980622292,,0.6977608799934387,0.3773966431617737,-0.012948121875524521,,0.684603750705719,0.36193960905075073,-0.019141079857945442,,0.6772868633270264,0.3789631724357605,-0.014315983280539513,,0.6768941283226013,0.3934980034828186,-0.008373960852622986,
-0.056691937148571014,-0.6017361879348755,-0.2101275622844696,0.9996179342269897,-0.03804356977343559,-0.6373047232627869,-0.20639316737651825,0.9993983507156372,-0.03839825838804245,-0.6369590759277344,-0.2086884081363678,0.9994324445724487,-0.0383310541510582,-0.6372464299201965,-0.20610374212265015,0.9993010759353638,-0.06992249190807343,-0.6412703394889832,-0.205190971493721,0.9994630813598633,-0.0676417127251625,-0.6417670845985413,-0.20617398619651794,0.9994876384735107,-0.06843075156211853,-0.6407373547554016,-0.2025926262140274,0.9994022250175476,0.03559279441833496,-0.6253100037574768,-0.12456373125314713,0.999333918094635,-0.10000600665807724,-0.6360793709754944,-0.10468308627605438,0.9994838237762451,-0.0327632874250412,-0.5735750198364258,-0.18789662420749664,0.9997116923332214,-0.07040625810623169,-0.5753706097602844,-0.18157175183296204,0.9997439980506897,0.14395670592784882,-0.43169495463371277,-0.06791283935308456,0.9987167716026306,-0.16738708317279816,-0.4441502094268799,-0.0576617531478405,0.9986015558242798,0.2297930121421814,-0.3192872405052185,-0.1796506643295288,0.8120831847190857,-0.17302633821964264,-0.17737139761447906,-0.036601364612579346,0.7400427460670471,0.18747907876968384,-0.5434294939041138,-0.3438836336135864,0.45936688780784607,-0.227145716547966,-0.03329872712492943,-0.07449851930141449,0.307143896818161,0.15290933847427368,-0.591619074344635,-0.39505431056022644,0.44774067401885986,-0.24312925338745117,0.010491728782653809,-0.09340999275445938,0.21114741265773773,0.149267315864563,-0.6343400478363037,-0.37458521127700806,0.4731213450431824,-0.23139318823814392,-0.0162513367831707,-0.13104422390460968,0.2659470736980438,0.17247730493545532,-0.5733555555343628,-0.34411174058914185,0.463431179523468,-0.20134417712688446,-0.046862903982400894,-0.0968053862452507,0.2651345431804657,0.10877113044261932,0.010033348575234413,0.015658259391784668,0.17945906519889832,-0.10916431248188019,-0.015670884400606155,-0.01426776871085167,0.19884996116161346,0.1319015473127365,-0.020947545766830444,-0.08522498607635498,0.045214731246232986,-0.1317151039838791,-0.0015414345543831587,-0.08901529014110565,0.06485253572463989,0.11384215205907822,0.19129347801208496,0.16800901293754578,0.011018256656825542,-0.11990223824977875,0.37206196784973145,0.23243436217308044,0.02923411875963211,0.10935860127210617,0.200455904006958,0.18655014038085938,0.006460562814027071,-0.12107571959495544,0.3888081908226013,0.2618301510810852,0.017173048108816147,0.1536109745502472,0.17025040090084076,0.015682362020015717,0.012906632386147976,-0.15997958183288574,0.3869727849960327,0.08021198958158493,0.026602700352668762,7,0.291,0.6540477275848389,0.41059163212776184,-1.6459203777685616e-07,,0.6358526945114136,0.38287705183029175,2.221782779088244e-05,,0.625524640083313,0.3376813530921936,-0.0006358332466334105,,0.6246167421340942,0.3031681478023529,-0.0037613892927765846,,0.6313499808311462,0.285334050655365,-0.0069780610501766205,,0.648161768913269,0.30138853192329407,0.005559864919632673,,0.6535882949829102,0.2632778584957123,-0.002836826490238309,,0.6465564966201782,0.24900387227535248,-0.008077374659478664,,0.6382260918617249,0.24801582098007202,-0.010486151091754436,,0.6602709889411926,0.3097679316997528,0.00037719629472121596,,0.6518222689628601,0.28272563219070435,-0.011881220154464245,,0.6458526253700256,0.31260165572166443,-0.014366270042955875,,0.6460688710212708,0.33866649866104126,-0.012065290473401546,,0.672111451625824,0.32359543442726135,-0.006100122816860676,,0.6609606742858887,0.3020138442516327,-0.018266327679157257,,0.6546047329902649,0.3324607312679291,-0.01489092968404293,,0.6547257900238037,0.3547295928001404,-0.00841842032968998,,0.6841809749603271,0.3415321409702301,-0.012622845359146595,,0.6730825901031494,0.31898561120033264,-0.018833452835679054,,0.6649353504180908,0.3378642797470093,-0.014117477461695671,,0.6640396118164062,0.3554523289203644,-0.008305126801133156,
-0.05572716146707535,-0.6019102931022644,-0.2129001021385193,0.9996373057365417,-0.03700593486428261,-0.6374874114990234,-0.2088339924812317,0.9994277954101562,-0.03737185150384903,-0.6371387839317322,-0.21109957993030548,0.999458909034729,-0.03730953857302666,-0.6374145150184631,-0.20856927335262299,0.9993318319320679,-0.06828708201646805,-0.6413776874542236,-0.20827600359916687,0.9994959831237793,-0.06600531935691833,-0.6418798565864563,-0.2092190384864807,0.9995206594467163,-0.0668095275759697,-0.6408519744873047,-0.2056363821029663,0.9994425177574158,0.03619539737701416,-0.6254657506942749,-0.12503036856651306,0.999366044998169,-0.09988215565681458,-0.6362270712852478,-0.10741911828517914,0.9995244741439819,-0.03219678997993469,-0.573704183101654,-0.19023798406124115,0.9997267127037048,-0.07006147503852844,-0.5754652619361877,-0.1842479556798935,0.9997624754905701,0.14211568236351013,-0.4425891637802124,-0.07086455076932907,0.9988000392913818,-0.16869011521339417,-0.4444141387939453,-0.05786175653338432,0.9987243413925171,0.2331615537405014,-0.35408490896224976,-0.18610888719558716,0.8307269215583801,-0.17977917194366455,-0.181853249669075,-0.03277118504047394,0.7634289264678955,0.17898449301719666,-0.5566129088401794,-0.36054420471191406,0.5133630037307739,-0.23342178761959076,-0.02951672300696373,-0.07302968204021454,0.3629627525806427,0.1411486715078354,-0.6005787253379822,-0.41352495551109314,0.5024867653846741,-0.24785074591636658,0.017883826047182083,-0.09225727617740631,0.25610968470573425,0.1315215677022934,-0.640904426574707,-0.389326274394989,0.5252845883369446,-0.23571492731571198,-0.013391721062362194,-0.12685364484786987,0.31159988045692444,0.16156227886676788,-0.5835434794425964,-0.35976848006248474,0.5166041851043701,-0.21043050289154053,-0.04336125776171684,-0.09318197518587112,0.311570405960083,0.1087922602891922,0.009573940187692642,0.014690057374536991,0.22102303802967072,-0.10921763628721237,-0.015342684462666512,-0.013573559932410717,0.2387838363647461,0.1287999302148819,-0.002501529874280095,-0.08197712898254395,0.04422071948647499,-0.1332583725452423,0.004284172784537077,-0.0935329720377922,0.06214018166065216,0.1059553399682045,0.19460679590702057,0.17335712909698486,0.010493975132703781,-0.12397544831037521,0.37485799193382263,0.20765310525894165,0.02716018818318844,0.10160701721906662,0.20298968255519867,0.1931946873664856,0.006201948970556259,-0.12504489719867706,0.39296501874923706,0.23553241789340973,0.016174066811800003,0.14700080454349518,0.18595096468925476,0.036189716309309006,0.012104317545890808,-0.16165691614151,0.39571815729141235,0.07225216925144196,0.02467200718820095,8,0.333,0.6343041658401489,0.3868292272090912,-2.047198393029248e-07,,0.6154544353485107,0.36023709177970886,0.0015750759048387408,,0.6065454483032227,0.3205828070640564,0.001122140558436513,,0.6046092510223389,0.29024165868759155,-0.002266709692776203,,0.6096324920654297,0.2699386775493622,-0.0056173671036958694,,0.6263297200202942,0.2846762239933014,0.005721556022763252,,0.6307063698768616,0.24339616298675537,-0.0035798458848148584,,0.6208297610282898,0.23868849873542786,-0.00856701284646988,,0.6127999424934387,0.24645666778087616,-0.010099352337419987,,0.6365464925765991,0.28930631279945374,-1.1071747394453268e-05,,0.6274912357330322,0.25555455684661865,-0.012108923867344856,,0.6202262043952942,0.2850678861141205,-0.014220479875802994,,0.6215887069702148,0.3117005527019501,-0.011676222085952759,,0.6474651098251343,0.2982189953327179,-0.007028884720057249,,0.6354119777679443,0.2764280438423157,-0.019993256777524948,,0.6301358342170715,0.30930614471435547,-0.01743054948747158,,0.6326850056648254,0.33442649245262146,-0.01104368083178997,,0.6597166061401367,0.30921489000320435,-0.013920550234615803,,0.6489577293395996,0.2808018624782562,-0.0212404765188694,,0.6388430595397949,0.296771377325058,-0.01789555326104164,,0.6351333856582642,0.31562793254852295,-0.012841609306633472,
-0.055557817220687866,-0.6007626056671143,-0.2115786224603653,0.9996452927589417,-0.03679237514734268,-0.6364358067512512,-0.20802941918373108,0.9994428157806396,-0.03714481368660927,-0.6360895037651062,-0.21040956676006317,0.9994720220565796,-0.03706882521510124,-0.6363710165023804,-0.20786245167255402,0.9993476271629333,-0.06779658794403076,-0.6400738954544067,-0.20668724179267883,0.9995144605636597,-0.06552796810865402,-0.6405823826789856,-0.20747163891792297,0.999539315700531,-0.06632844358682632,-0.6395485401153564,-0.20387254655361176,0.9994670152664185,0.03679392859339714,-0.6252938508987427,-0.12561869621276855,0.999382495880127,-0.09863368421792984,-0.6359574794769287,-0.10489851981401443,0.9995515942573547,-0.03201311081647873,-0.5731546878814697,-0.18933606147766113,0.999733567237854,-0.06936987489461899,-0.5746679306030273,-0.18230222165584564,0.9997739791870117,0.1426287740468979,-0.44565561413764954,-0.07239001989364624,0.9988742470741272,-0.16809669137001038,-0.4444192349910736,-0.05388850346207619,0.9988304972648621,0.23373398184776306,-0.3574017882347107,-0.18702515959739685,0.847352147102356,-0.18387271463871002,-0.18607665598392487,-0.018776055425405502,0.7813284397125244,0.17214016616344452,-0.5501999855041504,-0.36510536074638367,0.5619157552719116,-0.23787818849086761,-0.02856542356312275,-0.05551936477422714,0.4008701741695404,0.13254033029079437,-0.5904862284660339,-0.41722816228866577,0.5516043305397034,-0.25216081738471985,0.01846589706838131,-0.07227352261543274,0.28203004598617554,0.12031958252191544,-0.628990113735199,-0.3935881555080414,0.5720617771148682,-0.23991341888904572,-0.006686958484351635,-0.10745737701654434,0.34015798568725586,0.15276584029197693,-0.5754145383834839,-0.3639651834964752,0.5643017292022705,-0.2158469557762146,-0.03783559426665306,-0.07599196583032608,0.3404233455657959,0.10892852395772934,0.009493573568761349,0.014530418440699577,0.2502102851867676,-0.10927382856607437,-0.015266801230609417,-0.013408719561994076,0.26732635498046875,0.12860140204429626,-0.001754094148054719,-0.08045024424791336,0.04334910213947296,-0.13205014169216156,-0.0032466789707541466,-0.1060580238699913,0.059832628816366196,0.10610657185316086,0.20166730880737305,0.17641796171665192,0.010243898257613182,-0.12264566868543625,0.37726104259490967,0.19088394939899445,0.025664111599326134,0.10176178812980652,0.2104647308588028,0.19682720303535461,0.006110312882810831,-0.12391451001167297,0.39559420943260193,0.21910351514816284,0.01555758249014616,0.14784158766269684,0.18692605197429657,0.03555852547287941,0.011631320230662823,-0.15812039375305176,0.4010585844516754,0.04341362044215202,0.02336997538805008,9,0.375,0.6248345971107483,0.39076122641563416,-2.106714305227797e-07,,0.6058544516563416,0.3659649193286896,-0.002781149698421359,,0.5938940048217773,0.33284735679626465,-0.005984541494399309,,0.5894961357116699,0.30209267139434814,-0.011579876765608788,,0.596886932849884,0.279977023601532,-0.016232850030064583,,0.6112701892852783,0.2946745455265045,0.003450657008215785,,0.61180579662323,0.2516506314277649,-0.007777328137308359,,0.602274477481842,0.2591686248779297,-0.013608578592538834,,0.597735583782196,0.27736520767211914,-0.015103492885828018,,0.6218712329864502,0.29765021800994873,-0.0002754048618953675,,0.6150593161582947,0.2597498297691345,-0.013180849142372608,,0.6077307462692261,0.28956887125968933,-0.01632048189640045,,0.6100201606750488,0.31569746136665344,-0.0143547048792243,,0.6338903903961182,0.3032435178756714,-0.005869713611900806,,0.6240153908729553,0.27813348174095154,-0.019532401114702225,,0.6188179850578308,0.31296005845069885,-0.01799033395946026,,0.6220674514770508,0.3397166430950165,-0.012361161410808563,,0.6469886302947998,0.31184902787208557,-0.01170927844941616,,0.6379117965698242,0.28196993470191956,-0.019242150709033012,,0.6271456480026245,0.3010086715221405,-0.01599372923374176,,0.6227081418037415,0.3231479227542877,-0.01104216929525137,
-0.05513761192560196,-0.6016455292701721,-0.20311109721660614,0.999652624130249,-0.03638843446969986,-0.6374401450157166,-0.19963471591472626,0.9994585514068604,-0.03673862665891647,-0.6370986104011536,-0.2020741105079651,0.9994864463806152,-0.036645274609327316,-0.6373906135559082,-0.19952663779258728,0.9993659853935242,-0.06766082346439362,-0.6407773494720459,-0.19743911921977997,0.9995307326316833,-0.0653906986117363,-0.6412850022315979,-0.19819647073745728,0.9995551705360413,-0.066184863448143,-0.6402506232261658,-0.19458261132240295,0.9994876980781555,0.03716420382261276,-0.6266997456550598,-0.11838305741548538,0.999401330947876,-0.09787832200527191,-0.6363872289657593,-0.09344013035297394,0.9995752573013306,-0.03177294507622719,-0.5743067264556885,-0.18150168657302856,0.9997386336326599,-0.06898333877325058,-0.5754334926605225,-0.17312075197696686,0.9997819066047668,0.14298191666603088,-0.45221227407455444,-0.07079188525676727,0.9989369511604309,-0.16673609614372253,-0.4447059631347656,-0.04318324103951454,0.9989169239997864,0.23358793556690216,-0.3673400282859802,-0.1886359453201294,0.8623704314231873,-0.18475022912025452,-0.19127362966537476,-0.007859521545469761,0.7980062365531921,0.16691522300243378,-0.5486035943031311,-0.3700437545776367,0.6056206226348877,-0.2371980845928192,-0.02880619466304779,-0.047060899436473846,0.43886247277259827,0.12785756587982178,-0.5847007632255554,-0.4218640625476837,0.5958402752876282,-0.2507380545139313,0.02002687007188797,-0.063953697681427,0.30998465418815613,0.1149158701300621,-0.6199765801429749,-0.39832547307014465,0.6141959428787231,-0.2390303909778595,-0.0015395175432786345,-0.0976794958114624,0.36988383531570435,0.14742277562618256,-0.571519136428833,-0.36880430579185486,0.6072775721549988,-0.21567878127098083,-0.033385977149009705,-0.06707341969013214,0.3711142838001251,0.10897497087717056,0.00933727715164423,0.012241161428391933,0.2837182879447937,-0.10927991569042206,-0.01511209737509489,-0.011148609220981598,0.29851624369621277,0.12750278413295746,0.0007319292053580284,-0.08243623375892639,0.04297799617052078,-0.13370971381664276,-0.001278983079828322,-0.10604497790336609,0.05784931406378746,0.10482307523488998,0.20637252926826477,0.17560075223445892,0.010032035410404205,-0.1217985674738884,0.37876683473587036,0.19144926965236664,0.024210985749959946,0.10039284825325012,0.2156684696674347,0.19634202122688293,0.006011847406625748,-0.1228783056139946,0.397212415933609,0.22017979621887207,0.014956935308873653,0.14367854595184326,0.19021199643611908,0.03380183130502701,0.011148758232593536,-0.15781165659427643,0.40398696064949036,0.04519137740135193,0.022010497748851776,10,0.417,0.618613064289093,0.4026360511779785,-2.1479534950685775e-07,,0.5993838310241699,0.37908467650413513,-0.0008983525331132114,,0.5876782536506653,0.34637027978897095,-0.002996602328494191,,0.5825070738792419,0.316244512796402,-0.007833810523152351,,0.5881448984146118,0.2914518415927887,-0.012006874196231365,,0.6018730998039246,0.30842167139053345,0.006036926992237568,,0.6002619862556458,0.2661614418029785,-0.004317214246839285,,0.594440758228302,0.2723824679851532,-0.009722691960632801,,0.5930562615394592,0.28725770115852356,-0.011121200397610664,,0.6115399599075317,0.31008902192115784,0.0019771778024733067,,0.6029101014137268,0.2787044048309326,-0.01021709106862545,,0.5992121696472168,0.31082913279533386,-0.01318755466490984,,0.6033909916877747,0.3341275453567505,-0.011361581273376942,,0.623134434223175,0.3134962320327759,-0.0038168272003531456,,0.6120728254318237,0.2925887703895569,-0.01667514443397522,,0.6088002920150757,0.3270151913166046,-0.014698670245707035,,0.6131616234779358,0.35015708208084106,-0.008962071500718594,,0.6358630657196045,0.31985270977020264,-0.0097171226516366,,0.6251943111419678,0.29322537779808044,-0.016608405858278275,,0.6177392601966858,0.31572383642196655,-0.012946700677275658,,0.617527961730957,0.33791878819465637,-0.007670335937291384,
-0.05475998669862747,-0.6022953391075134,-0.20262205600738525,0.9996485114097595,-0.036084845662117004,-0.6380829811096191,-0.19954286515712738,0.9994576573371887,-0.03643448278307915,-0.6377556324005127,-0.2019696831703186,0.9994847178459167,-0.03633182495832443,-0.6380525827407837,-0.1994684487581253,0.9993658065795898,-0.06751289963722229,-0.6413519382476807,-0.1966807246208191,0.9995336532592773,-0.0652441531419754,-0.6418696045875549,-0.1974795013666153,0.9995587468147278,-0.06603265553712845,-0.6408329010009766,-0.19385340809822083,0.9994952082633972,0.03793938457965851,-0.6276102662086487,-0.11880788952112198,0.9994022846221924,-0.09695310145616531,-0.6371370553970337,-0.09008967131376266,0.999588131904602,-0.03147079423069954,-0.575123131275177,-0.18130134046077728,0.9997315406799316,-0.06883560121059418,-0.5761616826057434,-0.17168831825256348,0.9997799396514893,0.14321960508823395,-0.45727792382240295,-0.072419174015522,0.9989729523658752,-0.1662198156118393,-0.4459734261035919,-0.03835497424006462,0.9989783763885498,0.23400700092315674,-0.37474238872528076,-0.196259006857872,0.875956654548645,-0.1848667412996292,-0.19544103741645813,-0.008820747956633568,0.8137626051902771,0.16625572741031647,-0.5478789806365967,-0.37607330083847046,0.644957959651947,-0.2366020232439041,-0.028458455577492714,-0.057036686688661575,0.47926244139671326,0.12857195734977722,-0.58271723985672,-0.4278249442577362,0.6356617212295532,-0.24981214106082916,0.020840391516685486,-0.07516667246818542,0.3449784815311432,0.11532603204250336,-0.6163856387138367,-0.40434733033180237,0.6521368622779846,-0.23860004544258118,0.0009342556004412472,-0.10823209583759308,0.4047831594944,0.14753597974777222,-0.5696929097175598,-0.37512609362602234,0.6459702849388123,-0.21560589969158173,-0.030969562008976936,-0.07667621970176697,0.4070940613746643,0.10896755754947662,0.00917124841362238,0.006723803002387285,0.31682610511779785,-0.10925684124231339,-0.01502561941742897,-0.005783686880022287,0.3283608555793762,0.1265936642885208,0.007797362748533487,-0.08428800851106644,0.04334741830825806,-0.13662855327129364,0.007572183385491371,-0.09191195666790009,0.056385479867458344,0.10103856027126312,0.20657344162464142,0.1700577586889267,0.009717943146824837,-0.12403110414743423,0.3783094882965088,0.19414691627025604,0.022690627723932266,0.09647241234779358,0.21598000824451447,0.1917949765920639,0.005841525737196207,-0.12477494031190872,0.3970678448677063,0.22393746674060822,0.01425525639206171,0.13440585136413574,0.19758473336696625,0.03498571366071701,0.010558992624282837,-0.16176538169384003,0.40570563077926636,0.06816692650318146,0.020515253767371178,11,0.458,0.6188334822654724,0.40577051043510437,-1.6239232536463533e-07,,0.5994642972946167,0.38424885272979736,-0.0015469631180167198,,0.5875486731529236,0.35282614827156067,-0.0032411261927336454,,0.5822335481643677,0.32233405113220215,-0.007546295877546072,,0.5867078900337219,0.295970618724823,-0.011460421606898308,,0.6022313833236694,0.3155493438243866,0.009322629310190678,,0.6024989485740662,0.2798658013343811,0.000555541948415339,,0.5949734449386597,0.27204740047454834,-0.004795471206307411,,0.5904711484909058,0.2737746834754944,-0.00679156044498086,,0.611380398273468,0.315170019865036,0.005110505968332291,,0.6016287803649902,0.2812545895576477,-0.007843339815735817,,0.5966476798057556,0.3103393316268921,-0.011894972994923592,,0.5996219515800476,0.33582115173339844,-0.01000991277396679,,0.622147798538208,0.317759245634079,-0.0009225927060469985,,0.6113795638084412,0.2960774302482605,-0.015082904137670994,,0.6082412600517273,0.32944074273109436,-0.014556164853274822,,0.6124708652496338,0.35414350032806396,-0.008826687932014465,,0.6348504424095154,0.3227774202823639,-0.007039147429168224,,0.6235548853874207,0.29740169644355774,-0.01485823281109333,,0.6171888113021851,0.31758567690849304,-0.012111013755202293,,0.6178206205368042,0.3392017185688019,-0.007091612555086613,
-0.05573226511478424,-0.6023673415184021,-0.19795073568820953,0.9996514320373535,-0.03675258532166481,-0.6381392478942871,-0.1954697072505951,0.9994637966156006,-0.037111084908246994,-0.6378148198127747,-0.1978830248117447,0.9994889497756958,-0.036976493895053864,-0.6381082534790039,-0.1954277604818344,0.9993718266487122,-0.06831824779510498,-0.6414146423339844,-0.19264942407608032,0.9995436668395996,-0.06607386469841003,-0.641935408115387,-0.19353508949279785,0.9995693564414978,-0.06686440110206604,-0.6408990621566772,-0.1899302750825882,0.9995099306106567,0.0371040478348732,-0.6277909874916077,-0.11519487202167511,0.9994088411331177,-0.09739319235086441,-0.637901782989502,-0.08667996525764465,0.9996060729026794,-0.032383356243371964,-0.5751569867134094,-0.17689746618270874,0.9997276663780212,-0.06955283135175705,-0.576235294342041,-0.1672540009021759,0.9997813701629639,0.14101433753967285,-0.45913165807724,-0.07202953100204468,0.9990102052688599,-0.16754330694675446,-0.44851627945899963,-0.035865914076566696,0.9990437626838684,0.23491650819778442,-0.3740854561328888,-0.19591204822063446,0.8882274031639099,-0.1855592578649521,-0.19914241135120392,-0.010851195082068443,0.8289797306060791,0.1688079982995987,-0.5506710410118103,-0.3730394244194031,0.6803900599479675,-0.2360454946756363,-0.028365539386868477,-0.062143657356500626,0.5182819366455078,0.1329442858695984,-0.5888772010803223,-0.42459574341773987,0.6716419458389282,-0.24939726293087006,0.021617339923977852,-0.08108611404895782,0.38061049580574036,0.1198144182562828,-0.623075544834137,-0.40132907032966614,0.6864330768585205,-0.2364356815814972,0.0029525975696742535,-0.11338824033737183,0.43979278206825256,0.15051139891147614,-0.5733720064163208,-0.3724360167980194,0.6809333562850952,-0.21541617810726166,-0.029269346967339516,-0.08132731169462204,0.44276419281959534,0.1087285503745079,0.00904434360563755,0.003928388003259897,0.35056716203689575,-0.10908828675746918,-0.014914819970726967,-0.0031174584291875362,0.35948482155799866,0.12475090473890305,0.0154002346098423,-0.08361203223466873,0.04358581826090813,-0.1373094767332077,0.039703600108623505,-0.07882663607597351,0.05491175130009651,0.10048394650220871,0.2048773467540741,0.16721123456954956,0.009328360669314861,-0.12783201038837433,0.37709149718284607,0.1986755132675171,0.021173443645238876,0.09608075767755508,0.21425186097621918,0.18971791863441467,0.005642687901854515,-0.1293983906507492,0.3958348333835602,0.22962941229343414,0.013552243821322918,0.13414250314235687,0.20236918330192566,0.04401165992021561,0.009932582266628742,-0.17083342373371124,0.4067043364048004,0.090004563331604,0.019038759171962738,12,0.5,0.6249164342880249,0.3923634886741638,-2.120067108535295e-07,,0.6069891452789307,0.3692057728767395,-0.0012653988087549806,,0.5965918302536011,0.3369007706642151,-0.0030736192129552364,,0.5930909514427185,0.30760419368743896,-0.007515591569244862,,0.5991963744163513,0.2842206358909607,-0.01106906309723854,,0.6101008653640747,0.30389678478240967,0.005868627689778805,,0.6060508489608765,0.2659817636013031,-0.004775874316692352,,0.5997737050056458,0.28802478313446045,-0.01016454678028822,,0.6000239849090576,0.3093395531177521,-0.011141632683575153,,0.6201943755149841,0.30660390853881836,0.002016665181145072,,0.613876223564148,0.27004697918891907,-0.009793773293495178,,0.6083225011825562,0.30206069350242615,-0.012890951707959175,,0.6114192605018616,0.32601332664489746,-0.010615069419145584,,0.6319662928581238,0.3110635280609131,-0.0035364741925150156,,0.6232881546020508,0.28728336095809937,-0.01587061956524849,,0.6195350289344788,0.32115843892097473,-0.014551406726241112,,0.6237846612930298,0.34567520022392273,-0.008791424334049225,,0.6449117064476013,0.3178194463253021,-0.009150808677077293,,0.6358494758605957,0.288601279258728,-0.015538145788013935,,0.628837525844574,0.308632493019104,-0.012098310515284538,,0.6291208267211914,0.331187903881073,-0.006675142794847488,
-0.05727004259824753,-0.6004446148872375,-0.18883876502513885,0.9996640682220459,-0.03858751058578491,-0.6368099451065063,-0.18653874099254608,0.9994849562644958,-0.03896535560488701,-0.636487603187561,-0.1889035701751709,0.9995085000991821,-0.03882536292076111,-0.6367751359939575,-0.18641997873783112,0.9993963837623596,-0.0703723281621933,-0.6399500966072083,-0.18365232646465302,0.9995633959770203,-0.06815171241760254,-0.6404648423194885,-0.18460549414157867,0.9995880722999573,-0.06894546747207642,-0.6394179463386536,-0.18096637725830078,0.9995322823524475,0.036257874220609665,-0.6278267502784729,-0.10737554728984833,0.9994325637817383,-0.09838416427373886,-0.6378844976425171,-0.07777288556098938,0.9996280670166016,-0.03295852616429329,-0.574165940284729,-0.1678086817264557,0.9997355341911316,-0.07025046646595001,-0.5751506686210632,-0.15791311860084534,0.999789834022522,0.1411023736000061,-0.4597710967063904,-0.06537581235170364,0.9990654587745667,-0.1676817685365677,-0.44881144165992737,-0.027676289901137352,0.9991130828857422,0.23539821803569794,-0.3706762492656708,-0.19105622172355652,0.899268388748169,-0.18574686348438263,-0.20064832270145416,-0.003345155855640769,0.8433250188827515,0.1703663170337677,-0.5492188334465027,-0.3703688681125641,0.712288498878479,-0.23432449996471405,-0.028626875951886177,-0.05314101651310921,0.5554516911506653,0.13571888208389282,-0.5873282551765442,-0.4231533706188202,0.7040500044822693,-0.24639534950256348,0.022112121805548668,-0.07304255664348602,0.41361570358276367,0.12281888723373413,-0.6208110451698303,-0.39477303624153137,0.7173258066177368,-0.23115947842597961,0.0042486777529120445,-0.10295276343822479,0.47206878662109375,0.15209953486919403,-0.57195645570755,-0.36729714274406433,0.7124327421188354,-0.2130538523197174,-0.02829570323228836,-0.07152974605560303,0.4763668179512024,0.10884065181016922,0.008948438800871372,0.003444734960794449,0.3797638416290283,-0.10917285084724426,-0.014749926514923573,-0.0026756329461932182,0.38725632429122925,0.12468764930963516,0.01277810987085104,-0.08452586829662323,0.04184063896536827,-0.1378856748342514,0.032383523881435394,-0.07929657399654388,0.052302271127700806,0.10143712908029556,0.20119640231132507,0.1663179248571396,0.008826554752886295,-0.12739014625549316,0.3766650855541229,0.19360049068927765,0.01968185231089592,0.0972013920545578,0.20986206829547882,0.1886265128850937,0.005392763298004866,-0.12893952429294586,0.39563417434692383,0.22492462396621704,0.012802762910723686,0.1355636566877365,0.19952580332756042,0.04321198910474777,0.00929174479097128,-0.16752475500106812,0.40723904967308044,0.08058863133192062,0.017652539536356926,13,0.542,0.6283058524131775,0.3907715082168579,-1.5926963214951684e-07,,0.6107943058013916,0.3700735569000244,-0.0012539282906800508,,0.5997937321662903,0.335915207862854,-0.002293808851391077,,0.5960204601287842,0.3043540120124817,-0.005858412943780422,,0.6012898087501526,0.2783517837524414,-0.009101826697587967,,0.616327702999115,0.30306243896484375,0.009290817193686962,,0.6169556379318237,0.26902928948402405,0.0010001736227422953,,0.6083243489265442,0.2641586661338806,-0.004135944414883852,,0.6023920178413391,0.2711324095726013,-0.005741087719798088,,0.6255212426185608,0.30422115325927734,0.005349878221750259,,0.6191631555557251,0.26737064123153687,-0.006583144888281822,,0.6125794053077698,0.2922225296497345,-0.010639522224664688,,0.6129863858222961,0.31966346502304077,-0.008654464036226273,,0.63634192943573,0.3081792891025543,-0.00027232198044657707,,0.6275270581245422,0.28424134850502014,-0.013341322541236877,,0.6230050921440125,0.3162290155887604,-0.01303133089095354,,0.6254030466079712,0.34316369891166687,-0.007416104432195425,,0.649122416973114,0.314329594373703,-0.0059256041422486305,,0.6402196884155273,0.2864212393760681,-0.01329656969755888,,0.6339142322540283,0.30497729778289795,-0.01061193272471428,,0.6338145136833191,0.32705071568489075,-0.005549111403524876,
-0.05780899152159691,-0.6002200841903687,-0.18894340097904205,0.999671995639801,-0.038930825889110565,-0.6366509795188904,-0.1865384876728058,0.9994983077049255,-0.039321549236774445,-0.6363266110420227,-0.18889077007770538,0.9995205998420715,-0.039178911596536636,-0.636610746383667,-0.18639224767684937,0.9994131922721863,-0.07089121639728546,-0.6397513747215271,-0.18338069319725037,0.9995756149291992,-0.06868176907300949,-0.6402654051780701,-0.18428990244865417,0.9995995163917542,-0.06946882605552673,-0.6392187476158142,-0.18063519895076752,0.9995469450950623,0.03645535185933113,-0.6278505325317383,-0.10771557688713074,0.9994478225708008,-0.09836157411336899,-0.6378971338272095,-0.07679923623800278,0.9996427893638611,-0.03299637883901596,-0.5740337371826172,-0.1678873598575592,0.9997382760047913,-0.07043500244617462,-0.5750048160552979,-0.15773063898086548,0.9997926950454712,0.14118921756744385,-0.45951032638549805,-0.06588374823331833,0.9991052746772766,-0.16742941737174988,-0.4490434229373932,-0.02493360824882984,0.9991657137870789,0.23757316172122955,-0.3695099949836731,-0.1904798150062561,0.90916907787323,-0.185710608959198,-0.20303058624267578,0.00014727446250617504,0.8551735281944275,0.1710582673549652,-0.5470957159996033,-0.36775270104408264,0.7409791946411133,-0.23146827518939972,-0.035025306046009064,-0.04981216788291931,0.5862126350402832,0.1373818963766098,-0.5840246081352234,-0.41969650983810425,0.7331210374832153,-0.24226313829421997,0.01665588468313217,-0.06990351527929306,0.4388064742088318,0.12460412085056305,-0.6179308891296387,-0.3937971591949463,0.7450267672538757,-0.22665618360042572,-0.0009768691379576921,-0.09987747669219971,0.497298002243042,0.15292222797870636,-0.5698263645172119,-0.3657565712928772,0.7406839728355408,-0.20996232330799103,-0.03320438414812088,-0.06837859004735947,0.5027743577957153,0.10887511819601059,0.00888272188603878,0.00242954446002841,0.40064379572868347,-0.10918296873569489,-0.014651109464466572,-0.0016319177811965346,0.4054217040538788,0.12441488355398178,0.005640978459268808,-0.08803892135620117,0.04076473042368889,-0.13849587738513947,0.024086058139801025,-0.08151082694530487,0.050019972026348114,0.1017613410949707,0.20191240310668945,0.1585664600133896,0.008573919534683228,-0.12673541903495789,0.3792605698108673,0.19621191918849945,0.018456880003213882,0.09770426899194717,0.2106574922800064,0.1792132407426834,0.005229179281741381,-0.12728266417980194,0.39848440885543823,0.22723202407360077,0.012199788354337215,0.1367620825767517,0.19948503375053406,0.018978165462613106,0.008895124308764935,-0.1668914556503296,0.40922799706459045,0.07973060756921768,0.016550544649362564,14,0.583,0.6267536282539368,0.38825201988220215,-1.802215905399862e-07,,0.6094858646392822,0.3683200180530548,-0.0023799382615834475,,0.5981826186180115,0.33521708846092224,-0.0040061273612082005,,0.5944796204566956,0.30473625659942627,-0.007819265127182007,,0.6009984612464905,0.2807767391204834,-0.010954881086945534,,0.6154875755310059,0.30107125639915466,0.006399763282388449,,0.6138540506362915,0.2653026580810547,-0.0024397464003413916,,0.6058903336524963,0.2697020471096039,-0.007154267746955156,,0.6027292013168335,0.28310874104499817,-0.008274121209979057,,0.6247032880783081,0.3036424219608307,0.0031913805287331343,,0.617091178894043,0.2689543068408966,-0.008417744189500809,,0.6113410592079163,0.29737114906311035,-0.011698196642100811,,0.6135542988777161,0.32333481311798096,-0.009550106711685658,,0.6354443430900574,0.3087346851825714,-0.0017147072358056903,,0.6260452270507812,0.2864461839199066,-0.01444745808839798,,0.6219586133956909,0.31915831565856934,-0.013772059231996536,,0.6252328753471375,0.34472039341926575,-0.008316794410347939,,0.647852897644043,0.3159984350204468,-0.006757392548024654,,0.6395847201347351,0.28649547696113586,-0.014003517106175423,,0.6323830485343933,0.30386146903038025,-0.011385045945644379,,0.6311975121498108,0.32515814900398254,-0.006572953425347805,
-0.05932693928480148,-0.6002784967422485,-0.18918053805828094,0.999674916267395,-0.04034942761063576,-0.6366908550262451,-0.18660619854927063,0.9995027184486389,-0.0407448373734951,-0.6363664865493774,-0.18893523514270782,0.9995237588882446,-0.04060531035065651,-0.6366488337516785,-0.1864420622587204,0.9994174242019653,-0.07242418825626373,-0.6397585868835449,-0.18349163234233856,0.9995812773704529,-0.0702156275510788,-0.6402748227119446,-0.1843661665916443,0.9996053576469421,-0.07098669558763504,-0.6392301321029663,-0.1807207316160202,0.9995551705360413,0.03558703511953354,-0.6280267834663391,-0.10755940526723862,0.9994497299194336,-0.09927206486463547,-0.637881875038147,-0.07704334706068039,0.9996524453163147,-0.03416643291711807,-0.57408607006073,-0.16783131659030914,0.9997345209121704,-0.07178504019975662,-0.5750142931938171,-0.1579546183347702,0.9997929334640503,0.1404753476381302,-0.46049585938453674,-0.06620538234710693,0.9991288185119629,-0.16809654235839844,-0.44904595613479614,-0.024070648476481438,0.9992092251777649,0.23654042184352875,-0.376429945230484,-0.19216430187225342,0.9180223345756531,-0.18910345435142517,-0.20624221861362457,-0.00015615181473549455,0.8644617199897766,0.16799932718276978,-0.5492924451828003,-0.37002766132354736,0.7667763829231262,-0.23138973116874695,-0.03999176248908043,-0.04998139292001724,0.6077001690864563,0.13297148048877716,-0.5845592617988586,-0.42313840985298157,0.7591665983200073,-0.24216030538082123,0.01230084802955389,-0.07010927051305771,0.45268714427948,0.11886503547430038,-0.6175356507301331,-0.39866456389427185,0.7698253989219666,-0.2263871431350708,-0.005344584118574858,-0.10078874230384827,0.5123836994171143,0.14945292472839355,-0.5712123513221741,-0.36861222982406616,0.7659774422645569,-0.20993053913116455,-0.03743937611579895,-0.06885936856269836,0.5184534788131714,0.10885093361139297,0.00878050271421671,0.0021505337208509445,0.42170777916908264,-0.10916610062122345,-0.01455072034150362,-0.0013281562132760882,0.4254956543445587,0.12377063184976578,0.007093092892318964,-0.08902114629745483,0.039934296160936356,-0.13807561993598938,0.024211842566728592,-0.08433207869529724,0.04832879453897476,0.10202720016241074,0.21701329946517944,0.15346463024616241,0.008424768224358559,-0.12608879804611206,0.39255961775779724,0.19060105085372925,0.017596160992980003,0.09794197231531143,0.2269778996706009,0.1727132946252823,0.005124988500028849,-0.12635155022144318,0.4135877192020416,0.21907520294189453,0.011829448863863945,0.1352626383304596,0.2147587686777115,0.008973369374871254,0.008682332932949066,-0.1661376804113388,0.42614006996154785,0.05575254186987877,0.015883130952715874,15,0.625,0.6214306354522705,0.3942756950855255,-2.2165640700677613e-07,,0.602887749671936,0.3739331066608429,-0.0021469942294061184,,0.5917950868606567,0.33823156356811523,-0.0037289010360836983,,0.5904633402824402,0.30713286995887756,-0.007509571500122547,,0.5989347696304321,0.2895832359790802,-0.010215100832283497,,0.6050982475280762,0.3043011426925659,0.004136245232075453,,0.6026841402053833,0.26712897419929504,-0.006130366586148739,,0.5960038900375366,0.2902275621891022,-0.010961683467030525,,0.5954349040985107,0.31248074769973755,-0.011731908656656742,,0.615959644317627,0.3074045777320862,0.0008181563462130725,,0.6106821298599243,0.2718653380870819,-0.010919313877820969,,0.6046718955039978,0.303469181060791,-0.013530684635043144,,0.6067727208137512,0.3276926875114441,-0.01104978658258915,,0.6282855272293091,0.31237825751304626,-0.004177414812147617,,0.620751678943634,0.28896936774253845,-0.016630329191684723,,0.6160062551498413,0.3226490616798401,-0.01539452001452446,,0.6188327074050903,0.3482637107372284,-0.009849149733781815,,0.6415731310844421,0.3199944794178009,-0.009322356432676315,,0.6334263682365417,0.29147595167160034,-0.016040466725826263,,0.6253621578216553,0.3100925385951996,-0.013125760480761528,,0.6234365701675415,0.3321950137615204,-0.008265584707260132,
-0.059828903526067734,-0.598820149898529,-0.19373656809329987,0.9996700882911682,-0.04117254167795181,-0.63554847240448,-0.1910983920097351,0.9994969367980957,-0.04157303273677826,-0.6352195143699646,-0.19340252876281738,0.999517560005188,-0.041423145681619644,-0.635493278503418,-0.19086727499961853,0.9994104504585266,-0.07348725944757462,-0.6381916999816895,-0.18804529309272766,0.9995794296264648,-0.07127753645181656,-0.6387064456939697,-0.18889713287353516,0.9996044635772705,-0.07203961163759232,-0.6376643180847168,-0.18524238467216492,0.9995565414428711,0.035178326070308685,-0.6278507113456726,-0.11153426766395569,0.9994441866874695,-0.1003914400935173,-0.6363881826400757,-0.0813077837228775,0.9996585845947266,-0.03431657701730728,-0.5730511546134949,-0.1718970239162445,0.9997319579124451,-0.07220834493637085,-0.5734436511993408,-0.1621561199426651,0.9997932314872742,0.14056645333766937,-0.46013709902763367,-0.06767220050096512,0.9991527795791626,-0.16834723949432373,-0.44817325472831726,-0.025420676916837692,0.99925297498703,0.23651264607906342,-0.37477076053619385,-0.1927594244480133,0.9259763956069946,-0.19152432680130005,-0.20580317080020905,-0.0013451884733512998,0.8736786246299744,0.16560009121894836,-0.5458449721336365,-0.37094220519065857,0.7899810075759888,-0.23409689962863922,-0.03936160355806351,-0.05162419378757477,0.6290649771690369,0.12841133773326874,-0.5808701515197754,-0.42445605993270874,0.7825242280960083,-0.24491004645824432,0.013060817494988441,-0.07130174338817596,0.4672408699989319,0.1136794313788414,-0.6154174208641052,-0.401652455329895,0.7920591831207275,-0.2303646355867386,-0.0041502430103719234,-0.10206364840269089,0.5277189612388611,0.1463349461555481,-0.5682452321052551,-0.37009382247924805,0.78866046667099,-0.21306677162647247,-0.036481600254774094,-0.07052706182003021,0.5342384576797485,0.10888294130563736,0.008713346906006336,0.0021612609270960093,0.43187013268470764,-0.10918629169464111,-0.01448515709489584,-0.001329667866230011,0.4347131848335266,0.12355298548936844,0.002267492702230811,-0.09025454521179199,0.038892216980457306,-0.13871781527996063,0.017707454040646553,-0.0862097218632698,0.04648149758577347,0.10174534469842911,0.216304749250412,0.15481872856616974,0.00822610966861248,-0.12564268708229065,0.3931036591529846,0.19093051552772522,0.016692953184247017,0.09755222499370575,0.22627227008342743,0.17422887682914734,0.005027367267757654,-0.12588751316070557,0.41403794288635254,0.21963222324848175,0.011420750990509987,0.13511398434638977,0.21446716785430908,0.007217385806143284,0.008422642014920712,-0.16544868052005768,0.42592284083366394,0.050447843968868256,0.015125301666557789,16,0.667,0.6170184016227722,0.4035193920135498,-2.2822787570930814e-07,,0.5993381142616272,0.3826832175254822,-0.0032734819687902927,,0.587135910987854,0.3515234589576721,-0.005656545050442219,,0.5816214680671692,0.3205152451992035,-0.01021181046962738,,0.5880758166313171,0.2972080707550049,-0.013344247825443745,,0.5982943177223206,0.3147180378437042,0.0054856110364198685,,0.5935946702957153,0.2773211896419525,-0.005701529327780008,,0.5911301374435425,0.30404379963874817,-0.011354617774486542,,0.5936166644096375,0.32666856050491333,-0.012426539324223995,,0.6084880232810974,0.31591537594795227,0.0028269628528505564,,0.6016567349433899,0.28035324811935425,-0.009373643435537815,,0.5988625288009644,0.31420081853866577,-0.012358812615275383,,0.6023486852645874,0.33909910917282104,-0.010016636922955513,,0.6203392148017883,0.3188987374305725,-0.001912045176140964,,0.6118234992027283,0.2979851961135864,-0.014691340737044811,,0.609584629535675,0.33229777216911316,-0.013492820784449577,,0.6139598488807678,0.3570155203342438,-0.007640059106051922,,0.6333601474761963,0.32464540004730225,-0.006935738492757082,,0.6246209740638733,0.2976268231868744,-0.013400694355368614,,0.6188023090362549,0.3172229826450348,-0.01037495955824852,,0.6188368797302246,0.33987608551979065,-0.005268168170005083,
-0.05993182212114334,-0.5988485813140869,-0.1942555159330368,0.9996628165245056,-0.04134919494390488,-0.6355748772621155,-0.19148334860801697,0.9994871616363525,-0.04175121709704399,-0.6352459788322449,-0.19374841451644897,0.9995073080062866,-0.041599780321121216,-0.6355182528495789,-0.19120128452777863,0.9993997812271118,-0.0738544762134552,-0.6381865739822388,-0.18855957686901093,0.9995737671852112,-0.07164449989795685,-0.6387022137641907,-0.1894116848707199,0.9995996952056885,-0.07240177690982819,-0.6376612186431885,-0.18574371933937073,0.9995539784431458,0.035021133720874786,-0.6280925273895264,-0.11206090450286865,0.9994328022003174,-0.10121212899684906,-0.6363791823387146,-0.08163916319608688,0.999660849571228,-0.03433416038751602,-0.5730692148208618,-0.1723933219909668,0.9997246265411377,-0.07243877649307251,-0.5734395384788513,-0.16249489784240723,0.9997893571853638,0.14066869020462036,-0.4606499969959259,-0.06808934360742569,0.9991637468338013,-0.16859503090381622,-0.4482046663761139,-0.027174044400453568,0.9992826581001282,0.23726317286491394,-0.3755224943161011,-0.19251565635204315,0.9331136345863342,-0.19191177189350128,-0.2062540203332901,-0.002751419320702553,0.8817846179008484,0.16583718359470367,-0.5438928008079529,-0.3703574538230896,0.8108525276184082,-0.23394066095352173,-0.03908304125070572,-0.05210461467504501,0.6482623219490051,0.12853889167308807,-0.5781739354133606,-0.423751562833786,0.8034724593162537,-0.24478259682655334,0.013561900705099106,-0.07203810662031174,0.48008203506469727,0.11392431706190109,-0.6132403016090393,-0.4020250141620636,0.8119933605194092,-0.23031267523765564,-0.0035724444314837456,-0.10335063189268112,0.5411384701728821,0.1465793401002884,-0.5664069056510925,-0.36985620856285095,0.8090040683746338,-0.21298624575138092,-0.03590955585241318,-0.07115663588047028,0.5482449531555176,0.10891398042440414,0.008624762296676636,0.002114339731633663,0.44192299246788025,-0.10921508073806763,-0.014407191425561905,-0.0012743338011205196,0.441863089799881,0.12269573658704758,0.002146973041817546,-0.09021613001823425,0.03822546452283859,-0.13915321230888367,0.017772730439901352,-0.0864328071475029,0.04485131427645683,0.10038332641124725,0.22221077978610992,0.15367722511291504,0.008163945749402046,-0.12537825107574463,0.39589232206344604,0.19442524015903473,0.01590118184685707,0.09602712094783783,0.23261421918869019,0.17228008806705475,0.004956988617777824,-0.12560531497001648,0.41699275374412537,0.22204114496707916,0.01102741714566946,0.13267213106155396,0.21786756813526154,0.0009188181720674038,0.008303427137434483,-0.16480350494384766,0.43007588386535645,0.050745025277137756,0.014494722709059715,17,0.709,0.6196717023849487,0.3990864157676697,-2.2179338543537597e-07,,0.6019852757453918,0.37863779067993164,-0.0025201367679983377,,0.5898830890655518,0.34631073474884033,-0.004601198248565197,,0.5850809216499329,0.3140552341938019,-0.00891964603215456,,0.5919545888900757,0.28971582651138306,-0.01197925303131342,,0.6021288633346558,0.31160739064216614,0.005327269434928894,,0.597133219242096,0.27328717708587646,-0.005504724569618702,,0.5943852066993713,0.29646942019462585,-0.011035243049263954,,0.5962284803390503,0.31937912106513977,-0.012000209651887417,,0.6124998331069946,0.3132941722869873,0.002350026275962591,,0.6052398681640625,0.27780893445014954,-0.009732292965054512,,0.6027836203575134,0.31008338928222656,-0.012866036035120487,,0.6058194637298584,0.334769070148468,-0.01058200467377901,,0.6240953207015991,0.31614020466804504,-0.0024996011052280664,,0.6150264739990234,0.2942541241645813,-0.014513970352709293,,0.6133795380592346,0.3278099596500397,-0.013083601370453835,,0.6174225211143494,0.3515532910823822,-0.007326418533921242,,0.6368635892868042,0.32106488943099976,-0.007605273742228746,,0.6278678178787231,0.29388490319252014,-0.013476048596203327,,0.622857928276062,0.3127342164516449,-0.010238662362098694,,0.6236039996147156,0.3329811096191406,-0.005129192490130663,
-0.06083579361438751,-0.5989254117012024,-0.19607624411582947,0.9996688961982727,-0.042416393756866455,-0.6356670260429382,-0.19348374009132385,0.9994982481002808,-0.042820416390895844,-0.6353398561477661,-0.1958044022321701,0.9995176792144775,-0.04264860972762108,-0.6356126070022583,-0.19327306747436523,0.9994123578071594,-0.07502926886081696,-0.638244092464447,-0.19048282504081726,0.9995843768119812,-0.07282708585262299,-0.6387634873390198,-0.19132903218269348,0.9996100068092346,-0.07357606291770935,-0.6377232074737549,-0.1876884549856186,0.9995664954185486,0.03403022885322571,-0.6283391118049622,-0.11335054039955139,0.9994449019432068,-0.10272380709648132,-0.6363895535469055,-0.083041712641716,0.9996733069419861,-0.035157203674316406,-0.573192834854126,-0.17425265908241272,0.9997273087501526,-0.07338215410709381,-0.5734912157058716,-0.16426318883895874,0.9997938871383667,0.1404055804014206,-0.46118685603141785,-0.06962008029222488,0.9991897344589233,-0.17010442912578583,-0.4482611417770386,-0.028613008558750153,0.9993188977241516,0.23714110255241394,-0.37577980756759644,-0.19555768370628357,0.9396109580993652,-0.1938476711511612,-0.2071392685174942,-0.00357495597563684,0.8891260623931885,0.1652480512857437,-0.5448129177093506,-0.3767891526222229,0.8296684622764587,-0.23622338473796844,-0.042850300669670105,-0.053171321749687195,0.6653581857681274,0.12765489518642426,-0.5794172286987305,-0.4295579791069031,0.8225371241569519,-0.24671687185764313,0.008538644760847092,-0.07292968034744263,0.4941023886203766,0.11262763291597366,-0.6143593788146973,-0.407487154006958,0.8301599025726318,-0.23315373063087463,-0.009345106780529022,-0.10434039682149887,0.555667519569397,0.14585162699222565,-0.5671907067298889,-0.37642592191696167,0.8275192379951477,-0.21578502655029297,-0.04000083729624748,-0.07226047664880753,0.5628631711006165,0.10899124294519424,0.008554324507713318,0.002167854690924287,0.4595230221748352,-0.1092916950583458,-0.014304989017546177,-0.0013157387729734182,0.45949265360832214,0.12327627092599869,0.0055809770710766315,-0.08667802810668945,0.03902721777558327,-0.13809612393379211,0.02191133052110672,-0.08937179297208786,0.04552672803401947,0.10104683041572571,0.22150994837284088,0.16312794387340546,0.00817949790507555,-0.1252385824918747,0.3950963318347931,0.18948756158351898,0.015640830621123314,0.09674514085054398,0.23204918205738068,0.1838017851114273,0.00498178880661726,-0.12539593875408173,0.41598886251449585,0.21805733442306519,0.010957499034702778,0.1370828002691269,0.21670062839984894,0.024715466424822807,0.008184937760233879,-0.1633768379688263,0.4296831786632538,0.050038404762744904,0.014175443910062313,18,0.75,0.6216596961021423,0.3968842625617981,-2.129799270278454e-07,,0.6029621958732605,0.3779432773590088,-0.0028639091178774834,,0.589840292930603,0.3459106981754303,-0.004737025126814842,,0.5851615071296692,0.31322941184043884,-0.008751008659601212,,0.592109203338623,0.28906553983688354,-0.011579218320548534,,0.6018273234367371,0.31111809611320496,0.005663669668138027,,0.5967531800270081,0.27390021085739136,-0.0048959446139633656,,0.5938571691513062,0.2954394817352295,-0.010277037508785725,,0.5957923531532288,0.31761303544044495,-0.011267676018178463,,0.6121764779090881,0.3123765289783478,0.0028002725448459387,,0.6051390171051025,0.2761603593826294,-0.009555126540362835,,0.6024503707885742,0.30871230363845825,-0.012885617092251778,,0.6056575775146484,0.33363232016563416,-0.010583827272057533,,0.6238400936126709,0.3151751458644867,-0.0019483803771436214,,0.6159318089485168,0.29236093163490295,-0.014524347148835659,,0.613538384437561,0.3265916109085083,-0.013299425132572651,,0.6168721914291382,0.3507916033267975,-0.007450152654200792,,0.6367626786231995,0.3200973570346832,-0.006936077494174242,,0.6284502148628235,0.2924693524837494,-0.013260429725050926,,0.6233543753623962,0.3112901449203491,-0.010104959830641747,,0.6235809326171875,0.3313782513141632,-0.004937887657433748,
-0.060785479843616486,-0.5988270044326782,-0.19693425297737122,0.9996680617332458,-0.04235979914665222,-0.6355851292610168,-0.1942170411348343,0.9994984269142151,-0.042763788253068924,-0.6352560520172119,-0.19653449952602386,0.9995173811912537,-0.042591046541929245,-0.6355266571044922,-0.19398176670074463,0.9994134902954102,-0.07499155402183533,-0.6381250619888306,-0.19128350913524628,0.999585747718811,-0.07278919965028763,-0.6386438012123108,-0.19210724532604218,0.9996115565299988,-0.07353737205266953,-0.6376055479049683,-0.1884617805480957,0.9995701313018799,0.034073613584041595,-0.6283291578292847,-0.1139167994260788,0.9994447827339172,-0.10273844748735428,-0.6363236904144287,-0.08407468348741531,0.9996788501739502,-0.035120394080877304,-0.5731166005134583,-0.17490723729133606,0.9997255802154541,-0.07335909456014633,-0.5733776092529297,-0.16516448557376862,0.9997929930686951,0.14059485495090485,-0.46110397577285767,-0.0698276236653328,0.9992024302482605,-0.1701100617647171,-0.448236346244812,-0.028978992253541946,0.999345600605011,0.2371297925710678,-0.37444379925727844,-0.1954738050699234,0.9453651905059814,-0.19374164938926697,-0.20698454976081848,-0.004300132393836975,0.8952036499977112,0.16527754068374634,-0.5435320138931274,-0.37608271837234497,0.8465754389762878,-0.23610396683216095,-0.04237368330359459,-0.0527120865881443,0.6788397431373596,0.12747876346111298,-0.5777974724769592,-0.4287603497505188,0.8395237326622009,-0.2466520220041275,0.008965583518147469,-0.07214991003274918,0.501677930355072,0.11271481215953827,-0.6129864454269409,-0.407256543636322,0.8463241457939148,-0.23333807289600372,-0.008747301995754242,-0.10441769659519196,0.5643182992935181,0.14580850303173065,-0.5660598874092102,-0.3758469820022583,0.8440229892730713,-0.21570464968681335,-0.03940611332654953,-0.07213503122329712,0.5719888210296631,0.10907339304685593,0.008491373620927334,0.002185903722420335,0.46660926938056946,-0.10935042053461075,-0.014225054532289505,-0.0013208641903474927,0.46410006284713745,0.12353760749101639,0.0012968848459422588,-0.08855316042900085,0.03885222598910332,-0.13801532983779907,0.01928325742483139,-0.0879511907696724,0.04430403932929039,0.10204798728227615,0.22210928797721863,0.15806393325328827,0.008272271603345871,-0.12310260534286499,0.3975299596786499,0.2013816088438034,0.01506729144603014,0.09765154868364334,0.23260268568992615,0.1770353466272354,0.004959393758326769,-0.12240378558635712,0.41820719838142395,0.22972604632377625,0.01065314095467329,0.1376887410879135,0.21584495902061462,0.002622667932882905,0.008210484869778156,-0.160617858171463,0.4305531084537506,0.05269135534763336,0.013731304556131363,19,0.792,0.6220943331718445,0.3966679871082306,-2.0434427483451145e-07,,0.6041910648345947,0.37843775749206543,-0.0025376153644174337,,0.5909164547920227,0.3460477590560913,-0.004283303394913673,,0.5859717130661011,0.3142688572406769,-0.008230003528296947,,0.5922136306762695,0.2898675799369812,-0.011167338117957115,,0.6019726991653442,0.312199205160141,0.00503008347004652,,0.5975713133811951,0.27447474002838135,-0.005355913192033768,,0.593920886516571,0.29286688566207886,-0.010592123493552208,,0.5950297117233276,0.3140009641647339,-0.011526777409017086,,0.6123688817024231,0.31327012181282043,0.0019284221343696117,,0.6057239770889282,0.2770116925239563,-0.010164899751543999,,0.6025002002716064,0.30858150124549866,-0.013185052201151848,,0.60560142993927,0.3331851363182068,-0.010774897411465645,,0.624030351638794,0.315958708524704,-0.002966886619105935,,0.6163473129272461,0.29305216670036316,-0.015383750200271606,,0.6136149168014526,0.32734137773513794,-0.013916688971221447,,0.6170670986175537,0.35172033309936523,-0.007977528497576714,,0.6369183659553528,0.3205006420612335,-0.00807227659970522,,0.6289085149765015,0.2929966151714325,-0.01431846059858799,,0.6234560012817383,0.31186893582344055,-0.010967539623379707,,0.6235970854759216,0.33205556869506836,-0.005719232372939587,
-0.06052757054567337,-0.5985757112503052,-0.1976015865802765,0.9996679425239563,-0.04218505322933197,-0.6353784203529358,-0.19480514526367188,0.9994989633560181,-0.04259014502167702,-0.6350466012954712,-0.19713029265403748,0.999517023563385,-0.04241935908794403,-0.6353143453598022,-0.19458900392055511,0.9994140863418579,-0.07477128505706787,-0.6378947496414185,-0.19184792041778564,0.9995885491371155,-0.07256794720888138,-0.6384105682373047,-0.1926695853471756,0.9996145963668823,-0.07331594079732895,-0.6373724341392517,-0.18902774155139923,0.9995755553245544,0.03411431238055229,-0.6282907724380493,-0.11433819681406021,0.9994452595710754,-0.10255225747823715,-0.636215090751648,-0.08471714705228806,0.999686598777771,-0.034908462315797806,-0.5729178786277771,-0.17557965219020844,0.9997258186340332,-0.07314640283584595,-0.573136568069458,-0.16581076383590698,0.9997950792312622,0.14067262411117554,-0.4609706401824951,-0.06991703808307648,0.9992165565490723,-0.16986510157585144,-0.44821402430534363,-0.0293195191770792,0.9993767738342285,0.2371951937675476,-0.37358447909355164,-0.19524511694908142,0.950575590133667,-0.1936575174331665,-0.20686450600624084,-0.0045598577708005905,0.901395857334137,0.16551630198955536,-0.5427752137184143,-0.3754093050956726,0.8618026375770569,-0.23602356016635895,-0.042210306972265244,-0.04930729791522026,0.6935282945632935,0.12787137925624847,-0.5770430564880371,-0.42800846695899963,0.8548393249511719,-0.24663491547107697,0.009734638966619968,-0.0680796429514885,0.5113133192062378,0.11319760233163834,-0.6124384999275208,-0.4068222641944885,0.8609036207199097,-0.23361876606941223,-0.007861316204071045,-0.10097488015890121,0.5744174718856812,0.146084263920784,-0.5654268264770508,-0.37525537610054016,0.8588998913764954,-0.2157389223575592,-0.03908843174576759,-0.06873635947704315,0.5825810432434082,0.1090846136212349,0.008392357267439365,0.0024652639403939247,0.472661554813385,-0.10935749858617783,-0.014128261245787144,-0.0015863562002778053,0.4686124324798584,0.12356340885162354,-0.0009907589992508292,-0.0884086862206459,0.03791265934705734,-0.13792559504508972,0.01892160438001156,-0.08813650906085968,0.042830657213926315,0.10215434432029724,0.22277918457984924,0.15825830399990082,0.008183480240404606,-0.12284364551305771,0.40075990557670593,0.20134374499320984,0.014464727602899075,0.09779248386621475,0.23320215940475464,0.17711623013019562,0.004901826847344637,-0.1218685656785965,0.42157942056655884,0.2296394258737564,0.010321089997887611,0.13785259425640106,0.2152688354253769,0.0024012650828808546,0.008089642971754074,-0.1582832634449005,0.43297404050827026,0.05065932124853134,0.013241610489785671,20,0.834,0.6241467595100403,0.39764168858528137,-2.2427528278967657e-07,,0.6074014902114868,0.3779253661632538,-0.001805165666155517,,0.5948005318641663,0.3452339768409729,-0.003420689608901739,,0.5900649428367615,0.31336885690689087,-0.007336482405662537,,0.597055196762085,0.2893683910369873,-0.010345813818275928,,0.6061792373657227,0.31172218918800354,0.005041357129812241,,0.6021476984024048,0.27459514141082764,-0.005369657184928656,,0.5976869463920593,0.2946215271949768,-0.010651434771716595,,0.5981813073158264,0.31723734736442566,-0.01157729048281908,,0.6167842149734497,0.31328752636909485,0.001558477059006691,,0.6100771427154541,0.27750226855278015,-0.010240559466183186,,0.6061544418334961,0.30915990471839905,-0.013064466416835785,,0.6092772483825684,0.33526375889778137,-0.01053418219089508,,0.6286723017692566,0.3167930543422699,-0.0036162131000310183,,0.6202263236045837,0.2951708137989044,-0.015796128660440445,,0.6178086400032043,0.32937705516815186,-0.01427849754691124,,0.6220009326934814,0.3543159067630768,-0.00840076245367527,,0.6418890357017517,0.32244956493377686,-0.008919929154217243,,0.6333339810371399,0.2951389253139496,-0.015245789662003517,,0.6277159452438354,0.3146742284297943,-0.011845352128148079,,0.6281242966651917,0.3359038233757019,-0.006559982430189848,
-0.06062408164143562,-0.5973222255706787,-0.19792897999286652,0.9996742010116577,-0.04228799045085907,-0.6341015696525574,-0.19527456164360046,0.9995067715644836,-0.04269241541624069,-0.6337599158287048,-0.1976102590560913,0.9995238184928894,-0.042527779936790466,-0.634026825428009,-0.19504962861537933,0.9994217753410339,-0.07480340451002121,-0.6366763114929199,-0.1924367994070053,0.999597430229187,-0.07259784638881683,-0.6371846795082092,-0.19326893985271454,0.999623715877533,-0.07334437221288681,-0.6361501812934875,-0.1896439790725708,0.9995863437652588,0.033674903213977814,-0.6273893117904663,-0.11521612852811813,0.9994536638259888,-0.1026383489370346,-0.6355042457580566,-0.08704483509063721,0.9996972680091858,-0.03512246161699295,-0.5717676877975464,-0.17602010071277618,0.999731719493866,-0.07331272959709167,-0.572017252445221,-0.1666531264781952,0.9998015761375427,0.1406475305557251,-0.458856463432312,-0.0699978843331337,0.9992421865463257,-0.17004384100437164,-0.44808730483055115,-0.03284252807497978,0.9994147419929504,0.23701709508895874,-0.36900603771209717,-0.19512997567653656,0.9552934169769287,-0.19416536390781403,-0.20676922798156738,-0.0074522062204778194,0.9068008065223694,0.16559641063213348,-0.5425217747688293,-0.37518301606178284,0.8755409717559814,-0.236250102519989,-0.04494357854127884,-0.04977888986468315,0.7027450203895569,0.12762092053890228,-0.5778704881668091,-0.42780613899230957,0.8688082695007324,-0.2467086762189865,0.006146014202386141,-0.06849402189254761,0.5137697458267212,0.11313168704509735,-0.6143627762794495,-0.4059050381183624,0.8742098212242126,-0.23385553061962128,-0.012594630010426044,-0.10138094425201416,0.5784246921539307,0.14607122540473938,-0.5658285617828369,-0.3747722804546356,0.872466504573822,-0.21576347947120667,-0.04272380843758583,-0.06960786134004593,0.5867462754249573,0.10913605988025665,0.008343014866113663,0.0034283564891666174,0.47558122873306274,-0.10941046476364136,-0.014071725308895111,-0.002506022108718753,0.4733361303806305,0.12354625016450882,-0.006858608685433865,-0.08949343115091324,0.03692367300391197,-0.1385534256696701,0.011002744548022747,-0.09850048273801804,0.04162966087460518,0.10100598633289337,0.21718187630176544,0.15838585793972015,0.008044196292757988,-0.12656009197235107,0.4004247486591339,0.19788333773612976,0.014008157886564732,0.09636065363883972,0.2271014004945755,0.17730799317359924,0.00482563953846693,-0.12639443576335907,0.4212031662464142,0.22587628662586212,0.010084498673677444,0.1373259723186493,0.20552001893520355,0.0033406298607587814,0.007922654040157795,-0.16460202634334564,0.4322759211063385,0.04193934053182602,0.012870924547314644,21,0.875,0.6255561709403992,0.4030313789844513,-2.1806957306580443e-07,,0.6090335845947266,0.37865540385246277,-0.0020283153280615807,,0.5986186265945435,0.34538203477859497,-0.0036867009475827217,,0.594668447971344,0.3150349259376526,-0.007787491660565138,,0.6006922125816345,0.2908766567707062,-0.011058554984629154,,0.6093207001686096,0.31348809599876404,0.006742027122527361,,0.6037281155586243,0.2792407274246216,-0.0037208758294582367,,0.5995244979858398,0.2986264228820801,-0.009705409407615662,,0.6005686521530151,0.3196362555027008,-0.011123176664113998,,0.6198694705963135,0.3151320219039917,0.0032513460610061884,,0.6134723424911499,0.2809451222419739,-0.00843854434788227,,0.6091926097869873,0.31086501479148865,-0.012299459427595139,,0.6118635535240173,0.3367505371570587,-0.010539500042796135,,0.6320372819900513,0.31945785880088806,-0.002041448140516877,,0.6239357590675354,0.2972453832626343,-0.01402249839156866,,0.6206347942352295,0.329516738653183,-0.013349358923733234,,0.6241963505744934,0.35502856969833374,-0.008062861859798431,,0.6454591155052185,0.3266298472881317,-0.007538624107837677,,0.6374123692512512,0.29909732937812805,-0.013610080815851688,,0.6314510107040405,0.3173303008079529,-0.010545272380113602,,0.631562352180481,0.3391066789627075,-0.005481002852320671,
-0.060922328382730484,-0.5965183973312378,-0.19640178978443146,0.9996819496154785,-0.04257688671350479,-0.6333684325218201,-0.19365665316581726,0.9995185136795044,-0.04298028349876404,-0.6330164074897766,-0.19599685072898865,0.9995341300964355,-0.042835481464862823,-0.6332834362983704,-0.1934153288602829,0.9994356036186218,-0.07502489537000656,-0.6361227631568909,-0.19096870720386505,0.9996085166931152,-0.0728161409497261,-0.6366181373596191,-0.19182437658309937,0.9996342658996582,-0.0735640823841095,-0.6355817317962646,-0.18819878995418549,0.9995989799499512,0.033376019448041916,-0.6269211173057556,-0.11406810581684113,0.9994659423828125,-0.10272759199142456,-0.6354996562004089,-0.08654891699552536,0.9997084140777588,-0.03536748141050339,-0.570930540561676,-0.17469879984855652,0.9997393488883972,-0.073521688580513,-0.5714743733406067,-0.16571879386901855,0.9998074769973755,0.14065323770046234,-0.45537373423576355,-0.06823201477527618,0.9992653131484985,-0.1700419932603836,-0.4480646252632141,-0.033442795276641846,0.9994490146636963,0.23443780839443207,-0.3555137813091278,-0.19104453921318054,0.959541380405426,-0.19412082433700562,-0.2051832228899002,-0.007604856044054031,0.9125518202781677,0.16589021682739258,-0.5420811772346497,-0.3648988604545593,0.8879228830337524,-0.23689645528793335,-0.04467122256755829,-0.05004645511507988,0.715211033821106,0.127903014421463,-0.5773414373397827,-0.4160827100276947,0.8814667463302612,-0.24785344302654266,0.006418765056878328,-0.06847995519638062,0.5197859406471252,0.1151081845164299,-0.6140878200531006,-0.39284729957580566,0.8862795829772949,-0.2349148988723755,-0.011951427906751633,-0.10179455578327179,0.5856481790542603,0.1467437744140625,-0.5652298331260681,-0.36341649293899536,0.8847830295562744,-0.21599899232387543,-0.042174190282821655,-0.07005447894334793,0.5950002074241638,0.10923836380243301,0.008354461751878262,0.0038568840827792883,0.4740024507045746,-0.10947775840759277,-0.014045457355678082,-0.0029273054096847773,0.47078877687454224,0.1236046776175499,-0.0180943813174963,-0.09568298608064651,0.03550673648715019,-0.1410641223192215,-0.004122803919017315,-0.09727947413921356,0.039500296115875244,0.10083511471748352,0.20929840207099915,0.15332145988941193,0.007815761491656303,-0.12764208018779755,0.39534616470336914,0.2144470065832138,0.013190529309213161,0.09608937054872513,0.21821685135364532,0.171644389629364,0.004664263688027859,-0.1274341642856598,0.41572609543800354,0.2442934662103653,0.009565338492393494,0.13671986758708954,0.19031530618667603,-0.0076672388240695,0.007630927953869104,-0.16647838056087494,0.4206264317035675,0.05668158829212189,0.012126694433391094,22,0.917,0.630236804485321,0.408907949924469,-2.5043129880941706e-07,,0.6140303015708923,0.38468873500823975,0.0007848723325878382,,0.6047047972679138,0.3491067886352539,0.00013390723324846476,,0.6023167371749878,0.31923943758010864,-0.00337203498929739,,0.6093655824661255,0.3011305034160614,-0.006076729856431484,,0.6203221082687378,0.3159731328487396,0.006536135450005531,,0.6166478991508484,0.2795613408088684,-0.0031773459631949663,,0.6113229393959045,0.303029328584671,-0.007925821468234062,,0.6121996641159058,0.3253590166568756,-0.008758380077779293,,0.6296034455299377,0.3202938437461853,0.001834867987781763,,0.6222692728042603,0.28780409693717957,-0.008884144946932793,,0.6174461841583252,0.3208100199699402,-0.011108985170722008,,0.621070384979248,0.3449150621891022,-0.008722574450075626,,0.640501081943512,0.3264118432998657,-0.004304514266550541,,0.6306967735290527,0.3039299249649048,-0.014999272301793098,,0.6268845796585083,0.3369969129562378,-0.012684215791523457,,0.6310275197029114,0.36077868938446045,-0.007006112486124039,,0.6524612307548523,0.33549290895462036,-0.01047331653535366,,0.6436057686805725,0.3080022931098938,-0.015528352931141853,,0.6371875405311584,0.3267362117767334,-0.011542429216206074,,0.6379432678222656,0.3473725914955139,-0.006260227877646685,
-0.06110600009560585,-0.5965787172317505,-0.1915491372346878,0.9996935725212097,-0.04262154921889305,-0.6334123611450195,-0.18884426355361938,0.9995357990264893,-0.04302449896931648,-0.6330581307411194,-0.19118432700634003,0.9995498061180115,-0.04288877174258232,-0.6333253383636475,-0.1885848194360733,0.9994555711746216,-0.07503660768270493,-0.6363039016723633,-0.18590392172336578,0.999623715877533,-0.0728272870182991,-0.6367937326431274,-0.18679629266262054,0.99964839220047,-0.07357623428106308,-0.635755717754364,-0.1831604689359665,0.9996150732040405,0.03358369693160057,-0.626858651638031,-0.1108430027961731,0.9994832873344421,-0.10215543955564499,-0.6363689303398132,-0.0822165459394455,0.9997206330299377,-0.035417526960372925,-0.5709245800971985,-0.17049048840999603,0.9997482299804688,-0.0735444501042366,-0.5715814828872681,-0.16137546300888062,0.9998144507408142,0.1410493552684784,-0.4508797526359558,-0.06503014266490936,0.9992846250534058,-0.16938459873199463,-0.4481995403766632,-0.03161204606294632,0.9994809627532959,0.23023037612438202,-0.33914849162101746,-0.18527430295944214,0.9633191823959351,-0.19233793020248413,-0.20310255885124207,-0.0071899001486599445,0.9173499941825867,0.16728703677654266,-0.5402788519859314,-0.35436004400253296,0.8990621566772461,-0.2364075928926468,-0.044033393263816833,-0.04987787827849388,0.7258166670799255,0.13067315518856049,-0.5769014954566956,-0.40506911277770996,0.8928450345993042,-0.2477443665266037,0.007420658133924007,-0.06804801523685455,0.5243774652481079,0.12192942947149277,-0.6135734915733337,-0.38128188252449036,0.8971290588378906,-0.2347775548696518,-0.010612950660288334,-0.10184833407402039,0.5913388729095459,0.14965298771858215,-0.5648144483566284,-0.35260891914367676,0.8958573341369629,-0.21516048908233643,-0.04175568372011185,-0.0701771154999733,0.6019901633262634,0.10938894003629684,0.008363120257854462,0.00436656316742301,0.473509818315506,-0.10959003865718842,-0.014030211605131626,-0.003431576071307063,0.4703812897205353,0.1260405033826828,-0.024969996884465218,-0.09675097465515137,0.033915407955646515,-0.1409928947687149,-0.00804454367607832,-0.09507636725902557,0.037523623555898666,0.10491671413183212,0.2019566297531128,0.15366670489311218,0.007530939299613237,-0.12618544697761536,0.39446231722831726,0.22087062895298004,0.012445789761841297,0.10027547925710678,0.21018944680690765,0.17208977043628693,0.004481007810682058,-0.12580174207687378,0.4147328734397888,0.2511973977088928,0.009072593413293362,0.14010360836982727,0.18156835436820984,-0.006788178812712431,0.0073170787654817104,-0.1659197360277176,0.4174361228942871,0.06251299381256104,0.01145642064511776,23,0.959,0.6370887160301208,0.42110198736190796,-2.565751344718592e-07,,0.6216499209403992,0.3973143398761749,-0.0005268859677016735,,0.611514687538147,0.3582468330860138,-0.0018837782554328442,,0.608162522315979,0.3281877040863037,-0.005753857549279928,,0.6162289381027222,0.31073716282844543,-0.008434625342488289,,0.6319432854652405,0.3189453184604645,0.006545685231685638,,0.6302077174186707,0.2825935482978821,-0.004884426482021809,,0.6236191987991333,0.30171945691108704,-0.010310419835150242,,0.6233037114143372,0.3224625587463379,-0.011496656574308872,,0.6413573622703552,0.3251909017562866,0.0021215167362242937,,0.631493330001831,0.29597389698028564,-0.010960250161588192,,0.6249476075172424,0.3294351398944855,-0.013154065236449242,,0.6282356977462769,0.3525772988796234,-0.0102363470941782,,0.6516367793083191,0.3342282176017761,-0.004230468533933163,,0.6383849382400513,0.3148510158061981,-0.016731027513742447,,0.6332606077194214,0.34748291969299316,-0.013868702575564384,,0.6372754573822021,0.36842072010040283,-0.007378787733614445,,0.6623451113700867,0.3471306264400482,-0.010771924629807472,,0.6496149301528931,0.32557782530784607,-0.01712457835674286,,0.6438360810279846,0.3464365303516388,-0.01352241076529026,,0.6466426253318787,0.36469095945358276,-0.008087137714028358,
-0.06067388504743576,-0.5964980125427246,-0.19185686111450195,0.9997043013572693,-0.04168131947517395,-0.6331760287284851,-0.18927551805973053,0.9995540380477905,-0.04207518324255943,-0.6328203082084656,-0.1915864199399948,0.999566912651062,-0.04196486994624138,-0.6330878138542175,-0.18899838626384735,0.9994770288467407,-0.07428818941116333,-0.6363072991371155,-0.18645837903022766,0.9996387362480164,-0.07207469642162323,-0.6367974877357483,-0.1873481273651123,0.999661922454834,-0.0728292241692543,-0.6357589364051819,-0.18370865285396576,0.9996302127838135,0.03637903556227684,-0.6256228685379028,-0.1111791804432869,0.9994993805885315,-0.10099049657583237,-0.6370887160301208,-0.08269120752811432,0.9997308850288391,-0.034749388694763184,-0.570527970790863,-0.1707846075296402,0.9997559189796448,-0.07310518622398376,-0.5715838670730591,-0.16167674958705902,0.99982088804245,0.14332908391952515,-0.4353887140750885,-0.06254465878009796,0.9992992281913757,-0.16918137669563293,-0.4482003152370453,-0.03278322517871857,0.9995134472846985,0.21792495250701904,-0.28284960985183716,-0.17678093910217285,0.966415286064148,-0.19072255492210388,-0.1879410743713379,-0.008368443697690964,0.9207171201705933,0.1709183156490326,-0.5045134425163269,-0.3474556505680084,0.9090641736984253,-0.23505134880542755,-0.031605951488018036,-0.05011780187487602,0.7273653745651245,0.13845525681972504,-0.5516209006309509,-0.3978727459907532,0.9030435085296631,-0.24732783436775208,0.0173419751226902,-0.06805333495140076,0.5195274353027344,0.13831132650375366,-0.5938119888305664,-0.3731789290904999,0.9068459272384644,-0.23424875736236572,-0.0017597037367522717,-0.10205313563346863,0.5888558030128479,0.15688292682170868,-0.5344907641410828,-0.345623254776001,0.905791163444519,-0.21280936896800995,-0.031123651191592216,-0.07051969319581985,0.6007578372955322,0.10975208878517151,0.008688036352396011,0.0074726128950715065,0.4587113857269287,-0.10987909138202667,-0.014350486919283867,-0.006430917419493198,0.4575364291667938,0.13417911529541016,-0.033588849008083344,-0.0976274311542511,0.03211928904056549,-0.1382390856742859,-0.020424021407961845,-0.09522971510887146,0.03538099303841591,0.12044759094715118,0.18437275290489197,0.15643209218978882,0.007152367848902941,-0.11791977286338806,0.38226160407066345,0.2265942245721817,0.011642517521977425,0.11627881228923798,0.19198745489120483,0.17608225345611572,0.00427401065826416,-0.11763933300971985,0.4011358618736267,0.25846272706985474,0.008544684387743473,0.15942344069480896,0.16074183583259583,-0.004748166538774967,0.006939723622053862,-0.15828749537467957,0.3958171308040619,0.07133550196886063,0.01074456050992012,24,1.001,0.6446732878684998,0.4562532305717468,-1.012641348552279e-07,,0.6315256357192993,0.4442621171474457,-0.00540204206481576,,0.621326208114624,0.40712347626686096,-0.009620007127523422,,0.6183375716209412,0.37627992033958435,-0.014634859748184681,,0.6212655305862427,0.3508831560611725,-0.01895327866077423,,0.6400903463363647,0.3619980216026306,-0.005165519658476114,,0.6472177505493164,0.31581974029541016,-0.016288384795188904,,0.6455211043357849,0.30954864621162415,-0.022001102566719055,,0.6424847841262817,0.3182859420776367,-0.023347236216068268,,0.6519635319709778,0.3696022927761078,-0.007316206116229296,,0.6566332578659058,0.3259319067001343,-0.01745954155921936,,0.6505213379859924,0.3351239860057831,-0.01968873292207718,,0.6458207368850708,0.3530038893222809,-0.01772715337574482,,0.662647008895874,0.38452574610710144,-0.010738220065832138,,0.6565945148468018,0.3680148720741272,-0.022714659571647644,,0.6483393907546997,0.39339780807495117,-0.02104308269917965,,0.6459240913391113,0.4129040241241455,-0.015630533918738365,,0.6720264554023743,0.4039181172847748,-0.01431914884597063,,0.6657216548919678,0.3870922923088074,-0.021678606048226357,,0.6587846875190735,0.40601009130477905,-0.017685452476143837,,0.6570149660110474,0.42324599623680115,-0.011849215254187584,
-0.05920829251408577,-0.5965372323989868,-0.20098519325256348,0.9996962547302246,-0.04013539105653763,-0.6331640481948853,-0.19791747629642487,0.9995465278625488,-0.04051938280463219,-0.6328096389770508,-0.20039983093738556,0.9995589852333069,-0.04040113463997841,-0.6330775618553162,-0.19783368706703186,0.9994683265686035,-0.07284612208604813,-0.6364551186561584,-0.19478484988212585,0.9996325373649597,-0.07063284516334534,-0.6369577646255493,-0.1955343633890152,0.9996557831764221,-0.07138258963823318,-0.6359200477600098,-0.1919328272342682,0.9996241331100464,0.03977135941386223,-0.624714732170105,-0.11843236535787582,0.9994810223579407,-0.09847196191549301,-0.6377878189086914,-0.08991919457912445,0.9997233748435974,-0.0328136645257473,-0.5704272985458374,-0.17988823354244232,0.9997467994689941,-0.07132937759160995,-0.5716957449913025,-0.1710522323846817,0.9998156428337097,0.1470467746257782,-0.4243306517601013,-0.06277759373188019,0.999268651008606,-0.1663079410791397,-0.44873160123825073,-0.0455678291618824,0.9995325207710266,0.2118646204471588,-0.25320911407470703,-0.1736527532339096,0.9684033393859863,-0.18439838290214539,-0.18400591611862183,-0.015835044905543327,0.9210335612297058,0.17312075197696686,-0.46963295340538025,-0.3453046679496765,0.9179338812828064,-0.23151512444019318,-0.028795942664146423,-0.054774634540081024,0.7167840600013733,0.14251570403575897,-0.5170828700065613,-0.394548624753952,0.9117771983146667,-0.24551275372505188,0.01911054737865925,-0.07134479284286499,0.5066274404525757,0.14606790244579315,-0.5632618069648743,-0.37120556831359863,0.915115475654602,-0.23330487310886383,-0.00028929192922078073,-0.10830999910831451,0.5781074166297913,0.1607506275177002,-0.5010579228401184,-0.34407928586006165,0.9142971038818359,-0.20929403603076935,-0.02858593687415123,-0.07686455547809601,0.5899268984794617,0.10977233946323395,0.009663972072303295,0.01106253731995821,0.4393739402294159,-0.10989315807819366,-0.015431608073413372,-0.00983076635748148,0.4396609663963318,0.13509730994701385,-0.03045778162777424,-0.09577132761478424,0.031480833888053894,-0.13085538148880005,-0.017108172178268433,-0.09519478678703308,0.034751228988170624,0.1222195252776146,0.19080977141857147,0.15896844863891602,0.007086594123393297,-0.1110483705997467,0.38204678893089294,0.22509831190109253,0.011288544163107872,0.11821576207876205,0.20044119656085968,0.1790686845779419,0.004243087954819202,-0.11129283159971237,0.40074145793914795,0.2565956115722656,0.008319956250488758,0.16528746485710144,0.16395151615142822,-0.0006351200863718987,0.006851955782622099,-0.15063902735710144,0.3940511643886566,0.07318759709596634,0.01045333780348301,25,1.042,,,,,,,,,,,,,,,,,,,,,,,,,,,,,,,,,,,,,,,,,,,,,,,,,,,,,,,,,,,,,,,,,,,,,,,,,,,,,,,,,,,,
-0.059187181293964386,-0.5968033075332642,-0.2181258499622345,0.999680757522583,-0.04042436555027962,-0.633385419845581,-0.21377113461494446,0.9995315074920654,-0.04080398008227348,-0.633033037185669,-0.2162630409002304,0.9995507001876831,-0.0406823605298996,-0.6332992911338806,-0.21379290521144867,0.9994537830352783,-0.07333618402481079,-0.6366140842437744,-0.21099238097667694,0.9996131658554077,-0.07111230492591858,-0.637124240398407,-0.21169181168079376,0.9996400475502014,-0.07185599952936172,-0.6360939741134644,-0.20801207423210144,0.9996017813682556,0.03993438556790352,-0.6252292990684509,-0.129097118973732,0.9994606375694275,-0.09855173528194427,-0.6379067301750183,-0.10208971798419952,0.9997076988220215,-0.0321284681558609,-0.570801317691803,-0.19557783007621765,0.9997314214706421,-0.07095680385828018,-0.5720095634460449,-0.18732358515262604,0.9998027086257935,0.15308205783367157,-0.42565804719924927,-0.06888587027788162,0.9992444515228271,-0.16393062472343445,-0.4465765655040741,-0.05365229770541191,0.9995304942131042,0.20339928567409515,-0.23081988096237183,-0.1781831830739975,0.970739483833313,-0.1776425838470459,-0.18476660549640656,-0.01602238602936268,0.9207475781440735,0.15816408395767212,-0.40439027547836304,-0.3580423891544342,0.925978422164917,-0.22141827642917633,-0.027962516993284225,-0.05085505545139313,0.7024111151695251,0.12778379023075104,-0.44573020935058594,-0.40421241521835327,0.9199007153511047,-0.23291626572608948,0.019579514861106873,-0.061706095933914185,0.48714810609817505,0.13657429814338684,-0.4914315938949585,-0.3820337653160095,0.9228321313858032,-0.22900229692459106,7.429351535392925e-05,-0.09976666420698166,0.5599239468574524,0.1478666216135025,-0.4342029094696045,-0.3560734689235687,0.922122061252594,-0.2023840993642807,-0.027846867218613625,-0.07300031930208206,0.5724046230316162,0.109791599214077,0.009648368693888187,0.012071407400071621,0.4196205735206604,-0.10991892963647842,-0.015415223315358162,-0.01082784216850996,0.4194827079772949,0.13479217886924744,-0.020015941932797432,-0.0892542228102684,0.0301551204174757,-0.1294333040714264,-0.00034471641993150115,-0.09471701830625534,0.03320879116654396,0.12283667922019958,0.20487454533576965,0.15959341824054718,0.00687861954793334,-0.1114514097571373,0.3832061290740967,0.22488920390605927,0.010670339688658714,0.11923708021640778,0.21463802456855774,0.17941388487815857,0.004150341264903545,-0.1115727648139,0.401119202375412,0.25617578625679016,0.007946297526359558,0.16823403537273407,0.17909471690654755,-8.554526721127331e-05,0.0066457209177315235,-0.14719443023204803,0.39571046829223633,0.07568158209323883,0.009913375601172447,26,1.084,,,,,,,,,,,,,,,,,,,,,,,,,,,,,,,,,,,,,,,,,,,,,,,,,,,,,,,,,,,,,,,,,,,,,,,,,,,,,,,,,,,,
-0.053492724895477295,-0.6011422276496887,-0.24632537364959717,0.9996182322502136,-0.03498334065079689,-0.6376538276672363,-0.2415296882390976,0.9994766712188721,-0.03542174771428108,-0.6373094320297241,-0.24408087134361267,0.9995031952857971,-0.03517014905810356,-0.637549102306366,-0.2416549175977707,0.9994073510169983,-0.06935548037290573,-0.6405631899833679,-0.23793838918209076,0.9995377063751221,-0.06717600673437119,-0.6411492824554443,-0.2384377121925354,0.9995591640472412,-0.06785883009433746,-0.6401239633560181,-0.23469512164592743,0.9995124340057373,0.05036814510822296,-0.6260500550270081,-0.15551546216011047,0.9993866086006165,-0.0946076288819313,-0.6379584670066833,-0.12230394035577774,0.9996089339256287,-0.024308862164616585,-0.5733416676521301,-0.22358283400535583,0.9996709823608398,-0.06527779251337051,-0.5742490291595459,-0.21312494575977325,0.999732494354248,0.15913371741771698,-0.42443910241127014,-0.09180673956871033,0.9991239905357361,-0.15912699699401855,-0.4453772306442261,-0.06541328132152557,0.9993521571159363,0.2039799690246582,-0.21047468483448029,-0.194658562541008,0.9693700075149536,-0.16446371376514435,-0.1823953539133072,-0.023979343473911285,0.902622401714325,0.1520576924085617,-0.3179253041744232,-0.3876210153102875,0.9314877390861511,-0.20740610361099243,-0.04669725149869919,-0.07455994188785553,0.6673990488052368,0.12050876021385193,-0.3354528844356537,-0.4357503354549408,0.9229364991188049,-0.21874329447746277,-0.008328169584274292,-0.09027846902608871,0.46230217814445496,0.11888834089040756,-0.37737056612968445,-0.4220848083496094,0.9255313873291016,-0.21813350915908813,-0.032512351870536804,-0.12541352212429047,0.5346940159797668,0.1374647319316864,-0.34027233719825745,-0.3899759352207184,0.9250525236129761,-0.1917618066072464,-0.04784657433629036,-0.09561564028263092,0.5466416478157043,0.10983965545892715,0.009272798895835876,0.012010965496301651,0.3986765146255493,-0.10992457717657089,-0.015285998582839966,-0.0107283815741539,0.39511170983314514,0.13393984735012054,-0.019403396174311638,-0.08292096853256226,0.030307618901133537,-0.12658444046974182,0.002107872162014246,-0.09468252211809158,0.03312739357352257,0.12403423339128494,0.22552050650119781,0.1600290685892105,0.007358452770859003,-0.1038634181022644,0.38433367013931274,0.21079698204994202,0.01052385475486517,0.12124709039926529,0.23844017088413239,0.17956982553005219,0.00448908656835556,-0.10117194801568985,0.40140965580940247,0.2421262413263321,0.007994596846401691,0.1700858175754547,0.19214828312397003,-0.010496995411813259,0.007144372444599867,-0.12458889931440353,0.39763399958610535,0.060196906328201294,0.009934735484421253,27,1.126,,,,,,,,,,,,,,,,,,,,,,,,,,,,,,,,,,,,,,,,,,,,,,,,,,,,,,,,,,,,,,,,,,,,,,,,,,,,,,,,,,,,
-0.026007365435361862,-0.6212912201881409,-0.2531656324863434,0.9994929432868958,-0.007948482409119606,-0.6568968296051025,-0.24474264681339264,0.9993352293968201,-0.008465353399515152,-0.6565099358558655,-0.24728885293006897,0.9993921518325806,-0.007978223264217377,-0.6566892266273499,-0.24496246874332428,0.999302089214325,-0.04405307397246361,-0.6582058668136597,-0.24327975511550903,0.9993298649787903,-0.042044103145599365,-0.6589316129684448,-0.24336650967597961,0.9993423223495483,-0.04261064901947975,-0.6579418778419495,-0.23943321406841278,0.9992608428001404,0.07067131251096725,-0.6337030529975891,-0.15504573285579681,0.9992865920066833,-0.07883068174123764,-0.6395061016082764,-0.12727414071559906,0.9993045330047607,-0.0006702863029204309,-0.5893973708152771,-0.22881066799163818,0.9995954036712646,-0.04351062700152397,-0.5883192420005798,-0.21994636952877045,0.9995851516723633,0.16602443158626556,-0.4303123652935028,-0.09738203138113022,0.999068021774292,-0.14939595758914948,-0.4452671408653259,-0.07050138711929321,0.9988222122192383,0.22939279675483704,-0.22876015305519104,-0.16311343014240265,0.9622253179550171,-0.15854516625404358,-0.1895439475774765,-0.02985968440771103,0.8765420913696289,0.14429990947246552,-0.16136130690574646,-0.3319839835166931,0.9107962846755981,-0.1925032138824463,-0.045888401567935944,-0.10906007140874863,0.6307852268218994,0.11009639501571655,-0.12952536344528198,-0.3726211190223694,0.8949546813964844,-0.2027697116136551,-0.00484436796978116,-0.12892001867294312,0.44408118724823,0.08481790870428085,-0.15204374492168427,-0.38332226872444153,0.9010139107704163,-0.20294411480426788,-0.018450019881129265,-0.1595878005027771,0.5155836939811707,0.12042460590600967,-0.16274672746658325,-0.34310558438301086,0.8981314897537231,-0.18255357444286346,-0.03858743607997894,-0.12690405547618866,0.5249892473220825,0.10980721563100815,0.006887589581310749,0.008037070743739605,0.37435492873191833,-0.10945691168308258,-0.014329384081065655,-0.005893990397453308,0.3665575385093689,0.12590204179286957,-0.03659593313932419,-0.08316245675086975,0.03874821960926056,-0.12037365883588791,-0.007410507649183273,-0.11388031393289566,0.04024220630526543,0.12561021745204926,0.22383640706539154,0.16901665925979614,0.008976203389465809,-0.08958864212036133,0.3845668137073517,0.16123512387275696,0.012741460464894772,0.12356022000312805,0.2367340326309204,0.19228269159793854,0.0053592403419315815,-0.0830664113163948,0.40109315514564514,0.19767886400222778,0.009453908540308475,0.17064298689365387,0.18949741125106812,-0.017516743391752243,0.009017332457005978,-0.10327430814504623,0.39864152669906616,0.00839474517852068,0.01226259395480156,28,1.167,,,,,,,,,,,,,,,,,,,,,,,,,,,,,,,,,,,,,,,,,,,,,,,,,,,,,,,,,,,,,,,,,,,,,,,,,,,,,,,,,,,,
-0.017457282170653343,-0.621467649936676,-0.2688158452510834,0.9994343519210815,-0.0005740708438679576,-0.6574951410293579,-0.25904595851898193,0.9992508292198181,-0.0010714501840993762,-0.6571058034896851,-0.26132068037986755,0.9993226528167725,-0.0005031730979681015,-0.6572416424751282,-0.25912463665008545,0.9992271661758423,-0.03689279407262802,-0.6584933400154114,-0.2591339647769928,0.9992418885231018,-0.034887492656707764,-0.6592293381690979,-0.25915858149528503,0.9992625117301941,-0.03546742722392082,-0.658260703086853,-0.25513893365859985,0.9991708993911743,0.07618363946676254,-0.6350385546684265,-0.16618753969669342,0.9992289543151855,-0.07349550724029541,-0.6391394138336182,-0.14418406784534454,0.9992082118988037,0.007014711387455463,-0.5901359915733337,-0.2428523600101471,0.9995608925819397,-0.03616555780172348,-0.5885555744171143,-0.2355940192937851,0.9995377659797668,0.170366570353508,-0.43410083651542664,-0.10856274515390396,0.9989503622055054,-0.14570555090904236,-0.4441358149051666,-0.08168532699346542,0.9985795617103577,0.23050695657730103,-0.2259928435087204,-0.13890959322452545,0.9506278038024902,-0.15796498954296112,-0.18975162506103516,-0.06697068363428116,0.8544468879699707,0.14170663058757782,-0.11028691381216049,-0.273876428604126,0.8667919635772705,-0.18066546320915222,-0.04643210396170616,-0.1980951726436615,0.6017724275588989,0.11079394072294235,-0.0711173489689827,-0.3112490177154541,0.8460701107978821,-0.1881013661623001,-0.004685775376856327,-0.22954992949962616,0.43192604184150696,0.08441728353500366,-0.0905906930565834,-0.3358156979084015,0.8575047850608826,-0.18667705357074738,-0.017236150801181793,-0.2547246515750885,0.5018642544746399,0.11763756722211838,-0.10872684419155121,-0.2908845543861389,0.851678729057312,-0.17346832156181335,-0.038254864513874054,-0.2138187289237976,0.5088327527046204,0.10925586521625519,0.0011818492785096169,0.005213698837906122,0.3518931567668915,-0.10871363431215286,-0.010331428609788418,-0.0028131091967225075,0.3444873094558716,0.12421922385692596,-0.04157678410410881,-0.06833573430776596,0.046847742050886154,-0.10762964934110641,0.038834039121866226,-0.11505592614412308,0.04994523152709007,0.1394995003938675,0.22303467988967896,0.188235342502594,0.010250413790345192,-0.07790205627679825,0.40768787264823914,0.1360340714454651,0.016360027715563774,0.13961021602153778,0.23666082322597504,0.2125692516565323,0.006222869269549847,-0.06990490108728409,0.4235703647136688,0.16881965100765228,0.011750276200473309,0.18476879596710205,0.1988655924797058,-0.005285170394927263,0.01081300899386406,-0.0895562544465065,0.4427424669265747,-0.020092837512493134,0.016003094613552094,29,1.209,,,,,,,,,,,,,,,,,,,,,,,,,,,,,,,,,,,,,,,,,,,,,,,,,,,,,,,,,,,,,,,,,,,,,,,,,,,,,,,,,,,,
