pose_world_0_x,pose_world_0_y,pose_world_0_z,pose_world_0_visibility,pose_world_1_x,pose_world_1_y,pose_world_1_z,pose_world_1_visibility,pose_world_2_x,pose_world_2_y,pose_world_2_z,pose_world_2_visibility,pose_world_3_x,pose_world_3_y,pose_world_3_z,pose_world_3_visibility,pose_world_4_x,pose_world_4_y,pose_world_4_z,pose_world_4_visibility,pose_world_5_x,pose_world_5_y,pose_world_5_z,pose_world_5_visibility,pose_world_6_x,pose_world_6_y,pose_world_6_z,pose_world_6_visibility,pose_world_7_x,pose_world_7_y,pose_world_7_z,pose_world_7_visibility,pose_world_8_x,pose_world_8_y,pose_world_8_z,pose_world_8_visibility,pose_world_9_x,pose_world_9_y,pose_world_9_z,pose_world_9_visibility,pose_world_10_x,pose_world_10_y,pose_world_10_z,pose_world_10_visibility,pose_world_11_x,pose_world_11_y,pose_world_11_z,pose_world_11_visibility,pose_world_12_x,pose_world_12_y,pose_world_12_z,pose_world_12_visibility,pose_world_13_x,pose_world_13_y,pose_world_13_z,pose_world_13_visibility,pose_world_14_x,pose_world_14_y,pose_world_14_z,pose_world_14_visibility,pose_world_15_x,pose_world_15_y,pose_world_15_z,pose_world_15_visibility,pose_world_16_x,pose_world_16_y,pose_world_16_z,pose_world_16_visibility,pose_world_17_x,pose_world_17_y,pose_world_17_z,pose_world_17_visibility,pose_world_18_x,pose_world_18_y,pose_world_18_z,pose_world_18_visibility,pose_world_19_x,pose_world_19_y,pose_world_19_z,pose_world_19_visibility,pose_world_20_x,pose_world_20_y,pose_world_20_z,pose_world_20_visibility,pose_world_21_x,pose_world_21_y,pose_world_21_z,pose_world_21_visibility,pose_world_22_x,pose_world_22_y,pose_world_22_z,pose_world_22_visibility,pose_world_23_x,pose_world_23_y,pose_world_23_z,pose_world_23_visibility,pose_world_24_x,pose_world_24_y,pose_world_24_z,pose_world_24_visibility,pose_world_25_x,pose_world_25_y,pose_world_25_z,pose_world_25_visibility,pose_world_26_x,pose_world_26_y,pose_world_26_z,pose_world_26_visibility,pose_world_27_x,pose_world_27_y,pose_world_27_z,pose_world_27_visibility,pose_world_28_x,pose_world_28_y,pose_world_28_z,pose_world_28_visibility,pose_world_29_x,pose_world_29_y,pose_world_29_z,pose_world_29_visibility,pose_world_30_x,pose_world_30_y,pose_world_30_z,pose_world_30_visibility,pose_world_31_x,pose_world_31_y,pose_world_31_z,pose_world_31_visibility,pose_world_32_x,pose_world_32_y,pose_world_32_z,pose_world_32_visibility,frame,timestamp,right_hand_0_x,right_hand_0_y,right_hand_0_z,right_hand_0_visibility,right_hand_1_x,right_hand_1_y,right_hand_1_z,right_hand_1_visibility,right_hand_2_x,right_hand_2_y,right_hand_2_z,right_hand_2_visibility,right_hand_3_x,right_hand_3_y,right_hand_3_z,right_hand_3_visibility,right_hand_4_x,right_hand_4_y,right_hand_4_z,right_hand_4_visibility,right_hand_5_x,right_hand_5_y,right_hand_5_z,right_hand_5_visibility,right_hand_6_x,right_hand_6_y,right_hand_6_z,right_hand_6_visibility,right_hand_7_x,right_hand_7_y,right_hand_7_z,right_hand_7_visibility,right_hand_8_x,right_hand_8_y,right_hand_8_z,right_hand_8_visibility,right_hand_9_x,right_hand_9_y,right_hand_9_z,right_hand_9_visibility,right_hand_10_x,right_hand_10_y,right_hand_10_z,right_hand_10_visibility,right_hand_11_x,right_hand_11_y,right_hand_11_z,right_hand_11_visibility,right_hand_12_x,right_hand_12_y,right_hand_12_z,right_hand_12_visibility,right_hand_13_x,right_hand_13_y,right_hand_13_z,right_hand_13_visibility,right_hand_14_x,right_hand_14_y,right_hand_14_z,right_hand_14_visibility,right_hand_15_x,right_hand_15_y,right_hand_15_z,right_hand_15_visibility,right_hand_16_x,right_hand_16_y,right_hand_16_z,right_hand_16_visibility,right_hand_17_x,right_hand_17_y,right_hand_17_z,right_hand_17_visibility,right_hand_18_x,right_hand_18_y,right_hand_18_z,right_hand_18_visibility,right_hand_19_x,right_hand_19_y,right_hand_19_z,right_hand_19_visibility,right_hand_20_x,right_hand_20_y,right_hand_20_z,right_hand_20_visibility
-0.05347823724150658,-0.5844624638557434,-0.33512082695961,0.9991351962089539,-0.03154706209897995,-0.6211566925048828,-0.3332573175430298,0.9983914494514465,-0.031923092901706696,-0.6207507848739624,-0.3351556956768036,0.9986420273780823,-0.031442925333976746,-0.6207554936408997,-0.3334025740623474,0.9984040856361389,-0.06711365282535553,-0.6244862079620361,-0.3248767852783203,0.9980636239051819,-0.06512252986431122,-0.6252930760383606,-0.3247877061367035,0.998112678527832,-0.06576632708311081,-0.6242508888244629,-0.3208581805229187,0.9976309537887573,0.07366552948951721,-0.6087430715560913,-0.26159846782684326,0.9988368153572083,-0.0701775848865509,-0.6197233200073242,-0.1967615783214569,0.9973070621490479,-0.018530720844864845,-0.5567732453346252,-0.31478214263916016,0.9997209906578064,-0.06030938774347305,-0.5583691000938416,-0.29517096281051636,0.9996873140335083,0.18689781427383423,-0.4040295481681824,-0.21426735818386078,0.9996955394744873,-0.13271892070770264,-0.4406799077987671,-0.12688954174518585,0.9996210336685181,0.21806518733501434,-0.14516720175743103,-0.19513243436813354,0.9481523036956787,-0.1870729625225067,-0.2189885675907135,-0.0578274168074131,0.7513084411621094,0.1957463175058365,0.07464214414358139,-0.2570198178291321,0.46963629126548767,-0.25384658575057983,-0.030528923496603966,-0.13394269347190857,0.2629910409450531,0.19572672247886658,0.14573071897029877,-0.27655598521232605,0.35991567373275757,-0.27011343836784363,0.03223004564642906,-0.13739316165447235,0.2233990579843521,0.16206537187099457,0.15053322911262512,-0.319466233253479,0.45850974321365356,-0.2671404480934143,0.04925232380628586,-0.18442681431770325,0.28968754410743713,0.17353667318820953,0.09188595414161682,-0.2758316099643707,0.4107048213481903,-0.24774479866027832,-0.005692456383258104,-0.15563523769378662,0.2818673551082611,0.10677582025527954,0.0011384240351617336,-0.0181135106831789,0.1546151340007782,-0.1051483154296875,-0.007741894107311964,0.019831689074635506,0.22554512321949005,0.05818810313940048,0.05155107006430626,-0.04831918701529503,0.0650961697101593,-0.09610559046268463,0.09539478272199631,-0.1464247703552246,0.17938227951526642,0.10546524822711945,0.2870310842990875,0.27723559737205505,0.014603691175580025,-0.1085907444357872,0.49170246720314026,0.13091522455215454,0.08443925529718399,0.10734888911247253,0.3043089807033539,0.30908823013305664,0.009268534369766712,-0.11170969903469086,0.5151650905609131,0.17173022031784058,0.04135049507021904,0.11478190124034882,0.28935688734054565,0.11222615092992783,0.015176456421613693,-0.16157563030719757,0.5155683755874634,0.0026847063563764095,0.059947364032268524,0,0.0,,,,,,,,,,,,,,,,,,,,,,,,,,,,,,,,,,,,,,,,,,,,,,,,,,,,,,,,,,,,,,,,,,,,,,,,,,,,,,,,,,,,
-0.05307332053780556,-0.5864554047584534,-0.33220571279525757,0.9991089105606079,-0.03078620508313179,-0.6228364706039429,-0.329946905374527,0.9983456134796143,-0.031162507832050323,-0.6224662065505981,-0.3317072093486786,0.9986010193824768,-0.030709493905305862,-0.622463583946228,-0.32993441820144653,0.9983606934547424,-0.0666579157114029,-0.6264976859092712,-0.32208070158958435,0.9980076551437378,-0.06463818997144699,-0.6272435784339905,-0.3220271170139313,0.9980716705322266,-0.06527693569660187,-0.6262224912643433,-0.3181439936161041,0.9976019263267517,0.07368054986000061,-0.6096845269203186,-0.25560462474823,0.9987602829933167,-0.0704914778470993,-0.6217421293258667,-0.19337359070777893,0.9972729086875916,-0.01850060373544693,-0.5586938261985779,-0.31097331643104553,0.9996920228004456,-0.06031353771686554,-0.5605100989341736,-0.2923242151737213,0.9996472001075745,0.18430359661579132,-0.40824148058891296,-0.20493406057357788,0.9996683597564697,-0.1388055980205536,-0.4444701373577118,-0.12364254891872406,0.9996017217636108,0.21578332781791687,-0.15303322672843933,-0.1940413862466812,0.9474658370018005,-0.2042999565601349,-0.23038709163665771,-0.059005673974752426,0.7614636421203613,0.1956031769514084,0.06259122490882874,-0.2641979157924652,0.46444442868232727,-0.2610224187374115,-0.06019210442900658,-0.14855551719665527,0.2752889096736908,0.1956976354122162,0.13340787589550018,-0.28669366240501404,0.3540266752243042,-0.27426135540008545,-0.0029603461734950542,-0.1555192619562149,0.23163816332817078,0.16192016005516052,0.13543303310871124,-0.33395740389823914,0.45322057604789734,-0.2719173729419708,0.008910845033824444,-0.20525439083576202,0.2997707426548004,0.17332850396633148,0.07840459793806076,-0.28605127334594727,0.4054250717163086,-0.2544991672039032,-0.03849167749285698,-0.17118829488754272,0.290439635515213,0.10619458556175232,9.246630270354217e-07,-0.018220512196421623,0.1514258235692978,-0.10485020279884338,-0.007020100019872189,0.019930386915802956,0.21694748103618622,0.06242704018950462,0.036145709455013275,-0.06593828648328781,0.06825198978185654,-0.09445564448833466,0.16611605882644653,-0.10547830909490585,0.17322146892547607,0.1316690593957901,0.2946418821811676,0.1604624092578888,0.015465966425836086,-0.10854778438806534,0.5076776742935181,0.14774306118488312,0.08030934631824493,0.1357639729976654,0.31263449788093567,0.18153271079063416,0.009203154593706131,-0.11163163930177689,0.5295752882957458,0.1842474341392517,0.03910741209983826,0.15527722239494324,0.29728084802627563,-0.019869517534971237,0.016281262040138245,-0.163310706615448,0.5353463888168335,0.024051198735833168,0.057680342346429825,1,0.033,,,,,,,,,,,,,,,,,,,,,,,,,,,,,,,,,,,,,,,,,,,,,,,,,,,,,,,,,,,,,,,,,,,,,,,,,,,,,,,,,,,,
-0.054165199398994446,-0.5872920751571655,-0.3318968117237091,0.9991154670715332,-0.031276702880859375,-0.6233965158462524,-0.3297276198863983,0.9983604550361633,-0.03166015446186066,-0.6230376362800598,-0.33147042989730835,0.9986110329627991,-0.031221576035022736,-0.6230340600013733,-0.32968950271606445,0.9983834028244019,-0.06732073426246643,-0.6272686719894409,-0.32164260745048523,0.9980190992355347,-0.06527964770793915,-0.6279917359352112,-0.3215920031070709,0.9980854392051697,-0.06591454148292542,-0.6269798874855042,-0.317712664604187,0.9976364374160767,0.07312758266925812,-0.6097431778907776,-0.2549924850463867,0.9987488985061646,-0.07148939371109009,-0.6223983764648438,-0.19147035479545593,0.9972850680351257,-0.020055999979376793,-0.5593820214271545,-0.31057626008987427,0.9996781945228577,-0.06206674873828888,-0.5614323019981384,-0.2917296290397644,0.9996199011802673,0.1807483583688736,-0.40965116024017334,-0.20499081909656525,0.9996533989906311,-0.14252348244190216,-0.4458213448524475,-0.11670594662427902,0.9995718002319336,0.21301895380020142,-0.15358667075634003,-0.1957930624485016,0.9477621912956238,-0.21100659668445587,-0.23484748601913452,-0.05971555411815643,0.7650144696235657,0.19385173916816711,0.05791624262928963,-0.27606144547462463,0.4663962125778198,-0.2792755961418152,-0.09273892641067505,-0.16730359196662903,0.2847173511981964,0.19456754624843597,0.12708048522472382,-0.30031582713127136,0.3556586802005768,-0.29527318477630615,-0.04436611011624336,-0.1781141310930252,0.23939570784568787,0.16086506843566895,0.1269301027059555,-0.3488141596317291,0.4556911587715149,-0.2967725992202759,-0.03648752346634865,-0.2271333485841751,0.3091569244861603,0.1716889888048172,0.07249636203050613,-0.29906705021858215,0.4078347980976105,-0.2748824954032898,-0.07422622293233871,-0.190720334649086,0.2993055284023285,0.10584847629070282,-0.0010787717765197158,-0.02009769156575203,0.15230149030685425,-0.10462553054094315,-0.0062007177621126175,0.021816011518239975,0.211958646774292,0.06509570777416229,0.028767576441168785,-0.07455365359783173,0.0725114569067955,-0.0942588523030281,0.17326992750167847,-0.08769124001264572,0.1668117344379425,0.1401749551296234,0.29847583174705505,0.14055322110652924,0.016785943880677223,-0.10594867914915085,0.5133931040763855,0.16497579216957092,0.07661203294992447,0.14396119117736816,0.31672126054763794,0.16081352531909943,0.009364920668303967,-0.10820925980806351,0.5344667434692383,0.20053063333034515,0.037431471049785614,0.15685346722602844,0.30033808946609497,-0.04680132865905762,0.017718255519866943,-0.16335569322109222,0.5438094735145569,0.04129330441355705,0.055736321955919266,2,0.066,,,,,,,,,,,,,,,,,,,,,,,,,,,,,,,,,,,,,,,,,,,,,,,,,,,,,,,,,,,,,,,,,,,,,,,,,,,,,,,,,,,,
-0.052523061633110046,-0.5846139788627625,-0.33183419704437256,0.9991260766983032,-0.029942957684397697,-0.621064305305481,-0.32959967851638794,0.9983935952186584,-0.030344286933541298,-0.6207156181335449,-0.33133456110954285,0.9986373782157898,-0.029913976788520813,-0.6207315921783447,-0.32953938841819763,0.9984265565872192,-0.06588908284902573,-0.6249517798423767,-0.32159745693206787,0.9980478882789612,-0.063816599547863,-0.625656008720398,-0.3215429186820984,0.9981122612953186,-0.06444412469863892,-0.6246532797813416,-0.3176589608192444,0.9976837038993835,0.07312923669815063,-0.6081416010856628,-0.2538209855556488,0.9987761378288269,-0.07121141999959946,-0.6207106113433838,-0.19149237871170044,0.9973362684249878,-0.01925322413444519,-0.5570536255836487,-0.31039002537727356,0.9996786117553711,-0.06109871715307236,-0.5590240955352783,-0.2917293608188629,0.9996074438095093,0.18027997016906738,-0.4093947112560272,-0.2016240656375885,0.9996525049209595,-0.14231069386005402,-0.4448660612106323,-0.11435481160879135,0.9995554685592651,0.21299603581428528,-0.15307752788066864,-0.19198651611804962,0.9489505290985107,-0.20954793691635132,-0.23503267765045166,-0.06395777314901352,0.7742966413497925,0.19534651935100555,0.05798155069351196,-0.27482059597969055,0.47901636362075806,-0.2962314486503601,-0.11380181461572647,-0.18922722339630127,0.31007829308509827,0.19702179729938507,0.12552422285079956,-0.2984587550163269,0.36823514103889465,-0.3201863467693329,-0.07438657432794571,-0.20376113057136536,0.26220229268074036,0.16453048586845398,0.12342257052659988,-0.3466610014438629,0.46894022822380066,-0.32590797543525696,-0.07055508345365524,-0.25038832426071167,0.33409425616264343,0.17357639968395233,0.07183831185102463,-0.2975721061229706,0.4212166666984558,-0.29504823684692383,-0.09809161722660065,-0.21280227601528168,0.3232107162475586,0.10506509244441986,-0.001244784682057798,-0.02175026945769787,0.15204894542694092,-0.10395064949989319,-0.006138076540082693,0.023512156680226326,0.2045489102602005,0.06499379873275757,0.021668195724487305,-0.08981874585151672,0.07631773501634598,-0.10081947594881058,0.15903067588806152,-0.09257237613201141,0.16074568033218384,0.1384589672088623,0.2976606786251068,0.12262094020843506,0.017390640452504158,-0.10666584968566895,0.5102416276931763,0.16159597039222717,0.0727999210357666,0.1431133896112442,0.315473347902298,0.1428443342447281,0.009392107836902142,-0.10839741677045822,0.5298193693161011,0.19779132306575775,0.03595484793186188,0.15244145691394806,0.2957664728164673,-0.06318601220846176,0.018411239609122276,-0.16822117567062378,0.5431103706359863,0.037657737731933594,0.05353133752942085,3,0.1,,,,,,,,,,,,,,,,,,,,,,,,,,,,,,,,,,,,,,,,,,,,,,,,,,,,,,,,,,,,,,,,,,,,,,,,,,,,,,,,,,,,
-0.050152625888586044,-0.5816263556480408,-0.33036941289901733,0.9991173148155212,-0.02811438962817192,-0.6185165643692017,-0.3282376825809479,0.9984007477760315,-0.028545847162604332,-0.6181764006614685,-0.3299756646156311,0.9986400604248047,-0.028109999373555183,-0.6182220578193665,-0.32812947034835815,0.9984504580497742,-0.06371099501848221,-0.6223816871643066,-0.3202786147594452,0.998031735420227,-0.061622504144907,-0.6230866312980652,-0.3202028274536133,0.9980879426002502,-0.062243472784757614,-0.622088611125946,-0.31629839539527893,0.9976775050163269,0.0736541599035263,-0.6071181893348694,-0.25193968415260315,0.9987807869911194,-0.06917180120944977,-0.6196945905685425,-0.19043904542922974,0.9972966909408569,-0.017157666385173798,-0.5548023581504822,-0.30884483456611633,0.9996706247329712,-0.05855713039636612,-0.5567918419837952,-0.29045116901397705,0.9995772838592529,0.18035177886486053,-0.4093446433544159,-0.19663678109645844,0.9996477365493774,-0.13905169069766998,-0.4448847770690918,-0.10981485247612,0.999533474445343,0.21069513261318207,-0.15257570147514343,-0.18289713561534882,0.9497816562652588,-0.2096053659915924,-0.24154797196388245,-0.06390924751758575,0.7836709022521973,0.19738228619098663,0.05840809643268585,-0.2710345983505249,0.49583208560943604,-0.31185612082481384,-0.1359717845916748,-0.1920676827430725,0.34079256653785706,0.20132023096084595,0.12522722780704498,-0.29560425877571106,0.3864375352859497,-0.3415149450302124,-0.10094037652015686,-0.2086745947599411,0.2907952070236206,0.17211274802684784,0.12238411605358124,-0.34627264738082886,0.4869484007358551,-0.34703874588012695,-0.09981072694063187,-0.2533222436904907,0.3639757037162781,0.17695896327495575,0.07205665111541748,-0.29535308480262756,0.43989136815071106,-0.3119317889213562,-0.12172352522611618,-0.21551454067230225,0.35234880447387695,0.10430552065372467,-0.0012007226468995214,-0.023041995242238045,0.15376576781272888,-0.10316228866577148,-0.006225035525858402,0.02484741248190403,0.19970230758190155,0.06380189955234528,0.02022639289498329,-0.10242585092782974,0.0790277048945427,-0.11106236279010773,0.15587858855724335,-0.09760678559541702,0.15485712885856628,0.12131648510694504,0.2974373996257782,0.10888699442148209,0.01801699958741665,-0.11160304397344589,0.5047351717948914,0.1577700525522232,0.06933251768350601,0.12255647033452988,0.3151338994503021,0.1285572201013565,0.009573308750987053,-0.11190155893564224,0.5232832431793213,0.19157058000564575,0.034900128841400146,0.12775008380413055,0.2926673889160156,-0.0781869888305664,0.01912626624107361,-0.17301028966903687,0.534281313419342,0.034233663231134415,0.051606882363557816,4,0.133,,,,,,,,,,,,,,,,,,,,,,,,,,,,,,,,,,,,,,,,,,,,,,,,,,,,,,,,,,,,,,,,,,,,,,,,,,,,,,,,,,,,
-0.050509851425886154,-0.5816749930381775,-0.302151083946228,0.999174177646637,-0.029347799718379974,-0.6188130974769592,-0.2996322512626648,0.998493492603302,-0.02981153130531311,-0.6184927821159363,-0.30126136541366577,0.9987032413482666,-0.029359741136431694,-0.6185318231582642,-0.2993335425853729,0.998526930809021,-0.06478806585073471,-0.6225697994232178,-0.29227328300476074,0.9981707334518433,-0.0626729279756546,-0.6232830286026001,-0.2923358082771301,0.998225748538971,-0.06329566985368729,-0.6222989559173584,-0.28834661841392517,0.9978548288345337,0.07196662575006485,-0.6119136214256287,-0.21916048228740692,0.998837411403656,-0.07064962387084961,-0.6231236457824707,-0.1639658808708191,0.9974924921989441,-0.017370430752635002,-0.5555945038795471,-0.27937859296798706,0.9996795654296875,-0.05880394205451012,-0.5573416948318481,-0.26289141178131104,0.9995955228805542,0.18001984059810638,-0.42056894302368164,-0.15429426729679108,0.9996010065078735,-0.13885314762592316,-0.4475492238998413,-0.07225513458251953,0.9995288848876953,0.2018996626138687,-0.16010592877864838,-0.14002390205860138,0.9500951170921326,-0.20487236976623535,-0.24292303621768951,-0.08140265196561813,0.78962641954422,0.19601580500602722,0.05884971097111702,-0.2378666251897812,0.5259345173835754,-0.3050653040409088,-0.1764240562915802,-0.3000289797782898,0.3850465416908264,0.20024080574512482,0.12541301548480988,-0.2580190598964691,0.41959407925605774,-0.3331184685230255,-0.1601414829492569,-0.33900198340415955,0.33584973216056824,0.17279759049415588,0.12377514690160751,-0.30862993001937866,0.5162100791931152,-0.34033533930778503,-0.1651601493358612,-0.3622022271156311,0.4067760705947876,0.17691563069820404,0.07260986417531967,-0.2626921236515045,0.4699467122554779,-0.305013507604599,-0.16854414343833923,-0.31731167435646057,0.39100974798202515,0.10297009348869324,-0.004121377598494291,-0.022339852526783943,0.17484503984451294,-0.10234283655881882,-0.003884946694597602,0.024117371067404747,0.2196146696805954,0.0831754207611084,0.032769717276096344,-0.10021845251321793,0.0885559469461441,-0.10042771697044373,0.19272060692310333,-0.07183196395635605,0.15897394716739655,0.13012203574180603,0.3092328906059265,0.13139517605304718,0.02109481394290924,-0.09463104605674744,0.5060935616493225,0.15487894415855408,0.07194963842630386,0.13083811104297638,0.327850878238678,0.15088258683681488,0.01126156747341156,-0.09073127061128616,0.5249561667442322,0.1788128763437271,0.03643200173974037,0.1486036330461502,0.32572007179260254,-0.04487760365009308,0.02296203374862671,-0.13733424246311188,0.5565248131752014,0.019813401624560356,0.05564381182193756,5,0.166,0.3818072974681854,0.8469391465187073,-1.5675446718432795e-07,,0.34916436672210693,0.8328294157981873,-0.00995419081300497,,0.3191480040550232,0.8485751152038574,-0.01684267818927765,,0.3095530569553375,0.8937671184539795,-0.022501718252897263,,0.3135605454444885,0.9343754053115845,-0.029149940237402916,,0.3020261228084564,0.8277672529220581,-0.014166993089020252,,0.30449432134628296,0.9061482548713684,-0.025508025661110878,,0.3148418962955475,0.9339641332626343,-0.03561905026435852,,0.3222919702529907,0.9337702989578247,-0.04244070500135422,,0.3121468722820282,0.8581730127334595,-0.01355151366442442,,0.31736448407173157,0.9317962527275085,-0.021460892632603645,,0.3274659514427185,0.9515482783317566,-0.028867393732070923,,0.33533966541290283,0.9494839310646057,-0.03532726690173149,,0.32836759090423584,0.8858939409255981,-0.013418518006801605,,0.3356509804725647,0.9528132677078247,-0.02060678042471409,,0.3453015387058258,0.9612429738044739,-0.024218101054430008,,0.35111457109451294,0.9540502429008484,-0.02764713205397129,,0.3475872874259949,0.9083465337753296,-0.013951979577541351,,0.35571983456611633,0.951555609703064,-0.02127777971327305,,0.36509469151496887,0.9555397629737854,-0.022475678473711014,,0.37171459197998047,0.9509862661361694,-0.02296540141105652,
-0.05069418251514435,-0.5817185044288635,-0.2850665748119354,0.9992116093635559,-0.030628373846411705,-0.6191567182540894,-0.28237372636795044,0.9985544085502625,-0.0311027429997921,-0.6188649535179138,-0.2840518057346344,0.998730480670929,-0.030631816014647484,-0.618902325630188,-0.28209948539733887,0.9985712766647339,-0.06626526266336441,-0.6227461695671082,-0.27568739652633667,0.9982778429985046,-0.06411610543727875,-0.623466432094574,-0.27581605315208435,0.9983293414115906,-0.0647442564368248,-0.6224920153617859,-0.2718290090560913,0.9979943633079529,0.06978602707386017,-0.6159630417823792,-0.19764114916324615,0.9988675117492676,-0.07471943646669388,-0.6255180239677429,-0.14773830771446228,0.9976293444633484,-0.01744222082197666,-0.5562881827354431,-0.2606765329837799,0.9996667504310608,-0.059046510607004166,-0.5577284693717957,-0.24569906294345856,0.9995896816253662,0.178587406873703,-0.43155547976493835,-0.12860223650932312,0.9994853734970093,-0.138812854886055,-0.4485653042793274,-0.05356709659099579,0.9994742274284363,0.19576430320739746,-0.16651248931884766,-0.11228636652231216,0.9493986368179321,-0.1961216926574707,-0.24532459676265717,-0.09585128724575043,0.79428631067276,0.19403603672981262,0.05917292833328247,-0.21365562081336975,0.555558443069458,-0.3008544147014618,-0.22084031999111176,-0.3272804617881775,0.43002623319625854,0.19857905805110931,0.12603171169757843,-0.23184943199157715,0.4533226490020752,-0.3283713757991791,-0.2173861414194107,-0.3692615330219269,0.3816213607788086,0.17248320579528809,0.12476306408643723,-0.27918505668640137,0.5446082353591919,-0.33797869086265564,-0.22862492501735687,-0.387046754360199,0.44806089997291565,0.17614857852458954,0.07315134257078171,-0.23674005270004272,0.5002973675727844,-0.3007631301879883,-0.21806807816028595,-0.3426646590232849,0.42963236570358276,0.10203934460878372,-0.006238401401787996,-0.01911867782473564,0.20832237601280212,-0.10178012400865555,-0.001704159309156239,0.02075236663222313,0.2530525028705597,0.09536603093147278,0.05889369919896126,-0.06999343633651733,0.10124970227479935,-0.09152212738990784,0.20740428566932678,-0.06262103468179703,0.1677439957857132,0.12914717197418213,0.33772629499435425,0.1400315910577774,0.02495734952390194,-0.08625424653291702,0.5115070939064026,0.14096684753894806,0.07675903290510178,0.12992587685585022,0.35863563418388367,0.15679782629013062,0.01300825085490942,-0.08133730292320251,0.5315972566604614,0.15651103854179382,0.038024645298719406,0.15357598662376404,0.3693351745605469,-0.028462417423725128,0.02767026424407959,-0.1104445680975914,0.5706733465194702,-0.0021775008644908667,0.06095556914806366,6,0.2,,,,,,,,,,,,,,,,,,,,,,,,,,,,,,,,,,,,,,,,,,,,,,,,,,,,,,,,,,,,,,,,,,,,,,,,,,,,,,,,,,,,
-0.0505659393966198,-0.5818221569061279,-0.2734871208667755,0.9992379546165466,-0.030640045180916786,-0.6196372509002686,-0.2714519500732422,0.9985859990119934,-0.03111589327454567,-0.6193664073944092,-0.2731142044067383,0.9987287521362305,-0.030645137652754784,-0.6194006204605103,-0.27116116881370544,0.9985873699188232,-0.0662839487195015,-0.6230853199958801,-0.2647973895072937,0.9983505606651306,-0.06413391977548599,-0.6238066554069519,-0.2650061547756195,0.9983998537063599,-0.06476229429244995,-0.6228383779525757,-0.2610360085964203,0.9980987906455994,0.0697011649608612,-0.6195767521858215,-0.18779270350933075,0.9988808631896973,-0.07503014802932739,-0.6284807324409485,-0.13738858699798584,0.9977160692214966,-0.01716945879161358,-0.5572286248207092,-0.24925068020820618,0.9996477961540222,-0.058918166905641556,-0.5584510564804077,-0.2341083437204361,0.9995747208595276,0.17845973372459412,-0.4380805790424347,-0.11786815524101257,0.9994011521339417,-0.13847139477729797,-0.4523877203464508,-0.04204809293150902,0.999435305595398,0.19469285011291504,-0.17061007022857666,-0.10170307010412216,0.9508113265037537,-0.1957474946975708,-0.2612795829772949,-0.0982310026884079,0.8029465079307556,0.19418436288833618,0.05835523083806038,-0.1985151320695877,0.5870916247367859,-0.2991386950016022,-0.28707680106163025,-0.3268947899341583,0.47604915499687195,0.1986246407032013,0.12421397864818573,-0.2141171246767044,0.48674455285072327,-0.32594913244247437,-0.29666438698768616,-0.36710917949676514,0.4273061752319336,0.17488344013690948,0.1227131262421608,-0.25897789001464844,0.5726919770240784,-0.3382382392883301,-0.3128841519355774,-0.380619078874588,0.48883163928985596,0.17692036926746368,0.07151240110397339,-0.22009949386119843,0.5301341414451599,-0.2999277114868164,-0.2891252934932709,-0.3405807614326477,0.4679344892501831,0.10174253582954407,-0.007100449874997139,-0.017597367987036705,0.22954845428466797,-0.10163675248622894,-0.0008261526236310601,0.019110610708594322,0.27462705969810486,0.10070373117923737,0.06177818775177002,-0.05797905474901199,0.10949232429265976,-0.08871009945869446,0.20454831421375275,-0.0601753294467926,0.17301703989505768,0.12951461970806122,0.3354106843471527,0.1480240672826767,0.027248600497841835,-0.08517255634069443,0.5112345814704895,0.1409148871898651,0.07889671623706818,0.13027973473072052,0.3552895188331604,0.16511546075344086,0.013886082917451859,-0.08046019822359085,0.531584620475769,0.15769585967063904,0.038273606449365616,0.15989388525485992,0.36395302414894104,-0.020388005301356316,0.030631523579359055,-0.10743343830108643,0.5693058967590332,-0.002995770890265703,0.06384460628032684,7,0.233,0.32777661085128784,0.7749233245849609,7.190284634361888e-08,,0.3373693525791168,0.7542641758918762,-0.010099292732775211,,0.3452507257461548,0.7178561687469482,-0.017505615949630737,,0.3483799993991852,0.6774552464485168,-0.024643251672387123,,0.3493971824645996,0.6413446068763733,-0.030335064977407455,,0.32162731885910034,0.6590560078620911,-0.004355523269623518,,0.31701526045799255,0.5988295078277588,-0.014218437485396862,,0.3208685517311096,0.5871080160140991,-0.022350797429680824,,0.32410842180252075,0.5915049910545349,-0.0266018845140934,,0.3110770583152771,0.6552348732948303,-0.0039776647463440895,,0.31203702092170715,0.5970188975334167,-0.010898158885538578,,0.3176354765892029,0.5859102606773376,-0.016963345929980278,,0.32118532061576843,0.5891527533531189,-0.020921818912029266,,0.3034522831439972,0.6579848527908325,-0.005474225152283907,,0.30512988567352295,0.6035663485527039,-0.011232971213757992,,0.31068432331085205,0.5902390480041504,-0.012377364560961723,,0.3142886161804199,0.59059077501297,-0.012951615266501904,,0.2968094050884247,0.6697542667388916,-0.008047019131481647,,0.298893541097641,0.6249526739120483,-0.010950259864330292,,0.30434903502464294,0.6079924702644348,-0.009387764148414135,,0.30823713541030884,0.604013979434967,-0.007866494357585907,
-0.05055893585085869,-0.5817849040031433,-0.2693058252334595,0.9992791414260864,-0.03062615357339382,-0.6196772456169128,-0.26916730403900146,0.9986386299133301,-0.031105119735002518,-0.6194048523902893,-0.270809531211853,0.9987579584121704,-0.030637206509709358,-0.6194379329681396,-0.2688722312450409,0.9986286759376526,-0.06616058200597763,-0.623108983039856,-0.2612271010875702,0.998428463935852,-0.06401747465133667,-0.6238290071487427,-0.26146426796913147,0.9984759092330933,-0.06464488059282303,-0.6228592991828918,-0.2575000822544098,0.9982016682624817,0.07015705853700638,-0.6198941469192505,-0.1923346370458603,0.9989271759986877,-0.07274699211120605,-0.6287345886230469,-0.13448452949523926,0.9978116750717163,-0.016945483162999153,-0.5572692155838013,-0.24773085117340088,0.9996495246887207,-0.058483634144067764,-0.5584725737571716,-0.23022864758968353,0.9995755553245544,0.17892016470432281,-0.43675363063812256,-0.12455866485834122,0.999377429485321,-0.13377265632152557,-0.4537806808948517,-0.03708925098180771,0.9994276165962219,0.19515538215637207,-0.16969627141952515,-0.10961554944515228,0.9534214735031128,-0.199413001537323,-0.28294211626052856,-0.0990627259016037,0.8142780065536499,0.19744715094566345,0.0596662312746048,-0.1976654976606369,0.6167176365852356,-0.3101215660572052,-0.36639904975891113,-0.32122960686683655,0.5214309692382812,0.20126724243164062,0.12455783039331436,-0.2079407274723053,0.5151084065437317,-0.33425429463386536,-0.39022767543792725,-0.3550877273082733,0.47192367911338806,0.18124906718730927,0.12447045743465424,-0.25097450613975525,0.5967453122138977,-0.3531250059604645,-0.4063244163990021,-0.36587199568748474,0.5285502076148987,0.1810886412858963,0.07264303416013718,-0.2176380157470703,0.5550895929336548,-0.31304270029067993,-0.37149640917778015,-0.3333708643913269,0.505294919013977,0.10150165855884552,-0.00725209154188633,-0.017678866162896156,0.23363399505615234,-0.10144158452749252,-0.000697122944984585,0.019173000007867813,0.2784145176410675,0.09758035093545914,0.04829632490873337,-0.056972436606884,0.11422941833734512,-0.0893646627664566,0.19361600279808044,-0.06030457839369774,0.17510433495044708,0.13036948442459106,0.32698512077331543,0.1521180421113968,0.02859286405146122,-0.08557093143463135,0.5072034597396851,0.15502877533435822,0.07863282412290573,0.13141433894634247,0.3447626829147339,0.16931913793087006,0.014001245610415936,-0.08215738832950592,0.5269667506217957,0.1749822050333023,0.037420619279146194,0.15938140451908112,0.3569685220718384,-0.022860784083604813,0.0323248952627182,-0.11469387263059616,0.5675716400146484,0.006187016144394875,0.06431952863931656,8,0.266,0.3208283483982086,0.6506657600402832,-5.388396573380305e-08,,0.2986465096473694,0.6286731958389282,-0.006008955184370279,,0.2899452745914459,0.5815127491950989,-0.009366950951516628,,0.2908274829387665,0.5395987629890442,-0.012674122117459774,,0.2922682762145996,0.5063390731811523,-0.014672375284135342,,0.299020916223526,0.5361894965171814,-0.004020145162940025,,0.30238792300224304,0.48441681265830994,-0.012018783017992973,,0.3049485683441162,0.4796410799026489,-0.017786601558327675,,0.3068599998950958,0.4891044795513153,-0.02035187929868698,,0.3168683350086212,0.5320371985435486,-0.004763816017657518,,0.3201700448989868,0.4801233410835266,-0.010185273364186287,,0.32194527983665466,0.4767211079597473,-0.01379281934350729,,0.3229150176048279,0.4849225580692291,-0.01547070499509573,,0.3327394723892212,0.5356823801994324,-0.0066392673179507256,,0.33665168285369873,0.48528969287872314,-0.011188234202563763,,0.33731809258461,0.48012861609458923,-0.010545538738369942,,0.3377683758735657,0.4840209186077118,-0.009348524734377861,,0.34570592641830444,0.5462167263031006,-0.009137476794421673,,0.35043472051620483,0.5044795274734497,-0.011760048568248749,,0.35160553455352783,0.4942719042301178,-0.009661820717155933,,0.3523709177970886,0.49356362223625183,-0.007237330544739962,
-0.05084285885095596,-0.5819360613822937,-0.2639022767543793,0.9993211627006531,-0.03091345727443695,-0.619944155216217,-0.26547062397003174,0.9987010359764099,-0.03141660615801811,-0.6196733117103577,-0.267226904630661,0.9988000392913818,-0.030948780477046967,-0.6197050213813782,-0.2652730643749237,0.9986823201179504,-0.06616123765707016,-0.6234287023544312,-0.25630372762680054,0.9985016584396362,-0.06402096897363663,-0.6241527199745178,-0.2564393877983093,0.998542308807373,-0.06464768201112747,-0.6231839656829834,-0.2524411678314209,0.9982919096946716,0.07026220858097076,-0.6199135184288025,-0.19496066868305206,0.9989814758300781,-0.06882660835981369,-0.6295672655105591,-0.13181550800800323,0.997895359992981,-0.017004823312163353,-0.5575618147850037,-0.2451574206352234,0.9996568560600281,-0.05833561345934868,-0.5588842034339905,-0.22593116760253906,0.9995811581611633,0.17891959846019745,-0.43516063690185547,-0.12931016087532043,0.9993647336959839,-0.131455659866333,-0.45771023631095886,-0.029488056898117065,0.9994258284568787,0.19221778213977814,-0.16692908108234406,-0.11554832011461258,0.9555040597915649,-0.2319493293762207,-0.30986666679382324,-0.09840357303619385,0.8245658874511719,0.1982921063899994,0.0672832727432251,-0.2018342763185501,0.6438571810722351,-0.32727980613708496,-0.41519278287887573,-0.30712559819221497,0.5638792514801025,0.2017003893852234,0.13120204210281372,-0.21075965464115143,0.5436137318611145,-0.34406358003616333,-0.44431182742118835,-0.3388092815876007,0.515214741230011,0.18456986546516418,0.13384780287742615,-0.251665860414505,0.6206020712852478,-0.36161935329437256,-0.46513405442237854,-0.34755846858024597,0.5670025944709778,0.18275687098503113,0.08071181923151016,-0.22083747386932373,0.579317033290863,-0.32846611738204956,-0.4226834774017334,-0.3176477253437042,0.5416090488433838,0.10090137273073196,-0.007285452447831631,-0.01880120486021042,0.23016388714313507,-0.10075964778661728,-0.0007265080348588526,0.02042369544506073,0.27468910813331604,0.09676066040992737,0.03067029081285,-0.05563421919941902,0.12284567207098007,-0.08994687348604202,0.1772889494895935,-0.059105247259140015,0.18173344433307648,0.13353954255580902,0.2975757420063019,0.15502026677131653,0.030222471803426743,-0.0868535190820694,0.4884476959705353,0.16190196573734283,0.07953260093927383,0.13480143249034882,0.312892884016037,0.17340947687625885,0.014207283034920692,-0.08348777145147324,0.5052867531776428,0.1845807284116745,0.03721792995929718,0.16241981089115143,0.3081245720386505,-0.02188286744058132,0.03449799492955208,-0.11946141719818115,0.5376076102256775,0.01322376448661089,0.06622376292943954,9,0.3,0.3075626492500305,0.5642390847206116,-9.080527973992503e-08,,0.3055169880390167,0.5374433994293213,-0.009944263845682144,,0.31574463844299316,0.49005043506622314,-0.015805281698703766,,0.3329221308231354,0.45921874046325684,-0.021512800827622414,,0.34783464670181274,0.43484950065612793,-0.0249624103307724,,0.29891857504844666,0.4184819757938385,-0.007321369834244251,,0.3184314966201782,0.37917834520339966,-0.018936626613140106,,0.33410975337028503,0.4040307104587555,-0.026389777660369873,,0.3388310968875885,0.4333115816116333,-0.029537735506892204,,0.31003859639167786,0.41958245635032654,-0.007192668970674276,,0.3303593099117279,0.37927907705307007,-0.01826646365225315,,0.3438691198825836,0.4101566672325134,-0.02301710844039917,,0.3456631600856781,0.4424714744091034,-0.02414160594344139,,0.3228892683982849,0.4297773838043213,-0.008743315003812313,,0.3422467112541199,0.3977454602718353,-0.02038879133760929,,0.352058470249176,0.4318349063396454,-0.01962573081254959,,0.3508976697921753,0.46378621459007263,-0.01626809686422348,,0.335140198469162,0.44873327016830444,-0.011147317476570606,,0.3537633717060089,0.4216287136077881,-0.019716467708349228,,0.35944631695747375,0.44520169496536255,-0.017807085067033768,,0.35698622465133667,0.4708133339881897,-0.01412535086274147,
-0.051921870559453964,-0.5855888724327087,-0.2516556978225708,0.9993658065795898,-0.0321594700217247,-0.6235204935073853,-0.25330764055252075,0.9987742304801941,-0.032701022922992706,-0.6232627630233765,-0.25516119599342346,0.998853325843811,-0.03222787380218506,-0.6232902407646179,-0.25316786766052246,0.998746395111084,-0.06652183085680008,-0.6274093389511108,-0.24416814744472504,0.998589277267456,-0.06439917534589767,-0.6281499266624451,-0.24429796636104584,0.9986225366592407,-0.06502170860767365,-0.6271921396255493,-0.24024878442287445,0.9983950257301331,0.06924612075090408,-0.6208773255348206,-0.18652060627937317,0.999042272567749,-0.06812427937984467,-0.6325489282608032,-0.1237749308347702,0.9980090260505676,-0.01816530153155327,-0.5604217052459717,-0.23458747565746307,0.9996669888496399,-0.058630116283893585,-0.5622883439064026,-0.21566542983055115,0.9995927214622498,0.1767961084842682,-0.4342670738697052,-0.12413114309310913,0.9993157386779785,-0.13134898245334625,-0.46235835552215576,-0.020125100389122963,0.9994153380393982,0.189378559589386,-0.16564950346946716,-0.11288177222013474,0.9573124647140503,-0.24912138283252716,-0.33280089497566223,-0.09615632146596909,0.8355676531791687,0.1976344734430313,0.0727231577038765,-0.1963714212179184,0.6708711981773376,-0.32790279388427734,-0.4515101909637451,-0.31506794691085815,0.604127049446106,0.1993805468082428,0.13622407615184784,-0.203326016664505,0.5733081102371216,-0.34174153208732605,-0.4853683114051819,-0.35041293501853943,0.5572959780693054,0.18383324146270752,0.13890954852104187,-0.24012674391269684,0.644884467124939,-0.3568846583366394,-0.5100947022438049,-0.34900128841400146,0.6042153835296631,0.18266478180885315,0.08587886393070221,-0.21330846846103668,0.6045525670051575,-0.3276726305484772,-0.46124476194381714,-0.3218299150466919,0.5779580473899841,0.10015004873275757,-0.007406712044030428,-0.019102390855550766,0.22978097200393677,-0.09998305141925812,-0.0007430508267134428,0.020785007625818253,0.2759147584438324,0.09819834679365158,0.022235294803977013,-0.04929402098059654,0.13365063071250916,-0.09035824239253998,0.16401146352291107,-0.056109968572854996,0.19056203961372375,0.1339929699897766,0.2820102572441101,0.15594033896923065,0.031993623822927475,-0.08721563220024109,0.473891019821167,0.16182571649551392,0.08127041161060333,0.1351977437734604,0.29701703786849976,0.17525498569011688,0.014521654695272446,-0.08314643055200577,0.48977187275886536,0.18476197123527527,0.0372573621571064,0.16271133720874786,0.287214070558548,-0.01935053989291191,0.03682469204068184,-0.12219849973917007,0.5189194679260254,0.013346627354621887,0.06878237426280975,10,0.333,0.29951050877571106,0.4875161051750183,3.5473831871968287e-08,,0.31956905126571655,0.44695571064949036,-0.004396433476358652,,0.3366834223270416,0.388368159532547,-0.008060725405812263,,0.34868091344833374,0.36010921001434326,-0.011994550004601479,,0.35657480359077454,0.3427138924598694,-0.014497281052172184,,0.3061969578266144,0.3245757818222046,-0.010234746150672436,,0.33682963252067566,0.2966465353965759,-0.02228904329240322,,0.3555690348148346,0.3289283215999603,-0.029461098834872246,,0.3591543734073639,0.3613355755805969,-0.0324348583817482,,0.30078598856925964,0.344513475894928,-0.01327169593423605,,0.33569231629371643,0.3115215003490448,-0.024133075028657913,,0.3538266718387604,0.34637781977653503,-0.028181150555610657,,0.35572201013565063,0.37762969732284546,-0.029544299468398094,,0.30002543330192566,0.3764980137348175,-0.016968602314591408,,0.3342609107494354,0.35389629006385803,-0.027377955615520477,,0.34874892234802246,0.3845670521259308,-0.026993403211236,,0.347811222076416,0.4077480137348175,-0.025100087746977806,,0.30088233947753906,0.41681021451950073,-0.020830819383263588,,0.3314647674560547,0.4049491286277771,-0.027538800612092018,,0.33960917592048645,0.42369794845581055,-0.025593727827072144,,0.3354429304599762,0.43862679600715637,-0.023242512717843056,
-0.0519297756254673,-0.5865013003349304,-0.2576836347579956,0.9994077682495117,-0.032160259783267975,-0.6243405938148499,-0.25924378633499146,0.9988445043563843,-0.032703954726457596,-0.624076247215271,-0.261107474565506,0.9989100694656372,-0.032230932265520096,-0.6240933537483215,-0.25913646817207336,0.9988114833831787,-0.06629485636949539,-0.6283785700798035,-0.2500905394554138,0.9986615180969238,-0.06418943405151367,-0.6291192173957825,-0.2501881718635559,0.9986860156059265,-0.06480605900287628,-0.628161609172821,-0.2461487203836441,0.9984749555587769,0.06931304931640625,-0.6207414269447327,-0.19110806286334991,0.9991010427474976,-0.06531696021556854,-0.632903516292572,-0.12882283329963684,0.9980989098548889,-0.018158406019210815,-0.5609948039054871,-0.24040158092975616,0.9996810555458069,-0.05831985920667648,-0.5630991458892822,-0.22132261097431183,0.9996050000190735,0.17656394839286804,-0.43286532163619995,-0.12884709239006042,0.9992982149124146,-0.13066788017749786,-0.4660594165325165,-0.02795621007680893,0.9994065165519714,0.1893865466117859,-0.16255027055740356,-0.11345433443784714,0.9590974450111389,-0.27551889419555664,-0.3544754087924957,-0.09876497834920883,0.8467605710029602,0.19903674721717834,0.0785961002111435,-0.19726382195949554,0.6928111910820007,-0.33392244577407837,-0.4833340346813202,-0.32108357548713684,0.6401972770690918,0.20015807449817657,0.1439291387796402,-0.20967023074626923,0.5959419012069702,-0.3411233127117157,-0.516486406326294,-0.3544963598251343,0.5944324135780334,0.18609784543514252,0.14864200353622437,-0.24941760301589966,0.6634886264801025,-0.353361576795578,-0.5413251519203186,-0.35107457637786865,0.6371090412139893,0.1844933182001114,0.09281772375106812,-0.21674451231956482,0.623533308506012,-0.33064284920692444,-0.49316492676734924,-0.3267935812473297,0.6099913120269775,0.09953121840953827,-0.007386176846921444,-0.020424434915184975,0.22433646023273468,-0.09915582090616226,-0.0008011150639504194,0.022218262776732445,0.27057018876075745,0.09691797941923141,0.014386791735887527,-0.049565389752388,0.14294101297855377,-0.09275677800178528,0.13783946633338928,-0.05947105586528778,0.1969049870967865,0.135683074593544,0.28052207827568054,0.15642669796943665,0.03402446582913399,-0.08665279299020767,0.4676116704940796,0.1644490361213684,0.08215086907148361,0.13717760145664215,0.29612839221954346,0.17451201379299164,0.014803976751863956,-0.08174538612365723,0.4836638569831848,0.18944208323955536,0.037290506064891815,0.1617254912853241,0.27967143058776855,-0.029240520671010017,0.03885906562209129,-0.12414371967315674,0.5054328441619873,0.01727357506752014,0.06993308663368225,11,0.367,0.29505160450935364,0.41121238470077515,1.9904318193653125e-08,,0.31658875942230225,0.36667075753211975,-0.0006090917158871889,,0.33194559812545776,0.3135441243648529,-0.005482988432049751,,0.3429125249385834,0.28671252727508545,-0.012155958451330662,,0.3510572910308838,0.2729729115962982,-0.017964011058211327,,0.30566662549972534,0.2507304251194,-0.010107524693012238,,0.3404015302658081,0.229425311088562,-0.026127493008971214,,0.35950350761413574,0.2629621624946594,-0.0368359200656414,,0.363984614610672,0.29457277059555054,-0.04201894253492355,,0.29883551597595215,0.27384939789772034,-0.01677541993558407,,0.33751311898231506,0.2564348876476288,-0.030778776854276657,,0.3559231162071228,0.2913437485694885,-0.0361519418656826,,0.3581400513648987,0.32037901878356934,-0.038443468511104584,,0.29654884338378906,0.30865928530693054,-0.02401912398636341,,0.3347814381122589,0.308346152305603,-0.035841260105371475,,0.3456873595714569,0.341144323348999,-0.03444148972630501,,0.34225040674209595,0.36133378744125366,-0.03166408836841583,,0.2973376512527466,0.34944382309913635,-0.031431011855602264,,0.33050528168678284,0.35061153769493103,-0.03740129992365837,,0.33640971779823303,0.3693793714046478,-0.033913448452949524,,0.33082231879234314,0.38113799691200256,-0.03042120486497879,
-0.051506541669368744,-0.5873876810073853,-0.2586614489555359,0.9994477033615112,-0.03212884068489075,-0.625411331653595,-0.26061174273490906,0.998913049697876,-0.03267773240804672,-0.6251501441001892,-0.262522429227829,0.9989669919013977,-0.03220478445291519,-0.6251727938652039,-0.26056429743766785,0.9988770484924316,-0.06594729423522949,-0.6293344497680664,-0.25172871351242065,0.9987305998802185,-0.06385332345962524,-0.6300880908966064,-0.2518324851989746,0.9987464547157288,-0.06446262449026108,-0.6291412115097046,-0.24779045581817627,0.9985514283180237,0.0692753940820694,-0.6219234466552734,-0.1934923380613327,0.9991573691368103,-0.06421349197626114,-0.634064793586731,-0.13157597184181213,0.9981953501701355,-0.017635514959692955,-0.5621412992477417,-0.2416898012161255,0.9996932744979858,-0.05711210146546364,-0.564169704914093,-0.22294831275939941,0.9996171593666077,0.17599698901176453,-0.43210887908935547,-0.13227279484272003,0.9992687106132507,-0.13063323497772217,-0.47158923745155334,-0.03094363957643509,0.9993882179260254,0.18796896934509277,-0.16223357617855072,-0.11454349011182785,0.9610185623168945,-0.30788612365722656,-0.3807166516780853,-0.10147354006767273,0.8584533929824829,0.19856327772140503,0.07951390743255615,-0.1980263590812683,0.7152181267738342,-0.35324323177337646,-0.5195607542991638,-0.3166159987449646,0.6735379695892334,0.1990717351436615,0.14537683129310608,-0.21319390833377838,0.6204248666763306,-0.3524250388145447,-0.5555832386016846,-0.3492262065410614,0.6290186047554016,0.1855529546737671,0.1506788730621338,-0.2542826533317566,0.6833113431930542,-0.3595125377178192,-0.5831307172775269,-0.34550732374191284,0.667648434638977,0.18434949219226837,0.0940905511379242,-0.2196059674024582,0.6446025371551514,-0.3473927676677704,-0.5308156609535217,-0.32168498635292053,0.6405130624771118,0.09881359338760376,-0.0073852092027664185,-0.02084171026945114,0.22073382139205933,-0.09840566664934158,-0.0008295026491396129,0.02266157604753971,0.2679237723350525,0.09694716334342957,0.01642020232975483,-0.049912530928850174,0.15231969952583313,-0.0951266810297966,0.13839071989059448,-0.06096623092889786,0.20821906626224518,0.13631878793239594,0.28192654252052307,0.1566341668367386,0.03597255423665047,-0.08609571307897568,0.46957656741142273,0.16407714784145355,0.08485278487205505,0.13786374032497406,0.297896146774292,0.17375093698501587,0.015109013766050339,-0.08032950758934021,0.4863519072532654,0.18799205124378204,0.037889622151851654,0.16141360998153687,0.28343984484672546,-0.027591295540332794,0.0411001518368721,-0.1252141147851944,0.5091737508773804,0.016716592013835907,0.07289344072341919,12,0.4,0.2914946675300598,0.35346031188964844,-8.774954807222457e-08,,0.3109172582626343,0.30692002177238464,-0.0011453868355602026,,0.3287131190299988,0.25796860456466675,-0.007751804310828447,,0.3439788818359375,0.23154640197753906,-0.016354380175471306,,0.35436302423477173,0.22126425802707672,-0.02396535687148571,,0.3076590597629547,0.19270937144756317,-0.00918336771428585,,0.34367623925209045,0.1728111058473587,-0.02661677822470665,,0.36159974336624146,0.20749418437480927,-0.03827756643295288,,0.3673802614212036,0.2415732741355896,-0.043957971036434174,,0.3002323806285858,0.2140335738658905,-0.015677154064178467,,0.34142568707466125,0.22189274430274963,-0.029786627739667892,,0.3502146005630493,0.2620946168899536,-0.034042030572891235,,0.34677109122276306,0.2859955430030823,-0.03599046170711517,,0.2965136766433716,0.24831891059875488,-0.023310473188757896,,0.3370412290096283,0.2636686861515045,-0.03467711806297302,,0.34261003136634827,0.2933366000652313,-0.03278765454888344,,0.3376932442188263,0.30699414014816284,-0.030278975144028664,,0.296718031167984,0.2877422273159027,-0.0313391238451004,,0.3295944631099701,0.2987430989742279,-0.03629317879676819,,0.3339063823223114,0.31737905740737915,-0.032665908336639404,,0.3291570544242859,0.32352879643440247,-0.029374985024333,
-0.051094844937324524,-0.587376594543457,-0.2576720714569092,0.9994801878929138,-0.03212878853082657,-0.6254174709320068,-0.26016953587532043,0.9989668726921082,-0.032679468393325806,-0.6251578330993652,-0.262133926153183,0.999008059501648,-0.032205451279878616,-0.6251834034919739,-0.2601689100265503,0.9989286661148071,-0.06567003577947617,-0.6293231844902039,-0.25165855884552,0.9987823963165283,-0.06357898563146591,-0.6300795078277588,-0.2517911195755005,0.9987887144088745,-0.06418550759553909,-0.6291342973709106,-0.2477417290210724,0.998610258102417,0.06884407997131348,-0.6224082708358765,-0.1941143274307251,0.9992058277130127,-0.06365246325731277,-0.634519100189209,-0.1332726925611496,0.9982782602310181,-0.01721087098121643,-0.5622798800468445,-0.2409709095954895,0.9996997117996216,-0.056047648191452026,-0.5642811059951782,-0.22287560999393463,0.999624490737915,0.17474772036075592,-0.43155285716056824,-0.13351278007030487,0.9992213845252991,-0.1306459605693817,-0.4769470989704132,-0.029874194413423538,0.9993640184402466,0.1837136447429657,-0.16112029552459717,-0.11730674654245377,0.9628040790557861,-0.3201705813407898,-0.41100674867630005,-0.10794246941804886,0.8694536089897156,0.197010338306427,0.08311203122138977,-0.20183059573173523,0.737716794013977,-0.36061376333236694,-0.5719748735427856,-0.31783780455589294,0.7042137384414673,0.19707217812538147,0.14806410670280457,-0.21620489656925201,0.6464497447013855,-0.35745787620544434,-0.6154876947402954,-0.3523505926132202,0.6612269878387451,0.1851932853460312,0.1535433530807495,-0.2535058856010437,0.7041255235671997,-0.3626105785369873,-0.6457494497299194,-0.34244272112846375,0.695924699306488,0.18411090970039368,0.09770336002111435,-0.22251705825328827,0.6672267913818359,-0.3543434143066406,-0.5850796699523926,-0.3205295503139496,0.6692025661468506,0.09811481088399887,-0.007431751117110252,-0.021121209487318993,0.2218599021434784,-0.09778870642185211,-0.000851364922709763,0.02294810116291046,0.27069908380508423,0.10059399157762527,0.021305138245224953,-0.04732343181967735,0.16488534212112427,-0.09584884345531464,0.1389600783586502,-0.05860622972249985,0.2238505333662033,0.1366971880197525,0.28292831778526306,0.1565992683172226,0.038625940680503845,-0.0803108662366867,0.46967223286628723,0.1596686691045761,0.08929755538702011,0.1381317675113678,0.2989894151687622,0.1725286841392517,0.015696510672569275,-0.07236769795417786,0.486661821603775,0.1797398030757904,0.03939014673233032,0.1615842878818512,0.29078829288482666,-0.02579571306705475,0.0444270595908165,-0.11921337991952896,0.5106680989265442,0.012150513008236885,0.07813917100429535,13,0.433,0.2946479618549347,0.31279367208480835,-1.3270147292132606e-07,,0.3163069486618042,0.2619898021221161,-0.0012672943994402885,,0.3318885266780853,0.21071724593639374,-0.00845492072403431,,0.3445262908935547,0.18057166039943695,-0.01779218018054962,,0.3546008765697479,0.1701725721359253,-0.025991015136241913,,0.30870741605758667,0.1424083113670349,-0.00903065875172615,,0.3451419472694397,0.12139145284891129,-0.026377853006124496,,0.36361658573150635,0.15666036307811737,-0.03753495588898659,,0.3701811730861664,0.19131186604499817,-0.04261425882577896,,0.30165499448776245,0.16490353643894196,-0.01575586572289467,,0.34461724758148193,0.17931699752807617,-0.02953716740012169,,0.35108044743537903,0.21917520463466644,-0.032795101404190063,,0.3468663692474365,0.24009862542152405,-0.03399616479873657,,0.2989813983440399,0.1999545693397522,-0.023718787357211113,,0.3418775796890259,0.2185492217540741,-0.03480567783117294,,0.3450902998447418,0.24767979979515076,-0.03252692148089409,,0.3394560217857361,0.2579706907272339,-0.02974057011306286,,0.30061182379722595,0.23766039311885834,-0.03212418034672737,,0.3356398940086365,0.24780002236366272,-0.03592400252819061,,0.33922210335731506,0.26716792583465576,-0.03132851421833038,,0.3346969485282898,0.27309203147888184,-0.027297286316752434,
-0.04774608090519905,-0.5877983570098877,-0.2587233781814575,0.9995083808898926,-0.029983608052134514,-0.6257804036140442,-0.2609773576259613,0.9990114569664001,-0.030565692111849785,-0.6255279779434204,-0.2629629969596863,0.9990402460098267,-0.030067697167396545,-0.6255649328231812,-0.26099321246147156,0.9989715218544006,-0.06257304549217224,-0.6297093629837036,-0.25289252400398254,0.9988276362419128,-0.060483746230602264,-0.6304820775985718,-0.2530316114425659,0.9988268613815308,-0.0610789991915226,-0.6295478343963623,-0.24898627400398254,0.9986650943756104,0.0691322460770607,-0.6227113604545593,-0.19453276693820953,0.9992465972900391,-0.06183188408613205,-0.6351156830787659,-0.13430704176425934,0.9983575940132141,-0.014580504037439823,-0.5628644824028015,-0.2417871505022049,0.9997042417526245,-0.052742112427949905,-0.5649250149726868,-0.22426581382751465,0.9996318221092224,0.1742628663778305,-0.4313812553882599,-0.13408078253269196,0.9991695880889893,-0.1306474804878235,-0.4806838035583496,-0.031820669770240784,0.9993463158607483,0.18154311180114746,-0.15940311551094055,-0.12021806836128235,0.9642446041107178,-0.3232043981552124,-0.42670372128486633,-0.11782635748386383,0.8796928524971008,0.19597908854484558,0.08586844801902771,-0.20439903438091278,0.7574923634529114,-0.361150860786438,-0.5901022553443909,-0.32214006781578064,0.7317438721656799,0.195545956492424,0.15026377141475677,-0.21726363897323608,0.6690227389335632,-0.35748833417892456,-0.6339771747589111,-0.3571420907974243,0.68984055519104,0.18491891026496887,0.1555069237947464,-0.25124308466911316,0.7220320105552673,-0.3623538017272949,-0.6632338166236877,-0.34232035279273987,0.7209692001342773,0.18393449485301971,0.10038428008556366,-0.2233864665031433,0.6867368817329407,-0.35503819584846497,-0.602495551109314,-0.32317161560058594,0.6945505738258362,0.09775611013174057,-0.00746783846989274,-0.021105840802192688,0.22265203297138214,-0.09749133139848709,-0.0008714798605069518,0.02293461374938488,0.27312222123146057,0.10408242046833038,0.02445669285953045,-0.04470269754528999,0.17749501764774323,-0.09643397480249405,0.13958421349525452,-0.0585041269659996,0.23952139914035797,0.1369231939315796,0.2837993800640106,0.1571739912033081,0.04123472049832344,-0.0774935930967331,0.4676373600959778,0.15551483631134033,0.09360304474830627,0.1382448673248291,0.30001547932624817,0.17280276119709015,0.016323352232575417,-0.06869880855083466,0.48448053002357483,0.17377915978431702,0.040694452822208405,0.1628401279449463,0.29284748435020447,-0.025300748646259308,0.04772164300084114,-0.11411254853010178,0.512600302696228,0.007583399768918753,0.0831974670290947,14,0.467,0.2984983026981354,0.2716769576072693,-1.3627999351228937e-07,,0.3252469003200531,0.22814753651618958,-0.002776802284643054,,0.3387613296508789,0.17921021580696106,-0.00912060309201479,,0.3438563644886017,0.14378462731838226,-0.01691596582531929,,0.3459632396697998,0.12169809639453888,-0.02322808839380741,,0.31304869055747986,0.10447399318218231,-0.007397581357508898,,0.3476557731628418,0.08593297004699707,-0.023094018921256065,,0.36473560333251953,0.1170874759554863,-0.032515306025743484,,0.37128669023513794,0.1513518989086151,-0.03604311868548393,,0.3044103682041168,0.12137719988822937,-0.012022825889289379,,0.34621015191078186,0.1380079984664917,-0.02416319027543068,,0.35430988669395447,0.18224510550498962,-0.025214485824108124,,0.3537765145301819,0.21092599630355835,-0.024276286363601685,,0.3006477653980255,0.1523580104112625,-0.018228309229016304,,0.3426254391670227,0.17323148250579834,-0.029046138748526573,,0.34772706031799316,0.20541749894618988,-0.026028532534837723,,0.34577715396881104,0.22512832283973694,-0.022080371156334877,,0.30186524987220764,0.1869373768568039,-0.025008535012602806,,0.33552345633506775,0.19843238592147827,-0.02950085885822773,,0.3415886461734772,0.220387265086174,-0.02567657083272934,,0.34099844098091125,0.23307812213897705,-0.021554816514253616,
-0.0451485775411129,-0.5875831842422485,-0.26005223393440247,0.9995337128639221,-0.02832922898232937,-0.6255795359611511,-0.262145459651947,0.9990504384040833,-0.028922777622938156,-0.6253323554992676,-0.2641226053237915,0.9990679621696472,-0.028411881998181343,-0.6253763437271118,-0.26215681433677673,0.9990084171295166,-0.060453902930021286,-0.6295264363288879,-0.25416722893714905,0.9988692402839661,-0.05835653841495514,-0.630308985710144,-0.25430139899253845,0.998863697052002,-0.058943264186382294,-0.6293813586235046,-0.25026175379753113,0.9987177848815918,0.06917567551136017,-0.622785210609436,-0.19514915347099304,0.9992811679840088,-0.061337824910879135,-0.6353254318237305,-0.13597169518470764,0.9984376430511475,-0.012661469168961048,-0.5628612041473389,-0.24279305338859558,0.999707043170929,-0.05055758357048035,-0.5649202466011047,-0.22545945644378662,0.9996388554573059,0.17353403568267822,-0.4309898614883423,-0.1346668303012848,0.9991214871406555,-0.13111519813537598,-0.48390355706214905,-0.0334852896630764,0.9993373155593872,0.18111029267311096,-0.15877559781074524,-0.12199646234512329,0.9655038714408875,-0.3275159001350403,-0.43684959411621094,-0.12695546448230743,0.8892340064048767,0.19480843842029572,0.0861673504114151,-0.2058747410774231,0.7747629284858704,-0.3610818684101105,-0.6000531315803528,-0.32528650760650635,0.7563889026641846,0.19382737576961517,0.150156170129776,-0.21788087487220764,0.6883186101913452,-0.35654953122138977,-0.6442427635192871,-0.3603319823741913,0.7150754332542419,0.1848307102918625,0.1550157517194748,-0.25005435943603516,0.7372178435325623,-0.361285001039505,-0.673200249671936,-0.34295669198036194,0.7429708242416382,0.1834724247455597,0.10045452415943146,-0.2237602323293686,0.7032889127731323,-0.35483410954475403,-0.6122981309890747,-0.3255060017108917,0.7167474627494812,0.09748082607984543,-0.007643686141818762,-0.02095159702003002,0.22190283238887787,-0.0973195880651474,-0.0008558735717087984,0.02277878299355507,0.2739257514476776,0.10412438213825226,0.031822364777326584,-0.041464921087026596,0.1893315315246582,-0.0984504297375679,0.15040194988250732,-0.05868646129965782,0.25430938601493835,0.1366397738456726,0.2865908443927765,0.15624931454658508,0.04373335838317871,-0.07814601808786392,0.46862903237342834,0.14988332986831665,0.09760334342718124,0.1377885788679123,0.3027905523777008,0.17090652883052826,0.01691667176783085,-0.0697089210152626,0.48564794659614563,0.16687563061714172,0.04186931625008583,0.16255973279476166,0.30235108733177185,-0.02412772923707962,0.05109862983226776,-0.11505470424890518,0.5178812742233276,0.0018633860163390636,0.08820468187332153,15,0.5,0.29826000332832336,0.24806872010231018,-1.9687433905346552e-07,,0.3286099135875702,0.2021210491657257,-0.0015274938195943832,,0.34369492530822754,0.1517762541770935,-0.006735818926244974,,0.3495020270347595,0.11437667906284332,-0.013682984746992588,,0.3496463894844055,0.09383518993854523,-0.01929318904876709,,0.3153195381164551,0.07909679412841797,-0.006289670243859291,,0.35189974308013916,0.06032276526093483,-0.02070572040975094,,0.3676496744155884,0.09444145113229752,-0.029430869966745377,,0.3724123239517212,0.12991562485694885,-0.03278263658285141,,0.30641207098960876,0.09559932351112366,-0.011443308554589748,,0.34904050827026367,0.11162194609642029,-0.02195245586335659,,0.355990469455719,0.15406762063503265,-0.023308977484703064,,0.35359644889831543,0.18124422430992126,-0.023165062069892883,,0.302331805229187,0.12578408420085907,-0.01785869523882866,,0.34502941370010376,0.1431492418050766,-0.027621589601039886,,0.34992730617523193,0.17613248527050018,-0.02503102645277977,,0.34726831316947937,0.19685910642147064,-0.021690603345632553,,0.3026493787765503,0.15943603217601776,-0.024725845083594322,,0.33712831139564514,0.16773977875709534,-0.028888119384646416,,0.34305208921432495,0.19040235877037048,-0.025151534005999565,,0.3424507975578308,0.20517566800117493,-0.02110184170305729,
-0.044573403894901276,-0.587677538394928,-0.2606794834136963,0.9995605945587158,-0.027974164113402367,-0.6256757378578186,-0.2626340687274933,0.9990939497947693,-0.02856975421309471,-0.6254309415817261,-0.2646057903766632,0.9991023540496826,-0.028057411313056946,-0.6254773736000061,-0.26264259219169617,0.9990501403808594,-0.060058970004320145,-0.6296180486679077,-0.2549305260181427,0.9989191293716431,-0.05795653909444809,-0.6304052472114563,-0.255073606967926,0.998910665512085,-0.05853788182139397,-0.6294811964035034,-0.25104156136512756,0.9987787008285522,0.06912901252508163,-0.6231861114501953,-0.19499173760414124,0.9993175864219666,-0.06139630079269409,-0.6358000040054321,-0.13627609610557556,0.9985234141349792,-0.012247077189385891,-0.563163697719574,-0.24316497147083282,0.9997124671936035,-0.05020061880350113,-0.5652044415473938,-0.22622355818748474,0.9996488094329834,0.17273856699466705,-0.43091171979904175,-0.13455170392990112,0.9990743398666382,-0.13230901956558228,-0.4848650395870209,-0.034407079219818115,0.9993284940719604,0.1811341494321823,-0.15880849957466125,-0.12335169315338135,0.9665675759315491,-0.3278822898864746,-0.4377205967903137,-0.13144947588443756,0.8977639675140381,0.194048672914505,0.08570121973752975,-0.20671015977859497,0.7893141508102417,-0.3603762090206146,-0.6020826101303101,-0.32995253801345825,0.7783241271972656,0.19258809089660645,0.1489565670490265,-0.21778397262096405,0.7037487030029297,-0.35549724102020264,-0.6466875672340393,-0.36455243825912476,0.7371267676353455,0.18453212082386017,0.15376654267311096,-0.24886971712112427,0.7492265105247498,-0.3606265187263489,-0.6746862530708313,-0.34587496519088745,0.7621389627456665,0.1830190122127533,0.09983503818511963,-0.2238282561302185,0.7160919904708862,-0.3543018102645874,-0.6141025424003601,-0.32989317178726196,0.7357428669929504,0.09730405360460281,-0.007968466728925705,-0.02086479403078556,0.2204103171825409,-0.09723145514726639,-0.0007575416238978505,0.022691432386636734,0.27337875962257385,0.1036372184753418,0.03431492671370506,-0.038591597229242325,0.20143796503543854,-0.09971556067466736,0.16089268028736115,-0.058827098459005356,0.2676723003387451,0.13650746643543243,0.28821590542793274,0.15380194783210754,0.0467057079076767,-0.07853630930185318,0.4693930447101593,0.14788107573986053,0.10140179842710495,0.13767968118190765,0.30430999398231506,0.1672898381948471,0.017458600923419,-0.07055994123220444,0.48650842905044556,0.16483570635318756,0.04273597523570061,0.16308876872062683,0.3068188726902008,-0.025283535942435265,0.05503370985388756,-0.11592339724302292,0.5222738981246948,-0.0006079468294046819,0.09306088089942932,16,0.533,0.3008852005004883,0.23437315225601196,-7.947058833224219e-08,,0.3307427763938904,0.18500521779060364,-0.001146993599832058,,0.34454020857810974,0.13824264705181122,-0.007019085343927145,,0.35087981820106506,0.10291117429733276,-0.015269448980689049,,0.35068681836128235,0.08087357878684998,-0.021960275247693062,,0.3182711601257324,0.06519586592912674,-0.004628704395145178,,0.3548577129840851,0.04616348445415497,-0.020817367359995842,,0.369474321603775,0.0797811895608902,-0.03038049302995205,,0.3731851577758789,0.11534686386585236,-0.03353828564286232,,0.30828094482421875,0.07705007493495941,-0.010081402957439423,,0.35343319177627563,0.1008487343788147,-0.022443806752562523,,0.3602945804595947,0.14529813826084137,-0.023426545783877373,,0.3582266867160797,0.1734936386346817,-0.02228144183754921,,0.3028649687767029,0.10327282547950745,-0.017235348001122475,,0.3473750054836273,0.12955953180789948,-0.02850857935845852,,0.35070112347602844,0.16544127464294434,-0.025409363210201263,,0.34819692373275757,0.18859049677848816,-0.020981822162866592,,0.3020869493484497,0.13429495692253113,-0.02497408166527748,,0.3383978009223938,0.14780613780021667,-0.030056580901145935,,0.3433602452278137,0.17287015914916992,-0.02635779045522213,,0.34234488010406494,0.18992739915847778,-0.02182985097169876,
-0.0446496307849884,-0.5876968502998352,-0.2600283622741699,0.9995810389518738,-0.028105949983000755,-0.625723123550415,-0.26211321353912354,0.9991251230239868,-0.028703007847070694,-0.625480055809021,-0.26408466696739197,0.9991245865821838,-0.028190074488520622,-0.6255279183387756,-0.2621312439441681,0.9990792274475098,-0.06011085957288742,-0.6296378374099731,-0.25474390387535095,0.9989509582519531,-0.0580073781311512,-0.6304269433021545,-0.2549019455909729,0.9989380836486816,-0.05858779326081276,-0.6295038461685181,-0.25087329745292664,0.9988176822662354,0.06832220405340195,-0.6237381100654602,-0.19440537691116333,0.9993472695350647,-0.061740171164274216,-0.6360942721366882,-0.13702502846717834,0.9985849261283875,-0.012272866442799568,-0.5633726119995117,-0.24237287044525146,0.9997158646583557,-0.050270404666662216,-0.5653480887413025,-0.2259228676557541,0.9996545314788818,0.17163871228694916,-0.4313126504421234,-0.13330301642417908,0.9990493059158325,-0.13300266861915588,-0.4853341281414032,-0.034667596220970154,0.9993219971656799,0.18132515251636505,-0.15883220732212067,-0.12418747693300247,0.9676823616027832,-0.3278680145740509,-0.43506693840026855,-0.13027073442935944,0.9054823517799377,0.1936909407377243,0.08541039377450943,-0.20634806156158447,0.8030335903167725,-0.3609778881072998,-0.6002019643783569,-0.3282429873943329,0.7982695698738098,0.19194366037845612,0.14865010976791382,-0.21648915112018585,0.7186607122421265,-0.3556601107120514,-0.6451297998428345,-0.36240220069885254,0.7575852274894714,0.18429340422153473,0.15358440577983856,-0.24664725363254547,0.7610087394714355,-0.36088529229164124,-0.6737033724784851,-0.3449200689792633,0.7800087332725525,0.1827700138092041,0.0995771735906601,-0.22256921231746674,0.7287088632583618,-0.3549126088619232,-0.6127936840057373,-0.32859429717063904,0.7536091804504395,0.09707722067832947,-0.008186708204448223,-0.020798729732632637,0.2198580950498581,-0.09706097841262817,-0.0006586573435924947,0.022620603442192078,0.27362769842147827,0.10348594188690186,0.03633500635623932,-0.03856780007481575,0.2097887098789215,-0.0997869074344635,0.16551680862903595,-0.05897916480898857,0.2782917320728302,0.1364588588476181,0.2918139100074768,0.15321752429008484,0.04858315736055374,-0.07881651073694229,0.4715577960014343,0.14551585912704468,0.10457097738981247,0.13763515651226044,0.30832013487815857,0.16660793125629425,0.017838459461927414,-0.07095364481210709,0.48864710330963135,0.1627645045518875,0.04355529695749283,0.1637452095746994,0.3119288384914398,-0.024660460650920868,0.057525333017110825,-0.11644140630960464,0.5287468433380127,-0.0021631300915032625,0.09680281579494476,17,0.567,0.30150532722473145,0.23450972139835358,-8.562820141833072e-08,,0.33253908157348633,0.18390122056007385,-0.0028861328028142452,,0.3461298644542694,0.13662192225456238,-0.008828599937260151,,0.3508841097354889,0.10115832835435867,-0.016745463013648987,,0.34856417775154114,0.07973212003707886,-0.022796617820858955,,0.3169424831867218,0.06260493397712708,-0.00468599796295166,,0.3562423288822174,0.04682539403438568,-0.021657854318618774,,0.3716105818748474,0.08066890388727188,-0.03178391978144646,,0.37582671642303467,0.11787990480661392,-0.035199470818042755,,0.3077581524848938,0.07400573790073395,-0.00930557306855917,,0.35398223996162415,0.0998627096414566,-0.022756166756153107,,0.3601929843425751,0.14269229769706726,-0.024735458195209503,,0.3575745224952698,0.17135240137577057,-0.024015437811613083,,0.30330049991607666,0.09970774501562119,-0.015875650569796562,,0.34881460666656494,0.1264084279537201,-0.02815828286111355,,0.35269895195961,0.16165736317634583,-0.025958606973290443,,0.3502201735973358,0.18542343378067017,-0.02173461578786373,,0.30317237973213196,0.13015030324459076,-0.023169947788119316,,0.3398602604866028,0.14588578045368195,-0.029056742787361145,,0.3444994390010834,0.17117169499397278,-0.026019126176834106,,0.3431113362312317,0.18810699880123138,-0.021656116470694542,
-0.04359390214085579,-0.5881268382072449,-0.25841403007507324,0.9996047616004944,-0.027488429099321365,-0.6262109279632568,-0.2601928114891052,0.9991650581359863,-0.028086600825190544,-0.6259728074073792,-0.2621663212776184,0.9991572499275208,-0.027572309598326683,-0.6260270476341248,-0.2602140009403229,0.9991186857223511,-0.05937596783041954,-0.6300570964813232,-0.2536334693431854,0.9989974498748779,-0.057266708463430405,-0.6308520436286926,-0.2538171410560608,0.9989820122718811,-0.05784469470381737,-0.6299343705177307,-0.2497914582490921,0.9988734722137451,0.06811168789863586,-0.624815821647644,-0.19100065529346466,0.9993807673454285,-0.0617949403822422,-0.636849582195282,-0.1375044882297516,0.9986628890037537,-0.01171803567558527,-0.5641230344772339,-0.2402762621641159,0.9997226595878601,-0.04968205466866493,-0.5659824013710022,-0.22497448325157166,0.9996659159660339,0.17027609050273895,-0.4320319592952728,-0.1287716031074524,0.9990265369415283,-0.13366200029850006,-0.4859475791454315,-0.03466910868883133,0.999323308467865,0.18005779385566711,-0.15906710922718048,-0.12287964671850204,0.9685413837432861,-0.3270794451236725,-0.43748530745506287,-0.1341523975133896,0.9127683639526367,0.19273000955581665,0.08506952971220016,-0.20491887629032135,0.8158206939697266,-0.35906046628952026,-0.603047251701355,-0.33208608627319336,0.8164945244789124,0.1908373087644577,0.14755356311798096,-0.21464750170707703,0.7330087423324585,-0.3551647365093231,-0.6486837863922119,-0.36706432700157166,0.7765195369720459,0.18400971591472626,0.1525598019361496,-0.243789941072464,0.7723318934440613,-0.3607122004032135,-0.6771348714828491,-0.34705817699432373,0.7965596914291382,0.18216252326965332,0.0991605669260025,-0.2205134779214859,0.7409312725067139,-0.35319843888282776,-0.6154759526252747,-0.33165425062179565,0.7703500390052795,0.09690840542316437,-0.008504506200551987,-0.020236292853951454,0.22143177688121796,-0.0969572514295578,-0.0005113204242661595,0.022051159292459488,0.2765406370162964,0.10423073172569275,0.03675441816449165,-0.03569304943084717,0.21876373887062073,-0.0997667908668518,0.16851775348186493,-0.05882054567337036,0.290141761302948,0.13665226101875305,0.2919158339500427,0.15341170132160187,0.05054173618555069,-0.07836546003818512,0.4718993604183197,0.1438462883234024,0.10850237309932709,0.13781805336475372,0.3084385395050049,0.16714945435523987,0.018277479335665703,-0.0702919289469719,0.48909515142440796,0.1609545648097992,0.04452227056026459,0.1661495864391327,0.31269705295562744,-0.02292400784790516,0.060448385775089264,-0.11504349112510681,0.5314581394195557,-0.004188927356153727,0.1016562432050705,18,0.6,0.301554411649704,0.23907208442687988,-1.3727286329867638e-07,,0.3333040773868561,0.19270794093608856,-0.0017236176645383239,,0.3474501967430115,0.14368419349193573,-0.006716862786561251,,0.35104554891586304,0.10783746838569641,-0.013835834339261055,,0.34916213154792786,0.08620461821556091,-0.019399655982851982,,0.3194509744644165,0.06939999759197235,-0.004115166142582893,,0.3555663526058197,0.053586579859256744,-0.02056477963924408,,0.37085822224617004,0.0892336294054985,-0.030360328033566475,,0.37588781118392944,0.12687115371227264,-0.03352644294500351,,0.3096344470977783,0.085075244307518,-0.009215367026627064,,0.3524550497531891,0.10686679929494858,-0.022146636620163918,,0.35951417684555054,0.15145644545555115,-0.023968247696757317,,0.35862359404563904,0.18185296654701233,-0.022955764085054398,,0.30463844537734985,0.11336034536361694,-0.016058078035712242,,0.34731897711753845,0.1379794180393219,-0.02772289328277111,,0.3522402048110962,0.1738141030073166,-0.025380855426192284,,0.35102152824401855,0.19757115840911865,-0.021144436672329903,,0.3044902980327606,0.14538119733333588,-0.023456767201423645,,0.3378312289714813,0.1606599986553192,-0.028378145769238472,,0.3435744047164917,0.18597257137298584,-0.02475886233150959,,0.3440278470516205,0.20243427157402039,-0.02015405334532261,
-0.04269348829984665,-0.588483452796936,-0.2575047016143799,0.9996269345283508,-0.026894018054008484,-0.6266555190086365,-0.25913578271865845,0.9992049336433411,-0.02749958634376526,-0.6264140009880066,-0.26113826036453247,0.9991916418075562,-0.026983030140399933,-0.6264716982841492,-0.2591710388660431,0.9991590976715088,-0.05870760604739189,-0.6304534077644348,-0.2528899312019348,0.9990426898002625,-0.05660579726099968,-0.6312505602836609,-0.25307345390319824,0.9990245699882507,-0.0571807324886322,-0.6303367614746094,-0.24904164671897888,0.9989259243011475,0.06809919327497482,-0.6256262063980103,-0.1895064413547516,0.9994139671325684,-0.06183721870183945,-0.6375606060028076,-0.1377844214439392,0.998733401298523,-0.011060414835810661,-0.5647055506706238,-0.23922543227672577,0.9997307062149048,-0.049017101526260376,-0.5665246248245239,-0.22433950006961823,0.9996764659881592,0.17002145946025848,-0.4324508607387543,-0.1275407373905182,0.9990110993385315,-0.1338481456041336,-0.4865059554576874,-0.03473076596856117,0.9993184804916382,0.1797877848148346,-0.15936334431171417,-0.12258519977331161,0.969230055809021,-0.3254777491092682,-0.4351932108402252,-0.13464492559432983,0.9190252423286438,0.19263815879821777,0.08463221043348312,-0.20519690215587616,0.8273409605026245,-0.3583068251609802,-0.598461389541626,-0.33490800857543945,0.8328681588172913,0.19071145355701447,0.14686843752861023,-0.21477241814136505,0.7463220357894897,-0.35457754135131836,-0.6430043578147888,-0.37037837505340576,0.7936863303184509,0.18382835388183594,0.1521742343902588,-0.24401389062404633,0.7829899787902832,-0.36015763878822327,-0.6710051894187927,-0.3497665822505951,0.811642050743103,0.1820744276046753,0.09883515536785126,-0.22065551578998566,0.7526710033416748,-0.35245925188064575,-0.6103159785270691,-0.33448854088783264,0.7857822775840759,0.09689817577600479,-0.008614267222583294,-0.019878961145877838,0.22039684653282166,-0.09694178402423859,-0.00048680667532607913,0.021722083911299706,0.2758733928203583,0.10630881041288376,0.03361891582608223,-0.03588290885090828,0.22511707246303558,-0.10017399489879608,0.15925154089927673,-0.058945316821336746,0.29764795303344727,0.13808463513851166,0.28785696625709534,0.15534590184688568,0.05163345858454704,-0.07770570367574692,0.4668184518814087,0.14388306438922882,0.11018765717744827,0.1391824632883072,0.30385512113571167,0.16913148760795593,0.01851097121834755,-0.06902872771024704,0.48309239745140076,0.16133491694927216,0.044867075979709625,0.1694963425397873,0.3037581443786621,-0.022736674174666405,0.06205206736922264,-0.11121917515993118,0.5254173874855042,-0.0045410869643092155,0.10398397594690323,19,0.633,0.29810628294944763,0.2708432674407959,-1.55235269971854e-07,,0.3245963156223297,0.22325019538402557,-0.001473809708841145,,0.34052416682243347,0.17135822772979736,-0.007266615051776171,,0.35019126534461975,0.1376563459634781,-0.014765681698918343,,0.35779279470443726,0.11907830834388733,-0.02063346840441227,,0.31718456745147705,0.09709428250789642,-0.007914832793176174,,0.3552241921424866,0.0825042575597763,-0.023255612701177597,,0.37153133749961853,0.11835234612226486,-0.03196810930967331,,0.37784308195114136,0.15344268083572388,-0.034951258450746536,,0.30946484208106995,0.1163794994354248,-0.013096857815980911,,0.3526782691478729,0.1398620307445526,-0.024615513160824776,,0.3610183000564575,0.18435931205749512,-0.024804824963212013,,0.3619921803474426,0.21319469809532166,-0.023475544527173042,,0.3060038089752197,0.14882755279541016,-0.019632061943411827,,0.34831148386001587,0.17448419332504272,-0.029077479615807533,,0.35254496335983276,0.20873232185840607,-0.02471913769841194,,0.35058459639549255,0.23017993569374084,-0.020119676366448402,,0.30729207396507263,0.1841607689857483,-0.026771536096930504,,0.3399031162261963,0.19665417075157166,-0.02985929138958454,,0.3430768549442291,0.21930888295173645,-0.024892738088965416,,0.34061431884765625,0.23295989632606506,-0.020069368183612823,
-0.04228522628545761,-0.5880463719367981,-0.2579043507575989,0.9996476769447327,-0.026512790471315384,-0.626408576965332,-0.2595145106315613,0.9992439150810242,-0.027125323191285133,-0.6261616349220276,-0.2615118622779846,0.9992271661758423,-0.02661161683499813,-0.6262198090553284,-0.2595461308956146,0.9991994500160217,-0.05837719514966011,-0.6301589608192444,-0.253195583820343,0.9990836977958679,-0.05628574267029762,-0.6309554576873779,-0.2533762753009796,0.9990622401237488,-0.056858375668525696,-0.6300409436225891,-0.24934528768062592,0.9989714026451111,0.06838259845972061,-0.6256263852119446,-0.1899128258228302,0.9994446635246277,-0.061697572469711304,-0.637549877166748,-0.13805295526981354,0.9987905621528625,-0.010461724363267422,-0.5645389556884766,-0.23961268365383148,0.9997400641441345,-0.04850425571203232,-0.5663380026817322,-0.224612295627594,0.9996861815452576,0.17032477259635925,-0.4324093163013458,-0.12783437967300415,0.9990221261978149,-0.13385529816150665,-0.4860280156135559,-0.034995947033166885,0.9993229508399963,0.17994175851345062,-0.15933331847190857,-0.12315820902585983,0.9702549576759338,-0.3257538974285126,-0.4281768798828125,-0.133173868060112,0.9246395826339722,0.19249647855758667,0.08452216535806656,-0.2073090821504593,0.8381384611129761,-0.3573509752750397,-0.5756773352622986,-0.333029568195343,0.8476439714431763,0.19046448171138763,0.14676135778427124,-0.21664609014987946,0.7589074373245239,-0.3543395698070526,-0.6154446005821228,-0.36800649762153625,0.8093834519386292,0.1833401471376419,0.1518910825252533,-0.24569132924079895,0.7933664917945862,-0.3582608997821808,-0.642223596572876,-0.3494108319282532,0.825596034526825,0.18180441856384277,0.09861482679843903,-0.22242490947246552,0.7640446424484253,-0.3516976237297058,-0.5863340497016907,-0.3333433270454407,0.8001776933670044,0.09690337628126144,-0.008621500805020332,-0.019879058003425598,0.2179231494665146,-0.0969269797205925,-0.000497184693813324,0.021726742386817932,0.27325376868247986,0.10630469024181366,0.030266035348176956,-0.03731399029493332,0.22831769287586212,-0.10114244371652603,0.14746595919132233,-0.06043890863656998,0.3007161021232605,0.13903263211250305,0.286696195602417,0.1555403769016266,0.05216348171234131,-0.07787631452083588,0.46561601758003235,0.14417703449726105,0.11024674773216248,0.1401997059583664,0.30255746841430664,0.16938987374305725,0.018526572734117508,-0.06922561675310135,0.48164770007133484,0.16260060667991638,0.04464615136384964,0.1701694130897522,0.29725927114486694,-0.024121548980474472,0.0627293735742569,-0.11142653971910477,0.5198521018028259,-0.004286256618797779,0.10433841496706009,20,0.667,0.29053571820259094,0.30553117394447327,1.3438675949828394e-08,,0.31277352571487427,0.2527829706668854,-0.0005892401095479727,,0.33251872658729553,0.20373278856277466,-0.008139261044561863,,0.34944653511047363,0.1815483570098877,-0.01760377362370491,,0.36224400997161865,0.17386798560619354,-0.025948630645871162,,0.3152274191379547,0.13996991515159607,-0.01572304591536522,,0.3536924123764038,0.12665876746177673,-0.031483132392168045,,0.37439730763435364,0.15796446800231934,-0.041324764490127563,,0.38568904995918274,0.18583765625953674,-0.04722651094198227,,0.3084062933921814,0.16618892550468445,-0.023494286462664604,,0.3564305603504181,0.1928943246603012,-0.03826301544904709,,0.37939509749412537,0.22717902064323425,-0.04192562401294708,,0.3926389515399933,0.24570195376873016,-0.044710975140333176,,0.30449140071868896,0.20484670996665955,-0.03146274760365486,,0.34742090106010437,0.23513932526111603,-0.04056345298886299,,0.3455146253108978,0.2627955675125122,-0.03555641695857048,,0.33668166399002075,0.2733868956565857,-0.03265805169939995,,0.30426862835884094,0.24658870697021484,-0.04030943661928177,,0.3391752541065216,0.2633245885372162,-0.04362332448363304,,0.33820009231567383,0.2804802358150482,-0.037804365158081055,,0.33014172315597534,0.2850853204727173,-0.03381715714931488,
-0.04200092330574989,-0.5876734256744385,-0.25819939374923706,0.999654233455658,-0.025597721338272095,-0.6260429620742798,-0.2597975730895996,0.9992531538009644,-0.0262127798050642,-0.6257891058921814,-0.2617923617362976,0.9992303252220154,-0.0257053654640913,-0.6258369088172913,-0.259827196598053,0.9992032647132874,-0.05762544274330139,-0.629858136177063,-0.25341129302978516,0.9990877509117126,-0.055556491017341614,-0.630647599697113,-0.2535877525806427,0.9990608096122742,-0.056129809468984604,-0.6297280192375183,-0.24955657124519348,0.9989733099937439,0.06954169273376465,-0.6251105666160583,-0.19020743668079376,0.9994484782218933,-0.061017654836177826,-0.6374310851097107,-0.13815976679325104,0.9987753629684448,-0.01023888774216175,-0.5641916394233704,-0.2398923635482788,0.9997344613075256,-0.048371098935604095,-0.5660852193832397,-0.22473695874214172,0.9996736645698547,0.17085953056812286,-0.4323517978191376,-0.12823887169361115,0.998990535736084,-0.13375531136989594,-0.4853050112724304,-0.03517807647585869,0.9992925524711609,0.18084292113780975,-0.15950578451156616,-0.12260157614946365,0.9701840877532959,-0.3139583468437195,-0.39147424697875977,-0.124410480260849,0.9270445108413696,0.19429419934749603,0.08394599705934525,-0.20746038854122162,0.8437005877494812,-0.3482421338558197,-0.5205296277999878,-0.3330283463001251,0.8594740033149719,0.19301019608974457,0.1465780884027481,-0.2169295996427536,0.7643906474113464,-0.3468674123287201,-0.5567880272865295,-0.36860257387161255,0.8216567635536194,0.18421150743961334,0.1514713019132614,-0.24751996994018555,0.7981014847755432,-0.35079696774482727,-0.586184024810791,-0.35558515787124634,0.8366104960441589,0.18274521827697754,0.09796610474586487,-0.22286510467529297,0.7685731053352356,-0.3420473039150238,-0.5324869751930237,-0.3349844217300415,0.8105116486549377,0.09689871966838837,-0.00862541701644659,-0.019866693764925003,0.21251565217971802,-0.0969073474407196,-0.0005056176451034844,0.021719656884670258,0.2669142782688141,0.10612678527832031,0.02384188212454319,-0.03995049372315407,0.22624942660331726,-0.10110000520944595,0.14401942491531372,-0.06324390321969986,0.2947930097579956,0.14100287854671478,0.2859721779823303,0.15556548535823822,0.05171460285782814,-0.07863306254148483,0.4661196172237396,0.14444594085216522,0.10761912912130356,0.14241263270378113,0.30186501145362854,0.16962765157222748,0.018386894837021828,-0.07023720443248749,0.4822922646999359,0.1643257886171341,0.04377974569797516,0.17228640615940094,0.29271161556243896,-0.028105245903134346,0.062090836465358734,-0.11184809356927872,0.5172535181045532,-0.004073957446962595,0.10198727995157242,21,0.7,0.29571354389190674,0.32991623878479004,9.631027353407262e-08,,0.32460227608680725,0.29712554812431335,-0.0026455943007022142,,0.35160988569259644,0.2690151631832123,-0.0105807576328516,,0.37650519609451294,0.2559746205806732,-0.02002601884305477,,0.39719992876052856,0.2428758442401886,-0.030289364978671074,,0.3272637724876404,0.2009565830230713,-0.019043341279029846,,0.3570431172847748,0.18701589107513428,-0.03346637636423111,,0.37539851665496826,0.2004464715719223,-0.043133579194545746,,0.38828086853027344,0.2189660519361496,-0.049418456852436066,,0.3133772313594818,0.22340203821659088,-0.026518981903791428,,0.34518030285835266,0.22372254729270935,-0.03815872594714165,,0.3646315336227417,0.2391834259033203,-0.043856196105480194,,0.3773602247238159,0.2551696002483368,-0.04950009658932686,,0.30210843682289124,0.26111412048339844,-0.033878982067108154,,0.33075520396232605,0.27779632806777954,-0.0457281693816185,,0.3447117209434509,0.2984565198421478,-0.04627319052815437,,0.3501143157482147,0.31534385681152344,-0.04746055230498314,,0.29414883255958557,0.3050466477870941,-0.0414937324821949,,0.316334992647171,0.3292030096054077,-0.049324046820402145,,0.3257408142089844,0.3460049033164978,-0.04725978523492813,,0.3268464505672455,0.35801148414611816,-0.046140093356370926,
-0.04197634756565094,-0.5876884460449219,-0.25833651423454285,0.9996646046638489,-0.025192279368638992,-0.6260440945625305,-0.2594894468784332,0.9992687702178955,-0.025800297036767006,-0.6257896423339844,-0.26145339012145996,0.999238908290863,-0.025298401713371277,-0.6258357763290405,-0.25948697328567505,0.9992120862007141,-0.05752177909016609,-0.6298675537109375,-0.25320395827293396,0.9991149306297302,-0.05545608699321747,-0.6306549906730652,-0.2533699572086334,0.99908846616745,-0.05603044480085373,-0.6297330260276794,-0.2493404895067215,0.9990076422691345,0.06966037303209305,-0.6248775124549866,-0.18725916743278503,0.99945467710495,-0.06200067698955536,-0.6373906135559082,-0.13678286969661713,0.9988044500350952,-0.010286100208759308,-0.5641869902610779,-0.2395152747631073,0.999733567237854,-0.04871223121881485,-0.5660870671272278,-0.22449669241905212,0.9996740818023682,0.1708812415599823,-0.43232032656669617,-0.12158450484275818,0.9989737868309021,-0.13579747080802917,-0.4825820326805115,-0.03531036153435707,0.9993003010749817,0.18252421915531158,-0.16029797494411469,-0.107960544526577,0.9697892069816589,-0.2984350621700287,-0.35991060733795166,-0.12225648760795593,0.9300419092178345,0.19493767619132996,0.07918797433376312,-0.20006923377513885,0.847477912902832,-0.34298259019851685,-0.4688454568386078,-0.33915945887565613,0.8701807260513306,0.19349491596221924,0.14087441563606262,-0.21022649109363556,0.7676228880882263,-0.34527891874313354,-0.5026382803916931,-0.37621405720710754,0.8329756855964661,0.18412937223911285,0.14278721809387207,-0.24464063346385956,0.8011971116065979,-0.3504070043563843,-0.5289093852043152,-0.36999690532684326,0.8468778133392334,0.18273285031318665,0.09197518229484558,-0.21703188121318817,0.7712348699569702,-0.337999165058136,-0.4790845513343811,-0.3436347544193268,0.8202150464057922,0.09705383330583572,-0.008719292469322681,-0.018258580937981606,0.21048057079315186,-0.09702090173959732,-0.00042661200859583914,0.020138150081038475,0.26593101024627686,0.10634981095790863,0.020062828436493874,-0.04009605199098587,0.22324208915233612,-0.09998039156198502,0.14579901099205017,-0.06542251259088516,0.28886720538139343,0.1424824744462967,0.2843835949897766,0.15901660919189453,0.0507211908698082,-0.08121629059314728,0.4684070944786072,0.14430998265743256,0.10537365078926086,0.14403848350048065,0.3003215491771698,0.17441487312316895,0.018252771347761154,-0.0737982913851738,0.4845395088195801,0.16448070108890533,0.042755644768476486,0.17712262272834778,0.29047924280166626,-0.025898151099681854,0.06111155077815056,-0.11210469156503677,0.5176260471343994,-0.005198369268327951,0.09988213330507278,22,0.734,0.3185744285583496,0.3450932502746582,-1.024317128894836e-07,,0.3532771170139313,0.3547719717025757,-0.004949216265231371,,0.3775974214076996,0.3482190668582916,-0.009160969406366348,,0.3879205286502838,0.3234175443649292,-0.0128922238945961,,0.387662410736084,0.29937678575515747,-0.016077158972620964,,0.3690471947193146,0.2733428180217743,-0.0075577544048428535,,0.38350316882133484,0.26636800169944763,-0.013272701762616634,,0.3807321786880493,0.29087138175964355,-0.01848767325282097,,0.3759050667285919,0.3125112056732178,-0.021199839189648628,,0.3488979637622833,0.2568811774253845,-0.0065179429948329926,,0.36520373821258545,0.25590112805366516,-0.007053120527416468,,0.36536383628845215,0.2768392562866211,-0.009042981080710888,,0.36218371987342834,0.29690760374069214,-0.011758331209421158,,0.33027616143226624,0.2525709867477417,-0.005605409853160381,,0.3462417721748352,0.2513144016265869,-0.005728737451136112,,0.348862886428833,0.2700194716453552,-0.004981985315680504,,0.3468240797519684,0.29028093814849854,-0.005546439439058304,,0.31279194355010986,0.2550147771835327,-0.004866485018283129,,0.3263542354106903,0.25306448340415955,-0.003546706633642316,,0.32953983545303345,0.2678258419036865,0.00020308885723352432,,0.3283582031726837,0.28443020582199097,0.002843043999746442,
-0.0416153259575367,-0.5875877141952515,-0.2590366303920746,0.9996688365936279,-0.024082668125629425,-0.6259737610816956,-0.2597620487213135,0.9992678761482239,-0.02466900274157524,-0.6257169842720032,-0.26166918873786926,0.9992321729660034,-0.024191100150346756,-0.6257571578025818,-0.25970882177352905,0.9992054104804993,-0.05704643204808235,-0.6297177672386169,-0.25351014733314514,0.9991268515586853,-0.05497831851243973,-0.6304933428764343,-0.25368732213974,0.9991039633750916,-0.055555056780576706,-0.6295618414878845,-0.24967306852340698,0.9990292191505432,0.07118923962116241,-0.6248639822006226,-0.18729440867900848,0.9994474053382874,-0.06209144368767738,-0.6371068358421326,-0.13632068037986755,0.9988092184066772,-0.00992149580270052,-0.5641431212425232,-0.2396150380373001,0.999726414680481,-0.0487043634057045,-0.5659525990486145,-0.22458484768867493,0.9996671676635742,0.17213991284370422,-0.43416187167167664,-0.11967180669307709,0.9989867210388184,-0.1356552690267563,-0.47691968083381653,-0.035427019000053406,0.999309241771698,0.1846073567867279,-0.1637665182352066,-0.10464940965175629,0.9701581597328186,-0.265504390001297,-0.32942864298820496,-0.11534766107797623,0.9316129088401794,0.1959637999534607,0.0688113421201706,-0.1975182741880417,0.8510956764221191,-0.3426017165184021,-0.42255499958992004,-0.3374905586242676,0.878364622592926,0.19536235928535461,0.13014419376850128,-0.20785808563232422,0.7691550850868225,-0.34928098320961,-0.45241039991378784,-0.3736288547515869,0.8405554890632629,0.1840839385986328,0.1312713921070099,-0.2446204423904419,0.8032793998718262,-0.3613642752170563,-0.47320935130119324,-0.367580384016037,0.8539265394210815,0.18290363252162933,0.08106189966201782,-0.2155909687280655,0.7728809118270874,-0.33832108974456787,-0.4302730858325958,-0.34220215678215027,0.8261628150939941,0.09723435342311859,-0.00874353013932705,-0.017528994008898735,0.2132846713066101,-0.09722015261650085,-0.00036144748446531594,0.019328581169247627,0.2679712176322937,0.10599806159734726,0.02094198204576969,-0.040495727211236954,0.21720418334007263,-0.09799100458621979,0.15984569489955902,-0.06547073274850845,0.2802610993385315,0.14288905262947083,0.29061493277549744,0.15912774205207825,0.04978031665086746,-0.08340634405612946,0.47900083661079407,0.14651671051979065,0.10257146507501602,0.14460189640522003,0.3067020773887634,0.17462700605392456,0.017996182665228844,-0.07724341005086899,0.49670058488845825,0.16841575503349304,0.04149194806814194,0.17889244854450226,0.3005278408527374,-0.025580929592251778,0.06019599735736847,-0.11254443973302841,0.5283363461494446,-0.003406452015042305,0.09738126397132874,23,0.767,,,,,,,,,,,,,,,,,,,,,,,,,,,,,,,,,,,,,,,,,,,,,,,,,,,,,,,,,,,,,,,,,,,,,,,,,,,,,,,,,,,,
-0.04154117777943611,-0.5869747400283813,-0.27045589685440063,0.9996657371520996,-0.023695746436715126,-0.625446081161499,-0.27030014991760254,0.9992538094520569,-0.024271825328469276,-0.6251853108406067,-0.27203673124313354,0.9992141127586365,-0.023799367249011993,-0.6252138614654541,-0.2700943648815155,0.9991903901100159,-0.05701690539717674,-0.6288689374923706,-0.26399707794189453,0.9991247653961182,-0.05494735389947891,-0.629620373249054,-0.26417040824890137,0.9991059303283691,-0.05552543327212334,-0.628666877746582,-0.26019254326820374,0.9990374445915222,0.07181137800216675,-0.6247549653053284,-0.1920892894268036,0.999431312084198,-0.0631507858633995,-0.6356539130210876,-0.14018428325653076,0.9987841248512268,-0.009768422693014145,-0.5637403130531311,-0.24819132685661316,0.9997159242630005,-0.04877083748579025,-0.5652024149894714,-0.23259565234184265,0.9996538758277893,0.172364741563797,-0.43622851371765137,-0.1203661561012268,0.9990167021751404,-0.13528044521808624,-0.4690000116825104,-0.03838534280657768,0.9993096590042114,0.18543636798858643,-0.166006401181221,-0.10386676341295242,0.9705826640129089,-0.23798707127571106,-0.2988862693309784,-0.10825368016958237,0.9305464625358582,0.19465158879756927,0.05698047950863838,-0.19741563498973846,0.8541111350059509,-0.342441588640213,-0.38127821683883667,-0.3269972801208496,0.8834469318389893,0.19446824491024017,0.11576483398675919,-0.20824696123600006,0.770671546459198,-0.35606849193573,-0.40938490629196167,-0.3619289696216583,0.8443958759307861,0.18065136671066284,0.11520080268383026,-0.24474552273750305,0.8052985072135925,-0.375139981508255,-0.42880964279174805,-0.3670770823955536,0.8576490879058838,0.1803397834300995,0.06802284717559814,-0.21580252051353455,0.7746076583862305,-0.33971622586250305,-0.3882085382938385,-0.3367849290370941,0.8283470869064331,0.09732714295387268,-0.008745629340410233,-0.017314430326223373,0.22020244598388672,-0.09730155766010284,-0.00030949327629059553,0.01906364969909191,0.2731468677520752,0.10506319254636765,0.02566215954720974,-0.043289314955472946,0.21043068170547485,-0.09726879745721817,0.16443441808223724,-0.06550955027341843,0.27021393179893494,0.14250296354293823,0.30136433243751526,0.1589794009923935,0.04902259632945061,-0.08439598977565765,0.4877373278141022,0.14947661757469177,0.09964664280414581,0.14423109591007233,0.3181300461292267,0.1745785027742386,0.018007010221481323,-0.07876981049776077,0.5067461729049683,0.1729656308889389,0.04085639864206314,0.17835243046283722,0.31363755464553833,-0.025559667497873306,0.05934266373515129,-0.11280866712331772,0.5373897552490234,0.0009882288286462426,0.09477904438972473,24,0.8,,,,,,,,,,,,,,,,,,,,,,,,,,,,,,,,,,,,,,,,,,,,,,,,,,,,,,,,,,,,,,,,,,,,,,,,,,,,,,,,,,,,
-0.0390036515891552,-0.5868191719055176,-0.282723605632782,0.9996699094772339,-0.02036650851368904,-0.6253055334091187,-0.28071150183677673,0.9992643594741821,-0.020930791273713112,-0.625041127204895,-0.28243687748908997,0.9992235898971558,-0.02044444903731346,-0.6250634789466858,-0.28048112988471985,0.9992010593414307,-0.05514180660247803,-0.6286472678184509,-0.274497389793396,0.999149739742279,-0.05306166782975197,-0.6293938755989075,-0.27459290623664856,0.9991341829299927,-0.05364367738366127,-0.6284355521202087,-0.2706003189086914,0.9990705251693726,0.07607170194387436,-0.6245602965354919,-0.1965118795633316,0.9994319081306458,-0.06316445767879486,-0.6349582672119141,-0.14506886899471283,0.9988053441047668,-0.00690241577103734,-0.56358802318573,-0.25833868980407715,0.9997153878211975,-0.047609131783246994,-0.5649620890617371,-0.24277716875076294,0.9996534585952759,0.17649267613887787,-0.4363146126270294,-0.12125454843044281,0.9990300536155701,-0.13413368165493011,-0.46314737200737,-0.04467516764998436,0.999294102191925,0.18946829438209534,-0.1664332002401352,-0.10526109486818314,0.9690543413162231,-0.21352329850196838,-0.2754210829734802,-0.10594186186790466,0.9248185753822327,0.19519536197185516,0.056009504944086075,-0.20475749671459198,0.8503023386001587,-0.33624663949012756,-0.30871015787124634,-0.3263993263244629,0.8819209337234497,0.195674329996109,0.1157640740275383,-0.2191290557384491,0.7669929265975952,-0.3564200699329376,-0.32278111577033997,-0.36170923709869385,0.8419888019561768,0.1807638555765152,0.11462726444005966,-0.26167455315589905,0.8033673763275146,-0.3755074739456177,-0.33602529764175415,-0.3690780699253082,0.8565595746040344,0.18049649894237518,0.06727765500545502,-0.225738987326622,0.7721297740936279,-0.337609201669693,-0.3097759485244751,-0.33648407459259033,0.8252425789833069,0.09785855561494827,-0.008762129582464695,-0.01686759665608406,0.22493238747119904,-0.09772071242332458,-0.00025249988539144397,0.018634473904967308,0.27469730377197266,0.10493265092372894,0.025750253349542618,-0.05235546454787254,0.2059963345527649,-0.09682393819093704,0.16408629715442657,-0.06775232404470444,0.26170405745506287,0.14236868917942047,0.3016796410083771,0.15874993801116943,0.04875754192471504,-0.08445731550455093,0.4872734248638153,0.14970920979976654,0.09755600243806839,0.14395515620708466,0.31856414675712585,0.17459729313850403,0.018488729372620583,-0.07882621139287949,0.5060139298439026,0.17406992614269257,0.040759455412626266,0.17787548899650574,0.3131076693534851,-0.027541201561689377,0.05897746980190277,-0.11108698695898056,0.5368806719779968,0.0010441318154335022,0.09287529438734055,25,0.834,0.2991066873073578,0.7462332844734192,1.4119426339220809e-07,,0.28414466977119446,0.7444744110107422,-0.021243901923298836,,0.277105450630188,0.732759952545166,-0.03694681078195572,,0.2818896770477295,0.7286984920501709,-0.05034709721803665,,0.287108451128006,0.7321977615356445,-0.06350848823785782,,0.2825815975666046,0.6376970410346985,-0.028139600530266762,,0.2897288501262665,0.5858840942382812,-0.04052971303462982,,0.2948288917541504,0.5751531720161438,-0.04961569234728813,,0.3001384437084198,0.5750762820243835,-0.05547245591878891,,0.30484169721603394,0.6341707110404968,-0.025211703032255173,,0.31773194670677185,0.5882129073143005,-0.036875322461128235,,0.3248537480831146,0.5832110643386841,-0.04467364028096199,,0.3297283947467804,0.5918424129486084,-0.04949313402175903,,0.32262733578681946,0.6399829983711243,-0.023747527971863747,,0.33972910046577454,0.5984197854995728,-0.03574788570404053,,0.34376782178878784,0.5976737141609192,-0.04074154794216156,,0.3453775644302368,0.6104697585105896,-0.04258018359541893,,0.33674758672714233,0.652587354183197,-0.023701338097453117,,0.3515775203704834,0.6212055683135986,-0.03407664597034454,,0.35480910539627075,0.6231613755226135,-0.03629373386502266,,0.3560621440410614,0.636520504951477,-0.03617095574736595,
-0.0377347506582737,-0.5864816904067993,-0.28383371233940125,0.9996864199638367,-0.018202202394604683,-0.6249493956565857,-0.2812809944152832,0.9992998242378235,-0.018750417977571487,-0.6246771216392517,-0.2829597592353821,0.9992600679397583,-0.018286800011992455,-0.6246814727783203,-0.2810046672821045,0.9992374777793884,-0.053842514753341675,-0.6282907128334045,-0.2749740183353424,0.9991994500160217,-0.0517452135682106,-0.6290175318717957,-0.2751024663448334,0.9991868734359741,-0.052343178540468216,-0.6280498504638672,-0.2710988521575928,0.9991274476051331,0.0795179158449173,-0.6232060194015503,-0.1966506540775299,0.9994547963142395,-0.06298430263996124,-0.6335886716842651,-0.14503933489322662,0.998873233795166,-0.005288806278258562,-0.562849760055542,-0.2593734562397003,0.9997286796569824,-0.046944282948970795,-0.5642338395118713,-0.24364326894283295,0.9996704459190369,0.17949321866035461,-0.43551382422447205,-0.12205842137336731,0.999069333076477,-0.13225674629211426,-0.45596206188201904,-0.045814719051122665,0.9993165135383606,0.19179248809814453,-0.1663467437028885,-0.10730103403329849,0.969436526298523,-0.20026522874832153,-0.2630326747894287,-0.10550060123205185,0.9241219758987427,0.196858212351799,0.05674483999609947,-0.21230357885360718,0.8522400259971619,-0.3236691355705261,-0.27663207054138184,-0.32627665996551514,0.8839698433876038,0.1988242119550705,0.11735749989748001,-0.22786268591880798,0.767440676689148,-0.35180965065956116,-0.28290703892707825,-0.36154210567474365,0.841862678527832,0.1817365139722824,0.1168457418680191,-0.27292102575302124,0.805009663105011,-0.3720972537994385,-0.29179060459136963,-0.37241026759147644,0.8575249910354614,0.18155531585216522,0.06847349554300308,-0.23420438170433044,0.7741479873657227,-0.3269294202327728,-0.2750673294067383,-0.33746492862701416,0.8255638480186462,0.09809447079896927,-0.008821620605885983,-0.016845718026161194,0.23498187959194183,-0.09791607409715652,1.275932118005585e-05,0.01859116554260254,0.28213855624198914,0.1031264215707779,0.026024386286735535,-0.06166056916117668,0.19683526456356049,-0.09683548659086227,0.16253651678562164,-0.06858228892087936,0.24806006252765656,0.1421215981245041,0.3037334382534027,0.15536344051361084,0.047221217304468155,-0.08466914296150208,0.4875553250312805,0.15364420413970947,0.09301305562257767,0.14369186758995056,0.3206465542316437,0.1719895303249359,0.018310390412807465,-0.07910975813865662,0.5066984295845032,0.18012234568595886,0.03946064040064812,0.17285850644111633,0.3144657611846924,-0.03195101022720337,0.05681378021836281,-0.11132385581731796,0.5370345711708069,0.005939142778515816,0.08828531950712204,26,0.867,,,,,,,,,,,,,,,,,,,,,,,,,,,,,,,,,,,,,,,,,,,,,,,,,,,,,,,,,,,,,,,,,,,,,,,,,,,,,,,,,,,,
-0.03793013468384743,-0.586461067199707,-0.2830098569393158,0.9997058510780334,-0.01825849711894989,-0.6249087452888489,-0.27891087532043457,0.9993412494659424,-0.018804850056767464,-0.6246339678764343,-0.28040820360183716,0.9993032217025757,-0.018347756937146187,-0.6246296763420105,-0.27846574783325195,0.9992802739143372,-0.05398067086935043,-0.6282519698143005,-0.2724507749080658,0.9992542862892151,-0.051875971257686615,-0.6289685964584351,-0.27269014716148376,0.9992445707321167,-0.05248292535543442,-0.627996563911438,-0.26867565512657166,0.9991893768310547,0.07997355610132217,-0.6227983832359314,-0.19216099381446838,0.9994814991950989,-0.06377361714839935,-0.63325434923172,-0.13830481469631195,0.9989503622055054,-0.005329519510269165,-0.5627133846282959,-0.2574772834777832,0.9997439980506897,-0.04741455987095833,-0.5641219615936279,-0.24130618572235107,0.9996905326843262,0.1801644265651703,-0.43523886799812317,-0.12231514602899551,0.9991092085838318,-0.13223202526569366,-0.45224931836128235,-0.043931711465120316,0.99934321641922,0.1917349398136139,-0.1662866771221161,-0.10866439342498779,0.9705086946487427,-0.19787922501564026,-0.25500252842903137,-0.10068196058273315,0.925399124622345,0.1968492716550827,0.05607548728585243,-0.21455979347229004,0.8569303750991821,-0.32047292590141296,-0.24941754341125488,-0.32129156589508057,0.8866753578186035,0.1993584930896759,0.1180168017745018,-0.23041453957557678,0.769695520401001,-0.3509679436683655,-0.24867355823516846,-0.35561153292655945,0.841184675693512,0.18174047768115997,0.11800897121429443,-0.2762075364589691,0.8082467317581177,-0.3715750575065613,-0.2532403767108917,-0.3710468113422394,0.8583348989486694,0.18154384195804596,0.06818227469921112,-0.23663222789764404,0.7784335613250732,-0.32393860816955566,-0.24562478065490723,-0.3357173502445221,0.8266823291778564,0.09842190146446228,-0.009100609458982944,-0.016886165365576744,0.24730034172534943,-0.09824492037296295,0.0008114204974845052,0.018593458458781242,0.2927683889865875,0.10233405232429504,0.02744751051068306,-0.07596885412931442,0.18525256216526031,-0.09690012037754059,0.16239039599895477,-0.06899809092283249,0.23246757686138153,0.14262531697750092,0.3101295530796051,0.14537055790424347,0.04528788477182388,-0.08478130400180817,0.49301964044570923,0.15629231929779053,0.0877629965543747,0.14431020617485046,0.32715699076652527,0.16235917806625366,0.017887258902192116,-0.07926680892705917,0.5141832828521729,0.18382976949214935,0.037613265216350555,0.1701228767633438,0.32553398609161377,-0.04174395650625229,0.054074302315711975,-0.11144789308309555,0.5469862818717957,0.008714585565030575,0.08290795236825943,27,0.9,0.2885162830352783,0.8167572617530823,1.4723686092565913e-07,,0.2857672870159149,0.7816100120544434,-0.01067436020821333,,0.29187312722206116,0.7547519207000732,-0.023054467514157295,,0.3039902448654175,0.7445707321166992,-0.03625243157148361,,0.3180643618106842,0.7477334141731262,-0.0506075844168663,,0.27545782923698425,0.7642272710800171,-0.025590457022190094,,0.29278767108917236,0.7444097399711609,-0.04354914277791977,,0.30933675169944763,0.7488893866539001,-0.05576758831739426,,0.3208092451095581,0.750938355922699,-0.06363654881715775,,0.2759200930595398,0.805881142616272,-0.0299818217754364,,0.3016553819179535,0.7905885577201843,-0.047398097813129425,,0.3210064768791199,0.7815671563148499,-0.05366192013025284,,0.33357444405555725,0.773734986782074,-0.058095868676900864,,0.27819931507110596,0.8431294560432434,-0.035466715693473816,,0.30679556727409363,0.8278260231018066,-0.05108807981014252,,0.32363590598106384,0.8107418417930603,-0.051159169524908066,,0.33372023701667786,0.7978216409683228,-0.05052562057971954,,0.2833796739578247,0.8751170635223389,-0.04201472923159599,,0.30667126178741455,0.8617000579833984,-0.050517868250608444,,0.31768596172332764,0.8479256629943848,-0.048573918640613556,,0.3233824372291565,0.8362457752227783,-0.04752080515027046,
-0.03915920481085777,-0.5854593515396118,-0.29175376892089844,0.9997187256813049,-0.019188353791832924,-0.6241292357444763,-0.28706368803977966,0.9993710517883301,-0.019716337323188782,-0.6238541007041931,-0.288492351770401,0.9993336796760559,-0.019277706742286682,-0.6238389015197754,-0.2865600287914276,0.9993113875389099,-0.05572957545518875,-0.6272289752960205,-0.28078389167785645,0.999297559261322,-0.053592730313539505,-0.6279312968254089,-0.281063050031662,0.9992908835411072,-0.05421347916126251,-0.6269537210464478,-0.2770383358001709,0.9992400407791138,0.07975932210683823,-0.6221951842308044,-0.1970929503440857,0.9994950890541077,-0.06720574200153351,-0.6313445568084717,-0.1440599411725998,0.9990096688270569,-0.006004298105835915,-0.5615740418434143,-0.265442818403244,0.9997534155845642,-0.04899604246020317,-0.5626044869422913,-0.24966523051261902,0.9997046589851379,0.1800932139158249,-0.4346381723880768,-0.12613117694854736,0.9991450309753418,-0.1329801082611084,-0.44517818093299866,-0.047636013478040695,0.9993607997894287,0.19043849408626556,-0.16552601754665375,-0.11325985193252563,0.9713056683540344,-0.19246745109558105,-0.23326359689235687,-0.09825228154659271,0.9242796897888184,0.19462954998016357,0.05496639385819435,-0.2198355495929718,0.8622999787330627,-0.3158316910266876,-0.21468457579612732,-0.31463128328323364,0.8867108225822449,0.19842316210269928,0.11637481302022934,-0.23772737383842468,0.7756931185722351,-0.34897416830062866,-0.21265485882759094,-0.3489338457584381,0.8391407132148743,0.18032434582710266,0.1145307719707489,-0.28470873832702637,0.8142969608306885,-0.3705141842365265,-0.2211943417787552,-0.37068793177604675,0.8581261038780212,0.1794867068529129,0.06625096499919891,-0.24274711310863495,0.7853302359580994,-0.3200377821922302,-0.21240249276161194,-0.33144521713256836,0.8262815475463867,0.09850654751062393,-0.009482660330832005,-0.0168351661413908,0.2627277970314026,-0.09839338809251785,0.0014575745444744825,0.01848577708005905,0.3044435679912567,0.10198208689689636,0.03514847159385681,-0.07541918754577637,0.1762893944978714,-0.09658712893724442,0.17304271459579468,-0.06678477674722672,0.22090370953083038,0.1412860006093979,0.31491556763648987,0.14555300772190094,0.043904952704906464,-0.08512192219495773,0.49563753604888916,0.15620796382427216,0.08407208323478699,0.14273887872695923,0.3322887122631073,0.1626352220773697,0.01782285049557686,-0.07966878265142441,0.5173622965812683,0.18344037234783173,0.03651462495326996,0.1662539541721344,0.3366672396659851,-0.03964629024267197,0.05233391746878624,-0.11152917146682739,0.5560876727104187,0.00982849020510912,0.07943509519100189,28,0.934,0.29560598731040955,0.8580114245414734,7.746272068231974e-09,,0.2935929000377655,0.8152316212654114,-0.010040102526545525,,0.2990601062774658,0.7923156023025513,-0.02223159931600094,,0.3116089105606079,0.7894240021705627,-0.03479180112481117,,0.3300311267375946,0.8008198142051697,-0.04860743135213852,,0.27302271127700806,0.7993413209915161,-0.023503528907895088,,0.29305341839790344,0.8002878427505493,-0.03937067836523056,,0.30935391783714294,0.8068684935569763,-0.05036846920847893,,0.32134541869163513,0.809898316860199,-0.05674201622605324,,0.2744922637939453,0.8425735235214233,-0.02751726657152176,,0.31272637844085693,0.8417139649391174,-0.04367514327168465,,0.33736592531204224,0.8396734595298767,-0.0491095632314682,,0.3535149395465851,0.8358377814292908,-0.05130636319518089,,0.2811829745769501,0.882111668586731,-0.031994033604860306,,0.31678059697151184,0.8776747584342957,-0.045792534947395325,,0.33524090051651,0.8648422360420227,-0.04473458230495453,,0.3451251983642578,0.8535844683647156,-0.041867733001708984,,0.29001426696777344,0.9142576456069946,-0.037487417459487915,,0.3126690983772278,0.9126327633857727,-0.04429228603839874,,0.3264075517654419,0.9128503799438477,-0.03896515443921089,,0.33386874198913574,0.911190927028656,-0.033731859177351,
-0.0408308170735836,-0.5862021446228027,-0.28927040100097656,0.9997258186340332,-0.021094847470521927,-0.6250014305114746,-0.2830008864402771,0.9993888735771179,-0.021608874201774597,-0.6247257590293884,-0.2843770980834961,0.9993506669998169,-0.021183444187045097,-0.6247206330299377,-0.28237831592559814,0.9993306398391724,-0.05772539973258972,-0.6279069185256958,-0.2776837944984436,0.9993301033973694,-0.05557234212756157,-0.6286022663116455,-0.27803507447242737,0.9993265867233276,-0.05620964616537094,-0.6276273727416992,-0.2740247845649719,0.999281108379364,0.07569719851016998,-0.6234631538391113,-0.19146651029586792,0.9994975328445435,-0.07207880914211273,-0.6317968964576721,-0.14277330040931702,0.9990558624267578,-0.008202198892831802,-0.5623708367347717,-0.2619268298149109,0.9997583031654358,-0.05145437270402908,-0.5631673336029053,-0.2476365566253662,0.9997144937515259,0.17798525094985962,-0.4355649948120117,-0.12318656593561172,0.9991672039031982,-0.13602612912654877,-0.4461044371128082,-0.04749983549118042,0.9993758797645569,0.18784449994564056,-0.16662631928920746,-0.10991466045379639,0.9721848964691162,-0.1855211704969406,-0.226853609085083,-0.09569483250379562,0.9240136742591858,0.19415821135044098,0.05100765451788902,-0.21493513882160187,0.8698689341545105,-0.30094215273857117,-0.19006256759166718,-0.3129698634147644,0.8898025751113892,0.1983892023563385,0.11186862736940384,-0.23657111823558807,0.7856574058532715,-0.33597755432128906,-0.18243680894374847,-0.34906694293022156,0.8415738940238953,0.18033944070339203,0.10753047466278076,-0.28284358978271484,0.8231217265129089,-0.35320934653282166,-0.1935919225215912,-0.3705686926841736,0.8611587882041931,0.17926882207393646,0.06132766231894493,-0.23917226493358612,0.7956926822662354,-0.30462223291397095,-0.18716773390769958,-0.3304830491542816,0.8301629424095154,0.09871651977300644,-0.009677854366600513,-0.016251787543296814,0.2800341248512268,-0.09869556128978729,0.0017102620331570506,0.017792170867323875,0.3201351761817932,0.10603849589824677,0.035655342042446136,-0.07369421422481537,0.16961540281772614,-0.09597718715667725,0.1722828596830368,-0.06609904766082764,0.21121521294116974,0.14132961630821228,0.31364762783050537,0.1467837691307068,0.04247667267918587,-0.08446601033210754,0.49328774213790894,0.15528973937034607,0.08085446804761887,0.1427152007818222,0.33048757910728455,0.1639614701271057,0.017607616260647774,-0.0787041038274765,0.5153024196624756,0.18110130727291107,0.035431183874607086,0.16748687624931335,0.3339923024177551,-0.028340889140963554,0.05063144490122795,-0.10837742686271667,0.5540871024131775,0.008171609602868557,0.07650036364793777,29,0.967,0.28302282094955444,0.8851752281188965,-6.343736647096421e-09,,0.2822306752204895,0.8387032151222229,-0.012071523815393448,,0.28583723306655884,0.8111665844917297,-0.023073190823197365,,0.2955712676048279,0.8079848289489746,-0.03302912786602974,,0.30982163548469543,0.8201103806495667,-0.04363211244344711,,0.27630603313446045,0.8469907641410828,-0.02873874455690384,,0.3107747733592987,0.8458468914031982,-0.04463432356715202,,0.3334560990333557,0.8445718288421631,-0.05503597483038902,,0.34886878728866577,0.8432591557502747,-0.060301102697849274,,0.2813960313796997,0.8917891979217529,-0.030218787491321564,,0.31961455941200256,0.8835586309432983,-0.04471792280673981,,0.34186750650405884,0.8716332316398621,-0.04832984879612923,,0.3554956614971161,0.8637006282806396,-0.0498315654695034,,0.28738340735435486,0.926369309425354,-0.031976789236068726,,0.32462528347969055,0.9130465984344482,-0.044338516891002655,,0.3388449549674988,0.8940032720565796,-0.043054305016994476,,0.34446287155151367,0.8789668679237366,-0.04040200635790825,,0.29366952180862427,0.950975239276886,-0.03492714464664459,,0.319248765707016,0.9388926029205322,-0.039854079484939575,,0.33171194791793823,0.9265176653862,-0.03478135168552399,,0.3378479778766632,0.9178217053413391,-0.030533768236637115,
-0.04195783659815788,-0.5869747996330261,-0.2874933183193207,0.9997212886810303,-0.022836819291114807,-0.6258333921432495,-0.28079304099082947,0.9993852376937866,-0.023349996656179428,-0.6255655288696289,-0.28219255805015564,0.9993441104888916,-0.022913390770554543,-0.6255846619606018,-0.2801387310028076,0.9993288516998291,-0.05907217785716057,-0.6284588575363159,-0.27612486481666565,0.9993419647216797,-0.0569148026406765,-0.629165530204773,-0.27647897601127625,0.9993420839309692,-0.05755825340747833,-0.628197431564331,-0.2724674344062805,0.9993032217025757,0.0710635855793953,-0.6250589489936829,-0.1896277666091919,0.9994794130325317,-0.07485521584749222,-0.6321178674697876,-0.1427612006664276,0.9990695118904114,-0.009999438188970089,-0.5634608268737793,-0.25985321402549744,0.9997510313987732,-0.05287047103047371,-0.5638608336448669,-0.24670550227165222,0.9997116327285767,0.1746835708618164,-0.43754488229751587,-0.12177996337413788,0.9991716146469116,-0.13763611018657684,-0.44684144854545593,-0.04741102457046509,0.9993665218353271,0.184962198138237,-0.1698811948299408,-0.10485252737998962,0.9727879166603088,-0.18127714097499847,-0.221050426363945,-0.08897097408771515,0.9207192659378052,0.19176967442035675,0.04592128098011017,-0.20527324080467224,0.8773632645606995,-0.2981826663017273,-0.17742115259170532,-0.3027319610118866,0.891767144203186,0.19705569744110107,0.10569833964109421,-0.22939737141132355,0.7967508435249329,-0.33433547616004944,-0.16935032606124878,-0.34281864762306213,0.8441306948661804,0.1795249581336975,0.09870287775993347,-0.27652469277381897,0.8325543403625488,-0.35058197379112244,-0.18282735347747803,-0.3661642074584961,0.8641674518585205,0.1775432974100113,0.055163778364658356,-0.22970756888389587,0.8066076040267944,-0.302259236574173,-0.17502455413341522,-0.3204139471054077,0.8337827920913696,0.09872899204492569,-0.009812823496758938,-0.015912946313619614,0.2975209057331085,-0.09873302280902863,0.0018201153725385666,0.017420252785086632,0.3354785740375519,0.11262410134077072,0.04104035347700119,-0.07230807095766068,0.16684198379516602,-0.0939597561955452,0.1737922877073288,-0.06475818157196045,0.2062872052192688,0.14147713780403137,0.3127782642841339,0.14718270301818848,0.04191892594099045,-0.08036615699529648,0.49269774556159973,0.1456357091665268,0.07968656718730927,0.14270682632923126,0.3296017646789551,0.1643093079328537,0.01782090961933136,-0.07351316511631012,0.5147190093994141,0.16726140677928925,0.03531999886035919,0.1696956604719162,0.3336412012577057,-0.02178015746176243,0.05011554807424545,-0.10045690089464188,0.5535669326782227,-0.002337545854970813,0.07586894184350967,30,1.001,0.31163454055786133,0.9059122204780579,-1.1434030255941252e-07,,0.3026345670223236,0.8591618537902832,-0.014998914673924446,,0.2920747995376587,0.8220404386520386,-0.02770395763218403,,0.29632368683815,0.8153408169746399,-0.03999457508325577,,0.305095911026001,0.8386365175247192,-0.05219922959804535,,0.2752062678337097,0.8673477172851562,-0.028476489707827568,,0.2859274446964264,0.8704861402511597,-0.05272945761680603,,0.30694815516471863,0.8701579570770264,-0.06875179708003998,,0.3256364166736603,0.8772313594818115,-0.07572495192289352,,0.2800251543521881,0.9130241274833679,-0.02896922640502453,,0.2997865080833435,0.9141578674316406,-0.05143279954791069,,0.3248184323310852,0.9005928635597229,-0.05662136152386665,,0.34491240978240967,0.8938478231430054,-0.05595413222908974,,0.28800010681152344,0.9458418488502502,-0.03118003159761429,,0.30681300163269043,0.9446395635604858,-0.04696022346615791,,0.3217613399028778,0.9281402826309204,-0.042462218552827835,,0.32987695932388306,0.9171046018600464,-0.035671692341566086,,0.2974308431148529,0.9683870673179626,-0.035393211990594864,,0.31282585859298706,0.9687374830245972,-0.04280189424753189,,0.3245082199573517,0.9544586539268494,-0.037573788315057755,,0.33028680086135864,0.9425133466720581,-0.031465258449316025,
-0.043034784495830536,-0.5869998931884766,-0.2838189899921417,0.9997228980064392,-0.023818043991923332,-0.6258580088615417,-0.2771798372268677,0.9993910789489746,-0.024327624589204788,-0.6255894303321838,-0.27853521704673767,0.9993492364883423,-0.023907726630568504,-0.6256102919578552,-0.2764343023300171,0.9993374943733215,-0.0598917156457901,-0.628467857837677,-0.2727864980697632,0.9993600845336914,-0.057729195803403854,-0.6291722655296326,-0.27323105931282043,0.999363362789154,-0.058388203382492065,-0.6282038688659668,-0.2692158818244934,0.9993292093276978,0.06925176084041595,-0.6251674294471741,-0.1871740221977234,0.999474823474884,-0.07597045600414276,-0.6321289539337158,-0.14172109961509705,0.99909508228302,-0.011339451186358929,-0.5634908080101013,-0.2563433051109314,0.9997532963752747,-0.054076265543699265,-0.5638733506202698,-0.24367095530033112,0.9997172951698303,0.1730322390794754,-0.4380803108215332,-0.1208193227648735,0.9991999864578247,-0.13814695179462433,-0.44714105129241943,-0.04702075943350792,0.9993817210197449,0.18346017599105835,-0.17063891887664795,-0.10437767207622528,0.9743294715881348,-0.17869573831558228,-0.2224711924791336,-0.08593088388442993,0.921951949596405,0.19081196188926697,0.04292875900864601,-0.20167647302150726,0.8862885236740112,-0.29331669211387634,-0.17668652534484863,-0.2974335253238678,0.8962787985801697,0.19668425619602203,0.10268943011760712,-0.22710807621479034,0.8088783621788025,-0.3292490243911743,-0.16592146456241608,-0.338809609413147,0.8479747772216797,0.1792202889919281,0.09564025700092316,-0.27428731322288513,0.8427752256393433,-0.34333524107933044,-0.17837360501289368,-0.362893283367157,0.8680679202079773,0.17684799432754517,0.0518568716943264,-0.22562123835086823,0.8186368346214294,-0.29674673080444336,-0.17399516701698303,-0.31514790654182434,0.8391143083572388,0.0987669825553894,-0.009827791713178158,-0.0159075278788805,0.32000458240509033,-0.09880444407463074,0.0018867073813453317,0.017388466745615005,0.35536330938339233,0.11404871940612793,0.04437558725476265,-0.07347801327705383,0.1592472642660141,-0.09392092376947403,0.17056241631507874,-0.06444408744573593,0.195600226521492,0.14123517274856567,0.31435060501098633,0.14603696763515472,0.04034065827727318,-0.07899563759565353,0.49121972918510437,0.14575143158435822,0.07597006112337112,0.14229543507099152,0.33083370327949524,0.16265977919101715,0.01745458133518696,-0.07184312492609024,0.5140303373336792,0.16743488609790802,0.03414846211671829,0.16885124146938324,0.3375896215438843,-0.0215790756046772,0.04805195704102516,-0.09863556921482086,0.5526511669158936,-0.002192246727645397,0.07234659045934677,31,1.034,0.2890925407409668,0.9211298823356628,-1.4924121671811008e-07,,0.2871859669685364,0.8754431009292603,-0.014814646914601326,,0.28709444403648376,0.8405396938323975,-0.027840297669172287,,0.2954593300819397,0.832159698009491,-0.03886648640036583,,0.30854666233062744,0.8533790111541748,-0.049401503056287766,,0.2806920111179352,0.8887258172035217,-0.036727551370859146,,0.31847062706947327,0.8922598958015442,-0.057901348918676376,,0.34072884917259216,0.8941578269004822,-0.07178415358066559,,0.3563103675842285,0.8968713283538818,-0.07812659442424774,,0.2865423560142517,0.9341343641281128,-0.03530807048082352,,0.33194655179977417,0.9198387861251831,-0.050034042447805405,,0.3438742756843567,0.9025844931602478,-0.05087699741125107,,0.3509206473827362,0.891699492931366,-0.05025419592857361,,0.29352033138275146,0.9653822779655457,-0.03439224883913994,,0.33367612957954407,0.9473389983177185,-0.04203451797366142,,0.33090734481811523,0.92985999584198,-0.03312453255057335,,0.3232138454914093,0.9176895022392273,-0.026056664064526558,,0.3015080690383911,0.9860522747039795,-0.03583914786577225,,0.3286859095096588,0.9693646430969238,-0.03830655291676521,,0.32702064514160156,0.9522353410720825,-0.030248071998357773,,0.3200957477092743,0.940345048904419,-0.0232993271201849,
-0.044335607439279556,-0.587015688419342,-0.2836330831050873,0.9997222423553467,-0.02498152107000351,-0.6258662343025208,-0.2775687277317047,0.9993912577629089,-0.02549189329147339,-0.6255965828895569,-0.27895522117614746,0.9993494749069214,-0.02506738156080246,-0.6256173253059387,-0.27686527371406555,0.9993385672569275,-0.0609048493206501,-0.6284652352333069,-0.27304357290267944,0.9993726015090942,-0.058747850358486176,-0.6291695237159729,-0.27344778180122375,0.9993800520896912,-0.0594034343957901,-0.6282012462615967,-0.26943427324295044,0.9993500709533691,0.06733862310647964,-0.6251494884490967,-0.18818698823451996,0.9994641542434692,-0.07716003060340881,-0.6319745182991028,-0.143305703997612,0.9991146326065063,-0.013122589327394962,-0.5635101199150085,-0.25689250230789185,0.9997523427009583,-0.05564102903008461,-0.5638737678527832,-0.24398978054523468,0.9997191429138184,0.17125076055526733,-0.4380268156528473,-0.12254933267831802,0.9992193579673767,-0.13923990726470947,-0.4466184079647064,-0.0483427494764328,0.9993892908096313,0.18192267417907715,-0.1708245426416397,-0.1062839925289154,0.9747602939605713,-0.17899322509765625,-0.21944782137870789,-0.0865846499800682,0.9186768531799316,0.18815571069717407,0.04322797432541847,-0.2023339718580246,0.8900038003921509,-0.2919318377971649,-0.17472144961357117,-0.29871445894241333,0.8950921893119812,0.19413353502750397,0.10299431532621384,-0.22763660550117493,0.8133838772773743,-0.3268166184425354,-0.16618508100509644,-0.33944442868232727,0.8461008667945862,0.17693954706192017,0.09607193619012833,-0.274507075548172,0.8471896648406982,-0.3410104513168335,-0.17726588249206543,-0.3630278408527374,0.8676621317863464,0.1743650734424591,0.05235834792256355,-0.22662001848220825,0.8235158920288086,-0.2954673767089844,-0.17145387828350067,-0.31570354104042053,0.8383312225341797,0.09877671301364899,-0.009877759963274002,-0.01623302511870861,0.3255249261856079,-0.09881722927093506,0.0019068040419369936,0.017699792981147766,0.3584100008010864,0.11102299392223358,0.04422640800476074,-0.07428418844938278,0.15431371331214905,-0.09603137522935867,0.17028801143169403,-0.06415920704603195,0.18678562343120575,0.1392461359500885,0.3088993430137634,0.14555208384990692,0.039282772690057755,-0.08223343640565872,0.48313599824905396,0.14766952395439148,0.07273955643177032,0.13977885246276855,0.3243318796157837,0.1624678671360016,0.01732235588133335,-0.07542052119970322,0.5042295455932617,0.17025919258594513,0.03343190252780914,0.16462700068950653,0.3301953375339508,-0.023535415530204773,0.04685578867793083,-0.10755790770053864,0.5481942892074585,0.0016011723782867193,0.06979686766862869,32,1.067,0.3021206259727478,0.9270983934402466,-1.9671672646381921e-07,,0.2951539158821106,0.8850317597389221,-0.015216680243611336,,0.28788629174232483,0.8493508100509644,-0.02756045199930668,,0.29307499527931213,0.8375188112258911,-0.038125939667224884,,0.3049955666065216,0.8548133373260498,-0.04867057874798775,,0.27862197160720825,0.9021190404891968,-0.036821749061346054,,0.31003838777542114,0.8994972705841064,-0.05558576434850693,,0.3314090073108673,0.8953980207443237,-0.0664546936750412,,0.35000067949295044,0.8925398588180542,-0.07080473005771637,,0.2852248549461365,0.9467324018478394,-0.035172734409570694,,0.3254505693912506,0.9295201301574707,-0.05064024403691292,,0.3469434976577759,0.9135636687278748,-0.05309029668569565,,0.36460599303245544,0.902569591999054,-0.0534558966755867,,0.2940334975719452,0.9770748019218445,-0.03369421884417534,,0.326313316822052,0.9615452289581299,-0.043990910053253174,,0.33626583218574524,0.9469125270843506,-0.040222134441137314,,0.34251338243484497,0.9351486563682556,-0.036442436277866364,,0.30379027128219604,0.9981666207313538,-0.03399450331926346,,0.3219989836215973,0.9895644783973694,-0.03913795202970505,,0.32985812425613403,0.9740867018699646,-0.03479902073740959,,0.3350690007209778,0.9613339304924011,-0.03072718344628811,
-0.04447072744369507,-0.5874729156494141,-0.28205496072769165,0.9996539950370789,-0.025638950988650322,-0.6263716816902161,-0.27590158581733704,0.9993062615394592,-0.02614118903875351,-0.6261053681373596,-0.2774220108985901,0.9992665648460388,-0.02568926475942135,-0.6261681318283081,-0.275320827960968,0.9992731809616089,-0.061177898198366165,-0.6286691427230835,-0.27157673239707947,0.9992868900299072,-0.05902300029993057,-0.6293964385986328,-0.2718791961669922,0.9992997050285339,-0.05967383086681366,-0.6284375786781311,-0.2678984999656677,0.9992784261703491,0.06508003175258636,-0.6257691979408264,-0.18767908215522766,0.9993696808815002,-0.07755926251411438,-0.6318161487579346,-0.14341983199119568,0.9989781975746155,-0.013506649993360043,-0.5641891956329346,-0.25580745935440063,0.9996954798698425,-0.055701080709695816,-0.5641050338745117,-0.24347956478595734,0.9996448755264282,0.1706661432981491,-0.4380802512168884,-0.12378125637769699,0.9991874694824219,-0.14065225422382355,-0.44689512252807617,-0.050145626068115234,0.9993064999580383,0.18261972069740295,-0.17075832188129425,-0.10609632730484009,0.9730150699615479,-0.18150445818901062,-0.21883711218833923,-0.0787515863776207,0.9032930135726929,0.188217431306839,0.04039762169122696,-0.20118844509124756,0.8895407319068909,-0.2941485643386841,-0.16940124332904816,-0.29176339507102966,0.8815028071403503,0.194435253739357,0.09759144484996796,-0.22798922657966614,0.8170219659805298,-0.3280365765094757,-0.1596783995628357,-0.3355410695075989,0.8365301489830017,0.17681792378425598,0.08506657928228378,-0.2752833962440491,0.8507986664772034,-0.3412916362285614,-0.1777757853269577,-0.36253783106803894,0.8610323667526245,0.1743854135274887,0.04784694314002991,-0.22624103724956512,0.827949583530426,-0.2975763976573944,-0.16760751605033875,-0.31132954359054565,0.832642138004303,0.09861472994089127,-0.00971547793596983,-0.016262415796518326,0.3378777503967285,-0.09871134161949158,0.0015414211666211486,0.017756789922714233,0.36742183566093445,0.11089114844799042,0.05593087151646614,-0.06845404952764511,0.15487194061279297,-0.09597783535718918,0.1762184500694275,-0.06324208527803421,0.18395209312438965,0.12894225120544434,0.3133752942085266,0.14569030702114105,0.03903228044509888,-0.0837099477648735,0.4830581545829773,0.13614565134048462,0.07259366661310196,0.12764938175678253,0.3296682834625244,0.16263607144355774,0.01773383840918541,-0.07746502012014389,0.5038008689880371,0.15653090178966522,0.03463635966181755,0.15758098661899567,0.3354816734790802,-0.017231665551662445,0.047151483595371246,-0.11142797768115997,0.5479367971420288,-0.0036238711327314377,0.07109707593917847,33,1.101,0.29723069071769714,0.9420047402381897,-2.663444718109531e-07,,0.29506221413612366,0.8964827060699463,-0.01552190724760294,,0.2910924553871155,0.8607481122016907,-0.02822587452828884,,0.29432591795921326,0.8551798462867737,-0.03838265687227249,,0.3048536479473114,0.8743377327919006,-0.04885370284318924,,0.2825818359851837,0.9124950766563416,-0.04120754078030586,,0.31908294558525085,0.9092073440551758,-0.058419082313776016,,0.33928442001342773,0.9075794816017151,-0.0683695450425148,,0.35544973611831665,0.9035372734069824,-0.0725436881184578,,0.28724250197410583,0.9555062055587769,-0.03825462982058525,,0.3277650773525238,0.9398171901702881,-0.050326526165008545,,0.34643587470054626,0.9310312867164612,-0.053039174526929855,,0.36130189895629883,0.9209530353546143,-0.05504893884062767,,0.2948542833328247,0.9858849048614502,-0.03463826701045036,,0.33095675706863403,0.9710031747817993,-0.042868632823228836,,0.3441466689109802,0.960633397102356,-0.040143933147192,,0.3532184660434723,0.9506292939186096,-0.03806796669960022,,0.304412305355072,1.0070551633834839,-0.03249087929725647,,0.32526904344558716,1.002769947052002,-0.03665441274642944,,0.33393150568008423,0.9957115650177002,-0.03294811025261879,,0.34057557582855225,0.9907886385917664,-0.029822031036019325,
-0.045576684176921844,-0.5875825881958008,-0.28183427453041077,0.9996188879013062,-0.0271208006888628,-0.6265527009963989,-0.27544105052948,0.9992653727531433,-0.027613447979092598,-0.6262845993041992,-0.27697694301605225,0.9992306232452393,-0.02716008573770523,-0.626356303691864,-0.274889200925827,0.999243974685669,-0.06256936490535736,-0.6286845207214355,-0.27122873067855835,0.9992424845695496,-0.060412339866161346,-0.6294138431549072,-0.27150753140449524,0.9992604851722717,-0.06105377525091171,-0.6284551024436951,-0.2675360143184662,0.9992411732673645,0.06311424821615219,-0.6260567903518677,-0.18755175173282623,0.9993206262588501,-0.07952238619327545,-0.6311101317405701,-0.14339569211006165,0.9989134073257446,-0.014681811444461346,-0.5643738508224487,-0.2555578649044037,0.9996720552444458,-0.05677487328648567,-0.5641076564788818,-0.2433735728263855,0.999611496925354,0.1700960248708725,-0.4381450116634369,-0.12462373822927475,0.9991949796676636,-0.14304235577583313,-0.4454346299171448,-0.051054324954748154,0.9992627501487732,0.18341049551963806,-0.17059047520160675,-0.10689669847488403,0.9721322655677795,-0.18451844155788422,-0.21779492497444153,-0.0747213140130043,0.8944087028503418,0.1881190538406372,0.03480996936559677,-0.20408497750759125,0.8880031108856201,-0.29555583000183105,-0.17050336301326752,-0.28598350286483765,0.8676677346229553,0.19437812268733978,0.09080508351325989,-0.23427899181842804,0.8166667819023132,-0.3301554024219513,-0.16012981534004211,-0.32767197489738464,0.823814868927002,0.17584232985973358,0.07658548653125763,-0.28272098302841187,0.8516600728034973,-0.3435837924480438,-0.1765773594379425,-0.3587927222251892,0.8525497317314148,0.1740531623363495,0.041245680302381516,-0.23035062849521637,0.8290496468544006,-0.2983696162700653,-0.16866540908813477,-0.3069339990615845,0.8246464133262634,0.09857293963432312,-0.009728308767080307,-0.016402864828705788,0.3459814786911011,-0.09868770092725754,0.0015514497645199299,0.0178998876363039,0.371709406375885,0.10661023110151291,0.05606052279472351,-0.07018749415874481,0.15027695894241333,-0.0963093489408493,0.18318839371204376,-0.06318633258342743,0.17716655135154724,0.12500907480716705,0.318799763917923,0.1430843025445938,0.038334425538778305,-0.08964796364307404,0.49219679832458496,0.13497629761695862,0.071070596575737,0.1238102987408638,0.3359855115413666,0.1604650318622589,0.017887771129608154,-0.08471430093050003,0.5131699442863464,0.15631209313869476,0.03482181578874588,0.1522119641304016,0.34038877487182617,-0.01829896681010723,0.046615149825811386,-0.1231057271361351,0.5566953420639038,-0.0035909649450331926,0.07034485042095184,34,1.134,0.30465906858444214,0.9387165307998657,-2.760364736786869e-07,,0.30157577991485596,0.8978210687637329,-0.018401768058538437,,0.29454630613327026,0.8670985698699951,-0.031834669411182404,,0.2939951717853546,0.8629408478736877,-0.042114097625017166,,0.3031463027000427,0.8812477588653564,-0.05200919508934021,,0.28116774559020996,0.917779266834259,-0.04417607933282852,,0.3190058171749115,0.9161131381988525,-0.06231921166181564,,0.34001779556274414,0.9142656922340393,-0.07060550153255463,,0.3563571274280548,0.9108293652534485,-0.07326857000589371,,0.2849090099334717,0.9614566564559937,-0.04016293212771416,,0.32743319869041443,0.9490986466407776,-0.054233480244874954,,0.3465460538864136,0.9421822428703308,-0.05613724887371063,,0.36081674695014954,0.9344854950904846,-0.056817032396793365,,0.2929627001285553,0.9917309284210205,-0.035843923687934875,,0.3308832049369812,0.9800525903701782,-0.04655250906944275,,0.34481507539749146,0.9696736335754395,-0.04365229606628418,,0.35378971695899963,0.9606400728225708,-0.04062206670641899,,0.30373620986938477,1.0122641324996948,-0.03315650671720505,,0.3251456022262573,1.0096701383590698,-0.03955800086259842,,0.33459120988845825,1.003044843673706,-0.03689068183302879,,0.341313898563385,0.998916745185852,-0.03380037471652031,
-0.04609648138284683,-0.5879248976707458,-0.2815246880054474,0.9995830655097961,-0.027741575613617897,-0.626892626285553,-0.2753567099571228,0.9992249011993408,-0.028231440111994743,-0.6266234517097473,-0.27689221501350403,0.9991949200630188,-0.027768198400735855,-0.6267117857933044,-0.2748076021671295,0.9992160201072693,-0.06303837895393372,-0.6288416981697083,-0.27107149362564087,0.9991963505744934,-0.06088191643357277,-0.6295810341835022,-0.2713581621646881,0.9992174506187439,-0.061517469584941864,-0.6286246180534363,-0.2673814296722412,0.9992009401321411,0.062400635331869125,-0.626264214515686,-0.18762433528900146,0.9992730021476746,-0.0798223689198494,-0.6309160590171814,-0.14352290332317352,0.9988359808921814,-0.015310448594391346,-0.5647581815719604,-0.2554256021976471,0.9996436238288879,-0.057207223027944565,-0.5642483830451965,-0.24308331310749054,0.9995705485343933,0.16973446309566498,-0.4381276071071625,-0.12631015479564667,0.9991941452026367,-0.1440885215997696,-0.4454033076763153,-0.051442354917526245,0.9992121458053589,0.18402844667434692,-0.17051663994789124,-0.10753080993890762,0.9706248641014099,-0.18616923689842224,-0.21959447860717773,-0.06862030178308487,0.8823977708816528,0.18818563222885132,0.0323629267513752,-0.20498009026050568,0.8850795030593872,-0.29619893431663513,-0.17171746492385864,-0.27611830830574036,0.8525570631027222,0.19469410181045532,0.08720146119594574,-0.23658126592636108,0.8160538077354431,-0.33327436447143555,-0.1619407832622528,-0.3170071244239807,0.8113316893577576,0.17585596442222595,0.07224070280790329,-0.28486010432243347,0.8520685434341431,-0.3469456136226654,-0.17881470918655396,-0.3497481644153595,0.8437764048576355,0.17409078776836395,0.0383504293859005,-0.23168984055519104,0.8294947147369385,-0.29911062121391296,-0.16984966397285461,-0.2977515459060669,0.8161432147026062,0.09850875288248062,-0.009709319099783897,-0.01676761545240879,0.3510483503341675,-0.09864600002765656,0.0014537596143782139,0.018318867310881615,0.37371188402175903,0.10354553163051605,0.05516563355922699,-0.06999309360980988,0.14801430702209473,-0.0974172055721283,0.18344645202159882,-0.06283930689096451,0.1722789704799652,0.12136958539485931,0.31852275133132935,0.1430283784866333,0.03785832226276398,-0.09438993036746979,0.49184226989746094,0.13490475714206696,0.07000190764665604,0.11990313231945038,0.33569034934043884,0.16051748394966125,0.018045959994196892,-0.09007079899311066,0.5127707123756409,0.15665289759635925,0.03538931906223297,0.1478080302476883,0.3400110602378845,-0.018510904163122177,0.046540044248104095,-0.13244642317295074,0.5558690428733826,-0.003436899045482278,0.07043536752462387,35,1.167,0.3030368983745575,0.9426259994506836,-2.768206854852906e-07,,0.2991248667240143,0.9031192660331726,-0.016099894419312477,,0.2933196425437927,0.8731085658073425,-0.028691966086626053,,0.2954610288143158,0.8696898818016052,-0.03859680891036987,,0.30706295371055603,0.8860001564025879,-0.04858025163412094,,0.2819862961769104,0.9210010766983032,-0.04177936911582947,,0.3183833062648773,0.9195471405982971,-0.058905504643917084,,0.3390977084636688,0.9182221293449402,-0.06756545603275299,,0.35586896538734436,0.9160628914833069,-0.07075619697570801,,0.2862009108066559,0.9636895060539246,-0.03872505575418472,,0.3255060315132141,0.9527725577354431,-0.05175772309303284,,0.34498631954193115,0.946029007434845,-0.05437066778540611,,0.35976922512054443,0.9379814863204956,-0.055824968963861465,,0.29408004879951477,0.9938849210739136,-0.03502458706498146,,0.32989075779914856,0.9829075932502747,-0.04445694014430046,,0.34438300132751465,0.9702011346817017,-0.042481258511543274,,0.3539462387561798,0.9585307836532593,-0.04042365029454231,,0.30415916442871094,1.0147050619125366,-0.03276149928569794,,0.3255862593650818,1.0137062072753906,-0.03753315284848213,,0.33460766077041626,1.0049636363983154,-0.03449629619717598,,0.3411881923675537,0.9979060888290405,-0.031642429530620575,
-0.04707431048154831,-0.588339626789093,-0.28139790892601013,0.9995282888412476,-0.028829393908381462,-0.6272522211074829,-0.27528053522109985,0.9991554617881775,-0.02931760437786579,-0.6269835829734802,-0.2768345773220062,0.9991289377212524,-0.028838515281677246,-0.6270910501480103,-0.27474814653396606,0.9991627931594849,-0.06388483941555023,-0.6290947198867798,-0.2709200084209442,0.9991194605827332,-0.061733096837997437,-0.6298506259918213,-0.27117910981178284,0.9991438388824463,-0.06236344203352928,-0.6288995742797852,-0.26721131801605225,0.9991320967674255,0.06164352595806122,-0.6264979839324951,-0.18778300285339355,0.9991980791091919,-0.08001388609409332,-0.6309167146682739,-0.14356820285320282,0.9987013339996338,-0.016253376379609108,-0.5652194619178772,-0.2553236186504364,0.9995992183685303,-0.057858943939208984,-0.5645551681518555,-0.2428976595401764,0.9995080232620239,0.16933152079582214,-0.43812593817710876,-0.12853117287158966,0.9991734027862549,-0.1445862054824829,-0.44558823108673096,-0.0514276847243309,0.9991326332092285,0.18421657383441925,-0.17039509117603302,-0.10919268429279327,0.969250500202179,-0.18602952361106873,-0.22107869386672974,-0.0639653131365776,0.8676127195358276,0.18803413212299347,0.03295627236366272,-0.20646092295646667,0.883080005645752,-0.29721924662590027,-0.17101044952869415,-0.2706660330295563,0.836977481842041,0.1946665495634079,0.0881425216794014,-0.23919127881526947,0.8167853951454163,-0.33372101187705994,-0.16044865548610687,-0.31209254264831543,0.7989822626113892,0.1755073070526123,0.07372123748064041,-0.28709834814071655,0.8532813191413879,-0.34741973876953125,-0.17817500233650208,-0.34439584612846375,0.8345939517021179,0.1738523691892624,0.039187174290418625,-0.2333483248949051,0.8308500051498413,-0.3001634478569031,-0.16908234357833862,-0.29223087430000305,0.8071834444999695,0.09843665361404419,-0.009644897654652596,-0.017290351912379265,0.3544284701347351,-0.09859707206487656,0.0012716320343315601,0.018904797732830048,0.37413260340690613,0.10250753164291382,0.0555645152926445,-0.06928592175245285,0.14766249060630798,-0.09795577824115753,0.1831718385219574,-0.062368325889110565,0.16926252841949463,0.11834792792797089,0.3176083564758301,0.14315517246723175,0.03754163905978203,-0.09639157354831696,0.4902261197566986,0.13457895815372467,0.06937123835086823,0.11651148647069931,0.3346037268638611,0.16065137088298798,0.01822272501885891,-0.09226898103952408,0.5103279948234558,0.1563626080751419,0.03609948977828026,0.1446039229631424,0.33940306305885315,-0.017932621762156487,0.04656839370727539,-0.13575662672519684,0.5541211366653442,-0.0033205330837517977,0.07086288183927536,36,1.201,0.3057340681552887,0.9437915086746216,-2.9132922918506665e-07,,0.3006800711154938,0.9053531289100647,-0.014395242556929588,,0.29362672567367554,0.8756375908851624,-0.02614576555788517,,0.2951488792896271,0.8730467557907104,-0.03551456704735756,,0.30704188346862793,0.8901824951171875,-0.04523353651165962,,0.2819755971431732,0.9235708117485046,-0.03896113857626915,,0.31680721044540405,0.9220806360244751,-0.054624173790216446,,0.3380582928657532,0.9216137528419495,-0.06286551803350449,,0.35569310188293457,0.9201301336288452,-0.06599723547697067,,0.28632479906082153,0.964729905128479,-0.03661845996975899,,0.32494980096817017,0.9556893706321716,-0.04862748086452484,,0.34532544016838074,0.9501329660415649,-0.05185268446803093,,0.361276775598526,0.9422481060028076,-0.05375845730304718,,0.2943623960018158,0.9942102432250977,-0.033435799181461334,,0.3306879699230194,0.9841107130050659,-0.04197236895561218,,0.3465462625026703,0.9728385210037231,-0.04074300825595856,,0.3574149012565613,0.9620167016983032,-0.03928225487470627,,0.3047536611557007,1.0146832466125488,-0.031493280082941055,,0.3260471224784851,1.0142652988433838,-0.035494364798069,,0.336126446723938,1.0080355405807495,-0.03239203244447708,,0.3440893590450287,1.0031909942626953,-0.029610181227326393,
-0.048230480402708054,-0.5888620018959045,-0.28056600689888,0.9995104670524597,-0.02987450174987316,-0.6277794241905212,-0.274501770734787,0.9991347193717957,-0.030364058911800385,-0.627507209777832,-0.27606716752052307,0.9991109371185303,-0.029891449958086014,-0.6276218295097351,-0.2739887833595276,0.9991508722305298,-0.06486604362726212,-0.6294701099395752,-0.26991748809814453,0.9990977048873901,-0.0627172589302063,-0.6302299499511719,-0.27016428112983704,0.9991250038146973,-0.06334855407476425,-0.629280686378479,-0.26619842648506165,0.9991156458854675,0.061137109994888306,-0.6269243955612183,-0.1876731961965561,0.9991720914840698,-0.08042939752340317,-0.6309247016906738,-0.14288289844989777,0.998661994934082,-0.01720099151134491,-0.5657267570495605,-0.25483599305152893,0.9995885491371155,-0.05875357612967491,-0.5648924708366394,-0.24214468896389008,0.999491810798645,0.16923166811466217,-0.4381285607814789,-0.1289503276348114,0.9991859793663025,-0.14498664438724518,-0.4457223415374756,-0.05102279409766197,0.9991118907928467,0.18457765877246857,-0.16937492787837982,-0.109804168343544,0.9692935347557068,-0.18621519207954407,-0.22170396149158478,-0.062252528965473175,0.8610572814941406,0.18805907666683197,0.03350668027997017,-0.20686276257038116,0.8846003413200378,-0.2976812422275543,-0.17451757192611694,-0.2709585130214691,0.8284854292869568,0.19470174610614777,0.08897536247968674,-0.2396390736103058,0.8196105360984802,-0.3339560627937317,-0.16461534798145294,-0.31226104497909546,0.7908303737640381,0.1755092591047287,0.07473500072956085,-0.2874767482280731,0.8562409281730652,-0.3476167619228363,-0.1822342872619629,-0.34353992342948914,0.8292061686515808,0.17386765778064728,0.03982148692011833,-0.23377637565135956,0.8342326879501343,-0.3009011745452881,-0.17305612564086914,-0.29216811060905457,0.8022776246070862,0.09843386709690094,-0.009648595005273819,-0.017762238159775734,0.3617786765098572,-0.09859871864318848,0.0012726334389299154,0.019359292462468147,0.37926962971687317,0.1016492247581482,0.055045824497938156,-0.07072103023529053,0.1442539244890213,-0.09863495826721191,0.18335586786270142,-0.06172303855419159,0.16422782838344574,0.11787522584199905,0.3173581063747406,0.1432347595691681,0.03690159320831299,-0.09850715100765228,0.49111124873161316,0.13559873402118683,0.06816015392541885,0.1161755695939064,0.33428525924682617,0.16097380220890045,0.018312666565179825,-0.09448833018541336,0.5112473368644714,0.15772119164466858,0.03633042424917221,0.1426360160112381,0.3388908803462982,-0.01758495718240738,0.04597635567188263,-0.13863128423690796,0.5552218556404114,-0.0013891329290345311,0.07021434605121613,37,1.234,0.3063447177410126,0.9389811158180237,-2.820258373503748e-07,,0.300913006067276,0.902036190032959,-0.01465770322829485,,0.2939605414867401,0.8732818365097046,-0.026895761489868164,,0.29639557003974915,0.8705096244812012,-0.036920636892318726,,0.30889952182769775,0.8876781463623047,-0.047351036220788956,,0.2825270891189575,0.9248698353767395,-0.03847036138176918,,0.31805163621902466,0.9200268983840942,-0.055598627775907516,,0.33924001455307007,0.9179797172546387,-0.0652504712343216,,0.3568309545516968,0.9163917303085327,-0.06894059479236603,,0.2878861725330353,0.965764582157135,-0.036199454218149185,,0.32594460248947144,0.9524093270301819,-0.049205660820007324,,0.34637877345085144,0.9434759020805359,-0.05265864357352257,,0.36284828186035156,0.9339668154716492,-0.05429062992334366,,0.2965846359729767,0.9938912391662598,-0.03331148624420166,,0.331036239862442,0.9815945625305176,-0.042395345866680145,,0.3468717634677887,0.9678163528442383,-0.040912121534347534,,0.3585051894187927,0.9547945857048035,-0.03883370757102966,,0.30740466713905334,1.0123226642608643,-0.03177333623170853,,0.3277188837528229,1.010778784751892,-0.03553305193781853,,0.33762434124946594,1.002232551574707,-0.032099269330501556,,0.3458975553512573,0.9945855736732483,-0.028882533311843872,
-0.0495004877448082,-0.5886757373809814,-0.2803835868835449,0.999491274356842,-0.031088467687368393,-0.62763911485672,-0.2744322717189789,0.9991083741188049,-0.031574178487062454,-0.6273642182350159,-0.2760041654109955,0.9990883469581604,-0.03111371211707592,-0.6274773478507996,-0.2739262580871582,0.9991310238838196,-0.06610248237848282,-0.6292487978935242,-0.2698281705379486,0.999071478843689,-0.06395675241947174,-0.6300074458122253,-0.2700711488723755,0.9991039633750916,-0.06458977609872818,-0.6290562152862549,-0.26610276103019714,0.9990952014923096,0.06036054715514183,-0.6269212365150452,-0.18782851099967957,0.9991427659988403,-0.0812791958451271,-0.6305950880050659,-0.14287050068378448,0.998631477355957,-0.018271615728735924,-0.5656400322914124,-0.2547547519207001,0.9995798468589783,-0.05982797592878342,-0.564723789691925,-0.24203802645206451,0.9994794130325317,0.169123113155365,-0.4380653202533722,-0.13025565445423126,0.9991999864578247,-0.1456679403781891,-0.44571709632873535,-0.051349569112062454,0.9991089105606079,0.18448999524116516,-0.1684023141860962,-0.11181709170341492,0.9694271087646484,-0.18690691888332367,-0.22158364951610565,-0.06386049091815948,0.8583988547325134,0.1872061789035797,0.03259633854031563,-0.20833651721477509,0.8851156234741211,-0.2980961203575134,-0.17558065056800842,-0.27270108461380005,0.8224217891693115,0.19385862350463867,0.087990403175354,-0.240889772772789,0.8202884197235107,-0.3342633545398712,-0.16516156494617462,-0.31382209062576294,0.7841927409172058,0.1740749031305313,0.07366981357336044,-0.28924956917762756,0.8576705455780029,-0.3477010726928711,-0.1811833530664444,-0.34502774477005005,0.8251656293869019,0.17282336950302124,0.03871569782495499,-0.23531083762645721,0.8359853625297546,-0.30131039023399353,-0.17374533414840698,-0.2925715744495392,0.7988766431808472,0.09843578189611435,-0.009651778265833855,-0.018073294311761856,0.366493284702301,-0.09860613942146301,0.0012888263445347548,0.019636105746030807,0.38196897506713867,0.09906530380249023,0.055860549211502075,-0.07331278175115585,0.13997139036655426,-0.09940466284751892,0.1873716115951538,-0.061691977083683014,0.15833093225955963,0.11780408769845963,0.32106953859329224,0.1407969892024994,0.036180123686790466,-0.10035010427236557,0.49766790866851807,0.1358703225851059,0.06639137119054794,0.11634106934070587,0.33826133608818054,0.1586904376745224,0.018236193805933,-0.09656959772109985,0.518316388130188,0.15843994915485382,0.03601453825831413,0.14117848873138428,0.3426065146923065,-0.02095779776573181,0.045118726789951324,-0.14069873094558716,0.5618773102760315,6.382803985616192e-05,0.06868356466293335,38,1.267,0.3049416244029999,0.9514892101287842,-1.3187208480758272e-07,,0.29787030816078186,0.9074442386627197,-0.014323422685265541,,0.2921562194824219,0.8719449639320374,-0.02460785210132599,,0.2985967993736267,0.8642905950546265,-0.03326967731118202,,0.30953019857406616,0.8793914318084717,-0.042186979204416275,,0.2827572226524353,0.9104301333427429,-0.031178396195173264,,0.31820160150527954,0.9070459604263306,-0.0491439513862133,,0.3409477472305298,0.9082689881324768,-0.06137998402118683,,0.35813766717910767,0.9099931716918945,-0.06700650602579117,,0.28860342502593994,0.9543584585189819,-0.029381847009062767,,0.3320842385292053,0.9436131715774536,-0.0434458889067173,,0.3513611853122711,0.9310824871063232,-0.04646894708275795,,0.3648967146873474,0.9239619970321655,-0.04774153232574463,,0.29726430773735046,0.9860666990280151,-0.028183862566947937,,0.33655744791030884,0.9696824550628662,-0.037209417670965195,,0.34802064299583435,0.9551689028739929,-0.03410043567419052,,0.35438272356987,0.9473338723182678,-0.03071988746523857,,0.306721568107605,1.0067118406295776,-0.028871893882751465,,0.332440048456192,0.9916049838066101,-0.032118476927280426,,0.340007483959198,0.9773138165473938,-0.028026636689901352,,0.34397128224372864,0.9702084064483643,-0.02439168468117714,
-0.04960094019770622,-0.5886369347572327,-0.27941814064979553,0.9994348883628845,-0.0315592996776104,-0.6276323199272156,-0.2737616300582886,0.9990374445915222,-0.032043181359767914,-0.6273586750030518,-0.27539941668510437,0.9990145564079285,-0.03156628459692001,-0.6274749636650085,-0.2733118236064911,0.999076247215271,-0.06635300070047379,-0.6292228698730469,-0.26911044120788574,0.9989995956420898,-0.06420975923538208,-0.6299881935119629,-0.2693191170692444,0.9990323185920715,-0.0648425742983818,-0.629039466381073,-0.2653592526912689,0.9990335702896118,0.05966968461871147,-0.6271394491195679,-0.18770301342010498,0.9990605115890503,-0.0813421905040741,-0.6306147575378418,-0.14297306537628174,0.9985018968582153,-0.018367266282439232,-0.5656468272209167,-0.2541103959083557,0.9995267391204834,-0.059824325144290924,-0.5647204518318176,-0.24158748984336853,0.9994106888771057,0.16891825199127197,-0.43805748224258423,-0.13033750653266907,0.9991642832756042,-0.1456337422132492,-0.44600796699523926,-0.05170729011297226,0.9990439414978027,0.1834951490163803,-0.16778597235679626,-0.11176752299070358,0.9685484170913696,-0.18540726602077484,-0.2204970419406891,-0.06495972722768784,0.8491284251213074,0.18600070476531982,0.034515269100666046,-0.2078476846218109,0.8878477811813354,-0.298147052526474,-0.16994963586330414,-0.27380168437957764,0.818808913230896,0.19302640855312347,0.08939877897500992,-0.2406379133462906,0.8265882134437561,-0.33451607823371887,-0.15929844975471497,-0.3162035346031189,0.7834897041320801,0.17320390045642853,0.07442886382341385,-0.2887912392616272,0.8627310991287231,-0.34785014390945435,-0.178536057472229,-0.3477092385292053,0.8248284459114075,0.17180024087429047,0.04011155664920807,-0.23471015691757202,0.8419472575187683,-0.3016430735588074,-0.16869685053825378,-0.2930375635623932,0.7994033694267273,0.09838441014289856,-0.009367916733026505,-0.017897097393870354,0.38224923610687256,-0.09857560694217682,0.0009442471782676876,0.01947922632098198,0.39623481035232544,0.09991345554590225,0.07196056097745895,-0.06270434707403183,0.14418916404247284,-0.09904221445322037,0.1890811026096344,-0.058338843286037445,0.16201557219028473,0.11076447367668152,0.32743239402770996,0.1476723849773407,0.03693373501300812,-0.10017079859972,0.49719637632369995,0.1333337277173996,0.06893516331911087,0.1082499623298645,0.34525564312934875,0.16535909473896027,0.018922224640846252,-0.09631705284118652,0.5178038477897644,0.1537046581506729,0.03769243136048317,0.137552410364151,0.35307803750038147,-0.0022889680694788694,0.046494513750076294,-0.13803978264331818,0.5609686970710754,-0.0018034139648079872,0.07220302522182465,39,1.301,0.3091347813606262,0.9393541812896729,-1.617731726355487e-07,,0.30070003867149353,0.8983597755432129,-0.014149818569421768,,0.2926241159439087,0.8660071492195129,-0.024785449728369713,,0.297198086977005,0.8590143918991089,-0.03364437073469162,,0.3094325065612793,0.8742668628692627,-0.04260895773768425,,0.2819380462169647,0.9082387685775757,-0.03249840438365936,,0.31747719645500183,0.9055982232093811,-0.05060981214046478,,0.3414166569709778,0.9053707718849182,-0.061947695910930634,,0.3600292503833771,0.9056305885314941,-0.06681516766548157,,0.2883894741535187,0.9514171481132507,-0.030678080394864082,,0.32757359743118286,0.9360531568527222,-0.045015137642621994,,0.3486250936985016,0.9240607023239136,-0.047658879309892654,,0.36513447761535645,0.9155668020248413,-0.048299405723810196,,0.29734447598457336,0.9815720915794373,-0.029223091900348663,,0.33272576332092285,0.9607826471328735,-0.03805723413825035,,0.3451395630836487,0.9463766813278198,-0.0347113311290741,,0.3531385064125061,0.936559796333313,-0.03120046854019165,,0.30771324038505554,1.0022262334823608,-0.02958689257502556,,0.3316332697868347,0.9846866130828857,-0.03303028270602226,,0.34072446823120117,0.9685648083686829,-0.029237661510705948,,0.3460279405117035,0.9584033489227295,-0.025775061920285225,
-0.049811918288469315,-0.5882595181465149,-0.2792257070541382,0.9994184374809265,-0.03185341879725456,-0.6273185610771179,-0.27366530895233154,0.9990187287330627,-0.032336920499801636,-0.6270430684089661,-0.275312602519989,0.9989953637123108,-0.03185884654521942,-0.6271679401397705,-0.27321919798851013,0.9990639686584473,-0.06656087934970856,-0.6289758682250977,-0.26897960901260376,0.9989826083183289,-0.06441798806190491,-0.6297467350959778,-0.26918652653694153,0.999016284942627,-0.06504982709884644,-0.628801167011261,-0.2652308940887451,0.9990207552909851,0.05946485325694084,-0.6270172595977783,-0.18775057792663574,0.9990310668945312,-0.0813269317150116,-0.6306053400039673,-0.1431640237569809,0.9984686970710754,-0.018564773723483086,-0.5653378963470459,-0.25402191281318665,0.9995109438896179,-0.05991578474640846,-0.5644844770431519,-0.24149972200393677,0.9993896484375,0.168799489736557,-0.4378870129585266,-0.13151180744171143,0.9991547465324402,-0.14560675621032715,-0.4462151825428009,-0.05232474207878113,0.9990242123603821,0.18321676552295685,-0.16719037294387817,-0.11382989585399628,0.9685482978820801,-0.18367134034633636,-0.22122502326965332,-0.06673315167427063,0.8447464108467102,0.18600979447364807,0.03478149324655533,-0.20878076553344727,0.890549898147583,-0.296276330947876,-0.1701209843158722,-0.2790318429470062,0.8165615797042847,0.19312776625156403,0.08989889919757843,-0.24144214391708374,0.831293523311615,-0.3334690034389496,-0.15794381499290466,-0.32328101992607117,0.7817860841751099,0.17321375012397766,0.07476963847875595,-0.28961026668548584,0.8667368292808533,-0.34586623311042786,-0.17607778310775757,-0.3553342819213867,0.8238470554351807,0.1717958301305771,0.04032571613788605,-0.23553995788097382,0.8467764258384705,-0.29985931515693665,-0.16823042929172516,-0.2996108829975128,0.7995461821556091,0.09836522489786148,-0.009278057143092155,-0.017879949882626534,0.39183956384658813,-0.0985664501786232,0.000847671995870769,0.019461028277873993,0.40290260314941406,0.1000572144985199,0.07161792367696762,-0.060337770730257034,0.14367620646953583,-0.09884939342737198,0.18698154389858246,-0.05825376138091087,0.1588972806930542,0.11161204427480698,0.3289708197116852,0.14689064025878906,0.03689074516296387,-0.09785443544387817,0.49070683121681213,0.13367420434951782,0.06789419800043106,0.10935396701097488,0.3464493751525879,0.16403290629386902,0.018946096301078796,-0.09355898201465607,0.5104596018791199,0.15425409376621246,0.03748432546854019,0.13835567235946655,0.3526685833930969,-0.0033899242989718914,0.046485260128974915,-0.1325286477804184,0.5531624555587769,-0.0018272318411618471,0.07157818973064423,40,1.334,0.3052029311656952,0.9325393438339233,-2.1012351680838037e-07,,0.2989405691623688,0.8921459913253784,-0.013603226281702518,,0.2936813533306122,0.8595100045204163,-0.025040453299880028,,0.29837289452552795,0.8504802584648132,-0.034476038068532944,,0.31068021059036255,0.8640942573547363,-0.044199276715517044,,0.2834474444389343,0.9057148694992065,-0.0367283895611763,,0.31793758273124695,0.9019443392753601,-0.053668312728405,,0.34129372239112854,0.901840329170227,-0.06341391801834106,,0.3604254424571991,0.9028071761131287,-0.06740933656692505,,0.2891477644443512,0.94742751121521,-0.03464920446276665,,0.32757702469825745,0.9282820820808411,-0.047227904200553894,,0.3472311496734619,0.9156873226165771,-0.04883084446191788,,0.3628057837486267,0.904853343963623,-0.04939788952469826,,0.29756686091423035,0.9766895771026611,-0.03224250674247742,,0.33260488510131836,0.9526538848876953,-0.04007141292095184,,0.34546250104904175,0.9363328814506531,-0.03624051809310913,,0.35482436418533325,0.9227843880653381,-0.032947782427072525,,0.30777740478515625,0.9962644577026367,-0.031458135694265366,,0.33142051100730896,0.9773392677307129,-0.035304389894008636,,0.34059208631515503,0.9593737125396729,-0.03151417523622513,,0.3465386629104614,0.9460961222648621,-0.028050538152456284,
-0.05025593191385269,-0.5882862210273743,-0.27908024191856384,0.9994074106216431,-0.032357946038246155,-0.6273470520973206,-0.2737383246421814,0.9990046620368958,-0.032838985323905945,-0.6270720362663269,-0.27539390325546265,0.9989811778068542,-0.03236808627843857,-0.6271990537643433,-0.27330365777015686,0.9990572333335876,-0.06708833575248718,-0.6290273666381836,-0.2689291834831238,0.9989707469940186,-0.06494679301977158,-0.6297994256019592,-0.2691357731819153,0.9990054368972778,-0.0655820295214653,-0.6288550496101379,-0.2651829421520233,0.9990134835243225,0.0593327134847641,-0.6271198391914368,-0.1881275773048401,0.9990087151527405,-0.08150537312030792,-0.6309049129486084,-0.1434393674135208,0.9984391927719116,-0.018820147961378098,-0.5653731226921082,-0.25403892993927,0.9994986057281494,-0.06015921011567116,-0.5645589828491211,-0.24138186872005463,0.9993739128112793,0.1687709242105484,-0.43789440393447876,-0.13321739435195923,0.9991505146026611,-0.1455817073583603,-0.4470621645450592,-0.053256966173648834,0.9990072250366211,0.18322521448135376,-0.167153462767601,-0.11614919453859329,0.969436764717102,-0.18338951468467712,-0.22189903259277344,-0.06729155778884888,0.8444294929504395,0.18569067120552063,0.03362870216369629,-0.20946763455867767,0.8952063918113708,-0.2965307831764221,-0.17157208919525146,-0.2796892821788788,0.8178175687789917,0.1928863376379013,0.0883733406662941,-0.2420261800289154,0.8378175497055054,-0.3335414230823517,-0.15948712825775146,-0.32352688908576965,0.7824538350105286,0.17267662286758423,0.07339198887348175,-0.2899731993675232,0.8720797896385193,-0.3460206687450409,-0.17730407416820526,-0.3556120991706848,0.8246417045593262,0.17140629887580872,0.03907211497426033,-0.2359788715839386,0.8531885743141174,-0.30016884207725525,-0.16970379650592804,-0.29996442794799805,0.8019300699234009,0.09838022291660309,-0.009212719276547432,-0.017841558903455734,0.40384119749069214,-0.09859149903059006,0.0008256911532953382,0.019404985010623932,0.41261112689971924,0.10411982983350754,0.07614462822675705,-0.059984754770994186,0.14293237030506134,-0.09603241831064224,0.18736521899700165,-0.058147259056568146,0.15710674226284027,0.11703908443450928,0.33490681648254395,0.14681750535964966,0.03684527054429054,-0.08922046422958374,0.49176162481307983,0.13380314409732819,0.06749280542135239,0.11533480882644653,0.3523811995983124,0.16385439038276672,0.01894453912973404,-0.08413104712963104,0.5116993188858032,0.15458084642887115,0.037369828671216965,0.14572535455226898,0.36038121581077576,-0.004943941254168749,0.04631701856851578,-0.11822348088026047,0.5543695092201233,-0.001695935265161097,0.0711803287267685,41,1.368,0.3095366060733795,0.9229680895805359,-2.2902773366695328e-07,,0.30353960394859314,0.8826788663864136,-0.014941914938390255,,0.29668641090393066,0.8526408672332764,-0.027202993631362915,,0.30051037669181824,0.8486821055412292,-0.036701854318380356,,0.3120701313018799,0.8667774796485901,-0.04587455093860626,,0.28338858485221863,0.900461733341217,-0.04040335491299629,,0.3196849226951599,0.8975293040275574,-0.0578761026263237,,0.3426376283168793,0.8964869379997253,-0.06689950823783875,,0.36132434010505676,0.8969683647155762,-0.07040979713201523,,0.2879762649536133,0.9419841766357422,-0.03769165650010109,,0.329124391078949,0.9272826910018921,-0.05097978189587593,,0.34705692529678345,0.9139641523361206,-0.05189830809831619,,0.3594963848590851,0.9022826552391052,-0.05162081867456436,,0.29656702280044556,0.9709120988845825,-0.03457050770521164,,0.3351229727268219,0.9510287642478943,-0.04165804386138916,,0.3437506854534149,0.9363713264465332,-0.03598812222480774,,0.3472338616847992,0.9250456690788269,-0.031740497797727585,,0.307896226644516,0.990300178527832,-0.03329245746135712,,0.3318871557712555,0.9743390083312988,-0.03669121488928795,,0.33707138895988464,0.9582936763763428,-0.03216446191072464,,0.3376399874687195,0.9475531578063965,-0.028108369559049606,
-0.051784683018922806,-0.5883790850639343,-0.2773422598838806,0.9994242787361145,-0.03424518555402756,-0.6275333166122437,-0.2719489336013794,0.99903404712677,-0.03472490608692169,-0.6272568106651306,-0.27359339594841003,0.9990089535713196,-0.034279681742191315,-0.6273849010467529,-0.27148663997650146,0.9990861415863037,-0.06917896121740341,-0.6292036771774292,-0.26721814274787903,0.9990060329437256,-0.06702805310487747,-0.6299697756767273,-0.2674916386604309,0.999039888381958,-0.0676739290356636,-0.6290255188941956,-0.26353776454925537,0.9990491271018982,0.05768471583724022,-0.6277130246162415,-0.18588005006313324,0.9990279674530029,-0.08422264456748962,-0.6313776969909668,-0.14243705570697784,0.9984904527664185,-0.019999878481030464,-0.5654717087745667,-0.2521383464336395,0.999510645866394,-0.061611078679561615,-0.56466144323349,-0.2396957278251648,0.9993919134140015,0.1678851991891861,-0.43843966722488403,-0.13179625570774078,0.9991570711135864,-0.14689859747886658,-0.44724762439727783,-0.05317428335547447,0.9990184903144836,0.18236243724822998,-0.16716662049293518,-0.11534550040960312,0.9708093404769897,-0.18388618528842926,-0.22224941849708557,-0.07087292522192001,0.8496937155723572,0.1850818544626236,0.031025966629385948,-0.20875586569309235,0.9018446207046509,-0.296689510345459,-0.17295221984386444,-0.28633594512939453,0.8251162767410278,0.19237452745437622,0.08599864691495895,-0.24162808060646057,0.8465147614479065,-0.3336467742919922,-0.16056668758392334,-0.33194640278816223,0.7881990671157837,0.17206516861915588,0.07142072170972824,-0.28957536816596985,0.879007875919342,-0.3455124497413635,-0.17867068946361542,-0.36285433173179626,0.8294668197631836,0.17083117365837097,0.03637918084859848,-0.23498788475990295,0.861548125743866,-0.3002212643623352,-0.17135728895664215,-0.3069532811641693,0.808755099773407,0.09847591072320938,-0.009251403622329235,-0.01684623584151268,0.42198336124420166,-0.0987061858177185,0.0010006764205172658,0.018255867063999176,0.43032798171043396,0.11185251176357269,0.07463854551315308,-0.059762436896562576,0.13895556330680847,-0.09427057951688766,0.1839883178472519,-0.05816188082098961,0.15332910418510437,0.1219552680850029,0.3355238437652588,0.14770148694515228,0.03621155023574829,-0.08378059417009354,0.4920653700828552,0.13389411568641663,0.06649208813905716,0.12075533717870712,0.35305219888687134,0.16434624791145325,0.018758295103907585,-0.07750934362411499,0.5124494433403015,0.1544111669063568,0.03667496144771576,0.15341949462890625,0.36183181405067444,-0.00416142214089632,0.04534628614783287,-0.10379219800233841,0.5552412271499634,-0.004348458256572485,0.06976988166570663,42,1.401,0.30908888578414917,0.9185009002685547,-2.2693923540373362e-07,,0.30306223034858704,0.8795292377471924,-0.015085545368492603,,0.29721394181251526,0.8492791056632996,-0.02784423902630806,,0.301571249961853,0.8425047993659973,-0.0378890223801136,,0.3125176429748535,0.8583453893661499,-0.04769870266318321,,0.28317776322364807,0.8966666460037231,-0.04129721224308014,,0.3185822665691376,0.8920227885246277,-0.05888285115361214,,0.34165158867836,0.8908668160438538,-0.06798247992992401,,0.36069557070732117,0.8923106789588928,-0.07159175723791122,,0.2880265414714813,0.9377126693725586,-0.03852081671357155,,0.3293425142765045,0.9203382730484009,-0.05246644839644432,,0.3479066789150238,0.9071218967437744,-0.05380085110664368,,0.3609246611595154,0.896906316280365,-0.05383732542395592,,0.2967468202114105,0.966494083404541,-0.0352683961391449,,0.33595430850982666,0.9434060454368591,-0.04316432774066925,,0.3467095196247101,0.9261153340339661,-0.03812292590737343,,0.35259220004081726,0.9133305549621582,-0.03411044552922249,,0.30779772996902466,0.9857730269432068,-0.03378446400165558,,0.3319051265716553,0.9671924710273743,-0.037558745592832565,,0.337930291891098,0.950202226638794,-0.0333794467151165,,0.33947858214378357,0.939228892326355,-0.02956990897655487,
-0.05181105062365532,-0.5878404378890991,-0.27735409140586853,0.9994458556175232,-0.034232500940561295,-0.6270524263381958,-0.2721863090991974,0.9990588426589966,-0.03471289575099945,-0.6267804503440857,-0.27382349967956543,0.9990289807319641,-0.03426751121878624,-0.6268967390060425,-0.27171772718429565,0.9991028904914856,-0.06918765604496002,-0.6288328766822815,-0.2673830986022949,0.9990430474281311,-0.06703674048185349,-0.6295933127403259,-0.26766547560691833,0.9990769028663635,-0.06768310070037842,-0.6286461353302002,-0.26370716094970703,0.9990873336791992,0.057830892503261566,-0.627602219581604,-0.18599551916122437,0.9990448951721191,-0.08419858664274216,-0.6313940286636353,-0.1425558477640152,0.9985475540161133,-0.020000290125608444,-0.5650278925895691,-0.2521686255931854,0.9995231628417969,-0.06165206432342529,-0.5643644332885742,-0.23965159058570862,0.9994152784347534,0.16782009601593018,-0.4385845959186554,-0.13000711798667908,0.9991632103919983,-0.14675860106945038,-0.44728150963783264,-0.05295196920633316,0.9990495443344116,0.18121957778930664,-0.167692169547081,-0.11463504284620285,0.9719225764274597,-0.18325220048427582,-0.22032122313976288,-0.07781527936458588,0.8551712036132812,0.18478825688362122,0.03318644315004349,-0.2086821347475052,0.9073676466941833,-0.29502537846565247,-0.17029504477977753,-0.29240304231643677,0.834449291229248,0.19189220666885376,0.0899839848279953,-0.23969310522079468,0.8532713651657104,-0.33094465732574463,-0.15833832323551178,-0.3368765413761139,0.7967068552970886,0.17195387184619904,0.07941271364688873,-0.28616148233413696,0.8842142820358276,-0.34258005023002625,-0.1743285208940506,-0.36367571353912354,0.8360458016395569,0.17058826982975006,0.039972204715013504,-0.2343110591173172,0.8675901293754578,-0.29810893535614014,-0.16819505393505096,-0.31085458397865295,0.8156099319458008,0.09851817786693573,-0.00927309226244688,-0.01605324260890484,0.433982789516449,-0.09876245260238647,0.0010864933719858527,0.017385343089699745,0.4428299367427826,0.11217708140611649,0.07346659898757935,-0.05917331203818321,0.13816498219966888,-0.09383625537157059,0.18268398940563202,-0.057787396013736725,0.15306609869003296,0.12200412899255753,0.33642542362213135,0.1490163952112198,0.036396484822034836,-0.08288376033306122,0.4920554459095001,0.13406696915626526,0.06664612144231796,0.12081702798604965,0.35424569249153137,0.16524694859981537,0.018831977620720863,-0.07638265937566757,0.5125511884689331,0.15445788204669952,0.036255475133657455,0.1534462720155716,0.3642565906047821,-0.004226686432957649,0.04537345841526985,-0.10147301107645035,0.5555669069290161,-0.005791447125375271,0.06953983753919601,43,1.434,0.3059055209159851,0.9178537130355835,-2.2999837767656572e-07,,0.30166563391685486,0.8773259520530701,-0.016406236216425896,,0.2969907820224762,0.8456200361251831,-0.03015214018523693,,0.3014252781867981,0.8385674357414246,-0.040723737329244614,,0.3125731348991394,0.8549349308013916,-0.05103077366948128,,0.2828892767429352,0.8923243284225464,-0.04523570463061333,,0.3184736967086792,0.8866422772407532,-0.06375228613615036,,0.34269988536834717,0.8857648372650146,-0.07329977303743362,,0.36284106969833374,0.8879874348640442,-0.07724077254533768,,0.2875436246395111,0.9339370727539062,-0.04209199175238609,,0.3294071853160858,0.9170647263526917,-0.05699823424220085,,0.3495982885360718,0.9052078127861023,-0.05825072526931763,,0.36407941579818726,0.8963059186935425,-0.05810008943080902,,0.29628676176071167,0.9630281329154968,-0.03834979981184006,,0.3365810513496399,0.9393260478973389,-0.04644147306680679,,0.3483404219150543,0.9234760999679565,-0.040214817970991135,,0.3546169400215149,0.9124439358711243,-0.035419099032878876,,0.3073485195636749,0.9823296666145325,-0.036523256450891495,,0.332179993391037,0.9631311297416687,-0.04049769788980484,,0.3379310667514801,0.946671724319458,-0.03565825894474983,,0.33870986104011536,0.937104344367981,-0.03128575533628464,
-0.05180959030985832,-0.5887913703918457,-0.2757221460342407,0.9994476437568665,-0.03424400836229324,-0.6280664801597595,-0.2705802619457245,0.9990644454956055,-0.03472398966550827,-0.6277945637702942,-0.2722436785697937,0.9990327954292297,-0.03427955508232117,-0.6279237270355225,-0.2701394259929657,0.9991114139556885,-0.06920157372951508,-0.6298590302467346,-0.2656867802143097,0.9990518689155579,-0.06705110520124435,-0.630625307559967,-0.2659720778465271,0.9990854263305664,-0.06769721210002899,-0.6296847462654114,-0.2620241343975067,0.999098002910614,0.05786845088005066,-0.6285005807876587,-0.18462415039539337,0.9990383982658386,-0.08415071666240692,-0.6324149966239929,-0.14149153232574463,0.998552680015564,-0.019971339032053947,-0.5658450722694397,-0.25068262219429016,0.999517560005188,-0.061628375202417374,-0.5652135014533997,-0.23814290761947632,0.999410092830658,0.16790758073329926,-0.43881213665008545,-0.12973017990589142,0.999151349067688,-0.1467328667640686,-0.4482879936695099,-0.05293913558125496,0.9990367293357849,0.1813056617975235,-0.16761432588100433,-0.114545077085495,0.9725972414016724,-0.18359620869159698,-0.22127415239810944,-0.07799997925758362,0.8570899963378906,0.18479517102241516,0.0332440622150898,-0.20857009291648865,0.9117304086685181,-0.29551467299461365,-0.17166681587696075,-0.29254454374313354,0.8377620577812195,0.19192537665367126,0.08994217962026596,-0.2396167516708374,0.8594676852226257,-0.3322242200374603,-0.16015009582042694,-0.33712971210479736,0.799495279788971,0.1718830168247223,0.07876168191432953,-0.2861388027667999,0.8892059326171875,-0.34309569001197815,-0.1763446182012558,-0.3645813465118408,0.8384942412376404,0.17058221995830536,0.039939552545547485,-0.23420186340808868,0.8736289739608765,-0.2985653877258301,-0.1696464717388153,-0.3113892376422882,0.8196184039115906,0.09853692352771759,-0.009253260679543018,-0.015359665267169476,0.4468437135219574,-0.09878816455602646,0.001086447387933731,0.0166678074747324,0.45433855056762695,0.11369047313928604,0.07419851422309875,-0.05660971254110336,0.13639506697654724,-0.09220099449157715,0.18309378623962402,-0.05773355811834335,0.1519061177968979,0.12216795235872269,0.33978188037872314,0.15010902285575867,0.036267977207899094,-0.08243697136640549,0.49326807260513306,0.13314051926136017,0.06674043834209442,0.12096960842609406,0.3578709363937378,0.16620974242687225,0.01884053647518158,-0.07605155557394028,0.513918936252594,0.15303686261177063,0.03603089973330498,0.15501700341701508,0.36787980794906616,-0.002350217429921031,0.04519457742571831,-0.10058924555778503,0.5564128756523132,-0.007617085240781307,0.06952597945928574,44,1.468,0.3064475655555725,0.9175249934196472,-2.2402883814720553e-07,,0.3015156090259552,0.8750002384185791,-0.01585855521261692,,0.2970295548439026,0.842384934425354,-0.02914215810596943,,0.3017931580543518,0.8364641666412354,-0.03952684625983238,,0.3129443824291229,0.8540051579475403,-0.049858417361974716,,0.2828504741191864,0.890025794506073,-0.042883213609457016,,0.3183920085430145,0.8844794034957886,-0.06101643294095993,,0.3420986533164978,0.883799135684967,-0.07108452916145325,,0.36167463660240173,0.8855435252189636,-0.07550803571939468,,0.28742462396621704,0.931273877620697,-0.03997620940208435,,0.3292628824710846,0.9154056906700134,-0.05440274998545647,,0.34939277172088623,0.9039243459701538,-0.056438762694597244,,0.36396655440330505,0.8944841623306274,-0.057009633630514145,,0.2960866093635559,0.9603134393692017,-0.036544907838106155,,0.3364645540714264,0.9375617504119873,-0.044505733996629715,,0.3481420874595642,0.9218023419380188,-0.03960074484348297,,0.35470420122146606,0.9102938771247864,-0.03579559549689293,,0.3072288930416107,0.9799932241439819,-0.03494640812277794,,0.3322054147720337,0.9614195227622986,-0.03885839134454727,,0.337888240814209,0.9450616836547852,-0.034718096256256104,,0.33896100521087646,0.935120165348053,-0.0310091283172369,
-0.05175614729523659,-0.5888108611106873,-0.2753458321094513,0.9994617104530334,-0.03409251570701599,-0.6280692219734192,-0.2704103887081146,0.999075710773468,-0.03457556664943695,-0.6277980804443359,-0.27206817269325256,0.9990389347076416,-0.03412988781929016,-0.6279260516166687,-0.2699600160121918,0.9991154074668884,-0.06904930621385574,-0.6298847794532776,-0.2654869556427002,0.9990756511688232,-0.06689922511577606,-0.6306500434875488,-0.26578018069267273,0.9991095662117004,-0.0675467848777771,-0.6297087669372559,-0.2618289291858673,0.9991239905357361,0.05800778418779373,-0.6285167932510376,-0.18459036946296692,0.9990412592887878,-0.08401879668235779,-0.6326948404312134,-0.14141017198562622,0.9985876083374023,-0.019952207803726196,-0.56586754322052,-0.2503385543823242,0.999521017074585,-0.0616067573428154,-0.5652894377708435,-0.23772896826267242,0.9994230270385742,0.16754482686519623,-0.43929651379585266,-0.12742552161216736,0.9991442561149597,-0.1463865339756012,-0.4484328329563141,-0.051865123212337494,0.9990560412406921,0.1788882166147232,-0.16997884213924408,-0.11322955042123795,0.9734659194946289,-0.18130837380886078,-0.22081027925014496,-0.0808367133140564,0.8613373637199402,0.18463410437107086,0.03336417302489281,-0.20804335176944733,0.9164782166481018,-0.2934190332889557,-0.17047250270843506,-0.2949257791042328,0.8464759588241577,0.1918436884880066,0.09001375734806061,-0.23739537596702576,0.8655518889427185,-0.3297136723995209,-0.1593867540359497,-0.33957311511039734,0.8079639673233032,0.1720164567232132,0.07997710257768631,-0.2823074460029602,0.8938196897506714,-0.34056392312049866,-0.17463774979114532,-0.36457639932632446,0.8449445962905884,0.1705445945262909,0.040142130106687546,-0.23282143473625183,0.8789822459220886,-0.2962428331375122,-0.1681123822927475,-0.3126472234725952,0.826299786567688,0.09854312986135483,-0.009253921918570995,-0.015132606960833073,0.4588828384876251,-0.09880165755748749,0.0011049665044993162,0.016420308500528336,0.4665372669696808,0.11395736038684845,0.07417957484722137,-0.05665460228919983,0.13654066622257233,-0.09222424775362015,0.18153855204582214,-0.05774106830358505,0.15132775902748108,0.1227201595902443,0.33981359004974365,0.14918357133865356,0.036420948803424835,-0.08030728995800018,0.49202120304107666,0.13272015750408173,0.06625629961490631,0.12154090404510498,0.35771289467811584,0.16474273800849915,0.018842175602912903,-0.07336338609457016,0.5127121806144714,0.1521563082933426,0.03557576984167099,0.15520618855953217,0.36774373054504395,-0.004507598467171192,0.045243751257658005,-0.09694560617208481,0.5559393167495728,-0.009847666136920452,0.0689702257514,45,1.501,0.30428826808929443,0.9181735515594482,-2.2323631299059343e-07,,0.29990360140800476,0.8768566250801086,-0.014278773218393326,,0.29658764600753784,0.8433427810668945,-0.02707846648991108,,0.30106276273727417,0.8343386650085449,-0.037629250437021255,,0.311836302280426,0.8506911396980286,-0.0482904389500618,,0.28380003571510315,0.8877158164978027,-0.03977340832352638,,0.320446640253067,0.8822049498558044,-0.0587189607322216,,0.34427329897880554,0.8816276788711548,-0.07041562348604202,,0.3636258542537689,0.8837997317314148,-0.07570673525333405,,0.28894177079200745,0.9293986558914185,-0.03769093006849289,,0.3299289643764496,0.9123760461807251,-0.052262187004089355,,0.34976497292518616,0.8997750878334045,-0.054622404277324677,,0.3646121025085449,0.8899949789047241,-0.05521600693464279,,0.297065794467926,0.9591630697250366,-0.035241398960351944,,0.3358471691608429,0.936113715171814,-0.04304076358675957,,0.3461746275424957,0.9194253087043762,-0.03800363838672638,,0.3515031635761261,0.9074668288230896,-0.03387610986828804,,0.3073502779006958,0.9791772365570068,-0.03460321202874184,,0.332022488117218,0.96013343334198,-0.03746045380830765,,0.337258517742157,0.9437868595123291,-0.03245651349425316,,0.3377930223941803,0.9339882135391235,-0.028158625587821007,
-0.05149354785680771,-0.5886369943618774,-0.27507027983665466,0.9994786381721497,-0.03376474604010582,-0.6278923153877258,-0.27022838592529297,0.9990939497947693,-0.03425072878599167,-0.6276238560676575,-0.2718796133995056,0.9990529417991638,-0.03380536660552025,-0.6277452707290649,-0.26976996660232544,0.9991263151168823,-0.06879433244466782,-0.6297512054443359,-0.26531997323036194,0.9991050958633423,-0.06664343923330307,-0.6305143237113953,-0.26562023162841797,0.9991393089294434,-0.06729236990213394,-0.6295718550682068,-0.26166588068008423,0.9991545677185059,0.05838662013411522,-0.6284705996513367,-0.18434078991413116,0.999053418636322,-0.08393440395593643,-0.632709264755249,-0.14130134880542755,0.9986335039138794,-0.019707579165697098,-0.5657325387001038,-0.2499932050704956,0.9995291233062744,-0.061435554176568985,-0.5652060508728027,-0.23740358650684357,0.9994404315948486,0.16755689680576324,-0.4395647943019867,-0.1247677206993103,0.9991364479064941,-0.14591029286384583,-0.44847336411476135,-0.05151175335049629,0.999075174331665,0.17872875928878784,-0.17125838994979858,-0.11020400375127792,0.9741320013999939,-0.17957745492458344,-0.22027571499347687,-0.08372519165277481,0.8656069040298462,0.18490613996982574,0.03356233239173889,-0.20534558594226837,0.9203678369522095,-0.29087990522384644,-0.16842998564243317,-0.297741562128067,0.8540253043174744,0.19210366904735565,0.09091807901859283,-0.23204603791236877,0.8701943755149841,-0.3266304135322571,-0.15667906403541565,-0.34204283356666565,0.8150703310966492,0.17284072935581207,0.08232831209897995,-0.276515930891037,0.8973421454429626,-0.3373485803604126,-0.1707497239112854,-0.36529719829559326,0.8503966331481934,0.17091912031173706,0.04085167124867439,-0.22922362387180328,0.8831303119659424,-0.2934797704219818,-0.165591761469841,-0.31471970677375793,0.8318913578987122,0.09857787191867828,-0.009274914860725403,-0.014537513256072998,0.46884021162986755,-0.09884873777627945,0.0011681861942633986,0.01579178310930729,0.4772152304649353,0.11487817764282227,0.07397184520959854,-0.056744273751974106,0.1374199241399765,-0.09160307794809341,0.18066588044166565,-0.057803504168987274,0.15283885598182678,0.12369368225336075,0.33969518542289734,0.1491643786430359,0.03696119040250778,-0.07853655517101288,0.49199971556663513,0.13194943964481354,0.06713420152664185,0.12261875718832016,0.3576875925064087,0.16468894481658936,0.019011830911040306,-0.07134965062141418,0.5127058625221252,0.15094709396362305,0.035434845834970474,0.156741201877594,0.36820006370544434,-0.00475187785923481,0.045701172202825546,-0.09395764023065567,0.5561090707778931,-0.012683626264333725,0.06946775317192078,46,1.534,0.30523616075515747,0.9169350266456604,-2.239366239109586e-07,,0.3005010187625885,0.8756889700889587,-0.013585967011749744,,0.2967183589935303,0.8427680134773254,-0.025788933038711548,,0.3006175458431244,0.8341566920280457,-0.035872772336006165,,0.3111386001110077,0.8506762981414795,-0.04618753120303154,,0.2848922312259674,0.887994647026062,-0.03862885758280754,,0.32114773988723755,0.8815403580665588,-0.05663381516933441,,0.3439677953720093,0.8799691200256348,-0.06771337985992432,,0.36302968859672546,0.8806455731391907,-0.07268062233924866,,0.28987446427345276,0.9295251965522766,-0.03668144717812538,,0.33009815216064453,0.9124667644500732,-0.05029357969760895,,0.34999439120292664,0.9004152417182922,-0.05256296694278717,,0.3655978739261627,0.8904004096984863,-0.05344798415899277,,0.2977607548236847,0.9590781331062317,-0.034299395978450775,,0.3355688750743866,0.9368205666542053,-0.04161989316344261,,0.34610748291015625,0.9207934737205505,-0.03737088665366173,,0.3524531126022339,0.9087372422218323,-0.034108009189367294,,0.30798405408859253,0.9790211915969849,-0.03362870216369629,,0.33210304379463196,0.9607216715812683,-0.036356303840875626,,0.3379424512386322,0.9441829323768616,-0.03195631131529808,,0.3398433327674866,0.9336960911750793,-0.028373995795845985,
-0.0509333461523056,-0.5883742570877075,-0.27401003241539,0.9994840621948242,-0.03330022096633911,-0.6276504993438721,-0.2693139314651489,0.9991000294685364,-0.033790815621614456,-0.6273863315582275,-0.27098166942596436,0.9990553259849548,-0.033337272703647614,-0.6275079846382141,-0.26887083053588867,0.9991279244422913,-0.06829796731472015,-0.6295225620269775,-0.2644832730293274,0.9991185665130615,-0.06614614278078079,-0.6302921772003174,-0.26476460695266724,0.9991528987884521,-0.06679144501686096,-0.6293497681617737,-0.26080504059791565,0.9991695284843445,0.05859263986349106,-0.6284061670303345,-0.18344442546367645,0.9990541934967041,-0.08370070904493332,-0.6326830983161926,-0.1409912258386612,0.998654842376709,-0.0193089060485363,-0.5655630826950073,-0.24896030128002167,0.9995282888412476,-0.06099887192249298,-0.5650491118431091,-0.23652611672878265,0.999445378780365,0.1675664186477661,-0.4395787715911865,-0.12302440404891968,0.9991210699081421,-0.14572551846504211,-0.44842424988746643,-0.05072389170527458,0.9990758895874023,0.17877870798110962,-0.1713675856590271,-0.1077490746974945,0.9741377830505371,-0.1793798953294754,-0.21923071146011353,-0.08366872370243073,0.8660784363746643,0.18507824838161469,0.03359804302453995,-0.20392300188541412,0.9228103756904602,-0.2906298339366913,-0.16759447753429413,-0.2981259822845459,0.8581268191337585,0.19220341742038727,0.09097058326005936,-0.23019801080226898,0.8737338781356812,-0.3265686333179474,-0.15602163970470428,-0.3424553871154785,0.8195860981941223,0.173141747713089,0.08224965631961823,-0.27470946311950684,0.9000471830368042,-0.3373526334762573,-0.17072011530399323,-0.36542263627052307,0.853983461856842,0.17112961411476135,0.040939945727586746,-0.22764497995376587,0.8862441778182983,-0.2933621406555176,-0.1649411916732788,-0.3150862753391266,0.8354323506355286,0.09855063259601593,-0.009301806800067425,-0.014287454076111317,0.4759937524795532,-0.0988328605890274,0.0011953834909945726,0.015562261454761028,0.4849640429019928,0.1150013655424118,0.07353072613477707,-0.05681948736310005,0.13999535143375397,-0.09103478491306305,0.1808261126279831,-0.05787299945950508,0.1562272161245346,0.12371308356523514,0.3395451605319977,0.14852787554264069,0.037760987877845764,-0.07797259092330933,0.4923410713672638,0.12574061751365662,0.06922637671232224,0.12264101952314377,0.3577016294002533,0.16395200788974762,0.019440138712525368,-0.07078985124826431,0.5130756497383118,0.14352773129940033,0.0360938124358654,0.1567898690700531,0.36800485849380493,-0.004905621986836195,0.04674325883388519,-0.09448134899139404,0.5566279888153076,-0.019087953492999077,0.07154030352830887,47,1.568,0.3094181716442108,0.9212168455123901,-2.2478204186882067e-07,,0.30370742082595825,0.880376935005188,-0.01376877911388874,,0.29866909980773926,0.847946047782898,-0.025708898901939392,,0.3016403317451477,0.8375827074050903,-0.03540119156241417,,0.311157763004303,0.8527088165283203,-0.04521274194121361,,0.2846046984195709,0.8920514583587646,-0.038718465715646744,,0.31920352578163147,0.8829051852226257,-0.05626289173960686,,0.3423762321472168,0.8804084658622742,-0.06657140702009201,,0.36190763115882874,0.8797457218170166,-0.07115764170885086,,0.28967663645744324,0.9344267249107361,-0.03664679080247879,,0.32942870259284973,0.9148952960968018,-0.05011028051376343,,0.35029566287994385,0.9008791446685791,-0.0518667958676815,,0.36648935079574585,0.8890320658683777,-0.052397891879081726,,0.29863494634628296,0.9641492366790771,-0.03416518494486809,,0.33606353402137756,0.938273549079895,-0.04194920137524605,,0.348919153213501,0.9205259680747986,-0.03758520632982254,,0.3572418689727783,0.9072503447532654,-0.034143202006816864,,0.3100527822971344,0.9837445020675659,-0.033324092626571655,,0.3343372941017151,0.9621642827987671,-0.037457890808582306,,0.3419235944747925,0.9429838061332703,-0.033806633204221725,,0.3451717495918274,0.9301996827125549,-0.030449647456407547,
-0.049938566982746124,-0.5883910655975342,-0.27417320013046265,0.9994503259658813,-0.032076772302389145,-0.6276379227638245,-0.2695619761943817,0.9990555644035339,-0.03256883844733238,-0.6273732781410217,-0.27125075459480286,0.9990129470825195,-0.03209773451089859,-0.6274974942207336,-0.26914066076278687,0.999093234539032,-0.06666802614927292,-0.6295166015625,-0.2646907567977905,0.9990698099136353,-0.06452470272779465,-0.6302874088287354,-0.26494845747947693,0.9991064071655273,-0.06516029685735703,-0.6293452382087708,-0.2609911262989044,0.9991255402565002,0.05910324305295944,-0.6280205845832825,-0.18450483679771423,0.9990088939666748,-0.0816679298877716,-0.6324403285980225,-0.14202554523944855,0.9985733032226562,-0.018827170133590698,-0.5655606985092163,-0.2494341880083084,0.9994983673095703,-0.0601215586066246,-0.5650498867034912,-0.23695139586925507,0.9994043707847595,0.1676466464996338,-0.43840470910072327,-0.12637247145175934,0.9991043210029602,-0.1455463469028473,-0.4486846923828125,-0.0516267828643322,0.9990448951721191,0.18031448125839233,-0.16939400136470795,-0.10914578288793564,0.9733523726463318,-0.17967674136161804,-0.22099824249744415,-0.08004795014858246,0.859444797039032,0.18742060661315918,0.035084858536720276,-0.20418454706668854,0.9218079447746277,-0.2938900291919708,-0.1679137796163559,-0.29282626509666443,0.8524525761604309,0.1954214721918106,0.0917397066950798,-0.23184049129486084,0.8739697933197021,-0.33239826560020447,-0.15645910799503326,-0.33712199330329895,0.8156986236572266,0.17587906122207642,0.08225540816783905,-0.27733153104782104,0.9004594087600708,-0.34328368306159973,-0.1711840182542801,-0.3630468249320984,0.851283848285675,0.17348934710025787,0.04201548546552658,-0.22838126122951508,0.8867645859718323,-0.2975449860095978,-0.16536392271518707,-0.31157997250556946,0.8330430388450623,0.09844813495874405,-0.009055351838469505,-0.014836902730166912,0.474541038274765,-0.09874708205461502,0.0007650026818737388,0.01621098443865776,0.4827865660190582,0.11171566694974899,0.07264428585767746,-0.05726030096411705,0.1401648372411728,-0.09374504536390305,0.1796133667230606,-0.05837569758296013,0.15491211414337158,0.11969821900129318,0.3308110237121582,0.14741189777851105,0.03722882270812988,-0.08446648716926575,0.4875026345252991,0.12533970177173615,0.06863611191511154,0.11789035052061081,0.3477727174758911,0.16333183646202087,0.01932843029499054,-0.0784495547413826,0.5071061253547668,0.14372701942920685,0.03648560121655464,0.14928089082241058,0.35437098145484924,-0.005787116475403309,0.04641730338335037,-0.11257345974445343,0.5496429204940796,-0.018610525876283646,0.07168134301900864,48,1.601,0.31049400568008423,0.9281231760978699,-2.0809069667393487e-07,,0.3063063323497772,0.888137698173523,-0.013815360143780708,,0.3001168370246887,0.8576385974884033,-0.025549067184329033,,0.29907292127609253,0.844110369682312,-0.035547200590372086,,0.30557137727737427,0.8612664341926575,-0.045111436396837234,,0.286020964384079,0.9025619626045227,-0.03352160379290581,,0.3192712068557739,0.8971611261367798,-0.052378393709659576,,0.3447515666484833,0.8941112756729126,-0.0643087774515152,,0.3652069568634033,0.8920642137527466,-0.06946336477994919,,0.29094210267066956,0.9448642730712891,-0.03186662122607231,,0.3315107822418213,0.9260433316230774,-0.04538393020629883,,0.3490470051765442,0.9082114100456238,-0.047092586755752563,,0.36082178354263306,0.8942352533340454,-0.04713587835431099,,0.2997385859489441,0.9750093817710876,-0.030644262209534645,,0.33578941226005554,0.9536277055740356,-0.03777030482888222,,0.3393429219722748,0.9393854737281799,-0.03164342790842056,,0.3371177315711975,0.929356575012207,-0.026926767081022263,,0.31103894114494324,0.9954370856285095,-0.03138409182429314,,0.33370110392570496,0.9779582023620605,-0.03429989516735077,,0.3363763391971588,0.9623076915740967,-0.028589172288775444,,0.3342932164669037,0.9519643187522888,-0.02352214604616165,
-0.04932550713419914,-0.5883711576461792,-0.2756458818912506,0.9993679523468018,-0.031136414036154747,-0.627498209476471,-0.27172261476516724,0.9989456534385681,-0.031621478497982025,-0.6272347569465637,-0.2734709680080414,0.9989112615585327,-0.031133431941270828,-0.627372145652771,-0.27136915922164917,0.9990092515945435,-0.0653579831123352,-0.6294235587120056,-0.2663900852203369,0.9989350438117981,-0.0632200539112091,-0.6302028894424438,-0.2665787935256958,0.998970627784729,-0.06385363638401031,-0.629263162612915,-0.26263225078582764,0.9989921450614929,0.060101620852947235,-0.6271508932113647,-0.18893268704414368,0.998917281627655,-0.07867921888828278,-0.6319717168807983,-0.1443093717098236,0.9983319640159607,-0.018401334062218666,-0.5654828548431396,-0.25164246559143066,0.9994280338287354,-0.05923854932188988,-0.5650045275688171,-0.23860406875610352,0.9992978572845459,0.16774478554725647,-0.4374501705169678,-0.13237223029136658,0.9990810751914978,-0.14385533332824707,-0.44905224442481995,-0.05259159579873085,0.9989761114120483,0.1823873072862625,-0.1686384379863739,-0.11330994963645935,0.9724039435386658,-0.17963223159313202,-0.22345590591430664,-0.06750543415546417,0.8491474986076355,0.1894318014383316,0.03594035282731056,-0.20493574440479279,0.9192025661468506,-0.29837772250175476,-0.16765333712100983,-0.2586016058921814,0.842490553855896,0.19841668009757996,0.09200847148895264,-0.2342800498008728,0.8726983070373535,-0.33971741795539856,-0.1554258018732071,-0.2991500496864319,0.8081111907958984,0.17806386947631836,0.08226469159126282,-0.27963340282440186,0.89952152967453,-0.3510707914829254,-0.17080292105674744,-0.33008894324302673,0.8449495434761047,0.1753760576248169,0.04280678182840347,-0.22937044501304626,0.8857899904251099,-0.30300474166870117,-0.16475629806518555,-0.2795325219631195,0.8272648453712463,0.09823079407215118,-0.008278446272015572,-0.01636037975549698,0.4727957546710968,-0.09854809939861298,-0.00025186504353769124,0.017869053408503532,0.4791821837425232,0.10591752082109451,0.07308285683393478,-0.05727122351527214,0.14143629372119904,-0.09609752893447876,0.1795431673526764,-0.058701541274785995,0.15468689799308777,0.11289588361978531,0.329095721244812,0.14433154463768005,0.03662573918700218,-0.0892418846487999,0.4873010516166687,0.1243552640080452,0.06820186972618103,0.1104063168168068,0.345775306224823,0.1605900377035141,0.01902146078646183,-0.08453723788261414,0.5067764520645142,0.14321383833885193,0.0371306948363781,0.13696198165416718,0.3515695333480835,-0.006802623625844717,0.0459938645362854,-0.12761643528938293,0.5474911332130432,-0.01792842149734497,0.07201243191957474,49,1.634,0.3298145830631256,0.9450018405914307,-8.470199475141271e-08,,0.32024386525154114,0.9050010442733765,-0.013281049206852913,,0.31145644187927246,0.8781664371490479,-0.023326609283685684,,0.31297045946121216,0.8769950866699219,-0.032097622752189636,,0.3221089243888855,0.8981578350067139,-0.04149967059493065,,0.2875669002532959,0.9341465830802917,-0.023833096027374268,,0.30217233300209045,0.9109222292900085,-0.037868011742830276,,0.31199386715888977,0.8985403776168823,-0.04878189042210579,,0.3158477246761322,0.8962936401367188,-0.05591193959116936,,0.29377084970474243,0.9686698317527771,-0.02328956499695778,,0.32094433903694153,0.9494713544845581,-0.034427981823682785,,0.33765909075737,0.9371546506881714,-0.040312208235263824,,0.34670448303222656,0.9352239966392517,-0.044583410024642944,,0.3058170676231384,0.9930645823478699,-0.02331443317234516,,0.33017390966415405,0.9765400886535645,-0.0334383100271225,,0.3425334095954895,0.9629262685775757,-0.03380201384425163,,0.34782981872558594,0.958659827709198,-0.03343578055500984,,0.31882694363594055,1.007434606552124,-0.02445395290851593,,0.33642494678497314,0.9920632243156433,-0.03067532181739807,,0.346376895904541,0.978122353553772,-0.02820747159421444,,0.3516976833343506,0.9723888635635376,-0.025547534227371216,
-0.04588035121560097,-0.587158203125,-0.2860189378261566,0.9992513060569763,-0.027299605309963226,-0.6257248520851135,-0.2841586768627167,0.9987773895263672,-0.02777482010424137,-0.6254706382751465,-0.28596895933151245,0.998759925365448,-0.027259696274995804,-0.6256457567214966,-0.28389570116996765,0.9988663196563721,-0.06069135293364525,-0.6278853416442871,-0.27828025817871094,0.9987212419509888,-0.05856574699282646,-0.6286951899528503,-0.2783910930156708,0.9987661838531494,-0.05919914320111275,-0.6277655959129333,-0.27446630597114563,0.9987840056419373,0.06293349713087082,-0.6242949366569519,-0.2063950151205063,0.9987974166870117,-0.07239003479480743,-0.6302481889724731,-0.1598661243915558,0.9980463981628418,-0.01577792316675186,-0.5641207695007324,-0.2635193467140198,0.9993506073951721,-0.05548292398452759,-0.5638903975486755,-0.24981987476348877,0.9991808533668518,0.16902154684066772,-0.4338797926902771,-0.15120840072631836,0.9990549087524414,-0.13959906995296478,-0.4494537115097046,-0.0659990906715393,0.998911440372467,0.19186073541641235,-0.1683558076620102,-0.13059838116168976,0.9723321795463562,-0.17904290556907654,-0.2262442260980606,-0.06341589242219925,0.8450537919998169,0.1929369419813156,0.03734344244003296,-0.21064414083957672,0.9170434474945068,-0.2996789216995239,-0.1560061126947403,-0.22532565891742706,0.8364388346672058,0.20146888494491577,0.09369204193353653,-0.2410094290971756,0.8704248070716858,-0.34104686975479126,-0.13590623438358307,-0.26070088148117065,0.8027159571647644,0.17939423024654388,0.08361837267875671,-0.2852770984172821,0.8976885080337524,-0.351284921169281,-0.14868615567684174,-0.2946782410144806,0.8404147028923035,0.17798100411891937,0.04468705132603645,-0.23457543551921844,0.8840174078941345,-0.30401715636253357,-0.14982405304908752,-0.24634802341461182,0.823520839214325,0.09800265729427338,-0.005969070829451084,-0.018855074420571327,0.4650351405143738,-0.09833618253469467,-0.0027484260499477386,0.02044546604156494,0.4693412184715271,0.08219874650239944,0.0758117139339447,-0.06133338436484337,0.14502552151679993,-0.11921635270118713,0.17803525924682617,-0.05961273983120918,0.1572110503911972,0.09065563231706619,0.3297925293445587,0.13507848978042603,0.036150895059108734,-0.10447998344898224,0.4869980216026306,0.12119386345148087,0.06815553456544876,0.08799034357070923,0.3465135395526886,0.1516747772693634,0.01866978593170643,-0.10003252327442169,0.5064655542373657,0.14050503075122833,0.037697017192840576,0.1066523939371109,0.35395529866218567,-0.009465671144425869,0.045557186007499695,-0.15216660499572754,0.5466140508651733,-0.016353482380509377,0.07229103147983551,50,1.668,0.3182455599308014,0.966424286365509,2.6562982924360767e-09,,0.303314208984375,0.9334470629692078,-0.011132098734378815,,0.29763364791870117,0.9092665910720825,-0.020258193835616112,,0.30285537242889404,0.9120331406593323,-0.02887175977230072,,0.315296471118927,0.9308716654777527,-0.03886429965496063,,0.30412840843200684,0.9549819827079773,-0.019998863339424133,,0.3117370307445526,0.9483397603034973,-0.0328325554728508,,0.31857919692993164,0.9455486536026001,-0.044691991060972214,,0.3244887590408325,0.9438183903694153,-0.05243859067559242,,0.3210345506668091,0.976492702960968,-0.020992429926991463,,0.3288494050502777,0.9707897305488586,-0.02932659536600113,,0.3357912600040436,0.9612915515899658,-0.03540226072072983,,0.3400952219963074,0.9525975584983826,-0.04141915962100029,,0.3365428149700165,0.9895621538162231,-0.02250700630247593,,0.34403663873672485,0.9845091104507446,-0.0308667179197073,,0.3485458195209503,0.9755717515945435,-0.03173978254199028,,0.35174083709716797,0.967218279838562,-0.033031899482011795,,0.3495715856552124,0.9953311085700989,-0.025156570598483086,,0.35758736729621887,0.9914183616638184,-0.029871392995119095,,0.36164307594299316,0.9846025109291077,-0.027078723534941673,,0.36431652307510376,0.9776800274848938,-0.025856785476207733,
-0.04140289127826691,-0.5848104357719421,-0.3048625588417053,0.9991773366928101,-0.022213472053408623,-0.6228266954421997,-0.303935170173645,0.9986634850502014,-0.022669954225420952,-0.6225682497024536,-0.3057217299938202,0.9986611604690552,-0.02215251512825489,-0.6227536797523499,-0.3037053942680359,0.9987638592720032,-0.05549871176481247,-0.6254521012306213,-0.29818108677864075,0.9985657930374146,-0.05338332802057266,-0.6262691617012024,-0.29826620221138,0.9986152648925781,-0.05401355400681496,-0.6253399848937988,-0.2943684160709381,0.9986277222633362,0.06722717732191086,-0.6200641393661499,-0.22688961029052734,0.9987100958824158,-0.06738575547933578,-0.6281171441078186,-0.1801900863647461,0.9978653788566589,-0.01206565648317337,-0.5614680647850037,-0.282408744096756,0.9993067979812622,-0.05138696730136871,-0.5618136525154114,-0.26853707432746887,0.9991105198860168,0.17168402671813965,-0.4291391670703888,-0.16850918531417847,0.9990473985671997,-0.13699480891227722,-0.45034152269363403,-0.08797316998243332,0.9988911151885986,0.20091599225997925,-0.1680193841457367,-0.14996682107448578,0.9718315005302429,-0.1833147257566452,-0.234140083193779,-0.0643070712685585,0.8463056087493896,0.19692333042621613,0.03713937848806381,-0.22780774533748627,0.910262405872345,-0.3053005337715149,-0.14762575924396515,-0.21087788045406342,0.8292645812034607,0.20438310503959656,0.09317992627620697,-0.2580792307853699,0.8615191578865051,-0.3447931706905365,-0.1220138892531395,-0.24071268737316132,0.7940875291824341,0.18119272589683533,0.08290314674377441,-0.30154070258140564,0.8908473253250122,-0.35279813408851624,-0.1304144263267517,-0.277365505695343,0.8334036469459534,0.18119636178016663,0.04457433521747589,-0.25119781494140625,0.8764978051185608,-0.30838820338249207,-0.13842318952083588,-0.23205064237117767,0.8170918226242065,0.09805189818143845,-0.0039155627600848675,-0.02001778595149517,0.44675323367118835,-0.09838088601827621,-0.004922943189740181,0.021655114367604256,0.4497256278991699,0.06537226587533951,0.07330470532178879,-0.06327907741069794,0.14607292413711548,-0.15034335851669312,0.1775500327348709,-0.062380556017160416,0.15818791091442108,0.0654875710606575,0.3241478502750397,0.13514094054698944,0.03542463481426239,-0.13834379613399506,0.48702454566955566,0.12377391755580902,0.06723631173372269,0.06132134795188904,0.3404304087162018,0.1520220786333084,0.018199142068624496,-0.13521809875965118,0.5065181851387024,0.14578427374362946,0.037624895572662354,0.076248899102211,0.34710779786109924,-0.010279186069965363,0.04476279392838478,-0.19375813007354736,0.5459434986114502,-0.0038192211650311947,0.07147496938705444,51,1.701,,,,,,,,,,,,,,,,,,,,,,,,,,,,,,,,,,,,,,,,,,,,,,,,,,,,,,,,,,,,,,,,,,,,,,,,,,,,,,,,,,,,
-0.040845297276973724,-0.5849704146385193,-0.307190865278244,0.999089241027832,-0.02065306343138218,-0.6228618621826172,-0.30554476380348206,0.9985089302062988,-0.02109544910490513,-0.622602641582489,-0.30726057291030884,0.9985448122024536,-0.020606931298971176,-0.6227863430976868,-0.3052941858768463,0.9986304044723511,-0.054382529109716415,-0.6254902482032776,-0.29946091771125793,0.9983473420143127,-0.05226636677980423,-0.6263046264648438,-0.29950353503227234,0.9984131455421448,-0.05289106070995331,-0.6253726482391357,-0.2956099212169647,0.9983915686607361,0.06961371004581451,-0.6188786625862122,-0.22757430374622345,0.9986063838005066,-0.06616249680519104,-0.627590537071228,-0.17796474695205688,0.9975824356079102,-0.011619452387094498,-0.5614811778068542,-0.28484809398651123,0.9992793202400208,-0.05112218111753464,-0.5618363618850708,-0.2699647843837738,0.9990571737289429,0.17170937359333038,-0.4274231195449829,-0.1694047898054123,0.9990794062614441,-0.1369873732328415,-0.4503556489944458,-0.08654104173183441,0.9988927245140076,0.20520859956741333,-0.1681220829486847,-0.15460236370563507,0.9712620377540588,-0.19382745027542114,-0.237081840634346,-0.046371940523386,0.845710039138794,0.19796939194202423,0.03423459455370903,-0.23889069259166718,0.8914058804512024,-0.32600677013397217,-0.13894984126091003,-0.16350236535072327,0.8066233396530151,0.2045619934797287,0.09040158241987228,-0.2676113247871399,0.8376245498657227,-0.3622933626174927,-0.10880828648805618,-0.18264612555503845,0.7687714695930481,0.18110540509223938,0.08066670596599579,-0.31236565113067627,0.8723591566085815,-0.3730153441429138,-0.11232186108827591,-0.22685183584690094,0.8123617768287659,0.1814109981060028,0.04232627525925636,-0.26249656081199646,0.8554590344429016,-0.32952314615249634,-0.127287358045578,-0.18670310080051422,0.7958739399909973,0.09804319590330124,-0.003626973135396838,-0.022441387176513672,0.41989439725875854,-0.09835124015808105,-0.00521484250202775,0.024142609909176826,0.4216655194759369,0.05908455327153206,0.05708233267068863,-0.07523339241743088,0.14356586337089539,-0.14083567261695862,0.17754460871219635,-0.0721188485622406,0.15542496740818024,0.07442896068096161,0.3132724165916443,0.12953785061836243,0.0342496894299984,-0.13819418847560883,0.498712956905365,0.131834015250206,0.06512705981731415,0.07096780091524124,0.32899829745292664,0.1479446440935135,0.01747775264084339,-0.1378069818019867,0.5189271569252014,0.16014464199543,0.037049148231744766,0.08755473047494888,0.325196236371994,-0.032071903347969055,0.04318283498287201,-0.20457810163497925,0.547944188117981,0.009211611934006214,0.06901746988296509,52,1.735,,,,,,,,,,,,,,,,,,,,,,,,,,,,,,,,,,,,,,,,,,,,,,,,,,,,,,,,,,,,,,,,,,,,,,,,,,,,,,,,,,,,
-0.03979429230093956,-0.583953320980072,-0.31913211941719055,0.9990363121032715,-0.019149284809827805,-0.6214155554771423,-0.3168461322784424,0.9984245300292969,-0.019586851820349693,-0.6211402416229248,-0.31854259967803955,0.9984835982322693,-0.019104279577732086,-0.6213124394416809,-0.316569060087204,0.9985587000846863,-0.053206413984298706,-0.6243472099304199,-0.3111269176006317,0.9982280731201172,-0.05108434706926346,-0.6251518726348877,-0.31112074851989746,0.9982988238334656,-0.05170196667313576,-0.6242090463638306,-0.3071962893009186,0.9982577562332153,0.0709100142121315,-0.615567684173584,-0.23630918562412262,0.9985498189926147,-0.06571545451879501,-0.625289797782898,-0.18737992644309998,0.9974262714385986,-0.010883836075663567,-0.5597966909408569,-0.29610154032707214,0.9992659091949463,-0.05059170350432396,-0.5605025291442871,-0.28159016370773315,0.9990321397781372,0.17168912291526794,-0.4240882396697998,-0.17328843474388123,0.9991104006767273,-0.1370353400707245,-0.44967737793922424,-0.0934445932507515,0.9989044070243835,0.20523415505886078,-0.16731876134872437,-0.15568429231643677,0.9706008434295654,-0.19786947965621948,-0.2371511459350586,-0.045166946947574615,0.8463304042816162,0.19797247648239136,0.03429687023162842,-0.24179059267044067,0.877948522567749,-0.3321881592273712,-0.12520501017570496,-0.1581570953130722,0.7906743288040161,0.20439279079437256,0.09045968949794769,-0.2700411081314087,0.8210524320602417,-0.3686486780643463,-0.09258153289556503,-0.17684617638587952,0.7507628202438354,0.18080651760101318,0.08074279874563217,-0.3148888647556305,0.8596181273460388,-0.3802202045917511,-0.09517519921064377,-0.22119134664535522,0.7976662516593933,0.1813126802444458,0.042445722967386246,-0.2654270827770233,0.8407573699951172,-0.3359944224357605,-0.11244478076696396,-0.1811598539352417,0.7809842228889465,0.09807051718235016,-0.003547174157574773,-0.022746827453374863,0.3965929448604584,-0.09835901856422424,-0.00534508703276515,0.024488229304552078,0.39663827419281006,0.06415453553199768,0.04869173467159271,-0.07740369439125061,0.14175662398338318,-0.13785722851753235,0.17574897408485413,-0.07772830128669739,0.15302011370658875,0.0821719542145729,0.30283722281455994,0.1283746063709259,0.03315510228276253,-0.13186965882778168,0.49864134192466736,0.13269121944904327,0.06300032138824463,0.08028297871351242,0.3175983130931854,0.14709213376045227,0.016843130812048912,-0.1301726996898651,0.5186400413513184,0.1616698056459427,0.036323800683021545,0.08947344124317169,0.3083603084087372,-0.0385342612862587,0.04180385544896126,-0.18967948853969574,0.5468165278434753,0.008647133596241474,0.06675716489553452,53,1.768,,,,,,,,,,,,,,,,,,,,,,,,,,,,,,,,,,,,,,,,,,,,,,,,,,,,,,,,,,,,,,,,,,,,,,,,,,,,,,,,,,,,
-0.03888832777738571,-0.5836286544799805,-0.3202061057090759,0.9990129470825195,-0.017691578716039658,-0.6209071278572083,-0.31755444407463074,0.9983834028244019,-0.01812964305281639,-0.6206126809120178,-0.31927216053009033,0.9984620809555054,-0.017662247642874718,-0.6207674741744995,-0.3172968029975891,0.9985257387161255,-0.05216984450817108,-0.624091386795044,-0.3119131028652191,0.998153805732727,-0.05005582422018051,-0.6248841881752014,-0.3118738830089569,0.9982280731201172,-0.0506623238325119,-0.6239323019981384,-0.3079480826854706,0.9981654286384583,0.07277932018041611,-0.6136453151702881,-0.2367606908082962,0.9985279440879822,-0.0651731938123703,-0.6247157454490662,-0.1876210719347,0.9973322749137878,-0.010118779726326466,-0.5589751601219177,-0.2970772683620453,0.9992747902870178,-0.050132740288972855,-0.560055136680603,-0.28248825669288635,0.9990324378013611,0.1719583421945572,-0.4217482805252075,-0.17515164613723755,0.9991493225097656,-0.137078195810318,-0.449562132358551,-0.09790203720331192,0.9989295601844788,0.2074931412935257,-0.16655848920345306,-0.1586294174194336,0.9696945548057556,-0.20034684240818024,-0.2381857931613922,-0.04730447754263878,0.8472912311553955,0.19934608042240143,0.034449830651283264,-0.24703718721866608,0.8586902022361755,-0.3291780352592468,-0.12091284990310669,-0.16561922430992126,0.7712544202804565,0.2047267109155655,0.09183162450790405,-0.27333760261535645,0.7972642183303833,-0.36771059036254883,-0.08429590612649918,-0.18238630890846252,0.7284923195838928,0.18064770102500916,0.08360088616609573,-0.3194216191768646,0.8412164449691772,-0.3797633945941925,-0.08400765806436539,-0.22755402326583862,0.779386579990387,0.18164245784282684,0.043195612728595734,-0.2707027792930603,0.8199841380119324,-0.3331383466720581,-0.10659295320510864,-0.1887146681547165,0.7623463869094849,0.09828286617994308,-0.0034952033311128616,-0.022707924246788025,0.3701636791229248,-0.09843693673610687,-0.00540150934830308,0.024458670988678932,0.36873045563697815,0.06715679913759232,0.03156237676739693,-0.07960168272256851,0.1389143019914627,-0.1333773285150528,0.15534909069538116,-0.08559445291757584,0.14877064526081085,0.0992872565984726,0.2952698767185211,0.12871427834033966,0.03219037875533104,-0.13094660639762878,0.4942285418510437,0.13842451572418213,0.060493629425764084,0.09951124340295792,0.3099472224712372,0.1474616825580597,0.016157379373908043,-0.12756706774234772,0.5131576061248779,0.17118170857429504,0.034989215433597565,0.1117517277598381,0.2909298837184906,-0.047743767499923706,0.04037778452038765,-0.18136028945446014,0.5290994048118591,0.012326071038842201,0.06380484998226166,54,1.801,,,,,,,,,,,,,,,,,,,,,,,,,,,,,,,,,,,,,,,,,,,,,,,,,,,,,,,,,,,,,,,,,,,,,,,,,,,,,,,,,,,,
-0.04016478359699249,-0.5840388536453247,-0.3198944628238678,0.9990381002426147,-0.01856483891606331,-0.621265709400177,-0.3170774579048157,0.9984180927276611,-0.01898959092795849,-0.6209611296653748,-0.3187865614891052,0.9985020756721497,-0.01853913813829422,-0.6210982203483582,-0.31684234738349915,0.998556911945343,-0.05372728407382965,-0.62453693151474,-0.31129977107048035,0.9981866478919983,-0.05161062255501747,-0.6253161430358887,-0.3112777769565582,0.9982603788375854,-0.05220670625567436,-0.6243578195571899,-0.30736836791038513,0.9981898665428162,0.07267887145280838,-0.6138636469841003,-0.23519164323806763,0.9985510110855103,-0.06729602813720703,-0.6248527765274048,-0.18569882214069366,0.9973794221878052,-0.011030837893486023,-0.5591619610786438,-0.29622092843055725,0.9992948174476624,-0.05177810415625572,-0.5603047013282776,-0.2814893126487732,0.9990568161010742,0.1718285083770752,-0.4218730330467224,-0.17489872872829437,0.9991843104362488,-0.14027300477027893,-0.44953498244285583,-0.09739050269126892,0.9989513754844666,0.2075091302394867,-0.16660097241401672,-0.1599089503288269,0.9682061672210693,-0.20188365876674652,-0.23808375000953674,-0.05003249645233154,0.8440229892730713,0.1987847089767456,0.03258915990591049,-0.24978341162204742,0.8377344012260437,-0.31881535053253174,-0.12354585528373718,-0.18065840005874634,0.7456158399581909,0.20314021408557892,0.09118484705686569,-0.27568620443344116,0.7728419303894043,-0.34652113914489746,-0.0887356847524643,-0.2019573450088501,0.701679527759552,0.1758800446987152,0.083408884704113,-0.3228318393230438,0.8219262957572937,-0.35613393783569336,-0.09003844112157822,-0.24406680464744568,0.7562291026115417,0.17999301850795746,0.04190051928162575,-0.27370867133140564,0.7985363602638245,-0.3198188841342926,-0.11054238677024841,-0.2029973864555359,0.7391475439071655,0.09861913323402405,-0.003991321660578251,-0.022423431277275085,0.35490554571151733,-0.09870252758264542,-0.004862114787101746,0.024192949756979942,0.3513295352458954,0.06791628897190094,0.03334580734372139,-0.07208001613616943,0.13793058693408966,-0.11429440975189209,0.1626124531030655,-0.08453413099050522,0.14596085250377655,0.12387916445732117,0.29866188764572144,0.13037976622581482,0.03254624083638191,-0.11173471063375473,0.4979993999004364,0.14947904646396637,0.05937344580888748,0.1258794367313385,0.31479963660240173,0.14901022613048553,0.015909722074866295,-0.1098724976181984,0.5170006155967712,0.18224836885929108,0.03417103737592697,0.14478594064712524,0.29748427867889404,-0.04695574939250946,0.04059673845767975,-0.16438882052898407,0.5320621132850647,0.02080943062901497,0.06251146644353867,55,1.835,,,,,,,,,,,,,,,,,,,,,,,,,,,,,,,,,,,,,,,,,,,,,,,,,,,,,,,,,,,,,,,,,,,,,,,,,,,,,,,,,,,,
-0.04103385657072067,-0.5840566158294678,-0.3192620873451233,0.9990572333335876,-0.019282570108771324,-0.621295690536499,-0.3163343369960785,0.9984447360038757,-0.01969541795551777,-0.6209919452667236,-0.3180392384529114,0.9985362887382507,-0.0192621648311615,-0.6211290955543518,-0.3161107897758484,0.9985795617103577,-0.05499874800443649,-0.6245768070220947,-0.3106176257133484,0.9982063174247742,-0.052880726754665375,-0.6253500580787659,-0.3105984628200531,0.9982796311378479,-0.053466182202100754,-0.6243889331817627,-0.30670374631881714,0.9981966018676758,0.07259262353181839,-0.6139270663261414,-0.2344023436307907,0.9985683560371399,-0.0690624937415123,-0.6248693466186523,-0.1846981942653656,0.9974135160446167,-0.01156860776245594,-0.5591596961021423,-0.2954563796520233,0.9993138909339905,-0.05280790850520134,-0.5603070259094238,-0.28068193793296814,0.999077320098877,0.171827033162117,-0.4222070276737213,-0.17498019337654114,0.9992107152938843,-0.1419759839773178,-0.44943860173225403,-0.10097412765026093,0.9989659190177917,0.20804738998413086,-0.16687774658203125,-0.1623305231332779,0.9653283357620239,-0.20253893733024597,-0.23815572261810303,-0.057076241821050644,0.8415834307670593,0.19812747836112976,0.030745843425393105,-0.25369206070899963,0.8060126304626465,-0.30291593074798584,-0.12053536623716354,-0.18760637938976288,0.7152024507522583,0.20123142004013062,0.09100311249494553,-0.27830761671066284,0.7377634644508362,-0.32356488704681396,-0.08119993656873703,-0.20744547247886658,0.6696749925613403,0.17085367441177368,0.08355765044689178,-0.32617026567459106,0.7925665974617004,-0.330940306186676,-0.07914555817842484,-0.25054872035980225,0.7277302742004395,0.17801403999328613,0.0409502238035202,-0.27763238549232483,0.7667551040649414,-0.3014146387577057,-0.10602360963821411,-0.20984715223312378,0.7104531526565552,0.09901881217956543,-0.004322664346545935,-0.021575018763542175,0.3346962332725525,-0.09899716824293137,-0.004493369720876217,0.023379215970635414,0.3298347592353821,0.06968870759010315,0.02455160953104496,-0.07158162444829941,0.1353357881307602,-0.10557939857244492,0.16323865950107574,-0.08681230992078781,0.14212611317634583,0.13378441333770752,0.3007024824619293,0.13005331158638,0.032492782920598984,-0.10676833242177963,0.4979105591773987,0.14990030229091644,0.057759519666433334,0.13652490079402924,0.3170151114463806,0.14857721328735352,0.015465370379388332,-0.10596618801355362,0.5169345140457153,0.1829540878534317,0.03289180248975754,0.16057062149047852,0.3015316426753998,-0.05615347996354103,0.04030778259038925,-0.1600520759820938,0.5324687957763672,0.019828878343105316,0.06053712218999863,56,1.868,,,,,,,,,,,,,,,,,,,,,,,,,,,,,,,,,,,,,,,,,,,,,,,,,,,,,,,,,,,,,,,,,,,,,,,,,,,,,,,,,,,,
-0.04192357882857323,-0.5840734243392944,-0.31766656041145325,0.9990093111991882,-0.020649798214435577,-0.6213334798812866,-0.3147525191307068,0.9983664751052856,-0.021045681089162827,-0.6210271716117859,-0.3164583742618561,0.9984782934188843,-0.020623914897441864,-0.6211591958999634,-0.3145202100276947,0.9984976649284363,-0.05644727125763893,-0.6246175169944763,-0.3091089427471161,0.9981000423431396,-0.0543263740837574,-0.6253863573074341,-0.30910420417785645,0.9981828331947327,-0.054909929633140564,-0.6244236826896667,-0.30520740151405334,0.9980718493461609,0.07093626260757446,-0.6140375137329102,-0.2330268919467926,0.9984890222549438,-0.0712105929851532,-0.6248995661735535,-0.18408456444740295,0.9973114132881165,-0.012415975332260132,-0.5591846108436584,-0.2939165234565735,0.9993014335632324,-0.05372259020805359,-0.5603184700012207,-0.2792676091194153,0.9990653991699219,0.17087988555431366,-0.42263171076774597,-0.1741221398115158,0.9992192387580872,-0.14388848841190338,-0.449613094329834,-0.10370534658432007,0.9989767670631409,0.20757406949996948,-0.16797025501728058,-0.16035065054893494,0.9606540203094482,-0.20576222240924835,-0.23987039923667908,-0.05730999633669853,0.8398725390434265,0.19800874590873718,0.028922095894813538,-0.2522968351840973,0.7713948488235474,-0.2926059365272522,-0.11294456571340561,-0.1771971881389618,0.6852723360061646,0.20082984864711761,0.09015771746635437,-0.27729102969169617,0.7011473774909973,-0.30904021859169006,-0.06900379061698914,-0.19193384051322937,0.6379389762878418,0.1703898310661316,0.08334746956825256,-0.32480502128601074,0.7606359720230103,-0.31460362672805786,-0.06658568978309631,-0.23666924238204956,0.6985942721366882,0.17771363258361816,0.03954752907156944,-0.27628639340400696,0.7325173616409302,-0.2896030843257904,-0.09747099131345749,-0.19915880262851715,0.680496096611023,0.09904999285936356,-0.004461904522031546,-0.019933534786105156,0.3129104673862457,-0.09902877360582352,-0.004383334890007973,0.021744374185800552,0.30786094069480896,0.07027960568666458,0.023284470662474632,-0.06874684989452362,0.13050954043865204,-0.09833506494760513,0.1638089269399643,-0.08695957064628601,0.13789717853069305,0.14085270464420319,0.29865792393684387,0.13399414718151093,0.03137786313891411,-0.10152798891067505,0.495871365070343,0.1492273062467575,0.055608559399843216,0.14414994418621063,0.31495729088783264,0.15308424830436707,0.014833299443125725,-0.10114524513483047,0.5148889422416687,0.18155892193317413,0.0316048227250576,0.1744067370891571,0.30054599046707153,-0.05419398099184036,0.038951583206653595,-0.1533273607492447,0.5298133492469788,0.01963268592953682,0.05817580595612526,57,1.901,,,,,,,,,,,,,,,,,,,,,,,,,,,,,,,,,,,,,,,,,,,,,,,,,,,,,,,,,,,,,,,,,,,,,,,,,,,,,,,,,,,,
