pose_world_0_x,pose_world_0_y,pose_world_0_z,pose_world_0_visibility,pose_world_1_x,pose_world_1_y,pose_world_1_z,pose_world_1_visibility,pose_world_2_x,pose_world_2_y,pose_world_2_z,pose_world_2_visibility,pose_world_3_x,pose_world_3_y,pose_world_3_z,pose_world_3_visibility,pose_world_4_x,pose_world_4_y,pose_world_4_z,pose_world_4_visibility,pose_world_5_x,pose_world_5_y,pose_world_5_z,pose_world_5_visibility,pose_world_6_x,pose_world_6_y,pose_world_6_z,pose_world_6_visibility,pose_world_7_x,pose_world_7_y,pose_world_7_z,pose_world_7_visibility,pose_world_8_x,pose_world_8_y,pose_world_8_z,pose_world_8_visibility,pose_world_9_x,pose_world_9_y,pose_world_9_z,pose_world_9_visibility,pose_world_10_x,pose_world_10_y,pose_world_10_z,pose_world_10_visibility,pose_world_11_x,pose_world_11_y,pose_world_11_z,pose_world_11_visibility,pose_world_12_x,pose_world_12_y,pose_world_12_z,pose_world_12_visibility,pose_world_13_x,pose_world_13_y,pose_world_13_z,pose_world_13_visibility,pose_world_14_x,pose_world_14_y,pose_world_14_z,pose_world_14_visibility,pose_world_15_x,pose_world_15_y,pose_world_15_z,pose_world_15_visibility,pose_world_16_x,pose_world_16_y,pose_world_16_z,pose_world_16_visibility,pose_world_17_x,pose_world_17_y,pose_world_17_z,pose_world_17_visibility,pose_world_18_x,pose_world_18_y,pose_world_18_z,pose_world_18_visibility,pose_world_19_x,pose_world_19_y,pose_world_19_z,pose_world_19_visibility,pose_world_20_x,pose_world_20_y,pose_world_20_z,pose_world_20_visibility,pose_world_21_x,pose_world_21_y,pose_world_21_z,pose_world_21_visibility,pose_world_22_x,pose_world_22_y,pose_world_22_z,pose_world_22_visibility,pose_world_23_x,pose_world_23_y,pose_world_23_z,pose_world_23_visibility,pose_world_24_x,pose_world_24_y,pose_world_24_z,pose_world_24_visibility,pose_world_25_x,pose_world_25_y,pose_world_25_z,pose_world_25_visibility,pose_world_26_x,pose_world_26_y,pose_world_26_z,pose_world_26_visibility,pose_world_27_x,pose_world_27_y,pose_world_27_z,pose_world_27_visibility,pose_world_28_x,pose_world_28_y,pose_world_28_z,pose_world_28_visibility,pose_world_29_x,pose_world_29_y,pose_world_29_z,pose_world_29_visibility,pose_world_30_x,pose_world_30_y,pose_world_30_z,pose_world_30_visibility,pose_world_31_x,pose_world_31_y,pose_world_31_z,pose_world_31_visibility,pose_world_32_x,pose_world_32_y,pose_world_32_z,pose_world_32_visibility,frame,timestamp,left_hand_0_x,left_hand_0_y,left_hand_0_z,left_hand_0_visibility,left_hand_1_x,left_hand_1_y,left_hand_1_z,left_hand_1_visibility,left_hand_2_x,left_hand_2_y,left_hand_2_z,left_hand_2_visibility,left_hand_3_x,left_hand_3_y,left_hand_3_z,left_hand_3_visibility,left_hand_4_x,left_hand_4_y,left_hand_4_z,left_hand_4_visibility,left_hand_5_x,left_hand_5_y,left_hand_5_z,left_hand_5_visibility,left_hand_6_x,left_hand_6_y,left_hand_6_z,left_hand_6_visibility,left_hand_7_x,left_hand_7_y,left_hand_7_z,left_hand_7_visibility,left_hand_8_x,left_hand_8_y,left_hand_8_z,left_hand_8_visibility,left_hand_9_x,left_hand_9_y,left_hand_9_z,left_hand_9_visibility,left_hand_10_x,left_hand_10_y,left_hand_10_z,left_hand_10_visibility,left_hand_11_x,left_hand_11_y,left_hand_11_z,left_hand_11_visibility,left_hand_12_x,left_hand_12_y,left_hand_12_z,left_hand_12_visibility,left_hand_13_x,left_hand_13_y,left_hand_13_z,left_hand_13_visibility,left_hand_14_x,left_hand_14_y,left_hand_14_z,left_hand_14_visibility,left_hand_15_x,left_hand_15_y,left_hand_15_z,left_hand_15_visibility,left_hand_16_x,left_hand_16_y,left_hand_16_z,left_hand_16_visibility,left_hand_17_x,left_hand_17_y,left_hand_17_z,left_hand_17_visibility,left_hand_18_x,left_hand_18_y,left_hand_18_z,left_hand_18_visibility,left_hand_19_x,left_hand_19_y,left_hand_19_z,left_hand_19_visibility,left_hand_20_x,left_hand_20_y,left_hand_20_z,left_hand_20_visibility
-0.02975885570049286,-0.617254376411438,-0.32069554924964905,0.9996117949485779,-0.00849157851189375,-0.6512657999992371,-0.31027752161026,0.999176561832428,-0.008788550272583961,-0.6508834958076477,-0.31185704469680786,0.9992064833641052,-0.008312792517244816,-0.6507909893989563,-0.31020817160606384,0.9989756345748901,-0.04707424342632294,-0.6540464162826538,-0.3099633753299713,0.9993287324905396,-0.04491861164569855,-0.6547839045524597,-0.31009575724601746,0.9993883371353149,-0.04550178349018097,-0.6537917256355286,-0.30632489919662476,0.9992457628250122,0.07213666290044785,-0.6239768862724304,-0.21581695973873138,0.9990905523300171,-0.08341356366872787,-0.6309476494789124,-0.18818889558315277,0.9992881417274475,-0.006799708120524883,-0.5837846398353577,-0.2934797704219818,0.999762237071991,-0.05174313113093376,-0.5837591886520386,-0.28536489605903625,0.9998278617858887,0.16591954231262207,-0.41713035106658936,-0.15821312367916107,0.9982977509498596,-0.16462117433547974,-0.4289530813694,-0.13428276777267456,0.9989438652992249,0.19400712847709656,-0.1582631915807724,-0.14314106106758118,0.7005335092544556,-0.16877146065235138,-0.18671521544456482,-0.11536625772714615,0.6962883472442627,0.20883145928382874,0.03239336609840393,-0.23359046876430511,0.0866331085562706,-0.19271576404571533,-0.009238464757800102,-0.2283213585615158,0.12366688996553421,0.21827422082424164,0.0993727445602417,-0.25641128420829773,0.08055730164051056,-0.19710581004619598,0.05250030383467674,-0.24379785358905792,0.11629282683134079,0.19249482452869415,0.10242810100317001,-0.30813872814178467,0.12655554711818695,-0.19268448650836945,0.06865836679935455,-0.29110804200172424,0.16139326989650726,0.19105574488639832,0.047345370054244995,-0.25999101996421814,0.11087155342102051,-0.18375594913959503,0.014169098809361458,-0.25071004033088684,0.15200714766979218,0.10492086410522461,-0.01202014833688736,-0.003008664585649967,0.1393311470746994,-0.10544922202825546,0.003336257068440318,0.004756185691803694,0.20733408629894257,0.07461756467819214,0.00527411513030529,-0.026613499969244003,0.07386204600334167,-0.0631788969039917,0.15691055357456207,-0.12727217376232147,0.13070376217365265,0.16409379243850708,0.25534915924072266,0.25508588552474976,0.015781931579113007,-0.07535798847675323,0.47549933195114136,0.16542115807533264,0.058405179530382156,0.16991201043128967,0.27213189005851746,0.2831798791885376,0.008053150027990341,-0.0781862735748291,0.4975467026233673,0.2034897655248642,0.02522425167262554,0.20580683648586273,0.2695963978767395,0.0806208923459053,0.01830568164587021,-0.12681128084659576,0.522120475769043,0.026756111532449722,0.04712184518575668,0,0.0,,,,,,,,,,,,,,,,,,,,,,,,,,,,,,,,,,,,,,,,,,,,,,,,,,,,,,,,,,,,,,,,,,,,,,,,,,,,,,,,,,,,
-0.028200466185808182,-0.6199619770050049,-0.30280205607414246,0.9995892643928528,-0.007389260921627283,-0.6543936133384705,-0.2924477458000183,0.9991517066955566,-0.007701525464653969,-0.6540393233299255,-0.29408738017082214,0.999191164970398,-0.0072207022458314896,-0.6540068984031677,-0.29231879115104675,0.998957633972168,-0.04562140628695488,-0.6565320491790771,-0.29370105266571045,0.999294102191925,-0.04345884919166565,-0.6572808027267456,-0.29387032985687256,0.9993581175804138,-0.04405045881867409,-0.6562910676002502,-0.2900714576244354,0.9992067813873291,0.0720447301864624,-0.6292405724525452,-0.1966254711151123,0.9990534782409668,-0.08337089419364929,-0.6334969997406006,-0.17536737024784088,0.9992366433143616,-0.005887005478143692,-0.5874053835868835,-0.2747766673564911,0.9997237324714661,-0.050584081560373306,-0.5866531729698181,-0.2685562074184418,0.9997945427894592,0.16329807043075562,-0.42926475405693054,-0.13666395843029022,0.9981985092163086,-0.1646246612071991,-0.4303985834121704,-0.11756293475627899,0.9987292885780334,0.1992090344429016,-0.17949636280536652,-0.12942944467067719,0.6980841159820557,-0.1686129868030548,-0.1870717704296112,-0.09635075181722641,0.6858317255973816,0.21210862696170807,0.01075988169759512,-0.23204532265663147,0.09131661802530289,-0.19663295149803162,-0.006069987080991268,-0.19759903848171234,0.12366832792758942,0.22179971635341644,0.07285808771848679,-0.2564541697502136,0.08480812609195709,-0.20416919887065887,0.05471750348806381,-0.21538107097148895,0.11650348454713821,0.1948096603155136,0.07534728199243546,-0.3061105012893677,0.13154684007167816,-0.20210351049900055,0.06900008767843246,-0.25849583745002747,0.16135630011558533,0.1946866810321808,0.02559226006269455,-0.25788918137550354,0.11569733172655106,-0.1889217346906662,0.016658684238791466,-0.21890464425086975,0.15230782330036163,0.1048017144203186,-0.012099144048988819,-0.00233401614241302,0.13541536033153534,-0.10534283518791199,0.0033431716728955507,0.004111007321625948,0.19875918328762054,0.07799763977527618,0.004678950645029545,-0.0246069747954607,0.07317549735307693,-0.07181636989116669,0.15221330523490906,-0.13032041490077972,0.1281060129404068,0.16029143333435059,0.2577858865261078,0.22993023693561554,0.015674365684390068,-0.07750378549098969,0.4729502499103546,0.12118054926395416,0.056497637182474136,0.16466732323169708,0.27417412400245667,0.25343140959739685,0.00804916862398386,-0.07913318276405334,0.4937233328819275,0.1526658833026886,0.02471918612718582,0.20552527904510498,0.2706674337387085,0.05443413928151131,0.018561944365501404,-0.12459204345941544,0.5204268097877502,-0.02463444136083126,0.04646862670779228,1,0.041,,,,,,,,,,,,,,,,,,,,,,,,,,,,,,,,,,,,,,,,,,,,,,,,,,,,,,,,,,,,,,,,,,,,,,,,,,,,,,,,,,,,
-0.017866771668195724,-0.6205669641494751,-0.3000297248363495,0.9995676279067993,0.0014832272427156568,-0.6550796627998352,-0.28948143124580383,0.9991238713264465,0.0011502665001899004,-0.6547293663024902,-0.29113298654556274,0.9991717338562012,0.001651682541705668,-0.6547198295593262,-0.28934070467948914,0.9989346861839294,-0.035862997174263,-0.6568413376808167,-0.2916751801967621,0.9992579221725464,-0.03369193896651268,-0.6575908064842224,-0.2918490767478943,0.9993255734443665,-0.03429442644119263,-0.6566017866134644,-0.2880277931690216,0.9991671442985535,0.07385949790477753,-0.6307238936424255,-0.19300097227096558,0.9990290403366089,-0.0794680118560791,-0.6334698796272278,-0.17537930607795715,0.999194860458374,0.0019471317064017057,-0.5884026288986206,-0.2717151641845703,0.999701976776123,-0.0420091487467289,-0.5870901346206665,-0.266659677028656,0.9997760653495789,0.16325059533119202,-0.4353067874908447,-0.12928181886672974,0.9982002973556519,-0.1623820662498474,-0.4304041266441345,-0.11708835512399673,0.9986376166343689,0.20884542167186737,-0.19178929924964905,-0.11904259771108627,0.7007126212120056,-0.16768665611743927,-0.18708375096321106,-0.09270264953374863,0.6819548010826111,0.21480321884155273,0.003127950243651867,-0.22627562284469604,0.09628985822200775,-0.2010153830051422,-0.003022033255547285,-0.1898047775030136,0.1255427598953247,0.2231166958808899,0.06576268374919891,-0.25375664234161377,0.08869345486164093,-0.21092075109481812,0.056961655616760254,-0.20786668360233307,0.11839976906776428,0.19544336199760437,0.0674096867442131,-0.2992970645427704,0.1360485851764679,-0.21031033992767334,0.06938952207565308,-0.2506095767021179,0.16341951489448547,0.19684624671936035,0.01788197085261345,-0.2513827085494995,0.11979377269744873,-0.1945638805627823,0.01898370496928692,-0.2108728438615799,0.15406687557697296,0.10461215674877167,-0.012095455080270767,-0.0016190933529287577,0.13569723069667816,-0.10517421364784241,0.0032963231205940247,0.0034157680347561836,0.19646477699279785,0.08136320859193802,0.005021887365728617,-0.021615011617541313,0.07340493053197861,-0.07313425093889236,0.15126219391822815,-0.13226769864559174,0.1288614124059677,0.1581512689590454,0.2579476237297058,0.23306921124458313,0.01564960926771164,-0.07784069329500198,0.4730103015899658,0.11698545515537262,0.056489624083042145,0.16217441856861115,0.2742641568183899,0.25775396823883057,0.008158868178725243,-0.07916309684515,0.4937794804573059,0.14856992661952972,0.025125348940491676,0.20552027225494385,0.27082109451293945,0.0556616373360157,0.018842222169041634,-0.12182094156742096,0.5218806862831116,-0.02840542607009411,0.047365229576826096,2,0.083,,,,,,,,,,,,,,,,,,,,,,,,,,,,,,,,,,,,,,,,,,,,,,,,,,,,,,,,,,,,,,,,,,,,,,,,,,,,,,,,,,,,
-0.013964761048555374,-0.6247360706329346,-0.29823172092437744,0.9994522929191589,0.004579778760671616,-0.658926784992218,-0.2869843542575836,0.9989588856697083,0.00423824368044734,-0.6586145162582397,-0.28874579071998596,0.9990339875221252,0.004744422622025013,-0.6586756110191345,-0.28686079382896423,0.9987859725952148,-0.03258233517408371,-0.6597312092781067,-0.2898404002189636,0.9990999698638916,-0.0304204523563385,-0.6604986190795898,-0.29001668095588684,0.9991881251335144,-0.031026478856801987,-0.6595124006271362,-0.2861629128456116,0.9990273714065552,0.07392842322587967,-0.6339341998100281,-0.18803703784942627,0.9988572001457214,-0.07903122156858444,-0.6336783170700073,-0.17498423159122467,0.9990395903587341,0.0048930649645626545,-0.5925851464271545,-0.2695404887199402,0.999601423740387,-0.03887765109539032,-0.5900712013244629,-0.26547595858573914,0.9996854066848755,0.1610897034406662,-0.44079211354255676,-0.12434662878513336,0.9981733560562134,-0.16239938139915466,-0.43052437901496887,-0.11494488269090652,0.9984613656997681,0.21512247622013092,-0.22312359511852264,-0.12090681493282318,0.7174424529075623,-0.16985343396663666,-0.18382640182971954,-0.08487941324710846,0.6882639527320862,0.16302736103534698,-0.0661972388625145,-0.24502511322498322,0.12624774873256683,-0.20338331162929535,0.0034560125786811113,-0.17246034741401672,0.14243151247501373,0.1462123841047287,-0.02011336199939251,-0.282732754945755,0.11124937236309052,-0.21304349601268768,0.05826028808951378,-0.1938505321741104,0.132806196808815,0.11321442574262619,-0.03452979400753975,-0.3121936619281769,0.16017237305641174,-0.21402330696582794,0.06550432741641998,-0.23097775876522064,0.1789703220129013,0.13911817967891693,-0.061029836535453796,-0.2649489641189575,0.14161108434200287,-0.19774064421653748,0.02126597985625267,-0.19065611064434052,0.16814734041690826,0.10440293699502945,-0.011553597636520863,-0.0010527119738981128,0.14125807583332062,-0.10500004887580872,0.0026113884523510933,0.002849568147212267,0.19647197425365448,0.0928669348359108,0.011594493873417377,-0.02753482200205326,0.07830820232629776,-0.08041413128376007,0.15143147110939026,-0.11356804519891739,0.13284291326999664,0.1441829353570938,0.2614673674106598,0.21635355055332184,0.016046909615397453,-0.08120688050985336,0.4732257127761841,0.12250552326440811,0.05641346424818039,0.14561669528484344,0.27805429697036743,0.2397514283657074,0.008496240712702274,-0.08071961253881454,0.49411556124687195,0.1527741402387619,0.02546188421547413,0.19397076964378357,0.28050199151039124,0.05544443428516388,0.0196258295327425,-0.12022607028484344,0.5291218161582947,-0.020086724311113358,0.04826544225215912,3,0.125,,,,,,,,,,,,,,,,,,,,,,,,,,,,,,,,,,,,,,,,,,,,,,,,,,,,,,,,,,,,,,,,,,,,,,,,,,,,,,,,,,,,
-0.006463401019573212,-0.6300662755966187,-0.27066439390182495,0.9992799758911133,0.010702618397772312,-0.665075421333313,-0.2607947289943695,0.9987853765487671,0.010276167653501034,-0.6648012399673462,-0.26303982734680176,0.9988853931427002,0.010795099660754204,-0.664974570274353,-0.260873943567276,0.9986550807952881,-0.025506654754281044,-0.6659275889396667,-0.26355835795402527,0.9988564848899841,-0.02338963747024536,-0.6667460799217224,-0.26368656754493713,0.9989266395568848,-0.02396971359848976,-0.6657509803771973,-0.25976142287254333,0.9987650513648987,0.07775929570198059,-0.6432356238365173,-0.16298098862171173,0.998632550239563,-0.07223686575889587,-0.6434112787246704,-0.15372192859649658,0.9987043142318726,0.013185073621571064,-0.5990409255027771,-0.24254921078681946,0.9994336366653442,-0.02968953549861908,-0.5968533754348755,-0.23888777196407318,0.9994850754737854,0.16233855485916138,-0.4514329135417938,-0.09940493106842041,0.9982169270515442,-0.15728868544101715,-0.44228968024253845,-0.08764559775590897,0.9981696009635925,0.237189382314682,-0.2419711947441101,-0.1248205378651619,0.7385421395301819,-0.1697443127632141,-0.18544305860996246,-0.04765408858656883,0.6929057240486145,0.15246134996414185,-0.15244221687316895,-0.30455121397972107,0.19686543941497803,-0.19653941690921783,2.873895391530823e-05,-0.12548799812793732,0.17317214608192444,0.12417523562908173,-0.12737910449504852,-0.3537466824054718,0.17697779834270477,-0.20487897098064423,0.04914448782801628,-0.15089240670204163,0.159827321767807,0.09481771290302277,-0.15471282601356506,-0.36052000522613525,0.22299368679523468,-0.20577268302440643,0.03483711928129196,-0.17792874574661255,0.20679378509521484,0.12882888317108154,-0.1570412963628769,-0.31610846519470215,0.20327170193195343,-0.18930819630622864,0.010423773899674416,-0.14012674987316132,0.19456543028354645,0.1046268418431282,-0.008522181771695614,0.00022755691315978765,0.16319027543067932,-0.10505527257919312,-0.0005831347079947591,0.0017027445137500763,0.20478221774101257,0.10586612671613693,0.028079209849238396,-0.029603570699691772,0.08161044865846634,-0.09864907711744308,0.10860760509967804,-0.10941504687070847,0.13157828152179718,0.12447309494018555,0.2680858075618744,0.20200541615486145,0.01668686419725418,-0.08257070928812027,0.44717028737068176,0.11798851937055588,0.05415262654423714,0.12287086248397827,0.28393998742103577,0.22302046418190002,0.009156757034361362,-0.08061320334672928,0.4643881618976593,0.14498905837535858,0.025419775396585464,0.17562714219093323,0.27977222204208374,0.03907446935772896,0.020777026191353798,-0.10236677527427673,0.49488747119903564,-0.025399180129170418,0.04784679040312767,4,0.166,0.7072394490242004,0.9025813937187195,7.085721875910167e-08,,0.6812763810157776,0.869547426700592,-0.005858230870217085,,0.6511565446853638,0.8591322898864746,-0.010103604756295681,,0.6262407898902893,0.8513525724411011,-0.013455940410494804,,0.6107962131500244,0.8493947982788086,-0.01620306260883808,,0.643271267414093,0.9188482165336609,-0.006563946604728699,,0.6210965514183044,0.9400584697723389,-0.010887876152992249,,0.6169719099998474,0.9408350586891174,-0.014953583478927612,,0.6174060702323914,0.938007116317749,-0.017427481710910797,,0.6543358564376831,0.954480767250061,-0.004927538800984621,,0.6328554749488831,0.977623701095581,-0.006287153344601393,,0.6257491111755371,0.9834989905357361,-0.009048718959093094,,0.6239301562309265,0.9851436018943787,-0.01221269927918911,,0.6668018102645874,0.9800845384597778,-0.0035824691876769066,,0.6456913352012634,1.0020071268081665,-0.004739994183182716,,0.6383268237113953,1.0090250968933105,-0.004641342908143997,,0.636728048324585,1.010536551475525,-0.005306893959641457,,0.6788560152053833,0.9967976808547974,-0.0024376986548304558,,0.6632294654846191,1.0186141729354858,-0.0023017677012830973,,0.6564475893974304,1.0287219285964966,-7.811171235516667e-05,,0.6536238193511963,1.033609390258789,0.0014916992513462901,
-0.01299357134848833,-0.6180692911148071,-0.26969197392463684,0.9992348551750183,0.0030476467218250036,-0.6533536911010742,-0.26271963119506836,0.9987711310386658,0.002604604931548238,-0.6530859470367432,-0.2651034891605377,0.9988712668418884,0.0030080091673880816,-0.6533575654029846,-0.26284921169281006,0.9986428022384644,-0.03118361160159111,-0.6552895307540894,-0.2633488178253174,0.9988354444503784,-0.028991281986236572,-0.6560130715370178,-0.2636619806289673,0.9989014267921448,-0.029588112607598305,-0.6550214886665344,-0.25994864106178284,0.9987461566925049,0.07301335781812668,-0.637718915939331,-0.16878335177898407,0.9985841512680054,-0.0733184814453125,-0.6414685845375061,-0.1544649302959442,0.9987103343009949,0.00917781051248312,-0.5894743204116821,-0.2441805750131607,0.9993752241134644,-0.031742364168167114,-0.5884710550308228,-0.23884791135787964,0.9994478225708008,0.16226869821548462,-0.4428200125694275,-0.10447121411561966,0.9981634020805359,-0.15725953876972198,-0.4419383704662323,-0.09259460866451263,0.9981657862663269,0.23468691110610962,-0.2295282930135727,-0.20004300773143768,0.759169340133667,-0.16979815065860748,-0.1845209300518036,-0.05351214110851288,0.6949244141578674,0.14768649637699127,-0.3017290234565735,-0.4101327657699585,0.2743779718875885,-0.20776604115962982,-0.04921293258666992,-0.10843954980373383,0.17977283895015717,0.11616140604019165,-0.318146675825119,-0.46135759353637695,0.2529759109020233,-0.21846365928649902,-0.016432343050837517,-0.12552528083324432,0.16136059165000916,0.10100612044334412,-0.36187708377838135,-0.4493441879749298,0.2943103015422821,-0.2204001098871231,-0.04611842706799507,-0.16112732887268066,0.2095949649810791,0.1274617314338684,-0.3239789605140686,-0.4146972894668579,0.2764946520328522,-0.19530728459358215,-0.05299059674143791,-0.1285642832517624,0.19767197966575623,0.10518629848957062,-0.001017922186292708,0.007714291103184223,0.16613240540027618,-0.10561659932136536,-0.007266733795404434,-0.005832348484545946,0.20295946300029755,0.11240566521883011,0.02723991870880127,-0.04867129027843475,0.07881466299295425,-0.11305657774209976,0.062438420951366425,-0.10967376083135605,0.12431880831718445,0.10918281227350235,0.2554422914981842,0.17539601027965546,0.016548460349440575,-0.11178072541952133,0.4096197783946991,0.15270237624645233,0.05049997568130493,0.105721615254879,0.269248902797699,0.19418497383594513,0.009225820191204548,-0.1120549738407135,0.4263787269592285,0.17756536602973938,0.024264808744192123,0.16677118837833405,0.24483627080917358,0.014264818280935287,0.02040558122098446,-0.13504397869110107,0.43842339515686035,0.004367484245449305,0.04507230594754219,5,0.208,,,,,,,,,,,,,,,,,,,,,,,,,,,,,,,,,,,,,,,,,,,,,,,,,,,,,,,,,,,,,,,,,,,,,,,,,,,,,,,,,,,,
-0.026991432532668114,-0.6136144995689392,-0.24304310977458954,0.9992510676383972,-0.008843360468745232,-0.6485750079154968,-0.2382623851299286,0.9988134503364563,-0.009251606650650501,-0.6483044028282166,-0.24069872498512268,0.9989078640937805,-0.009026076644659042,-0.6486085057258606,-0.23824463784694672,0.9986848831176758,-0.04170209541916847,-0.6519973874092102,-0.23709160089492798,0.9988844394683838,-0.03944573178887367,-0.6526392698287964,-0.23773565888404846,0.9989494681358337,-0.040148500353097916,-0.6516373753547668,-0.23416808247566223,0.9988047480583191,0.0640733391046524,-0.6346738934516907,-0.14973123371601105,0.9986316561698914,-0.07736779749393463,-0.6415857672691345,-0.13065770268440247,0.9987908601760864,-0.0035657535772770643,-0.5851501226425171,-0.21940694749355316,0.999394953250885,-0.042672671377658844,-0.5860466957092285,-0.21305926144123077,0.9994757175445557,0.15922865271568298,-0.43608808517456055,-0.08311187475919724,0.9982459545135498,-0.15830929577350616,-0.44520628452301025,-0.07373971492052078,0.9983096122741699,0.22925905883312225,-0.23925279080867767,-0.1898106187582016,0.782010555267334,-0.1753643900156021,-0.18298478424549103,-0.03100738488137722,0.7162802219390869,0.14928510785102844,-0.4161558151245117,-0.381562739610672,0.3465731143951416,-0.21988095343112946,-0.04467330873012543,-0.06911011785268784,0.21764367818832397,0.11519324034452438,-0.4575537145137787,-0.43391239643096924,0.32621273398399353,-0.23161830008029938,-0.0068717109970748425,-0.08619242906570435,0.18028624355793,0.10838745534420013,-0.5072370767593384,-0.41902995109558105,0.3633072078227997,-0.22855539619922638,-0.03192363679409027,-0.12253911048173904,0.23185789585113525,0.13152749836444855,-0.447128027677536,-0.38479551672935486,0.34735003113746643,-0.2021251916885376,-0.046844225376844406,-0.09036464244127274,0.2208682745695114,0.10559443384408951,0.0049710399471223354,0.009314794093370438,0.17814670503139496,-0.10607551038265228,-0.011962143704295158,-0.007712656166404486,0.21200639009475708,0.12022121995687485,0.02378673106431961,-0.07269413769245148,0.07459520548582077,-0.1214832067489624,0.03895523026585579,-0.10280701518058777,0.11595912277698517,0.10741644352674484,0.23946382105350494,0.17057515680789948,0.01566929928958416,-0.11807925999164581,0.40396949648857117,0.19326239824295044,0.046568337827920914,0.10331699997186661,0.25107231736183167,0.19038601219654083,0.008807232603430748,-0.11947011202573776,0.423331081867218,0.2201491892337799,0.022794000804424286,0.1562081128358841,0.23143291473388672,0.020240824669599533,0.01912396028637886,-0.15681086480617523,0.431074857711792,0.049862444400787354,0.041665252298116684,6,0.25,0.6872284412384033,0.6191089153289795,1.5079176307608577e-07,,0.6618010997772217,0.6023054718971252,-0.004984539467841387,,0.6404137015342712,0.5810308456420898,-0.010850593447685242,,0.6265371441841125,0.5661988854408264,-0.017333809286355972,,0.6189881563186646,0.5551313757896423,-0.02444729022681713,,0.6413499712944031,0.5147317051887512,-0.009955711662769318,,0.6294717788696289,0.4691504240036011,-0.02018890343606472,,0.622920572757721,0.44095468521118164,-0.028019582852721214,,0.6180860996246338,0.4172607660293579,-0.033636972308158875,,0.6552691459655762,0.5108794569969177,-0.015823528170585632,,0.6490719318389893,0.45470279455184937,-0.02555856853723526,,0.6458362936973572,0.4186598062515259,-0.03294750675559044,,0.6434476375579834,0.38771605491638184,-0.03790580481290817,,0.6704283356666565,0.5193305015563965,-0.022613944485783577,,0.667582631111145,0.46812522411346436,-0.03319045156240463,,0.6659510731697083,0.43485161662101746,-0.03899918496608734,,0.6637634634971619,0.4054334759712219,-0.04261437803506851,,0.6857567429542542,0.5377988815307617,-0.029697254300117493,,0.6872418522834778,0.5050300359725952,-0.03913538157939911,,0.6874586939811707,0.4834754765033722,-0.04138262942433357,,0.6869679689407349,0.46322447061538696,-0.04239838197827339,
-0.029245253652334213,-0.6066173911094666,-0.2226991355419159,0.9992951154708862,-0.010320867411792278,-0.6407178044319153,-0.21663305163383484,0.9988825917243958,-0.010705515742301941,-0.6403998732566833,-0.2190016210079193,0.9989725351333618,-0.010570580139756203,-0.6406922936439514,-0.21645784378051758,0.9987567663192749,-0.042782530188560486,-0.64557284116745,-0.2173660397529602,0.9989585280418396,-0.04049625247716904,-0.6460762023925781,-0.21821729838848114,0.9990234971046448,-0.04123648256063461,-0.6450778841972351,-0.21458745002746582,0.9988877177238464,0.05812446027994156,-0.6287410259246826,-0.12404939532279968,0.9987161755561829,-0.07966527342796326,-0.641340434551239,-0.11507654935121536,0.9988886713981628,-0.008060330525040627,-0.5789986252784729,-0.1970786303281784,0.9994309544563293,-0.04631892219185829,-0.5818382501602173,-0.19394496083259583,0.9995124936103821,0.1560843288898468,-0.4358063042163849,-0.06881348043680191,0.9983670115470886,-0.16071125864982605,-0.4456014037132263,-0.05920844525098801,0.9984545707702637,0.226523756980896,-0.2709479033946991,-0.18316763639450073,0.8036391735076904,-0.17538313567638397,-0.19080999493598938,-0.027942918241024017,0.7411307096481323,0.15043915808200836,-0.46974053978919983,-0.3623960614204407,0.41187334060668945,-0.22199757397174835,-0.04001137986779213,-0.06002796068787575,0.2726801931858063,0.11334583908319473,-0.5186137557029724,-0.4119488596916199,0.3932992219924927,-0.2343599498271942,0.001786945853382349,-0.07210234552621841,0.20816084742546082,0.11022545397281647,-0.5663408041000366,-0.4006350636482239,0.42663881182670593,-0.23204278945922852,-0.015085234306752682,-0.10965908318758011,0.2631022334098816,0.1339481920003891,-0.5017205476760864,-0.36417505145072937,0.41229212284088135,-0.2039257138967514,-0.03824480250477791,-0.081851065158844,0.2556818425655365,0.10647908598184586,0.0070895724929869175,0.009862944483757019,0.2044726014137268,-0.10697751492261887,-0.013047483749687672,-0.00852974783629179,0.23507831990718842,0.1268722265958786,0.012613818049430847,-0.09247107058763504,0.06982578337192535,-0.12954866886138916,0.01388550829142332,-0.10129079222679138,0.10635346174240112,0.10932798683643341,0.22743837535381317,0.15434305369853973,0.01463484950363636,-0.12130142003297806,0.398691326379776,0.21581004559993744,0.04254164174199104,0.1049099937081337,0.23673784732818604,0.17284440994262695,0.008263621479272842,-0.12233266234397888,0.41964831948280334,0.24486428499221802,0.021075841039419174,0.15068848431110382,0.2213372141122818,0.006872973870486021,0.017707202583551407,-0.16211795806884766,0.42815494537353516,0.06681472063064575,0.03808128833770752,7,0.291,0.6787910461425781,0.5394965410232544,1.8440148608078744e-07,,0.6532825827598572,0.523813784122467,-0.003792552277445793,,0.6328579187393188,0.5013011693954468,-0.009331997483968735,,0.6168432235717773,0.48459333181381226,-0.015537354163825512,,0.6034035682678223,0.4708767235279083,-0.02238304540514946,,0.6385615468025208,0.44094589352607727,-0.010034648701548576,,0.623587429523468,0.39219844341278076,-0.01954665593802929,,0.6151655912399292,0.3630702495574951,-0.026272999122738838,,0.6088053584098816,0.33804619312286377,-0.030607711523771286,,0.6522531509399414,0.433771550655365,-0.01560205314308405,,0.6448298096656799,0.36702632904052734,-0.0235972311347723,,0.6406107544898987,0.32366639375686646,-0.029712801799178123,,0.6385407447814941,0.2893667221069336,-0.03390774130821228,,0.6665349006652832,0.438253790140152,-0.021823003888130188,,0.6646069884300232,0.37706369161605835,-0.03052256815135479,,0.6629222631454468,0.3393341898918152,-0.036147817969322205,,0.6614669561386108,0.3086598515510559,-0.03964143991470337,,0.6804143190383911,0.4516027271747589,-0.02816910110414028,,0.6833999156951904,0.4092918336391449,-0.03579600527882576,,0.6837785840034485,0.38164204359054565,-0.038044825196266174,,0.6833233833312988,0.3574288785457611,-0.03914939612150192,
-0.03361167386174202,-0.5988625884056091,-0.20749811828136444,0.9993396401405334,-0.014096101745963097,-0.633015513420105,-0.20236441493034363,0.998954176902771,-0.01445074938237667,-0.6326939463615417,-0.20476053655147552,0.9990344047546387,-0.014394156634807587,-0.6329852342605591,-0.20218978822231293,0.9988290071487427,-0.04578937962651253,-0.6383783221244812,-0.20329074561595917,0.9990342855453491,-0.04346964880824089,-0.6388306021690369,-0.2042013704776764,0.9990957975387573,-0.04424753412604332,-0.6378298997879028,-0.2006702572107315,0.9989716410636902,0.049954310059547424,-0.6223592758178711,-0.11286069452762604,0.9987945556640625,-0.08486488461494446,-0.6396874189376831,-0.10459541529417038,0.998982310295105,-0.014684503898024559,-0.5716896057128906,-0.18281051516532898,0.9994654655456543,-0.05204950273036957,-0.5752291083335876,-0.1800307333469391,0.9995489120483398,0.1424090564250946,-0.4355718493461609,-0.05753759667277336,0.9984633326530457,-0.16843025386333466,-0.4463149905204773,-0.054572198539972305,0.9985875487327576,0.22488169372081757,-0.30896610021591187,-0.1792864203453064,0.8228561282157898,-0.18361283838748932,-0.19403758645057678,-0.03364204615354538,0.7617884874343872,0.15227167308330536,-0.5305421948432922,-0.35484781861305237,0.4705967605113983,-0.22515010833740234,-0.0479864738881588,-0.07162393629550934,0.307772159576416,0.11489050090312958,-0.5798827409744263,-0.40753069519996643,0.4533948600292206,-0.23583142459392548,-0.005950271617621183,-0.08814281970262527,0.2225435972213745,0.10846401751041412,-0.6246054768562317,-0.3919965326786041,0.4833157956600189,-0.230219304561615,-0.027564547955989838,-0.1253582239151001,0.2811199128627777,0.13507799804210663,-0.5615096092224121,-0.3555750250816345,0.4704991579055786,-0.20409275591373444,-0.050029974430799484,-0.09390462934970856,0.27531036734580994,0.10664472728967667,0.007980378344655037,0.012047125957906246,0.22849951684474945,-0.10724350810050964,-0.013692321255803108,-0.010900846682488918,0.2585723400115967,0.1312178671360016,0.005539002828299999,-0.09585054963827133,0.06520339101552963,-0.12798982858657837,0.01943892054259777,-0.10233181715011597,0.09783463925123215,0.11224227398633957,0.21131539344787598,0.15079356729984283,0.013693205080926418,-0.12105859816074371,0.3997296392917633,0.21617457270622253,0.039021529257297516,0.10847827047109604,0.22008907794952393,0.16978052258491516,0.007801653351634741,-0.12330333888530731,0.4213072657585144,0.24486328661441803,0.019659174606204033,0.1549210101366043,0.20726001262664795,0.00586265092715621,0.01644916646182537,-0.1685614436864853,0.429726243019104,0.06565810739994049,0.03501519933342934,8,0.333,0.6737838983535767,0.48444461822509766,1.5305893441563967e-07,,0.647258460521698,0.470525860786438,-0.007630703970789909,,0.6236537098884583,0.4452524185180664,-0.01398159097880125,,0.6057108044624329,0.42199286818504333,-0.020418651401996613,,0.5886372923851013,0.40963777899742126,-0.027263598516583443,,0.6317406892776489,0.38294801115989685,-0.011751390993595123,,0.6156054139137268,0.33579307794570923,-0.0220059584826231,,0.6052347421646118,0.3098898231983185,-0.029306070879101753,,0.5961182117462158,0.2868998646736145,-0.03443951532244682,,0.6459096670150757,0.3730071783065796,-0.01584266498684883,,0.6401957869529724,0.3062937557697296,-0.024295099079608917,,0.6369524598121643,0.2666679918766022,-0.030222300440073013,,0.6348969340324402,0.23473629355430603,-0.03471723198890686,,0.6596207618713379,0.37520766258239746,-0.021204611286520958,,0.6593291759490967,0.31444910168647766,-0.030382273718714714,,0.6578177213668823,0.27808475494384766,-0.03519821539521217,,0.6561651825904846,0.24760110676288605,-0.03856225311756134,,0.6724252104759216,0.38668742775917053,-0.02724147029221058,,0.6767102479934692,0.34390828013420105,-0.034948863089084625,,0.6770100593566895,0.31582826375961304,-0.03719198703765869,,0.676346480846405,0.29147034883499146,-0.03881070390343666,
-0.033679015934467316,-0.5977889895439148,-0.20821453630924225,0.9993798732757568,-0.014253322035074234,-0.6321630477905273,-0.20339585840702057,0.9990187883377075,-0.014604969881474972,-0.631851077079773,-0.20569705963134766,0.9990910291671753,-0.014520680531859398,-0.6321317553520203,-0.20318704843521118,0.998895525932312,-0.04588252678513527,-0.6372294425964355,-0.20482896268367767,0.9991042017936707,-0.04356689378619194,-0.6376969218254089,-0.20573066174983978,0.9991629123687744,-0.04435104504227638,-0.6366859078407288,-0.20220743119716644,0.9990502595901489,0.047137551009655,-0.6217055916786194,-0.11377492547035217,0.9988703727722168,-0.08584386855363846,-0.6391898393630981,-0.10667163133621216,0.999070405960083,-0.01564507745206356,-0.5706804394721985,-0.18361803889274597,0.9994987845420837,-0.05266990140080452,-0.5738191604614258,-0.18088974058628082,0.9995835423469543,0.13619889318943024,-0.43987682461738586,-0.058335475623607635,0.9985576272010803,-0.16969004273414612,-0.4466296434402466,-0.0552385188639164,0.9987097382545471,0.22413864731788635,-0.34375324845314026,-0.17818516492843628,0.8403639197349548,-0.18573132157325745,-0.19378355145454407,-0.0298329908400774,0.7823479771614075,0.15401454269886017,-0.5590143203735352,-0.3578094244003296,0.5234636068344116,-0.2302900105714798,-0.04526345431804657,-0.06489389389753342,0.3580707907676697,0.11812235414981842,-0.6095256209373474,-0.411587655544281,0.5075749754905701,-0.24178196489810944,-0.0010794708505272865,-0.08342241495847702,0.2586122155189514,0.11031201481819153,-0.6523115038871765,-0.3900757133960724,0.5344530940055847,-0.23353542387485504,-0.019021056592464447,-0.11728623509407043,0.31872454285621643,0.13670645654201508,-0.5885059237480164,-0.35770371556282043,0.52297443151474,-0.20916570723056793,-0.044042207300662994,-0.0850907638669014,0.3137647807598114,0.10648234188556671,0.007864343002438545,0.011870467104017735,0.26037612557411194,-0.10715443640947342,-0.013538409024477005,-0.010712086223065853,0.288913756608963,0.1313231736421585,0.011660897172987461,-0.08813217282295227,0.06265383958816528,-0.1270344853401184,0.03553086891770363,-0.0919671282172203,0.09197071194648743,0.111615389585495,0.21372154355049133,0.15933682024478912,0.012965012341737747,-0.12144818156957626,0.4013729393482208,0.21936309337615967,0.03610612824559212,0.10753294825553894,0.2232387512922287,0.17903690040111542,0.007475174497812986,-0.12379626929759979,0.42274758219718933,0.24880817532539368,0.018612690269947052,0.15569446980953217,0.21493741869926453,0.03417779505252838,0.015340594574809074,-0.16709399223327637,0.43651530146598816,0.08458886295557022,0.03232329338788986,9,0.375,0.6622455716133118,0.4190990626811981,9.50700993485043e-08,,0.6396482586860657,0.4087785482406616,-0.007602357305586338,,0.6164727807044983,0.3845655620098114,-0.01214384101331234,,0.5992986559867859,0.3643065094947815,-0.016707437112927437,,0.5842616558074951,0.35458531975746155,-0.021490726619958878,,0.6224492192268372,0.3206433057785034,-0.005688244942575693,,0.6085399389266968,0.28451159596443176,-0.012577391229569912,,0.6007388830184937,0.26553112268447876,-0.01856447383761406,,0.5939909219741821,0.2470206618309021,-0.023204581812024117,,0.635105550289154,0.3074229955673218,-0.008504260331392288,,0.6310613751411438,0.25108078122138977,-0.014080984517931938,,0.6293687224388123,0.21925604343414307,-0.01869525946676731,,0.6280612349510193,0.1936662197113037,-0.022378431633114815,,0.6478152275085449,0.3062974214553833,-0.012914959341287613,,0.6482867002487183,0.2545596957206726,-0.01970783807337284,,0.6476420760154724,0.22419162094593048,-0.023782765492796898,,0.6466196775436401,0.19818928837776184,-0.026734577491879463,,0.6600629687309265,0.3139256238937378,-0.0181819386780262,,0.6634795069694519,0.2752454876899719,-0.023961180821061134,,0.6644520163536072,0.24916943907737732,-0.025887371972203255,,0.6644963622093201,0.2254680097103119,-0.02745654061436653,
-0.0334382988512516,-0.5987836122512817,-0.20698273181915283,0.9994126558303833,-0.01410242635756731,-0.6331648826599121,-0.20184986293315887,0.9990725517272949,-0.014452854171395302,-0.6328522562980652,-0.20413963496685028,0.9991374015808105,-0.014348574914038181,-0.6331161260604858,-0.2016471028327942,0.9989498257637024,-0.04581650719046593,-0.6379783153533936,-0.20385921001434326,0.9991642832756042,-0.043504782021045685,-0.6384676098823547,-0.20470945537090302,0.9992207884788513,-0.04428492486476898,-0.6374576687812805,-0.20119012892246246,0.9991188049316406,0.04531342163681984,-0.6218489408493042,-0.11181914806365967,0.9989297389984131,-0.08651261776685715,-0.6390740871429443,-0.1069711372256279,0.9991474151611328,-0.015908118337392807,-0.5713109970092773,-0.18230198323726654,0.9995226263999939,-0.05280411243438721,-0.574184000492096,-0.18016034364700317,0.9996117353439331,0.13200019299983978,-0.44380244612693787,-0.05680675432085991,0.998630166053772,-0.17049920558929443,-0.44682633876800537,-0.055661000311374664,0.998814046382904,0.22383424639701843,-0.3550141453742981,-0.17672620713710785,0.856000542640686,-0.185756117105484,-0.19366976618766785,-0.027876317501068115,0.7993212938308716,0.1529829055070877,-0.5632581114768982,-0.35500413179397583,0.5709937214851379,-0.23088611662387848,-0.04470276087522507,-0.05979327857494354,0.3962744176387787,0.11575398594141006,-0.6125500798225403,-0.408181756734848,0.5561121702194214,-0.2426823526620865,0.0011701987823471427,-0.0782909020781517,0.2840687930583954,0.10691327601671219,-0.6551245450973511,-0.3872160017490387,0.5802342891693115,-0.23443128168582916,-0.014566118828952312,-0.11169981956481934,0.34618473052978516,0.13543440401554108,-0.5920478105545044,-0.35543057322502136,0.5699723362922668,-0.21048961579799652,-0.04100976139307022,-0.07946538180112839,0.3416276276111603,0.10631732642650604,0.0076847500167787075,0.011864886619150639,0.28792405128479004,-0.10705887526273727,-0.013429053127765656,-0.010727605782449245,0.3151547610759735,0.12959744036197662,0.01850409246981144,-0.08697471767663956,0.06068439781665802,-0.1266423463821411,0.03928898647427559,-0.09050112962722778,0.08711106330156326,0.10936082154512405,0.21674862504005432,0.16368837654590607,0.012423085048794746,-0.12261877208948135,0.40489280223846436,0.2131624072790146,0.03371548280119896,0.10483027994632721,0.22673894464969635,0.18401221930980682,0.007248622365295887,-0.12506213784217834,0.4260760545730591,0.24236918985843658,0.017832381650805473,0.15496906638145447,0.2189883291721344,0.040759824216365814,0.014511083252727985,-0.1667664498090744,0.44077152013778687,0.07638021558523178,0.03021426312625408,10,0.417,0.6590386033058167,0.4076155126094818,1.5415638188187586e-07,,0.636350691318512,0.39699551463127136,-0.007045230828225613,,0.6131852269172668,0.37204688787460327,-0.011071819812059402,,0.5955644249916077,0.3523843288421631,-0.015063554048538208,,0.5799990296363831,0.34265008568763733,-0.01924353837966919,,0.6204999089241028,0.31190168857574463,-0.004046463407576084,,0.6069625020027161,0.27984434366226196,-0.010076860897243023,,0.5988914370536804,0.26167649030685425,-0.015520420856773853,,0.5927118062973022,0.2442118525505066,-0.01957525685429573,,0.6323661804199219,0.29764634370803833,-0.0062031215056777,,0.6287717819213867,0.24632273614406586,-0.010496733710169792,,0.6271920204162598,0.21513086557388306,-0.014195676892995834,,0.6263571977615356,0.19035755097866058,-0.01709948107600212,,0.644469141960144,0.29518750309944153,-0.009961572475731373,,0.6448898911476135,0.24664470553398132,-0.015499007888138294,,0.644408106803894,0.21708019077777863,-0.019059814512729645,,0.6434684991836548,0.1918269395828247,-0.021517235785722733,,0.6562405824661255,0.3013545870780945,-0.014537854120135307,,0.6590332984924316,0.2628649175167084,-0.01950070634484291,,0.6604268550872803,0.23699796199798584,-0.021220386028289795,,0.6608020663261414,0.213948056101799,-0.02239142544567585,
-0.033460833132267,-0.5993814468383789,-0.2023283839225769,0.9994475841522217,-0.01421146746724844,-0.6337705850601196,-0.1968725323677063,0.9991273283958435,-0.014562532305717468,-0.6334580183029175,-0.19905923306941986,0.9991862177848816,-0.014449512585997581,-0.6337149143218994,-0.19655930995941162,0.9990078210830688,-0.045856259763240814,-0.6383707523345947,-0.19903478026390076,0.9992225766181946,-0.04354628548026085,-0.6388674378395081,-0.19993014633655548,0.9992763996124268,-0.044329430907964706,-0.6378541588783264,-0.1963822990655899,0.9991840720176697,0.04426193609833717,-0.6219667792320251,-0.10679135471582413,0.9989922642707825,-0.08697645366191864,-0.6387755274772644,-0.1019081324338913,0.9992190599441528,-0.01624276675283909,-0.5717288851737976,-0.17752152681350708,0.999549925327301,-0.05304664745926857,-0.5743667483329773,-0.17531010508537292,0.9996398091316223,0.13025403022766113,-0.4458211362361908,-0.04921844229102135,0.9987119436264038,-0.17038780450820923,-0.44671139121055603,-0.050298627465963364,0.9989129304885864,0.2231518179178238,-0.3555419445037842,-0.17180898785591125,0.8701125383377075,-0.18539917469024658,-0.191522479057312,-0.019525196403265,0.8155217170715332,0.15339379012584686,-0.5597699284553528,-0.3515252470970154,0.6137886643409729,-0.2314426153898239,-0.031083904206752777,-0.04778536409139633,0.43465763330459595,0.11701163649559021,-0.6104225516319275,-0.4047330617904663,0.5998411178588867,-0.24411791563034058,0.01375435758382082,-0.06857585161924362,0.3092353940010071,0.10799521207809448,-0.6526139974594116,-0.38603195548057556,0.6214842200279236,-0.23544806241989136,-0.0047414470463991165,-0.10075807571411133,0.37263646721839905,0.1359967738389969,-0.5887650847434998,-0.3533202111721039,0.6123250722885132,-0.2115379124879837,-0.02986031025648117,-0.06732269376516342,0.3690914809703827,0.1060241311788559,0.007546402048319578,0.011807078495621681,0.3149343729019165,-0.10684169083833694,-0.013324464671313763,-0.010640089400112629,0.33919647336006165,0.1290806233882904,0.01833190955221653,-0.08392518758773804,0.05698613077402115,-0.1268858164548874,0.04559158906340599,-0.09046627581119537,0.08062001317739487,0.11031150817871094,0.21765680611133575,0.1608971655368805,0.011681925505399704,-0.1221664696931839,0.40650179982185364,0.21239438652992249,0.03098181076347828,0.1062270998954773,0.2272660732269287,0.1806236058473587,0.006918610073626041,-0.12464204430580139,0.4276546835899353,0.2412242293357849,0.016844145953655243,0.15579581260681152,0.22009071707725525,0.0306681040674448,0.01352998148649931,-0.16625922918319702,0.4434167146682739,0.07261896133422852,0.027831371873617172,11,0.458,0.6544687747955322,0.40097329020500183,1.4714871099386073e-07,,0.6328743100166321,0.3921545445919037,-0.0070952121168375015,,0.6101495027542114,0.3666718304157257,-0.010718331672251225,,0.5925076007843018,0.3468548655509949,-0.014308822341263294,,0.5773752927780151,0.33699917793273926,-0.01810852251946926,,0.6182898283004761,0.3089328706264496,-0.003283778904005885,,0.6051089763641357,0.279212087392807,-0.008803955279290676,,0.5975582599639893,0.26180610060691833,-0.01389952003955841,,0.5920383334159851,0.2449527382850647,-0.01772555150091648,,0.6299068927764893,0.29402297735214233,-0.00511492183431983,,0.6268848180770874,0.24405023455619812,-0.009107168763875961,,0.6255993247032166,0.21385881304740906,-0.012639799155294895,,0.6250928044319153,0.19047154486179352,-0.015354997478425503,,0.6415817737579346,0.290729284286499,-0.008566776290535927,,0.6423463821411133,0.24364370107650757,-0.013903366401791573,,0.6424074769020081,0.21436633169651031,-0.017557745799422264,,0.642088770866394,0.18980950117111206,-0.019988566637039185,,0.6526065468788147,0.2959885001182556,-0.012832467444241047,,0.6552057862281799,0.25798526406288147,-0.01757635734975338,,0.6568198800086975,0.23258242011070251,-0.019303495064377785,,0.6575878858566284,0.210407555103302,-0.020485684275627136,
-0.033528346568346024,-0.6001279354095459,-0.19086220860481262,0.9994844794273376,-0.014184534549713135,-0.6343204379081726,-0.18495525419712067,0.9991852045059204,-0.014534060843288898,-0.6340068578720093,-0.18713612854480743,0.9992379546165466,-0.014420179650187492,-0.6342774629592896,-0.18460963666439056,0.9990696907043457,-0.04583556577563286,-0.6391058564186096,-0.18711161613464355,0.9992810487747192,-0.04352736845612526,-0.6395754218101501,-0.18808424472808838,0.9993317723274231,-0.04431203007698059,-0.6385531425476074,-0.18452100455760956,0.9992480278015137,0.04415588825941086,-0.6221056580543518,-0.0951872393488884,0.9990589618682861,-0.08717314898967743,-0.639004647731781,-0.09027905017137527,0.9992868900299072,-0.01661042869091034,-0.5721799731254578,-0.1663713902235031,0.9995790123939514,-0.05334201827645302,-0.5750041604042053,-0.16413752734661102,0.9996674060821533,0.1290651559829712,-0.4468616843223572,-0.04089535027742386,0.9987889528274536,-0.17041119933128357,-0.44689762592315674,-0.041713640093803406,0.999004602432251,0.222873717546463,-0.3553161323070526,-0.16348573565483093,0.8828957080841064,-0.18513189256191254,-0.19142405688762665,-0.015291184186935425,0.8311290144920349,0.1537451446056366,-0.5627362728118896,-0.345685213804245,0.652341365814209,-0.23068276047706604,-0.026336321607232094,-0.045238323509693146,0.47345319390296936,0.11749885231256485,-0.612295389175415,-0.4032973647117615,0.6393709182739258,-0.24303872883319855,0.02031376212835312,-0.06610718369483948,0.3360966145992279,0.10849518328905106,-0.653470516204834,-0.37322184443473816,0.6587923169136047,-0.2346375584602356,0.0013555859914049506,-0.09827365726232529,0.4004689157009125,0.1364273875951767,-0.5914351344108582,-0.3438897728919983,0.6506242752075195,-0.21123360097408295,-0.025839097797870636,-0.06490486115217209,0.3985157907009125,0.10593803226947784,0.007437959313392639,0.01172447670251131,0.34340304136276245,-0.1067831739783287,-0.013226869516074657,-0.010549324564635754,0.3659435212612152,0.1299845427274704,0.012867276556789875,-0.08386267721652985,0.0536266528069973,-0.12756846845149994,0.045894693583250046,-0.08833199739456177,0.07469984889030457,0.11060737818479538,0.20805057883262634,0.16139377653598785,0.01094287820160389,-0.12108928710222244,0.4047519266605377,0.2178712636232376,0.02847123332321644,0.10693731904029846,0.21653762459754944,0.18145853281021118,0.006561486516147852,-0.12334122508764267,0.4261125922203064,0.24731452763080597,0.015826184302568436,0.15648773312568665,0.2113742083311081,0.030784541741013527,0.01255184318870306,-0.16454187035560608,0.44236186146736145,0.07961210608482361,0.025578664615750313,12,0.5,0.6518511772155762,0.399924099445343,1.4810743209636712e-07,,0.6304841041564941,0.39161160588264465,-0.007695286069065332,,0.6085416078567505,0.36749207973480225,-0.011584439314901829,,0.5906558036804199,0.3485446572303772,-0.015401492826640606,,0.5756105184555054,0.3373880982398987,-0.019349992275238037,,0.6163564920425415,0.31018009781837463,-0.003211759263649583,,0.6023264527320862,0.2802339196205139,-0.008401419036090374,,0.5945145487785339,0.26221269369125366,-0.013081399723887444,,0.5890591144561768,0.24507853388786316,-0.01669672317802906,,0.6277879476547241,0.29506129026412964,-0.004788095131516457,,0.6256184577941895,0.24642649292945862,-0.009110632352530956,,0.625031054019928,0.2165921926498413,-0.012955384328961372,,0.6250069737434387,0.19334983825683594,-0.015789689496159554,,0.6391507387161255,0.29140231013298035,-0.008028095588088036,,0.6412677764892578,0.2451636791229248,-0.013987968675792217,,0.6425212621688843,0.21530979871749878,-0.01839316636323929,,0.6430725455284119,0.18999427556991577,-0.021173642948269844,,0.6495422124862671,0.2962055802345276,-0.01203553844243288,,0.6526752710342407,0.25825080275535583,-0.01727062277495861,,0.6546925902366638,0.2328212857246399,-0.019457412883639336,,0.6558322906494141,0.21057511866092682,-0.02092008665204048,
-0.03762640058994293,-0.600195050239563,-0.19154389202594757,0.999508798122406,-0.018404783681035042,-0.6344984173774719,-0.18607625365257263,0.9992239475250244,-0.0187460258603096,-0.6341826319694519,-0.18829117715358734,0.9992709755897522,-0.0186600424349308,-0.6344522833824158,-0.18577153980731964,0.9991084337234497,-0.049630098044872284,-0.6391370892524719,-0.18803398311138153,0.9993241429328918,-0.04731955751776695,-0.6396138668060303,-0.18896625936031342,0.9993732571601868,-0.04810188338160515,-0.6385931372642517,-0.18543009459972382,0.9992968440055847,0.03929109126329422,-0.6221879720687866,-0.0972810760140419,0.9991023540496826,-0.09114453196525574,-0.6389516592025757,-0.09195632487535477,0.999342679977417,-0.02112099714577198,-0.5722951889038086,-0.16716328263282776,0.9995962381362915,-0.05752530321478844,-0.5749428868293762,-0.16503562033176422,0.9996870160102844,0.12626628577709198,-0.44664740562438965,-0.04366406053304672,0.9988312721252441,-0.17260651290416718,-0.446945458650589,-0.04338598996400833,0.9990800023078918,0.21583735942840576,-0.3518179655075073,-0.16559787094593048,0.8942420482635498,-0.18509666621685028,-0.1916889101266861,-0.01761472225189209,0.8431459665298462,0.15115803480148315,-0.5593153238296509,-0.34889331459999084,0.6870091557502747,-0.2303890436887741,-0.026539554819464684,-0.047948021441698074,0.4980355203151703,0.11371288448572159,-0.6070622801780701,-0.40503209829330444,0.6748137474060059,-0.24238955974578857,0.020344991236925125,-0.06756003946065903,0.34808245301246643,0.10517106205224991,-0.6479989290237427,-0.3762246370315552,0.6922247409820557,-0.2324044555425644,0.0015344577841460705,-0.10129820555448532,0.4147354066371918,0.1336890608072281,-0.5877164006233215,-0.3472137153148651,0.6849626302719116,-0.209321066737175,-0.02607722021639347,-0.06822356581687927,0.41333886981010437,0.1059238612651825,0.007350533735007048,0.011747651733458042,0.35649779438972473,-0.10677832365036011,-0.0131659721955657,-0.01059495285153389,0.3773684799671173,0.13037492334842682,0.008282656781375408,-0.08445291966199875,0.05111917480826378,-0.12756003439426422,0.046068090945482254,-0.08626120537519455,0.06971661001443863,0.11107242107391357,0.21019957959651947,0.15592163801193237,0.010470886714756489,-0.12034749984741211,0.4050125181674957,0.22535966336727142,0.0263617392629385,0.10770539939403534,0.21918877959251404,0.17472979426383972,0.006277760956436396,-0.12244867533445358,0.4264944791793823,0.25367671251296997,0.014939055778086185,0.1569526493549347,0.21190403401851654,0.015937838703393936,0.011881944723427296,-0.1648683100938797,0.44359299540519714,0.0804649218916893,0.02375185862183571,13,0.542,0.6486809253692627,0.4121485650539398,1.541392151693799e-07,,0.6274096369743347,0.4045182168483734,-0.007115189451724291,,0.6066131591796875,0.3808125853538513,-0.011502161622047424,,0.588802695274353,0.3634209930896759,-0.01589440181851387,,0.5730866193771362,0.354445219039917,-0.02050561085343361,,0.6148855090141296,0.32039904594421387,-0.004422929137945175,,0.6013116240501404,0.2873486280441284,-0.009593998081982136,,0.5935126543045044,0.2680908739566803,-0.014185409061610699,,0.587981104850769,0.24951842427253723,-0.017910532653331757,,0.626280665397644,0.3080364465713501,-0.0067031122744083405,,0.6247619390487671,0.25927725434303284,-0.01166035607457161,,0.6252261996269226,0.2286643087863922,-0.015709582716226578,,0.6266041398048401,0.20371228456497192,-0.01870344951748848,,0.6375756859779358,0.3061597943305969,-0.010474898852407932,,0.6401234865188599,0.257884681224823,-0.01694481074810028,,0.642634928226471,0.22688929736614227,-0.02115013636648655,,0.6447239518165588,0.1999061107635498,-0.02388133853673935,,0.6477901339530945,0.3114897608757019,-0.014935062266886234,,0.6516755819320679,0.2726455628871918,-0.020523151382803917,,0.6544960141181946,0.24611365795135498,-0.02258974500000477,,0.6565545797348022,0.22229421138763428,-0.024034515023231506,
-0.039648108184337616,-0.6004291772842407,-0.19167442619800568,0.9995295405387878,-0.02010837011039257,-0.6347510814666748,-0.18633578717708588,0.9992591142654419,-0.02044331096112728,-0.6344351172447205,-0.18856853246688843,0.9993007183074951,-0.02036103419959545,-0.6347019076347351,-0.18605361878871918,0.999143660068512,-0.0515814870595932,-0.639334499835968,-0.18762071430683136,0.9993628263473511,-0.04927799850702286,-0.639818012714386,-0.18851342797279358,0.9994101524353027,-0.05006439611315727,-0.6387982368469238,-0.1849738210439682,0.999340295791626,0.03957543149590492,-0.6222547292709351,-0.09770769625902176,0.9991404414176941,-0.09188851714134216,-0.6391213536262512,-0.08964651077985764,0.999391496181488,-0.022357691079378128,-0.5724800825119019,-0.16726833581924438,0.9996106624603271,-0.05911891907453537,-0.5750545263290405,-0.16444823145866394,0.9997038841247559,0.127007856965065,-0.4464266002178192,-0.044759601354599,0.9988569617271423,-0.17289023101329803,-0.44727781414985657,-0.039646536111831665,0.9991437792778015,0.207719087600708,-0.34692254662513733,-0.16600970923900604,0.9043402671813965,-0.1844523549079895,-0.19169829785823822,-0.014960375614464283,0.8526757955551147,0.1472080796957016,-0.5555586218833923,-0.3495446741580963,0.7181819081306458,-0.22715234756469727,-0.026539793238043785,-0.047564174979925156,0.5154373049736023,0.11022693663835526,-0.6032290458679199,-0.4053695797920227,0.7066150307655334,-0.23851363360881805,0.02047872543334961,-0.06675778329372406,0.3551520109176636,0.10328549146652222,-0.6444181799888611,-0.37761634588241577,0.7222111821174622,-0.22757109999656677,0.001710321637801826,-0.10155406594276428,0.42385026812553406,0.13043047487735748,-0.5841562151908875,-0.34821051359176636,0.7157652974128723,-0.2049456387758255,-0.02601953037083149,-0.06837001442909241,0.42320558428764343,0.10594315081834793,0.007284726016223431,0.011700166389346123,0.3676520586013794,-0.10682275146245956,-0.013120944611728191,-0.010554471984505653,0.3873023986816406,0.13007573783397675,0.006845681928098202,-0.0842343419790268,0.049203936010599136,-0.12892962992191315,0.047152820974588394,-0.08207010477781296,0.06550344824790955,0.10852210968732834,0.21023130416870117,0.15781322121620178,0.010064597241580486,-0.12234202027320862,0.40534305572509766,0.23218587040901184,0.02457520365715027,0.10395344346761703,0.21932688355445862,0.17698122560977936,0.00604826956987381,-0.12485910207033157,0.4269898533821106,0.26031413674354553,0.014199994504451752,0.1507367044687271,0.21183130145072937,0.017268789932131767,0.011329323053359985,-0.17202533781528473,0.44428160786628723,0.08573748171329498,0.0222404133528471,14,0.583,0.6474794745445251,0.4247710108757019,1.7945387753570685e-07,,0.6262696981430054,0.41515833139419556,-0.008129323832690716,,0.6056174039840698,0.39208734035491943,-0.013535479083657265,,0.5868257880210876,0.37747761607170105,-0.01891111396253109,,0.5703805685043335,0.37148213386535645,-0.024562682956457138,,0.6145820617675781,0.3300381004810333,-0.004900930915027857,,0.6016789674758911,0.29804727435112,-0.010495921596884727,,0.5945775508880615,0.2786078453063965,-0.015646396204829216,,0.5897265672683716,0.26027119159698486,-0.019719544798135757,,0.6260077357292175,0.3178958296775818,-0.006964053958654404,,0.6259837746620178,0.2682843804359436,-0.012088543735444546,,0.6269651055335999,0.2370152771472931,-0.016502931714057922,,0.62855464220047,0.21128509938716888,-0.019683245569467545,,0.6375114917755127,0.3167268931865692,-0.010630074888467789,,0.640890896320343,0.2679600417613983,-0.01723003014922142,,0.6434993743896484,0.23677386343479156,-0.021847713738679886,,0.645728349685669,0.20968389511108398,-0.024746185168623924,,0.6477219462394714,0.32337436079978943,-0.015073520131409168,,0.652356743812561,0.2848762571811676,-0.02055968903005123,,0.6552864909172058,0.25841790437698364,-0.02262723259627819,,0.657602071762085,0.23511511087417603,-0.024005558341741562,
-0.042159952223300934,-0.600817084312439,-0.19231900572776794,0.9995533227920532,-0.021915050223469734,-0.634946882724762,-0.18698811531066895,0.9992983937263489,-0.022243209183216095,-0.6346316337585449,-0.18929339945316315,0.9993348717689514,-0.022169673815369606,-0.6349023580551147,-0.18678230047225952,0.9991833567619324,-0.05344917252659798,-0.6397758722305298,-0.18787500262260437,0.9994030594825745,-0.05114922299981117,-0.6402667760848999,-0.1887548416852951,0.9994484186172485,-0.05193466693162918,-0.6392496824264526,-0.18522919714450836,0.999384343624115,0.039255496114492416,-0.6222555637359619,-0.09876114875078201,0.9991809725761414,-0.09306132048368454,-0.6394579410552979,-0.08914979547262192,0.9994380474090576,-0.024726659059524536,-0.5726206302642822,-0.16831941902637482,0.9996249675750732,-0.06157936155796051,-0.5754528045654297,-0.16508585214614868,0.9997200965881348,0.12696042656898499,-0.4439865052700043,-0.046417899429798126,0.9988795518875122,-0.17496658861637115,-0.44725432991981506,-0.040233105421066284,0.9992011189460754,0.20462828874588013,-0.3456558585166931,-0.16809521615505219,0.913432240486145,-0.18237926065921783,-0.19017180800437927,-0.0165028627961874,0.8605101108551025,0.14535875618457794,-0.5490686893463135,-0.35065704584121704,0.7462598085403442,-0.2236742526292801,-0.025781763717532158,-0.050703465938568115,0.5244264006614685,0.10758726298809052,-0.5977903604507446,-0.40565648674964905,0.7353540658950806,-0.23455694317817688,0.021302921697497368,-0.06941476464271545,0.35629966855049133,0.10102193057537079,-0.6405167579650879,-0.37750282883644104,0.7493189573287964,-0.2233460247516632,0.002435200149193406,-0.10462382435798645,0.42790743708610535,0.12857413291931152,-0.5785518884658813,-0.3487774133682251,0.7436060905456543,-0.20035141706466675,-0.02570020593702793,-0.07152701169252396,0.42766427993774414,0.1060190424323082,0.007250824477523565,0.01179894432425499,0.37828418612480164,-0.10693591088056564,-0.013097906485199928,-0.010656239464879036,0.3975829780101776,0.12986236810684204,0.004534432198852301,-0.08662945032119751,0.047554630786180496,-0.12908485531806946,0.04814540222287178,-0.08030003309249878,0.06165734678506851,0.10917139053344727,0.2010875642299652,0.1580924093723297,0.009666665457189083,-0.12343301624059677,0.40510138869285583,0.2353040874004364,0.022897709161043167,0.10423725843429565,0.20997680723667145,0.17787574231624603,0.005846128799021244,-0.12671630084514618,0.4262329041957855,0.26469552516937256,0.01347633358091116,0.1511315405368805,0.2014525830745697,0.018240030854940414,0.010781504213809967,-0.1781889796257019,0.44130682945251465,0.09438645839691162,0.020793559029698372,15,0.625,0.6478124260902405,0.43998539447784424,1.9204517798243614e-07,,0.6270732283592224,0.43103963136672974,-0.007422920316457748,,0.605883002281189,0.40678316354751587,-0.01281657349318266,,0.5867055654525757,0.39370012283325195,-0.01825481466948986,,0.5701608061790466,0.39317312836647034,-0.024225972592830658,,0.6141119599342346,0.3408035933971405,-0.005636691115796566,,0.6014872193336487,0.30637475848197937,-0.011294708587229252,,0.5952009558677673,0.2848703861236572,-0.016512446105480194,,0.5908614993095398,0.26613953709602356,-0.020577896386384964,,0.6264917254447937,0.32973891496658325,-0.008295303210616112,,0.6263788938522339,0.2771799564361572,-0.013113664463162422,,0.6273927688598633,0.24446293711662292,-0.0174541138112545,,0.6289602518081665,0.21886847913265228,-0.020576801151037216,,0.6388863921165466,0.33037853240966797,-0.012366772629320621,,0.6423251628875732,0.27938002347946167,-0.018330255523324013,,0.6445906162261963,0.2478868067264557,-0.022837411612272263,,0.6464965343475342,0.2211684286594391,-0.025837616994976997,,0.64985191822052,0.33977004885673523,-0.01716494932770729,,0.6545267105102539,0.3012462556362152,-0.02206152118742466,,0.6572314500808716,0.27515551447868347,-0.023766543716192245,,0.6593433022499084,0.2525072693824768,-0.025012582540512085,
-0.04405798763036728,-0.6009829640388489,-0.19262710213661194,0.9995706677436829,-0.023507779464125633,-0.6351388096809387,-0.18702363967895508,0.9993268251419067,-0.02382967621088028,-0.6348234415054321,-0.18932797014713287,0.9993584156036377,-0.023777348920702934,-0.6350917816162109,-0.1868191659450531,0.9992106556892395,-0.05537327378988266,-0.6398804187774658,-0.18795382976531982,0.9994341731071472,-0.05307205021381378,-0.6403735280036926,-0.1888415664434433,0.9994781613349915,-0.05385962873697281,-0.6393574476242065,-0.18530578911304474,0.9994188547134399,0.03850949555635452,-0.6222206354141235,-0.09833772480487823,0.9992051720619202,-0.09537577629089355,-0.639911413192749,-0.08878707140684128,0.9994753003120422,-0.026457516476511955,-0.5727630853652954,-0.16837909817695618,0.999633252620697,-0.06379641592502594,-0.5755725502967834,-0.16524934768676758,0.999731719493866,0.1268894374370575,-0.4405071437358856,-0.04516729712486267,0.9988876581192017,-0.17719179391860962,-0.44771233201026917,-0.040372807532548904,0.9992477297782898,0.20276899635791779,-0.3303270936012268,-0.16562598943710327,0.9214267730712891,-0.181856170296669,-0.18978923559188843,-0.01749231666326523,0.8678482174873352,0.14546386897563934,-0.5386483669281006,-0.34577304124832153,0.7715065479278564,-0.22233429551124573,-0.02439538761973381,-0.05205203592777252,0.5329585075378418,0.10815522074699402,-0.5868114829063416,-0.4007887840270996,0.7610839605331421,-0.2334354817867279,0.0232684463262558,-0.07049751281738281,0.3558730185031891,0.10162623226642609,-0.6307449340820312,-0.3696914613246918,0.7735636830329895,-0.22218939661979675,0.005082393065094948,-0.10617098957300186,0.4297427833080292,0.1288788765668869,-0.5685784816741943,-0.34269943833351135,0.768537163734436,-0.19873961806297302,-0.02445489726960659,-0.07316232472658157,0.4304881691932678,0.10622930526733398,0.0072984653525054455,0.012088021263480186,0.3853321373462677,-0.10718701779842377,-0.013124952092766762,-0.010977931320667267,0.40324968099594116,0.12974302470684052,0.003232477465644479,-0.08815649151802063,0.04536432400345802,-0.13040287792682648,0.04444272816181183,-0.08026985079050064,0.057686325162649155,0.10972129553556442,0.20250535011291504,0.15706810355186462,0.009286233223974705,-0.12323375791311264,0.40477725863456726,0.23780016601085663,0.021279647946357727,0.1048867478966713,0.2116091251373291,0.17671716213226318,0.005631140898913145,-0.12639541923999786,0.4259890615940094,0.267096608877182,0.012735801748931408,0.15067583322525024,0.20345543324947357,0.014832437969744205,0.010286035016179085,-0.17778772115707397,0.44161486625671387,0.09442140907049179,0.019429801031947136,16,0.667,0.6505205631256104,0.45874014496803284,2.0089916574761446e-07,,0.6292338371276855,0.44804123044013977,-0.0078092580661177635,,0.6072977185249329,0.4255521297454834,-0.013729271478950977,,0.5882964730262756,0.41422829031944275,-0.019537020474672318,,0.5716376304626465,0.41603973507881165,-0.025926487520337105,,0.6148145794868469,0.35502684116363525,-0.0077787842601537704,,0.6031103134155273,0.314657986164093,-0.014277082867920399,,0.5968585014343262,0.289335697889328,-0.01999588869512081,,0.5921345949172974,0.2678963243961334,-0.024510586634278297,,0.628655731678009,0.3453919589519501,-0.010823524557054043,,0.6278371810913086,0.29049161076545715,-0.016291754320263863,,0.6281847357749939,0.2555996775627136,-0.021364983171224594,,0.6291496157646179,0.22840890288352966,-0.025188349187374115,,0.6425003409385681,0.34836676716804504,-0.015232927165925503,,0.6462439894676208,0.2965812683105469,-0.022253552451729774,,0.6488981246948242,0.2640697956085205,-0.02766091749072075,,0.6511379480361938,0.23653310537338257,-0.03133508935570717,,0.6548192501068115,0.36085590720176697,-0.020286858081817627,,0.6602650880813599,0.32372036576271057,-0.026488836854696274,,0.6634827852249146,0.2983376979827881,-0.028903337195515633,,0.6659146547317505,0.2755449414253235,-0.03063080832362175,
-0.04419625923037529,-0.6010004878044128,-0.196159228682518,0.9995798468589783,-0.023729093372821808,-0.6351165175437927,-0.19043582677841187,0.9993426203727722,-0.02404838241636753,-0.6348010301589966,-0.19274801015853882,0.9993704557418823,-0.023986326530575752,-0.635066568851471,-0.19023561477661133,0.9992256760597229,-0.0557972751557827,-0.6399272084236145,-0.19086873531341553,0.9994553327560425,-0.053502701222896576,-0.6404262185096741,-0.1917736977338791,0.9994984269142151,-0.054297756403684616,-0.6394079923629761,-0.1882103830575943,0.999443531036377,0.03885611146688461,-0.6218479871749878,-0.10101185739040375,0.9992159605026245,-0.09529250115156174,-0.6398854851722717,-0.08936356008052826,0.9995035529136658,-0.026204895228147507,-0.5726528167724609,-0.1715758740901947,0.9996383190155029,-0.06366584450006485,-0.5755725502967834,-0.16782866418361664,0.999740481376648,0.12904536724090576,-0.4360622763633728,-0.045524682849645615,0.9988986253738403,-0.17580989003181458,-0.44796526432037354,-0.04270306974649429,0.9992937445640564,0.20386092364788055,-0.3053109645843506,-0.16154664754867554,0.928535521030426,-0.17774179577827454,-0.1855957806110382,-0.021741341799497604,0.8752146363258362,0.1464013159275055,-0.5378666520118713,-0.3428097665309906,0.7942005395889282,-0.21481995284557343,-0.018699340522289276,-0.05655137076973915,0.5426567196846008,0.10916808247566223,-0.5776415467262268,-0.39997348189353943,0.7841510772705078,-0.22627855837345123,0.026626000180840492,-0.07784327864646912,0.3575741648674011,0.10486315935850143,-0.620959997177124,-0.36794352531433105,0.7952843308448792,-0.2150489091873169,0.007977450266480446,-0.11244876682758331,0.43240728974342346,0.13071076571941376,-0.562182605266571,-0.33976754546165466,0.7908727526664734,-0.19184966385364532,-0.019308388233184814,-0.07803668081760406,0.4343876242637634,0.10622525215148926,0.007644311990588903,0.013086101040244102,0.3845832645893097,-0.10718654096126556,-0.013433199375867844,-0.0120305884629488,0.40060243010520935,0.12951239943504333,0.00045931170461699367,-0.08764896541833878,0.04233086481690407,-0.1301785558462143,0.03778746724128723,-0.08062579482793808,0.05329877510666847,0.10989072918891907,0.200272798538208,0.1575738936662674,0.008681523613631725,-0.12234307825565338,0.3983100652694702,0.23561498522758484,0.019549252465367317,0.10514793545007706,0.2091747224330902,0.17743968963623047,0.005355522036552429,-0.1255054622888565,0.41909539699554443,0.2649354040622711,0.011949981562793255,0.1510412096977234,0.20096972584724426,0.016406703740358353,0.009596430696547031,-0.17312166094779968,0.43218526244163513,0.0923801064491272,0.01792946830391884,17,0.709,0.6534852981567383,0.5022909045219421,1.9272104623269115e-07,,0.6327312588691711,0.4921629726886749,-0.00963134877383709,,0.6104190349578857,0.46602463722229004,-0.0165095254778862,,0.5917807817459106,0.4511766731739044,-0.022674715146422386,,0.575452446937561,0.44890835881233215,-0.02958078496158123,,0.6217727065086365,0.3927597999572754,-0.014718812890350819,,0.6117061972618103,0.3404974639415741,-0.02376551553606987,,0.6053097248077393,0.31011468172073364,-0.03074430115520954,,0.598944902420044,0.284845232963562,-0.03605276346206665,,0.6383976936340332,0.3855343163013458,-0.017710385844111443,,0.6356704831123352,0.3237690031528473,-0.025305140763521194,,0.633466362953186,0.28519654273986816,-0.03184371441602707,,0.6307134628295898,0.25449979305267334,-0.036771323531866074,,0.6538825035095215,0.3932240307331085,-0.021717451512813568,,0.6572808623313904,0.34005090594291687,-0.030276771634817123,,0.6590191125869751,0.3048287332057953,-0.03646861016750336,,0.659106969833374,0.275265634059906,-0.040873538702726364,,0.6666876077651978,0.4109192192554474,-0.026362057775259018,,0.672463595867157,0.3773896396160126,-0.03397359326481819,,0.6744217872619629,0.3535921573638916,-0.03676235303282738,,0.67497718334198,0.3321859538555145,-0.03880579397082329,
-0.044042471796274185,-0.5999475121498108,-0.19696642458438873,0.9995740652084351,-0.023612581193447113,-0.6341808438301086,-0.1912228912115097,0.9993371367454529,-0.023932931944727898,-0.6338697671890259,-0.19352881610393524,0.9993640780448914,-0.02386637032032013,-0.6341290473937988,-0.1910233199596405,0.9992194175720215,-0.05573601275682449,-0.6390881538391113,-0.19171132147312164,0.9994552731513977,-0.05344497784972191,-0.6395973563194275,-0.19260680675506592,0.999498188495636,-0.05424012243747711,-0.6385659575462341,-0.18903690576553345,0.9994455575942993,0.04154545068740845,-0.6214798092842102,-0.1014559268951416,0.9992077946662903,-0.09389510750770569,-0.6397305130958557,-0.08956563472747803,0.999513566493988,-0.025402888655662537,-0.5718188881874084,-0.17237569391727448,0.999636709690094,-0.06316020339727402,-0.5749412775039673,-0.16849814355373383,0.9997423887252808,0.13458316028118134,-0.43357107043266296,-0.04499662294983864,0.9989314675331116,-0.17014342546463013,-0.4485681354999542,-0.04205694422125816,0.9993378520011902,0.20580793917179108,-0.28177157044410706,-0.15681076049804688,0.9350672960281372,-0.1752510815858841,-0.1842089146375656,-0.01922629214823246,0.8828281164169312,0.1465751975774765,-0.488380491733551,-0.3379560708999634,0.8146328926086426,-0.21260395646095276,-0.016038594767451286,-0.05475689470767975,0.5593254566192627,0.10944700986146927,-0.5346489548683167,-0.39596179127693176,0.8049242496490479,-0.22425299882888794,0.0289366003125906,-0.07659252732992172,0.36556246876716614,0.10666138678789139,-0.5819500684738159,-0.36518070101737976,0.8148453235626221,-0.21256078779697418,0.009805799461901188,-0.11048974096775055,0.4406142830848694,0.13145780563354492,-0.5187745690345764,-0.3352711498737335,0.8109766840934753,-0.1902020275592804,-0.01664922758936882,-0.0760391354560852,0.44430479407310486,0.1061975508928299,0.007984805852174759,0.01300721149891615,0.3892383575439453,-0.10713334381580353,-0.013602935709059238,-0.011982206255197525,0.40351587533950806,0.12997233867645264,0.002241972368210554,-0.09107740968465805,0.03963902220129967,-0.12940314412117004,0.03464832156896591,-0.08357059210538864,0.049357812851667404,0.1145501434803009,0.21024353802204132,0.15298666059970856,0.00818547047674656,-0.11092520505189896,0.39956408739089966,0.22820891439914703,0.017998117953538895,0.11035197973251343,0.21989700198173523,0.17214196920394897,0.0051421173848211765,-0.11241690069437027,0.42100077867507935,0.2571524679660797,0.011288688518106937,0.15219242870807648,0.20863929390907288,0.011475897394120693,0.009008374996483326,-0.1542780101299286,0.43343862891197205,0.08554194122552872,0.016573956236243248,18,0.75,0.6566441059112549,0.5375500917434692,1.2832531126605318e-07,,0.6358314156532288,0.517732560634613,-0.007386698853224516,,0.6178056597709656,0.478490948677063,-0.012857218272984028,,0.6027093529701233,0.4552837312221527,-0.018301624804735184,,0.585425853729248,0.45118170976638794,-0.02450023777782917,,0.6292034387588501,0.41080740094184875,-0.010644420050084591,,0.619472086429596,0.3574174642562866,-0.0207899771630764,,0.6112645268440247,0.3262277841567993,-0.029010875150561333,,0.6017782092094421,0.3013523519039154,-0.03532259166240692,,0.6438762545585632,0.4097572863101959,-0.015297300182282925,,0.6403367519378662,0.3504585027694702,-0.024338357150554657,,0.6367453336715698,0.3139839470386505,-0.0318535715341568,,0.6317656636238098,0.2854743003845215,-0.037263356149196625,,0.658291220664978,0.4233910143375397,-0.02105182409286499,,0.6608920693397522,0.3711223006248474,-0.030895372852683067,,0.6606223583221436,0.3375553488731384,-0.03679124638438225,,0.6585343480110168,0.3084661662578583,-0.04091794416308403,,0.6711857914924622,0.44752833247184753,-0.027386240661144257,,0.6744666695594788,0.41410011053085327,-0.03653091564774513,,0.6752567291259766,0.39124178886413574,-0.03929408639669418,,0.6749374270439148,0.3698086440563202,-0.04118937999010086,
-0.04395980015397072,-0.5982527136802673,-0.2004534900188446,0.999576985836029,-0.024156617000699043,-0.6328532695770264,-0.1946384608745575,0.9993409514427185,-0.024479297921061516,-0.63253253698349,-0.19695693254470825,0.9993712306022644,-0.024414213374257088,-0.6327939629554749,-0.19444912672042847,0.9992222189903259,-0.05625772848725319,-0.6375375986099243,-0.19547800719738007,0.9994624257087708,-0.053965143859386444,-0.6380540132522583,-0.1963588446378708,0.9995089769363403,-0.054749563336372375,-0.6370293498039246,-0.19273912906646729,0.9994555115699768,0.04132659360766411,-0.6214817762374878,-0.10416063666343689,0.9992138147354126,-0.09400012344121933,-0.6395320892333984,-0.0947406142950058,0.9995319247245789,-0.025313790887594223,-0.5710371732711792,-0.17541000247001648,0.9996391534805298,-0.06304857134819031,-0.5739964842796326,-0.1722683310508728,0.9997472763061523,0.1391049325466156,-0.43319928646087646,-0.045972682535648346,0.998972475528717,-0.16884517669677734,-0.4481634795665741,-0.04675367474555969,0.9993827939033508,0.20555947721004486,-0.26682794094085693,-0.1570192575454712,0.9412077069282532,-0.17264868319034576,-0.1845531165599823,-0.020490752533078194,0.8907480239868164,0.14534156024456024,-0.4626716077327728,-0.3371031880378723,0.8330972194671631,-0.2126343548297882,-0.014720089733600616,-0.05524279177188873,0.578828752040863,0.10847624391317368,-0.5116229057312012,-0.3914636969566345,0.8240107297897339,-0.22434478998184204,0.0318681076169014,-0.07456421852111816,0.37508904933929443,0.10680194944143295,-0.5603774785995483,-0.36290478706359863,0.8328821063041687,-0.21518614888191223,0.013998273760080338,-0.10975801199674606,0.4510537385940552,0.13110075891017914,-0.49491602182388306,-0.3342023491859436,0.8294215202331543,-0.19048215448856354,-0.01458122581243515,-0.07653714716434479,0.45619210600852966,0.10634954273700714,0.008160549215972424,0.01368788629770279,0.39009207487106323,-0.1072760596871376,-0.013720768503844738,-0.0127042755484581,0.4045245051383972,0.13009081780910492,0.0024645559024065733,-0.09073273837566376,0.037689123302698135,-0.12909655272960663,0.033082377165555954,-0.08928937464952469,0.04638655483722687,0.11630542576313019,0.2152228057384491,0.15270808339118958,0.007802729494869709,-0.11063199490308762,0.4002548158168793,0.22037041187286377,0.01677374355494976,0.11239583045244217,0.22472167015075684,0.17147164046764374,0.004938241094350815,-0.11168644577264786,0.4216381907463074,0.24873480200767517,0.01070468034595251,0.15691117942333221,0.21072009205818176,0.011030307039618492,0.00855154637247324,-0.1497640758752823,0.433527410030365,0.0756097361445427,0.015495922416448593,19,0.792,0.6566815972328186,0.5599324703216553,-5.424612226079262e-08,,0.6363362669944763,0.5336065292358398,-0.005036098416894674,,0.6238074898719788,0.4909243583679199,-0.00962039828300476,,0.6155034303665161,0.4609931409358978,-0.015272987075150013,,0.6020358800888062,0.44939008355140686,-0.020926542580127716,,0.6333864331245422,0.4310464560985565,-0.0016603857511654496,,0.631718099117279,0.37978896498680115,-0.013044934719800949,,0.6235435605049133,0.36213231086730957,-0.023389600217342377,,0.6135537624359131,0.35822850465774536,-0.02945561334490776,,0.6471179723739624,0.4321136772632599,-0.006564773619174957,,0.6462854743003845,0.37616583704948425,-0.01648227870464325,,0.6367346048355103,0.3658815920352936,-0.023941919207572937,,0.6263440847396851,0.3718966245651245,-0.027815207839012146,,0.6605870723724365,0.4431561529636383,-0.013015842996537685,,0.6619711518287659,0.3882095217704773,-0.0208116602152586,,0.6528319120407104,0.38113903999328613,-0.02338404394686222,,0.6433368921279907,0.387457937002182,-0.024272141978144646,,0.6740298867225647,0.4632311761379242,-0.020356955006718636,,0.6737379431724548,0.4247264564037323,-0.02525610476732254,,0.6671967506408691,0.41862866282463074,-0.024764923378825188,,0.6602503657341003,0.4228433668613434,-0.023845473304390907,
-0.045207493007183075,-0.5985727310180664,-0.2215888649225235,0.9995679259300232,-0.026107968762516975,-0.6331230998039246,-0.21540467441082,0.9993273019790649,-0.026426542550325394,-0.6328047513961792,-0.2177034169435501,0.9993618130683899,-0.026337504386901855,-0.6330663561820984,-0.21524488925933838,0.9992040991783142,-0.05865483358502388,-0.6377270817756653,-0.21654736995697021,0.9994570016860962,-0.05635450780391693,-0.6382530331611633,-0.2173539400100708,0.9995090961456299,-0.057115063071250916,-0.6372309923171997,-0.21372400224208832,0.9994544386863708,0.04015687480568886,-0.6218527555465698,-0.12143240123987198,0.9991921782493591,-0.09657733142375946,-0.6395493149757385,-0.11382771283388138,0.9995394349098206,-0.02587132528424263,-0.5714240074157715,-0.19525405764579773,0.9996272325515747,-0.0640360563993454,-0.5742655396461487,-0.19263149797916412,0.9997441172599792,0.13934184610843658,-0.4330718517303467,-0.05899291858077049,0.9989765286445618,-0.17010441422462463,-0.4473896324634552,-0.0598149299621582,0.9994108080863953,0.2032073438167572,-0.26234063506126404,-0.16495153307914734,0.9466126561164856,-0.17268678545951843,-0.18395838141441345,-0.028349703177809715,0.8964586853981018,0.1412232518196106,-0.4521152675151825,-0.3447418808937073,0.8496692180633545,-0.2156749963760376,-0.012698459438979626,-0.06165347993373871,0.589932382106781,0.10524468123912811,-0.5012928247451782,-0.3967622220516205,0.8410139679908752,-0.22863686084747314,0.03397691622376442,-0.07751896232366562,0.37888506054878235,0.10541532188653946,-0.5506442785263062,-0.37178343534469604,0.8489295840263367,-0.2260766476392746,0.016575295478105545,-0.11473311483860016,0.45558029413223267,0.12784360349178314,-0.4845283329486847,-0.34265604615211487,0.8458219170570374,-0.19704511761665344,-0.01204492338001728,-0.08337204158306122,0.4616498053073883,0.10640796273946762,0.008152250200510025,0.013898000121116638,0.3870649039745331,-0.1073627844452858,-0.013716691173613071,-0.012921258807182312,0.40149927139282227,0.12876050174236298,0.010488754138350487,-0.0841737911105156,0.036521635949611664,-0.12898392975330353,0.045168351382017136,-0.08941741287708282,0.04419831931591034,0.11460991948843002,0.22788400948047638,0.15301227569580078,0.007553779985755682,-0.1132144182920456,0.4062252938747406,0.2157808244228363,0.015788115561008453,0.11051467806100845,0.2380157858133316,0.17207837104797363,0.004802263807505369,-0.11410897225141525,0.4273948669433594,0.24310512840747833,0.010252914391458035,0.155884250998497,0.2263222187757492,0.01237768679857254,0.008245374076068401,-0.14997844398021698,0.4409850835800171,0.0723947286605835,0.01464804820716381,20,0.834,0.6579838991165161,0.5714530348777771,-1.66479637186967e-07,,0.6390377879142761,0.5446826219558716,-0.0034654538612812757,,0.6279330253601074,0.5017626285552979,-0.007375319022685289,,0.6220484972000122,0.4730603098869324,-0.012977482751011848,,0.616523265838623,0.4488461911678314,-0.017340069636702538,,0.6369505524635315,0.4470233917236328,-0.0006502526230178773,,0.6339166760444641,0.3907996714115143,-0.013708376325666904,,0.6219623684883118,0.3985477685928345,-0.02290704846382141,,0.6179937124252319,0.41838404536247253,-0.02703632228076458,,0.6492157578468323,0.4498528838157654,-0.005271834321320057,,0.6476483941078186,0.3890998363494873,-0.017159879207611084,,0.6330641508102417,0.40144023299217224,-0.022478148341178894,,0.6277558207511902,0.4245382845401764,-0.023510348051786423,,0.6614090204238892,0.459061861038208,-0.011678913608193398,,0.6618813276290894,0.4040519893169403,-0.019426152110099792,,0.647144615650177,0.4121086597442627,-0.02000361494719982,,0.6398875713348389,0.43059656023979187,-0.0188125129789114,,0.6743632555007935,0.4749022126197815,-0.018994169309735298,,0.6730814576148987,0.4347332715988159,-0.022837067022919655,,0.6615189909934998,0.4302094578742981,-0.02220030315220356,,0.6538546681404114,0.4366781711578369,-0.020844455808401108,
-0.04509880393743515,-0.6000946760177612,-0.22886425256729126,0.9995460510253906,-0.026068788021802902,-0.6345288753509521,-0.22204861044883728,0.9992956519126892,-0.026387276127934456,-0.6342182159423828,-0.2243446409702301,0.9993352890014648,-0.026293819770216942,-0.63448166847229,-0.22191034257411957,0.999165952205658,-0.05868057906627655,-0.6388018727302551,-0.22400903701782227,0.9994361400604248,-0.05637947469949722,-0.6393505930900574,-0.22478385269641876,0.9994956851005554,-0.05713488161563873,-0.6383302807807922,-0.22114837169647217,0.9994388222694397,0.039530374109745026,-0.622894823551178,-0.12645475566387177,0.9991471171379089,-0.09795466810464859,-0.6395915150642395,-0.12231889367103577,0.9995346665382385,-0.025792259722948074,-0.5727956295013428,-0.20197029411792755,0.999605119228363,-0.06394074857234955,-0.5752233862876892,-0.20034053921699524,0.9997333884239197,0.1392897069454193,-0.43310546875,-0.062265992164611816,0.998970627784729,-0.17123335599899292,-0.4465253949165344,-0.06854565441608429,0.999427318572998,0.20280423760414124,-0.26017051935195923,-0.16530264914035797,0.9513719081878662,-0.17270204424858093,-0.18273818492889404,-0.03601719066500664,0.9017494320869446,0.137838676571846,-0.4363006353378296,-0.34500643610954285,0.8645454049110413,-0.21726234257221222,-0.010521577671170235,-0.0680147260427475,0.6001156568527222,0.10170692205429077,-0.4815817177295685,-0.3966940641403198,0.8561528921127319,-0.23067975044250488,0.036248184740543365,-0.08254054933786392,0.383209764957428,0.10152602195739746,-0.5307384729385376,-0.3725546598434448,0.8631930351257324,-0.23043017089366913,0.018753843382000923,-0.12093300372362137,0.4604819118976593,0.12405809760093689,-0.467693567276001,-0.3432548940181732,0.8604093790054321,-0.20031902194023132,-0.00959793757647276,-0.08978445082902908,0.46707242727279663,0.10641417652368546,0.008146259002387524,0.014382016845047474,0.3851756751537323,-0.10737790912389755,-0.013713330030441284,-0.013409042730927467,0.39885005354881287,0.12612320482730865,0.0197611004114151,-0.07975059747695923,0.03575614094734192,-0.1289522349834442,0.0538637638092041,-0.08958272635936737,0.04259439930319786,0.11112630367279053,0.23994480073451996,0.1533578336238861,0.007373223081231117,-0.11534334719181061,0.4112069010734558,0.21140535175800323,0.014974599704146385,0.1069929301738739,0.2508518695831299,0.17255084216594696,0.00470776529982686,-0.11610788851976395,0.4324968755245209,0.23806816339492798,0.009884043596684933,0.15393060445785522,0.2407415807247162,0.013990207575261593,0.008015556260943413,-0.1506098508834839,0.4476495087146759,0.0700591504573822,0.013951381668448448,21,0.875,0.6617833375930786,0.581516683101654,-1.990697882092718e-07,,0.6414139270782471,0.551616907119751,-0.002457231283187866,,0.6296491622924805,0.5095431208610535,-0.005972184706479311,,0.6223918199539185,0.4796662926673889,-0.011901039630174637,,0.6180129647254944,0.4512746036052704,-0.01668659783899784,,0.6402614712715149,0.45927414298057556,0.003819364821538329,,0.6372734904289246,0.41025736927986145,-0.009648567996919155,,0.6229960918426514,0.41737207770347595,-0.01968388445675373,,0.6151429414749146,0.43401312828063965,-0.0245783943682909,,0.6515641212463379,0.4599789083003998,-0.001479936414398253,,0.6503511667251587,0.402147501707077,-0.014924072660505772,,0.6332191228866577,0.415679931640625,-0.02200477570295334,,0.6251909136772156,0.43802547454833984,-0.023906251415610313,,0.6627377271652222,0.4672084450721741,-0.008800933137536049,,0.6625553369522095,0.4173089265823364,-0.018648147583007812,,0.6445584893226624,0.4287618398666382,-0.021549005061388016,,0.6346216201782227,0.4471736252307892,-0.02128712460398674,,0.6747483611106873,0.48113808035850525,-0.0168730691075325,,0.6716400980949402,0.44374680519104004,-0.022069068625569344,,0.657010555267334,0.4418313205242157,-0.023152321577072144,,0.6468204259872437,0.44848865270614624,-0.022854004055261612,
-0.04505490884184837,-0.6014725565910339,-0.23174148797988892,0.9995322823524475,-0.026192454621195793,-0.6358553171157837,-0.22496843338012695,0.99927818775177,-0.026512455195188522,-0.6355504989624023,-0.22722989320755005,0.9993205666542053,-0.026411594823002815,-0.6358108520507812,-0.22479556500911713,0.9991446137428284,-0.05896461009979248,-0.6398652195930481,-0.22683604061603546,0.9994254112243652,-0.056663528084754944,-0.6404260993003845,-0.22763046622276306,0.9994892477989197,-0.05741076171398163,-0.6394006013870239,-0.22399671375751495,0.9994319081306458,0.03923948481678963,-0.6237038373947144,-0.12984076142311096,0.9991220235824585,-0.09904693067073822,-0.6396024823188782,-0.12485186010599136,0.9995363354682922,-0.025697415694594383,-0.573878288269043,-0.2050553262233734,0.9995942115783691,-0.06398410350084305,-0.5759897232055664,-0.20309917628765106,0.999730110168457,0.13924576342105865,-0.4331463873386383,-0.06579190492630005,0.998974084854126,-0.17277929186820984,-0.44573795795440674,-0.07020826637744904,0.9994454383850098,0.20281951129436493,-0.2598136067390442,-0.16769054532051086,0.9556859135627747,-0.17481890320777893,-0.18055227398872375,-0.037312109023332596,0.9068385362625122,0.1355353444814682,-0.4335809648036957,-0.3475439250469208,0.8779231309890747,-0.22443555295467377,-0.010681242682039738,-0.06942857801914215,0.6119980812072754,0.09917642921209335,-0.47715115547180176,-0.39900732040405273,0.8696832060813904,-0.23846518993377686,0.036145444959402084,-0.0838622897863388,0.38981637358665466,0.09782566130161285,-0.5262284278869629,-0.37660855054855347,0.8759313821792603,-0.23913876712322235,0.018192801624536514,-0.12240947782993317,0.46730929613113403,0.12109231948852539,-0.46465152502059937,-0.34648165106773376,0.8734542727470398,-0.20896725356578827,-0.009748275391757488,-0.09107686579227448,0.4747198522090912,0.10649006068706512,0.008126480504870415,0.014407885260879993,0.3837030827999115,-0.10747350007295609,-0.01369425654411316,-0.013443502597510815,0.39702847599983215,0.12399657070636749,0.023988625034689903,-0.07771939784288406,0.034813690930604935,-0.12971383333206177,0.055998511612415314,-0.09101934731006622,0.04104720056056976,0.10800804197788239,0.2437322437763214,0.15379105508327484,0.00716635724529624,-0.11768762767314911,0.4137803614139557,0.20434658229351044,0.01420117262750864,0.10393120348453522,0.2545289993286133,0.17273950576782227,0.004593075718730688,-0.11827123910188675,0.43532347679138184,0.23043754696846008,0.00951384287327528,0.150568425655365,0.24534758925437927,0.015492144040763378,0.007755899801850319,-0.15102937817573547,0.45155757665634155,0.06279239803552628,0.013274713419377804,22,0.917,0.661848247051239,0.579585611820221,-1.6301598293466668e-07,,0.642619252204895,0.5515913963317871,-0.0026690682861953974,,0.630626916885376,0.5103240013122559,-0.006404093001037836,,0.6236565709114075,0.4809326231479645,-0.012146536260843277,,0.6181724667549133,0.45398592948913574,-0.016634387895464897,,0.6396996378898621,0.45891568064689636,0.0021817104425281286,,0.6371549367904663,0.4090918302536011,-0.0107694948092103,,0.6237212419509888,0.4162434935569763,-0.019949713721871376,,0.6163890361785889,0.43287283182144165,-0.024084297940135002,,0.6514286994934082,0.4603773355484009,-0.0027478011325001717,,0.6498706340789795,0.4033355712890625,-0.015311635099351406,,0.6329272985458374,0.4151117205619812,-0.021331092342734337,,0.6245722770690918,0.4358609616756439,-0.022494401782751083,,0.6627799868583679,0.46836695075035095,-0.009571278467774391,,0.6626409888267517,0.41860780119895935,-0.018447715789079666,,0.645422101020813,0.4265326261520386,-0.020672719925642014,,0.6350476741790771,0.44191408157348633,-0.02015233412384987,,0.6746242046356201,0.4826856255531311,-0.017123349010944366,,0.6712223887443542,0.44671934843063354,-0.021829640492796898,,0.6573671102523804,0.443755567073822,-0.022459525614976883,,0.6473124623298645,0.4487786889076233,-0.021800823509693146,
-0.04499688372015953,-0.6038727164268494,-0.23465168476104736,0.999531090259552,-0.02615726739168167,-0.6381493806838989,-0.22805726528167725,0.9992794990539551,-0.026477724313735962,-0.6378474831581116,-0.2303401082754135,0.9993212819099426,-0.02637668512761593,-0.638107419013977,-0.2279094010591507,0.999144971370697,-0.05893082544207573,-0.6420037150382996,-0.22952938079833984,0.9994285702705383,-0.05663007125258446,-0.6425802707672119,-0.23032505810260773,0.9994932413101196,-0.05737700313329697,-0.6415532231330872,-0.22672756016254425,0.9994375109672546,0.03943852335214615,-0.6246761083602905,-0.1338312178850174,0.9991163015365601,-0.09902691096067429,-0.6398284435272217,-0.12686565518379211,0.9995447993278503,-0.025513185188174248,-0.5755558609962463,-0.20841071009635925,0.9995911121368408,-0.06393995136022568,-0.5774282217025757,-0.20588119328022003,0.9997308254241943,0.13921725749969482,-0.43285733461380005,-0.06838967651128769,0.9989765882492065,-0.1728190928697586,-0.4454743266105652,-0.0729794129729271,0.9994631409645081,0.20278532803058624,-0.25741493701934814,-0.1704050749540329,0.9594146013259888,-0.17489084601402283,-0.17680177092552185,-0.03981293365359306,0.9103745222091675,0.13547296822071075,-0.43356359004974365,-0.35114964842796326,0.8899396657943726,-0.22524847090244293,-0.010773781687021255,-0.07087153941392899,0.6153372526168823,0.09915155172348022,-0.4764430820941925,-0.4030801057815552,0.8817790746688843,-0.23904602229595184,0.03531751036643982,-0.08559170365333557,0.3897051513195038,0.09715116769075394,-0.5252649784088135,-0.3811646103858948,0.8873030543327332,-0.23871512711048126,0.015970423817634583,-0.12458151578903198,0.4678853452205658,0.1206207349896431,-0.46449118852615356,-0.3506050407886505,0.885133683681488,-0.20922650396823883,-0.010258283466100693,-0.0927530825138092,0.4755740165710449,0.10650572925806046,0.008158491924405098,0.01465598214417696,0.3832564651966095,-0.1074993833899498,-0.013736188411712646,-0.013691315427422523,0.3967077434062958,0.12279395759105682,0.025631951168179512,-0.07621902227401733,0.03428563103079796,-0.13015295565128326,0.06029827147722244,-0.09089415520429611,0.040042612701654434,0.10556153953075409,0.24387362599372864,0.15803901851177216,0.00708158640190959,-0.12106475979089737,0.41959714889526367,0.20497316122055054,0.013641329482197762,0.10116976499557495,0.25482693314552307,0.17686718702316284,0.0045569781213998795,-0.12251743674278259,0.4414060413837433,0.23080740869045258,0.009291386231780052,0.14829152822494507,0.24505116045475006,0.020918313413858414,0.007637967821210623,-0.1578894853591919,0.4557211101055145,0.06393197178840637,0.01283065602183342,23,0.959,0.6620240211486816,0.578060507774353,-1.6585025264248543e-07,,0.6428406834602356,0.5512362718582153,-0.0027884310111403465,,0.6307705044746399,0.5110763907432556,-0.006721435114741325,,0.6236778497695923,0.4825543165206909,-0.012674444355070591,,0.6188163161277771,0.45606085658073425,-0.01737985946238041,,0.6404191255569458,0.4598695933818817,0.002026567468419671,,0.6374423503875732,0.40950581431388855,-0.011179552413523197,,0.6237601041793823,0.4169672429561615,-0.020626656711101532,,0.6162193417549133,0.4334663450717926,-0.024925343692302704,,0.6518375277519226,0.4614892303943634,-0.0029321552719920874,,0.6505174040794373,0.40434086322784424,-0.015820959582924843,,0.6331957578659058,0.4166179895401001,-0.022268736734986305,,0.6247257590293884,0.4373758137226105,-0.023693518713116646,,0.6629660129547119,0.4693722724914551,-0.009778237901628017,,0.6630343794822693,0.4197053909301758,-0.018864409998059273,,0.645271360874176,0.4278663694858551,-0.021484414115548134,,0.6346334218978882,0.4433494210243225,-0.021171635016798973,,0.674613356590271,0.48341527581214905,-0.01734788529574871,,0.6715217232704163,0.44684621691703796,-0.02208738401532173,,0.6574605703353882,0.4442836344242096,-0.022818975150585175,,0.6472975611686707,0.45003798604011536,-0.022228509187698364,
-0.04495869576931,-0.6045197248458862,-0.24015721678733826,0.9995300769805908,-0.026250720024108887,-0.6386715173721313,-0.23333534598350525,0.999278724193573,-0.026569610461592674,-0.6383683681488037,-0.2356831133365631,0.9993231892585754,-0.026462968438863754,-0.638630747795105,-0.23326340317726135,0.9991421103477478,-0.05908489599823952,-0.6424709558486938,-0.23501791059970856,0.9994298219680786,-0.0567810982465744,-0.643057107925415,-0.2357644885778427,0.9994975924491882,-0.057520680129528046,-0.642035961151123,-0.2321760207414627,0.9994407892227173,0.03920465707778931,-0.6249150037765503,-0.13779734075069427,0.9991093873977661,-0.09957729279994965,-0.6398415565490723,-0.132387176156044,0.9995519518852234,-0.025453289970755577,-0.5761566758155823,-0.21363669633865356,0.9995836019515991,-0.06395840644836426,-0.577918291091919,-0.21160073578357697,0.9997292757034302,0.13927996158599854,-0.43273237347602844,-0.0728897973895073,0.9989778995513916,-0.17349711060523987,-0.44458749890327454,-0.0782139003276825,0.9994778037071228,0.20276673138141632,-0.2554210126399994,-0.17600442469120026,0.9628754258155823,-0.1751025915145874,-0.17692984640598297,-0.04344766587018967,0.9126598834991455,0.13453340530395508,-0.43214312195777893,-0.35741475224494934,0.9007942080497742,-0.22585929930210114,-0.01101012621074915,-0.07221068441867828,0.6131188869476318,0.0977107584476471,-0.47665414214134216,-0.4076942503452301,0.8928959965705872,-0.23939618468284607,0.034594614058732986,-0.08577882498502731,0.3847016394138336,0.09581263363361359,-0.5257918238639832,-0.385424941778183,0.8977817893028259,-0.24012437462806702,0.015148140490055084,-0.12507885694503784,0.46361103653907776,0.11950403451919556,-0.463429719209671,-0.3563178777694702,0.8958354592323303,-0.2100122720003128,-0.010663647204637527,-0.09426286071538925,0.4712895154953003,0.10654642432928085,0.008156987838447094,0.015383832156658173,0.37926846742630005,-0.10756009817123413,-0.013754140585660934,-0.014364093542098999,0.39359405636787415,0.12260391563177109,0.02615116536617279,-0.070465587079525,0.03403468802571297,-0.13009454309940338,0.06090006232261658,-0.0927535742521286,0.039334360510110855,0.10569611936807632,0.24294018745422363,0.1631474494934082,0.007022707257419825,-0.12277678400278091,0.41936975717544556,0.20487236976623535,0.013215622864663601,0.10127604007720947,0.25381043553352356,0.1820296198129654,0.004521331284195185,-0.1245221421122551,0.44112536311149597,0.23107706010341644,0.009124621748924255,0.14878013730049133,0.24365873634815216,0.026544028893113136,0.0075569734908640385,-0.15983670949935913,0.4553945064544678,0.06379520893096924,0.01250339113175869,24,1.001,0.6624797582626343,0.5799669623374939,-1.705169410115559e-07,,0.6435505151748657,0.5548568367958069,-0.0033488464541733265,,0.6311317682266235,0.5139265060424805,-0.007499047089368105,,0.6235516667366028,0.48535260558128357,-0.013595630414783955,,0.6189400553703308,0.45900267362594604,-0.01843102276325226,,0.6409792900085449,0.4623328447341919,0.0011047766311094165,,0.6379716992378235,0.4116516411304474,-0.012598471716046333,,0.6243048906326294,0.41915541887283325,-0.022197291254997253,,0.6166316270828247,0.43563979864120483,-0.026573320850729942,,0.652615487575531,0.46413734555244446,-0.003707169322296977,,0.6514667868614197,0.4073273539543152,-0.017328213900327682,,0.6338996291160583,0.4203259348869324,-0.023863712325692177,,0.6251322031021118,0.44145911931991577,-0.025195684283971786,,0.6639087200164795,0.4721241593360901,-0.010465804487466812,,0.6637214422225952,0.42316892743110657,-0.020315777510404587,,0.6453343033790588,0.43284180760383606,-0.02293851412832737,,0.6343966722488403,0.44884365797042847,-0.02242567017674446,,0.6756249070167542,0.4860016405582428,-0.017968470230698586,,0.67246413230896,0.44926032423973083,-0.023245736956596375,,0.657792329788208,0.4478638172149658,-0.024112984538078308,,0.6473551988601685,0.4542543888092041,-0.023525504395365715,
-0.04492143169045448,-0.6056315302848816,-0.24350546300411224,0.9995415806770325,-0.026235336437821388,-0.6396499276161194,-0.23663485050201416,0.9992961883544922,-0.026554470881819725,-0.6393404603004456,-0.2389848828315735,0.9993416666984558,-0.02644633874297142,-0.6396024823188782,-0.2365524023771286,0.9991613626480103,-0.059108782559633255,-0.6433550119400024,-0.2379039078950882,0.9994446635246277,-0.056804265826940536,-0.6439406275749207,-0.23866121470928192,0.9995129108428955,-0.05754135176539421,-0.6429275870323181,-0.2350679486989975,0.9994561672210693,0.03966519609093666,-0.6253272294998169,-0.14140231907367706,0.9991282224655151,-0.09951378405094147,-0.6398782134056091,-0.13423311710357666,0.9995675683021545,-0.02515316754579544,-0.5770451426506042,-0.21734312176704407,0.9995895624160767,-0.06383181363344193,-0.5786457657814026,-0.21475571393966675,0.9997358918190002,0.14189372956752777,-0.4324079751968384,-0.07773391902446747,0.9989866018295288,-0.1731579750776291,-0.4439212381839752,-0.08009414374828339,0.999495804309845,0.2028384804725647,-0.2507280111312866,-0.184041365981102,0.9660919904708862,-0.1745704859495163,-0.17746564745903015,-0.04417169839143753,0.9157431721687317,0.13415281474590302,-0.4245145320892334,-0.36476370692253113,0.9105863571166992,-0.22583623230457306,-0.013847783207893372,-0.07218585163354874,0.6156744360923767,0.09726624190807343,-0.4681021571159363,-0.4141364097595215,0.9029607176780701,-0.23929832875728607,0.031119482591748238,-0.08537327498197556,0.38295114040374756,0.09556401520967484,-0.5175297856330872,-0.3920038044452667,0.9072791337966919,-0.24028000235557556,0.011487418785691261,-0.12502197921276093,0.4626152515411377,0.11905449628829956,-0.45572689175605774,-0.36346620321273804,0.9055322408676147,-0.2100321650505066,-0.013822497799992561,-0.09429722279310226,0.47083303332328796,0.10677408427000046,0.008196773938834667,0.015843769535422325,0.37469571828842163,-0.10781595855951309,-0.01382434368133545,-0.014818403869867325,0.3906721770763397,0.12222974747419357,0.025661824271082878,-0.06911973655223846,0.03344804048538208,-0.1302015632390976,0.05751495808362961,-0.10018008202314377,0.03875286504626274,0.10505086183547974,0.24161973595619202,0.16785013675689697,0.006905481219291687,-0.12627752125263214,0.41702792048454285,0.19974122941493988,0.01286716666072607,0.10063543915748596,0.252250611782074,0.18680943548679352,0.004449435509741306,-0.12823204696178436,0.4384724497795105,0.22623072564601898,0.008937126956880093,0.14893902838230133,0.24114781618118286,0.030499175190925598,0.007417574990540743,-0.16264036297798157,0.4522765278816223,0.05527091026306152,0.012218626216053963,25,1.042,0.6623699069023132,0.5998991131782532,-2.6149015752707783e-07,,0.6436797380447388,0.5727745890617371,-0.0011144450400024652,,0.6323479413986206,0.5282928347587585,-0.002603039378300309,,0.6270318031311035,0.499566912651062,-0.00661833630874753,,0.6244506239891052,0.47595807909965515,-0.009324685670435429,,0.6408051252365112,0.4706510007381439,0.005158604588359594,,0.6316670179367065,0.4316684603691101,-0.0075953067280352116,,0.6188417077064514,0.45161646604537964,-0.016650350764393806,,0.6158970594406128,0.47689077258110046,-0.020517287775874138,,0.6524235606193542,0.4726090729236603,8.877373329596594e-05,,0.6450819969177246,0.4302506148815155,-0.01122253853827715,,0.6298749446868896,0.4548780620098114,-0.015424134209752083,,0.6264944076538086,0.48068752884864807,-0.015306221321225166,,0.6645985841751099,0.4830404222011566,-0.006948862690478563,,0.6585584878921509,0.444235622882843,-0.015308782458305359,,0.6427120566368103,0.46456843614578247,-0.014569120481610298,,0.6377065181732178,0.48628801107406616,-0.011741265654563904,,0.6767724752426147,0.5012024641036987,-0.014739768579602242,,0.670140266418457,0.4706977903842926,-0.01863652653992176,,0.6550190448760986,0.474162220954895,-0.016866331920027733,,0.647568941116333,0.4843723475933075,-0.01404932327568531,
-0.04563191533088684,-0.608450710773468,-0.2436903715133667,0.9995353817939758,-0.02736044116318226,-0.6428925395011902,-0.23742219805717468,0.9992918372154236,-0.027686981484293938,-0.6425936818122864,-0.2397688776254654,0.999335527420044,-0.027552200481295586,-0.6428587436676025,-0.2373429387807846,0.9991560578346252,-0.060544393956661224,-0.6460680365562439,-0.23792308568954468,0.9994401931762695,-0.05825701728463173,-0.6466813087463379,-0.23868116736412048,0.9995076656341553,-0.058977752923965454,-0.6456587910652161,-0.2351028174161911,0.9994525909423828,0.03987627103924751,-0.6279138922691345,-0.1458696573972702,0.9991151094436646,-0.09957300871610641,-0.6401864886283875,-0.1338280588388443,0.9995662569999695,-0.025101572275161743,-0.5793688297271729,-0.2186093032360077,0.9995841383934021,-0.06390306353569031,-0.5802862644195557,-0.21470405161380768,0.9997349381446838,0.1429920196533203,-0.432361364364624,-0.08076848089694977,0.9989639520645142,-0.17277748882770538,-0.443934828042984,-0.08134821057319641,0.9994974732398987,0.20394624769687653,-0.2510966956615448,-0.18695268034934998,0.9683414101600647,-0.17464932799339294,-0.174944207072258,-0.045989200472831726,0.9172148108482361,0.1346471905708313,-0.41560328006744385,-0.36864733695983887,0.9191630482673645,-0.2264554351568222,-0.015480793081223965,-0.078387051820755,0.616822361946106,0.09800772368907928,-0.45153355598449707,-0.4197101593017578,0.9111104011535645,-0.23989562690258026,0.028568023815751076,-0.09428711980581284,0.38512298464775085,0.09562209248542786,-0.49922481179237366,-0.40023303031921387,0.9148858189582825,-0.23990045487880707,0.007116665132343769,-0.13407622277736664,0.46517273783683777,0.11919187754392624,-0.44460153579711914,-0.3692532479763031,0.913390576839447,-0.21024781465530396,-0.01602967269718647,-0.10049974918365479,0.47285395860671997,0.10694250464439392,0.008236798457801342,0.01600075140595436,0.3673568069934845,-0.10799406468868256,-0.013952489010989666,-0.014960085973143578,0.3830472230911255,0.12042291462421417,0.025307219475507736,-0.06525195389986038,0.03346598520874977,-0.13014262914657593,0.05785238370299339,-0.10279832780361176,0.039705585688352585,0.10229825228452682,0.2409391701221466,0.17512041330337524,0.006928802467882633,-0.1269419938325882,0.41670674085617065,0.1889514923095703,0.012806656770408154,0.09813054651021957,0.2516629993915558,0.19435706734657288,0.004444495774805546,-0.12897635996341705,0.43807265162467957,0.21475890278816223,0.00885433703660965,0.14859609305858612,0.2405400276184082,0.037742264568805695,0.0074333734810352325,-0.16308429837226868,0.451973021030426,0.04452911391854286,0.012246023863554,26,1.084,0.6643964648246765,0.6233891248703003,-3.194965358943591e-07,,0.6452745199203491,0.5957228541374207,-0.0006690644659101963,,0.6338546276092529,0.5486476421356201,-0.00104037718847394,,0.6295213103294373,0.5187895894050598,-0.0039707208052277565,,0.6283065676689148,0.49588701128959656,-0.005605182610452175,,0.6464831233024597,0.4863939583301544,0.006693330127745867,,0.6358347535133362,0.45332619547843933,-0.004901165142655373,,0.6230300664901733,0.48154351115226746,-0.013136683031916618,,0.6208649277687073,0.5092057585716248,-0.016720011830329895,,0.6580156683921814,0.4904252290725708,0.0014832621673122048,,0.6438353657722473,0.45959001779556274,-0.008898057043552399,,0.6291921734809875,0.49111104011535645,-0.012706744484603405,,0.6272880434989929,0.5184075832366943,-0.012580853886902332,,0.6692278385162354,0.5024409294128418,-0.005689761135727167,,0.6554224491119385,0.47672832012176514,-0.014095865190029144,,0.6408948302268982,0.504345715045929,-0.01247431617230177,,0.6385371685028076,0.5290600657463074,-0.00902644358575344,,0.679560124874115,0.5218415260314941,-0.013552356511354446,,0.6660545468330383,0.4991265535354614,-0.017017897218465805,,0.6525753736495972,0.5130660533905029,-0.013755113817751408,,0.6495423913002014,0.530604898929596,-0.009789719246327877,
-0.04598351567983627,-0.6120684742927551,-0.24570974707603455,0.9995322823524475,-0.027761073783040047,-0.6468033194541931,-0.23975415527820587,0.9992977380752563,-0.02809593826532364,-0.6465050578117371,-0.24213048815727234,0.999340832233429,-0.027939148247241974,-0.6467676758766174,-0.23970197141170502,0.9991652369499207,-0.061279553920030594,-0.6497368216514587,-0.23910990357398987,0.999440610408783,-0.059007082134485245,-0.6503744721412659,-0.23982705175876617,0.9995058178901672,-0.05971533805131912,-0.6493549346923828,-0.2362624704837799,0.9994521141052246,0.0427873320877552,-0.6300182342529297,-0.15038244426250458,0.9991170763969421,-0.09885629266500473,-0.6409469842910767,-0.1333247572183609,0.9995661973953247,-0.02466452680528164,-0.5820709466934204,-0.22176742553710938,0.9995784759521484,-0.06380755454301834,-0.5826419591903687,-0.21603739261627197,0.9997309446334839,0.1478634923696518,-0.43107861280441284,-0.08548923581838608,0.9989091157913208,-0.17003095149993896,-0.4439128041267395,-0.0811057910323143,0.9994840025901794,0.20484542846679688,-0.2409617304801941,-0.19365344941616058,0.9698004126548767,-0.17536410689353943,-0.17335759103298187,-0.04388827830553055,0.915673017501831,0.13528282940387726,-0.39793217182159424,-0.3788875937461853,0.9266650676727295,-0.22849032282829285,-0.02240167371928692,-0.0757378488779068,0.6089881062507629,0.09889058768749237,-0.43029850721359253,-0.4296415448188782,0.9178245663642883,-0.24175231158733368,0.019301744177937508,-0.0911332368850708,0.3805712163448334,0.09577728062868118,-0.4781144857406616,-0.4122242331504822,0.9210894107818604,-0.240677610039711,-0.00460861437022686,-0.13104653358459473,0.4606460928916931,0.11933725327253342,-0.4260546863079071,-0.38072240352630615,0.919852077960968,-0.21204419434070587,-0.023989766836166382,-0.09773895889520645,0.4680784046649933,0.10714501142501831,0.008324475027620792,0.01601024717092514,0.35746702551841736,-0.10814185440540314,-0.01415926218032837,-0.014961491338908672,0.37264764308929443,0.11985959112644196,0.024998262524604797,-0.06449159979820251,0.03431355208158493,-0.13004949688911438,0.05551402270793915,-0.102752685546875,0.041480038315057755,0.1013106182217598,0.24208328127861023,0.17703495919704437,0.0072304620407521725,-0.12685607373714447,0.41574886441230774,0.18909040093421936,0.013035831041634083,0.09724927693605423,0.25361689925193787,0.19626151025295258,0.004564582835882902,-0.12886829674243927,0.4366486966609955,0.215325728058815,0.008933991193771362,0.1486162394285202,0.24010322988033295,0.0371316559612751,0.007701450493186712,-0.16293421387672424,0.44732174277305603,0.04427274316549301,0.012515728361904621,27,1.126,0.6653692722320557,0.6607664227485657,-3.771525314277824e-07,,0.6456518769264221,0.6256332993507385,-0.0015580217586830258,,0.6375274658203125,0.567046582698822,-0.0019480549963191152,,0.6396627426147461,0.5274292230606079,-0.004187395796179771,,0.6447622179985046,0.49693772196769714,-0.005262785125523806,,0.6504319310188293,0.5061550736427307,0.006132598500698805,,0.630915641784668,0.49808454513549805,-0.005655854009091854,,0.6229236721992493,0.532800555229187,-0.014637738466262817,,0.6230307221412659,0.5581951141357422,-0.018749142065644264,,0.6621934175491333,0.513264000415802,0.0014765047235414386,,0.6411974430084229,0.5085964202880859,-0.008515446446835995,,0.6324430704116821,0.5435473918914795,-0.012451553717255592,,0.6314494013786316,0.568687915802002,-0.012840467505156994,,0.6737111806869507,0.5304411053657532,-0.005119905341416597,,0.6540178656578064,0.5284140110015869,-0.014041020534932613,,0.6456630229949951,0.5602232813835144,-0.011919482611119747,,0.6453616619110107,0.581447184085846,-0.008373413234949112,,0.6837388873100281,0.554859459400177,-0.012457567267119884,,0.6668679714202881,0.5479093790054321,-0.016090745106339455,,0.6589445471763611,0.5679652690887451,-0.01205136626958847,,0.6590395569801331,0.581897497177124,-0.00747560104355216,
-0.038555581122636795,-0.6132572889328003,-0.2552616596221924,0.9994803071022034,-0.020406458526849747,-0.6480032801628113,-0.24977144598960876,0.9992557168006897,-0.020814474672079086,-0.6476938724517822,-0.25236785411834717,0.9993054270744324,-0.0205161701887846,-0.6479490399360657,-0.2499350607395172,0.9991316199302673,-0.05461655184626579,-0.6507264971733093,-0.24746902287006378,0.9993782043457031,-0.05242682993412018,-0.6513936519622803,-0.24792397022247314,0.9994379281997681,-0.053078386932611465,-0.6503773331642151,-0.24429716169834137,0.999377965927124,0.05889778211712837,-0.6300328969955444,-0.1632310152053833,0.9990618824958801,-0.08611913025379181,-0.6404667496681213,-0.13751398026943207,0.9994871616363525,-0.01308424212038517,-0.5827720165252686,-0.23264089226722717,0.9995269179344177,-0.05360190570354462,-0.5831365585327148,-0.22418710589408875,0.999677836894989,0.161334827542305,-0.4289659559726715,-0.09747390449047089,0.9988253712654114,-0.15635265409946442,-0.44371703267097473,-0.08463166654109955,0.9993761777877808,0.2122480273246765,-0.22503826022148132,-0.2027832716703415,0.9676898717880249,-0.17083105444908142,-0.17460645735263824,-0.04406072199344635,0.8975816965103149,0.1423710137605667,-0.34025198221206665,-0.39956343173980713,0.9317470192909241,-0.2231922149658203,-0.0453086793422699,-0.08540690690279007,0.5780010223388672,0.10767032951116562,-0.3597433865070343,-0.4484885036945343,0.9206960201263428,-0.2362194061279297,-0.007741210516542196,-0.10036797821521759,0.3641727864742279,0.10166217386722565,-0.4043978452682495,-0.4349231719970703,0.923495352268219,-0.23567652702331543,-0.03391063213348389,-0.13852441310882568,0.44299256801605225,0.12486984580755234,-0.3634586036205292,-0.4027775526046753,0.9223514795303345,-0.20782910287380219,-0.047026410698890686,-0.10705777257680893,0.4491502046585083,0.10744651407003403,0.008462144061923027,0.015989141538739204,0.3442312777042389,-0.10819222033023834,-0.01452530175447464,-0.014846623875200748,0.3576865494251251,0.11981285363435745,0.0182502344250679,-0.06348484754562378,0.03635116666555405,-0.12872961163520813,0.029284296557307243,-0.1070142388343811,0.044510792940855026,0.10126576572656631,0.242173969745636,0.18679404258728027,0.008119993843138218,-0.12341615557670593,0.4069209098815918,0.18172642588615417,0.01402201782912016,0.09726542234420776,0.254681795835495,0.2075098156929016,0.0051774922758340836,-0.12399718910455704,0.4250611960887909,0.2103470414876938,0.00971802044659853,0.14899426698684692,0.23127390444278717,0.0365988165140152,0.008627692237496376,-0.14949089288711548,0.42405012249946594,0.034955356270074844,0.013696147128939629,28,1.167,0.6694622039794922,0.6743897795677185,-3.74941919289995e-07,,0.6473857164382935,0.6455345749855042,-0.0011176604311913252,,0.6337581276893616,0.6135897040367126,-0.005673162639141083,,0.6274073123931885,0.6034162044525146,-0.011476464569568634,,0.6271425485610962,0.6075347661972046,-0.017769085243344307,,0.6567276120185852,0.5466130971908569,-0.003797670593485236,,0.6347509622573853,0.5646911263465881,-0.012699891813099384,,0.6239465475082397,0.6000734567642212,-0.021690733730793,,0.6233435273170471,0.6279101967811584,-0.026753723621368408,,0.6701301336288452,0.5613355040550232,-0.008215106092393398,,0.6453399062156677,0.5886889100074768,-0.012237454764544964,,0.6332775354385376,0.6191192865371704,-0.01637089252471924,,0.6308135986328125,0.6436874270439148,-0.019659986719489098,,0.680702269077301,0.5858795046806335,-0.01283352542668581,,0.6569027304649353,0.6115217804908752,-0.015907401219010353,,0.6458436846733093,0.6389893889427185,-0.015189177356660366,,0.6440375447273254,0.6583011746406555,-0.014876914210617542,,0.6879926919937134,0.6158300042152405,-0.017849119380116463,,0.6685305237770081,0.6319438815116882,-0.018758060410618782,,0.6580452919006348,0.6508218050003052,-0.014171549119055271,,0.6550654768943787,0.664505660533905,-0.010153810493648052,
-0.030292458832263947,-0.6195634007453918,-0.2613217532634735,0.9994412660598755,-0.012301337905228138,-0.6544317007064819,-0.2562977373600006,0.9992241263389587,-0.012772692367434502,-0.6541192531585693,-0.2588079571723938,0.9992801547050476,-0.012388776987791061,-0.6543421149253845,-0.25641757249832153,0.9991157054901123,-0.04711122065782547,-0.6568917632102966,-0.25388720631599426,0.9993191361427307,-0.04498738795518875,-0.6575983166694641,-0.25428497791290283,0.9993696212768555,-0.04560982435941696,-0.6565577387809753,-0.25053566694259644,0.9993046522140503,0.06885642558336258,-0.6338708996772766,-0.17108522355556488,0.9990171194076538,-0.07703530043363571,-0.6425698399543762,-0.1427271068096161,0.9993929266929626,-0.003524486906826496,-0.5881397128105164,-0.23853716254234314,0.9994939565658569,-0.044822707772254944,-0.5882961750030518,-0.22931750118732452,0.9996320605278015,0.16677111387252808,-0.43018975853919983,-0.10803917795419693,0.9988187551498413,-0.14863066375255585,-0.44544747471809387,-0.08602072298526764,0.9992605447769165,0.21542121469974518,-0.21565647423267365,-0.20229680836200714,0.9671306014060974,-0.15686127543449402,-0.17672933638095856,-0.043591395020484924,0.8879863023757935,0.14622171223163605,-0.25325486063957214,-0.3992488384246826,0.9356586337089539,-0.20533078908920288,-0.04310037940740585,-0.08918371051549911,0.571812093257904,0.11760646104812622,-0.2515757083892822,-0.44834548234939575,0.9221028089523315,-0.21803414821624756,0.0029013229068368673,-0.10601881146430969,0.366081565618515,0.10657327622175217,-0.28625601530075073,-0.4423098862171173,0.9247934222221375,-0.21679294109344482,-0.018065502867102623,-0.142659991979599,0.44360625743865967,0.1284453570842743,-0.26795685291290283,-0.4048680365085602,0.9235590100288391,-0.19299936294555664,-0.038733288645744324,-0.10957352817058563,0.44993552565574646,0.10787808895111084,0.008089182898402214,0.014035996980965137,0.34343111515045166,-0.10829634219408035,-0.014338054694235325,-0.012672257609665394,0.3511917293071747,0.12007854133844376,0.020404592156410217,-0.05912688001990318,0.03732578456401825,-0.1267351359128952,0.030056994408369064,-0.10668406635522842,0.045799221843481064,0.1080416589975357,0.2529554069042206,0.18813009560108185,0.008555815555155277,-0.10224581509828568,0.4066890478134155,0.1690366566181183,0.014078028500080109,0.10574113577604294,0.266166627407074,0.20822620391845703,0.005500142462551594,-0.09692920744419098,0.42444586753845215,0.19797556102275848,0.009882117621600628,0.1528501808643341,0.2340632975101471,0.03221995010972023,0.009112642146646976,-0.10783159732818604,0.4259335994720459,0.02204297110438347,0.013917948119342327,29,1.209,,,,,,,,,,,,,,,,,,,,,,,,,,,,,,,,,,,,,,,,,,,,,,,,,,,,,,,,,,,,,,,,,,,,,,,,,,,,,,,,,,,,
-0.018170975148677826,-0.6271693706512451,-0.2697123885154724,0.9991719126701355,0.0006830692291259766,-0.6616940498352051,-0.2623949348926544,0.9988808035850525,0.00018861448916140944,-0.6613905429840088,-0.26468026638031006,0.9990015029907227,0.0007175676873885095,-0.6615621447563171,-0.2624650001525879,0.9988420009613037,-0.035241223871707916,-0.6633185744285583,-0.2611011862754822,0.9988760352134705,-0.033210474997758865,-0.6641127467155457,-0.2612057328224182,0.998927652835846,-0.03378789499402046,-0.6630876660346985,-0.2572794556617737,0.9988300204277039,0.07897897809743881,-0.6368469595909119,-0.1745160073041916,0.9987020492553711,-0.06783109903335571,-0.6428118348121643,-0.14715810120105743,0.9987819790840149,0.006560600828379393,-0.5944815874099731,-0.24545925855636597,0.999313235282898,-0.03559240698814392,-0.5936758518218994,-0.23646806180477142,0.9993675351142883,0.16833949089050293,-0.43555930256843567,-0.11467250436544418,0.9987543225288391,-0.14205612242221832,-0.4454990029335022,-0.08623513579368591,0.9987772107124329,0.2267061322927475,-0.22083087265491486,-0.17121359705924988,0.9601374268531799,-0.14817821979522705,-0.18578991293907166,-0.041451308876276016,0.8654405474662781,0.14735199511051178,-0.1423914134502411,-0.329054594039917,0.9039667844772339,-0.18953056633472443,-0.03530820831656456,-0.1033722460269928,0.5510873794555664,0.12181979417800903,-0.10881947726011276,-0.3697222173213959,0.8831017017364502,-0.20112784206867218,0.017608555033802986,-0.1235809326171875,0.3628355860710144,0.10583727061748505,-0.13111886382102966,-0.39021769165992737,0.8905513286590576,-0.20330488681793213,0.009429354220628738,-0.15725521743297577,0.4381052255630493,0.1284138709306717,-0.14341521263122559,-0.3443368673324585,0.8849520683288574,-0.18346785008907318,-0.02035515569150448,-0.12102413922548294,0.442049115896225,0.10725532472133636,0.005081585608422756,0.003959757275879383,0.33431628346443176,-0.10718819499015808,-0.012466216459870338,-0.0020616590045392513,0.33539366722106934,0.11290799826383591,0.023701637983322144,-0.05696485936641693,0.04785257205367088,-0.10964901745319366,0.07415123283863068,-0.10005617141723633,0.056350063532590866,0.11843199282884598,0.2805206775665283,0.18792982399463654,0.01090485230088234,-0.07573200762271881,0.43870973587036133,0.15424585342407227,0.01735522784292698,0.11834976077079773,0.2975902557373047,0.20832888782024384,0.0066499533131718636,-0.06852731853723526,0.4567352831363678,0.18466660380363464,0.011971702799201012,0.15697191655635834,0.2710062265396118,0.021504761651158333,0.011845404282212257,-0.08917959779500961,0.47363245487213135,0.014735900796949863,0.017427613958716393,30,1.251,,,,,,,,,,,,,,,,,,,,,,,,,,,,,,,,,,,,,,,,,,,,,,,,,,,,,,,,,,,,,,,,,,,,,,,,,,,,,,,,,,,,
-0.015971479937434196,-0.6295762658119202,-0.27706021070480347,0.9989335536956787,0.002481140661984682,-0.6639010906219482,-0.2685554325580597,0.9985405206680298,0.0020141960121691227,-0.6636026501655579,-0.27065542340278625,0.99870765209198,0.00256601395085454,-0.6637422442436218,-0.2685588002204895,0.9985299110412598,-0.03329791501164436,-0.6649861931800842,-0.2678610682487488,0.9985232949256897,-0.03125679865479469,-0.6658008098602295,-0.2679227590560913,0.9986062049865723,-0.031851284205913544,-0.6648043394088745,-0.26394587755203247,0.9984884858131409,0.07929378002882004,-0.6376699209213257,-0.17976589500904083,0.9983893632888794,-0.06641703099012375,-0.6420580744743347,-0.15382882952690125,0.9983792304992676,0.007974737323820591,-0.5965801477432251,-0.25244107842445374,0.9991608262062073,-0.03401715308427811,-0.5949822068214417,-0.24406737089157104,0.9991969466209412,0.1679724007844925,-0.4381638467311859,-0.12099308520555496,0.9985834956169128,-0.14139266312122345,-0.44409582018852234,-0.08991766721010208,0.9983950257301331,0.2259582281112671,-0.2225533425807953,-0.14847232401371002,0.9503701329231262,-0.1490904837846756,-0.18752938508987427,-0.05469372868537903,0.841765284538269,0.14801311492919922,-0.09581471979618073,-0.2773670554161072,0.8605777025222778,-0.17415998876094818,-0.034258898347616196,-0.15614891052246094,0.5249848961830139,0.12643593549728394,-0.05409512296319008,-0.3152695894241333,0.8344714641571045,-0.17975690960884094,0.017103945836424828,-0.18365564942359924,0.3536989986896515,0.10569281131029129,-0.0724983736872673,-0.3426898717880249,0.8468176126480103,-0.17982883751392365,0.008914127945899963,-0.21299433708190918,0.4263443648815155,0.12840650975704193,-0.09350063651800156,-0.29548659920692444,0.8378896713256836,-0.1682240217924118,-0.020304612815380096,-0.17204181849956512,0.42785730957984924,0.10571008175611496,0.0007758582942187786,0.0001851655397331342,0.32047924399375916,-0.10561976581811905,-0.00922786071896553,0.0018053831299766898,0.31985631585121155,0.11266542226076126,0.023619145154953003,-0.05465760827064514,0.05474505573511124,-0.09432238340377808,0.10946886241436005,-0.09879294037818909,0.06409935653209686,0.13558395206928253,0.2770005464553833,0.18746913969516754,0.011857770383358002,-0.06563335657119751,0.4468206465244293,0.14019915461540222,0.01964835450053215,0.1370537132024765,0.2936166822910309,0.20810264348983765,0.007296283263713121,-0.05919969081878662,0.4653366506099701,0.16894716024398804,0.013629170134663582,0.17478828132152557,0.2762763500213623,0.021721988916397095,0.01314849779009819,-0.08429008722305298,0.4927554130554199,0.0035511476453393698,0.019914939999580383,31,1.292,,,,,,,,,,,,,,,,,,,,,,,,,,,,,,,,,,,,,,,,,,,,,,,,,,,,,,,,,,,,,,,,,,,,,,,,,,,,,,,,,,,,
-0.01671339012682438,-0.6288118958473206,-0.28259825706481934,0.9988946914672852,0.0019189787562936544,-0.6631548404693604,-0.27366766333580017,0.9984540939331055,0.0014903302071616054,-0.6628578901290894,-0.2755289077758789,0.9986370205879211,0.0020217755809426308,-0.6630169749259949,-0.27358266711235046,0.9984367489814758,-0.03377827629446983,-0.6645040512084961,-0.2738592326641083,0.9984297752380371,-0.03170761838555336,-0.6653018593788147,-0.2739339768886566,0.9985270500183105,-0.03231125324964523,-0.6642999649047852,-0.26999154686927795,0.9983780980110168,0.07757610827684402,-0.6370344161987305,-0.18496936559677124,0.9983136653900146,-0.06763765960931778,-0.6394054293632507,-0.16023685038089752,0.998253345489502,0.00661412812769413,-0.596183717250824,-0.25755804777145386,0.9991327524185181,-0.03521193191409111,-0.5947481989860535,-0.24986648559570312,0.9991704225540161,0.16731588542461395,-0.4380578100681305,-0.1257835477590561,0.9984669089317322,-0.14274881780147552,-0.4404512643814087,-0.09972816705703735,0.9982084631919861,0.22278694808483124,-0.20365141332149506,-0.13443633913993835,0.9284132122993469,-0.15024085342884064,-0.191141277551651,-0.07018525153398514,0.8149291276931763,0.18711014091968536,-0.012431840412318707,-0.24150598049163818,0.7922576069831848,-0.18024249374866486,-0.028701115399599075,-0.17010074853897095,0.48694971203804016,0.18937045335769653,0.0478600449860096,-0.27155667543411255,0.7662801742553711,-0.18777631223201752,0.02801218256354332,-0.19073458015918732,0.3322043716907501,0.16005481779575348,0.04570746049284935,-0.31063127517700195,0.7828388810157776,-0.1872442215681076,0.033285532146692276,-0.2281961441040039,0.4019467532634735,0.16772443056106567,0.0002741392236202955,-0.2641221284866333,0.7725061178207397,-0.17070609331130981,-0.007889698259532452,-0.18919634819030762,0.4021579325199127,0.10393115878105164,-0.0030586118809878826,-0.0005648606456816196,0.29980865120887756,-0.10400094091892242,-0.005999630317091942,0.0025186820421367884,0.30059802532196045,0.09686310589313507,0.018450608476996422,-0.0377337746322155,0.05615047365427017,-0.08608070015907288,0.1253894716501236,-0.1119060292840004,0.06851022690534592,0.13979658484458923,0.27399882674217224,0.1991320550441742,0.01214683149009943,-0.07268891483545303,0.4551803171634674,0.12172327190637589,0.021624017506837845,0.14263223111629486,0.290204793214798,0.22133181989192963,0.007428351789712906,-0.06826812028884888,0.47485050559043884,0.15237312018871307,0.014640206471085548,0.18266205489635468,0.27652907371520996,0.030077578499913216,0.013746335171163082,-0.09227930754423141,0.501208484172821,-0.014892741106450558,0.021886955946683884,32,1.334,,,,,,,,,,,,,,,,,,,,,,,,,,,,,,,,,,,,,,,,,,,,,,,,,,,,,,,,,,,,,,,,,,,,,,,,,,,,,,,,,,,,
-0.019869251176714897,-0.6288637518882751,-0.2850511372089386,0.9988934993743896,-0.0009014636161737144,-0.6632377505302429,-0.2754661738872528,0.9984148144721985,-0.0012827453901991248,-0.6629320979118347,-0.27719858288764954,0.9986032247543335,-0.0007026405655778944,-0.6630594730377197,-0.2753375172615051,0.998384416103363,-0.03738775476813316,-0.6643944382667542,-0.27675873041152954,0.998399555683136,-0.03529294952750206,-0.6651793718338013,-0.27686843276023865,0.9985067844390869,-0.03588993474841118,-0.6641797423362732,-0.272982656955719,0.9983370304107666,0.07105997949838638,-0.6372100710868835,-0.18487805128097534,0.9982781410217285,-0.07696012407541275,-0.6386118531227112,-0.16364851593971252,0.9982154965400696,0.0010152594186365604,-0.5962913036346436,-0.25897160172462463,0.9991315603256226,-0.04177100583910942,-0.5946103930473328,-0.2526084780693054,0.9991768598556519,0.15775546431541443,-0.4392303228378296,-0.12341242283582687,0.9983441829681396,-0.15527522563934326,-0.4381702244281769,-0.10521634668111801,0.9980284571647644,0.21166960895061493,-0.20221927762031555,-0.11611994355916977,0.9025906920433044,-0.1604594886302948,-0.19236092269420624,-0.07843443006277084,0.7940365672111511,0.20532086491584778,-0.011271363124251366,-0.22195598483085632,0.7261215448379517,-0.19608460366725922,-0.021092768758535385,-0.1774987280368805,0.45187848806381226,0.21455828845500946,0.05004486069083214,-0.25263023376464844,0.7013373970985413,-0.20521457493305206,0.03909604251384735,-0.19643694162368774,0.3119441270828247,0.1869579404592514,0.05043204501271248,-0.29622188210487366,0.7212610840797424,-0.20612189173698425,0.04967574030160904,-0.2378910332918167,0.3791542053222656,0.1876833438873291,0.0027502600569278,-0.2473360002040863,0.7100871205329895,-0.19103144109249115,0.0026583888102322817,-0.19818659126758575,0.3781261742115021,0.10348320752382278,-0.006499276962131262,-0.0005561744328588247,0.28086960315704346,-0.10369143635034561,-0.0029796184971928596,0.0024722593370825052,0.2839781641960144,0.08748790621757507,0.006456248927861452,-0.027920817956328392,0.05870351940393448,-0.08571982383728027,0.1412045955657959,-0.11481809616088867,0.07391969859600067,0.13939747214317322,0.2702554166316986,0.21779072284698486,0.01252644695341587,-0.07338199764490128,0.46529731154441833,0.1268528699874878,0.024100733920931816,0.14205878973007202,0.28758373856544495,0.24146674573421478,0.007562199141830206,-0.07251819968223572,0.48573967814445496,0.1577475368976593,0.015564397908747196,0.18503986299037933,0.27310219407081604,0.048619404435157776,0.014558869414031506,-0.11210275441408157,0.514906108379364,-0.011728152632713318,0.024292128160595894,33,1.376,,,,,,,,,,,,,,,,,,,,,,,,,,,,,,,,,,,,,,,,,,,,,,,,,,,,,,,,,,,,,,,,,,,,,,,,,,,,,,,,,,,,
