pose_world_0_x,pose_world_0_y,pose_world_0_z,pose_world_0_visibility,pose_world_1_x,pose_world_1_y,pose_world_1_z,pose_world_1_visibility,pose_world_2_x,pose_world_2_y,pose_world_2_z,pose_world_2_visibility,pose_world_3_x,pose_world_3_y,pose_world_3_z,pose_world_3_visibility,pose_world_4_x,pose_world_4_y,pose_world_4_z,pose_world_4_visibility,pose_world_5_x,pose_world_5_y,pose_world_5_z,pose_world_5_visibility,pose_world_6_x,pose_world_6_y,pose_world_6_z,pose_world_6_visibility,pose_world_7_x,pose_world_7_y,pose_world_7_z,pose_world_7_visibility,pose_world_8_x,pose_world_8_y,pose_world_8_z,pose_world_8_visibility,pose_world_9_x,pose_world_9_y,pose_world_9_z,pose_world_9_visibility,pose_world_10_x,pose_world_10_y,pose_world_10_z,pose_world_10_visibility,pose_world_11_x,pose_world_11_y,pose_world_11_z,pose_world_11_visibility,pose_world_12_x,pose_world_12_y,pose_world_12_z,pose_world_12_visibility,pose_world_13_x,pose_world_13_y,pose_world_13_z,pose_world_13_visibility,pose_world_14_x,pose_world_14_y,pose_world_14_z,pose_world_14_visibility,pose_world_15_x,pose_world_15_y,pose_world_15_z,pose_world_15_visibility,pose_world_16_x,pose_world_16_y,pose_world_16_z,pose_world_16_visibility,pose_world_17_x,pose_world_17_y,pose_world_17_z,pose_world_17_visibility,pose_world_18_x,pose_world_18_y,pose_world_18_z,pose_world_18_visibility,pose_world_19_x,pose_world_19_y,pose_world_19_z,pose_world_19_visibility,pose_world_20_x,pose_world_20_y,pose_world_20_z,pose_world_20_visibility,pose_world_21_x,pose_world_21_y,pose_world_21_z,pose_world_21_visibility,pose_world_22_x,pose_world_22_y,pose_world_22_z,pose_world_22_visibility,pose_world_23_x,pose_world_23_y,pose_world_23_z,pose_world_23_visibility,pose_world_24_x,pose_world_24_y,pose_world_24_z,pose_world_24_visibility,pose_world_25_x,pose_world_25_y,pose_world_25_z,pose_world_25_visibility,pose_world_26_x,pose_world_26_y,pose_world_26_z,pose_world_26_visibility,pose_world_27_x,pose_world_27_y,pose_world_27_z,pose_world_27_visibility,pose_world_28_x,pose_world_28_y,pose_world_28_z,pose_world_28_visibility,pose_world_29_x,pose_world_29_y,pose_world_29_z,pose_world_29_visibility,pose_world_30_x,pose_world_30_y,pose_world_30_z,pose_world_30_visibility,pose_world_31_x,pose_world_31_y,pose_world_31_z,pose_world_31_visibility,pose_world_32_x,pose_world_32_y,pose_world_32_z,pose_world_32_visibility,frame,timestamp,right_hand_0_x,right_hand_0_y,right_hand_0_z,right_hand_0_visibility,right_hand_1_x,right_hand_1_y,right_hand_1_z,right_hand_1_visibility,right_hand_2_x,right_hand_2_y,right_hand_2_z,right_hand_2_visibility,right_hand_3_x,right_hand_3_y,right_hand_3_z,right_hand_3_visibility,right_hand_4_x,right_hand_4_y,right_hand_4_z,right_hand_4_visibility,right_hand_5_x,right_hand_5_y,right_hand_5_z,right_hand_5_visibility,right_hand_6_x,right_hand_6_y,right_hand_6_z,right_hand_6_visibility,right_hand_7_x,right_hand_7_y,right_hand_7_z,right_hand_7_visibility,right_hand_8_x,right_hand_8_y,right_hand_8_z,right_hand_8_visibility,right_hand_9_x,right_hand_9_y,right_hand_9_z,right_hand_9_visibility,right_hand_10_x,right_hand_10_y,right_hand_10_z,right_hand_10_visibility,right_hand_11_x,right_hand_11_y,right_hand_11_z,right_hand_11_visibility,right_hand_12_x,right_hand_12_y,right_hand_12_z,right_hand_12_visibility,right_hand_13_x,right_hand_13_y,right_hand_13_z,right_hand_13_visibility,right_hand_14_x,right_hand_14_y,right_hand_14_z,right_hand_14_visibility,right_hand_15_x,right_hand_15_y,right_hand_15_z,right_hand_15_visibility,right_hand_16_x,right_hand_16_y,right_hand_16_z,right_hand_16_visibility,right_hand_17_x,right_hand_17_y,right_hand_17_z,right_hand_17_visibility,right_hand_18_x,right_hand_18_y,right_hand_18_z,right_hand_18_visibility,right_hand_19_x,right_hand_19_y,right_hand_19_z,right_hand_19_visibility,right_hand_20_x,right_hand_20_y,right_hand_20_z,right_hand_20_visibility
0.005550054833292961,-0.6166099905967712,-0.33832260966300964,0.9995161294937134,0.025743164122104645,-0.6518146991729736,-0.3283400237560272,0.9991231560707092,0.025387108325958252,-0.6514289975166321,-0.33024728298187256,0.9992563128471375,0.0258045457303524,-0.6513131260871887,-0.32853129506111145,0.9991255402565002,-0.013455098494887352,-0.6540321111679077,-0.328311026096344,0.9991477727890015,-0.011353950947523117,-0.6546789407730103,-0.3283109664916992,0.9992637038230896,-0.011999075300991535,-0.6536533236503601,-0.3245241940021515,0.9991418123245239,0.10388035327196121,-0.6277946829795837,-0.2294805496931076,0.9990793466567993,-0.054793838411569595,-0.633181095123291,-0.2039659023284912,0.99909508228302,0.028448568657040596,-0.58486407995224,-0.3084358870983124,0.9997373223304749,-0.017266273498535156,-0.5845277905464172,-0.3003982603549957,0.9997311234474182,0.1881575733423233,-0.4273083209991455,-0.1718716025352478,0.9996028542518616,-0.13957479596138,-0.4392702281475067,-0.1500834822654724,0.9995681643486023,0.2025604099035263,-0.1878647655248642,-0.14700117707252502,0.8909041285514832,-0.16541586816310883,-0.188758984208107,-0.1246974989771843,0.8594986796379089,0.12339407205581665,-0.020433397963643074,-0.2365388125181198,0.26152127981185913,-0.1055237203836441,-0.03655679523944855,-0.23624025285243988,0.3320075571537018,0.10205522179603577,0.039797745645046234,-0.2595439851284027,0.20258012413978577,-0.08740250021219254,0.019288964569568634,-0.25350767374038696,0.2734249234199524,0.06594671308994293,0.03296079859137535,-0.3042386472225189,0.27909305691719055,-0.07201036065816879,0.019348517060279846,-0.2898026704788208,0.3438209295272827,0.09617991745471954,-0.011022680439054966,-0.2572459280490875,0.2454429566860199,-0.08743461221456528,-0.021082237362861633,-0.2531469166278839,0.3137083053588867,0.10878593474626541,-0.006175468675792217,-0.0011535058729350567,0.21858566999435425,-0.10748313367366791,-0.0008770832791924477,0.002948904410004616,0.2559588551521301,0.081173837184906,0.025998607277870178,-0.04912702366709709,0.13853411376476288,-0.07994984090328217,0.13694259524345398,-0.11727818846702576,0.1860547512769699,0.1494215875864029,0.3230310380458832,0.20869402587413788,0.035964563488960266,-0.08630438148975372,0.49620288610458374,0.16820310056209564,0.07416047155857086,0.15444736182689667,0.34497955441474915,0.23488742113113403,0.015634451061487198,-0.08573392033576965,0.5186166167259216,0.20869693160057068,0.02948104403913021,0.18787598609924316,0.3282139301300049,0.02191006951034069,0.04025036469101906,-0.11227521300315857,0.5310509204864502,0.035374678671360016,0.06144358962774277,0,0.0,,,,,,,,,,,,,,,,,,,,,,,,,,,,,,,,,,,,,,,,,,,,,,,,,,,,,,,,,,,,,,,,,,,,,,,,,,,,,,,,,,,,
0.00518570514395833,-0.6166359782218933,-0.3306483030319214,0.999505341053009,0.025507641956210136,-0.6518290638923645,-0.3202740550041199,0.9991059303283691,0.025144169107079506,-0.6514438390731812,-0.3221744894981384,0.9992413520812988,0.02555966190993786,-0.6513291001319885,-0.3204170763492584,0.9991133809089661,-0.013766405172646046,-0.6540748476982117,-0.32054075598716736,0.9991216659545898,-0.011673236265778542,-0.6547208428382874,-0.32051700353622437,0.999238133430481,-0.01231287606060505,-0.6536957621574402,-0.3166889548301697,0.9991129636764526,0.10318373143672943,-0.6278901696205139,-0.21900637447834015,0.9990570545196533,-0.0558842234313488,-0.6336077451705933,-0.1951463371515274,0.9990575313568115,0.02786155603826046,-0.5849394202232361,-0.2999964654445648,0.9997270107269287,-0.017963692545890808,-0.5846809148788452,-0.2924596071243286,0.9997140765190125,0.18568964302539825,-0.4288497865200043,-0.16095136106014252,0.9995895624160767,-0.1418008655309677,-0.4402018189430237,-0.1409737914800644,0.9995322823524475,0.203825905919075,-0.19024477899074554,-0.14110994338989258,0.8914213180541992,-0.17153947055339813,-0.1924782395362854,-0.11741917580366135,0.8607079982757568,0.1266041249036789,-0.024903876706957817,-0.23671002686023712,0.26529160141944885,-0.10848995298147202,-0.04557260498404503,-0.23032990097999573,0.3359759449958801,0.1058449074625969,0.033938128501176834,-0.2606680691242218,0.20566515624523163,-0.08957391232252121,0.008174370974302292,-0.248337984085083,0.2764676511287689,0.06901537626981735,0.027404826134443283,-0.30466440320014954,0.28279438614845276,-0.07405691593885422,0.006458821706473827,-0.2833707928657532,0.3471841514110565,0.09935931861400604,-0.01550231222063303,-0.25740018486976624,0.249270960688591,-0.09024850279092789,-0.03111773356795311,-0.24684961140155792,0.3172980844974518,0.10867489129304886,-0.0063969590701162815,-0.0011508516035974026,0.21352598071098328,-0.10732853412628174,-0.0006963883060961962,0.002948305569589138,0.24709762632846832,0.08268872648477554,0.010523700155317783,-0.06150387227535248,0.13668633997440338,-0.0800340473651886,0.12942126393318176,-0.11747777462005615,0.17987868189811707,0.15121610462665558,0.3213447332382202,0.17635783553123474,0.03568543866276741,-0.08480404317378998,0.4940646290779114,0.16412389278411865,0.07148612290620804,0.1561504304409027,0.3434782028198242,0.2001277655363083,0.015514861792325974,-0.0835542306303978,0.515910804271698,0.20428360998630524,0.028640126809477806,0.1902187317609787,0.32280629873275757,-0.020191287621855736,0.03983080014586449,-0.10953669250011444,0.5262385010719299,0.029633721336722374,0.05933386832475662,1,0.033,,,,,,,,,,,,,,,,,,,,,,,,,,,,,,,,,,,,,,,,,,,,,,,,,,,,,,,,,,,,,,,,,,,,,,,,,,,,,,,,,,,,
0.0047371904365718365,-0.617169201374054,-0.325330913066864,0.9995017647743225,0.025192730128765106,-0.6522663235664368,-0.3145987391471863,0.9991018176078796,0.024820497259497643,-0.651882529258728,-0.3165037930011749,0.9992371201515198,0.025234388187527657,-0.6517735719680786,-0.31472092866897583,0.9991132020950317,-0.014143823646008968,-0.6546458601951599,-0.3150080442428589,0.9991104602813721,-0.0120585598051548,-0.6552903056144714,-0.31496867537498474,0.9992256760597229,-0.012693307362496853,-0.6542667150497437,-0.3111151456832886,0.9990991950035095,0.10244999825954437,-0.6281660199165344,-0.21217462420463562,0.9990506172180176,-0.056860510259866714,-0.6344585418701172,-0.18920773267745972,0.9990364909172058,0.02718072198331356,-0.5854296088218689,-0.2944137454032898,0.9997220039367676,-0.018724169582128525,-0.5853661894798279,-0.28713101148605347,0.999703586101532,0.18377068638801575,-0.4298116862773895,-0.15463732182979584,0.9995786547660828,-0.14345495402812958,-0.4410441815853119,-0.13473176956176758,0.9994992613792419,0.2049841582775116,-0.1920633167028427,-0.13692568242549896,0.8923725485801697,-0.17383064329624176,-0.19478946924209595,-0.11208467185497284,0.8617668151855469,0.12799929082393646,-0.028373168781399727,-0.23674266040325165,0.270562082529068,-0.10964784771203995,-0.049704745411872864,-0.22647643089294434,0.3407594561576843,0.1071927472949028,0.02968491241335869,-0.26124638319015503,0.20996931195259094,-0.09046952426433563,0.003565175225958228,-0.24521440267562866,0.2803189158439636,0.07000923156738281,0.023170264437794685,-0.3047652244567871,0.2878570258617401,-0.07490649074316025,0.001406725961714983,-0.27950894832611084,0.3513891100883484,0.10064129531383514,-0.019045216962695122,-0.25741228461265564,0.25435808300971985,-0.09137661010026932,-0.03550241142511368,-0.24278412759304047,0.32168081402778625,0.1086016595363617,-0.006598088424652815,-0.0011651285458356142,0.20957471430301666,-0.10721484571695328,-0.0005380097427405417,0.0029690430965274572,0.239374577999115,0.08452652394771576,0.0022105707321316004,-0.0674651637673378,0.1353946030139923,-0.08005274087190628,0.12224525958299637,-0.11770588904619217,0.17427393794059753,0.15389981865882874,0.3177569508552551,0.16688689589500427,0.03541376069188118,-0.08208990097045898,0.49023962020874023,0.16252021491527557,0.06894230842590332,0.1587914079427719,0.3398173451423645,0.1903514266014099,0.01539192721247673,-0.08005265891551971,0.511383056640625,0.20265042781829834,0.027843190357089043,0.19314751029014587,0.3153360188007355,-0.032014161348342896,0.03938881307840347,-0.10562163591384888,0.5201584100723267,0.027062157168984413,0.05730566754937172,2,0.066,,,,,,,,,,,,,,,,,,,,,,,,,,,,,,,,,,,,,,,,,,,,,,,,,,,,,,,,,,,,,,,,,,,,,,,,,,,,,,,,,,,,
0.004719767719507217,-0.6174262762069702,-0.32264116406440735,0.9994980692863464,0.025187065824866295,-0.6524845957756042,-0.31178951263427734,0.9990975856781006,0.024813935160636902,-0.6521010994911194,-0.313700407743454,0.9992331862449646,0.025227593258023262,-0.6519955992698669,-0.3119085133075714,0.9991129636764526,-0.014153821393847466,-0.6549158692359924,-0.31237414479255676,0.9990989565849304,-0.012069682590663433,-0.6555594205856323,-0.3123283088207245,0.9992131590843201,-0.012703514657914639,-0.6545358300209045,-0.3084670603275299,0.9990853071212769,0.10215010493993759,-0.6283384561538696,-0.20904137194156647,0.999043881893158,-0.057183269411325455,-0.634861409664154,-0.18682891130447388,0.9990162253379822,0.02706247568130493,-0.5856879949569702,-0.29162365198135376,0.9997169375419617,-0.018850291147828102,-0.5857049226760864,-0.2845610976219177,0.9996928572654724,0.18263523280620575,-0.4306628108024597,-0.15168002247810364,0.9995701313018799,-0.14415505528450012,-0.44145408272743225,-0.13257917761802673,0.9994682669639587,0.20657797157764435,-0.19423902034759521,-0.134572833776474,0.8933207988739014,-0.17478397488594055,-0.19615134596824646,-0.1098947823047638,0.8628731369972229,0.12928836047649384,-0.03146882355213165,-0.2367551177740097,0.27512314915657043,-0.11036151647567749,-0.05191105604171753,-0.223552405834198,0.34509196877479553,0.10836461931467056,0.02629406563937664,-0.2615762948989868,0.21355625987052917,-0.09106951951980591,0.0011975298402830958,-0.2423757016658783,0.28376340866088867,0.07069116830825806,0.01998283714056015,-0.30478957295417786,0.2920626699924469,-0.07551337033510208,-0.0009660149808041751,-0.27635669708251953,0.35516947507858276,0.10173401236534119,-0.02206438221037388,-0.25741201639175415,0.2586703300476074,-0.09210000187158585,-0.03773948550224304,-0.23974916338920593,0.3256661295890808,0.10852152854204178,-0.006728211883455515,-0.0011639854637905955,0.20630298554897308,-0.10709548741579056,-0.00043369902414269745,0.002970511792227626,0.23248903453350067,0.08515361696481705,-0.0009134362917393446,-0.07042550295591354,0.13398171961307526,-0.08019611984491348,0.11790934205055237,-0.1181926354765892,0.16900348663330078,0.15477560460567474,0.3164708614349365,0.16224968433380127,0.035173188894987106,-0.08082909882068634,0.48809632658958435,0.16071832180023193,0.06658138334751129,0.15963958203792572,0.3385193943977356,0.18557021021842957,0.015282067470252514,-0.07843206077814102,0.5089532136917114,0.20086699724197388,0.02710297517478466,0.19410791993141174,0.31223613023757935,-0.03768685832619667,0.03901781514286995,-0.10353876650333405,0.5169073343276978,0.02460937760770321,0.05544932186603546,3,0.1,,,,,,,,,,,,,,,,,,,,,,,,,,,,,,,,,,,,,,,,,,,,,,,,,,,,,,,,,,,,,,,,,,,,,,,,,,,,,,,,,,,,
0.004474561661481857,-0.6179522275924683,-0.3207399547100067,0.999498188495636,0.024995632469654083,-0.6529674530029297,-0.309772789478302,0.9991003274917603,0.024616751819849014,-0.6525828242301941,-0.3116908073425293,0.9992349743843079,0.025029301643371582,-0.6524808406829834,-0.30989155173301697,0.9991188645362854,-0.014375363476574421,-0.6554606556892395,-0.3104044198989868,0.9990957379341125,-0.012296189554035664,-0.656101644039154,-0.3103504180908203,0.9992080926895142,-0.012926468625664711,-0.6550771594047546,-0.3064836263656616,0.999079704284668,0.10166314244270325,-0.6286075711250305,-0.20690791308879852,0.999046266078949,-0.05777716264128685,-0.6353514790534973,-0.1848323494195938,0.9990062713623047,0.02668284811079502,-0.5861304998397827,-0.28970468044281006,0.9997153878211975,-0.019264815375208855,-0.5862299203872681,-0.2826777398586273,0.9996867179870605,0.1817854940891266,-0.4313274621963501,-0.14980120956897736,0.9995641708374023,-0.14488252997398376,-0.4417341947555542,-0.13103154301643372,0.9994449019432068,0.20719294250011444,-0.1958385705947876,-0.132760152220726,0.8941463232040405,-0.17542554438114166,-0.19709371030330658,-0.1085633859038353,0.8642521500587463,0.12999366223812103,-0.033462654799222946,-0.23669512569904327,0.27920234203338623,-0.11052897572517395,-0.05270393192768097,-0.2226274311542511,0.3497084975242615,0.10898461937904358,0.02442067861557007,-0.26161378622055054,0.21679861843585968,-0.09119018912315369,0.0007161786779761314,-0.2414303719997406,0.28744837641716003,0.07106704264879227,0.018398217856884003,-0.30475887656211853,0.29599320888519287,-0.07557918131351471,-0.0012352119665592909,-0.2753602862358093,0.3593009114265442,0.10231291502714157,-0.023879369720816612,-0.25731831789016724,0.2626456320285797,-0.0922328382730484,-0.03838522359728813,-0.2388257086277008,0.3299020528793335,0.10848962515592575,-0.006856349762529135,-0.0011612559901550412,0.20271939039230347,-0.1070307195186615,-0.0003306365106254816,0.002971354406327009,0.22577661275863647,0.08552078157663345,-0.006301633547991514,-0.07324542850255966,0.1323195993900299,-0.08039695024490356,0.11188362538814545,-0.11930743604898453,0.16378474235534668,0.15528014302253723,0.31246063113212585,0.1606164574623108,0.0347665473818779,-0.08045733720064163,0.48499926924705505,0.15932676196098328,0.06426675617694855,0.16013097763061523,0.33434122800827026,0.1841305047273636,0.01511167548596859,-0.07794589549303055,0.5055362582206726,0.19968962669372559,0.02633010596036911,0.19472047686576843,0.30480530858039856,-0.040275391191244125,0.03847876563668251,-0.10281049460172653,0.51153165102005,0.02253904566168785,0.05358494445681572,4,0.133,,,,,,,,,,,,,,,,,,,,,,,,,,,,,,,,,,,,,,,,,,,,,,,,,,,,,,,,,,,,,,,,,,,,,,,,,,,,,,,,,,,,
0.00417946046218276,-0.6182316541671753,-0.3208239674568176,0.9994959235191345,0.0248577743768692,-0.653182864189148,-0.30984437465667725,0.9990972876548767,0.024475641548633575,-0.6527973413467407,-0.3117596507072449,0.9992321133613586,0.02488764189183712,-0.6526954770088196,-0.30996543169021606,0.9991191029548645,-0.01457926630973816,-0.6557298302650452,-0.31041043996810913,0.9990878105163574,-0.01250472106039524,-0.6563686728477478,-0.31035301089286804,0.9991996884346008,-0.013132840394973755,-0.6553424000740051,-0.306487500667572,0.9990701675415039,0.10154750198125839,-0.6286512613296509,-0.20690539479255676,0.9990432858467102,-0.05815034732222557,-0.6355348825454712,-0.18435698747634888,0.9989914298057556,0.02633785270154476,-0.5863264203071594,-0.2897544205188751,0.9997134208679199,-0.019715486094355583,-0.5864942669868469,-0.2826155126094818,0.9996809363365173,0.18137820065021515,-0.43152251839637756,-0.1494101732969284,0.9995616674423218,-0.14551100134849548,-0.4418354332447052,-0.13053521513938904,0.9994329214096069,0.2074313759803772,-0.19599036872386932,-0.1311613768339157,0.8948642015457153,-0.1765519380569458,-0.19747860729694366,-0.10716807097196579,0.8657327890396118,0.13068529963493347,-0.03346165642142296,-0.23606877028942108,0.2814658284187317,-0.1109362468123436,-0.053104884922504425,-0.22158218920230865,0.35291725397109985,0.10972128063440323,0.0245054978877306,-0.2613407075405121,0.21857210993766785,-0.09146490693092346,0.00037247390719130635,-0.24018706381320953,0.28989076614379883,0.0716131180524826,0.018542533740401268,-0.30441728234291077,0.29839083552360535,-0.0757816806435585,-0.0013993765460327268,-0.2743259370326996,0.3621954619884491,0.10290379077196121,-0.023834483698010445,-0.25670239329338074,0.26503583788871765,-0.09257020801305771,-0.03871570900082588,-0.23787501454353333,0.3327959179878235,0.10844885557889938,-0.0069826096296310425,-0.001160411979071796,0.1983453333377838,-0.10695530474185944,-0.0002108689077431336,0.0029731381218880415,0.21901872754096985,0.0858791247010231,-0.010317949578166008,-0.07440716028213501,0.12997135519981384,-0.08038870245218277,0.1089031919836998,-0.1195666640996933,0.15835599601268768,0.15618878602981567,0.3101007640361786,0.16228951513767242,0.034211963415145874,-0.08003588020801544,0.48366793990135193,0.15940344333648682,0.0619954839348793,0.16109801828861237,0.3320528566837311,0.18617968261241913,0.014927780255675316,-0.07752399146556854,0.5041813254356384,0.19978433847427368,0.025603322312235832,0.19563712179660797,0.3012275993824005,-0.03798170015215874,0.03778140991926193,-0.10231370478868484,0.5083902478218079,0.022772932425141335,0.05171389505267143,5,0.166,,,,,,,,,,,,,,,,,,,,,,,,,,,,,,,,,,,,,,,,,,,,,,,,,,,,,,,,,,,,,,,,,,,,,,,,,,,,,,,,,,,,
0.003963199909776449,-0.6189669966697693,-0.31971514225006104,0.9994995594024658,0.024728888645768166,-0.6538934111595154,-0.3086220324039459,0.9991034269332886,0.024345025420188904,-0.6535051465034485,-0.310528039932251,0.9992371797561646,0.024754546582698822,-0.6534037590026855,-0.3087405264377594,0.9991272687911987,-0.014754111878573895,-0.6564815640449524,-0.309174507856369,0.9990899562835693,-0.012683086097240448,-0.6571165323257446,-0.30911222100257874,0.9992005228996277,-0.013309028930962086,-0.6560888886451721,-0.3052479326725006,0.9990710020065308,0.1014261320233345,-0.6291329264640808,-0.2055823653936386,0.9990492463111877,-0.058418773114681244,-0.6361751556396484,-0.18275326490402222,0.9989897608757019,0.026106106117367744,-0.586966335773468,-0.2886042594909668,0.9997142553329468,-0.020000077784061432,-0.5871898531913757,-0.2813991606235504,0.9996788501739502,0.18112865090370178,-0.43208396434783936,-0.14807021617889404,0.999561071395874,-0.1457701176404953,-0.44214534759521484,-0.12979382276535034,0.9994262456893921,0.20753100514411926,-0.19650669395923615,-0.12903372943401337,0.8955552577972412,-0.17773212492465973,-0.19827379286289215,-0.10591927915811539,0.868060290813446,0.1318015456199646,-0.03336651250720024,-0.2341725081205368,0.2830539047718048,-0.11168604344129562,-0.053171757608652115,-0.21972952783107758,0.3570587933063507,0.11113141477108002,0.02477031573653221,-0.25960350036621094,0.21965719759464264,-0.09206037223339081,0.0005984003655612469,-0.23777946829795837,0.29285094141960144,0.0728750005364418,0.01877225562930107,-0.30287036299705505,0.3001098334789276,-0.07620175927877426,-0.0009371351334266365,-0.2722959518432617,0.3657509684562683,0.10399039834737778,-0.02366621047258377,-0.2549327313899994,0.2668316960334778,-0.09320138394832611,-0.03861551731824875,-0.2361236810684204,0.33634641766548157,0.10841518640518188,-0.007098102942109108,-0.001139352796599269,0.19428057968616486,-0.1068970263004303,-0.00010949023271678016,0.0029577782843261957,0.21293562650680542,0.08589287847280502,-0.012436342425644398,-0.07486319541931152,0.1278875172138214,-0.08044631779193878,0.10898567736148834,-0.11990986764431,0.15401174128055573,0.1565389335155487,0.3082352876663208,0.16359229385852814,0.033705614507198334,-0.08008398860692978,0.48378244042396545,0.1594773530960083,0.06014431640505791,0.1614788919687271,0.3301389217376709,0.1877221316099167,0.014710357412695885,-0.0775783583521843,0.5043603777885437,0.19983597099781036,0.024925634264945984,0.19617246091365814,0.29886218905448914,-0.036516208201646805,0.03716810420155525,-0.10242415964603424,0.5083094835281372,0.02296043187379837,0.05016234517097473,6,0.2,,,,,,,,,,,,,,,,,,,,,,,,,,,,,,,,,,,,,,,,,,,,,,,,,,,,,,,,,,,,,,,,,,,,,,,,,,,,,,,,,,,,
0.003647558856755495,-0.6190258860588074,-0.31994232535362244,0.9995043277740479,0.02457492984831333,-0.6539397835731506,-0.3088749051094055,0.9991103410720825,0.024189360439777374,-0.6535502076148987,-0.3107786476612091,0.9992436170578003,0.024596193805336952,-0.6534480452537537,-0.30899566411972046,0.9991365075111389,-0.014986862428486347,-0.6565489768981934,-0.3093774616718292,0.999092698097229,-0.012920429930090904,-0.6571820974349976,-0.30931246280670166,0.9992022514343262,-0.01354416273534298,-0.6561530232429504,-0.30545052886009216,0.999072253704071,0.10137835144996643,-0.6291455030441284,-0.20592406392097473,0.9990589618682861,-0.05866129696369171,-0.6362597346305847,-0.18266485631465912,0.9989888072013855,0.02581396885216236,-0.5870121121406555,-0.2888438403606415,0.9997173547744751,-0.020383501425385475,-0.5872634649276733,-0.28154492378234863,0.9996791481971741,0.18101118505001068,-0.43218231201171875,-0.14842507243156433,0.9995667338371277,-0.1460685431957245,-0.442203551530838,-0.12983375787734985,0.999427318572998,0.20786482095718384,-0.19659963250160217,-0.12886346876621246,0.8969231247901917,-0.17874345183372498,-0.19853615760803223,-0.10489021986722946,0.870497465133667,0.13202057778835297,-0.033226002007722855,-0.233820840716362,0.2838730812072754,-0.11287222057580948,-0.05297773703932762,-0.2180061787366867,0.36019188165664673,0.11125285178422928,0.024917200207710266,-0.2592514753341675,0.21984753012657166,-0.0930786281824112,0.000897068646736443,-0.23522013425827026,0.2948108911514282,0.07286249846220016,0.01912737637758255,-0.3026311993598938,0.3009246587753296,-0.07716462761163712,-0.0007748286589048803,-0.2704635262489319,0.3683616518974304,0.10406532883644104,-0.02357599325478077,-0.25459781289100647,0.267606258392334,-0.0943053588271141,-0.0383576899766922,-0.23461954295635223,0.33888065814971924,0.108391173183918,-0.007198050152510405,-0.0011640054872259498,0.18946580588817596,-0.10684270411729813,-6.12162421020912e-06,0.002989556174725294,0.20636214315891266,0.08588901907205582,-0.014980828389525414,-0.07640554755926132,0.12595632672309875,-0.08046438544988632,0.10785824805498123,-0.12042845785617828,0.14983606338500977,0.15761706233024597,0.30673614144325256,0.1643410474061966,0.03323482349514961,-0.08010637760162354,0.48391976952552795,0.16024810075759888,0.0584205761551857,0.16268381476402283,0.3286267817020416,0.18873287737369537,0.014497045427560806,-0.07762767374515533,0.5045544505119324,0.20149323344230652,0.0243041031062603,0.19703362882137299,0.29650986194610596,-0.03673793375492096,0.03654056787490845,-0.10270283371210098,0.508037805557251,0.023894552141427994,0.048628780990839005,7,0.233,,,,,,,,,,,,,,,,,,,,,,,,,,,,,,,,,,,,,,,,,,,,,,,,,,,,,,,,,,,,,,,,,,,,,,,,,,,,,,,,,,,,
0.003613511100411415,-0.6190233826637268,-0.31989410519599915,0.9995132684707642,0.024569492787122726,-0.6539331674575806,-0.30885934829711914,0.9991257190704346,0.02418297342956066,-0.6535425186157227,-0.31076526641845703,0.9992572665214539,0.024589404463768005,-0.6534399390220642,-0.3089819848537445,0.9991539120674133,-0.015000118874013424,-0.6565558910369873,-0.309293270111084,0.9991039633750916,-0.012934073805809021,-0.6571886539459229,-0.30922025442123413,0.9992110133171082,-0.01355763990432024,-0.6561592817306519,-0.3053564429283142,0.9990814924240112,0.10142417997121811,-0.62911456823349,-0.20596835017204285,0.9990783333778381,-0.058660317212343216,-0.6363126039505005,-0.18228952586650848,0.9989965558052063,0.025780724361538887,-0.587007462978363,-0.2887948453426361,0.9997228384017944,-0.02043375000357628,-0.5872734189033508,-0.2813747525215149,0.999681830406189,0.18101367354393005,-0.43221426010131836,-0.14865101873874664,0.9995741248130798,-0.14606381952762604,-0.4423026740550995,-0.12940123677253723,0.9994276762008667,0.2086324244737625,-0.19695016741752625,-0.12891922891139984,0.8984747529029846,-0.17871613800525665,-0.19879812002182007,-0.10413940250873566,0.8720959424972534,0.13214735686779022,-0.0336158387362957,-0.23382051289081573,0.28639546036720276,-0.11332745850086212,-0.05285695195198059,-0.21750108897686005,0.3634364902973175,0.11125662177801132,0.02473079413175583,-0.25925564765930176,0.22156795859336853,-0.09369492530822754,0.0011350226122885942,-0.2345498949289322,0.2972320318222046,0.07280153781175613,0.0192197784781456,-0.30261868238449097,0.3034065067768097,-0.07773863524198532,-0.0006603430956602097,-0.26989132165908813,0.37137192487716675,0.1040852963924408,-0.023755885660648346,-0.2545791566371918,0.27006322145462036,-0.09477008879184723,-0.038153305649757385,-0.23418791592121124,0.3420065939426422,0.10837654024362564,-0.007235553581267595,-0.0012312750332057476,0.1860300749540329,-0.1067926436662674,3.2773383281892166e-05,0.003071842947974801,0.20092976093292236,0.0859953761100769,-0.017608642578125,-0.07812099158763885,0.12435556948184967,-0.08056936413049698,0.10150494426488876,-0.12130768597126007,0.1457657366991043,0.15862871706485748,0.30519625544548035,0.16392020881175995,0.03290270268917084,-0.07968035340309143,0.48297008872032166,0.16057182848453522,0.05682287737727165,0.16370776295661926,0.32701927423477173,0.18846410512924194,0.014328492805361748,-0.07717816531658173,0.5035252571105957,0.20238427817821503,0.023782266303896904,0.197409987449646,0.29357194900512695,-0.03971222788095474,0.03602828457951546,-0.10260596871376038,0.5050734877586365,0.02401150017976761,0.04721611738204956,8,0.266,,,,,,,,,,,,,,,,,,,,,,,,,,,,,,,,,,,,,,,,,,,,,,,,,,,,,,,,,,,,,,,,,,,,,,,,,,,,,,,,,,,,
0.00347383925691247,-0.6189705729484558,-0.3200649321079254,0.999518871307373,0.024548359215259552,-0.653865396976471,-0.3090534210205078,0.9991346001625061,0.02416098862886429,-0.653472363948822,-0.3109593391418457,0.9992655515670776,0.024566855281591415,-0.6533685922622681,-0.30917760729789734,0.9991646409034729,-0.015049734152853489,-0.6565319895744324,-0.30947187542915344,0.9991093873977661,-0.012985916808247566,-0.6571633219718933,-0.30939939618110657,0.9992151856422424,-0.01360847894102335,-0.6561331748962402,-0.3055371046066284,0.9990852475166321,0.10147801041603088,-0.6290079355239868,-0.20625388622283936,0.999090313911438,-0.058666422963142395,-0.6363419890403748,-0.18238568305969238,0.998997688293457,0.025669125840067863,-0.5869512557983398,-0.28898775577545166,0.9997262358665466,-0.020589493215084076,-0.5872653126716614,-0.2815309166908264,0.9996826648712158,0.18102023005485535,-0.4322142004966736,-0.14892853796482086,0.9995793700218201,-0.14609532058238983,-0.44242891669273376,-0.12939713895320892,0.9994283318519592,0.20879846811294556,-0.19698567688465118,-0.12909090518951416,0.8994973301887512,-0.17867133021354675,-0.19906748831272125,-0.10357102751731873,0.8730971217155457,0.13231639564037323,-0.033535830676555634,-0.23391476273536682,0.2866272032260895,-0.11411397904157639,-0.05264632776379585,-0.21691927313804626,0.36419233679771423,0.11138474941253662,0.024870004504919052,-0.25936055183410645,0.2215002030134201,-0.0947757288813591,0.0018151269759982824,-0.23362189531326294,0.29754650592803955,0.07280659675598145,0.0194000955671072,-0.3027503788471222,0.3038654029369354,-0.07895389944314957,0.0013143118703737855,-0.2693670690059662,0.37216508388519287,0.10416099429130554,-0.0236631091684103,-0.2546730637550354,0.27048078179359436,-0.09562883526086807,-0.037534572184085846,-0.23377174139022827,0.3428853750228882,0.1083662211894989,-0.007278342265635729,-0.0013081602519378066,0.1816362738609314,-0.10676654428243637,7.118128996808082e-05,0.003162519773468375,0.1949537694454193,0.08608975261449814,-0.01938713528215885,-0.0790281668305397,0.12276550382375717,-0.0806286484003067,0.09960215538740158,-0.12193726003170013,0.14196312427520752,0.15981534123420715,0.3032132685184479,0.1642741858959198,0.03252959996461868,-0.07957504689693451,0.4823152422904968,0.16148674488067627,0.055305302143096924,0.1649305522441864,0.324866384267807,0.18895119428634644,0.014138899743556976,-0.07711707800626755,0.5028125047683716,0.20404797792434692,0.023267343640327454,0.19826319813728333,0.2908371388912201,-0.040224943310022354,0.03550620377063751,-0.10265034437179565,0.5032808184623718,0.02477213926613331,0.04588763788342476,9,0.3,,,,,,,,,,,,,,,,,,,,,,,,,,,,,,,,,,,,,,,,,,,,,,,,,,,,,,,,,,,,,,,,,,,,,,,,,,,,,,,,,,,,
0.0034465158823877573,-0.6188209056854248,-0.32019203901290894,0.9995237588882446,0.024558044970035553,-0.6536986231803894,-0.3091791868209839,0.9991415739059448,0.0241701602935791,-0.653302013874054,-0.3110824227333069,0.9992725253105164,0.02457522042095661,-0.6531956195831299,-0.3093021512031555,0.9991730451583862,-0.015060298144817352,-0.6564233899116516,-0.30957645177841187,0.999113142490387,-0.012997152283787727,-0.657051682472229,-0.30949825048446655,0.9992182850837708,-0.013619368895888329,-0.6560195684432983,-0.3056354820728302,0.9990873336791992,0.10158480703830719,-0.6288408041000366,-0.20640051364898682,0.999099850654602,-0.05866794288158417,-0.6363454461097717,-0.18255527317523956,0.9989984631538391,0.025640767067670822,-0.5868170857429504,-0.28906360268592834,0.999729335308075,-0.020647497847676277,-0.5871948003768921,-0.28162869811058044,0.9996838569641113,0.18102943897247314,-0.4322035014629364,-0.14904174208641052,0.999585747718811,-0.1461380422115326,-0.44247329235076904,-0.12952172756195068,0.9994320273399353,0.20893919467926025,-0.19700580835342407,-0.12923942506313324,0.9002201557159424,-0.17864714562892914,-0.19918565452098846,-0.10361238569021225,0.8742024898529053,0.1323474943637848,-0.03348607197403908,-0.2342352718114853,0.2850034236907959,-0.11460533738136292,-0.05213601887226105,-0.2164667844772339,0.3634934425354004,0.11138708144426346,0.024987656623125076,-0.2596474289894104,0.21987895667552948,-0.09535277634859085,0.002914702519774437,-0.23258864879608154,0.29656803607940674,0.07270140945911407,0.019595513120293617,-0.30312323570251465,0.3025214672088623,-0.07962414622306824,0.003916725516319275,-0.268854022026062,0.3716161847114563,0.10415133088827133,-0.023582354187965393,-0.25500354170799255,0.26917052268981934,-0.09615110605955124,-0.036478254944086075,-0.23346830904483795,0.34246382117271423,0.10836107283830643,-0.007312828209251165,-0.001319544273428619,0.17694252729415894,-0.10675191134214401,0.00010594550258247182,0.0031783506274223328,0.18901611864566803,0.08602298051118851,-0.02035742625594139,-0.07905177772045135,0.1205919161438942,-0.08069529384374619,0.09915844351053238,-0.12342876195907593,0.13819803297519684,0.16044309735298157,0.3021564483642578,0.16485878825187683,0.032026685774326324,-0.07968378067016602,0.48230189085006714,0.16167134046554565,0.0538339801132679,0.1656309962272644,0.323737770318985,0.18953874707221985,0.013910201378166676,-0.077313631772995,0.5028210878372192,0.20467348396778107,0.022735469043254852,0.1988164782524109,0.28953054547309875,-0.03950807452201843,0.03488735482096672,-0.10318964719772339,0.502875030040741,0.0249299556016922,0.044597968459129333,10,0.333,,,,,,,,,,,,,,,,,,,,,,,,,,,,,,,,,,,,,,,,,,,,,,,,,,,,,,,,,,,,,,,,,,,,,,,,,,,,,,,,,,,,
0.003385324263945222,-0.618316113948822,-0.3204669952392578,0.9995197653770447,0.024553332477808,-0.6531690955162048,-0.30947473645210266,0.9991332292556763,0.02416514977812767,-0.6527698636054993,-0.31137269735336304,0.999267041683197,0.024569934234023094,-0.6526613235473633,-0.30959370732307434,0.999167799949646,-0.01507629919797182,-0.6559692621231079,-0.30980873107910156,0.9991002678871155,-0.013014051131904125,-0.656594455242157,-0.3097246289253235,0.9992067813873291,-0.013635839335620403,-0.6555599570274353,-0.30586159229278564,0.9990725517272949,0.10169675946235657,-0.6284264326095581,-0.20656251907348633,0.9990946650505066,-0.05866991728544235,-0.6361929774284363,-0.18269477784633636,0.9989795684814453,0.0256024356931448,-0.586384654045105,-0.2892656624317169,0.9997274875640869,-0.020721377804875374,-0.5868531465530396,-0.28173550963401794,0.9996784329414368,0.18103864789009094,-0.43213140964508057,-0.1491570770740509,0.9995875954627991,-0.14613862335681915,-0.442460298538208,-0.12963742017745972,0.9994270205497742,0.2090776562690735,-0.19699200987815857,-0.12943346798419952,0.9007733464241028,-0.17853103578090668,-0.1991586983203888,-0.10293260216712952,0.8744487166404724,0.13234055042266846,-0.033433686941862106,-0.2343660444021225,0.2832702398300171,-0.11478228121995926,-0.05111377686262131,-0.21428735554218292,0.3614506721496582,0.11136563867330551,0.02506057173013687,-0.25976526737213135,0.2181815803050995,-0.09562216699123383,0.004346458241343498,-0.22972384095191956,0.29458004236221313,0.07254062592983246,0.019772427156567574,-0.30323395133018494,0.3008638918399811,-0.08007527142763138,0.006072564050555229,-0.26650962233543396,0.369762659072876,0.10410851240158081,-0.02352258190512657,-0.25511404871940613,0.2675831913948059,-0.09638787060976028,-0.035099465399980545,-0.231485515832901,0.3407966196537018,0.10834190249443054,-0.007329902611672878,-0.0014183515449985862,0.17255181074142456,-0.1067126914858818,0.000127545659779571,0.003283972619101405,0.18323704600334167,0.08580637723207474,-0.01978405751287937,-0.08061692118644714,0.11928216367959976,-0.0807771161198616,0.09960613399744034,-0.1240805983543396,0.135129913687706,0.16042198240756989,0.30230632424354553,0.16292816400527954,0.03183113783597946,-0.07979372888803482,0.4825188219547272,0.1617027074098587,0.05268111824989319,0.165607750415802,0.32396626472473145,0.18763557076454163,0.01379258930683136,-0.07752078026533127,0.5030977725982666,0.20470008254051208,0.022364579141139984,0.19863933324813843,0.290241003036499,-0.042555902153253555,0.034547559916973114,-0.10409543663263321,0.5032365322113037,0.02503158710896969,0.04355684295296669,11,0.367,,,,,,,,,,,,,,,,,,,,,,,,,,,,,,,,,,,,,,,,,,,,,,,,,,,,,,,,,,,,,,,,,,,,,,,,,,,,,,,,,,,,
0.003367314813658595,-0.6179429888725281,-0.32065120339393616,0.999517023563385,0.0245748870074749,-0.6527991890907288,-0.3096460998058319,0.9991266131401062,0.024186603724956512,-0.6523966789245605,-0.31153979897499084,0.9992626309394836,0.02459067478775978,-0.6522857546806335,-0.30976220965385437,0.9991631507873535,-0.01508172508329153,-0.6556314826011658,-0.30999186635017395,0.9990913271903992,-0.013020134530961514,-0.6562528610229492,-0.3099047839641571,0.9991992712020874,-0.013641463592648506,-0.6552166938781738,-0.3060424327850342,0.9990625381469727,0.10174348205327988,-0.6282083988189697,-0.20669619739055634,0.9990903735160828,-0.058694519102573395,-0.6360747218132019,-0.18279419839382172,0.9989679455757141,0.025585349649190903,-0.5860955119132996,-0.28936317563056946,0.9997264742851257,-0.020764246582984924,-0.5865978002548218,-0.2818230092525482,0.9996751546859741,0.1810379922389984,-0.4321453273296356,-0.14931240677833557,0.9995900988578796,-0.14624449610710144,-0.4424249529838562,-0.12970450520515442,0.9994243383407593,0.20935778319835663,-0.19718210399150848,-0.12959781289100647,0.9010540246963501,-0.17847158014774323,-0.1989825814962387,-0.10302562266588211,0.8745470643043518,0.1323346495628357,-0.03346162289381027,-0.2347538024187088,0.2806340754032135,-0.11520514637231827,-0.049384478479623795,-0.21431924402713776,0.3584305942058563,0.11133155226707458,0.025134725496172905,-0.2601768970489502,0.2157815843820572,-0.09623437374830246,0.006558102089911699,-0.22965721786022186,0.29187265038490295,0.07222725450992584,0.01988956891000271,-0.30368638038635254,0.2983945906162262,-0.08100833743810654,0.009110274724662304,-0.2665761113166809,0.36716026067733765,0.10403918474912643,-0.023465536534786224,-0.2555173933506012,0.26523324847221375,-0.09693625569343567,-0.03292477875947952,-0.23155605792999268,0.3383809030056,0.10833507031202316,-0.007370776496827602,-0.0014256981667131186,0.16817449033260345,-0.1066979169845581,0.00016721911379136145,0.0032929296139627695,0.17763303220272064,0.08551792800426483,-0.019967710599303246,-0.08069682866334915,0.1175917461514473,-0.08092914521694183,0.09996155649423599,-0.12474691867828369,0.13191397488117218,0.16034437716007233,0.30236244201660156,0.1631736308336258,0.03147147223353386,-0.08051515370607376,0.4825763702392578,0.16173280775547028,0.051463332027196884,0.16552242636680603,0.3240390121936798,0.18794777989387512,0.01363095548003912,-0.07849609106779099,0.5031729936599731,0.2048330307006836,0.02193147875368595,0.1985674798488617,0.29073986411094666,-0.04237670823931694,0.03409207984805107,-0.10546458512544632,0.5034862756729126,0.02511407434940338,0.04249090701341629,12,0.4,,,,,,,,,,,,,,,,,,,,,,,,,,,,,,,,,,,,,,,,,,,,,,,,,,,,,,,,,,,,,,,,,,,,,,,,,,,,,,,,,,,,
0.0027853779029101133,-0.6179494261741638,-0.3207107484340668,0.999518632888794,0.024127325043082237,-0.6528105139732361,-0.3097226619720459,0.9991273880004883,0.02374304085969925,-0.6524079442024231,-0.31161069869995117,0.9992638230323792,0.02414250746369362,-0.6522965431213379,-0.30983641743659973,0.9991635084152222,-0.015612911432981491,-0.6556462645530701,-0.31006452441215515,0.9990912079811096,-0.013550317846238613,-0.6562671065330505,-0.3099798858165741,0.999199628829956,-0.01416863314807415,-0.6552307605743408,-0.3061208724975586,0.9990618228912354,0.10141032189130783,-0.6282398700714111,-0.20681485533714294,0.9990889430046082,-0.059210799634456635,-0.6361326575279236,-0.1827990859746933,0.9989679455757141,0.025014344602823257,-0.5861063599586487,-0.28942885994911194,0.9997262358665466,-0.021385300904512405,-0.5866092443466187,-0.2818640470504761,0.9996743202209473,0.18077677488327026,-0.4323209226131439,-0.14947210252285004,0.9995898008346558,-0.14667606353759766,-0.44242656230926514,-0.12979774177074432,0.9994227290153503,0.20923259854316711,-0.19755885004997253,-0.12978199124336243,0.9006475806236267,-0.1783192902803421,-0.1989523470401764,-0.10309337079524994,0.8747715353965759,0.13265575468540192,-0.03344639763236046,-0.23493146896362305,0.2767997980117798,-0.11524707823991776,-0.04666732996702194,-0.21428576111793518,0.3550243079662323,0.11207887530326843,0.025195250287652016,-0.2603164613246918,0.21252216398715973,-0.09628699719905853,0.01065827626734972,-0.22944782674312592,0.28868764638900757,0.07266078889369965,0.020326318219304085,-0.3040015995502472,0.2948685586452484,-0.08113832026720047,0.014392372220754623,-0.2666216492652893,0.3640027642250061,0.10431588441133499,-0.02341911569237709,-0.2557900547981262,0.2618327736854553,-0.09699471294879913,-0.02956530451774597,-0.231581449508667,0.3353692889213562,0.1083197295665741,-0.007475309073925018,-0.0014274311251938343,0.16544362902641296,-0.10668398439884186,0.00026105192955583334,0.003295776667073369,0.1737452745437622,0.08461672067642212,-0.01967734657227993,-0.08024737238883972,0.11642508953809738,-0.08089879155158997,0.10505127906799316,-0.12492965906858444,0.1294812113046646,0.16033242642879486,0.30318483710289,0.16291795670986176,0.03129603713750839,-0.08069337159395218,0.4836183190345764,0.16161710023880005,0.05050342157483101,0.16552305221557617,0.32489463686943054,0.18754614889621735,0.01348068006336689,-0.07886986434459686,0.504366934299469,0.20468664169311523,0.021514052525162697,0.19866861402988434,0.2923441529273987,-0.04224678501486778,0.033905480057001114,-0.10653378069400787,0.5052322745323181,0.02515721507370472,0.04173458367586136,13,0.433,,,,,,,,,,,,,,,,,,,,,,,,,,,,,,,,,,,,,,,,,,,,,,,,,,,,,,,,,,,,,,,,,,,,,,,,,,,,,,,,,,,,
0.002394110197201371,-0.61794513463974,-0.32020461559295654,0.999524712562561,0.023742608726024628,-0.652815043926239,-0.3092045187950134,0.999136745929718,0.02336057461798191,-0.6524122357368469,-0.3110780119895935,0.9992724657058716,0.023755600675940514,-0.6523006558418274,-0.309308797121048,0.9991723299026489,-0.016050899401307106,-0.6556494235992432,-0.30957162380218506,0.9990984201431274,-0.013987520709633827,-0.6562699675559998,-0.30949103832244873,0.9992056488990784,-0.01460244506597519,-0.6552334427833557,-0.3056403398513794,0.9990673065185547,0.10112054646015167,-0.6283003687858582,-0.20643918216228485,0.9990968108177185,-0.05955962836742401,-0.6361786127090454,-0.18227674067020416,0.9989738464355469,0.024693835526704788,-0.586108386516571,-0.2889725863933563,0.9997284412384033,-0.021718529984354973,-0.5866084098815918,-0.2813780903816223,0.9996761083602905,0.18062861263751984,-0.43258431553840637,-0.14933331310749054,0.9995915293693542,-0.14679878950119019,-0.4424065351486206,-0.12974022328853607,0.9994211792945862,0.20914427936077118,-0.19829845428466797,-0.12989698350429535,0.9004756808280945,-0.17825515568256378,-0.1989862322807312,-0.10297028720378876,0.8753425478935242,0.13315370678901672,-0.03344373777508736,-0.23497164249420166,0.273508757352829,-0.11533709615468979,-0.04472198337316513,-0.21314319968223572,0.352294921875,0.11305408179759979,0.02530260570347309,-0.2603316605091095,0.20964382588863373,-0.09636010974645615,0.013630514964461327,-0.22768498957157135,0.2858555018901825,0.07332796603441238,0.020989246666431427,-0.304033100605011,0.2917799651622772,-0.08128838986158371,0.018070600926876068,-0.2654087543487549,0.3612288534641266,0.10477086901664734,-0.02336749993264675,-0.25585833191871643,0.258775532245636,-0.09709534049034119,-0.027154836803674698,-0.23058250546455383,0.33266639709472656,0.10829801112413406,-0.007606397848576307,-0.0014215592527762055,0.16235391795635223,-0.10666333884000778,0.00037140242056921124,0.0032919873483479023,0.169641375541687,0.08437144756317139,-0.01927163451910019,-0.07990609854459763,0.11532892286777496,-0.08070782572031021,0.10617324709892273,-0.1274843066930771,0.127716064453125,0.1610088050365448,0.30329084396362305,0.16291865706443787,0.031123967841267586,-0.08065197616815567,0.4837246835231781,0.1596660017967224,0.04977817460894585,0.1663714200258255,0.3249852657318115,0.18750439584255219,0.01332235336303711,-0.07888105511665344,0.5044873952865601,0.20279142260551453,0.021161487326025963,0.20056946575641632,0.2927112281322479,-0.04226865619421005,0.03373032063245773,-0.10659245401620865,0.5054316520690918,0.023062516003847122,0.04115770012140274,14,0.467,,,,,,,,,,,,,,,,,,,,,,,,,,,,,,,,,,,,,,,,,,,,,,,,,,,,,,,,,,,,,,,,,,,,,,,,,,,,,,,,,,,,
0.0021142398472875357,-0.6180872917175293,-0.3199020028114319,0.9995260834693909,0.02348407357931137,-0.6529768109321594,-0.3088773190975189,0.9991394877433777,0.023102281615138054,-0.6525745987892151,-0.31074443459510803,0.9992746710777283,0.023495985195040703,-0.6524636745452881,-0.30897483229637146,0.9991751313209534,-0.016333768144249916,-0.6558031439781189,-0.3092591166496277,0.9990997314453125,-0.014269650913774967,-0.6564235091209412,-0.3091827630996704,0.9992062449455261,-0.014883501455187798,-0.6553871035575867,-0.30533456802368164,0.9990682601928711,0.10088742524385452,-0.6284825801849365,-0.2061031609773636,0.9990981817245483,-0.05984048545360565,-0.6363286972045898,-0.18194422125816345,0.998974621295929,0.024427147582173347,-0.5862520337104797,-0.2886827886104584,0.999728262424469,-0.021994560956954956,-0.5867332220077515,-0.28109869360923767,0.9996752738952637,0.18042348325252533,-0.4329224228858948,-0.1490197330713272,0.9995898008346558,-0.14704808592796326,-0.4424217939376831,-0.1294713318347931,0.9994174242019653,0.2085433006286621,-0.19896748661994934,-0.12988628447055817,0.900447428226471,-0.17822350561618805,-0.1989963799715042,-0.10284346342086792,0.8760299682617188,0.13308140635490417,-0.03365885093808174,-0.23494486510753632,0.27282121777534485,-0.11537370830774307,-0.04407106339931488,-0.21315555274486542,0.352457731962204,0.11303490400314331,0.02527833916246891,-0.2603352963924408,0.20898808538913727,-0.09640688449144363,0.014285902492702007,-0.2278059422969818,0.2856891453266144,0.07331659644842148,0.021054048091173172,-0.30403926968574524,0.29125136137008667,-0.08134006708860397,0.018372785300016403,-0.26548269391059875,0.3612786829471588,0.10471747815608978,-0.02343500219285488,-0.255849689245224,0.2581598460674286,-0.0971311405301094,-0.026578223332762718,-0.23059053719043732,0.33261463046073914,0.10828333348035812,-0.007744333241134882,-0.0014253699919208884,0.16037708520889282,-0.10664990544319153,0.00047723291208967566,0.0032972129993140697,0.16660341620445251,0.08458717167377472,-0.018946412950754166,-0.07977154105901718,0.11449160426855087,-0.08046430349349976,0.10753914713859558,-0.12744325399398804,0.12561087310314178,0.1622978001832962,0.30264925956726074,0.16235773265361786,0.03086269274353981,-0.08001598715782166,0.48370739817619324,0.15968382358551025,0.04880695417523384,0.16776946187019348,0.3241904079914093,0.18681341409683228,0.013167621567845345,-0.07825594395399094,0.5044528841972351,0.20274527370929718,0.020769210532307625,0.20282091200351715,0.29230961203575134,-0.04245849698781967,0.03348778933286667,-0.10612042248249054,0.5055623054504395,0.0231189988553524,0.040439672768116,15,0.5,,,,,,,,,,,,,,,,,,,,,,,,,,,,,,,,,,,,,,,,,,,,,,,,,,,,,,,,,,,,,,,,,,,,,,,,,,,,,,,,,,,,
0.0020116125233471394,-0.618150532245636,-0.31967660784721375,0.9995304942131042,0.023336559534072876,-0.6530790328979492,-0.3086848556995392,0.9991478323936462,0.022955184802412987,-0.652676522731781,-0.3105495274066925,0.9992822408676147,0.023347441107034683,-0.6525659561157227,-0.3087831735610962,0.9991839528083801,-0.016468336805701256,-0.6558676958084106,-0.3090815246105194,0.9991053342819214,-0.014404681511223316,-0.6564873456954956,-0.30900612473487854,0.9992102980613708,-0.015018962323665619,-0.655450165271759,-0.3051580786705017,0.9990727305412292,0.10069301724433899,-0.6287412047386169,-0.20603466033935547,0.9991075992584229,-0.05995112285017967,-0.6363847851753235,-0.18182075023651123,0.9989811182022095,0.02434280887246132,-0.5863569378852844,-0.2884945869445801,0.9997307658195496,-0.02205732651054859,-0.5867896676063538,-0.2808993458747864,0.9996770024299622,0.18034909665584564,-0.43343356251716614,-0.14886361360549927,0.9995943903923035,-0.14705318212509155,-0.44242218136787415,-0.12950660288333893,0.9994191527366638,0.20858138799667358,-0.20013967156410217,-0.1294364333152771,0.9007163047790527,-0.17821456491947174,-0.1989908367395401,-0.10261330753564835,0.8772185444831848,0.13355907797813416,-0.03414170816540718,-0.23415592312812805,0.2721405625343323,-0.11549749225378036,-0.04331735149025917,-0.21135824918746948,0.35310712456703186,0.11372572183609009,0.02500956505537033,-0.2595711350440979,0.20828065276145935,-0.09653579443693161,0.015063180588185787,-0.22584837675094604,0.28584614396095276,0.07385426014661789,0.021049078553915024,-0.3032643496990204,0.29068171977996826,-0.0814361572265625,0.01906144618988037,-0.2634403705596924,0.3616924285888672,0.10519418120384216,-0.0236688032746315,-0.2550894320011139,0.2576706111431122,-0.09724649041891098,-0.025817103683948517,-0.2287324219942093,0.3330751657485962,0.10826417058706284,-0.007822597399353981,-0.0014166742330417037,0.15868766605854034,-0.10662607103586197,0.0005450499593280256,0.0032910334412008524,0.16403722763061523,0.08471424877643585,-0.018699273467063904,-0.07902440428733826,0.11276174336671829,-0.08037254959344864,0.1079869344830513,-0.12739336490631104,0.12332948297262192,0.16371260583400726,0.3018435835838318,0.16307751834392548,0.030374467372894287,-0.07941336184740067,0.4838773012161255,0.15996287763118744,0.04779199883341789,0.1693233847618103,0.323213666677475,0.18762682378292084,0.01296318881213665,-0.07762417197227478,0.5045946836471558,0.20308519899845123,0.02039337530732155,0.20441463589668274,0.2913714349269867,-0.04147222265601158,0.03301091119647026,-0.10543650388717651,0.5057776570320129,0.023631790652871132,0.03965921700000763,16,0.533,,,,,,,,,,,,,,,,,,,,,,,,,,,,,,,,,,,,,,,,,,,,,,,,,,,,,,,,,,,,,,,,,,,,,,,,,,,,,,,,,,,,
0.0016977476188912988,-0.6184206604957581,-0.3195922076702118,0.9995378851890564,0.022991131991147995,-0.6533927917480469,-0.30860617756843567,0.9991599917411804,0.022612137719988823,-0.6529904007911682,-0.3104669153690338,0.9992928504943848,0.023001478984951973,-0.6528795957565308,-0.30870237946510315,0.9991959929466248,-0.01680760085582733,-0.6561248302459717,-0.30900341272354126,0.9991168975830078,-0.014742616564035416,-0.6567427515983582,-0.3089295029640198,0.999220073223114,-0.01535714603960514,-0.6557048559188843,-0.30508366227149963,0.9990843534469604,0.10038740187883377,-0.6290804147720337,-0.2060524821281433,0.9991182684898376,-0.060161590576171875,-0.6365164518356323,-0.18177075684070587,0.9989940524101257,0.02408248372375965,-0.586626410484314,-0.2884547710418701,0.999733567237854,-0.02228352054953575,-0.5869871377944946,-0.2808426022529602,0.9996796250343323,0.18019545078277588,-0.4337414801120758,-0.14886684715747833,0.9995971322059631,-0.14706562459468842,-0.4424179494380951,-0.12955380976200104,0.9994221925735474,0.20838481187820435,-0.20086830854415894,-0.1294020116329193,0.900550901889801,-0.1781918704509735,-0.1989751011133194,-0.1025458499789238,0.8784024715423584,0.13365715742111206,-0.03469974547624588,-0.23349148035049438,0.2703847587108612,-0.11562176048755646,-0.04171082004904747,-0.2099372297525406,0.3532991111278534,0.11394380778074265,0.02461796998977661,-0.25879964232444763,0.20671913027763367,-0.09668100625276566,0.01696830242872238,-0.22420698404312134,0.2854880094528198,0.07414804399013519,0.02087181992828846,-0.3025723993778229,0.28902482986450195,-0.08158112317323685,0.02109379880130291,-0.2619543969631195,0.361503541469574,0.10533862560987473,-0.02405617944896221,-0.2544819414615631,0.2560708224773407,-0.09737018495798111,-0.024104146286845207,-0.22733074426651,0.33287179470062256,0.1082259938120842,-0.007901297882199287,-0.001411370118148625,0.15766285359859467,-0.10659220814704895,0.0006104259518906474,0.003287210129201412,0.1623270958662033,0.08467897027730942,-0.01852538250386715,-0.07788784801959991,0.11221864074468613,-0.08028184622526169,0.11060825735330582,-0.12640349566936493,0.12218143045902252,0.16403454542160034,0.3018440008163452,0.1633864790201187,0.030304480344057083,-0.07931826263666153,0.484642893075943,0.1619338095188141,0.04727506265044212,0.1696791797876358,0.3232048749923706,0.1879003494977951,0.012861655093729496,-0.07757210731506348,0.5054101943969727,0.20506080985069275,0.0201439056545496,0.2048608809709549,0.2915444076061249,-0.04111636430025101,0.032980311661958694,-0.10548710823059082,0.5071752071380615,0.026034722104668617,0.03929408639669418,17,0.567,,,,,,,,,,,,,,,,,,,,,,,,,,,,,,,,,,,,,,,,,,,,,,,,,,,,,,,,,,,,,,,,,,,,,,,,,,,,,,,,,,,,
0.0014117409009486437,-0.6188770532608032,-0.31931933760643005,0.9995415210723877,0.022623145952820778,-0.6538897752761841,-0.30830127000808716,0.9991660118103027,0.02224554680287838,-0.6534886956214905,-0.3101562559604645,0.9992974996566772,0.022633526474237442,-0.6533799767494202,-0.30839258432388306,0.9992019534111023,-0.0171513631939888,-0.656542181968689,-0.30873915553092957,0.9991233944892883,-0.015085101127624512,-0.6571589112281799,-0.3086714744567871,0.9992252588272095,-0.01570071466267109,-0.6561223864555359,-0.30482569336891174,0.9990919232368469,0.09986292570829391,-0.629682719707489,-0.20578747987747192,0.9991215467453003,-0.06054038554430008,-0.6367859840393066,-0.1816263049840927,0.9990030527114868,0.023787351325154305,-0.5871103405952454,-0.2882201671600342,0.9997339844703674,-0.02253953367471695,-0.5873634815216064,-0.2806544601917267,0.9996803402900696,0.17980296909809113,-0.43441489338874817,-0.14850136637687683,0.9995953440666199,-0.1472071409225464,-0.4424634873867035,-0.1295691281557083,0.9994224905967712,0.2079809606075287,-0.2022704780101776,-0.1289542019367218,0.9005426168441772,-0.1783226728439331,-0.19903594255447388,-0.1024479791522026,0.8799195289611816,0.1336384266614914,-0.03549635410308838,-0.23218850791454315,0.2707078754901886,-0.11545529961585999,-0.04123459756374359,-0.2092864066362381,0.35575076937675476,0.11393743753433228,0.023851614445447922,-0.2576545774936676,0.20674686133861542,-0.09634807705879211,0.01734941266477108,-0.2239084243774414,0.2869439423084259,0.07420490682125092,0.020115073770284653,-0.30131295323371887,0.28913605213165283,-0.08105332404375076,0.021111072972416878,-0.2613756060600281,0.36315038800239563,0.10534335672855377,-0.024803735315799713,-0.2532138526439667,0.2561901807785034,-0.09712881594896317,-0.023788489401340485,-0.2265530526638031,0.33438318967819214,0.10818301886320114,-0.008052155375480652,-0.0013817569706588984,0.15641334652900696,-0.10656116157770157,0.0007231871713884175,0.0032590364571660757,0.1606634110212326,0.0848756954073906,-0.018457509577274323,-0.07574237883090973,0.11140255630016327,-0.08022554218769073,0.11372671276330948,-0.12387531995773315,0.12078409641981125,0.16448019444942474,0.3001335859298706,0.16480883955955505,0.03003768064081669,-0.07928096503019333,0.4847542941570282,0.16457563638687134,0.04653416946530342,0.1701456755399704,0.3212618827819824,0.18927353620529175,0.012729556299746037,-0.07753939926624298,0.5054870843887329,0.20735403895378113,0.019835930317640305,0.20589707791805267,0.29034677147865295,-0.03840009123086929,0.03276216983795166,-0.10548248887062073,0.507939338684082,0.028754116967320442,0.038776010274887085,18,0.6,,,,,,,,,,,,,,,,,,,,,,,,,,,,,,,,,,,,,,,,,,,,,,,,,,,,,,,,,,,,,,,,,,,,,,,,,,,,,,,,,,,,
0.0010975116165354848,-0.6196578741073608,-0.3178930878639221,0.9995473623275757,0.022287296131253242,-0.6547213792800903,-0.3068912625312805,0.9991763234138489,0.021910030394792557,-0.6543211340904236,-0.3087408244609833,0.9993059039115906,0.022294586524367332,-0.6542154550552368,-0.3069749176502228,0.9992122054100037,-0.017456771805882454,-0.6573229432106018,-0.30725324153900146,0.9991329908370972,-0.01538979634642601,-0.6579392552375793,-0.30719462037086487,0.9992327690124512,-0.016006452962756157,-0.6569050550460815,-0.3033495545387268,0.9991016387939453,0.09964428097009659,-0.6305784583091736,-0.20480497181415558,0.9991304278373718,-0.060634858906269073,-0.6375123262405396,-0.1802663952112198,0.9990130066871643,0.02355465665459633,-0.5878937244415283,-0.28700506687164307,0.9997357130050659,-0.022726448252797127,-0.5880913138389587,-0.2793359160423279,0.999681830406189,0.17969325184822083,-0.43516984581947327,-0.14794185757637024,0.9995951652526855,-0.14721012115478516,-0.4427218735218048,-0.1285862922668457,0.9994220733642578,0.20762600004673004,-0.20316405594348907,-0.12845465540885925,0.9008506536483765,-0.17859330773353577,-0.19929683208465576,-0.10072773694992065,0.8810887336730957,0.13362710177898407,-0.03622332587838173,-0.23065941035747528,0.2718420922756195,-0.11567173153162003,-0.04092985391616821,-0.2060067504644394,0.35806578397750854,0.11393363773822784,0.023266803473234177,-0.2559698224067688,0.20734652876853943,-0.09654025733470917,0.017808886244893074,-0.22071558237075806,0.28819549083709717,0.07433928549289703,0.01959037035703659,-0.2994735836982727,0.28991350531578064,-0.08115138858556747,0.021342812106013298,-0.25785136222839355,0.3645480275154114,0.10536211729049683,-0.025468017905950546,-0.2516152858734131,0.25697779655456543,-0.09729786962270737,-0.02353563718497753,-0.22313162684440613,0.3358476161956787,0.10816381871700287,-0.008156738243997097,-0.0014017580542713404,0.15616318583488464,-0.1065448522567749,0.0008078768150880933,0.003280417760834098,0.15997804701328278,0.0851391851902008,-0.018326837569475174,-0.0750012993812561,0.11147421598434448,-0.08019983023405075,0.11524396389722824,-0.12206867337226868,0.12042746692895889,0.1649489849805832,0.2996302843093872,0.16562318801879883,0.030052006244659424,-0.07913140952587128,0.4854879081249237,0.1669168621301651,0.0462617464363575,0.17060856521129608,0.3206629753112793,0.19006848335266113,0.01265023835003376,-0.07737837731838226,0.5061910152435303,0.2095603495836258,0.01965557038784027,0.20640680193901062,0.2901364862918854,-0.03736533969640732,0.03279368579387665,-0.10548929125070572,0.5093969106674194,0.030877815559506416,0.038585077971220016,19,0.633,,,,,,,,,,,,,,,,,,,,,,,,,,,,,,,,,,,,,,,,,,,,,,,,,,,,,,,,,,,,,,,,,,,,,,,,,,,,,,,,,,,,
0.0012066351482644677,-0.6201969385147095,-0.3149430453777313,0.9995580911636353,0.02237589843571186,-0.6553409695625305,-0.303977370262146,0.999196469783783,0.021996838971972466,-0.6549375653266907,-0.30582910776138306,0.9993228912353516,0.022378478199243546,-0.6548354029655457,-0.3040505647659302,0.9992323517799377,-0.0173387099057436,-0.6579036712646484,-0.3042961359024048,0.999151349067688,-0.015271630138158798,-0.658517599105835,-0.3042549192905426,0.9992475509643555,-0.01588919758796692,-0.6574848890304565,-0.300405353307724,0.999118983745575,0.0997265875339508,-0.6313506960868835,-0.20245961844921112,0.9991516470909119,-0.06036214902997017,-0.6381856799125671,-0.17769908905029297,0.9990315437316895,0.023699864745140076,-0.5884619355201721,-0.2843194007873535,0.9997406601905823,-0.022523414343595505,-0.5886328220367432,-0.2765732407569885,0.9996860027313232,0.1797703057527542,-0.43602192401885986,-0.14674897491931915,0.9995980858802795,-0.1466219127178192,-0.44298627972602844,-0.12625840306282043,0.9994171261787415,0.20777234435081482,-0.20404742658138275,-0.12798310816287994,0.9021738767623901,-0.17837512493133545,-0.19953718781471252,-0.09928037971258163,0.8821977972984314,0.13388986885547638,-0.03697420656681061,-0.23034903407096863,0.27659428119659424,-0.11577501147985458,-0.040963511914014816,-0.20465774834156036,0.3622233271598816,0.11424347013235092,0.022727739065885544,-0.2556804120540619,0.2104417234659195,-0.0967763364315033,0.01777341589331627,-0.2196618765592575,0.2907138168811798,0.07488387823104858,0.0192379392683506,-0.29890531301498413,0.29355841875076294,-0.08133424073457718,0.021285006776452065,-0.2563675343990326,0.36724090576171875,0.10575652122497559,-0.02609219215810299,-0.25119689106941223,0.2607659101486206,-0.09740914404392242,-0.0235891193151474,-0.22169582545757294,0.3390209972858429,0.10815548151731491,-0.008212707936763763,-0.0014647559728473425,0.15695327520370483,-0.10653147846460342,0.0008552187937311828,0.003345341654494405,0.15961965918540955,0.08595164865255356,-0.01851925440132618,-0.07499610632658005,0.11101735383272171,-0.08034950494766235,0.11355700343847275,-0.12184350937604904,0.11926866322755814,0.16578254103660583,0.2984176576137543,0.16562137007713318,0.029938366264104843,-0.07823903113603592,0.4851667284965515,0.1678684800863266,0.04565775766968727,0.1713864952325821,0.31914788484573364,0.19004438817501068,0.012522010132670403,-0.07614116370677948,0.5057952404022217,0.2105419635772705,0.01939850114285946,0.20681798458099365,0.28874996304512024,-0.03792127966880798,0.03263572230935097,-0.1044582799077034,0.5093783140182495,0.03113430179655552,0.038104478269815445,20,0.667,,,,,,,,,,,,,,,,,,,,,,,,,,,,,,,,,,,,,,,,,,,,,,,,,,,,,,,,,,,,,,,,,,,,,,,,,,,,,,,,,,,,
0.0015177993336692452,-0.6203025579452515,-0.3136121332645416,0.9995625615119934,0.022523585706949234,-0.6555112600326538,-0.30259862542152405,0.9992058277130127,0.0221432875841856,-0.6551074981689453,-0.30445051193237305,0.9993307590484619,0.022523188963532448,-0.6550073623657227,-0.3026679456233978,0.9992420673370361,-0.017135756090283394,-0.6580109596252441,-0.3030987083911896,0.9991587996482849,-0.015068009495735168,-0.6586244702339172,-0.303069144487381,0.99925297498703,-0.015686403959989548,-0.6575920581817627,-0.29921865463256836,0.9991259574890137,0.09971735626459122,-0.6318104267120361,-0.20119218528270721,0.9991616010665894,-0.06028682738542557,-0.6383017301559448,-0.17712785303592682,0.9990412592887878,0.023946914821863174,-0.5886359810829163,-0.28304824233055115,0.9997426867485046,-0.02219097875058651,-0.5887322425842285,-0.27552372217178345,0.9996872544288635,0.1797676831483841,-0.4365962743759155,-0.1453714668750763,0.9995985627174377,-0.14636272192001343,-0.44301915168762207,-0.12599675357341766,0.9994121193885803,0.20781756937503815,-0.2047038972377777,-0.1268763691186905,0.9028662443161011,-0.1783597767353058,-0.19958645105361938,-0.09927289187908173,0.8838348388671875,0.1340273767709732,-0.03784176707267761,-0.22968608140945435,0.28017860651016235,-0.11588200181722641,-0.04124607890844345,-0.20471160113811493,0.36726582050323486,0.11437584459781647,0.02176308073103428,-0.2551507353782654,0.21269774436950684,-0.09693992137908936,0.01718403957784176,-0.21981662511825562,0.2940196990966797,0.07523149251937866,0.018163694068789482,-0.2980979382991791,0.2961185872554779,-0.08147303014993668,0.0200603436678648,-0.2564464807510376,0.37071043252944946,0.10600034892559052,-0.027014315128326416,-0.25047141313552856,0.2634996175765991,-0.0975266695022583,-0.024104146286845207,-0.22171330451965332,0.3426906168460846,0.10814330726861954,-0.0082508884370327,-0.0014509739121422172,0.157425656914711,-0.10651880502700806,0.0008859608788043261,0.003331776475533843,0.15932020545005798,0.08627718687057495,-0.01844281144440174,-0.07475601136684418,0.11050233244895935,-0.08059360086917877,0.11354462802410126,-0.12158365547657013,0.11853379011154175,0.16579921543598175,0.2978309392929077,0.16581816971302032,0.029763078317046165,-0.07819892466068268,0.48518115282058716,0.1681411862373352,0.04516888037323952,0.17139238119125366,0.3184419572353363,0.19019579887390137,0.012422490864992142,-0.07604863494634628,0.5058103799819946,0.21072137355804443,0.01920088194310665,0.20689643919467926,0.2883710265159607,-0.03763750568032265,0.03246347978711128,-0.10417738556861877,0.5098092555999756,0.031196229159832,0.03773730248212814,21,0.7,,,,,,,,,,,,,,,,,,,,,,,,,,,,,,,,,,,,,,,,,,,,,,,,,,,,,,,,,,,,,,,,,,,,,,,,,,,,,,,,,,,,
0.0015036340337246656,-0.6204248666763306,-0.31294509768486023,0.9995623230934143,0.022458933293819427,-0.655680775642395,-0.30179959535598755,0.9992060661315918,0.022077733650803566,-0.6552782654762268,-0.3036503493785858,0.9993301630020142,0.022457245737314224,-0.6551805734634399,-0.3018568158149719,0.9992426037788391,-0.017187582328915596,-0.6581382751464844,-0.30241259932518005,0.999159038066864,-0.015119378454983234,-0.6587521433830261,-0.302396684885025,0.9992526173591614,-0.01573781855404377,-0.6577208638191223,-0.29854679107666016,0.9991270899772644,0.09944143146276474,-0.6321427822113037,-0.20014236867427826,0.9991598129272461,-0.060480717569589615,-0.6384310126304626,-0.1767643392086029,0.9990429282188416,0.0239231176674366,-0.5887901186943054,-0.2823452651500702,0.9997414946556091,-0.02221059612929821,-0.5888358950614929,-0.2750048339366913,0.9996857643127441,0.17968778312206268,-0.43684738874435425,-0.14403408765792847,0.9995939135551453,-0.14642539620399475,-0.4430541694164276,-0.12569676339626312,0.9994063377380371,0.2078072428703308,-0.20486411452293396,-0.12578698992729187,0.9042385220527649,-0.17833878099918365,-0.1995943933725357,-0.09929583221673965,0.8861218690872192,0.13408099114894867,-0.0382167249917984,-0.2288372963666916,0.28755125403404236,-0.11588376760482788,-0.04140090197324753,-0.20535700023174286,0.37584617733955383,0.11439989507198334,0.02126174233853817,-0.2545700967311859,0.21756520867347717,-0.09695401042699814,0.016786443069577217,-0.22140352427959442,0.3000902831554413,0.07543615251779556,0.01720355451107025,-0.2972845137119293,0.3015650510787964,-0.08147972822189331,0.018780149519443512,-0.25750866532325745,0.37700581550598145,0.1061248853802681,-0.0275566466152668,-0.2495674043893814,0.26894712448120117,-0.09752625972032547,-0.024520710110664368,-0.22226065397262573,0.3490675687789917,0.10813584178686142,-0.00828859768807888,-0.0013856318546459079,0.15895789861679077,-0.10651135444641113,0.0009223176166415215,0.0032613910734653473,0.1602374017238617,0.08749694377183914,-0.018177511170506477,-0.07468024641275406,0.11082714796066284,-0.08060400933027267,0.11357572674751282,-0.1215345486998558,0.11844972521066666,0.1658281832933426,0.29793375730514526,0.16564905643463135,0.029820559546351433,-0.07771711051464081,0.4851095378398895,0.16744428873062134,0.04492639750242233,0.17140690982341766,0.31853628158569336,0.18983697891235352,0.012410672381520271,-0.07535451650619507,0.5057458877563477,0.20944249629974365,0.01905103400349617,0.20736297965049744,0.2886999547481537,-0.03759067878127098,0.032515790313482285,-0.10232342034578323,0.5100308060646057,0.029568130150437355,0.03756820037961006,22,0.734,,,,,,,,,,,,,,,,,,,,,,,,,,,,,,,,,,,,,,,,,,,,,,,,,,,,,,,,,,,,,,,,,,,,,,,,,,,,,,,,,,,,
0.0010520032374188304,-0.620665431022644,-0.31242892146110535,0.999576985836029,0.02199121005833149,-0.655998945236206,-0.30121326446533203,0.9992316365242004,0.021608388051390648,-0.6555922627449036,-0.303061842918396,0.9993515014648438,0.021981526166200638,-0.6554929614067078,-0.3012639582157135,0.9992669820785522,-0.017702465876936913,-0.6584323048591614,-0.3017624616622925,0.9991855025291443,-0.015634316951036453,-0.6590412855148315,-0.30175405740737915,0.9992755651473999,-0.016252050176262856,-0.6580097675323486,-0.2979051470756531,0.9991536140441895,0.09923548251390457,-0.6324442028999329,-0.19960655272006989,0.9991858601570129,-0.06080092862248421,-0.638674259185791,-0.1758788526058197,0.9990724921226501,0.023643741384148598,-0.5889949798583984,-0.28187504410743713,0.9997491240501404,-0.02253730222582817,-0.5890180468559265,-0.2744382917881012,0.9996941089630127,0.1796860545873642,-0.43703699111938477,-0.14397835731506348,0.9995988607406616,-0.14648820459842682,-0.44306454062461853,-0.125288188457489,0.9994109869003296,0.20788750052452087,-0.20515130460262299,-0.1259540468454361,0.9060553312301636,-0.17836108803749084,-0.19965463876724243,-0.09937690943479538,0.8885316848754883,0.1344999372959137,-0.03843281418085098,-0.2291487753391266,0.293018102645874,-0.11601873487234116,-0.041404157876968384,-0.20627166330814362,0.38231298327445984,0.11482759565114975,0.021227700635790825,-0.25481605529785156,0.22059939801692963,-0.09709765017032623,0.016852565109729767,-0.22229473292827606,0.3038587272167206,0.0758383497595787,0.017222126945853233,-0.2975691556930542,0.3053450584411621,-0.08157101273536682,0.01891675405204296,-0.25854161381721497,0.38121092319488525,0.106537364423275,-0.027657395228743553,-0.2498711794614792,0.2727862596511841,-0.09762171655893326,-0.02451782487332821,-0.22327174246311188,0.35364484786987305,0.10818898677825928,-0.008374961093068123,-0.00138094334397465,0.159148707985878,-0.1065496951341629,0.0010037758620455861,0.0032570110633969307,0.15984466671943665,0.08782999962568283,-0.021467430517077446,-0.0747915655374527,0.11024456471204758,-0.0808684378862381,0.11069411039352417,-0.1216987669467926,0.11735837161540985,0.1663224995136261,0.2949817180633545,0.16568034887313843,0.029697582125663757,-0.07773583382368088,0.4842486083507538,0.1681595891714096,0.04439735785126686,0.17190034687519073,0.3152775466442108,0.18987245857715607,0.012274004518985748,-0.07536144554615021,0.5047891139984131,0.2104603499174118,0.01872679591178894,0.20804589986801147,0.2841638922691345,-0.03844235837459564,0.03234446048736572,-0.10234130918979645,0.5090165138244629,0.029587846249341965,0.03708920627832413,23,0.767,,,,,,,,,,,,,,,,,,,,,,,,,,,,,,,,,,,,,,,,,,,,,,,,,,,,,,,,,,,,,,,,,,,,,,,,,,,,,,,,,,,,
0.0009504582267254591,-0.6206768155097961,-0.3123006522655487,0.9995834827423096,0.021848417818546295,-0.6560139656066895,-0.301064133644104,0.999243974685669,0.021464459598064423,-0.6556069254875183,-0.30291590094566345,0.9993615746498108,0.021837443113327026,-0.655507504940033,-0.3011157214641571,0.999278724193573,-0.017858613282442093,-0.6584467887878418,-0.3016200065612793,0.9991980791091919,-0.015790777280926704,-0.6590557098388672,-0.3016107976436615,0.9992861151695251,-0.01640811190009117,-0.6580241918563843,-0.29776161909103394,0.9991660118103027,0.09910836070775986,-0.6325069069862366,-0.19938641786575317,0.9991983771324158,-0.06100361421704292,-0.6387025713920593,-0.17571596801280975,0.9990870356559753,0.023572644218802452,-0.5890095233917236,-0.28172174096107483,0.9997524619102478,-0.022627031430602074,-0.5890311002731323,-0.2742953896522522,0.9996975064277649,0.1796809434890747,-0.4371717572212219,-0.14378057420253754,0.9995995163917542,-0.14659439027309418,-0.44306761026382446,-0.1251690685749054,0.9994105100631714,0.2079467475414276,-0.20536227524280548,-0.1259107142686844,0.9066935777664185,-0.17842212319374084,-0.19965583086013794,-0.09953200072050095,0.8897877335548401,0.1346290111541748,-0.03868001326918602,-0.22922487556934357,0.2959386706352234,-0.11615238338708878,-0.041405387222766876,-0.2077743411064148,0.38620373606681824,0.11490900814533234,0.02108335867524147,-0.25491881370544434,0.2224275916814804,-0.09727741777896881,0.01684442162513733,-0.22411927580833435,0.30639421939849854,0.07593005150556564,0.01713760942220688,-0.29766497015953064,0.3075577914714813,-0.08170562237501144,0.01889299787580967,-0.26028648018836975,0.3839973211288452,0.10666073113679886,-0.027850674465298653,-0.2499469369649887,0.275077760219574,-0.09773700684309006,-0.024528663605451584,-0.2247987687587738,0.35657885670661926,0.1082119271159172,-0.008435885421931744,-0.0013432814739644527,0.15921860933303833,-0.10656369477510452,0.0010575606720522046,0.003222566330805421,0.1594540774822235,0.08834517747163773,-0.02208802103996277,-0.07476820796728134,0.10994482040405273,-0.08091079443693161,0.10937996953725815,-0.12172243744134903,0.11653503775596619,0.16654810309410095,0.29440435767173767,0.16581937670707703,0.029623862355947495,-0.07765268534421921,0.4834776520729065,0.16818490624427795,0.04400407895445824,0.17211134731769562,0.31471171975135803,0.19000032544136047,0.012216020375490189,-0.07522404193878174,0.5039064884185791,0.2104986310005188,0.018525825813412666,0.2086363583803177,0.2832532525062561,-0.038446277379989624,0.03225903585553169,-0.10181814432144165,0.5081443786621094,0.02946811355650425,0.036764971911907196,24,0.8,,,,,,,,,,,,,,,,,,,,,,,,,,,,,,,,,,,,,,,,,,,,,,,,,,,,,,,,,,,,,,,,,,,,,,,,,,,,,,,,,,,,
0.0009060808806680143,-0.6206732392311096,-0.31226351857185364,0.9995814561843872,0.021797338500618935,-0.6560229659080505,-0.3010302782058716,0.9992424249649048,0.021413013339042664,-0.6556158661842346,-0.3028861880302429,0.9993597269058228,0.021787142381072044,-0.6555163860321045,-0.3010857403278351,0.9992774128913879,-0.017923112958669662,-0.6584587097167969,-0.3015640079975128,0.9991959929466248,-0.01585601270198822,-0.6590678691864014,-0.301548033952713,0.9992835521697998,-0.016472024843096733,-0.6580362915992737,-0.29769960045814514,0.999163806438446,0.09910300374031067,-0.6325334310531616,-0.1993265002965927,0.9991948008537292,-0.06101880222558975,-0.6387939453125,-0.17555993795394897,0.9990831017494202,0.023556165397167206,-0.5890185832977295,-0.2816723883152008,0.9997503757476807,-0.022644365206360817,-0.589043140411377,-0.27421823143959045,0.9996941089630127,0.17973573505878448,-0.43724486231803894,-0.14374393224716187,0.9995948076248169,-0.14660212397575378,-0.44309887290000916,-0.125035360455513,0.99940425157547,0.20792163908481598,-0.205544576048851,-0.12587334215641022,0.9059605598449707,-0.17858463525772095,-0.1996421068906784,-0.09948940575122833,0.8893429636955261,0.13472804427146912,-0.03881944343447685,-0.22925731539726257,0.29496538639068604,-0.11804115772247314,-0.04100828245282173,-0.20807889103889465,0.3855392038822174,0.11502327024936676,0.021011849865317345,-0.25493064522743225,0.22218994796276093,-0.10002738982439041,0.017333468422293663,-0.22434988617897034,0.3062247335910797,0.07606010138988495,0.017121655866503716,-0.29769644141197205,0.3074122965335846,-0.08474396169185638,0.019476912915706635,-0.2606476843357086,0.3839890956878662,0.10676226764917374,-0.027929561212658882,-0.24999579787254333,0.27497923374176025,-0.0998511016368866,-0.024034010246396065,-0.2251737266778946,0.35658949613571167,0.1082138791680336,-0.008501065894961357,-0.0012987620430067182,0.1576337069272995,-0.10655981302261353,0.0011059854878112674,0.0031876121647655964,0.15753065049648285,0.08877391368150711,-0.021983159705996513,-0.07472377270460129,0.1100117415189743,-0.08086977899074554,0.10931524634361267,-0.1217866837978363,0.1160990372300148,0.16672655940055847,0.29436391592025757,0.16586004197597504,0.029642613604664803,-0.07760030776262283,0.48331210017204285,0.1678924858570099,0.04375409707427025,0.1722620129585266,0.3147021234035492,0.1900559365749359,0.012205105274915695,-0.07516074925661087,0.5036103129386902,0.21024376153945923,0.018379706889390945,0.20946648716926575,0.2827809453010559,-0.0385112501680851,0.032284993678331375,-0.10126083344221115,0.5073103904724121,0.02901584282517433,0.036564115434885025,25,0.834,,,,,,,,,,,,,,,,,,,,,,,,,,,,,,,,,,,,,,,,,,,,,,,,,,,,,,,,,,,,,,,,,,,,,,,,,,,,,,,,,,,,
0.0009333717753179371,-0.620614767074585,-0.31218665838241577,0.9995730519294739,0.021842462942004204,-0.6559813022613525,-0.30096760392189026,0.999231219291687,0.021457243710756302,-0.6555740237236023,-0.3028291165828705,0.99934983253479,0.021833032369613647,-0.6554747223854065,-0.3010272979736328,0.9992673397064209,-0.017889758571982384,-0.6584390997886658,-0.3014680743217468,0.9991828799247742,-0.015823792666196823,-0.6590492129325867,-0.30144384503364563,0.9992708563804626,-0.016438953578472137,-0.6580175757408142,-0.2975948452949524,0.9991496801376343,0.0993201732635498,-0.6325241923332214,-0.19925303757190704,0.9991828799247742,-0.06088406592607498,-0.6388399600982666,-0.17533041536808014,0.9990656971931458,0.023631349205970764,-0.5889806747436523,-0.28158479928970337,0.9997455477714539,-0.02258666232228279,-0.589032769203186,-0.2740820646286011,0.9996870160102844,0.17991089820861816,-0.4372606575489044,-0.14369621872901917,0.9995884895324707,-0.14650852978229523,-0.4431344270706177,-0.1246742233633995,0.9993948340415955,0.2079165279865265,-0.20557180047035217,-0.12580952048301697,0.9050185680389404,-0.17864418029785156,-0.19964180886745453,-0.09882552176713943,0.8882343173027039,0.13475020229816437,-0.038984060287475586,-0.2292812317609787,0.29362040758132935,-0.11977092176675797,-0.04082134738564491,-0.20798161625862122,0.3836585283279419,0.11503162235021591,0.02086815983057022,-0.2549396753311157,0.22168530523777008,-0.10253342986106873,0.0175680760294199,-0.2241443246603012,0.3051237463951111,0.07608091086149216,0.017025176435709,-0.2977169156074524,0.3068734407424927,-0.08749692887067795,0.019748017191886902,-0.26053309440612793,0.3829030990600586,0.1067829579114914,-0.028056951239705086,-0.2500151991844177,0.27455851435661316,-0.1017981469631195,-0.023791540414094925,-0.22511498630046844,0.3556341230869293,0.10821356624364853,-0.008526364341378212,-0.0012845523888245225,0.1557280421257019,-0.10655171424150467,0.0011302361963316798,0.00317854224704206,0.15538351237773895,0.08923234790563583,-0.021910587325692177,-0.0747276246547699,0.10971454530954361,-0.08085308969020844,0.10839646309614182,-0.12182304263114929,0.11536255478858948,0.16675563156604767,0.29441916942596436,0.1660768836736679,0.029565894976258278,-0.07755406200885773,0.4831801652908325,0.16774135828018188,0.04341801255941391,0.17227673530578613,0.31477710604667664,0.19034114480018616,0.012191426008939743,-0.07509888708591461,0.5033852458000183,0.21014408767223358,0.01825438067317009,0.20965565741062164,0.2825518846511841,-0.038492560386657715,0.03216584771871567,-0.10065221786499023,0.5061123371124268,0.028851773589849472,0.03624437004327774,26,0.867,,,,,,,,,,,,,,,,,,,,,,,,,,,,,,,,,,,,,,,,,,,,,,,,,,,,,,,,,,,,,,,,,,,,,,,,,,,,,,,,,,,,
0.001306627644225955,-0.6206175684928894,-0.312150776386261,0.9995744824409485,0.022371258586645126,-0.6559837460517883,-0.3009593188762665,0.9992353320121765,0.02198079042136669,-0.6555759906768799,-0.3028252124786377,0.9993529319763184,0.022358760237693787,-0.6554765701293945,-0.30102232098579407,0.9992718696594238,-0.017377197742462158,-0.6584482192993164,-0.3014127314090729,0.9991859793663025,-0.015315532684326172,-0.6590583920478821,-0.30138376355171204,0.999272882938385,-0.015928542241454124,-0.6580267548561096,-0.29753461480140686,0.999151885509491,0.10024118423461914,-0.632507860660553,-0.19926287233829498,0.9991874098777771,-0.060073982924222946,-0.638921320438385,-0.1751212179660797,0.9990645051002502,0.02406565099954605,-0.5889831185340881,-0.28155505657196045,0.9997454881668091,-0.022176971659064293,-0.5890475511550903,-0.27398189902305603,0.9996852874755859,0.1804599016904831,-0.43727540969848633,-0.1439594030380249,0.9995867013931274,-0.14609740674495697,-0.4432942569255829,-0.12413118034601212,0.9993889927864075,0.20793260633945465,-0.2055429369211197,-0.126272514462471,0.9049026370048523,-0.1785566359758377,-0.19990327954292297,-0.09881162643432617,0.8869604468345642,0.13460589945316315,-0.03899801895022392,-0.23010116815567017,0.29417291283607483,-0.11987579613924026,-0.04277806729078293,-0.20955480635166168,0.3828849792480469,0.11468879878520966,0.020882533863186836,-0.2555675208568573,0.2225399762392044,-0.10270223021507263,0.015237911604344845,-0.22578373551368713,0.30493810772895813,0.07578545808792114,0.017069244757294655,-0.2984039783477783,0.30795663595199585,-0.08761628717184067,0.017246121540665627,-0.2621091902256012,0.3828139007091522,0.10660512000322342,-0.02805965207517147,-0.2507692575454712,0.2757258713245392,-0.10190104693174362,-0.025827685371041298,-0.22677476704120636,0.35582971572875977,0.1082444116473198,-0.008554774336516857,-0.0013051407877355814,0.15517769753932953,-0.10655807703733444,0.0011565650347620249,0.003207955276593566,0.15486617386341095,0.08937253803014755,-0.022801479324698448,-0.07520665228366852,0.10987578332424164,-0.08123328536748886,0.10395089536905289,-0.1219719871878624,0.11506596952676773,0.16645202040672302,0.2940523326396942,0.16619783639907837,0.02966160699725151,-0.0780206173658371,0.48261725902557373,0.16772322356700897,0.04342193156480789,0.17185184359550476,0.3144640624523163,0.19054189324378967,0.012224688194692135,-0.07551845163106918,0.5027167797088623,0.21014373004436493,0.018248096108436584,0.20885683596134186,0.2813359200954437,-0.03877158463001251,0.03222588822245598,-0.10088344663381577,0.5043423175811768,0.028573404997587204,0.03619116172194481,27,0.9,,,,,,,,,,,,,,,,,,,,,,,,,,,,,,,,,,,,,,,,,,,,,,,,,,,,,,,,,,,,,,,,,,,,,,,,,,,,,,,,,,,,
0.002186482772231102,-0.6206399202346802,-0.3121335506439209,0.9995825290679932,0.023517126217484474,-0.655999481678009,-0.3009503483772278,0.9992513656616211,0.023116473108530045,-0.655590295791626,-0.3028210699558258,0.9993659257888794,0.02349405735731125,-0.6554906368255615,-0.3010157346725464,0.9992882013320923,-0.01629849150776863,-0.6585009098052979,-0.3013732433319092,0.999201238155365,-0.01424465049058199,-0.6591095328330994,-0.30134156346321106,0.9992852210998535,-0.014856569468975067,-0.6580770611763,-0.2974903881549835,0.9991663098335266,0.10175123065710068,-0.6324707269668579,-0.19923000037670135,0.9992052912712097,-0.05892089381814003,-0.6390629410743713,-0.17489735782146454,0.9990769028663635,0.024992013350129128,-0.5889888405799866,-0.2815234065055847,0.9997500777244568,-0.021352354437112808,-0.5890902876853943,-0.27389851212501526,0.9996889233589172,0.18131552636623383,-0.4372876286506653,-0.1441756933927536,0.9995908141136169,-0.14553920924663544,-0.4434632360935211,-0.12361698597669601,0.9993894696235657,0.20829391479492188,-0.20554283261299133,-0.12663426995277405,0.9065223336219788,-0.17842739820480347,-0.20025897026062012,-0.0988052487373352,0.8875279426574707,0.13456344604492188,-0.039097901433706284,-0.23116262257099152,0.3004763126373291,-0.11993104219436646,-0.04418552294373512,-0.2111790031194687,0.38746145367622375,0.11440867185592651,0.020878102630376816,-0.25658178329467773,0.22706976532936096,-0.10284500569105148,0.013964498415589333,-0.22754737734794617,0.30833038687705994,0.0753667876124382,0.017123134806752205,-0.2992827892303467,0.31337210536003113,-0.08763591945171356,0.016018787398934364,-0.2637702524662018,0.3866196274757385,0.10647991299629211,-0.028095517307519913,-0.25164395570755005,0.28121665120124817,-0.10192963480949402,-0.0271608904004097,-0.22847573459148407,0.36010685563087463,0.1083536222577095,-0.008582043461501598,-0.0013101274380460382,0.15498405694961548,-0.10659880936145782,0.0011803804663941264,0.0032177488319575787,0.15440401434898376,0.0902605727314949,-0.02722381055355072,-0.07607142627239227,0.10869677364826202,-0.08198577165603638,0.09200423210859299,-0.12244673818349838,0.11320333182811737,0.16645658016204834,0.29084300994873047,0.16684333980083466,0.029381534084677696,-0.0782206803560257,0.47919920086860657,0.16820311546325684,0.042713712900877,0.17184452712535858,0.3110092580318451,0.19137972593307495,0.012125142849981785,-0.07560180127620697,0.4988711178302765,0.21111685037612915,0.017964938655495644,0.20876185595989227,0.27375778555870056,-0.039151933044195175,0.0318317711353302,-0.10057936608791351,0.49733322858810425,0.028550798073410988,0.03551246225833893,28,0.934,,,,,,,,,,,,,,,,,,,,,,,,,,,,,,,,,,,,,,,,,,,,,,,,,,,,,,,,,,,,,,,,,,,,,,,,,,,,,,,,,,,,
0.002326503163203597,-0.6204079389572144,-0.31253379583358765,0.9995801448822021,0.023762237280607224,-0.6557630300521851,-0.3015051484107971,0.9992503523826599,0.023356253281235695,-0.6553524732589722,-0.303402841091156,0.9993642568588257,0.02373967133462429,-0.655254602432251,-0.30158472061157227,0.9992891550064087,-0.01605323515832424,-0.65836101770401,-0.3016946315765381,0.9991984367370605,-0.01400399673730135,-0.6589725017547607,-0.30164897441864014,0.999281108379364,-0.014615601859986782,-0.6579408049583435,-0.2977922856807709,0.9991627335548401,0.10280346125364304,-0.6322416067123413,-0.1999615579843521,0.99920654296875,-0.05796113237738609,-0.6390839219093323,-0.17493881285190582,0.9990652799606323,0.025318820029497147,-0.5887759923934937,-0.2819630205631256,0.9997486472129822,-0.021045604720711708,-0.5890023708343506,-0.27410969138145447,0.9996848702430725,0.18256792426109314,-0.4371517598628998,-0.14511741697788239,0.9995890259742737,-0.14454315602779388,-0.4438249170780182,-0.12310473620891571,0.9993849992752075,0.20851095020771027,-0.20520220696926117,-0.12666817009449005,0.9071981906890869,-0.1778373122215271,-0.2007637619972229,-0.09775376319885254,0.8859765529632568,0.1345362812280655,-0.038715384900569916,-0.2309149205684662,0.3055923879146576,-0.11991023272275925,-0.045646581798791885,-0.211323544383049,0.3895338475704193,0.11420533061027527,0.021406253799796104,-0.2562324106693268,0.2319159209728241,-0.10291357338428497,0.012157734483480453,-0.22793316841125488,0.31111517548561096,0.07529608905315399,0.017531808465719223,-0.2989165186882019,0.3188881278038025,-0.08764554560184479,0.013603273779153824,-0.2639659345149994,0.3895954191684723,0.10644852370023727,-0.027720442041754723,-0.2513129711151123,0.28654927015304565,-0.10191479325294495,-0.02880551852285862,-0.2286069244146347,0.36312878131866455,0.10839327424764633,-0.00859145075082779,-0.0014031672617420554,0.15513268113136292,-0.10660675168037415,0.0011896383948624134,0.0033317613415420055,0.15468339622020721,0.09156423807144165,-0.027510903775691986,-0.07649507373571396,0.1096152737736702,-0.08213313668966293,0.08967544883489609,-0.12243089079856873,0.11360900849103928,0.16629482805728912,0.29013803601264954,0.16764599084854126,0.02962356060743332,-0.07821498066186905,0.4779578745365143,0.1681479960680008,0.04298471286892891,0.17154081165790558,0.31040000915527344,0.192360982298851,0.012250050902366638,-0.07554947584867477,0.4974071681499481,0.21106357872486115,0.018103748559951782,0.20823484659194946,0.27255088090896606,-0.03890373930335045,0.03201903775334358,-0.10018834471702576,0.4950264096260071,0.0281523410230875,0.03568292036652565,29,0.967,,,,,,,,,,,,,,,,,,,,,,,,,,,,,,,,,,,,,,,,,,,,,,,,,,,,,,,,,,,,,,,,,,,,,,,,,,,,,,,,,,,,
0.0026501351967453957,-0.6197594404220581,-0.31361255049705505,0.9995813965797424,0.024289805442094803,-0.6550872325897217,-0.30276381969451904,0.9992542266845703,0.023873528465628624,-0.6546717882156372,-0.30469179153442383,0.9993679523468018,0.024261044338345528,-0.6545729041099548,-0.3028581440448761,0.9992953538894653,-0.015582328662276268,-0.6578103303909302,-0.30258336663246155,0.9991984367370605,-0.013540564104914665,-0.6584210395812988,-0.3025127947330475,0.9992794990539551,-0.014150753617286682,-0.6573878526687622,-0.29864686727523804,0.9991607069969177,0.10427158325910568,-0.6314675211906433,-0.20148885250091553,0.9992151856422424,-0.056835878640413284,-0.638897180557251,-0.17512460052967072,0.9990572333335876,0.025906484574079514,-0.5881234407424927,-0.28311172127723694,0.9997516870498657,-0.02054283395409584,-0.5885489583015442,-0.27478569746017456,0.9996856451034546,0.1840595155954361,-0.4366653859615326,-0.14677244424819946,0.9995968341827393,-0.14352348446846008,-0.4439072906970978,-0.1229931116104126,0.9993910789489746,0.20910081267356873,-0.20487767457962036,-0.12724967300891876,0.9088267683982849,-0.17802365124225616,-0.201509490609169,-0.0961756631731987,0.8862981796264648,0.13465848565101624,-0.038720663636922836,-0.23116759955883026,0.31082895398139954,-0.11982972174882889,-0.048321597278118134,-0.21083471179008484,0.3934095501899719,0.11419378221035004,0.021431144326925278,-0.25631967186927795,0.23594407737255096,-0.10270120203495026,0.00947604887187481,-0.22728054225444794,0.3143608868122101,0.07533878833055496,0.017564557492733,-0.29903775453567505,0.3236251473426819,-0.08705084770917892,0.01037066150456667,-0.26318249106407166,0.3931474983692169,0.1065366268157959,-0.027719097211956978,-0.25146982073783875,0.29107630252838135,-0.10170035809278488,-0.03170112147927284,-0.2280907779932022,0.36662405729293823,0.10849852114915848,-0.00853335577994585,-0.0016873129643499851,0.1548895537853241,-0.10663586854934692,0.0011610747314989567,0.003643941367045045,0.15472060441970825,0.09186843782663345,-0.02956106700003147,-0.08241584897041321,0.11046647280454636,-0.08267577737569809,0.08145490288734436,-0.12439990788698196,0.11412419378757477,0.1660250425338745,0.28955650329589844,0.16737252473831177,0.029936229810118675,-0.07838410884141922,0.47749483585357666,0.16787147521972656,0.04340128228068352,0.1711835414171219,0.30993854999542236,0.19223269820213318,0.01237957552075386,-0.07564299553632736,0.4969749450683594,0.21101486682891846,0.018298540264368057,0.2069040685892105,0.2703568935394287,-0.04145743325352669,0.032155171036720276,-0.10022479295730591,0.4926290214061737,0.027220405638217926,0.035810425877571106,30,1.001,,,,,,,,,,,,,,,,,,,,,,,,,,,,,,,,,,,,,,,,,,,,,,,,,,,,,,,,,,,,,,,,,,,,,,,,,,,,,,,,,,,,
0.003647726494818926,-0.6191691160202026,-0.313770592212677,0.9995800256729126,0.025494365021586418,-0.6544780135154724,-0.30298036336898804,0.9992546439170837,0.025059401988983154,-0.6540605425834656,-0.30492347478866577,0.9993686676025391,0.025452714413404465,-0.6539627909660339,-0.3030787408351898,0.9992988109588623,-0.014373289421200752,-0.6573175191879272,-0.3026721179485321,0.9991930723190308,-0.012343129143118858,-0.6579293608665466,-0.3025973439216614,0.9992727637290955,-0.012953617610037327,-0.656896710395813,-0.2987271249294281,0.9991527199745178,0.10630197077989578,-0.6307306885719299,-0.2018553912639618,0.9992218017578125,-0.054829757660627365,-0.6387276649475098,-0.1751164346933365,0.9990427494049072,0.027252480387687683,-0.5874910354614258,-0.2833176851272583,0.9997537732124329,-0.019241919741034508,-0.5881145596504211,-0.2748471200466156,0.9996843934059143,0.1860588639974594,-0.4358687102794647,-0.14747023582458496,0.999602735042572,-0.1415226012468338,-0.4441875219345093,-0.12226875126361847,0.9993926882743835,0.210244819521904,-0.20393799245357513,-0.12736818194389343,0.9117039442062378,-0.17808334529399872,-0.20374226570129395,-0.09546559303998947,0.8878250122070312,0.1346704363822937,-0.03828338161110878,-0.23115886747837067,0.32384049892425537,-0.11916176974773407,-0.05830730125308037,-0.21129074692726135,0.4042406678199768,0.11392911523580551,0.022040972486138344,-0.25628867745399475,0.2457471787929535,-0.10160422325134277,-0.002258128486573696,-0.2283211648464203,0.3231540024280548,0.07523591816425323,0.018020149320364,-0.29892024397850037,0.3342907428741455,-0.08484281599521637,-0.0036342113744467497,-0.26348021626472473,0.4020973742008209,0.10653938353061676,-0.02732614055275917,-0.25136542320251465,0.3018026351928711,-0.10061639547348022,-0.042896535247564316,-0.2283780425786972,0.37584537267684937,0.10857081413269043,-0.008298737928271294,-0.0020586790051311255,0.157477468252182,-0.10664798319339752,0.0010202685371041298,0.004027110990136862,0.15717056393623352,0.0931323915719986,-0.02939264290034771,-0.08937637507915497,0.11145366728305817,-0.08343908935785294,0.07121827453374863,-0.12744967639446259,0.11451344937086105,0.16574659943580627,0.29074826836586,0.16296757757663727,0.03028564341366291,-0.07761064916849136,0.4757480323314667,0.16423141956329346,0.0436718724668026,0.17078205943107605,0.3113913834095001,0.1877008080482483,0.012537967413663864,-0.07430093735456467,0.4953540563583374,0.20754802227020264,0.018521955236792564,0.20487447082996368,0.2706940472126007,-0.048112351447343826,0.03223119303584099,-0.0977514311671257,0.4892978072166443,0.02232801541686058,0.03580489382147789,31,1.034,,,,,,,,,,,,,,,,,,,,,,,,,,,,,,,,,,,,,,,,,,,,,,,,,,,,,,,,,,,,,,,,,,,,,,,,,,,,,,,,,,,,
0.005613729357719421,-0.6184564828872681,-0.3138599097728729,0.9995797872543335,0.02725779451429844,-0.6538264155387878,-0.303047776222229,0.9992584586143494,0.026804210618138313,-0.653405487537384,-0.30499890446662903,0.9993708729743958,0.02720256708562374,-0.6533071994781494,-0.3031446933746338,0.9993045330047607,-0.012623703107237816,-0.6567365527153015,-0.3027258515357971,0.9991939663887024,-0.010601050220429897,-0.657342791557312,-0.3026558458805084,0.9992713332176208,-0.011219321750104427,-0.6563111543655396,-0.29877954721450806,0.9991522431373596,0.10805898904800415,-0.6301320195198059,-0.20186154544353485,0.9992303252220154,-0.05332085117697716,-0.6384611129760742,-0.1751488298177719,0.9990418553352356,0.029494188725948334,-0.5867385268211365,-0.2833854556083679,0.9997571110725403,-0.01716333068907261,-0.5875058174133301,-0.2749119699001312,0.9996862411499023,0.18810060620307922,-0.4354209005832672,-0.1474916934967041,0.9996041059494019,-0.1400308758020401,-0.44436681270599365,-0.12197114527225494,0.9993914365768433,0.21166743338108063,-0.20317675173282623,-0.12719738483428955,0.915080726146698,-0.17905515432357788,-0.20631447434425354,-0.09678132086992264,0.8909640312194824,0.13435502350330353,-0.0381709560751915,-0.2307141274213791,0.34329530596733093,-0.11796803027391434,-0.06966854631900787,-0.22084207832813263,0.42101186513900757,0.11231477558612823,0.02216288447380066,-0.2560212314128876,0.2597363591194153,-0.09944095462560654,-0.01583617366850376,-0.2415815144777298,0.33566123247146606,0.0741744264960289,0.018011221662163734,-0.29807597398757935,0.3487772047519684,-0.08079444617033005,-0.020490426570177078,-0.27296316623687744,0.4142524302005768,0.10617528855800629,-0.02731166034936905,-0.2504787743091583,0.3168933391571045,-0.09869600087404251,-0.056068114936351776,-0.23690031468868256,0.3887918293476105,0.10871956497430801,-0.008149957284331322,-0.002086553256958723,0.16045737266540527,-0.10670819878578186,0.0009658780181780457,0.004049994051456451,0.15945212543010712,0.09607914835214615,-0.02978135272860527,-0.09152934700250626,0.11039328575134277,-0.08420254290103912,0.057241570204496384,-0.12915392220020294,0.1123490184545517,0.16532927751541138,0.29086557030677795,0.16137002408504486,0.030127504840493202,-0.07579559087753296,0.46491214632987976,0.1633709967136383,0.04273216798901558,0.17024822533130646,0.31153038144111633,0.18571241199970245,0.012597283348441124,-0.07131055742502213,0.4843429625034332,0.20655329525470734,0.01831652596592903,0.20401982963085175,0.27070850133895874,-0.05062771961092949,0.031734906136989594,-0.0885913223028183,0.47837334871292114,0.01960364542901516,0.03486793860793114,32,1.067,,,,,,,,,,,,,,,,,,,,,,,,,,,,,,,,,,,,,,,,,,,,,,,,,,,,,,,,,,,,,,,,,,,,,,,,,,,,,,,,,,,,
0.010840656235814095,-0.6183353662490845,-0.3079071640968323,0.9995784759521484,0.031189989298582077,-0.6537792682647705,-0.29683637619018555,0.9992657899856567,0.03068690188229084,-0.6533583402633667,-0.29889270663261414,0.9993743300437927,0.031106136739253998,-0.653264582157135,-0.29689428210258484,0.9993147850036621,-0.00811779499053955,-0.656650960445404,-0.2967988848686218,0.9991965889930725,-0.006109578534960747,-0.6572579741477966,-0.29681071639060974,0.9992684721946716,-0.006738315336406231,-0.6562291383743286,-0.29286009073257446,0.9991541504859924,0.11021091043949127,-0.6301566958427429,-0.19577620923519135,0.999238133430481,-0.04978124424815178,-0.6384441256523132,-0.17203296720981598,0.9990437030792236,0.03462892025709152,-0.5866557359695435,-0.2777796685695648,0.999759316444397,-0.011640017852187157,-0.5873929858207703,-0.2700428366661072,0.999686598777771,0.19094251096248627,-0.43544015288352966,-0.14155621826648712,0.9996010661125183,-0.13717399537563324,-0.44508689641952515,-0.11597596853971481,0.9993754625320435,0.21164385974407196,-0.20233790576457977,-0.12077170610427856,0.9189918637275696,-0.17987410724163055,-0.20823030173778534,-0.09787617623806,0.8950404524803162,0.13424429297447205,-0.03797132521867752,-0.22780762612819672,0.3803849518299103,-0.10814327001571655,-0.08405978232622147,-0.23907193541526794,0.4521937072277069,0.11186543852090836,0.02221943996846676,-0.2549179792404175,0.29212647676467896,-0.08693075180053711,-0.03403174877166748,-0.26851436495780945,0.36303815245628357,0.07467730343341827,0.01745280995965004,-0.294802725315094,0.37953633069992065,-0.06335045397281647,-0.047582365572452545,-0.29189547896385193,0.4395323693752289,0.10627363622188568,-0.02732206881046295,-0.24661093950271606,0.3490794003009796,-0.08655718713998795,-0.07446660101413727,-0.2528029680252075,0.41511306166648865,0.10915309935808182,-0.007815108634531498,-0.0020721491891890764,0.16959187388420105,-0.1069909930229187,0.0006876711850054562,0.004033442120999098,0.1648181527853012,0.10223037004470825,-0.030136972665786743,-0.09258376061916351,0.10950387269258499,-0.08743563294410706,0.02785257250070572,-0.13137589395046234,0.10865583270788193,0.16075822710990906,0.28974026441574097,0.15369337797164917,0.02992105484008789,-0.07092776894569397,0.4268265664577484,0.15654362738132477,0.04085436463356018,0.1647266149520874,0.3099355101585388,0.17581933736801147,0.012698725797235966,-0.0630735531449318,0.4438555836677551,0.1972493678331375,0.017791010439395905,0.20063824951648712,0.26549622416496277,-0.061103906482458115,0.031229598447680473,-0.06785400211811066,0.44588956236839294,0.005056863650679588,0.03348256275057793,33,1.101,,,,,,,,,,,,,,,,,,,,,,,,,,,,,,,,,,,,,,,,,,,,,,,,,,,,,,,,,,,,,,,,,,,,,,,,,,,,,,,,,,,,
0.01767560839653015,-0.6182447075843811,-0.3061293065547943,0.9995794892311096,0.03769350051879883,-0.653738796710968,-0.294661283493042,0.999277651309967,0.037148237228393555,-0.6533159613609314,-0.2968020737171173,0.9993827939033508,0.03759076073765755,-0.6532244086265564,-0.2947550117969513,0.9993290901184082,-0.0017150086350739002,-0.6565954685211182,-0.29449546337127686,0.9992024898529053,0.00026709854137152433,-0.6572024822235107,-0.2944934368133545,0.9992681741714478,-0.0003565801016520709,-0.6561753153800964,-0.29051122069358826,0.9991570115089417,0.11687461286783218,-0.6300680637359619,-0.1932895928621292,0.9992505311965942,-0.04388400539755821,-0.638343095779419,-0.16964510083198547,0.9990469217300415,0.04182552173733711,-0.5865209698677063,-0.2761553227901459,0.9997634291648865,-0.004762846976518631,-0.5872659683227539,-0.26834404468536377,0.9996882677078247,0.1972789764404297,-0.4347681403160095,-0.14020158350467682,0.9995989799499512,-0.13365626335144043,-0.445239782333374,-0.11391092836856842,0.9993634819984436,0.21165946125984192,-0.20000161230564117,-0.12041965872049332,0.9209467768669128,-0.18269692361354828,-0.20921652019023895,-0.09997958689928055,0.8981983065605164,0.13402338325977325,-0.03753303363919258,-0.2295559048652649,0.40526676177978516,-0.09796018153429031,-0.09033894538879395,-0.2515874207019806,0.4765453636646271,0.11071707308292389,0.0224993284791708,-0.2576555609703064,0.3142577111721039,-0.0725906565785408,-0.0408988818526268,-0.28153544664382935,0.38447755575180054,0.0746859610080719,0.01742696389555931,-0.2962372899055481,0.4010632336139679,-0.04554419964551926,-0.05615998059511185,-0.30323415994644165,0.45962443947792053,0.10626687109470367,-0.027180040255188942,-0.24785874783992767,0.3716362714767456,-0.07406118512153625,-0.08144277334213257,-0.26460281014442444,0.4357846975326538,0.1099332794547081,-0.007513647433370352,-0.0019373714458197355,0.17182797193527222,-0.10745315253734589,0.00040050112875178456,0.003926241770386696,0.16554753482341766,0.10481666028499603,-0.04153791069984436,-0.09409258514642715,0.10874586552381516,-0.09198115766048431,0.005036212969571352,-0.13547660410404205,0.1058611273765564,0.1560916304588318,0.2773270606994629,0.1540183126926422,0.029630081728100777,-0.07145433127880096,0.41317468881607056,0.15580925345420837,0.03932999446988106,0.15938997268676758,0.2966986894607544,0.17632760107517242,0.012762115336954594,-0.06351634114980698,0.4291408360004425,0.19703999161720276,0.0173022598028183,0.19735635817050934,0.24268296360969543,-0.06123580038547516,0.030654432252049446,-0.06808651238679886,0.42644864320755005,0.001866782084107399,0.03225260600447655,34,1.134,,,,,,,,,,,,,,,,,,,,,,,,,,,,,,,,,,,,,,,,,,,,,,,,,,,,,,,,,,,,,,,,,,,,,,,,,,,,,,,,,,,,
0.03190627321600914,-0.6113199591636658,-0.3094455897808075,0.9995772838592529,0.05133412778377533,-0.6472914218902588,-0.29786330461502075,0.9992860555648804,0.0507366918027401,-0.6468541026115417,-0.30014652013778687,0.9993884563446045,0.05125129222869873,-0.6467489004135132,-0.29806241393089294,0.9993366599082947,0.011724209412932396,-0.6503400802612305,-0.29718679189682007,0.9992083311080933,0.013682686723768711,-0.6509801745414734,-0.2971179783344269,0.9992700219154358,0.013085831888020039,-0.649975061416626,-0.29309093952178955,0.9991605877876282,0.13205969333648682,-0.6244872212409973,-0.19625042378902435,0.9992579817771912,-0.029305269941687584,-0.6337913870811462,-0.17171341180801392,0.9990535974502563,0.056583572179079056,-0.5800741910934448,-0.27991989254951477,0.9997657537460327,0.009766695089638233,-0.5811823606491089,-0.27170777320861816,0.9996882081031799,0.21168668568134308,-0.426816463470459,-0.1438903957605362,0.9995734691619873,-0.12273947894573212,-0.444631963968277,-0.11423064023256302,0.9993264675140381,0.21444576978683472,-0.1880512237548828,-0.13059793412685394,0.9161930680274963,-0.1816636174917221,-0.2093885987997055,-0.11893315613269806,0.893751859664917,0.1264180839061737,-0.037526123225688934,-0.25980520248413086,0.4066077768802643,-0.08903893828392029,-0.11306747794151306,-0.30404984951019287,0.48123183846473694,0.09566064924001694,0.021047694608569145,-0.28980594873428345,0.3197983503341675,-0.06215422600507736,-0.07359734922647476,-0.3386669456958771,0.39204496145248413,0.06413966417312622,0.011272941716015339,-0.3251722753047943,0.40603676438331604,-0.036734841763973236,-0.09165830165147781,-0.3571881353855133,0.4669274091720581,0.09918827563524246,-0.02803572453558445,-0.27725765109062195,0.37666863203048706,-0.06562751531600952,-0.10663685947656631,-0.31670448184013367,0.4422207176685333,0.11023213714361191,-0.0072544775903224945,-0.0018830628832802176,0.16940554976463318,-0.10758178681135178,5.9691519709303975e-05,0.003911925945430994,0.16278570890426636,0.1055140420794487,-0.04137250408530235,-0.09475813806056976,0.11216219514608383,-0.09582804143428802,0.008298657834529877,-0.1358497142791748,0.10674082487821579,0.1533820480108261,0.2755279839038849,0.1585046797990799,0.03059038706123829,-0.07171699404716492,0.41323575377464294,0.15638422966003418,0.03924150392413139,0.15606890618801117,0.2951904237270355,0.18223677575588226,0.013803444802761078,-0.0638529509305954,0.428545206785202,0.19810733199119568,0.01778934709727764,0.1927078515291214,0.24027393758296967,-0.0603749044239521,0.031251274049282074,-0.06834124773740768,0.4288153350353241,0.0032326115760952234,0.032173093408346176,35,1.167,,,,,,,,,,,,,,,,,,,,,,,,,,,,,,,,,,,,,,,,,,,,,,,,,,,,,,,,,,,,,,,,,,,,,,,,,,,,,,,,,,,,
0.04203503206372261,-0.5982216000556946,-0.32754918932914734,0.9995821118354797,0.06010323762893677,-0.634842574596405,-0.3172115981578827,0.9992964267730713,0.05948643758893013,-0.6344345211982727,-0.3195480406284332,0.9993907809257507,0.060057900846004486,-0.6342759728431702,-0.317412406206131,0.9993360638618469,0.021340880542993546,-0.6377753019332886,-0.31668820977211,0.9992306232452393,0.02332639880478382,-0.6384026408195496,-0.3166857659816742,0.9992895126342773,0.02271769940853119,-0.6374281644821167,-0.31256017088890076,0.9991856813430786,0.13785164058208466,-0.6135894060134888,-0.21558606624603271,0.9992669224739075,-0.020558392629027367,-0.6217375993728638,-0.19437219202518463,0.9990924000740051,0.06535106897354126,-0.5673063397407532,-0.298298716545105,0.9997678995132446,0.01934642344713211,-0.5680810809135437,-0.29114124178886414,0.9996960759162903,0.21647238731384277,-0.41711246967315674,-0.151164710521698,0.9995225667953491,-0.11455699056386948,-0.4382917582988739,-0.1241522803902626,0.9993247389793396,0.21361234784126282,-0.1757970005273819,-0.14107714593410492,0.9120882153511047,-0.1798499971628189,-0.20911690592765808,-0.17572253942489624,0.8953458666801453,0.12008362263441086,-0.03758075833320618,-0.2710873782634735,0.4207433760166168,-0.07325775176286697,-0.16616201400756836,-0.3836400806903839,0.5113239288330078,0.08523987978696823,0.016300147399306297,-0.29711127281188965,0.3342081308364868,-0.04111313819885254,-0.14788076281547546,-0.42359769344329834,0.422653466463089,0.0616399422287941,0.0016461798222735524,-0.328700453042984,0.41744041442871094,-0.0169520303606987,-0.17482362687587738,-0.4274667203426361,0.493367999792099,0.09540649503469467,-0.030245834961533546,-0.28642964363098145,0.3878910541534424,-0.04918912425637245,-0.16750843822956085,-0.39045414328575134,0.46594366431236267,0.11030291765928268,-0.006895330734550953,-0.0009527795482426882,0.1770208775997162,-0.10765095055103302,-0.00032740863389335573,0.0030569906812161207,0.17249271273612976,0.10535422712564468,-0.022503582760691643,-0.08766451478004456,0.1199396401643753,-0.10348258167505264,0.019265413284301758,-0.1298280507326126,0.1116190031170845,0.13567283749580383,0.28486430644989014,0.1646561473608017,0.032186172902584076,-0.07531719654798508,0.4173084795475006,0.15643727779388428,0.040203407406806946,0.13694503903388977,0.3052321672439575,0.18706652522087097,0.015283625572919846,-0.06532356142997742,0.43338650465011597,0.19658952951431274,0.0186386089771986,0.16942355036735535,0.2544023394584656,-0.0524553619325161,0.032755617052316666,-0.06883641332387924,0.4368912875652313,0.0016856801230460405,0.03321188688278198,36,1.201,,,,,,,,,,,,,,,,,,,,,,,,,,,,,,,,,,,,,,,,,,,,,,,,,,,,,,,,,,,,,,,,,,,,,,,,,,,,,,,,,,,,
0.05035125091671944,-0.5958255529403687,-0.3278473913669586,0.9995527863502502,0.06555502861738205,-0.6328086256980896,-0.3175351321697235,0.9992623925209045,0.06493915617465973,-0.6324353814125061,-0.3198539912700653,0.9993440508842468,0.06558336317539215,-0.6323105096817017,-0.31768810749053955,0.9992874264717102,0.028553297743201256,-0.6350123286247253,-0.3182152807712555,0.9992148280143738,0.030572673305869102,-0.6356555819511414,-0.3182506263256073,0.9992697834968567,0.02994704619050026,-0.6347364783287048,-0.3140888214111328,0.9991751313209534,0.13687297701835632,-0.6124957203865051,-0.21541278064250946,0.9992290139198303,-0.016978437080979347,-0.617033064365387,-0.2021075338125229,0.9990947842597961,0.07098842412233353,-0.5650615096092224,-0.29850661754608154,0.9997380971908569,0.026680221781134605,-0.564750075340271,-0.2933339476585388,0.9996745586395264,0.21438272297382355,-0.4168320894241333,-0.14196082949638367,0.9993216395378113,-0.10751648247241974,-0.4330315887928009,-0.12631691992282867,0.9992101192474365,0.20770849287509918,-0.17215654253959656,-0.12408299744129181,0.8999360799789429,-0.16539055109024048,-0.20874899625778198,-0.1977425217628479,0.8931838870048523,0.13112220168113708,-0.037600498646497726,-0.23905949294567108,0.43769627809524536,-0.05137115344405174,-0.23337547481060028,-0.3981686532497406,0.5435009002685547,0.10258328914642334,0.009862756356596947,-0.2589380741119385,0.35327205061912537,-0.018603578209877014,-0.240448459982872,-0.44312843680381775,0.45756304264068604,0.09864328056573868,-0.00798163004219532,-0.28235581517219543,0.4309196472167969,-0.001944667543284595,-0.2830013036727905,-0.43408074975013733,0.5220178961753845,0.11526452749967575,-0.03230459615588188,-0.2521214783191681,0.4021722078323364,-0.03056621178984642,-0.245475634932518,-0.40032336115837097,0.4915023446083069,0.10974837094545364,-0.006737769115716219,0.0024617472663521767,0.18515144288539886,-0.10732937604188919,-0.0007792001706548035,-0.0002793095773085952,0.18240629136562347,0.11057811230421066,-0.007266913540661335,-0.05083116516470909,0.13065294921398163,-0.10430697351694107,0.033153969794511795,-0.11073122173547745,0.12086623907089233,0.12272540479898453,0.28544920682907104,0.18574748933315277,0.034142643213272095,-0.07548125088214874,0.41392529010772705,0.15214069187641144,0.042673785239458084,0.1225287988781929,0.3056570589542389,0.20463326573371887,0.017105039209127426,-0.06517509371042252,0.4294354021549225,0.18346746265888214,0.02037799544632435,0.16543719172477722,0.2635136842727661,-0.014155895449221134,0.035284511744976044,-0.06019532307982445,0.43946731090545654,-0.009367032907903194,0.03662451356649399,37,1.234,,,,,,,,,,,,,,,,,,,,,,,,,,,,,,,,,,,,,,,,,,,,,,,,,,,,,,,,,,,,,,,,,,,,,,,,,,,,,,,,,,,,
0.05367855727672577,-0.596340000629425,-0.31641897559165955,0.9995782971382141,0.06958001852035522,-0.633396327495575,-0.30736130475997925,0.9992963075637817,0.0689292624592781,-0.6330172419548035,-0.30965715646743774,0.9993691444396973,0.06953249871730804,-0.6329027414321899,-0.30739688873291016,0.9993177652359009,0.0329279899597168,-0.635595977306366,-0.3087444603443146,0.9992563724517822,0.034937918186187744,-0.636216402053833,-0.3089800477027893,0.9993073344230652,0.034303613007068634,-0.6352809071540833,-0.30481672286987305,0.9992221593856812,0.14036081731319427,-0.6130120754241943,-0.2078399509191513,0.9992690682411194,-0.011963202618062496,-0.6182163953781128,-0.1982748806476593,0.9991514086723328,0.07495027035474777,-0.5659535527229309,-0.2879487872123718,0.999751627445221,0.030703339725732803,-0.5657491683959961,-0.2836551368236542,0.9996938705444336,0.2178870588541031,-0.4176173210144043,-0.12774954736232758,0.9993384480476379,-0.10168550163507462,-0.4369671642780304,-0.12209594994783401,0.9992550611495972,0.21036812663078308,-0.16985692083835602,-0.10797446221113205,0.9056570529937744,-0.16627910733222961,-0.23822522163391113,-0.1985207051038742,0.9017890691757202,0.1463622748851776,-0.037392616271972656,-0.21056613326072693,0.48103412985801697,-0.046456482261419296,-0.3035677969455719,-0.3863893151283264,0.5856636762619019,0.11889352649450302,0.00829031877219677,-0.22867099940776825,0.39271223545074463,-0.008800935931503773,-0.3141959011554718,-0.42867082357406616,0.5026232600212097,0.11422908306121826,-0.0073831272311508656,-0.2503582239151001,0.4646504819393158,0.007937884889543056,-0.3502938151359558,-0.4152235686779022,0.5604943037033081,0.13130441308021545,-0.03232825919985771,-0.22200316190719604,0.4377696216106415,-0.025034455582499504,-0.31358984112739563,-0.38669174909591675,0.5301674008369446,0.10993167757987976,-0.005487082060426474,0.003406877862289548,0.19734136760234833,-0.10750581324100494,-0.0020571532659232616,-0.0013075628085061908,0.19721758365631104,0.11860949546098709,-0.008868029341101646,-0.055601827800273895,0.1328897774219513,-0.10850691795349121,0.020958565175533295,-0.11241120100021362,0.12391966581344604,0.12571829557418823,0.2825847864151001,0.18630297482013702,0.0345296673476696,-0.07590633630752563,0.4085794985294342,0.15241241455078125,0.04235918074846268,0.12619100511074066,0.3015095591545105,0.2051902562379837,0.01748950406908989,-0.06518972665071487,0.42432311177253723,0.1844250112771988,0.020355617627501488,0.16831983625888824,0.25778552889823914,-0.018549419939517975,0.035602763295173645,-0.058086566627025604,0.4402594566345215,-0.013558798469603062,0.03667621687054634,38,1.267,,,,,,,,,,,,,,,,,,,,,,,,,,,,,,,,,,,,,,,,,,,,,,,,,,,,,,,,,,,,,,,,,,,,,,,,,,,,,,,,,,,,
0.05448189750313759,-0.5967966914176941,-0.30146870017051697,0.9996103048324585,0.07079428434371948,-0.6340246796607971,-0.2926804721355438,0.9993428587913513,0.07014717161655426,-0.6336528062820435,-0.29473623633384705,0.9994072914123535,0.07069577276706696,-0.6335381865501404,-0.29246875643730164,0.9993606805801392,0.03449869900941849,-0.635956346988678,-0.29499557614326477,0.9993101358413696,0.03654690831899643,-0.6366271376609802,-0.2955130338668823,0.999357283115387,0.03588172420859337,-0.63569575548172,-0.2913558781147003,0.9992809295654297,0.14007972180843353,-0.6152355074882507,-0.1959882378578186,0.9993236064910889,-0.011490465141832829,-0.619102954864502,-0.1878311038017273,0.9992209076881409,0.07555075734853745,-0.5666748881340027,-0.27396562695503235,0.9997706413269043,0.03135668858885765,-0.5661511421203613,-0.2701174020767212,0.9997192621231079,0.2175821214914322,-0.4190863370895386,-0.1121140792965889,0.9993743300437927,-0.1013871431350708,-0.437328964471817,-0.11316337436437607,0.9993106126785278,0.21297945082187653,-0.17040401697158813,-0.08274713158607483,0.9127464294433594,-0.1732960343360901,-0.25862446427345276,-0.20571830868721008,0.9107654690742493,0.16739897429943085,-0.03738883137702942,-0.1597229689359665,0.5248223543167114,-0.05433916673064232,-0.3607155382633209,-0.38350188732147217,0.6254149675369263,0.14499299228191376,0.006654524244368076,-0.17379054427146912,0.4305184483528137,-0.018310585990548134,-0.38146576285362244,-0.4232262670993805,0.5456264615058899,0.14127828180789948,-0.006597828585654497,-0.19505898654460907,0.49676382541656494,-0.0026155917439609766,-0.41737017035484314,-0.4049909710884094,0.5972505211830139,0.15362735092639923,-0.0324505940079689,-0.17045608162879944,0.4722369909286499,-0.03312937915325165,-0.37290504574775696,-0.3818502724170685,0.5676451921463013,0.11018494516611099,-0.005045033060014248,0.0034557622857391834,0.21317633986473083,-0.10789123922586441,-0.0024273195303976536,-0.0014532755594700575,0.2153523862361908,0.12422551959753036,-0.021865010261535645,-0.05712243542075157,0.1288958042860031,-0.11032324284315109,0.02005944773554802,-0.10833710432052612,0.12056394666433334,0.12692508101463318,0.26724350452423096,0.18730466067790985,0.033360470086336136,-0.07592862099409103,0.40176892280578613,0.16591285169124603,0.04021709784865379,0.12753622233867645,0.28304192423820496,0.20548821985721588,0.016984103247523308,-0.06479019671678543,0.418303906917572,0.19557158648967743,0.019460458308458328,0.16896332800388336,0.24291712045669556,-0.019057633355259895,0.034381646662950516,-0.057935524731874466,0.4415263235569,-0.011404601857066154,0.03506581112742424,39,1.301,,,,,,,,,,,,,,,,,,,,,,,,,,,,,,,,,,,,,,,,,,,,,,,,,,,,,,,,,,,,,,,,,,,,,,,,,,,,,,,,,,,,
0.05727611109614372,-0.5975831747055054,-0.29320821166038513,0.9996334910392761,0.07372985780239105,-0.6346895694732666,-0.28457072377204895,0.9993739128112793,0.07304978370666504,-0.6343136429786682,-0.28665992617607117,0.9994310140609741,0.07358311116695404,-0.6342032551765442,-0.28433695435523987,0.9993904829025269,0.03796601668000221,-0.6366809606552124,-0.28669723868370056,0.9993466734886169,0.040008049458265305,-0.6373341679573059,-0.28726398944854736,0.9993901252746582,0.039305027574300766,-0.6363934874534607,-0.28308501839637756,0.999322235584259,0.14265960454940796,-0.6156503558158875,-0.18955785036087036,0.9993658661842346,-0.006534391548484564,-0.6196041703224182,-0.1812000423669815,0.9992741942405701,0.07858676463365555,-0.5673468112945557,-0.26633015275001526,0.999786376953125,0.034847211092710495,-0.5669301748275757,-0.26227614283561707,0.9997404217720032,0.21917706727981567,-0.41860532760620117,-0.10891754180192947,0.9994036555290222,-0.09661763906478882,-0.44015222787857056,-0.10470620542764664,0.9993594288825989,0.2141895890235901,-0.16597430408000946,-0.08499708771705627,0.9200240969657898,-0.1813579648733139,-0.26862460374832153,-0.19407841563224792,0.9189178347587585,0.16557930409908295,-0.03922880440950394,-0.1715828776359558,0.5687016248703003,-0.05863942205905914,-0.34433674812316895,-0.3672548532485962,0.6616681814193726,0.14099663496017456,-5.608754145214334e-05,-0.18991723656654358,0.47546011209487915,-0.022823698818683624,-0.35426923632621765,-0.4075683057308197,0.5858886241912842,0.13550160825252533,-0.013476777821779251,-0.2105463743209839,0.5354181528091431,-0.005451352801173925,-0.39083999395370483,-0.39322295784950256,0.6318972706794739,0.15090876817703247,-0.03636897727847099,-0.1821875125169754,0.5133103728294373,-0.03741136193275452,-0.3545719087123871,-0.36723825335502625,0.6039373874664307,0.11025386303663254,-0.003454491961747408,0.0034249036107212305,0.23091807961463928,-0.10793652385473251,-0.0035370816476643085,-0.0014390130527317524,0.23614206910133362,0.13544049859046936,-0.022108394652605057,-0.05915629863739014,0.12675179541110992,-0.11063285917043686,-0.0040452200919389725,-0.10695207118988037,0.1196489930152893,0.12874054908752441,0.2685031294822693,0.1937227100133896,0.03257529437541962,-0.07024846971035004,0.3968013525009155,0.17265817523002625,0.03880786895751953,0.12985751032829285,0.2847053110599518,0.21127665042877197,0.016804499551653862,-0.05540374666452408,0.4141494631767273,0.202028289437294,0.019048042595386505,0.1709132045507431,0.24350161850452423,-0.009540985338389874,0.033211786299943924,-0.043381694704294205,0.436465859413147,-0.006906046997755766,0.03376416116952896,40,1.334,,,,,,,,,,,,,,,,,,,,,,,,,,,,,,,,,,,,,,,,,,,,,,,,,,,,,,,,,,,,,,,,,,,,,,,,,,,,,,,,,,,,
0.05727430060505867,-0.5981695652008057,-0.2754972577095032,0.99965900182724,0.07466056942939758,-0.6351557970046997,-0.26743367314338684,0.9994120597839355,0.0739683285355568,-0.6347784996032715,-0.2694903016090393,0.9994626641273499,0.0744687169790268,-0.6346731781959534,-0.26713454723358154,0.9994271993637085,0.039205919951200485,-0.6372186541557312,-0.2689070999622345,0.9993886351585388,0.04124356433749199,-0.637863039970398,-0.26950696110725403,0.9994280338287354,0.04051783308386803,-0.6369166970252991,-0.265323281288147,0.9993671178817749,0.14366692304611206,-0.6159444451332092,-0.17427614331245422,0.9994126558303833,-0.0038060422521084547,-0.6201097965240479,-0.16218161582946777,0.9993270039558411,0.0784895047545433,-0.567838191986084,-0.2490406334400177,0.9998021125793457,0.0350695475935936,-0.56743323802948,-0.24401506781578064,0.9997605681419373,0.2185826152563095,-0.41766566038131714,-0.10081217437982559,0.9994379281997681,-0.09386187791824341,-0.44392427802085876,-0.08509419858455658,0.999405562877655,0.21414223313331604,-0.1643953174352646,-0.08492337912321091,0.9272238612174988,-0.18433316051959991,-0.27388978004455566,-0.1899522840976715,0.9264575839042664,0.16072703897953033,-0.06099856272339821,-0.17233434319496155,0.6099029183387756,-0.07405215501785278,-0.36444875597953796,-0.3650910556316376,0.694813072681427,0.13038837909698486,-0.032807569950819016,-0.19147828221321106,0.5199560523033142,-0.03846282139420509,-0.38075679540634155,-0.40035775303840637,0.6238663792610168,0.13107486069202423,-0.04795993119478226,-0.2057819664478302,0.5738985538482666,-0.024856189265847206,-0.416069895029068,-0.36883240938186646,0.6648517847061157,0.15029723942279816,-0.06282920390367508,-0.1801847219467163,0.5540794134140015,-0.05520826578140259,-0.3757275342941284,-0.3536592721939087,0.6388572454452515,0.11027177423238754,-0.0015146344667300582,0.0020527152810245752,0.25953975319862366,-0.10794653743505478,-0.004724739119410515,-0.0003590218548197299,0.26849594712257385,0.14210975170135498,-0.01926926150918007,-0.07485189288854599,0.12530803680419922,-0.11197753995656967,-0.01384047232568264,-0.10801820456981659,0.11981620639562607,0.1290886253118515,0.2699344754219055,0.1908799409866333,0.031845252960920334,-0.06663180142641068,0.3997749090194702,0.17197862267494202,0.037858862429857254,0.13074874877929688,0.2850053906440735,0.20694953203201294,0.01653081737458706,-0.05056401342153549,0.4148957133293152,0.2015262395143509,0.018860138952732086,0.16972430050373077,0.2457718700170517,-0.012715107761323452,0.03199088200926781,-0.042724162340164185,0.43862637877464294,-0.006528621539473534,0.03266291692852974,41,1.368,0.5834198594093323,0.5529156923294067,2.4317853331012884e-07,,0.6063790321350098,0.5465134382247925,-0.011954614892601967,,0.6294879913330078,0.52980637550354,-0.0187202300876379,,0.6455309987068176,0.520809531211853,-0.026367049664258957,,0.6521790623664856,0.5097236633300781,-0.03352225944399834,,0.6264170408248901,0.43825650215148926,-0.006970302201807499,,0.6355278491973877,0.38930362462997437,-0.01923101581633091,,0.6450287699699402,0.3610082268714905,-0.02934502810239792,,0.6545690894126892,0.3428085744380951,-0.03595516458153725,,0.6105589866638184,0.4297176003456116,-0.010335235856473446,,0.6191096305847168,0.3662884533405304,-0.023999666795134544,,0.6333117485046387,0.3421139419078827,-0.033757783472537994,,0.6459284424781799,0.33079439401626587,-0.039285965263843536,,0.5944884419441223,0.4336892366409302,-0.01568802446126938,,0.6052694320678711,0.4030527174472809,-0.03441489860415459,,0.6145685315132141,0.4366426467895508,-0.04004720225930214,,0.6182465553283691,0.4705366790294647,-0.03947841376066208,,0.5783495903015137,0.4485766887664795,-0.022118104621767998,,0.5914613008499146,0.43633270263671875,-0.0372992679476738,,0.6004254817962646,0.46150216460227966,-0.040035709738731384,,0.6044006943702698,0.4866741895675659,-0.03903385251760483,
0.054415393620729446,-0.5986794829368591,-0.27656790614128113,0.9996882081031799,0.07416455447673798,-0.6353994607925415,-0.2687745690345764,0.9994581341743469,0.07351917773485184,-0.6350231170654297,-0.2708286643028259,0.9995030760765076,0.07403995096683502,-0.6349291205406189,-0.2685689628124237,0.9994714856147766,0.03815537691116333,-0.6378546953201294,-0.2689603567123413,0.9994377493858337,0.04020048677921295,-0.6384434700012207,-0.26942142844200134,0.999473512172699,0.03950551152229309,-0.6374777555465698,-0.2652347981929779,0.999417781829834,0.14322713017463684,-0.6147239804267883,-0.17594537138938904,0.9994643926620483,-0.005157884210348129,-0.6206362247467041,-0.15546227991580963,0.9993823766708374,0.07655753195285797,-0.568198025226593,-0.25027212500572205,0.9998193383216858,0.03352689743041992,-0.5679454207420349,-0.24304690957069397,0.9997814297676086,0.21801218390464783,-0.41374853253364563,-0.10460477322340012,0.999477207660675,-0.0951678454875946,-0.44586679339408875,-0.07415799796581268,0.9994503259658813,0.21878917515277863,-0.15582555532455444,-0.08515320718288422,0.9333828687667847,-0.18763038516044617,-0.30000805854797363,-0.18498526513576508,0.9326426982879639,0.16391144692897797,-0.005700261797755957,-0.16397210955619812,0.6431900858879089,-0.09267809242010117,-0.4168040454387665,-0.3558911979198456,0.7235094904899597,0.1354595124721527,0.041556935757398605,-0.17525127530097961,0.549606204032898,-0.05751332268118858,-0.4377444386482239,-0.39172640442848206,0.6541181206703186,0.1271498203277588,0.043589089065790176,-0.19340550899505615,0.5995727181434631,-0.050626855343580246,-0.4602680206298828,-0.3631882667541504,0.6905234456062317,0.14830441772937775,0.0025226916186511517,-0.171619713306427,0.5815191268920898,-0.07633315026760101,-0.423564612865448,-0.3498878479003906,0.6649118661880493,0.11031369864940643,-0.00111663481220603,-0.0014258436858654022,0.2778846025466919,-0.10794980823993683,-0.00495672132819891,0.003020401345565915,0.29120194911956787,0.1394328624010086,-0.030505729839205742,-0.08332423120737076,0.12182158976793289,-0.1121767908334732,-0.024163834750652313,-0.1087055504322052,0.11661621183156967,0.13840392231941223,0.2590685188770294,0.19014866650104523,0.03065798059105873,-0.06688473373651505,0.4018647372722626,0.1797676831483841,0.036425672471523285,0.14038531482219696,0.27348703145980835,0.2065107524394989,0.015912819653749466,-0.051013149321079254,0.41816991567611694,0.21407906711101532,0.018356774002313614,0.17050465941429138,0.22839857637882233,-0.018987903371453285,0.030574820935726166,-0.049407705664634705,0.4339243471622467,0.004788994789123535,0.0312386155128479,42,1.401,0.5857204794883728,0.5199064016342163,3.32974792627283e-07,,0.6113957166671753,0.5127421617507935,-0.011654396541416645,,0.6342753767967224,0.48906368017196655,-0.01938335783779621,,0.6421263217926025,0.46713972091674805,-0.027953531593084335,,0.6373363137245178,0.4475477635860443,-0.03610607609152794,,0.6350588798522949,0.40016698837280273,-0.007880185730755329,,0.6453331708908081,0.36105746030807495,-0.021535854786634445,,0.6531546711921692,0.34013041853904724,-0.0321776382625103,,0.6613936424255371,0.3251790404319763,-0.03836929798126221,,0.6173975467681885,0.3863692283630371,-0.01123451441526413,,0.6246737837791443,0.3251188397407532,-0.024963390082120895,,0.6362073421478271,0.2936300039291382,-0.034374285489320755,,0.6488226652145386,0.26889368891716003,-0.039436161518096924,,0.5973715782165527,0.38773733377456665,-0.01632625050842762,,0.6063084006309509,0.35147011280059814,-0.03588327392935753,,0.6135284900665283,0.3936108350753784,-0.039024125784635544,,0.6175966858863831,0.42981410026550293,-0.03576744720339775,,0.5784800052642822,0.40284422039985657,-0.022229770198464394,,0.588668167591095,0.3862191438674927,-0.037356290966272354,,0.597305178642273,0.4165898561477661,-0.036902155727148056,,0.6017826199531555,0.4442601203918457,-0.03276573866605759,
0.04998398199677467,-0.5990726351737976,-0.2726905643939972,0.9997161030769348,0.07167964428663254,-0.6356416344642639,-0.2647797465324402,0.9995036125183105,0.07101253420114517,-0.6352629065513611,-0.26674017310142517,0.999543309211731,0.07148779928684235,-0.6351628303527832,-0.26449745893478394,0.9995151162147522,0.03580378368496895,-0.6382120251655579,-0.26430708169937134,0.9994863867759705,0.03786415234208107,-0.6387975215911865,-0.2647334635257721,0.9995188117027283,0.0371466763317585,-0.6378288865089417,-0.2605624496936798,0.9994682669639587,0.1428014189004898,-0.6141926050186157,-0.17129696905612946,0.9995126128196716,-0.005966915283352137,-0.6207736730575562,-0.146358922123909,0.9994367361068726,0.0728340893983841,-0.5684024095535278,-0.2461889386177063,0.9998350739479065,0.02951090782880783,-0.5683178901672363,-0.2379201054573059,0.9998008012771606,0.21775847673416138,-0.41272279620170593,-0.10350330173969269,0.9995118379592896,-0.09618675708770752,-0.4467954933643341,-0.0666615441441536,0.9994935989379883,0.2189941108226776,-0.15417331457138062,-0.08218028396368027,0.9390817284584045,-0.18787559866905212,-0.30708304047584534,-0.1819138526916504,0.9386906027793884,0.1624659150838852,-0.0039021058473736048,-0.15641865134239197,0.6750493049621582,-0.10456344485282898,-0.4332635998725891,-0.3524729013442993,0.7501890659332275,0.1347704380750656,0.041798628866672516,-0.16553208231925964,0.5809423923492432,-0.07347382605075836,-0.4607183635234833,-0.3875892460346222,0.6841921806335449,0.12379231303930283,0.04238166660070419,-0.1836119145154953,0.6267492771148682,-0.0697721466422081,-0.4828677475452423,-0.36295458674430847,0.7165477275848389,0.14544643461704254,0.003758571110665798,-0.16379255056381226,0.6104407906532288,-0.0902244821190834,-0.44082537293434143,-0.34844011068344116,0.6921399235725403,0.11044605076313019,-0.00092679588124156,-0.0022597992792725563,0.30471599102020264,-0.10804106295108795,-0.005059779621660709,0.003777708625420928,0.32274025678634644,0.13830254971981049,-0.03257962316274643,-0.08676933497190475,0.11957576125860214,-0.1130412220954895,-0.01824210211634636,-0.10904312878847122,0.11476945877075195,0.14149746298789978,0.26029935479164124,0.17487728595733643,0.02997385896742344,-0.06823332607746124,0.4037632644176483,0.17638994753360748,0.03545194864273071,0.14356335997581482,0.27524086833000183,0.19100551307201385,0.01546675805002451,-0.05234064161777496,0.42010974884033203,0.2096707671880722,0.01791195757687092,0.17114193737506866,0.2316383570432663,-0.03895504027605057,0.0297897569835186,-0.05402699112892151,0.4355810582637787,-0.003148328745737672,0.03034737892448902,43,1.434,0.5852718353271484,0.49108079075813293,2.9305937232493307e-07,,0.6103876829147339,0.48774537444114685,-0.013125305064022541,,0.6320965886116028,0.4656475782394409,-0.021105049178004265,,0.635802686214447,0.4386617839336395,-0.029339605942368507,,0.629481315612793,0.4151308238506317,-0.03700236976146698,,0.6364321112632751,0.37277141213417053,-0.009747003205120564,,0.6472534537315369,0.3283895254135132,-0.02196473255753517,,0.6537652015686035,0.3020475506782532,-0.03132512792944908,,0.6595054864883423,0.2809056341648102,-0.03679997846484184,,0.6186053156852722,0.3575362265110016,-0.012147834524512291,,0.6283342242240906,0.2907644808292389,-0.02403980679810047,,0.6381251215934753,0.2553185224533081,-0.03210145980119705,,0.6474595069885254,0.22636926174163818,-0.03644445165991783,,0.5990694761276245,0.3581168055534363,-0.016224663704633713,,0.6065115928649902,0.31392937898635864,-0.03374581038951874,,0.6136276125907898,0.34906280040740967,-0.03688287362456322,,0.6167645454406738,0.3819219172000885,-0.03420795872807503,,0.5792118906974792,0.37231138348579407,-0.021234266459941864,,0.5891768932342529,0.3459722697734833,-0.034726258367300034,,0.5966234803199768,0.37277066707611084,-0.033688221126794815,,0.5993599891662598,0.3997924029827118,-0.029565896838903427,
0.04443271830677986,-0.6040924191474915,-0.26017841696739197,0.9997403621673584,0.06710521131753922,-0.6396570801734924,-0.25179824233055115,0.9995426535606384,0.06642571091651917,-0.6392945051193237,-0.2537812292575836,0.9995771646499634,0.06687328219413757,-0.6391902565956116,-0.25155872106552124,0.9995523691177368,0.03165334835648537,-0.6433436870574951,-0.2516240179538727,0.9995285868644714,0.03374122083187103,-0.643848717212677,-0.25210654735565186,0.9995579123497009,0.033010657876729965,-0.642863392829895,-0.24796748161315918,0.9995120167732239,0.14000475406646729,-0.6157828569412231,-0.15824979543685913,0.9995542168617249,-0.008039572276175022,-0.62675541639328,-0.1347775012254715,0.9994837641716003,0.06694027036428452,-0.5720462799072266,-0.2337377965450287,0.9998474717140198,0.02372429333627224,-0.5735432505607605,-0.22605913877487183,0.9998164772987366,0.21453304588794708,-0.4130570590496063,-0.09648508578538895,0.9995239973068237,-0.0979497879743576,-0.4525740444660187,-0.05904192477464676,0.9995215535163879,0.21805474162101746,-0.15576380491256714,-0.08259843289852142,0.9439867734909058,-0.18769288063049316,-0.3258892893791199,-0.1839609295129776,0.9440550804138184,0.16132500767707825,-0.004041637293994427,-0.15848994255065918,0.704174816608429,-0.1112818494439125,-0.45537570118904114,-0.3573839068412781,0.7742530107498169,0.1345060169696808,0.04182353615760803,-0.1699575036764145,0.6111542582511902,-0.08455614000558853,-0.48522621393203735,-0.39304259419441223,0.7116307616233826,0.1217568963766098,0.04160015285015106,-0.1870189607143402,0.6528670787811279,-0.08262397348880768,-0.5065307021141052,-0.36661607027053833,0.7403494119644165,0.14360295236110687,0.0036294800229370594,-0.16628244519233704,0.6383724808692932,-0.0987299457192421,-0.46230176091194153,-0.3535372316837311,0.717322826385498,0.11046484857797623,-0.0008405414409935474,-0.002288095187395811,0.3350832164287567,-0.1080670952796936,-0.005161675624549389,0.003791435854509473,0.35656651854515076,0.14086148142814636,-0.031760621815919876,-0.08383439481258392,0.11747091263532639,-0.1128261461853981,-0.015752112492918968,-0.10873090475797653,0.11356943845748901,0.1453407257795334,0.2616795301437378,0.16951805353164673,0.029283415526151657,-0.06849639117717743,0.4048619568347931,0.16466793417930603,0.03466690704226494,0.1471877247095108,0.27703481912612915,0.1849127560853958,0.014975903555750847,-0.05267304554581642,0.4212125837802887,0.19434452056884766,0.01744602620601654,0.17282193899154663,0.23210591077804565,-0.040567655116319656,0.029226329177618027,-0.0547405444085598,0.43742358684539795,-0.01533758919686079,0.029833419248461723,44,1.468,0.5900516510009766,0.4594629108905792,2.5139291892628535e-07,,0.6113544702529907,0.46316859126091003,-0.014382146298885345,,0.6341544985771179,0.4424668550491333,-0.02236885577440262,,0.6369726657867432,0.410292387008667,-0.02979043684899807,,0.6248324513435364,0.3827594518661499,-0.03711427375674248,,0.6361238360404968,0.35436874628067017,-0.01569155789911747,,0.6461486220359802,0.30986759066581726,-0.027678869664669037,,0.6527016162872314,0.2818324565887451,-0.03671419993042946,,0.6587067246437073,0.2534867227077484,-0.042685139924287796,,0.6197174787521362,0.337044894695282,-0.017462627962231636,,0.630620002746582,0.2704721689224243,-0.029337916523218155,,0.641078531742096,0.23373302817344666,-0.03738809749484062,,0.650047779083252,0.20044614374637604,-0.042202308773994446,,0.6007940769195557,0.33685946464538574,-0.020323757082223892,,0.6076746582984924,0.28720927238464355,-0.03722245246171951,,0.6137847900390625,0.3227108418941498,-0.039408352226018906,,0.6155676245689392,0.35503825545310974,-0.036569759249687195,,0.5808734893798828,0.3505077064037323,-0.024195123463869095,,0.5900062918663025,0.320609986782074,-0.0377592109143734,,0.5980530977249146,0.3465268909931183,-0.036726213991642,,0.6007376313209534,0.3728180527687073,-0.03288166597485542,
0.043258920311927795,-0.6071518063545227,-0.25619542598724365,0.9997631907463074,0.06646060198545456,-0.6421177387237549,-0.24725733697414398,0.9995793700218201,0.0657854899764061,-0.641759991645813,-0.24917519092559814,0.9996094107627869,0.06620471179485321,-0.6416429877281189,-0.24696899950504303,0.9995875358581543,0.031176574528217316,-0.6463273167610168,-0.24756795167922974,0.9995684027671814,0.03329528123140335,-0.6467637419700623,-0.2481328696012497,0.9995952248573303,0.032555367797613144,-0.6457613110542297,-0.24401922523975372,0.9995536208152771,0.13939878344535828,-0.616710364818573,-0.1529468446969986,0.9995929002761841,-0.008412430062890053,-0.6295574307441711,-0.13127250969409943,0.9995288848876953,0.06539686024188995,-0.5742218494415283,-0.229557067155838,0.999859631061554,0.022107794880867004,-0.5764216184616089,-0.22252126038074493,0.9998319745063782,0.21317043900489807,-0.4133523106575012,-0.09415160119533539,0.9995400905609131,-0.09942794591188431,-0.45459485054016113,-0.057792652398347855,0.9995529651641846,0.21779108047485352,-0.156305730342865,-0.08271220326423645,0.9487053751945496,-0.18818305432796478,-0.33712905645370483,-0.19537416100502014,0.9491953253746033,0.16091223061084747,-0.00448507908731699,-0.1543053388595581,0.7308392524719238,-0.11504369229078293,-0.46568018198013306,-0.3700750172138214,0.7960759997367859,0.13491739332675934,0.04151175171136856,-0.16580191254615784,0.6381810903549194,-0.08845949918031693,-0.49430280923843384,-0.4048493504524231,0.7363314032554626,0.1207009106874466,0.04134918749332428,-0.1820524036884308,0.6762815117835999,-0.0862894132733345,-0.5126003623008728,-0.3781030774116516,0.7617688775062561,0.14264275133609772,0.003284190548583865,-0.16194534301757812,0.6635361909866333,-0.1026025339961052,-0.4710606634616852,-0.3667427599430084,0.7401878237724304,0.11051371693611145,-0.0008265696233138442,-0.002279426669701934,0.36314529180526733,-0.10817363858222961,-0.005168910603970289,0.0037784851156175137,0.3872266709804535,0.14081813395023346,-0.031382184475660324,-0.08316375315189362,0.11411723494529724,-0.11274755001068115,-0.011056550778448582,-0.10897058248519897,0.11082819104194641,0.14815190434455872,0.26217731833457947,0.15906204283237457,0.028420165181159973,-0.06900403648614883,0.4054456949234009,0.1593765765428543,0.03348963335156441,0.1502440720796585,0.2777070105075836,0.1732289344072342,0.014375579543411732,-0.05321577563881874,0.42183414101600647,0.18795743584632874,0.016732661053538322,0.1745864748954773,0.23872345685958862,-0.04816921055316925,0.028481921181082726,-0.056444697082042694,0.44195955991744995,-0.020542530342936516,0.028932804241776466,45,1.501,0.5899980664253235,0.45742762088775635,2.618459404857276e-07,,0.6148187518119812,0.45563143491744995,-0.01359203178435564,,0.63791823387146,0.4287171959877014,-0.020642414689064026,,0.6377990245819092,0.39454159140586853,-0.02742595039308071,,0.6238999962806702,0.3675280511379242,-0.033866941928863525,,0.6397950649261475,0.33346736431121826,-0.010852798819541931,,0.6486670970916748,0.286571204662323,-0.021369600668549538,,0.6536239385604858,0.25594979524612427,-0.02988680824637413,,0.6575846672058105,0.2262163758277893,-0.03564116731286049,,0.6228830218315125,0.3184366822242737,-0.012630156241357327,,0.6337825059890747,0.2522517442703247,-0.02288828417658806,,0.6446311473846436,0.2168106734752655,-0.0302595105022192,,0.6538497805595398,0.18469847738742828,-0.03477926552295685,,0.603838324546814,0.31948232650756836,-0.015785301104187965,,0.6103435158729553,0.2677607834339142,-0.03186499699950218,,0.615535318851471,0.3051617443561554,-0.03378827124834061,,0.6167539358139038,0.33902978897094727,-0.03078111633658409,,0.583695113658905,0.3338664174079895,-0.019945558160543442,,0.5928400158882141,0.30010589957237244,-0.03293882682919502,,0.5997811555862427,0.32843828201293945,-0.031285446137189865,,0.6012250781059265,0.3574434816837311,-0.02695605717599392,
0.04161667823791504,-0.6076952815055847,-0.2520560622215271,0.9997833967208862,0.06486506760120392,-0.6426239013671875,-0.2430303543806076,0.9996113181114197,0.06420936435461044,-0.6422663927078247,-0.24488021433353424,0.9996371865272522,0.06460035592317581,-0.6421492099761963,-0.24265427887439728,0.9996181130409241,0.029853906482458115,-0.6470027565956116,-0.24349424242973328,0.9996035099029541,0.031998682767152786,-0.6474089622497559,-0.24409429728984833,0.9996281266212463,0.03125602751970291,-0.6464040875434875,-0.2399851679801941,0.9995904564857483,0.13808195292949677,-0.617559015750885,-0.14881949126720428,0.9996271133422852,-0.009161232970654964,-0.6313644051551819,-0.1278824657201767,0.9995691180229187,0.06364910304546356,-0.5748361945152283,-0.22552333772182465,0.9998701810836792,0.02044033445417881,-0.5772914886474609,-0.2187628448009491,0.9998456239700317,0.21232400834560394,-0.4136873483657837,-0.09229791164398193,0.9995520710945129,-0.09992308169603348,-0.45728614926338196,-0.05680251494050026,0.999581515789032,0.21780365705490112,-0.15704947710037231,-0.08100105077028275,0.9529762864112854,-0.1881711333990097,-0.34998154640197754,-0.20170114934444427,0.9538837671279907,0.1617281436920166,-0.003283907426521182,-0.14403049647808075,0.755067765712738,-0.11511877924203873,-0.4735261797904968,-0.37313079833984375,0.8157853484153748,0.1367461234331131,0.04322698712348938,-0.15423355996608734,0.6630508899688721,-0.08849479258060455,-0.5009134411811829,-0.40801239013671875,0.7587560415267944,0.12107891589403152,0.043592292815446854,-0.17015014588832855,0.697793185710907,-0.08522684127092361,-0.5182289481163025,-0.38183706998825073,0.7812316417694092,0.14299993216991425,0.004879845771938562,-0.1513471156358719,0.686750590801239,-0.1023668646812439,-0.4780220687389374,-0.3703871965408325,0.761093258857727,0.11058509349822998,-0.0007896298775449395,-0.00225698109716177,0.3901084065437317,-0.10832351446151733,-0.005200670100748539,0.003721351269632578,0.41664206981658936,0.14065074920654297,-0.02957385592162609,-0.08164972811937332,0.11134295910596848,-0.11356132477521896,-0.001492437906563282,-0.10876978188753128,0.10889358818531036,0.14841802418231964,0.26398032903671265,0.1535239964723587,0.027746763080358505,-0.07106715440750122,0.4073486328125,0.1543254852294922,0.032616209238767624,0.15050379931926727,0.2787538468837738,0.16717113554477692,0.013867064379155636,-0.05566881597042084,0.42508605122566223,0.18176120519638062,0.01613309048116207,0.17469574511051178,0.2462228536605835,-0.051563162356615067,0.02795814909040928,-0.06016054004430771,0.44929492473602295,-0.026914622634649277,0.028324389830231667,46,1.534,0.5970942974090576,0.43839141726493835,3.0801157890891773e-07,,0.6187063455581665,0.44487085938453674,-0.01743544451892376,,0.6414246559143066,0.41969531774520874,-0.026128007099032402,,0.6412370800971985,0.3849182724952698,-0.033826280385255814,,0.6266120672225952,0.3557562232017517,-0.041271038353443146,,0.644427478313446,0.32606828212738037,-0.01554858684539795,,0.6506731510162354,0.2760311961174011,-0.027720507234334946,,0.6547895669937134,0.24147233366966248,-0.03664669767022133,,0.6577374935150146,0.21049143373966217,-0.04210110008716583,,0.626792311668396,0.3108181953430176,-0.015615065582096577,,0.6363527774810791,0.24459496140480042,-0.027715317904949188,,0.6459975838661194,0.20593218505382538,-0.035952527076005936,,0.6542455554008484,0.17222736775875092,-0.040199797600507736,,0.6069295406341553,0.3109910190105438,-0.017179930582642555,,0.613121747970581,0.26189368963241577,-0.035337332636117935,,0.6167712211608887,0.2982085347175598,-0.03743724524974823,,0.6170473694801331,0.3315413296222687,-0.03346070647239685,,0.5859270691871643,0.3242568373680115,-0.019929783418774605,,0.5939112305641174,0.289700448513031,-0.03472607955336571,,0.6006035208702087,0.3166826069355011,-0.03318032622337341,,0.6019711494445801,0.3459210693836212,-0.02803906798362732,
0.04097878187894821,-0.6078423261642456,-0.2557462155818939,0.9998021125793457,0.06438746303319931,-0.6427435874938965,-0.24656616151332855,0.9996415376663208,0.06375756859779358,-0.6423837542533875,-0.2484116405248642,0.9996638298034668,0.0641334280371666,-0.6422647833824158,-0.24617999792099,0.9996471405029297,0.0293799489736557,-0.6472172141075134,-0.2470003217458725,0.9996364116668701,0.03153897449374199,-0.6475979089736938,-0.24754975736141205,0.9996590614318848,0.030804062262177467,-0.646589457988739,-0.2434389591217041,0.9996249079704285,0.13792243599891663,-0.6176947355270386,-0.15126051008701324,0.9996588826179504,-0.009803928434848785,-0.6318128108978271,-0.13023674488067627,0.9996064901351929,0.06301300972700119,-0.5749651193618774,-0.22895459830760956,0.999880313873291,0.019567104056477547,-0.5775272250175476,-0.22212916612625122,0.999858558177948,0.21215398609638214,-0.41391873359680176,-0.09398167580366135,0.9995662569999695,-0.10057533532381058,-0.4576679468154907,-0.059830617159605026,0.9996088147163391,0.2187960296869278,-0.15757115185260773,-0.08074788004159927,0.9568793773651123,-0.18868598341941833,-0.3538629114627838,-0.21210113167762756,0.9581523537635803,0.16303379833698273,-0.004373040050268173,-0.13922572135925293,0.7767108678817749,-0.11516590416431427,-0.4775025546550751,-0.3813672661781311,0.8335080146789551,0.13852491974830627,0.04133511707186699,-0.14756760001182556,0.6845894455909729,-0.08787553012371063,-0.5062799453735352,-0.4172782003879547,0.778728723526001,0.12194278091192245,0.04134877026081085,-0.16415096819400787,0.7163684964179993,-0.08337762951850891,-0.5242908596992493,-0.3915104568004608,0.7985137701034546,0.1438351273536682,0.0036457879468798637,-0.14636404812335968,0.7067798376083374,-0.10182882845401764,-0.48251768946647644,-0.37965625524520874,0.7796244621276855,0.11085601150989532,-0.0007487633847631514,-0.002136343391612172,0.411302775144577,-0.10868968814611435,-0.005238675512373447,0.0035511190071702003,0.43986940383911133,0.1404011994600296,-0.029733000323176384,-0.08152974396944046,0.1088724434375763,-0.1156296506524086,-0.0007678490364924073,-0.10968060046434402,0.10678571462631226,0.14863242208957672,0.26466915011405945,0.14826835691928864,0.027165710926055908,-0.07335064560174942,0.4080144762992859,0.15054632723331451,0.031723104417324066,0.1507316678762436,0.279632568359375,0.1620035469532013,0.013447442092001438,-0.058351729065179825,0.425565242767334,0.17810511589050293,0.01557630579918623,0.1753329485654831,0.24649207293987274,-0.05823400244116783,0.02746800146996975,-0.06316828727722168,0.45077359676361084,-0.03418068587779999,0.027662387117743492,47,1.568,0.5992529392242432,0.43472403287887573,2.979912494538439e-07,,0.6210832595825195,0.4405762851238251,-0.015918094664812088,,0.6436910033226013,0.4138556718826294,-0.02284308709204197,,0.6429704427719116,0.37875673174858093,-0.029113532975316048,,0.6285151839256287,0.35007035732269287,-0.03505363315343857,,0.6467658877372742,0.3205781579017639,-0.011417691595852375,,0.6533304452896118,0.2669605314731598,-0.021700145676732063,,0.6574269533157349,0.22995606064796448,-0.029574839398264885,,0.6608533263206482,0.19754764437675476,-0.03467234969139099,,0.6289794445037842,0.3060343265533447,-0.011733708903193474,,0.6372928023338318,0.24166250228881836,-0.022248856723308563,,0.645954966545105,0.20343247056007385,-0.030140504240989685,,0.6537978649139404,0.17040586471557617,-0.03459131717681885,,0.6096093654632568,0.30595913529396057,-0.013597494922578335,,0.6166810393333435,0.25428032875061035,-0.030808979645371437,,0.6186637282371521,0.2902687191963196,-0.03297942876815796,,0.6175236701965332,0.32286736369132996,-0.029291242361068726,,0.5891243815422058,0.3190661370754242,-0.01658906601369381,,0.5969496965408325,0.28282541036605835,-0.0315188392996788,,0.6028952598571777,0.30911746621131897,-0.03070639818906784,,0.6036366820335388,0.3376748859882355,-0.026136238127946854,
0.040480710566043854,-0.6078671216964722,-0.25760453939437866,0.9998190402984619,0.06413671374320984,-0.6427631378173828,-0.2481200248003006,0.9996690154075623,0.06353513151407242,-0.6424026489257812,-0.2498924881219864,0.9996881484985352,0.06389672309160233,-0.6422837376594543,-0.24762780964374542,0.99967360496521,0.029215767979621887,-0.6472771763801575,-0.2484537661075592,0.9996660351753235,0.03138033300638199,-0.6476418375968933,-0.24896112084388733,0.9996869564056396,0.03065318986773491,-0.6466301083564758,-0.24484297633171082,0.9996559619903564,0.13781780004501343,-0.6177791357040405,-0.15186761319637299,0.9996877908706665,-0.010016553103923798,-0.6319264769554138,-0.12992478907108307,0.9996401071548462,0.06241339072585106,-0.5749891996383667,-0.2307436466217041,0.9998894929885864,0.018853547051548958,-0.577592670917511,-0.22371067106723785,0.9998701214790344,0.21180467307567596,-0.4140360951423645,-0.09510154277086258,0.9995805621147156,-0.10095123946666718,-0.45778900384902954,-0.06144585460424423,0.9996331334114075,0.2197127789258957,-0.15794254839420319,-0.08105936646461487,0.9604626297950745,-0.1883058249950409,-0.35848838090896606,-0.215281680226326,0.9620078206062317,0.1639714241027832,-0.005460443906486034,-0.13745039701461792,0.7958755493164062,-0.11530855298042297,-0.4854443073272705,-0.37964877486228943,0.8494242429733276,0.13987812399864197,0.04004552960395813,-0.14389505982398987,0.702369213104248,-0.08821722120046616,-0.5157368183135986,-0.41548916697502136,0.7964121103286743,0.12249881029129028,0.03987991809844971,-0.16123318672180176,0.7315690517425537,-0.08347425609827042,-0.5333622097969055,-0.3912333846092224,0.8137485980987549,0.14432555437088013,0.002558153122663498,-0.14449186623096466,0.7232996225357056,-0.1019381657242775,-0.49070751667022705,-0.37888962030410767,0.7959330677986145,0.11113671958446503,-0.0006462156889028847,-0.0020010548178106546,0.4292007386684418,-0.10901463776826859,-0.005320390686392784,0.0033798092044889927,0.45955461263656616,0.1400025486946106,-0.030580032616853714,-0.08198133111000061,0.10693280398845673,-0.1180247887969017,0.0003738153027370572,-0.11170928180217743,0.10519305616617203,0.148861363530159,0.26507568359375,0.14448943734169006,0.02674112282693386,-0.07532625645399094,0.4086737334728241,0.14881964027881622,0.03101940080523491,0.1510050743818283,0.28011375665664673,0.15849213302135468,0.01309635117650032,-0.060825057327747345,0.42704278230667114,0.17704147100448608,0.015122710727155209,0.1756879985332489,0.24667376279830933,-0.06445802748203278,0.027040010318160057,-0.06661268323659897,0.4518415331840515,-0.03858354687690735,0.027080640196800232,48,1.601,0.6028283834457397,0.4336223304271698,3.230923084629467e-07,,0.6243621706962585,0.43836596608161926,-0.01673964038491249,,0.6455574631690979,0.4114435911178589,-0.024019043892621994,,0.6456522345542908,0.37875106930732727,-0.030663013458251953,,0.6311273574829102,0.3506205081939697,-0.036698516458272934,,0.6483055949211121,0.31291425228118896,-0.010263098403811455,,0.6559264063835144,0.25835058093070984,-0.019427059218287468,,0.6598880887031555,0.22078824043273926,-0.026946991682052612,,0.6626582145690918,0.18808721005916595,-0.03226788714528084,,0.6300685405731201,0.29947754740715027,-0.010652494616806507,,0.6378108859062195,0.23341169953346252,-0.020249295979738235,,0.6465957760810852,0.19471271336078644,-0.028097523376345634,,0.6541391015052795,0.16217701137065887,-0.032951369881629944,,0.6105427742004395,0.301706463098526,-0.012905210256576538,,0.6173886656761169,0.24598388373851776,-0.030055876821279526,,0.6223301887512207,0.28073176741600037,-0.0333324633538723,,0.6229977607727051,0.3144437372684479,-0.030728138983249664,,0.5899967551231384,0.3174484670162201,-0.016440436244010925,,0.599614143371582,0.28068748116493225,-0.03226220980286598,,0.6059815883636475,0.3057546019554138,-0.03298643231391907,,0.6066012978553772,0.3341425955295563,-0.02976490929722786,
0.03937138244509697,-0.607812225818634,-0.2572968900203705,0.9998337626457214,0.06268025934696198,-0.642733097076416,-0.24762047827243805,0.9996927976608276,0.06211366876959801,-0.6423695087432861,-0.24929851293563843,0.9997089505195618,0.06246677786111832,-0.6422520279884338,-0.24699199199676514,0.9996964335441589,0.027909591794013977,-0.647250235080719,-0.2479563057422638,0.9996916651725769,0.030070951208472252,-0.6476041078567505,-0.2484254688024521,0.9997109770774841,0.02936190366744995,-0.6465910077095032,-0.24428775906562805,0.9996826648712158,0.13638880848884583,-0.6178601980209351,-0.15077686309814453,0.9997132420539856,-0.011317857541143894,-0.6319571733474731,-0.1287584900856018,0.9996691346168518,0.06123222038149834,-0.5750011801719666,-0.23048366606235504,0.9998972415924072,0.01771237887442112,-0.5776004195213318,-0.2233029454946518,0.9998798966407776,0.21080973744392395,-0.41450944542884827,-0.09497737884521484,0.9995928406715393,-0.10131187736988068,-0.4577338695526123,-0.0617961585521698,0.9996519684791565,0.22342994809150696,-0.1595952808856964,-0.07761336863040924,0.9635569453239441,-0.18704847991466522,-0.3593398928642273,-0.21255549788475037,0.9653983116149902,0.16728901863098145,-0.004680827260017395,-0.13056685030460358,0.8132239580154419,-0.11506018042564392,-0.48614123463630676,-0.3773839473724365,0.863725483417511,0.14400076866149902,0.04002460092306137,-0.1352621167898178,0.7194169163703918,-0.08821672201156616,-0.5174655318260193,-0.4127001464366913,0.8125311732292175,0.12485022842884064,0.04138008505105972,-0.15221728384494781,0.7461591362953186,-0.08347005397081375,-0.5361407995223999,-0.3901042938232422,0.8276676535606384,0.14685074985027313,0.0038658767007291317,-0.1371649205684662,0.7391508221626282,-0.10175077617168427,-0.4919833838939667,-0.3768616318702698,0.810819685459137,0.11117234826087952,-0.000585333036724478,-0.001963447779417038,0.45008376240730286,-0.10907004773616791,-0.005384678486734629,0.0033313215244561434,0.4812546372413635,0.13995105028152466,-0.029869534075260162,-0.08190362900495529,0.10498713701963425,-0.11912797391414642,0.002415149472653866,-0.11209624260663986,0.10366958379745483,0.14901775121688843,0.265340119600296,0.14205141365528107,0.026338357478380203,-0.07576770335435867,0.41163089871406555,0.1449517011642456,0.030404655262827873,0.15117493271827698,0.2803126573562622,0.15604282915592194,0.012815888039767742,-0.061321139335632324,0.43092042207717896,0.17281177639961243,0.014804169535636902,0.1764189749956131,0.2474178969860077,-0.06657876074314117,0.026722325012087822,-0.06731784343719482,0.4557981491088867,-0.04368782043457031,0.02669261023402214,49,1.634,0.6053610444068909,0.4340555667877197,3.1292611879507604e-07,,0.6278846859931946,0.4365643858909607,-0.01579919457435608,,0.6488637328147888,0.4082142114639282,-0.022542623803019524,,0.6488787531852722,0.37503862380981445,-0.028847910463809967,,0.633156955242157,0.35017716884613037,-0.03465116769075394,,0.650140643119812,0.3114353120326996,-0.009380399249494076,,0.6568194627761841,0.25525152683258057,-0.018270038068294525,,0.6602457165718079,0.21677018702030182,-0.025621630251407623,,0.6627256274223328,0.18363800644874573,-0.0309554785490036,,0.6316639184951782,0.29884085059165955,-0.010110304690897465,,0.637913167476654,0.23226937651634216,-0.019798045977950096,,0.6460297107696533,0.1928391009569168,-0.027815790846943855,,0.6531363725662231,0.1601043939590454,-0.03285641595721245,,0.6121748089790344,0.30182310938835144,-0.012604951858520508,,0.618186354637146,0.2438008040189743,-0.02976551279425621,,0.6238883137702942,0.2776952385902405,-0.03332076966762543,,0.625198245048523,0.31109818816185,-0.03097914345562458,,0.5922179818153381,0.31831082701683044,-0.016285547986626625,,0.6014394760131836,0.2798059284687042,-0.032333459705114365,,0.6083368062973022,0.3049066662788391,-0.033454589545726776,,0.6094406247138977,0.3333345055580139,-0.030554315075278282,
0.03901585191488266,-0.6077185273170471,-0.258259117603302,0.9998469948768616,0.062119923532009125,-0.6426745653152466,-0.24857383966445923,0.9997142553329468,0.06157221645116806,-0.6423089504241943,-0.25024259090423584,0.999727725982666,0.061919648200273514,-0.6421919465065002,-0.24793735146522522,0.9997168183326721,0.02734806202352047,-0.6471655964851379,-0.24894219636917114,0.9997149109840393,0.029512206092476845,-0.647505521774292,-0.2494032233953476,0.9997327923774719,0.02881227619946003,-0.6464909315109253,-0.2452651858329773,0.9997069239616394,0.1356961727142334,-0.6179541945457458,-0.15144476294517517,0.9997358918190002,-0.01238267496228218,-0.6319519281387329,-0.12965968251228333,0.9996954202651978,0.06082408130168915,-0.5750001072883606,-0.23134559392929077,0.999904215335846,0.01723751798272133,-0.577571451663971,-0.2241809368133545,0.9998887777328491,0.21037140488624573,-0.4153788089752197,-0.09501111507415771,0.9996057152748108,-0.10143707692623138,-0.4576783776283264,-0.06268191337585449,0.9996699094772339,0.22555652260780334,-0.1610555797815323,-0.07474935054779053,0.9662776589393616,-0.1857607513666153,-0.35305356979370117,-0.21103286743164062,0.9684096574783325,0.1694520264863968,-0.00497274799272418,-0.1282431036233902,0.8286534547805786,-0.11469434946775436,-0.47715505957603455,-0.3749437630176544,0.876550018787384,0.14683939516544342,0.03937641903758049,-0.1332443654537201,0.7343205809593201,-0.08787336200475693,-0.508437991142273,-0.41039028763771057,0.8269587159156799,0.12691204249858856,0.04070769250392914,-0.15074609220027924,0.7589800357818604,-0.08322088420391083,-0.528377115726471,-0.3885131776332855,0.8401365876197815,0.14871491491794586,0.0035135941579937935,-0.13515566289424896,0.7530345916748047,-0.10136140137910843,-0.48370158672332764,-0.37453484535217285,0.824051558971405,0.11120165139436722,-0.0005741313798353076,-0.0019187042489647865,0.46950554847717285,-0.10913334041833878,-0.005401052534580231,0.003271758323535323,0.5013759136199951,0.13982288539409637,-0.028529951348900795,-0.08134375512599945,0.10275831073522568,-0.11952991038560867,0.01025949977338314,-0.11217325180768967,0.10172875225543976,0.14935514330863953,0.2656359076499939,0.14226089417934418,0.02585207298398018,-0.07648405432701111,0.41465088725090027,0.1445237547159195,0.029672259464859962,0.15157704055309296,0.2804761826992035,0.1564360409975052,0.012532813474535942,-0.06223763898015022,0.4346254765987396,0.17242266237735748,0.014462747611105442,0.17790170013904572,0.24915502965450287,-0.06569088995456696,0.02635599859058857,-0.06824717670679092,0.46100160479545593,-0.042971763759851456,0.026238026097416878,50,1.668,0.6076639890670776,0.4366324245929718,3.027798527455161e-07,,0.6304976940155029,0.43871617317199707,-0.01607399992644787,,0.6525402665138245,0.4087003767490387,-0.022667475044727325,,0.651955246925354,0.374633252620697,-0.028536075726151466,,0.6351538896560669,0.3507147431373596,-0.03380369767546654,,0.6512084007263184,0.31020858883857727,-0.009234988130629063,,0.6572363972663879,0.2539794445037842,-0.017507189884781837,,0.6603453755378723,0.2158115953207016,-0.024342752993106842,,0.6626179814338684,0.183547705411911,-0.029250482097268105,,0.6329469680786133,0.2987036406993866,-0.009663399308919907,,0.6383398771286011,0.2313990294933319,-0.018312107771635056,,0.6465703248977661,0.1928737610578537,-0.025605592876672745,,0.6537806987762451,0.1607760637998581,-0.03020823746919632,,0.6136134266853333,0.3025383949279785,-0.011887604370713234,,0.6197428703308105,0.2461392879486084,-0.028390441089868546,,0.6258062720298767,0.2802456319332123,-0.03196059539914131,,0.6268144845962524,0.31335845589637756,-0.02975463680922985,,0.5935943126678467,0.3191819190979004,-0.015315634198486805,,0.6033400297164917,0.28192752599716187,-0.03085179626941681,,0.610308825969696,0.3072258234024048,-0.03190748021006584,,0.6110461354255676,0.33540448546409607,-0.02908833883702755,
0.038324352353811264,-0.6074035167694092,-0.2586880922317505,0.9998591542243958,0.06110545992851257,-0.6424512267112732,-0.24898596107959747,0.9997344017028809,0.060569848865270615,-0.6420804262161255,-0.2506352365016937,0.9997456669807434,0.06091396138072014,-0.6419634222984314,-0.2483222335577011,0.9997361898422241,0.02626701630651951,-0.6469067335128784,-0.24932000041007996,0.9997363090515137,0.028422469273209572,-0.6472260355949402,-0.24976833164691925,0.9997528195381165,0.0277299452573061,-0.6462091207504272,-0.24562504887580872,0.9997290968894958,0.13507407903671265,-0.6180167198181152,-0.1518070548772812,0.9997570514678955,-0.0132704246789217,-0.6318019032478333,-0.12974567711353302,0.9997194409370422,0.060280539095401764,-0.5748171806335449,-0.23178191483020782,0.9999109506607056,0.01663634181022644,-0.5773393511772156,-0.22451266646385193,0.9998970031738281,0.21030911803245544,-0.415448397397995,-0.09526502341032028,0.9996201992034912,-0.10178689658641815,-0.4572216868400574,-0.06311789155006409,0.9996867179870605,0.2277657389640808,-0.16148297488689423,-0.07432354241609573,0.9687694907188416,-0.18390308320522308,-0.3494327664375305,-0.20937930047512054,0.971107006072998,0.17076218128204346,-0.00429921830072999,-0.12972813844680786,0.8425867557525635,-0.11435441672801971,-0.4725268483161926,-0.37352025508880615,0.8881036639213562,0.1480778306722641,0.039749227464199066,-0.13481782376766205,0.7478216886520386,-0.08758831024169922,-0.5031842589378357,-0.4095136821269989,0.8400048017501831,0.12755732238292694,0.041865453124046326,-0.15253901481628418,0.770618736743927,-0.08289531618356705,-0.5230432748794556,-0.38601383566856384,0.851430356502533,0.14962045848369598,0.004397189244627953,-0.13671913743019104,0.7656616568565369,-0.10096820443868637,-0.4790387749671936,-0.3730820417404175,0.8360607028007507,0.11126472055912018,-0.0005246667424216866,-0.0019071662100031972,0.48696789145469666,-0.1091996505856514,-0.005443055182695389,0.0032563642598688602,0.519681453704834,0.13990555703639984,-0.02859778143465519,-0.08168323338031769,0.10110078006982803,-0.11979380249977112,0.010257071815431118,-0.11270817369222641,0.10044176131486893,0.1500541716814041,0.26570871472358704,0.14256420731544495,0.025461554527282715,-0.07660795003175735,0.41534021496772766,0.14473174512386322,0.02913886494934559,0.15237613022327423,0.2805461585521698,0.15702183544635773,0.012295679189264774,-0.06237782910466194,0.4355807900428772,0.17300915718078613,0.0142135638743639,0.17909574508666992,0.24875818192958832,-0.06592012196779251,0.026008717715740204,-0.06841842085123062,0.46121612191200256,-0.04218491539359093,0.02585754543542862,51,1.701,0.6039419770240784,0.4477280378341675,2.467276374318317e-07,,0.6308346390724182,0.4444032609462738,-0.01700093410909176,,0.6544289588928223,0.41358470916748047,-0.02462042309343815,,0.6517573595046997,0.37743639945983887,-0.031675662845373154,,0.636693000793457,0.35157668590545654,-0.037900377064943314,,0.6529306769371033,0.30705559253692627,-0.009640341624617577,,0.6586405038833618,0.2512549161911011,-0.01891549676656723,,0.6605498790740967,0.21401923894882202,-0.02632942982017994,,0.661812424659729,0.18035656213760376,-0.03164886310696602,,0.63533616065979,0.2969050407409668,-0.009920096024870872,,0.6418482065200806,0.23129399120807648,-0.01971956342458725,,0.649384617805481,0.19310176372528076,-0.026797985658049583,,0.6558048129081726,0.16098086535930634,-0.03114389441907406,,0.6164534091949463,0.30226439237594604,-0.012254558503627777,,0.6226174831390381,0.2476613074541092,-0.029323015362024307,,0.6278753876686096,0.2852879464626312,-0.03171835467219353,,0.6286585927009583,0.32129478454589844,-0.028555303812026978,,0.597108006477356,0.3200641870498657,-0.015996254980564117,,0.6052813529968262,0.282693088054657,-0.03072211518883705,,0.6125034689903259,0.3082157373428345,-0.03076000139117241,,0.6140451431274414,0.337344765663147,-0.02729000523686409,
0.038725633174180984,-0.6075330376625061,-0.25794747471809387,0.9998706579208374,0.061308711767196655,-0.6425580382347107,-0.2478833794593811,0.9997537136077881,0.06077958643436432,-0.6421827077865601,-0.24945056438446045,0.9997631311416626,0.06112236529588699,-0.64206463098526,-0.24711567163467407,0.9997548460960388,0.02626778930425644,-0.6470181345939636,-0.2483806014060974,0.9997566938400269,0.028410816565155983,-0.6473205089569092,-0.2488292157649994,0.9997720122337341,0.02772400714457035,-0.6463013887405396,-0.24467706680297852,0.9997502565383911,0.13510948419570923,-0.618068516254425,-0.15010178089141846,0.9997768998146057,-0.01361615676432848,-0.6317933797836304,-0.12849180400371552,0.9997422695159912,0.06047394871711731,-0.5748823285102844,-0.23102286458015442,0.9999175667762756,0.01675018109381199,-0.5774011015892029,-0.22379741072654724,0.9999050498008728,0.21023057401180267,-0.4155298173427582,-0.0947248637676239,0.999636709690094,-0.10204189270734787,-0.4564931094646454,-0.06319518387317657,0.9997040629386902,0.2291579246520996,-0.16170179843902588,-0.07252907007932663,0.9711360335350037,-0.18250621855258942,-0.34762945771217346,-0.20884597301483154,0.9736203551292419,0.17289704084396362,-0.004506399855017662,-0.1271345317363739,0.8553394079208374,-0.11404108256101608,-0.47005972266197205,-0.3723237216472626,0.8985581994056702,0.15056701004505157,0.03942011669278145,-0.13121767342090607,0.7598201036453247,-0.08717917650938034,-0.49955058097839355,-0.40826329588890076,0.8517172932624817,0.12957362830638885,0.04190913587808609,-0.14943701028823853,0.7810689210891724,-0.08223239332437515,-0.5186141729354858,-0.38532572984695435,0.8615928888320923,0.1514492630958557,0.004268174525350332,-0.13410109281539917,0.7770768404006958,-0.10052377730607986,-0.4762080907821655,-0.37183552980422974,0.8469561338424683,0.11136490106582642,-0.0004942836239933968,-0.0018963052425533533,0.5043315291404724,-0.10931134223937988,-0.005456964485347271,0.003240069840103388,0.5370608568191528,0.1398891657590866,-0.029600264504551888,-0.08312010765075684,0.09879697859287262,-0.11992061138153076,0.010063135996460915,-0.11402358114719391,0.09827730059623718,0.15146753191947937,0.26571452617645264,0.14123165607452393,0.024949291720986366,-0.07666468620300293,0.41633641719818115,0.1450248807668686,0.028397228568792343,0.15408474206924438,0.28052064776420593,0.15573599934577942,0.011975743807852268,-0.06248079612851143,0.43708375096321106,0.1734919250011444,0.013835816644132137,0.18119212985038757,0.24851050972938538,-0.06856322288513184,0.02548539824783802,-0.06878577917814255,0.461935818195343,-0.04142621159553528,0.025239570066332817,52,1.735,0.6109282374382019,0.4385313391685486,2.8829438747379754e-07,,0.6335388422012329,0.44138896465301514,-0.0164334736764431,,0.6579352617263794,0.4148406982421875,-0.023833060637116432,,0.6582607626914978,0.3794221878051758,-0.030428286641836166,,0.6404595375061035,0.35527101159095764,-0.03651044890284538,,0.6542575359344482,0.3123052418231964,-0.010411201976239681,,0.659927248954773,0.2562888562679291,-0.01961531490087509,,0.6622706651687622,0.2181089222431183,-0.027139386162161827,,0.6641026139259338,0.18592575192451477,-0.03251039609313011,,0.6361203193664551,0.30130836367607117,-0.010985899716615677,,0.6415641903877258,0.23377281427383423,-0.020277908071875572,,0.6496238112449646,0.19540253281593323,-0.028113730251789093,,0.6568989753723145,0.1624637246131897,-0.03317629545927048,,0.6171169281005859,0.3057692050933838,-0.013332703150808811,,0.6233122944831848,0.24926631152629852,-0.03035603277385235,,0.6306376457214355,0.2828006446361542,-0.034364260733127594,,0.632684588432312,0.31567445397377014,-0.032587211579084396,,0.5970394015312195,0.3230283558368683,-0.016868460923433304,,0.6071523427963257,0.28714412450790405,-0.03259294107556343,,0.614477813243866,0.3124438524246216,-0.03382304683327675,,0.6155067086219788,0.34050190448760986,-0.03126398101449013,
0.03906264528632164,-0.6070438027381897,-0.25712743401527405,0.9998811483383179,0.06154894083738327,-0.642109751701355,-0.24706238508224487,0.9997714757919312,0.06101222708821297,-0.6417304277420044,-0.24863506853580475,0.999779224395752,0.061356861144304276,-0.641609251499176,-0.24630747735500336,0.9997720122337341,0.026271125301718712,-0.6465815305709839,-0.24759188294410706,0.9997753500938416,0.028406810015439987,-0.6468669772148132,-0.24805660545825958,0.9997894763946533,0.027718083932995796,-0.6458445191383362,-0.24390164017677307,0.9997695684432983,0.13562577962875366,-0.617949366569519,-0.1491069197654724,0.9997950196266174,-0.013811454176902771,-0.6316187381744385,-0.1275009661912918,0.999763011932373,0.0608668215572834,-0.5745025277137756,-0.22996148467063904,0.9999237656593323,0.016961626708507538,-0.5770564675331116,-0.22274936735630035,0.9999125599861145,0.21080607175827026,-0.41561082005500793,-0.09284044802188873,0.9996556639671326,-0.10222164541482925,-0.4563536047935486,-0.061682868748903275,0.9997225999832153,0.23126082122325897,-0.1618291735649109,-0.07051821798086166,0.9733779430389404,-0.18220612406730652,-0.3458419740200043,-0.20769323408603668,0.9759019017219543,0.1736457645893097,-0.0038485736586153507,-0.1271369904279709,0.8673381805419922,-0.11283741146326065,-0.46523791551589966,-0.3712095618247986,0.9080564975738525,0.15081064403057098,0.04070013016462326,-0.13244463503360748,0.7725580334663391,-0.08552704006433487,-0.4933096766471863,-0.4071750342845917,0.8627410531044006,0.12959794700145721,0.04372411221265793,-0.1505405604839325,0.7922594547271729,-0.08060911297798157,-0.5124852061271667,-0.3831857442855835,0.8712383508682251,0.15197783708572388,0.00511481799185276,-0.13417887687683105,0.7890760898590088,-0.0992681086063385,-0.4711869955062866,-0.37030404806137085,0.8572575449943542,0.1114809438586235,-0.00045243854401633143,-0.0019084903178736567,0.5220083594322205,-0.10941652953624725,-0.005472169257700443,0.0032390619162470102,0.555026650428772,0.1412350833415985,-0.030204826965928078,-0.08463776111602783,0.09650108218193054,-0.11933981627225876,0.008302010595798492,-0.11443828046321869,0.09621024131774902,0.15373310446739197,0.26587826013565063,0.14164718985557556,0.024428442120552063,-0.07632356137037277,0.4164721369743347,0.14524035155773163,0.027746034786105156,0.15657562017440796,0.2807212173938751,0.15632592141628265,0.01169141661375761,-0.062238626182079315,0.4373825490474701,0.17383089661598206,0.01351929921656847,0.18378865718841553,0.24855703115463257,-0.06814426183700562,0.02494821883738041,-0.06801944971084595,0.46184042096138,-0.04058952257037163,0.024677837267518044,53,1.768,0.6115215420722961,0.4399004578590393,2.791966835502535e-07,,0.634602427482605,0.44120553135871887,-0.015932073816657066,,0.6577584147453308,0.4139374792575836,-0.023164495825767517,,0.6582964062690735,0.3806929588317871,-0.029708031564950943,,0.6420957446098328,0.3574943542480469,-0.03573879972100258,,0.655489981174469,0.31395861506462097,-0.010459521785378456,,0.6606063842773438,0.25713640451431274,-0.019938919693231583,,0.6630650758743286,0.2189331352710724,-0.02757876180112362,,0.6651719212532043,0.18673758208751678,-0.0328981876373291,,0.6375598311424255,0.3039538264274597,-0.011198070831596851,,0.6418666839599609,0.23592251539230347,-0.02066607028245926,,0.6494484543800354,0.19706565141677856,-0.028529474511742592,,0.6565084457397461,0.16438110172748566,-0.03357616811990738,,0.6185812950134277,0.3090648651123047,-0.013659562915563583,,0.6245240569114685,0.253123015165329,-0.030232977122068405,,0.6318485736846924,0.2845401465892792,-0.0341259203851223,,0.6341568231582642,0.31649714708328247,-0.03238237649202347,,0.5989879369735718,0.3265992999076843,-0.017319871112704277,,0.6087670922279358,0.2906857430934906,-0.032328713685274124,,0.6155856251716614,0.3145122826099396,-0.0332924947142601,,0.6163040399551392,0.3417963981628418,-0.030635260045528412,
0.039366111159324646,-0.6068865060806274,-0.25595954060554504,0.9998908042907715,0.06183939054608345,-0.6419622898101807,-0.24589288234710693,0.9997879266738892,0.06129453703761101,-0.6415799260139465,-0.2474759966135025,0.9997943043708801,0.06163843348622322,-0.6414557695388794,-0.24516582489013672,0.9997879862785339,0.02634914219379425,-0.6464443802833557,-0.2464425265789032,0.9997925162315369,0.02847953885793686,-0.6467211842536926,-0.24692502617835999,0.9998055696487427,0.027788637205958366,-0.6456968188285828,-0.24277111887931824,0.9997872710227966,0.13623686134815216,-0.6178693175315857,-0.14802399277687073,0.9998117089271545,-0.013867554254829884,-0.6315258741378784,-0.12620966136455536,0.9997820258140564,0.0612252838909626,-0.5743435621261597,-0.22866645455360413,0.9999294877052307,0.01716533489525318,-0.5769214034080505,-0.2214185744524002,0.9999194145202637,0.21133898198604584,-0.41566595435142517,-0.09143023937940598,0.9996733069419861,-0.1023309975862503,-0.4561637043952942,-0.06031224504113197,0.9997393488883972,0.23251767456531525,-0.16199782490730286,-0.07057980448007584,0.9753928780555725,-0.1814676970243454,-0.34460315108299255,-0.20710651576519012,0.9779426455497742,0.17401376366615295,-0.00205166800878942,-0.12860769033432007,0.8779296875,-0.11099312454462051,-0.4634978473186493,-0.3707283139228821,0.91655433177948,0.15085573494434357,0.044047147035598755,-0.1344749629497528,0.7831252217292786,-0.08305688202381134,-0.4910930097103119,-0.4068744480609894,0.8723762035369873,0.12938417494297028,0.04822688549757004,-0.1527123749256134,0.8015860319137573,-0.07873634248971939,-0.5097755789756775,-0.38226255774497986,0.8796324729919434,0.1521025151014328,0.0074974470771849155,-0.13580778241157532,0.7991051077842712,-0.09750174731016159,-0.4692038297653198,-0.3701232373714447,0.8661443591117859,0.1115686446428299,-0.00043471838580444455,-0.0019138826755806804,0.5362376570701599,-0.10949132591485977,-0.005482783541083336,0.0032346006482839584,0.5695679187774658,0.14187517762184143,-0.03210841864347458,-0.08549538999795914,0.09383338689804077,-0.11856766790151596,0.006737549789249897,-0.11484937369823456,0.0938621237874031,0.15571068227291107,0.26523104310035706,0.1420244574546814,0.02379012666642666,-0.0763404443860054,0.41656967997550964,0.14610500633716583,0.02701761946082115,0.15875938534736633,0.2799229621887207,0.1567615121603012,0.011353015899658203,-0.06228187680244446,0.4374285340309143,0.1752569079399109,0.013148232363164425,0.186204731464386,0.2476140260696411,-0.06764806807041168,0.02430562488734722,-0.06803186982870102,0.46159827709198,-0.04028330743312836,0.02402866631746292,54,1.801,0.606774628162384,0.44960081577301025,2.3196375309453288e-07,,0.6329731941223145,0.44564229249954224,-0.01628889888525009,,0.6567282676696777,0.4186098873615265,-0.024524446576833725,,0.6563501358032227,0.38533079624176025,-0.03239768370985985,,0.6423364281654358,0.35874736309051514,-0.039498940110206604,,0.6564043760299683,0.3133288025856018,-0.010466214269399643,,0.6612676382064819,0.2563982605934143,-0.02064140886068344,,0.6626775860786438,0.21922600269317627,-0.02874254435300827,,0.6637578010559082,0.1856711208820343,-0.03452938050031662,,0.6389155983924866,0.30318307876586914,-0.011484382674098015,,0.6443849802017212,0.23608461022377014,-0.022138100117444992,,0.6516358852386475,0.1981550008058548,-0.030027564615011215,,0.6578953266143799,0.16638143360614777,-0.035091690719127655,,0.6198322772979736,0.3080405592918396,-0.014419201761484146,,0.6260717511177063,0.2521090805530548,-0.031434763222932816,,0.6330653429031372,0.28801435232162476,-0.033927496522665024,,0.6348931193351746,0.32325705885887146,-0.03127278760075569,,0.6004466414451599,0.32514119148254395,-0.018754851073026657,,0.609343409538269,0.28805992007255554,-0.033327918499708176,,0.6165128946304321,0.31340765953063965,-0.03336617723107338,,0.6176640391349792,0.3419327139854431,-0.030187364667654037,
0.03927148878574371,-0.6066451072692871,-0.25487256050109863,0.9998990893363953,0.06162627413868904,-0.6417952179908752,-0.24473828077316284,0.9998016953468323,0.06109148636460304,-0.6414071321487427,-0.24625574052333832,0.9998067021369934,0.061428070068359375,-0.6412832736968994,-0.24392907321453094,0.9998012185096741,0.026201464235782623,-0.6462464928627014,-0.24537049233913422,0.9998068809509277,0.028330478817224503,-0.6465040445327759,-0.24583718180656433,0.9998190402984619,0.027643276378512383,-0.6454785466194153,-0.24167460203170776,0.9998020529747009,0.13562968373298645,-0.617895245552063,-0.14696432650089264,0.9998260736465454,-0.014189230278134346,-0.6314038634300232,-0.1253025233745575,0.9997982382774353,0.061037056148052216,-0.5742191672325134,-0.22774051129817963,0.9999343156814575,0.017028100788593292,-0.5767422318458557,-0.22048696875572205,0.9999251961708069,0.21078495681285858,-0.4162665009498596,-0.0914335548877716,0.9996861219406128,-0.10243364423513412,-0.45582062005996704,-0.060578759759664536,0.9997510313987732,0.2331213802099228,-0.1638149917125702,-0.07050693035125732,0.9771105051040649,-0.18135499954223633,-0.34666088223457336,-0.20714716613292694,0.9797696471214294,0.17573705315589905,-0.001536891097202897,-0.12856744229793549,0.8869936466217041,-0.11105731129646301,-0.46685388684272766,-0.3702690899372101,0.9241161942481995,0.15330936014652252,0.044602274894714355,-0.13346359133720398,0.7908974885940552,-0.08312030136585236,-0.49459996819496155,-0.4064738154411316,0.8806026577949524,0.13074924051761627,0.0499788373708725,-0.15215520560741425,0.8083971738815308,-0.07857193052768707,-0.5125316977500916,-0.3820129334926605,0.8867363333702087,0.15346524119377136,0.008500756695866585,-0.13579519093036652,0.8066536784172058,-0.09747931361198425,-0.472381055355072,-0.3694906532764435,0.8737313747406006,0.11160732060670853,-0.0004278637934476137,-0.0019024200737476349,0.5477972030639648,-0.10953354835510254,-0.005484730936586857,0.0032162214629352093,0.5809640288352966,0.14181692898273468,-0.03251349553465843,-0.08640042692422867,0.09172827005386353,-0.1186605840921402,0.007392974104732275,-0.11613357812166214,0.09210935980081558,0.1559496819972992,0.2651602327823639,0.14092418551445007,0.023309648036956787,-0.0770464614033699,0.41993948817253113,0.1461011916399002,0.02649283967912197,0.1590590626001358,0.2798347771167755,0.15573683381080627,0.0110761234536767,-0.0633370578289032,0.44137343764305115,0.17545396089553833,0.012854784727096558,0.18706287443637848,0.24756194651126862,-0.06939160078763962,0.023816732689738274,-0.0697559341788292,0.4645841121673584,-0.04095438867807388,0.023551534861326218,55,1.835,0.6112750768661499,0.4386737048625946,2.63825626234393e-07,,0.6362267136573792,0.4414308965206146,-0.017308205366134644,,0.6599515676498413,0.4157788157463074,-0.02478056587278843,,0.662010908126831,0.38335663080215454,-0.03145752102136612,,0.6484367847442627,0.358924925327301,-0.03767478093504906,,0.6570240259170532,0.3157850205898285,-0.011407379060983658,,0.6616687178611755,0.26375290751457214,-0.021508434787392616,,0.6641289591789246,0.22692525386810303,-0.02962447516620159,,0.6666011214256287,0.19514623284339905,-0.03506343439221382,,0.6396190524101257,0.3042412996292114,-0.011155939660966396,,0.6441789269447327,0.24147385358810425,-0.021337876096367836,,0.6514022946357727,0.20336386561393738,-0.029376138001680374,,0.6582809090614319,0.17196333408355713,-0.03436983376741409,,0.6207546591758728,0.3059506416320801,-0.012858886271715164,,0.6254403591156006,0.258477121591568,-0.028983082622289658,,0.6321419477462769,0.28912657499313354,-0.033000051975250244,,0.6344131231307983,0.3208492398262024,-0.03128945454955101,,0.6009074449539185,0.3181299567222595,-0.015992149710655212,,0.6084170937538147,0.2809106409549713,-0.02917623333632946,,0.6159578561782837,0.30061590671539307,-0.029873300343751907,,0.6183351874351501,0.32551127672195435,-0.02734118141233921,
0.03787192329764366,-0.6066184639930725,-0.2532009482383728,0.9999064207077026,0.059192538261413574,-0.641829788684845,-0.2428579032421112,0.9998141527175903,0.05869263410568237,-0.6414389610290527,-0.24428805708885193,0.9998179078102112,0.059011247009038925,-0.6413183808326721,-0.24186208844184875,0.9998132586479187,0.024316389113664627,-0.6462445855140686,-0.24321448802947998,0.9998197555541992,0.026416264474391937,-0.6464995741844177,-0.2435973882675171,0.9998310208320618,0.025732023641467094,-0.6454737186431885,-0.23945794999599457,0.9998152256011963,0.1337815821170807,-0.6189045310020447,-0.14574915170669556,0.9998390674591064,-0.014994468539953232,-0.6314324736595154,-0.12270880490541458,0.9998126029968262,0.05995693802833557,-0.5742612481117249,-0.22665244340896606,0.9999383687973022,0.016237987205386162,-0.5767280459403992,-0.21890492737293243,0.9999300837516785,0.2106485664844513,-0.4177951216697693,-0.09154625982046127,0.9996940493583679,-0.10238055884838104,-0.45575374364852905,-0.06077036261558533,0.9997583627700806,0.233564093708992,-0.1682751327753067,-0.0706375315785408,0.9785874485969543,-0.18046161532402039,-0.3569034934043884,-0.2115573287010193,0.9813793301582336,0.17643684148788452,-0.0016600528033450246,-0.1277143508195877,0.8942459225654602,-0.11096616089344025,-0.4780239462852478,-0.3743666410446167,0.9308648705482483,0.15404583513736725,0.04450314864516258,-0.13174153864383698,0.7948206663131714,-0.08304116129875183,-0.5064608454704285,-0.4124499559402466,0.8876922726631165,0.13137894868850708,0.049595173448324203,-0.15088441967964172,0.811737596988678,-0.07840381562709808,-0.5247600674629211,-0.3899855613708496,0.8927392363548279,0.15413206815719604,0.008280940353870392,-0.13505257666110992,0.8104341626167297,-0.09734813123941422,-0.48342591524124146,-0.37562796473503113,0.8801361918449402,0.11192250996828079,-0.00036092608934268355,-0.0018607756355777383,0.5530328750610352,-0.10986395180225372,-0.0055753691121935844,0.0031675638165324926,0.5846683979034424,0.14155812561511993,-0.034469906240701675,-0.08642088621854782,0.09026482701301575,-0.11969868093729019,0.007537884637713432,-0.11653931438922882,0.09053626656532288,0.15594837069511414,0.2617526650428772,0.14077644050121307,0.023100685328245163,-0.07853080332279205,0.42044755816459656,0.1471378058195114,0.026063183322548866,0.1591004729270935,0.276509553194046,0.15566162765026093,0.01091061718761921,-0.0650332123041153,0.4420195519924164,0.17670802772045135,0.012643285095691681,0.18815502524375916,0.2434968203306198,-0.07000786066055298,0.02352144755423069,-0.07366526126861572,0.46468549966812134,-0.04057051241397858,0.02315780334174633,56,1.868,0.6076885461807251,0.45161330699920654,1.7479584357715794e-07,,0.6357218027114868,0.44195231795310974,-0.012599523179233074,,0.6593654751777649,0.4154607653617859,-0.01914539746940136,,0.6700558662414551,0.38929417729377747,-0.026270555332303047,,0.6732618808746338,0.3658035695552826,-0.03276059404015541,,0.6572046875953674,0.3258456885814667,-0.008331936784088612,,0.6625308394432068,0.2739753723144531,-0.01908731460571289,,0.6637842059135437,0.24048376083374023,-0.027076490223407745,,0.6644854545593262,0.2100340723991394,-0.0318935327231884,,0.6392086744308472,0.31294775009155273,-0.010508031584322453,,0.6474016904830933,0.25638559460639954,-0.022954653948545456,,0.6549662351608276,0.2251759022474289,-0.031578727066516876,,0.6614437103271484,0.20046158134937286,-0.036467716097831726,,0.6192318797111511,0.3110509514808655,-0.014576992951333523,,0.6241641640663147,0.26455092430114746,-0.030107788741588593,,0.6261327862739563,0.29382577538490295,-0.03319137915968895,,0.6279733777046204,0.32448750734329224,-0.03122994862496853,,0.5983437895774841,0.31786155700683594,-0.019911957904696465,,0.599131166934967,0.2742827534675598,-0.02935555949807167,,0.6008574962615967,0.25012773275375366,-0.030758455395698547,,0.6037787199020386,0.2280682921409607,-0.03028552047908306,
0.03714979439973831,-0.6065757870674133,-0.25342586636543274,0.999913215637207,0.05739012733101845,-0.6418567895889282,-0.24310187995433807,0.9998260736465454,0.05690057948231697,-0.6414644122123718,-0.24453721940517426,0.9998288154602051,0.05721395090222359,-0.6413485407829285,-0.24209339916706085,0.9998248815536499,0.02314797416329384,-0.6462404131889343,-0.24339231848716736,0.9998319149017334,0.025207769125699997,-0.6464934945106506,-0.24374273419380188,0.9998422861099243,0.02451854571700096,-0.6454671025276184,-0.23961232602596283,0.9998276233673096,0.1329091191291809,-0.6197238564491272,-0.14595605432987213,0.9998513460159302,-0.015073245391249657,-0.6314495801925659,-0.1228308230638504,0.9998258948326111,0.05956936255097389,-0.5742853879928589,-0.2268088012933731,0.9999423623085022,0.016067860648036003,-0.5766922831535339,-0.2191242277622223,0.9999347925186157,0.2111121416091919,-0.41802921891212463,-0.09173352271318436,0.9997034072875977,-0.10147405415773392,-0.4557006061077118,-0.061620503664016724,0.9997668266296387,0.23418207466602325,-0.1690402626991272,-0.06970133632421494,0.9797758460044861,-0.17996399104595184,-0.3632546067237854,-0.21380580961704254,0.9827430844306946,0.1784362941980362,-0.0016885577933862805,-0.12227142602205276,0.9005612730979919,-0.11081161350011826,-0.4867486357688904,-0.3822702169418335,0.9370297193527222,0.15578316152095795,0.04435255005955696,-0.1248006597161293,0.7988283634185791,-0.08295415341854095,-0.516216516494751,-0.4244213104248047,0.8948313593864441,0.1343017816543579,0.049243636429309845,-0.14492805302143097,0.8153174519538879,-0.0782862976193428,-0.5362669825553894,-0.402726411819458,0.8989123106002808,0.156382218003273,0.008365239948034286,-0.12987136840820312,0.814079999923706,-0.09723088145256042,-0.49255940318107605,-0.38536736369132996,0.8867167830467224,0.11261004209518433,-3.900087176589295e-05,-0.0018657669425010681,0.555850088596344,-0.1104937270283699,-0.005979364272207022,0.003172482131049037,0.585525393486023,0.14163917303085327,-0.03905945643782616,-0.0868631899356842,0.08980091661214828,-0.12035048753023148,0.0013567120768129826,-0.11684782803058624,0.0892171859741211,0.1562940776348114,0.25315240025520325,0.14095483720302582,0.023152664303779602,-0.0784766748547554,0.4175475835800171,0.15119634568691254,0.025729335844516754,0.15969760715961456,0.26829177141189575,0.1558142602443695,0.010903088375926018,-0.06483836472034454,0.4390820562839508,0.1814538687467575,0.01258257869631052,0.19064649939537048,0.23173388838768005,-0.06989721953868866,0.02341420203447342,-0.07373684644699097,0.4593258500099182,-0.039488956332206726,0.022860880941152573,57,1.901,0.6071715354919434,0.44766077399253845,-1.1486240936164904e-07,,0.6379164457321167,0.43846115469932556,-0.009111245162785053,,0.6681443452835083,0.4084656238555908,-0.015004311688244343,,0.6854305267333984,0.3810127079486847,-0.02227145992219448,,0.6910089254379272,0.3554532527923584,-0.02775181271135807,,0.6561605334281921,0.3158503472805023,-0.004389955662190914,,0.6642535924911499,0.25996851921081543,-0.0212697833776474,,0.6641547083854675,0.29013189673423767,-0.031523410230875015,,0.6608849763870239,0.3241652846336365,-0.0342712439596653,,0.6358824372291565,0.30820727348327637,-0.006930497474968433,,0.6461500525474548,0.25745439529418945,-0.026855194941163063,,0.6467185020446777,0.2986673414707184,-0.03679873049259186,,0.6430003643035889,0.33603930473327637,-0.03826035186648369,,0.6152415871620178,0.3066680133342743,-0.011634618043899536,,0.6214120984077454,0.25218549370765686,-0.02672087959945202,,0.6237012147903442,0.28875744342803955,-0.02891501598060131,,0.6236081719398499,0.3239838480949402,-0.025700174272060394,,0.5944460034370422,0.3125142753124237,-0.01737697422504425,,0.5933230519294739,0.2638852596282959,-0.023976316675543785,,0.5953242182731628,0.23573434352874756,-0.025350430980324745,,0.5987890362739563,0.20969487726688385,-0.024444274604320526,
0.036727920174598694,-0.6064966917037964,-0.2535732686519623,0.9999188184738159,0.056696150451898575,-0.641851544380188,-0.24329331517219543,0.9998352527618408,0.056205105036497116,-0.6414589285850525,-0.24473705887794495,0.999836802482605,0.056522104889154434,-0.6413438320159912,-0.24229183793067932,0.9998336434364319,0.022502964362502098,-0.6462180018424988,-0.24356934428215027,0.9998418688774109,0.024556893855333328,-0.6464675068855286,-0.24391908943653107,0.9998515844345093,0.023866944015026093,-0.6454412341117859,-0.2397889792919159,0.9998379349708557,0.1324075609445572,-0.620069146156311,-0.14613479375839233,0.9998613595962524,-0.01538082491606474,-0.6315672993659973,-0.1230708658695221,0.9998372793197632,0.05927719548344612,-0.5742876529693604,-0.22699248790740967,0.9999455809593201,0.01583678461611271,-0.5766708254814148,-0.2192911058664322,0.9999387860298157,0.21115288138389587,-0.4182932376861572,-0.09180080145597458,0.9997095465660095,-0.10153735429048538,-0.4558655619621277,-0.06176174804568291,0.9997748136520386,0.23409901559352875,-0.16913384199142456,-0.06868792325258255,0.9809315800666809,-0.1800023466348648,-0.36248356103897095,-0.2146027684211731,0.9840505719184875,0.178514763712883,-0.001789012341760099,-0.11866980046033859,0.9073411822319031,-0.11073972284793854,-0.4841843247413635,-0.38454344868659973,0.9426433444023132,0.15574534237384796,0.04414435476064682,-0.12146522104740143,0.8057578802108765,-0.08288224786520004,-0.5129100680351257,-0.4259297847747803,0.9014794230461121,0.1346186399459839,0.04907083883881569,-0.1413586139678955,0.8214203715324402,-0.07819833606481552,-0.5328103303909302,-0.4041183590888977,0.9047446250915527,0.15663450956344604,0.008251704275608063,-0.12615203857421875,0.8205534219741821,-0.09715258330106735,-0.4899088442325592,-0.38705387711524963,0.8930138349533081,0.11289934068918228,1.4115663361735642e-05,-0.001836847048252821,0.5616699457168579,-0.11078519374132156,-0.006048375274986029,0.0031387866474688053,0.5906732678413391,0.14275449514389038,-0.039410218596458435,-0.0866534560918808,0.08906341344118118,-0.12028881162405014,0.001555093564093113,-0.11680063605308533,0.08814270049333572,0.1571546494960785,0.25270745158195496,0.141240656375885,0.023002000525593758,-0.07818784564733505,0.41611936688423157,0.15131069719791412,0.0253902580589056,0.16063635051250458,0.2677372694015503,0.15606099367141724,0.010793628171086311,-0.06440073996782303,0.43741941452026367,0.1814953237771988,0.012383908033370972,0.1930336207151413,0.23196107149124146,-0.06958810240030289,0.023262104019522667,-0.07247480005025864,0.4583169221878052,-0.03924037143588066,0.022607071325182915,58,1.935,0.605402946472168,0.449094295501709,-1.1791266274485679e-07,,0.636540412902832,0.4363417625427246,-0.00891559012234211,,0.6652374267578125,0.4097956418991089,-0.015540136024355888,,0.6855972409248352,0.38435667753219604,-0.023531781509518623,,0.6942309737205505,0.35450780391693115,-0.029653601348400116,,0.6497071981430054,0.33132320642471313,-0.005049465224146843,,0.6609838008880615,0.2958317697048187,-0.02021506242454052,,0.6637791991233826,0.33077794313430786,-0.03090486489236355,,0.6623572707176208,0.3636820614337921,-0.035212501883506775,,0.6310878992080688,0.3192828893661499,-0.0074876113794744015,,0.6416152119636536,0.28218379616737366,-0.024814043194055557,,0.6458702087402344,0.3201790452003479,-0.03423032537102699,,0.6449527740478516,0.35564664006233215,-0.03708203509449959,,0.6114688515663147,0.3102915585041046,-0.012033618055284023,,0.6176810264587402,0.2525761127471924,-0.0242473091930151,,0.6215733885765076,0.2799794673919678,-0.026638057082891464,,0.6225867867469788,0.31157156825065613,-0.025239836424589157,,0.5917852520942688,0.3087695240974426,-0.01779860630631447,,0.590434193611145,0.2606438100337982,-0.023567989468574524,,0.5921686291694641,0.2325388789176941,-0.025517653673887253,,0.5949618220329285,0.2080209106206894,-0.025840124115347862,
0.0343644842505455,-0.6055194139480591,-0.2524932622909546,0.9999239444732666,0.05405811592936516,-0.6413480639457703,-0.24261149764060974,0.999843418598175,0.05357101559638977,-0.6409528851509094,-0.24405445158481598,0.9998438358306885,0.05389362946152687,-0.640837550163269,-0.24161942303180695,0.9998413324356079,0.01977774128317833,-0.6456035375595093,-0.24270710349082947,0.9998508095741272,0.02185063622891903,-0.6458298563957214,-0.24310730397701263,0.9998599886894226,0.021164650097489357,-0.6448060870170593,-0.23895400762557983,0.9998472929000854,0.1304122656583786,-0.6203550696372986,-0.14623744785785675,0.9998703002929688,-0.016877882182598114,-0.6316229701042175,-0.12280616909265518,0.9998478889465332,0.057593099772930145,-0.5739287734031677,-0.22630810737609863,0.9999485611915588,0.014283502474427223,-0.5761970281600952,-0.21842114627361298,0.9999424815177917,0.2109777331352234,-0.41930583119392395,-0.09199515730142593,0.9997141361236572,-0.10158468037843704,-0.45634889602661133,-0.06185119226574898,0.9997828602790833,0.23402801156044006,-0.1699857860803604,-0.06886481493711472,0.9822453260421753,-0.1796940118074417,-0.3627040982246399,-0.2180890440940857,0.9853901267051697,0.17837508022785187,-0.0019986701663583517,-0.11721610277891159,0.9146623015403748,-0.110073983669281,-0.48215368390083313,-0.3857043981552124,0.9479187726974487,0.15559060871601105,0.043999042361974716,-0.1200413927435875,0.8155331611633301,-0.0824887752532959,-0.5103010535240173,-0.4260832667350769,0.9082832336425781,0.13452795147895813,0.04887266829609871,-0.1389160305261612,0.8299124836921692,-0.07681697607040405,-0.5299339294433594,-0.40348929166793823,0.910844624042511,0.15657514333724976,0.00806764978915453,-0.12407203763723373,0.8296518325805664,-0.0961894765496254,-0.48775768280029297,-0.38729801774024963,0.8997737169265747,0.11293423175811768,2.7245343517279252e-05,-0.0017808008706197143,0.5720636248588562,-0.11083772033452988,-0.006059907842427492,0.0030605667270720005,0.6006418466567993,0.14308932423591614,-0.03891447186470032,-0.08625969290733337,0.08799972385168076,-0.12054231017827988,0.001959411194548011,-0.11665038764476776,0.08738325536251068,0.15713141858577728,0.2537420392036438,0.13994592428207397,0.022769790142774582,-0.07816784828901291,0.4159568250179291,0.14851336181163788,0.025051873177289963,0.16057679057121277,0.2684890031814575,0.15417350828647614,0.010606038384139538,-0.06434294581413269,0.43719735741615295,0.17737260460853577,0.012102089822292328,0.19296512007713318,0.23433397710323334,-0.07018640637397766,0.023045338690280914,-0.07124464958906174,0.4585866332054138,-0.04362669959664345,0.022332169115543365,59,1.968,0.6064571142196655,0.44417428970336914,-1.201009496298866e-07,,0.6375160217285156,0.43356600403785706,-0.009131471626460552,,0.6667057871818542,0.4063587188720703,-0.015478539280593395,,0.6872333288192749,0.38000747561454773,-0.022717827931046486,,0.6957617998123169,0.3506954610347748,-0.0276331827044487,,0.6502576470375061,0.32607242465019226,-0.004574295599013567,,0.6609165072441101,0.2911362946033478,-0.018739493563771248,,0.6611584424972534,0.3287293314933777,-0.027945049107074738,,0.6586958169937134,0.36283549666404724,-0.031138528138399124,,0.6312219500541687,0.3138777017593384,-0.006195438094437122,,0.6412668824195862,0.2753090262413025,-0.023236744105815887,,0.6424115300178528,0.31572243571281433,-0.03094734251499176,,0.6407313942909241,0.35280710458755493,-0.031825512647628784,,0.6115477681159973,0.30575117468833923,-0.009956283494830132,,0.6170122623443604,0.25063687562942505,-0.02143154665827751,,0.6208381652832031,0.27792614698410034,-0.022599341347813606,,0.6230397820472717,0.30785539746284485,-0.019948240369558334,,0.592033326625824,0.3050800859928131,-0.014958273619413376,,0.5900362133979797,0.2576564848423004,-0.019823413342237473,,0.5914246439933777,0.22864629328250885,-0.021178418770432472,,0.5944451093673706,0.20195144414901733,-0.0208586473017931,
0.03245893120765686,-0.6052284240722656,-0.2504599392414093,0.9999286532402039,0.052019860595464706,-0.641229510307312,-0.24094265699386597,0.9998507499694824,0.0515371672809124,-0.6408352851867676,-0.24237190186977386,0.9998500347137451,0.051856543868780136,-0.6407206654548645,-0.23995637893676758,0.9998481869697571,0.017613427713513374,-0.6454452276229858,-0.24101698398590088,0.9998590350151062,0.019706271588802338,-0.6456630825996399,-0.24148227274417877,0.9998677968978882,0.01901962235569954,-0.6446418166160583,-0.23731385171413422,0.9998559951782227,0.1283767819404602,-0.6210428476333618,-0.14538848400115967,0.9998783469200134,-0.01880619488656521,-0.6320294737815857,-0.12200756371021271,0.9998578429222107,0.05592791736125946,-0.573904812335968,-0.22446072101593018,0.9999513030052185,0.012662430293858051,-0.576144278049469,-0.2166614681482315,0.9999459981918335,0.2105560153722763,-0.42083773016929626,-0.09188423305749893,0.9997197985649109,-0.10235948115587234,-0.4574313461780548,-0.061414800584316254,0.9997922778129578,0.2339872121810913,-0.17098368704319,-0.06863904744386673,0.9834664463996887,-0.179942786693573,-0.36505499482154846,-0.21905042231082916,0.9866281151771545,0.17838706076145172,-0.0020803906954824924,-0.1136045902967453,0.9215063452720642,-0.10954655706882477,-0.4819154143333435,-0.3847160041332245,0.9527162909507751,0.1557529717683792,0.043780408799648285,-0.11639150977134705,0.8252983689308167,-0.0818069577217102,-0.5093988180160522,-0.42458784580230713,0.9146239161491394,0.1348189115524292,0.04861815646290779,-0.13465146720409393,0.838483452796936,-0.07514084875583649,-0.5285766124725342,-0.40213727951049805,0.916563093662262,0.1567741334438324,0.007962618954479694,-0.12007742375135422,0.8387514352798462,-0.09535560011863708,-0.4872742295265198,-0.3860592842102051,0.9061407446861267,0.11298318952322006,2.9145408916519955e-05,-0.0017499207751825452,0.5854693651199341,-0.11093655228614807,-0.0060531506314873695,0.003005879232659936,0.6138008832931519,0.14351926743984222,-0.0345245786011219,-0.08529964834451675,0.08722322434186935,-0.1205478385090828,0.009716102853417397,-0.11544104665517807,0.0870363637804985,0.1571410745382309,0.2576838731765747,0.13907194137573242,0.022551381960511208,-0.07806926965713501,0.41692832112312317,0.14662055671215057,0.0248241163790226,0.1605646163225174,0.2721722424030304,0.1528589129447937,0.01041313074529171,-0.06422007828950882,0.4383053779602051,0.17421339452266693,0.011838199570775032,0.19289180636405945,0.2436087727546692,-0.07005705684423447,0.022897468879818916,-0.07056470960378647,0.4636545777320862,-0.045507512986660004,0.022193092852830887,60,2.002,0.6055395007133484,0.44194960594177246,-1.5796103980392218e-07,,0.6366276144981384,0.4325368106365204,-0.009474187158048153,,0.6674646139144897,0.4045145511627197,-0.015130055136978626,,0.6888747215270996,0.3768937289714813,-0.021666083484888077,,0.6981440782546997,0.34928250312805176,-0.02568337693810463,,0.6500588655471802,0.3216528594493866,-0.003907670732587576,,0.659795880317688,0.2853493094444275,-0.016532916575670242,,0.6573764085769653,0.32472121715545654,-0.023866459727287292,,0.653622567653656,0.356827974319458,-0.02598695456981659,,0.6306912302970886,0.30931878089904785,-0.005117147229611874,,0.6397221088409424,0.271289199590683,-0.021314268931746483,,0.6391963362693787,0.3156447410583496,-0.028030240908265114,,0.6365338563919067,0.3516812026500702,-0.02838096208870411,,0.6113185882568359,0.30133432149887085,-0.008382253348827362,,0.6167500019073486,0.24714452028274536,-0.020073242485523224,,0.6202431917190552,0.2822324335575104,-0.020264599472284317,,0.621875524520874,0.31587034463882446,-0.016803402453660965,,0.5923446416854858,0.3005472421646118,-0.012843950651586056,,0.5904584527015686,0.25248533487319946,-0.017884934321045876,,0.5924292206764221,0.22327549755573273,-0.01891263760626316,,0.5960245132446289,0.19475287199020386,-0.01828806847333908,
0.030500512570142746,-0.6052268147468567,-0.25013014674186707,0.999932587146759,0.050135623663663864,-0.6412577629089355,-0.24076351523399353,0.9998562932014465,0.04964827373623848,-0.6408640742301941,-0.24220548570156097,0.9998544454574585,0.049974288791418076,-0.6407499313354492,-0.23979784548282623,0.9998533725738525,0.015610051341354847,-0.6454747915267944,-0.2407599538564682,0.9998655915260315,0.017710916697978973,-0.6456902623176575,-0.24124161899089813,0.9998739957809448,0.01702469028532505,-0.6446707248687744,-0.23706720769405365,0.9998629689216614,0.1270429641008377,-0.6216223835945129,-0.1454649269580841,0.9998852014541626,-0.020127708092331886,-0.6327435970306396,-0.12193772196769714,0.9998659491539001,0.05429867282509804,-0.5739870071411133,-0.22423914074897766,0.9999533295631409,0.011042657308280468,-0.5762288570404053,-0.21638476848602295,0.9999487400054932,0.21017718315124512,-0.4216386675834656,-0.09201474487781525,0.9997175931930542,-0.10268954187631607,-0.459031343460083,-0.060912035405635834,0.9997968673706055,0.23421035706996918,-0.17213201522827148,-0.06871000677347183,0.9845560193061829,-0.18090981245040894,-0.3726711571216583,-0.21965831518173218,0.9877160787582397,0.17895345389842987,-0.002163582481443882,-0.11262109130620956,0.9276103973388672,-0.11034160852432251,-0.4903726875782013,-0.3844609558582306,0.9570006132125854,0.15624812245368958,0.04366742819547653,-0.11526165902614594,0.8339887261390686,-0.08286841958761215,-0.5180941224098206,-0.4238523542881012,0.9201897382736206,0.13547606766223907,0.04845426604151726,-0.13301868736743927,0.846055805683136,-0.07592789083719254,-0.5362434983253479,-0.40115150809288025,0.9215500354766846,0.15755455195903778,0.007857265882194042,-0.11885980516672134,0.8467621803283691,-0.09612004458904266,-0.4952239394187927,-0.38540828227996826,0.9116882681846619,0.11301054060459137,2.4913055312936194e-05,-0.0017369844717904925,0.5918512344360352,-0.11096324026584625,-0.006050214637070894,0.0029833794105798006,0.6209050416946411,0.14519862830638885,-0.03361118957400322,-0.08425411581993103,0.08725008368492126,-0.12040171772241592,0.012270449660718441,-0.11438919603824615,0.08773703128099442,0.1577443927526474,0.25851237773895264,0.13919708132743835,0.022482316941022873,-0.0776306614279747,0.4174884259700775,0.14516234397888184,0.024948956444859505,0.1610303372144699,0.2729039490222931,0.15300022065639496,0.010268280282616615,-0.06369118392467499,0.43882524967193604,0.17207393050193787,0.011692595668137074,0.19340898096561432,0.24576564133167267,-0.06924514472484589,0.022879352793097496,-0.06960080564022064,0.465139776468277,-0.046831514686346054,0.022297410294413567,61,2.035,0.6045994758605957,0.4394066333770752,-2.0089763097530522e-07,,0.6367677450180054,0.42894530296325684,-0.008409137837588787,,0.6674621105194092,0.40052199363708496,-0.013651830144226551,,0.687813937664032,0.37299859523773193,-0.01995786651968956,,0.6964743137359619,0.3453182280063629,-0.023694634437561035,,0.6509523391723633,0.3169279098510742,-0.003845121245831251,,0.6622338891029358,0.2833523154258728,-0.01685198023915291,,0.657541036605835,0.32574939727783203,-0.023767776787281036,,0.6513898968696594,0.36053600907325745,-0.02523953653872013,,0.6317249536514282,0.3035389482975006,-0.005471882410347462,,0.641913115978241,0.2684890031814575,-0.02190711908042431,,0.6390661001205444,0.3152690529823303,-0.02797848917543888,,0.6345213651657104,0.3525877296924591,-0.027753140777349472,,0.6123800873756409,0.29546359181404114,-0.009044107049703598,,0.6195130348205566,0.24431973695755005,-0.02136044017970562,,0.6217838525772095,0.2838176190853119,-0.020733652636408806,,0.6218783259391785,0.3196481764316559,-0.016390131786465645,,0.5933578014373779,0.29545554518699646,-0.013662252575159073,,0.593234658241272,0.24628525972366333,-0.019116636365652084,,0.5967085361480713,0.2167193591594696,-0.019807767122983932,,0.6015189290046692,0.18771103024482727,-0.01875869743525982,
0.03075367771089077,-0.6055746674537659,-0.2554008364677429,0.9999368190765381,0.05026622116565704,-0.6415500044822693,-0.2455511838197708,0.9998631477355957,0.04977797716856003,-0.6411650776863098,-0.2470008134841919,0.999860405921936,0.05010440573096275,-0.6410540342330933,-0.24458590149879456,0.9998596906661987,0.015643617138266563,-0.6457682847976685,-0.2463918775320053,0.9998735785484314,0.017746703699231148,-0.6459880471229553,-0.24691537022590637,0.9998816251754761,0.017058679834008217,-0.6449725031852722,-0.24280083179473877,0.999871551990509,0.127020463347435,-0.6222547292709351,-0.14741508662700653,0.9998917579650879,-0.021296288818120956,-0.6333937048912048,-0.12783651053905487,0.9998753070831299,0.054370272904634476,-0.5744870901107788,-0.22820733487606049,0.9999555349349976,0.011039881967008114,-0.576672375202179,-0.22163213789463043,0.9999520182609558,0.21000778675079346,-0.4219588041305542,-0.09207039326429367,0.999716579914093,-0.10665902495384216,-0.459765762090683,-0.06362935155630112,0.9998055100440979,0.23229408264160156,-0.17195262014865875,-0.06879251450300217,0.9853553175926208,-0.1925467550754547,-0.3718927204608917,-0.22459237277507782,0.9886872172355652,0.17534402012825012,-0.00265947706066072,-0.1135672926902771,0.9324740171432495,-0.11238008737564087,-0.4894506335258484,-0.3924632966518402,0.9607930779457092,0.15169188380241394,0.04167508706450462,-0.11841407418251038,0.8397467136383057,-0.08327365666627884,-0.5176940560340881,-0.43332234025001526,0.9248674511909485,0.13230951130390167,0.04477392137050629,-0.13560894131660461,0.8510503768920898,-0.07621391117572784,-0.5366072058677673,-0.4086204469203949,0.9256417751312256,0.1546066850423813,0.006634918507188559,-0.1202186867594719,0.8519546985626221,-0.09775394946336746,-0.4946405291557312,-0.3924195468425751,0.9161643981933594,0.1131502091884613,-4.721790173789486e-05,-0.0012380172265693545,0.5953373908996582,-0.1112557128071785,-0.0060214996337890625,0.0024119748268276453,0.6262288093566895,0.14546824991703033,-0.02983209863305092,-0.07867815345525742,0.0861574336886406,-0.12038442492485046,0.02926161326467991,-0.11268509179353714,0.08691713213920593,0.157770574092865,0.2586064338684082,0.1408606916666031,0.022099865600466728,-0.07851950824260712,0.4180748164653778,0.145231693983078,0.02454807423055172,0.1610628217458725,0.27298641204833984,0.1544678658246994,0.010098466649651527,-0.06467632949352264,0.4395362138748169,0.17200009524822235,0.011445892974734306,0.19455040991306305,0.2505043148994446,-0.06028476729989052,0.02264377288520336,-0.07021789997816086,0.4708268940448761,-0.04649240896105766,0.022075578570365906,62,2.068,0.604001522064209,0.4363836348056793,-2.061816672949135e-07,,0.6360371112823486,0.42688798904418945,-0.008314073085784912,,0.663252592086792,0.39616283774375916,-0.01231908518821001,,0.6711640954017639,0.36340805888175964,-0.01715937815606594,,0.6681898832321167,0.3346194624900818,-0.01950049214065075,,0.652278482913971,0.31609979271888733,-0.0035331856925040483,,0.6619848012924194,0.28460898995399475,-0.015046510845422745,,0.6563442945480347,0.32426103949546814,-0.0206416267901659,,0.649040162563324,0.35591921210289,-0.02143850363790989,,0.6336904168128967,0.30171114206314087,-0.004941817373037338,,0.6432718634605408,0.2669806480407715,-0.020058084279298782,,0.6395295858383179,0.3115313649177551,-0.025751112028956413,,0.6336770057678223,0.3472718596458435,-0.02545485645532608,,0.6151483058929443,0.29247501492500305,-0.008110197260975838,,0.6226190328598022,0.24230369925498962,-0.019511843100190163,,0.6235376000404358,0.2827010452747345,-0.018962180241942406,,0.622338593006134,0.3189839720726013,-0.014868352562189102,,0.5961235165596008,0.29119983315467834,-0.012303110212087631,,0.5986961126327515,0.24151276051998138,-0.017246698960661888,,0.6038867831230164,0.21254172921180725,-0.017918488010764122,,0.6100509762763977,0.1846735179424286,-0.017030484974384308,
0.031969137489795685,-0.6069369316101074,-0.25668153166770935,0.9999405741691589,0.05123671144247055,-0.6427140235900879,-0.24650375545024872,0.9998692274093628,0.05073269084095955,-0.64234858751297,-0.24799512326717377,0.9998656511306763,0.05106557905673981,-0.642244815826416,-0.24558451771736145,0.9998654723167419,0.01634311117231846,-0.6468851566314697,-0.24787276983261108,0.9998806715011597,0.01845712773501873,-0.6471220254898071,-0.24843275547027588,0.9998884201049805,0.017758795991539955,-0.6461117267608643,-0.24434193968772888,0.9998792409896851,0.12705260515213013,-0.6231138110160828,-0.14746631681919098,0.9998976588249207,-0.021780773997306824,-0.6342199444770813,-0.13023604452610016,0.9998836517333984,0.05497991293668747,-0.5757327079772949,-0.22894850373268127,0.9999574422836304,0.011354773305356503,-0.5778256058692932,-0.22315822541713715,0.9999549388885498,0.20954445004463196,-0.42216023802757263,-0.09135287255048752,0.999714195728302,-0.10968393087387085,-0.46025216579437256,-0.064195416867733,0.9998124837875366,0.22881822288036346,-0.17146192491054535,-0.06885744631290436,0.9860956072807312,-0.20023345947265625,-0.37144961953163147,-0.22688288986682892,0.9895835518836975,0.1692144274711609,-0.0031550033017992973,-0.11482124775648117,0.9370997548103333,-0.1132442057132721,-0.48952585458755493,-0.3956651985645294,0.9642536640167236,0.14418132603168488,0.040316928178071976,-0.12295849621295929,0.8457884788513184,-0.08325514197349548,-0.5181894302368164,-0.436652809381485,0.929238498210907,0.126048281788826,0.04206658899784088,-0.13838715851306915,0.8562241792678833,-0.07619510591030121,-0.5377401113510132,-0.41043829917907715,0.9294652342796326,0.1491270810365677,0.005540496204048395,-0.12160073965787888,0.8573972582817078,-0.09844885766506195,-0.4948994219303131,-0.39467331767082214,0.9204031825065613,0.11321070790290833,-8.900880493456498e-05,-0.0007901588687673211,0.6009809970855713,-0.1114034578204155,-0.006002564448863268,0.001893158652819693,0.6331181526184082,0.14635352790355682,-0.025680936872959137,-0.07543103396892548,0.08468369394540787,-0.12002407759428024,0.03306310996413231,-0.11146119982004166,0.0857333317399025,0.15778464078903198,0.2604019045829773,0.14169788360595703,0.021654987707734108,-0.07855096459388733,0.41810476779937744,0.14484848082065582,0.02403218112885952,0.16108179092407227,0.27485623955726624,0.15505489706993103,0.009924286045134068,-0.0646868348121643,0.4395780861377716,0.17089366912841797,0.011187238618731499,0.19524402916431427,0.2556787133216858,-0.05518856644630432,0.022336183115839958,-0.06976915150880814,0.47234439849853516,-0.04631010442972183,0.021751560270786285,63,2.102,0.6057615280151367,0.43421903252601624,-1.9986730137588893e-07,,0.6354459524154663,0.42642641067504883,-0.008244222961366177,,0.6604164242744446,0.3893541097640991,-0.011884554289281368,,0.6677423715591431,0.34521839022636414,-0.016501082107424736,,0.654272735118866,0.31522291898727417,-0.019406748935580254,,0.6497419476509094,0.31553155183792114,-0.00022802402963861823,,0.6572793126106262,0.28813669085502625,-0.010293501429259777,,0.6492896676063538,0.32421666383743286,-0.016287922859191895,,0.6409597992897034,0.3522678017616272,-0.017837120220065117,,0.6338600516319275,0.30039119720458984,-0.0014115872327238321,,0.6426638960838318,0.2672955095767975,-0.015002678148448467,,0.6366164684295654,0.3142105042934418,-0.02079077437520027,,0.6285961270332336,0.3511025309562683,-0.0205631535500288,,0.6169295310974121,0.29060423374176025,-0.00434849550947547,,0.625365674495697,0.2403738796710968,-0.015422622673213482,,0.6261389851570129,0.28120842576026917,-0.015359356999397278,,0.6241480112075806,0.31918326020240784,-0.011450030840933323,,0.5980457067489624,0.28779637813568115,-0.008147557266056538,,0.6038494110107422,0.23932349681854248,-0.012472419068217278,,0.6102580428123474,0.21134550869464874,-0.012525900267064571,,0.6170626878738403,0.1854211539030075,-0.01135651208460331,
0.0332522951066494,-0.6075990200042725,-0.2579209506511688,0.9999437928199768,0.052261944860219955,-0.6432837843894958,-0.2475435584783554,0.9998742341995239,0.05174177139997482,-0.6429275274276733,-0.2490854412317276,0.9998698830604553,0.05208221450448036,-0.6428274512290955,-0.24667611718177795,0.9998701810836792,0.0171893872320652,-0.6474538445472717,-0.24926918745040894,0.9998867511749268,0.019308356568217278,-0.6477048993110657,-0.24983550608158112,0.9998942017555237,0.018603861331939697,-0.646697461605072,-0.24576973915100098,0.9998857975006104,0.1271945685148239,-0.6234399676322937,-0.14787589013576508,0.999902606010437,-0.021865123882889748,-0.6346520781517029,-0.13259217143058777,0.9998908638954163,0.05574489384889603,-0.576317310333252,-0.2299121767282486,0.9999589920043945,0.011905173771083355,-0.578386664390564,-0.22468550503253937,0.9999574422836304,0.2094128578901291,-0.42213958501815796,-0.0913541167974472,0.9997090697288513,-0.11123204231262207,-0.4605901539325714,-0.06558206677436829,0.999817967414856,0.22526335716247559,-0.1704016774892807,-0.06959522515535355,0.9865850806236267,-0.20392371714115143,-0.3713546395301819,-0.22934815287590027,0.9903494715690613,0.16502223908901215,-0.003352619241923094,-0.12033175677061081,0.9406234622001648,-0.11360327154397964,-0.48943978548049927,-0.4005129933357239,0.9672684669494629,0.13932578265666962,0.039787448942661285,-0.13094285130500793,0.8492939472198486,-0.08320906013250351,-0.5179291367530823,-0.44109705090522766,0.9327125549316406,0.12175259739160538,0.040972594171762466,-0.14599329233169556,0.8591827154159546,-0.076167531311512,-0.5374569892883301,-0.41467738151550293,0.9324361085891724,0.1451665461063385,0.00508267804980278,-0.12767422199249268,0.8605289459228516,-0.09872350096702576,-0.49467939138412476,-0.3991810083389282,0.9236437678337097,0.11330804973840714,-0.00011012399772880599,-0.00033302922383882105,0.600974977016449,-0.11156606674194336,-0.006003561429679394,0.001406849711202085,0.63492351770401,0.14649437367916107,-0.025411972776055336,-0.07408630102872849,0.08359828591346741,-0.11985310912132263,0.03359457477927208,-0.11143283545970917,0.08504357188940048,0.15772254765033722,0.2603449821472168,0.14276787638664246,0.021262334659695625,-0.0796973779797554,0.41784238815307617,0.14439266920089722,0.023648152127861977,0.1610305905342102,0.2748027741909027,0.15615950524806976,0.009767674840986729,-0.06586159765720367,0.4392354488372803,0.1702224463224411,0.010955631732940674,0.19582943618297577,0.2553600072860718,-0.052964672446250916,0.022096915170550346,-0.07011728733778,0.4720609188079834,-0.04609644040465355,0.02152780257165432,64,2.135,0.6021163463592529,0.4346408545970917,-2.1190811594351544e-07,,0.6328122615814209,0.4274851083755493,-0.009783363901078701,,0.6589031219482422,0.3876625597476959,-0.013521111570298672,,0.6610512137413025,0.33807599544525146,-0.018197840079665184,,0.642156183719635,0.3128525912761688,-0.020553404465317726,,0.6492737531661987,0.3181675374507904,0.0018454223172739148,,0.6586337685585022,0.2829895615577698,-0.009300224483013153,,0.6498822569847107,0.32067179679870605,-0.015684165060520172,,0.6416172385215759,0.3482341170310974,-0.017232785001397133,,0.6338618993759155,0.3028249144554138,0.0011028482113033533,,0.6431644558906555,0.2631760537624359,-0.014141454361379147,,0.6352068185806274,0.31020012497901917,-0.02067088708281517,,0.6266496181488037,0.3456416428089142,-0.02002052031457424,,0.617600679397583,0.2920548617839813,-0.001875544199720025,,0.6267168521881104,0.2388119101524353,-0.014272834174335003,,0.625200629234314,0.279989093542099,-0.014494823291897774,,0.6212936043739319,0.3177221119403839,-0.009865961968898773,,0.5995036363601685,0.2865283787250519,-0.0059308563359081745,,0.6071007251739502,0.23872995376586914,-0.010346253402531147,,0.6139605641365051,0.2110200673341751,-0.01059339102357626,,0.6209760904312134,0.1847262680530548,-0.009174277074635029,
0.03568241372704506,-0.6076735258102417,-0.2591860592365265,0.9999471306800842,0.05396050959825516,-0.6433234810829163,-0.2485295534133911,0.999879777431488,0.05342606082558632,-0.6429686546325684,-0.2500803768634796,0.9998749494552612,0.053757671266794205,-0.6428720355033875,-0.24761590361595154,0.9998754858970642,0.01898864284157753,-0.6474832892417908,-0.25060853362083435,0.999893069267273,0.021089643239974976,-0.6477371454238892,-0.25112318992614746,0.9999002814292908,0.02037161961197853,-0.6467293500900269,-0.24711483716964722,0.9998925924301147,0.12751217186450958,-0.6234784126281738,-0.14821477234363556,0.9999077916145325,-0.021834326907992363,-0.6346612572669983,-0.13485686480998993,0.9998981356620789,0.05725511908531189,-0.576432466506958,-0.23094488680362701,0.999960720539093,0.013342874124646187,-0.5784477591514587,-0.22621212899684906,0.9999600648880005,0.20951859652996063,-0.4217028319835663,-0.09127873182296753,0.999709963798523,-0.11201563477516174,-0.46065253019332886,-0.06868709623813629,0.9998258948326111,0.2236974984407425,-0.16824904084205627,-0.06966479122638702,0.9868661761283875,-0.2067890763282776,-0.3719277083873749,-0.23155774176120758,0.9909987449645996,0.1615518182516098,-0.003751091193407774,-0.12416602671146393,0.9427081346511841,-0.1135815680027008,-0.4904940724372864,-0.4048304557800293,0.9699041247367859,0.13460470736026764,0.03783145919442177,-0.13567572832107544,0.8488986492156982,-0.08224412798881531,-0.5187267065048218,-0.44635847210884094,0.9354708790779114,0.11725562065839767,0.0384104922413826,-0.15166372060775757,0.8588999509811401,-0.07548176497220993,-0.5381119251251221,-0.4210371673107147,0.9347122311592102,0.14137952029705048,0.004228240344673395,-0.1324082612991333,0.8601294755935669,-0.09869711101055145,-0.4954369366168976,-0.40437373518943787,0.926120400428772,0.11381299048662186,-8.276318840216845e-05,4.672538852901198e-05,0.5968906283378601,-0.11219757050275803,-0.006086606066673994,0.0010091470321640372,0.6329861879348755,0.14645370841026306,-0.025673221796751022,-0.07416756451129913,0.08250029385089874,-0.11985869705677032,0.034672994166612625,-0.11245660483837128,0.08402982354164124,0.15773986279964447,0.2574314475059509,0.14278000593185425,0.02088206633925438,-0.08213619887828827,0.41796422004699707,0.14441274106502533,0.023241333663463593,0.16114351153373718,0.2720690369606018,0.15623901784420013,0.009632708504796028,-0.06843613088130951,0.4394467771053314,0.1703234612941742,0.010765890590846539,0.19746717810630798,0.2535431385040283,-0.05322594568133354,0.021825583651661873,-0.07409314066171646,0.47250717878341675,-0.04572411626577377,0.021260932087898254,65,2.168,0.5998347401618958,0.43119004368782043,-2.1012517947838205e-07,,0.6320093870162964,0.4240209460258484,-0.00967695377767086,,0.657742977142334,0.3852812647819519,-0.013571422547101974,,0.6588526964187622,0.3347714841365814,-0.018306666985154152,,0.6401665210723877,0.30739784240722656,-0.020719297230243683,,0.650881290435791,0.3145805299282074,0.000662813545204699,,0.661700427532196,0.2754865288734436,-0.010942734777927399,,0.6517570614814758,0.3110719621181488,-0.01788615807890892,,0.6435455083847046,0.3374653458595276,-0.019982988014817238,,0.6342862248420715,0.2982490658760071,-0.0001638979447307065,,0.6434921622276306,0.25771430134773254,-0.01496648695319891,,0.6349413990974426,0.303986519575119,-0.02131316252052784,,0.6272282004356384,0.33855095505714417,-0.021030420437455177,,0.6175459623336792,0.2874327301979065,-0.0032053422182798386,,0.6270415186882019,0.23555009067058563,-0.01454685814678669,,0.6244878172874451,0.27795135974884033,-0.013935374096035957,,0.6202306747436523,0.31714150309562683,-0.009343293495476246,,0.5998699069023132,0.28221482038497925,-0.007445461116731167,,0.6062067747116089,0.23368097841739655,-0.011292076669633389,,0.6135002374649048,0.20592062175273895,-0.011283496394753456,,0.6213473677635193,0.18151643872261047,-0.009957999922335148,
0.038333721458911896,-0.6076968312263489,-0.26156869530677795,0.9999500513076782,0.056154508143663406,-0.6433285474777222,-0.2507019340991974,0.9998849630355835,0.05559691786766052,-0.6429745554924011,-0.25231558084487915,0.999879777431488,0.05594056099653244,-0.6428792476654053,-0.24980084598064423,0.9998804926872253,0.02111748792231083,-0.647483229637146,-0.2529497444629669,0.9998987913131714,0.023200301453471184,-0.6477388739585876,-0.2533756494522095,0.9999056458473206,0.022477474063634872,-0.6467309594154358,-0.24941514432430267,0.9998986124992371,0.12893062829971313,-0.6234679222106934,-0.14943747222423553,0.9999125003814697,-0.021362444385886192,-0.6346285343170166,-0.13704974949359894,0.999904453754425,0.05949721112847328,-0.5764745473861694,-0.23301760852336884,0.9999621510505676,0.015370895154774189,-0.5784631967544556,-0.22848547995090485,0.9999622106552124,0.21024110913276672,-0.4213568866252899,-0.09130465239286423,0.9997093677520752,-0.1121840700507164,-0.4606478214263916,-0.07030628621578217,0.999830961227417,0.22348816692829132,-0.1678314507007599,-0.06971211731433868,0.9867804050445557,-0.20880670845508575,-0.37152159214019775,-0.23147347569465637,0.9914514422416687,0.1580503284931183,-0.006276260130107403,-0.12802210450172424,0.9432947039604187,-0.11362776905298233,-0.49051904678344727,-0.4079183042049408,0.9720529317855835,0.12945105135440826,0.03291965648531914,-0.14044052362442017,0.8462880849838257,-0.08178283274173737,-0.5191807746887207,-0.4498443305492401,0.9372678399085999,0.11186341196298599,0.03251434490084648,-0.156457781791687,0.8565748333930969,-0.07535604387521744,-0.5388450622558594,-0.4247044026851654,0.9360275864601135,0.13744468986988068,0.0009025843464769423,-0.13666723668575287,0.8574243783950806,-0.09877680242061615,-0.49544861912727356,-0.4076993763446808,0.927349328994751,0.11414278298616409,-6.224176468094811e-05,0.0002604068140499294,0.5897263288497925,-0.11254701763391495,-0.006193901877850294,0.0008228176739066839,0.6272101998329163,0.14643555879592896,-0.027083078399300575,-0.07450087368488312,0.08223579078912735,-0.11971969902515411,0.03367995843291283,-0.1142830103635788,0.08347959816455841,0.15774624049663544,0.2544506788253784,0.14275753498077393,0.020761316642165184,-0.08330796658992767,0.41757845878601074,0.14353245496749878,0.023061523213982582,0.16118258237838745,0.26939183473587036,0.1563044935464859,0.009653099812567234,-0.06958956271409988,0.4389234185218811,0.1697443127632141,0.010743405669927597,0.19869676232337952,0.24926866590976715,-0.05364465340971947,0.02185971289873123,-0.07567006349563599,0.4717954695224762,-0.04556694254279137,0.021260324865579605,66,2.202,0.5992485880851746,0.42880767583847046,-2.0644876030928572e-07,,0.6315182447433472,0.4223073720932007,-0.009668620303273201,,0.6571458578109741,0.38058632612228394,-0.01335030235350132,,0.6566866636276245,0.3294017016887665,-0.017802322283387184,,0.6365188956260681,0.3042203485965729,-0.01986861228942871,,0.6506388783454895,0.31114232540130615,0.0003826834145002067,,0.6615309119224548,0.27178099751472473,-0.01103335339576006,,0.6513305306434631,0.308333158493042,-0.017849920317530632,,0.642967939376831,0.335427850484848,-0.019970567896962166,,0.6338610053062439,0.294982373714447,-0.00045797639177180827,,0.643225908279419,0.2530505061149597,-0.015041481703519821,,0.6342319250106812,0.29852592945098877,-0.021194299682974815,,0.6256084442138672,0.33364400267601013,-0.02084599807858467,,0.6169812679290771,0.284234881401062,-0.003505995497107506,,0.6265892386436462,0.2314874529838562,-0.014570143073797226,,0.6235431432723999,0.2729690968990326,-0.014035260304808617,,0.6185315251350403,0.3121246099472046,-0.009624058380723,,0.5994961857795715,0.27886560559272766,-0.007759422529488802,,0.6056666970252991,0.23031610250473022,-0.01127321645617485,,0.6130381226539612,0.2021842747926712,-0.01135332603007555,,0.620639979839325,0.17765572667121887,-0.010280389338731766,
0.03963795304298401,-0.6077086925506592,-0.26215851306915283,0.9999522566795349,0.05773552507162094,-0.6433303952217102,-0.2514139711856842,0.9998883605003357,0.0571533627808094,-0.6429773569107056,-0.2530955374240875,0.9998825788497925,0.057520050555467606,-0.6428820490837097,-0.2506195306777954,0.9998837113380432,0.022386185824871063,-0.6474871039390564,-0.25370505452156067,0.9999030232429504,0.024484630674123764,-0.6477456092834473,-0.2541651725769043,0.9999096989631653,0.023761732503771782,-0.6467379927635193,-0.25019124150276184,0.9999032616615295,0.13023915886878967,-0.6234487295150757,-0.15005110204219818,0.9999159574508667,-0.02095918357372284,-0.6346819996833801,-0.1379786878824234,0.999909520149231,0.06085200607776642,-0.5764907002449036,-0.23347844183444977,0.999963104724884,0.016461221501231194,-0.5784966349601746,-0.22906705737113953,0.9999638795852661,0.2104312926530838,-0.4213537871837616,-0.09126081317663193,0.9997038841247559,-0.11235284805297852,-0.4612279534339905,-0.07027126848697662,0.9998338222503662,0.22303390502929688,-0.16777503490447998,-0.07005312293767929,0.9870538115501404,-0.2095445841550827,-0.37127232551574707,-0.23164334893226624,0.9919808506965637,0.15456074476242065,-0.009366373531520367,-0.128947913646698,0.9457083940505981,-0.11362886428833008,-0.49013638496398926,-0.4096103310585022,0.9741578698158264,0.1250544935464859,0.030168432742357254,-0.1423022598028183,0.8487345576286316,-0.08161257952451706,-0.5187426805496216,-0.45046505331993103,0.9394057989120483,0.10763926059007645,0.0284186489880085,-0.15725168585777283,0.8584696650505066,-0.07525987178087234,-0.5383774042129517,-0.42443960905075073,0.9377487897872925,0.1341690570116043,-0.0028024944476783276,-0.13728271424770355,0.8594328761100769,-0.09878624230623245,-0.4950858950614929,-0.4084325432777405,0.9291470050811768,0.1141710877418518,-7.04662743373774e-05,0.00040368331247009337,0.5878729820251465,-0.11257556080818176,-0.006204025819897652,0.0006832257495261729,0.6266159415245056,0.1473151296377182,-0.02714625559747219,-0.07459602504968643,0.0816744714975357,-0.1188669502735138,0.03311801701784134,-0.11478330194950104,0.08317102491855621,0.157817542552948,0.2545884847640991,0.14227449893951416,0.02055734023451805,-0.08327896147966385,0.4163312613964081,0.13780184090137482,0.02291206829249859,0.16121897101402283,0.26954516768455505,0.15590505301952362,0.009611978195607662,-0.06955646723508835,0.43723344802856445,0.16342248022556305,0.010669025592505932,0.198999285697937,0.2492668628692627,-0.05434177815914154,0.02183869108557701,-0.07464803755283356,0.4703965187072754,-0.0490642786026001,0.02128402516245842,67,2.235,0.5987831354141235,0.42607709765434265,-2.1593550059151312e-07,,0.6308004260063171,0.41969582438468933,-0.009271866641938686,,0.65658038854599,0.3779164254665375,-0.012814306654036045,,0.6550068259239197,0.32730573415756226,-0.017205918207764626,,0.6349197030067444,0.301381379365921,-0.01918044500052929,,0.6507529616355896,0.30852630734443665,0.0003520645550452173,,0.661888837814331,0.26969820261001587,-0.011185417883098125,,0.6511210203170776,0.30505990982055664,-0.018189162015914917,,0.6423686742782593,0.3312082588672638,-0.020487243309617043,,0.6336184144020081,0.29266679286956787,-0.0006279664230532944,,0.6425603628158569,0.25210341811180115,-0.015105176717042923,,0.633306086063385,0.29626139998435974,-0.021302636712789536,,0.6250105500221252,0.33047908544540405,-0.021131660789251328,,0.6166976094245911,0.2819890081882477,-0.0037436706479638815,,0.6261113286018372,0.22953620553016663,-0.014709473587572575,,0.6226920485496521,0.27070873975753784,-0.014016940258443356,,0.6177814602851868,0.3095482587814331,-0.00958723109215498,,0.5992631912231445,0.27682265639305115,-0.008034808561205864,,0.6055732369422913,0.2290770709514618,-0.011649045161902905,,0.6122112274169922,0.2009168565273285,-0.011660379357635975,,0.6194425821304321,0.1755591481924057,-0.010502106510102749,
0.04014184698462486,-0.607681930065155,-0.2621426582336426,0.9999544620513916,0.0585443489253521,-0.6432768702507019,-0.2514442503452301,0.9998919367790222,0.05794331431388855,-0.6429269909858704,-0.25314557552337646,0.9998856782913208,0.05832422152161598,-0.6428308486938477,-0.25068414211273193,0.999887228012085,0.02293453924357891,-0.6474535465240479,-0.2537083923816681,0.9999071955680847,0.025043262168765068,-0.6477175354957581,-0.2541792392730713,0.9999135732650757,0.024318067356944084,-0.646710216999054,-0.2501973807811737,0.9999077320098877,0.13128401339054108,-0.6233143210411072,-0.1500750035047531,0.999919593334198,-0.020769143477082253,-0.6347060799598694,-0.13788507878780365,0.999914288520813,0.06153117120265961,-0.5764678120613098,-0.23346863687038422,0.9999642968177795,0.016917729750275612,-0.5784962177276611,-0.22901776432991028,0.9999656081199646,0.21063214540481567,-0.42134910821914673,-0.09053080528974533,0.9997025728225708,-0.11261902004480362,-0.4617811441421509,-0.06882117688655853,0.999837338924408,0.22260427474975586,-0.16775190830230713,-0.07012210041284561,0.9873872399330139,-0.2097720503807068,-0.3712206482887268,-0.23141556978225708,0.9924712777137756,0.15228620171546936,-0.010607830248773098,-0.1301724910736084,0.9482088088989258,-0.11333294212818146,-0.48984870314598083,-0.4084596037864685,0.9760692715644836,0.12239973247051239,0.029519841074943542,-0.14467202126979828,0.8519785404205322,-0.08064954727888107,-0.5184096693992615,-0.4490586519241333,0.9413340091705322,0.10476015508174896,0.027574511244893074,-0.1583978682756424,0.8611105680465698,-0.07454272359609604,-0.5380409359931946,-0.42370709776878357,0.9392817616462708,0.13194246590137482,-0.004118988756090403,-0.13812929391860962,0.8621989488601685,-0.09851422160863876,-0.494814932346344,-0.4073330760002136,0.9307381510734558,0.11419609189033508,-8.713415445527062e-05,0.0004516970366239548,0.5875903964042664,-0.11260303854942322,-0.006207687314599752,0.0006371657946147025,0.6271011233329773,0.14876773953437805,-0.02791636623442173,-0.07600289583206177,0.08069318532943726,-0.11745584011077881,0.02900460734963417,-0.11598383635282516,0.0822930857539177,0.15815240144729614,0.25476565957069397,0.1410316824913025,0.0202630665153265,-0.08291129022836685,0.41321760416030884,0.13311418890953064,0.022625192999839783,0.16146977245807648,0.2696765065193176,0.15478815138339996,0.009550455957651138,-0.0690360739827156,0.4335823059082031,0.1586921513080597,0.010568405501544476,0.19934523105621338,0.2488579899072647,-0.056803084909915924,0.02169499173760414,-0.07197391241788864,0.46603330969810486,-0.05271841213107109,0.021159132942557335,68,2.268,0.5984012484550476,0.4238385558128357,-2.2383463260666758e-07,,0.6303316354751587,0.4185090661048889,-0.008249254897236824,,0.6556087732315063,0.3750856816768646,-0.011218637228012085,,0.6551825404167175,0.3250407576560974,-0.01513371616601944,,0.6348987221717834,0.3010612726211548,-0.01670740731060505,,0.6503582000732422,0.30664756894111633,0.0009229995775967836,,0.661979615688324,0.2693197727203369,-0.010091247968375683,,0.6509076356887817,0.30452579259872437,-0.01702340692281723,,0.6414595246315002,0.33101317286491394,-0.01938732899725437,,0.6335375905036926,0.29025596380233765,-0.00036167065263725817,,0.6428192853927612,0.2505263090133667,-0.013990246690809727,,0.633670449256897,0.29419317841529846,-0.019948823377490044,,0.6250473856925964,0.3285526633262634,-0.019862119108438492,,0.6166929006576538,0.2793509364128113,-0.00366127397865057,,0.6261412501335144,0.22854384779930115,-0.013858677819371223,,0.6231042742729187,0.2701977491378784,-0.013232819736003876,,0.6182311177253723,0.30928289890289307,-0.009129855781793594,,0.5995893478393555,0.2740294933319092,-0.00805627927184105,,0.6056934595108032,0.2270374894142151,-0.011202274821698666,,0.6122164726257324,0.1991277039051056,-0.011198120191693306,,0.6192952990531921,0.17371848225593567,-0.010261568240821362,
0.04066971689462662,-0.6077578663825989,-0.2632865309715271,0.9999562501907349,0.05958692356944084,-0.6433129906654358,-0.2527269423007965,0.999894917011261,0.05897197499871254,-0.6429650187492371,-0.25452208518981934,0.9998882412910461,0.0593792125582695,-0.6428669095039368,-0.2521425485610962,0.9998903274536133,0.023495078086853027,-0.6475221514701843,-0.2549748122692108,0.999910831451416,0.025622647255659103,-0.6477926969528198,-0.2555055618286133,0.9999170303344727,0.024900611490011215,-0.6467863917350769,-0.2514824867248535,0.9999117851257324,0.13284599781036377,-0.6232817769050598,-0.1507493257522583,0.9999228119850159,-0.020633665844798088,-0.6348739862442017,-0.13842251896858215,0.9999186992645264,0.0623413547873497,-0.57651686668396,-0.23424993455410004,0.999965250492096,0.017338240519165993,-0.5786308646202087,-0.22987638413906097,0.999967098236084,0.21085767447948456,-0.4214176535606384,-0.09040477871894836,0.9996997117996216,-0.11293662339448929,-0.4624762535095215,-0.06750721484422684,0.9998397827148438,0.22233639657497406,-0.16826893389225006,-0.0702749714255333,0.9876596331596375,-0.20936793088912964,-0.37106361985206604,-0.2299078404903412,0.9929085969924927,0.1466601938009262,-0.02558666467666626,-0.1309104561805725,0.9505401849746704,-0.11268056929111481,-0.4896475374698639,-0.40568315982818604,0.9776554107666016,0.11501532047986984,0.011892449110746384,-0.14640896022319794,0.8554601669311523,-0.07962935417890549,-0.5181981921195984,-0.4440108835697174,0.9423722624778748,0.09830126166343689,0.006336365360766649,-0.15865084528923035,0.8638084530830383,-0.07403932511806488,-0.537816047668457,-0.4155546724796295,0.9398951530456543,0.1266563981771469,-0.021131036803126335,-0.1384146511554718,0.8650149703025818,-0.0980520248413086,-0.4946150481700897,-0.40259796380996704,0.9312832951545715,0.11422077566385269,-0.00015699364303145558,0.0005555800162255764,0.5845816135406494,-0.11262697726488113,-0.006200242321938276,0.0005517625249922276,0.6253396272659302,0.15158838033676147,-0.03105909377336502,-0.07599357515573502,0.0801280215382576,-0.11665640771389008,0.024725334718823433,-0.11605249345302582,0.08211236447095871,0.1590813547372818,0.2513780891895294,0.14278197288513184,0.019951071590185165,-0.08263073861598969,0.40644481778144836,0.13178639113903046,0.02245665155351162,0.16206131875514984,0.26532095670700073,0.15699145197868347,0.009506119415163994,-0.06861356645822525,0.42541417479515076,0.1574639081954956,0.010532655753195286,0.20041336119174957,0.2420552521944046,-0.056322988122701645,0.02162957563996315,-0.0690712183713913,0.45831161737442017,-0.05427282676100731,0.021235806867480278,69,2.302,0.5987141728401184,0.4229811429977417,-2.1478504663718923e-07,,0.6301988959312439,0.4157363176345825,-0.008576007559895515,,0.655807614326477,0.3767204284667969,-0.012064489535987377,,0.6549085378646851,0.3276796340942383,-0.016428561881184578,,0.6360917091369629,0.30096712708473206,-0.018624721094965935,,0.6509731411933899,0.3065376579761505,0.0003319963871035725,,0.6621536016464233,0.27057379484176636,-0.010369961149990559,,0.6512133479118347,0.3049871027469635,-0.01686643809080124,,0.6422523856163025,0.33074113726615906,-0.01891162060201168,,0.6341766715049744,0.29009565711021423,-0.0008367288974113762,,0.6436245441436768,0.2507823407649994,-0.014082844369113445,,0.6343817114830017,0.2940318286418915,-0.019884023815393448,,0.6257999539375305,0.3276883363723755,-0.01978098787367344,,0.6173461675643921,0.2794025242328644,-0.003946730401366949,,0.6270964741706848,0.22997909784317017,-0.014373510144650936,,0.6234847903251648,0.27118635177612305,-0.013915485702455044,,0.6180206537246704,0.3095262050628662,-0.0098194545134902,,0.5997546911239624,0.27438002824783325,-0.008074759505689144,,0.6058626770973206,0.22657392919063568,-0.01153274904936552,,0.6126520037651062,0.19888120889663696,-0.011384817771613598,,0.6197693943977356,0.17397378385066986,-0.01017672661691904,
0.041186366230249405,-0.6079270243644714,-0.2634263038635254,0.9999578595161438,0.06029824540019035,-0.6434125304222107,-0.25287243723869324,0.9998973608016968,0.05967444181442261,-0.6430683135986328,-0.2546914517879486,0.9998902678489685,0.060093726962804794,-0.6429692506790161,-0.25232917070388794,0.9998927116394043,0.024035749956965446,-0.6476412415504456,-0.25512176752090454,0.9999139308929443,0.026170942932367325,-0.6479236483573914,-0.2556561231613159,0.9999200105667114,0.02545147016644478,-0.6469188928604126,-0.2516287565231323,0.9999152421951294,0.13345494866371155,-0.6232759356498718,-0.15081648528575897,0.9999252557754517,-0.02048877254128456,-0.6349912881851196,-0.13850881159305573,0.9999223947525024,0.06283106654882431,-0.5766615867614746,-0.23434032499790192,0.9999658465385437,0.017710205167531967,-0.5788320899009705,-0.2299986481666565,0.9999682903289795,0.21091048419475555,-0.42142757773399353,-0.08994082361459732,0.9996947646141052,-0.11333802342414856,-0.46284759044647217,-0.06710053235292435,0.9998412728309631,0.2222643941640854,-0.1682744175195694,-0.07005051523447037,0.9876458644866943,-0.20991018414497375,-0.37094947695732117,-0.22956804931163788,0.9932425618171692,0.1473817676305771,-0.024444889277219772,-0.1308927685022354,0.9515166282653809,-0.11221084743738174,-0.4893164038658142,-0.40512073040008545,0.9789788722991943,0.11648155748844147,0.013715369626879692,-0.146152064204216,0.8556496500968933,-0.07848446816205978,-0.5180221796035767,-0.4436197876930237,0.9430591464042664,0.09946373105049133,0.009456301108002663,-0.15856243669986725,0.8636651039123535,-0.07323023676872253,-0.537571132183075,-0.41532447934150696,0.9402188062667847,0.12733863294124603,-0.01946982927620411,-0.13838960230350494,0.8648861050605774,-0.09764265269041061,-0.4940865933895111,-0.40228036046028137,0.9313907623291016,0.11423860490322113,-0.000235345825785771,0.0006501118186861277,0.5802040100097656,-0.1126452162861824,-0.006194051820784807,0.00047751690726727247,0.6220834851264954,0.1518302857875824,-0.03147806227207184,-0.07601998001337051,0.08032697439193726,-0.11575262993574142,0.024945028126239777,-0.11645252257585526,0.08240211755037308,0.15966588258743286,0.2513783276081085,0.14258641004562378,0.019869500771164894,-0.08256419748067856,0.4060310125350952,0.12942156195640564,0.02245929278433323,0.16255350410938263,0.2653268873691559,0.15686900913715363,0.009526112116873264,-0.06853464990854263,0.42483586072921753,0.1551181823015213,0.010549965314567089,0.20153163373470306,0.24173550307750702,-0.057181451469659805,0.021801065653562546,-0.06880547851324081,0.4576728641986847,-0.0558696873486042,0.02147337980568409,70,2.335,0.5991401076316833,0.42338433861732483,-2.1661892901647661e-07,,0.6303289532661438,0.4175553023815155,-0.008559458889067173,,0.6560546159744263,0.37966492772102356,-0.011946972459554672,,0.6559364795684814,0.33137503266334534,-0.01617833413183689,,0.6380621790885925,0.3038428723812103,-0.0183167215436697,,0.6517265439033508,0.30784666538238525,3.965949872508645e-05,,0.6621875762939453,0.2718932628631592,-0.010215681977570057,,0.6514084935188293,0.30603623390197754,-0.016210434958338737,,0.6425050497055054,0.3323793113231659,-0.017918990924954414,,0.6350484490394592,0.2918359935283661,-0.0009724079864099622,,0.6439175605773926,0.2527383863925934,-0.014170268550515175,,0.6346445083618164,0.2956705689430237,-0.019962016493082047,,0.6254714727401733,0.3297453224658966,-0.019812963902950287,,0.6182466745376587,0.28125229477882385,-0.003821396501734853,,0.6277651786804199,0.23140843212604523,-0.014380058273673058,,0.6240894198417664,0.2719977796077728,-0.014171193353831768,,0.6184007525444031,0.31013503670692444,-0.01017823163419962,,0.600551426410675,0.2764078974723816,-0.00762382335960865,,0.6066901087760925,0.2286382019519806,-0.011327935382723808,,0.613395631313324,0.20078319311141968,-0.011422242969274521,,0.6202913522720337,0.17565587162971497,-0.010298007167875767,
0.042201004922389984,-0.6084694266319275,-0.2634620666503906,0.999959409236908,0.06123044714331627,-0.6438453793525696,-0.25289738178253174,0.9998999834060669,0.06059849262237549,-0.643509030342102,-0.2547255754470825,0.99989253282547,0.06102219596505165,-0.6434130668640137,-0.25236424803733826,0.9998951554298401,0.024976762011647224,-0.6480530500411987,-0.25516191124916077,0.9999169707298279,0.027111057192087173,-0.6483577489852905,-0.2556905150413513,0.9999228715896606,0.026391351595520973,-0.6473556160926819,-0.25166749954223633,0.999918520450592,0.13397562503814697,-0.6234107613563538,-0.15084165334701538,0.9999275803565979,-0.020156754180788994,-0.6352307200431824,-0.1386590600013733,0.9999257922172546,0.06362397968769073,-0.577172040939331,-0.23436498641967773,0.9999663233757019,0.0184937696903944,-0.5793209075927734,-0.23005598783493042,0.9999693036079407,0.2110644280910492,-0.42148518562316895,-0.08936014771461487,0.9996891021728516,-0.11355827003717422,-0.46315765380859375,-0.06709996610879898,0.9998416304588318,0.22225135564804077,-0.16829462349414825,-0.07006043195724487,0.9873966574668884,-0.2103835493326187,-0.3708731532096863,-0.22935673594474792,0.9934650659561157,0.14795880019664764,-0.023687388747930527,-0.1319843977689743,0.951427161693573,-0.11186498403549194,-0.48922523856163025,-0.40636587142944336,0.9800764322280884,0.11750925332307816,0.014897850342094898,-0.1477220058441162,0.8535895943641663,-0.07753126323223114,-0.5178715586662292,-0.4450591504573822,0.943467915058136,0.10027414560317993,0.011453506536781788,-0.16040822863578796,0.8616331815719604,-0.07271726429462433,-0.5373852252960205,-0.4169890284538269,0.9402933120727539,0.12786506116390228,-0.0183891411870718,-0.1397533118724823,0.862680196762085,-0.09739185124635696,-0.49391308426856995,-0.40352335572242737,0.9311954379081726,0.11426522582769394,-0.0002713706053327769,0.0007510867435485125,0.5756208896636963,-0.11267908662557602,-0.006203407421708107,0.0003954018175136298,0.6181396842002869,0.1517823040485382,-0.03150763735175133,-0.07578127086162567,0.08064604550600052,-0.11522731184959412,0.027621766552329063,-0.11660300195217133,0.08264883607625961,0.15999922156333923,0.25139275193214417,0.14254863560199738,0.01987011544406414,-0.08263402432203293,0.40630826354026794,0.12924982607364655,0.022490818053483963,0.16291603446006775,0.26542267203330994,0.1568698287010193,0.00957463774830103,-0.06861791759729385,0.42527902126312256,0.15503324568271637,0.010602854192256927,0.2025541216135025,0.24181663990020752,-0.05733030289411545,0.022032732143998146,-0.06929752975702286,0.4577710032463074,-0.05559945106506348,0.02173246443271637,71,2.369,0.599551796913147,0.4237625300884247,-2.1436420638565323e-07,,0.6308601498603821,0.4184887409210205,-0.008738650940358639,,0.6571216583251953,0.3822483420372009,-0.012428554706275463,,0.6570483446121216,0.3345336616039276,-0.016911715269088745,,0.6384485960006714,0.3079129755496979,-0.01929045282304287,,0.651950478553772,0.30998772382736206,-0.0005370347062125802,,0.6628983616828918,0.2746717929840088,-0.01095806434750557,,0.651897132396698,0.3087930381298065,-0.01700250618159771,,0.6426653861999512,0.33449894189834595,-0.01872633397579193,,0.6353986859321594,0.29386404156684875,-0.001579621690325439,,0.6448836326599121,0.2548983097076416,-0.014951547607779503,,0.6354737281799316,0.2976742386817932,-0.020827382802963257,,0.6260623335838318,0.33127424120903015,-0.02071957103908062,,0.61873459815979,0.2831227779388428,-0.004443539772182703,,0.6286152601242065,0.233939528465271,-0.015171200968325138,,0.6247789263725281,0.2750387489795685,-0.015093632973730564,,0.618836522102356,0.3129468262195587,-0.0111469104886055,,0.6011914014816284,0.2778824269771576,-0.008253171108663082,,0.6071965098381042,0.22990497946739197,-0.011947693303227425,,0.6140295267105103,0.20195984840393066,-0.012116732075810432,,0.6210489869117737,0.17628219723701477,-0.011075839400291443,
0.04343713819980621,-0.6091921329498291,-0.26361972093582153,0.999960720539093,0.062369175255298615,-0.6444501280784607,-0.2530234158039093,0.9999021291732788,0.06172869727015495,-0.6441203951835632,-0.25487083196640015,0.9998943209648132,0.062156956642866135,-0.644028902053833,-0.2525097727775574,0.9998971819877625,0.026127025485038757,-0.64865642786026,-0.25533440709114075,0.999919593334198,0.02825973369181156,-0.6489840149879456,-0.2558538615703583,0.9999253153800964,0.027539866045117378,-0.6479852199554443,-0.251837819814682,0.9999213814735413,0.13466636836528778,-0.623667299747467,-0.15088964998722076,0.9999295473098755,-0.019663149490952492,-0.6356505155563354,-0.13903211057186127,0.9999288320541382,0.0646219402551651,-0.5778393149375916,-0.23448286950588226,0.9999667406082153,0.019477996975183487,-0.5799890756607056,-0.23026461899280548,0.9999702572822571,0.2113279402256012,-0.42156174778938293,-0.08915073424577713,0.9996830224990845,-0.11365924030542374,-0.46364355087280273,-0.06721416860818863,0.9998418688774109,0.22222812473773956,-0.16840939223766327,-0.07044564932584763,0.9872109293937683,-0.21076364815235138,-0.37079179286956787,-0.2293088436126709,0.9936716556549072,0.1474844068288803,-0.023127686232328415,-0.13495215773582458,0.9516071677207947,-0.11137015372514725,-0.4890657067298889,-0.4075425863265991,0.9810975193977356,0.11676272749900818,0.015822647139430046,-0.15132953226566315,0.8525134325027466,-0.07644098997116089,-0.5177593231201172,-0.4464390277862549,0.9439917206764221,0.09935460239648819,0.012620074674487114,-0.16393892467021942,0.8604785799980164,-0.07194051891565323,-0.5372980237007141,-0.4183032214641571,0.9405145049095154,0.12725958228111267,-0.017615260556340218,-0.14288422465324402,0.8613503575325012,-0.096981942653656,-0.49373579025268555,-0.4046173095703125,0.9312105774879456,0.11430801451206207,-0.0002882518747355789,0.000896640180144459,0.5710247159004211,-0.11272480338811874,-0.0062247393652796745,0.00027216775924898684,0.614122748374939,0.15184932947158813,-0.031588517129421234,-0.07538177073001862,0.08127722889184952,-0.11477193236351013,0.02807961404323578,-0.11664790660142899,0.08330252766609192,0.1601705104112625,0.2510555386543274,0.14296609163284302,0.019901461899280548,-0.08265209943056107,0.40634864568710327,0.1293584257364273,0.022596105933189392,0.16308502852916718,0.2651674449443817,0.1574862152338028,0.009633112698793411,-0.06862668693065643,0.4253080487251282,0.1551959216594696,0.01066467072814703,0.20332980155944824,0.24157622456550598,-0.05705791711807251,0.022271692752838135,-0.0693671703338623,0.45780861377716064,-0.05535145103931427,0.022027472034096718,72,2.402,0.6008316874504089,0.4256945252418518,-2.093747610842911e-07,,0.6314030289649963,0.4192349910736084,-0.008740014396607876,,0.6572020053863525,0.3836889863014221,-0.012739798054099083,,0.6575706601142883,0.33684250712394714,-0.0175216905772686,,0.6391449570655823,0.30946066975593567,-0.02020818181335926,,0.6522272825241089,0.3121430277824402,-0.0007295172545127571,,0.6636797785758972,0.2776106894016266,-0.01153096929192543,,0.6524006128311157,0.3113669157028198,-0.018007181584835052,,0.6428671479225159,0.33719268441200256,-0.019944336265325546,,0.635772168636322,0.2962871193885803,-0.0018072855891659856,,0.6455998420715332,0.2574886381626129,-0.01541074737906456,,0.6359673142433167,0.30008235573768616,-0.021472511813044548,,0.6264458298683167,0.33407723903656006,-0.021430036053061485,,0.6191317439079285,0.28564125299453735,-0.004715463612228632,,0.6293216943740845,0.23608776926994324,-0.015351000241935253,,0.6259425282478333,0.2768251299858093,-0.015274967066943645,,0.620491623878479,0.31526899337768555,-0.011355539783835411,,0.6016871333122253,0.28057679533958435,-0.008575520478188992,,0.6075412034988403,0.23270854353904724,-0.012072247453033924,,0.6142786145210266,0.20454742014408112,-0.012165417894721031,,0.6213773488998413,0.1790950745344162,-0.011097095906734467,
0.04403872787952423,-0.6095733642578125,-0.2640194296836853,0.9999616146087646,0.06312861293554306,-0.6447696685791016,-0.2534054219722748,0.9999032020568848,0.062485598027706146,-0.6444434523582458,-0.2552843987941742,0.999894917011261,0.06292657554149628,-0.6443510055541992,-0.25294730067253113,0.9998981356620789,0.02671077847480774,-0.6489920616149902,-0.2557487487792969,0.9999213814735413,0.028852378949522972,-0.649331271648407,-0.25627270340919495,0.9999269843101501,0.02813912369310856,-0.6483358144760132,-0.25224748253822327,0.9999234676361084,0.1353004276752472,-0.6237998008728027,-0.15103863179683685,0.999930739402771,-0.019449925050139427,-0.6359410285949707,-0.13935939967632294,0.9999310970306396,0.06520901620388031,-0.5781994462013245,-0.2347872406244278,0.9999668002128601,0.019941072911024094,-0.580394446849823,-0.2306671291589737,0.9999708533287048,0.21140499413013458,-0.4217953383922577,-0.08901108056306839,0.9996748566627502,-0.11377200484275818,-0.46399444341659546,-0.06717048585414886,0.9998407959938049,0.2222105711698532,-0.169129878282547,-0.07082362473011017,0.9870980978012085,-0.21057716012001038,-0.3703286349773407,-0.22913858294487,0.9938806891441345,0.14632780849933624,-0.024696510285139084,-0.13695687055587769,0.9523155093193054,-0.11049715429544449,-0.48839524388313293,-0.40729841589927673,0.9819958209991455,0.11525827646255493,0.014259841293096542,-0.15353116393089294,0.8531829118728638,-0.07539190351963043,-0.5175338387489319,-0.44591614603996277,0.944388747215271,0.09796877205371857,0.010067830793559551,-0.16556155681610107,0.8607059121131897,-0.07108033448457718,-0.5372053980827332,-0.41710683703422546,0.9406260251998901,0.12611670792102814,-0.019398832693696022,-0.1446520835161209,0.861504852771759,-0.09622005373239517,-0.4931703209877014,-0.40387633442878723,0.9310367107391357,0.11431189626455307,-0.0003643060626927763,0.0011265891371294856,0.5673701763153076,-0.11273012310266495,-0.006223241798579693,7.956675835885108e-05,0.6111792325973511,0.1523231863975525,-0.031656183302402496,-0.07402300834655762,0.08248867839574814,-0.11419975012540817,0.028272882103919983,-0.11663631349802017,0.08483187109231949,0.16030915081501007,0.25078925490379333,0.1441221386194229,0.02000235766172409,-0.08253712952136993,0.40513578057289124,0.12820808589458466,0.022876258939504623,0.16314291954040527,0.26482275128364563,0.15882673859596252,0.009731896221637726,-0.06848204880952835,0.42359936237335205,0.15380267798900604,0.010776463896036148,0.2040146291255951,0.24105392396450043,-0.05629940330982208,0.02265503630042076,-0.06852403283119202,0.4568508267402649,-0.05646292492747307,0.022549724206328392,73,2.435,0.6015973687171936,0.429335355758667,-2.1285399043335929e-07,,0.6324005722999573,0.4226215183734894,-0.00889168307185173,,0.6582543253898621,0.38488543033599854,-0.012777610681951046,,0.6571529507637024,0.33661457896232605,-0.01747152954339981,,0.6374726891517639,0.3096589744091034,-0.019999541342258453,,0.6530314087867737,0.31388208270072937,5.901034819544293e-05,,0.6641973257064819,0.2793710231781006,-0.01092503871768713,,0.6528637409210205,0.314255952835083,-0.017710229381918907,,0.643435001373291,0.3401074707508087,-0.019861092790961266,,0.6363486051559448,0.2981870770454407,-0.0010098331840708852,,0.6457675695419312,0.25925639271736145,-0.0147077152505517,,0.6365000009536743,0.3026005029678345,-0.020863475278019905,,0.6274634003639221,0.33647602796554565,-0.020809082314372063,,0.6195371747016907,0.2878114581108093,-0.004025581758469343,,0.6293754577636719,0.2381860911846161,-0.014747868292033672,,0.6261636018753052,0.27980923652648926,-0.014554524794220924,,0.620852530002594,0.3183395266532898,-0.010479409247636795,,0.6017451286315918,0.2829672694206238,-0.008048681542277336,,0.607507586479187,0.23499983549118042,-0.01157082337886095,,0.6142017841339111,0.2066902220249176,-0.011640585958957672,,0.6212453246116638,0.18084947764873505,-0.010523557662963867,
0.043833184987306595,-0.6095556616783142,-0.26461726427078247,0.9999626278877258,0.06308842450380325,-0.6447415351867676,-0.25404855608940125,0.9999043941497803,0.062445130199193954,-0.6444150805473328,-0.2559516131877899,0.9998958110809326,0.06288812309503555,-0.6443204879760742,-0.25365468859672546,0.9998993277549744,0.026556896045804024,-0.648988664150238,-0.2562989890575409,0.9999232292175293,0.028703464195132256,-0.6493286490440369,-0.2568415701389313,0.9999287724494934,0.027993399649858475,-0.6483333706855774,-0.2527995705604553,0.9999256134033203,0.13535764813423157,-0.6236833333969116,-0.15152789652347565,0.999932050704956,-0.019557064399123192,-0.635979175567627,-0.1395205557346344,0.9999333620071411,0.06511302292346954,-0.5781728029251099,-0.23529712855815887,0.9999671578407288,0.01974041946232319,-0.5804013013839722,-0.23111672699451447,0.9999715685844421,0.21136446297168732,-0.42175889015197754,-0.08920571953058243,0.9996709823608398,-0.11419787257909775,-0.4640829265117645,-0.06693054735660553,0.9998421669006348,0.2218487411737442,-0.16909144818782806,-0.07246144860982895,0.9872687458992004,-0.21048875153064728,-0.36947181820869446,-0.22833271324634552,0.9941374063491821,0.14551524817943573,-0.024295471608638763,-0.1394527405500412,0.9535928964614868,-0.11046627908945084,-0.48636651039123535,-0.40483558177948,0.9828900098800659,0.11455544084310532,0.014643699862062931,-0.15561974048614502,0.8549615740776062,-0.07537290453910828,-0.515390157699585,-0.44196879863739014,0.9448807239532471,0.09689421206712723,0.010883207432925701,-0.16765379905700684,0.8620637655258179,-0.07104641944169998,-0.5346676707267761,-0.4128173589706421,0.9409066438674927,0.12518978118896484,-0.018858565017580986,-0.1469005048274994,0.8629224896430969,-0.09618381410837173,-0.4909108877182007,-0.4007965624332428,0.9311743378639221,0.1142929196357727,-0.0004487936676014215,0.0012615806190297008,0.5643730759620667,-0.11270647495985031,-0.006188673432916403,-4.1157007217407227e-05,0.6095648407936096,0.15232647955417633,-0.031751472502946854,-0.07384186238050461,0.08303093165159225,-0.11391210556030273,0.027806587517261505,-0.11670766025781631,0.08579549193382263,0.16024449467658997,0.25098109245300293,0.14447525143623352,0.020000845193862915,-0.08253120630979538,0.40421929955482483,0.1277575045824051,0.023029785603284836,0.1629764586687088,0.2649380564689636,0.15921999514102936,0.009751428849995136,-0.06849366426467896,0.4225020110607147,0.15345361828804016,0.010781322605907917,0.20385561883449554,0.24109739065170288,-0.056333087384700775,0.022841855883598328,-0.06818675994873047,0.45531004667282104,-0.05688125640153885,0.02281842567026615,74,2.469,0.6011167168617249,0.43197518587112427,-2.125455296209111e-07,,0.6320216655731201,0.4253000020980835,-0.009704363532364368,,0.6584183573722839,0.38780659437179565,-0.013990746811032295,,0.6571179032325745,0.33839520812034607,-0.019002458080649376,,0.6378203630447388,0.3105319142341614,-0.02175414003431797,,0.6525079607963562,0.31681448221206665,-0.0005011301254853606,,0.6640699505805969,0.28053754568099976,-0.012121522799134254,,0.6529972553253174,0.31494754552841187,-0.019075941294431686,,0.643836498260498,0.3406889736652374,-0.021150697022676468,,0.6356166005134583,0.3009234070777893,-0.0012525891652330756,,0.6452669501304626,0.26241356134414673,-0.015655681490898132,,0.6359424591064453,0.30665460228919983,-0.021873846650123596,,0.6272405385971069,0.34006381034851074,-0.02164771966636181,,0.6188923120498657,0.2902349531650543,-0.0040725888684391975,,0.6288793683052063,0.240174800157547,-0.015320423990488052,,0.6255857944488525,0.2823586165904999,-0.014872659929096699,,0.6203646659851074,0.3208884298801422,-0.010429766029119492,,0.6010276675224304,0.28475114703178406,-0.007978719659149647,,0.6067925691604614,0.23624065518379211,-0.011704783886671066,,0.6133769154548645,0.2076549530029297,-0.01162631157785654,,0.6204562783241272,0.18124788999557495,-0.010245660319924355,
0.04368947446346283,-0.6095460057258606,-0.26521337032318115,0.9999635219573975,0.06305500119924545,-0.6447282433509827,-0.2547006607055664,0.999905526638031,0.06241118162870407,-0.6444016695022583,-0.25662776827812195,0.9998966455459595,0.06285620480775833,-0.6443058848381042,-0.2543568015098572,0.9999005794525146,0.026459630578756332,-0.6489937901496887,-0.2568413317203522,0.9999248385429382,0.028609303757548332,-0.6493340730667114,-0.25739842653274536,0.9999303221702576,0.027900932356715202,-0.6483389139175415,-0.25334271788597107,0.9999275207519531,0.13545730710029602,-0.623562753200531,-0.15225650370121002,0.9999332427978516,-0.01955467462539673,-0.6360441446304321,-0.1398310661315918,0.9999353885650635,0.06506980210542679,-0.5781404972076416,-0.2359212189912796,0.9999674558639526,0.01965794712305069,-0.5804080367088318,-0.23165561258792877,0.9999722242355347,0.21136625111103058,-0.42135414481163025,-0.08982685953378677,0.9996654391288757,-0.11428292840719223,-0.4641667902469635,-0.0668082982301712,0.9998430013656616,0.22112394869327545,-0.16814689338207245,-0.07445509731769562,0.9874287247657776,-0.21046115458011627,-0.3692833483219147,-0.2279796600341797,0.9943771362304688,0.1454397737979889,-0.023380780592560768,-0.1417531967163086,0.9550067186355591,-0.11042992770671844,-0.4849170446395874,-0.4034925699234009,0.9837497472763062,0.114743173122406,0.01622913032770157,-0.1576523333787918,0.8574864864349365,-0.07536045461893082,-0.5134502053260803,-0.43998849391937256,0.9455528855323792,0.09710508584976196,0.012098108418285847,-0.1696581393480301,0.864119291305542,-0.07092699408531189,-0.5324221849441528,-0.41057270765304565,0.9413944482803345,0.12518076598644257,-0.0179185401648283,-0.1490115076303482,0.8650808334350586,-0.09610651433467865,-0.48916172981262207,-0.39913541078567505,0.931656002998352,0.1142759695649147,-0.00048409102600999177,0.0013534781755879521,0.5621135830879211,-0.11268164962530136,-0.006179059389978647,-0.00012284563854336739,0.6085820198059082,0.15233883261680603,-0.031774844974279404,-0.073693186044693,0.08364129811525345,-0.11383157223463058,0.02619790844619274,-0.11676884442567825,0.08682726323604584,0.15994897484779358,0.2511443495750427,0.14463156461715698,0.0200196523219347,-0.0824982076883316,0.4028208553791046,0.12722940742969513,0.023175431415438652,0.16250170767307281,0.26504382491111755,0.1593586951494217,0.009778023697435856,-0.06845343112945557,0.4209095537662506,0.15293845534324646,0.010786539874970913,0.20317810773849487,0.2410615235567093,-0.056367095559835434,0.02303263172507286,-0.06753557175397873,0.45301738381385803,-0.05735335126519203,0.023066790774464607,75,2.502,0.6001504063606262,0.43429604172706604,-2.1714546960538428e-07,,0.6314875483512878,0.42762404680252075,-0.009296941570937634,,0.6578378081321716,0.3896946310997009,-0.013296421617269516,,0.6564568877220154,0.340390682220459,-0.018040334805846214,,0.6372162103652954,0.3128536343574524,-0.02059926465153694,,0.651645302772522,0.3189734220504761,-0.0005489175673574209,,0.66315758228302,0.28294190764427185,-0.0117760905995965,,0.6522919535636902,0.3167530298233032,-0.018523922190070152,,0.6431617736816406,0.34213998913764954,-0.020614391192793846,,0.6347824931144714,0.30324217677116394,-0.0014403308741748333,,0.6444936990737915,0.26467981934547424,-0.015450308099389076,,0.6353232860565186,0.3082158863544464,-0.02160976454615593,,0.6265957355499268,0.34151211380958557,-0.021566053852438927,,0.6181076765060425,0.29265740513801575,-0.004304110072553158,,0.627979040145874,0.24215799570083618,-0.015316162258386612,,0.6245909929275513,0.28386572003364563,-0.014923780225217342,,0.619239330291748,0.3223705589771271,-0.01071310043334961,,0.600326418876648,0.2873971462249756,-0.008216065354645252,,0.605410099029541,0.23847804963588715,-0.01208624430000782,,0.6115462183952332,0.20947673916816711,-0.01224350742995739,,0.6183407306671143,0.18275634944438934,-0.011125539429485798,
0.04405968263745308,-0.6096624135971069,-0.26522502303123474,0.9999642372131348,0.06361328065395355,-0.6448140740394592,-0.25470811128616333,0.9999062418937683,0.06296952068805695,-0.6444879770278931,-0.2566370666027069,0.9998970031738281,0.0634184330701828,-0.6443914175033569,-0.25436827540397644,0.9999013543128967,0.0269479863345623,-0.6491270661354065,-0.25685274600982666,0.9999260306358337,0.02910439297556877,-0.6494703888893127,-0.25741228461265564,0.9999314546585083,0.02839822694659233,-0.6484764814376831,-0.25335434079170227,0.9999290108680725,0.13596192002296448,-0.6235652565956116,-0.15227681398391724,0.9999341368675232,-0.019146913662552834,-0.6362351775169373,-0.13987264037132263,0.999937117099762,0.06542559713125229,-0.5782099962234497,-0.23593387007713318,0.9999676942825317,0.019993841648101807,-0.580551028251648,-0.2316857874393463,0.9999728202819824,0.2113683819770813,-0.4213409125804901,-0.08983776718378067,0.9996615648269653,-0.1142883375287056,-0.4644087553024292,-0.0665811076760292,0.9998441338539124,0.22057563066482544,-0.16805614531040192,-0.07470925897359848,0.9876611828804016,-0.2115796059370041,-0.3695843517780304,-0.2278873473405838,0.9946315884590149,0.1453486680984497,-0.0222636628895998,-0.1417131870985031,0.9565759897232056,-0.11070878058671951,-0.4846178889274597,-0.40277403593063354,0.9846056699752808,0.11483028531074524,0.0183399710804224,-0.15747150778770447,0.8604720234870911,-0.07562996447086334,-0.5127096176147461,-0.4390895962715149,0.9464537501335144,0.09720934927463531,0.014217415824532509,-0.16955432295799255,0.8666309118270874,-0.07092529535293579,-0.5315772294998169,-0.40943631529808044,0.9421464800834656,0.12513715028762817,-0.016573578119277954,-0.14894437789916992,0.8677225112915039,-0.09624674916267395,-0.4886978566646576,-0.39823055267333984,0.9324998259544373,0.11423814296722412,-0.0005240517784841359,0.001449107425287366,0.5619684457778931,-0.11263936012983322,-0.006161322817206383,-0.0002156729606213048,0.6090183854103088,0.15242284536361694,-0.03160511329770088,-0.07353220880031586,0.08393124490976334,-0.11361194401979446,0.025582650676369667,-0.11677487939596176,0.08737543225288391,0.15972435474395752,0.25233447551727295,0.1446322500705719,0.02001953125,-0.08223374933004379,0.4023611545562744,0.12674784660339355,0.023223573341965675,0.16217923164367676,0.2662257254123688,0.1593397557735443,0.009795933030545712,-0.06813187897205353,0.42045801877975464,0.15234613418579102,0.0107670733705163,0.20289859175682068,0.2416769117116928,-0.056396402418613434,0.02316540665924549,-0.06621824949979782,0.4524272084236145,-0.05773696303367615,0.0232099499553442,76,2.535,0.5995653867721558,0.4379691481590271,-2.1500949287656113e-07,,0.6302672028541565,0.4314243495464325,-0.009451474994421005,,0.6570686101913452,0.39209744334220886,-0.013382380828261375,,0.6564877033233643,0.3422911763191223,-0.01805349439382553,,0.6365796327590942,0.3150925934314728,-0.020576585084199905,,0.6506444215774536,0.320529580116272,-0.00015348658780567348,,0.6610438227653503,0.28497666120529175,-0.011171857826411724,,0.6501306891441345,0.3179086744785309,-0.017988180741667747,,0.6410667896270752,0.3431684076786041,-0.020242657512426376,,0.6336073875427246,0.30455347895622253,-0.0010923469671979547,,0.6427364945411682,0.26608237624168396,-0.014928565360605717,,0.6338239908218384,0.3093377649784088,-0.021213384345173836,,0.6255092620849609,0.3425179719924927,-0.021333295851945877,,0.6167714595794678,0.29435810446739197,-0.004039451479911804,,0.6262925267219543,0.2438666671514511,-0.01504959724843502,,0.6228572130203247,0.2852189540863037,-0.014732365496456623,,0.6176654696464539,0.323298841714859,-0.01066501159220934,,0.5989512205123901,0.2897911071777344,-0.00808177050203085,,0.6038490533828735,0.24071648716926575,-0.012073484249413013,,0.6097220182418823,0.2110861837863922,-0.012294397689402103,,0.6164814829826355,0.183562234044075,-0.011296500451862812,
0.0439775288105011,-0.6097028851509094,-0.26557689905166626,0.9999653100967407,0.06335888803005219,-0.644873857498169,-0.25509342551231384,0.9999083280563354,0.06271152943372726,-0.644548773765564,-0.257036954164505,0.9998989701271057,0.06315736472606659,-0.6444541811943054,-0.254741907119751,0.9999034404754639,0.026797525584697723,-0.649187445640564,-0.257206529378891,0.9999281167984009,0.028947819024324417,-0.649535596370697,-0.257744699716568,0.9999333620071411,0.028238195925951004,-0.648542046546936,-0.2537045478820801,0.9999310970306396,0.13586531579494476,-0.6236236095428467,-0.15304401516914368,0.9999358654022217,-0.019154231995344162,-0.6363447308540344,-0.14063340425491333,0.9999392628669739,0.0653819590806961,-0.5782516598701477,-0.23641496896743774,0.9999682307243347,0.019980723038315773,-0.5805880427360535,-0.23212656378746033,0.9999735951423645,0.21150095760822296,-0.4209737479686737,-0.09051300585269928,0.9996587038040161,-0.11438588052988052,-0.46443644165992737,-0.06716150045394897,0.9998453259468079,0.2196957767009735,-0.16657912731170654,-0.07646596431732178,0.9876018762588501,-0.212730273604393,-0.369726300239563,-0.22832278907299042,0.994760274887085,0.14535032212734222,-0.018158521503210068,-0.14463402330875397,0.956998348236084,-0.1110643669962883,-0.48461809754371643,-0.406642347574234,0.9853284955024719,0.11489519476890564,0.02318110689520836,-0.1604720801115036,0.8607548475265503,-0.07586628198623657,-0.5126430988311768,-0.4443787932395935,0.9472931623458862,0.09729285538196564,0.019873660057783127,-0.17339971661567688,0.8669509887695312,-0.07107415050268173,-0.531471848487854,-0.4157104194164276,0.9428623914718628,0.1251222938299179,-0.011953584849834442,-0.15230774879455566,0.867885172367096,-0.09654251486063004,-0.48866572976112366,-0.40295666456222534,0.9332894086837769,0.11434141546487808,-0.0005216517602093518,0.0014782604994252324,0.5576296448707581,-0.1127312034368515,-0.006197833921760321,-0.0002451930195093155,0.6049413084983826,0.15221509337425232,-0.031811799854040146,-0.07350192964076996,0.08458984643220901,-0.1135818138718605,0.02442982606589794,-0.11677607148885727,0.08776110410690308,0.15932822227478027,0.2522973120212555,0.14474831521511078,0.020168568938970566,-0.08228717744350433,0.4019203782081604,0.12815552949905396,0.023282602429389954,0.16186368465423584,0.2662709951400757,0.15946544706821442,0.009849466383457184,-0.06815589964389801,0.4201609194278717,0.15399442613124847,0.010763158090412617,0.2026592195034027,0.24152927100658417,-0.0564076267182827,0.023380795493721962,-0.06660377979278564,0.4515211284160614,-0.055345240980386734,0.023303676396608353,77,2.569,0.5987234115600586,0.4390852451324463,-2.2042632963348296e-07,,0.6292269825935364,0.4313725233078003,-0.009338947013020515,,0.6556946039199829,0.3941366374492645,-0.013508697971701622,,0.6551288366317749,0.3450072407722473,-0.018578367307782173,,0.6356200575828552,0.3172937333583832,-0.021625744178891182,,0.6489789485931396,0.32216766476631165,-0.0001800385507522151,,0.6587609648704529,0.2879566550254822,-0.01130700670182705,,0.6482148170471191,0.3211570680141449,-0.01800123229622841,,0.6397236585617065,0.3469509780406952,-0.020058268681168556,,0.6322929263114929,0.306334525346756,-0.0012885683681815863,,0.6409099102020264,0.2691918909549713,-0.015317408367991447,,0.632045567035675,0.31288740038871765,-0.02151940017938614,,0.6240283250808716,0.34659120440483093,-0.02153046429157257,,0.6156839728355408,0.2961703836917877,-0.004398744087666273,,0.6245490908622742,0.24657884240150452,-0.016001161187887192,,0.6209489703178406,0.28873559832572937,-0.01576036587357521,,0.6159159541130066,0.3273257911205292,-0.011562967672944069,,0.5978694558143616,0.2918750047683716,-0.008554572239518166,,0.6020599603652954,0.24289371073246002,-0.01281688641756773,,0.6075534224510193,0.21364082396030426,-0.012947037816047668,,0.6140992641448975,0.18659940361976624,-0.011799287050962448,
0.04354962706565857,-0.6095503568649292,-0.26659104228019714,0.9999663233757019,0.06252089142799377,-0.6448011994361877,-0.25617945194244385,0.9999104142189026,0.06186961010098457,-0.6444767713546753,-0.2581428587436676,0.9999010562896729,0.06231515482068062,-0.644385039806366,-0.2558075487613678,0.9999055862426758,0.026145081967115402,-0.6491135954856873,-0.2581791281700134,0.9999300241470337,0.028282897546887398,-0.6494674682617188,-0.2586660087108612,0.9999350905418396,0.027570728212594986,-0.6484746336936951,-0.2546454071998596,0.9999330043792725,0.13551850616931915,-0.6236321926116943,-0.1545659601688385,0.9999375939369202,-0.019304046407341957,-0.6363657116889954,-0.14184816181659698,0.9999412298202515,0.06514837592840195,-0.5781750679016113,-0.23763665556907654,0.9999688863754272,0.019828494638204575,-0.5805012583732605,-0.23320025205612183,0.9999743103981018,0.21169959008693695,-0.4205619990825653,-0.09168487787246704,0.999657392501831,-0.11446895450353622,-0.46445712447166443,-0.06831937283277512,0.999846875667572,0.21963152289390564,-0.16547338664531708,-0.07750305533409119,0.9874226450920105,-0.21465356647968292,-0.37025925517082214,-0.22866038978099823,0.9948546290397644,0.14602608978748322,-0.013385336846113205,-0.14644759893417358,0.9570215940475464,-0.11147525906562805,-0.4845890700817108,-0.40907952189445496,0.9859444499015808,0.11569119989871979,0.028576740995049477,-0.16192671656608582,0.8606114983558655,-0.07608061283826828,-0.5123865008354187,-0.44783109426498413,0.948050856590271,0.09812115877866745,0.026249555870890617,-0.1756913810968399,0.8669302463531494,-0.07109872251749039,-0.5312026739120483,-0.4196836054325104,0.9435293078422546,0.12575344741344452,-0.006531883496791124,-0.1544618159532547,0.8676255345344543,-0.0968015044927597,-0.48858755826950073,-0.40595078468322754,0.9339631199836731,0.11442414671182632,-0.0005211245152167976,0.0015049109933897853,0.5520570874214172,-0.11279337853193283,-0.0062394412234425545,-0.00027216909802518785,0.5997508764266968,0.1521151214838028,-0.032093364745378494,-0.07342169433832169,0.08605220913887024,-0.11352012306451797,0.023573558777570724,-0.11679711192846298,0.08906421065330505,0.1592249870300293,0.25195592641830444,0.14522472023963928,0.020478954538702965,-0.08227121084928513,0.40166234970092773,0.12883831560611725,0.023610200732946396,0.1617967039346695,0.2661186158657074,0.160068079829216,0.009986571036279202,-0.0681067630648613,0.41990408301353455,0.15486757457256317,0.010875494219362736,0.20269137620925903,0.24050839245319366,-0.05631755292415619,0.023790055885910988,-0.06667837500572205,0.4504133462905884,-0.054287537932395935,0.023662356659770012,78,2.602,0.5984496474266052,0.4413089156150818,-2.1509477221570705e-07,,0.6293766498565674,0.43440523743629456,-0.010092905722558498,,0.6551057696342468,0.39629149436950684,-0.014478725381195545,,0.6538776159286499,0.34717676043510437,-0.01967201940715313,,0.6341060400009155,0.3200080394744873,-0.02267577312886715,,0.6493607759475708,0.32403549551963806,-0.0007272870861925185,,0.6594409346580505,0.28974056243896484,-0.012155930511653423,,0.6484969258308411,0.32384762167930603,-0.01893131621181965,,0.6398643851280212,0.3491182327270508,-0.02098998986184597,,0.632136881351471,0.3083029091358185,-0.0014790858840569854,,0.6406179070472717,0.27167025208473206,-0.01582363434135914,,0.6317760348320007,0.31548184156417847,-0.0220307819545269,,0.6240442991256714,0.3481396436691284,-0.021937914192676544,,0.6150274276733398,0.29842689633369446,-0.004322877153754234,,0.6235480308532715,0.25002148747444153,-0.01601744443178177,,0.619920015335083,0.2929542660713196,-0.015610937029123306,,0.6149507761001587,0.33134156465530396,-0.011190918274223804,,0.5968751311302185,0.29434043169021606,-0.008309198543429375,,0.6011722683906555,0.2459336221218109,-0.012519695796072483,,0.6063297986984253,0.21646085381507874,-0.012586094439029694,,0.6124038100242615,0.18928931653499603,-0.011283937841653824,
0.04354742914438248,-0.6095322966575623,-0.2683348059654236,0.9999672770500183,0.062470436096191406,-0.6447988152503967,-0.25779807567596436,0.9999123811721802,0.06181759387254715,-0.6444746851921082,-0.25978878140449524,0.9999029636383057,0.06226435303688049,-0.6443838477134705,-0.25741639733314514,0.9999076724052429,0.026120467111468315,-0.649109423160553,-0.25980374217033386,0.999931812286377,0.028255658224225044,-0.649465799331665,-0.26022231578826904,0.9999366998672485,0.027543552219867706,-0.6484732031822205,-0.2562188506126404,0.9999347925186157,0.13550549745559692,-0.6236364245414734,-0.15594738721847534,0.9999391436576843,-0.019309693947434425,-0.6363850831985474,-0.1435047686100006,0.9999430179595947,0.06517054885625839,-0.5781683325767517,-0.23939627408981323,0.9999695420265198,0.019871756434440613,-0.5804886817932129,-0.2349672019481659,0.9999750256538391,0.21196913719177246,-0.42021849751472473,-0.09240543842315674,0.9996582269668579,-0.11458618193864822,-0.4644336402416229,-0.06966283917427063,0.9998483061790466,0.2197810411453247,-0.1649899035692215,-0.07751826196908951,0.9871715903282166,-0.2168681025505066,-0.37028008699417114,-0.22884804010391235,0.9949078559875488,0.14725932478904724,-0.009709188714623451,-0.14668431878089905,0.9566230177879333,-0.11152154952287674,-0.4840572774410248,-0.4105563759803772,0.9864202737808228,0.11695228517055511,0.03277064859867096,-0.16197021305561066,0.8598104119300842,-0.07599828392267227,-0.5111379027366638,-0.44992008805274963,0.9484969973564148,0.09920179098844528,0.031172102317214012,-0.1761322170495987,0.8663005232810974,-0.0707288607954979,-0.5300855040550232,-0.4218837320804596,0.9438716769218445,0.12681514024734497,-0.0023104543797671795,-0.15484538674354553,0.8667171001434326,-0.09679678082466125,-0.48776501417160034,-0.4076562225818634,0.9341948628425598,0.1144992932677269,-0.0005215375567786396,0.0015403790166601539,0.5468141436576843,-0.11284125596284866,-0.00628034258261323,-0.00029673732933588326,0.5942506790161133,0.15202762186527252,-0.03218977525830269,-0.07343430072069168,0.08808046579360962,-0.11334516853094101,0.021766630932688713,-0.11707334965467453,0.09056365489959717,0.15905816853046417,0.2518886923789978,0.14544489979743958,0.020925017073750496,-0.0820544883608818,0.4007212519645691,0.12908387184143066,0.023990264162421227,0.16166119277477264,0.266141414642334,0.1604176163673401,0.010210201144218445,-0.0677557960152626,0.41884079575538635,0.15528404712677002,0.01104740146547556,0.20274947583675385,0.239836648106575,-0.05636556074023247,0.02433372288942337,-0.06648816168308258,0.44835132360458374,-0.053763601928949356,0.024087898433208466,79,2.635,0.598294198513031,0.44345805048942566,-2.115684623049674e-07,,0.6285300254821777,0.436958909034729,-0.00996433012187481,,0.6541216373443604,0.40133169293403625,-0.014733280055224895,,0.6542391180992126,0.35405126214027405,-0.020312201231718063,,0.6348448395729065,0.3264387249946594,-0.02374875359237194,,0.6492370963096619,0.3271949887275696,-0.0016397740691900253,,0.6597330570220947,0.2927791476249695,-0.013171990402042866,,0.6487089395523071,0.327066034078598,-0.019907834008336067,,0.6401188373565674,0.3519735038280487,-0.02189532108604908,,0.6320884823799133,0.31160321831703186,-0.002555910963565111,,0.6408329010009766,0.27423256635665894,-0.016985947266221046,,0.6319865584373474,0.3180748522281647,-0.023176366463303566,,0.6241974234580994,0.3507614731788635,-0.02304796129465103,,0.6148098111152649,0.30187612771987915,-0.005462802946567535,,0.6236178278923035,0.2536701560020447,-0.017230117693543434,,0.6203054785728455,0.29657745361328125,-0.01703624613583088,,0.6156678199768066,0.3349251449108124,-0.012708766385912895,,0.5966032147407532,0.29806363582611084,-0.00944263581186533,,0.6007551550865173,0.24932754039764404,-0.013617421500384808,,0.6059582829475403,0.21974965929985046,-0.013739357702434063,,0.6120200753211975,0.19315728545188904,-0.012448306195437908,
0.04438386112451553,-0.6102348566055298,-0.26865723729133606,0.9999678134918213,0.06321489810943604,-0.6454805731773376,-0.2579819858074188,0.9999133348464966,0.06256283819675446,-0.6451591849327087,-0.2599817216396332,0.9999037384986877,0.0630188137292862,-0.6450720429420471,-0.2576218843460083,0.9999086856842041,0.026732075959444046,-0.6497069597244263,-0.2600824534893036,0.9999328851699829,0.02887275256216526,-0.650077760219574,-0.2604987323284149,0.9999377131462097,0.02816695347428322,-0.6490879654884338,-0.25649091601371765,0.999936044216156,0.1359051913022995,-0.6240072846412659,-0.1559392213821411,0.9999398589134216,-0.019199751317501068,-0.6365622282028198,-0.14371049404144287,0.9999443292617798,0.06591460108757019,-0.5787734985351562,-0.23959703743457794,0.9999697804450989,0.02050471305847168,-0.5810054540634155,-0.23531723022460938,0.9999755024909973,0.21205300092697144,-0.420604944229126,-0.09218779951334,0.9996572136878967,-0.11471432447433472,-0.46440228819847107,-0.06971766799688339,0.9998481869697571,0.22028696537017822,-0.16605006158351898,-0.07688792794942856,0.9870438575744629,-0.21790051460266113,-0.36881887912750244,-0.22844819724559784,0.9950059056282043,0.1473187655210495,-0.010988720692694187,-0.1465587615966797,0.9565740823745728,-0.1116599291563034,-0.4800426959991455,-0.4090123772621155,0.98677659034729,0.117039754986763,0.03151914104819298,-0.16177545487880707,0.8596416115760803,-0.07600996643304825,-0.50652015209198,-0.4479675590991974,0.9484930634498596,0.0992516502737999,0.029355434700846672,-0.17592139542102814,0.8660106062889099,-0.07070346921682358,-0.5262136459350586,-0.4198048710823059,0.943751871585846,0.12687650322914124,-0.003706876188516617,-0.15475976467132568,0.8663046956062317,-0.09688016772270203,-0.48376229405403137,-0.4057994782924652,0.9338364601135254,0.11447151750326157,-0.0005893532652407885,0.001668391632847488,0.5452670454978943,-0.11280766874551773,-0.0062685501761734486,-0.0003972717677243054,0.59233558177948,0.15199118852615356,-0.03139587491750717,-0.07236281037330627,0.09047544747591019,-0.11289087682962418,0.023152310401201248,-0.11689072102308273,0.0930381715297699,0.15856584906578064,0.25344476103782654,0.14645430445671082,0.02141033671796322,-0.0820116326212883,0.40077292919158936,0.1290476769208908,0.024577753618359566,0.16105303168296814,0.26796647906303406,0.16153892874717712,0.010449342429637909,-0.06771644949913025,0.4188960790634155,0.15520311892032623,0.011269081383943558,0.20274025201797485,0.24129749834537506,-0.05541283264756203,0.025025147944688797,-0.06626900285482407,0.448469877243042,-0.05374526605010033,0.02480655536055565,80,2.669,0.5984745025634766,0.4469354748725891,-2.119881941098356e-07,,0.6282468438148499,0.44134023785591125,-0.010411757044494152,,0.6541813611984253,0.4069593548774719,-0.015440544113516808,,0.6544598937034607,0.3596864640712738,-0.021232666447758675,,0.634803831577301,0.33267489075660706,-0.02482053078711033,,0.6504272818565369,0.33233773708343506,-0.001899216789752245,,0.6604657769203186,0.29890939593315125,-0.013147803023457527,,0.6493797898292542,0.3336135447025299,-0.019405998289585114,,0.6414811015129089,0.3576537072658539,-0.02116619236767292,,0.6333070397377014,0.3165222704410553,-0.0027829534374177456,,0.6418736577033997,0.2798856198787689,-0.01739467866718769,,0.6331442594528198,0.32403549551963806,-0.023349087685346603,,0.6256840825080872,0.35589995980262756,-0.022947026416659355,,0.6157015562057495,0.3068266808986664,-0.005688105244189501,,0.6240536570549011,0.26034462451934814,-0.018106555566191673,,0.620688259601593,0.30460837483406067,-0.0178183875977993,,0.6161522269248962,0.342470645904541,-0.013194307684898376,,0.5969544053077698,0.30319637060165405,-0.009660180658102036,,0.6008390188217163,0.25442102551460266,-0.01419067569077015,,0.6057177782058716,0.22420234978199005,-0.014260964468121529,,0.6114038228988647,0.1961759477853775,-0.012868034653365612,
0.04521418735384941,-0.6105984449386597,-0.27041101455688477,0.9999682307243347,0.06427884846925735,-0.645788311958313,-0.25950872898101807,0.99991375207901,0.06362760066986084,-0.645467221736908,-0.2615326941013336,0.9999039173126221,0.06409851461648941,-0.6453779935836792,-0.25922632217407227,0.9999092221260071,0.027477819472551346,-0.6500126719474792,-0.26173415780067444,0.999933660030365,0.02962924912571907,-0.6503884792327881,-0.26216596364974976,0.9999384880065918,0.028931180015206337,-0.6494002938270569,-0.2581261396408081,0.9999370574951172,0.136811301112175,-0.6240792870521545,-0.1564706563949585,0.9999403953552246,-0.01902877166867256,-0.6366274952888489,-0.1446850746870041,0.9999454617500305,0.06671194732189178,-0.5790355801582336,-0.2409750372171402,0.9999701380729675,0.021059101447463036,-0.5812837481498718,-0.23691020905971527,0.9999760389328003,0.21218621730804443,-0.4208495020866394,-0.09226696938276291,0.9996588230133057,-0.11485754698514938,-0.4643363952636719,-0.06985574960708618,0.9998497366905212,0.2206355631351471,-0.16712290048599243,-0.07686369121074677,0.9871450066566467,-0.2184075564146042,-0.3661130964756012,-0.2280510514974594,0.9951446652412415,0.14706049859523773,-0.01344386488199234,-0.14660972356796265,0.95729660987854,-0.11164571344852448,-0.4748048186302185,-0.40653908252716064,0.9871659278869629,0.11645325273275375,0.02901395596563816,-0.16191935539245605,0.861365556716919,-0.07587245851755142,-0.5009347796440125,-0.4446295201778412,0.9487127065658569,0.09854379296302795,0.02602480910718441,-0.17590978741645813,0.8673848509788513,-0.07021503895521164,-0.5211887359619141,-0.41576793789863586,0.9438789486885071,0.12650476396083832,-0.00646451348438859,-0.15472057461738586,0.8676404356956482,-0.09679561853408813,-0.47868815064430237,-0.40264177322387695,0.9337437152862549,0.11442342400550842,-0.0006960397586226463,0.0018283417448401451,0.5450379848480225,-0.11274310201406479,-0.0062144058756530285,-0.0005285927327349782,0.5926840305328369,0.15233106911182404,-0.031344130635261536,-0.07171369343996048,0.09282729029655457,-0.11224164068698883,0.02314627543091774,-0.1166287213563919,0.0958806499838829,0.15848639607429504,0.25361523032188416,0.15004603564739227,0.02172597497701645,-0.08172742277383804,0.40046122670173645,0.1290653496980667,0.025217337533831596,0.16087260842323303,0.2681378424167633,0.16558031737804413,0.010643370449543,-0.0674346461892128,0.4183986783027649,0.1552126705646515,0.011479455977678299,0.20277340710163116,0.24131087958812714,-0.05134507641196251,0.025521865114569664,-0.06467963010072708,0.4481506943702698,-0.05372857674956322,0.02550952322781086,81,2.702,0.5992413759231567,0.4539283514022827,-2.2229487228742073e-07,,0.6267920136451721,0.44731605052948,-0.009581285528838634,,0.6526665091514587,0.4142337143421173,-0.014638197608292103,,0.6547040343284607,0.3701452910900116,-0.020533032715320587,,0.6366549730300903,0.3428627550601959,-0.024268735200166702,,0.6511190533638,0.33827102184295654,-0.0026878213975578547,,0.6599697470664978,0.30551400780677795,-0.014001011848449707,,0.6492971777915955,0.3429673910140991,-0.019881008192896843,,0.6430034041404724,0.36779913306236267,-0.021275611594319344,,0.6336872577667236,0.3232344090938568,-0.004154855385422707,,0.6423429846763611,0.2879323661327362,-0.019215155392885208,,0.6334644556045532,0.33529534935951233,-0.02464999631047249,,0.6261043548583984,0.3684101402759552,-0.023661788552999496,,0.6153529286384583,0.31422683596611023,-0.007526422385126352,,0.6234425902366638,0.26814472675323486,-0.020438360050320625,,0.6210644841194153,0.3138710856437683,-0.02016293630003929,,0.6180576682090759,0.3517901599407196,-0.015406236983835697,,0.5961617231369019,0.3117760717868805,-0.011796635575592518,,0.5995540618896484,0.26188158988952637,-0.016487691551446915,,0.6040895581245422,0.2318519800901413,-0.01656089909374714,,0.6097239255905151,0.2038905769586563,-0.015150032006204128,
0.04521464928984642,-0.6118487119674683,-0.26854273676872253,0.999968945980072,0.06426861137151718,-0.6470231413841248,-0.2574559152126312,0.9999148845672607,0.06361763924360275,-0.6467018723487854,-0.2594794034957886,0.999904990196228,0.0640876516699791,-0.6466207504272461,-0.2571770250797272,0.9999104738235474,0.027489911764860153,-0.651207685470581,-0.2597317099571228,0.9999349117279053,0.029640717431902885,-0.6515976786613464,-0.2601458430290222,0.9999396800994873,0.028941841796040535,-0.6506128907203674,-0.25611743330955505,0.999938428401947,0.13680186867713928,-0.6246845722198486,-0.15494699776172638,0.9999414682388306,-0.01894676499068737,-0.6371408104896545,-0.1433674693107605,0.9999468922615051,0.06670857965946198,-0.5800117254257202,-0.23937813937664032,0.9999707341194153,0.021089185029268265,-0.5822013020515442,-0.235366091132164,0.9999766945838928,0.21221473813056946,-0.4208809435367584,-0.0910843163728714,0.9996628761291504,-0.1148899644613266,-0.46431517601013184,-0.06895344704389572,0.9998531341552734,0.22065556049346924,-0.16706998646259308,-0.07477382570505142,0.9871185421943665,-0.21996569633483887,-0.36608216166496277,-0.22476667165756226,0.995218813419342,0.1486993283033371,-0.008718730881810188,-0.14477652311325073,0.9572099447250366,-0.11183229088783264,-0.47231733798980713,-0.40246519446372986,0.9874582886695862,0.11862308531999588,0.03634413331747055,-0.15983320772647858,0.8608008027076721,-0.07587995380163193,-0.49599188566207886,-0.4400408864021301,0.9486527442932129,0.10017146915197372,0.035043660551309586,-0.17494668066501617,0.8669980764389038,-0.0701080784201622,-0.514959454536438,-0.4118637144565582,0.9437613487243652,0.12791511416435242,-0.0006871024961583316,-0.15338239073753357,0.8671291470527649,-0.09685268998146057,-0.4753653109073639,-0.39876559376716614,0.9334601759910583,0.11440279334783554,-0.0007473609293811023,0.0018732947064563632,0.5455901026725769,-0.11272028833627701,-0.0061942096799612045,-0.0005662133917212486,0.5938551425933838,0.15228937566280365,-0.031020360067486763,-0.070297010242939,0.09411589801311493,-0.1108909547328949,0.02483283169567585,-0.11504189670085907,0.09772326797246933,0.15862740576267242,0.25362545251846313,0.1537555456161499,0.021859709173440933,-0.08146612346172333,0.40073662996292114,0.13214129209518433,0.025678738951683044,0.16108021140098572,0.2681589424610138,0.1695970594882965,0.010674240998923779,-0.06725680828094482,0.4186675548553467,0.15858295559883118,0.01157413236796856,0.2036156803369522,0.2413378804922104,-0.046153776347637177,0.025771379470825195,-0.06469288468360901,0.4482211172580719,-0.04825379699468613,0.025978371500968933,82,2.736,0.5994717478752136,0.46160581707954407,-2.2166041446780582e-07,,0.6280186176300049,0.4538833498954773,-0.00832010991871357,,0.6543295979499817,0.4241064786911011,-0.013447551988065243,,0.6589666604995728,0.3838764429092407,-0.01968415454030037,,0.6425366401672363,0.3587881922721863,-0.02414037100970745,,0.6502969264984131,0.3462789058685303,-0.0023428841959685087,,0.6595175266265869,0.317120224237442,-0.014489063061773777,,0.650723934173584,0.35431692004203796,-0.02093266323208809,,0.6442938446998596,0.3787987232208252,-0.022445248439908028,,0.6333299875259399,0.33315879106521606,-0.0046171569265425205,,0.6423260569572449,0.29959526658058167,-0.020474519580602646,,0.6352646946907043,0.3473811745643616,-0.026355374604463577,,0.6282961368560791,0.3806067705154419,-0.025598544627428055,,0.6151310801506042,0.32530051469802856,-0.008709120564162731,,0.622410774230957,0.28103190660476685,-0.02262464538216591,,0.6216620206832886,0.3250916302204132,-0.023007143288850784,,0.6192806363105774,0.3610055446624756,-0.01849735714495182,,0.5958496928215027,0.3235403895378113,-0.013469924218952656,,0.5982526540756226,0.2735542953014374,-0.018636086955666542,,0.6025097370147705,0.24454958736896515,-0.01859361119568348,,0.6072624921798706,0.21600531041622162,-0.017037494108080864,
0.044437509030103683,-0.612301230430603,-0.26486459374427795,0.9999684691429138,0.06367911398410797,-0.6474782824516296,-0.2538906931877136,0.9999133348464966,0.06304353475570679,-0.6471544504165649,-0.25584253668785095,0.9999029636383057,0.06351297348737717,-0.6470734477043152,-0.2535717189311981,0.9999089241027832,0.027064308524131775,-0.6516538262367249,-0.25602757930755615,0.9999337792396545,0.02921820431947708,-0.6520355343818665,-0.25645771622657776,0.9999386072158813,0.02852245233952999,-0.6510519981384277,-0.2523716688156128,0.9999374151229858,0.13591887056827545,-0.6248584985733032,-0.1524503529071808,0.9999409914016724,-0.019034894183278084,-0.637241780757904,-0.14003074169158936,0.9999461770057678,0.06577076762914658,-0.580328106880188,-0.2362862080335617,0.9999702572822571,0.02047066204249859,-0.5825093388557434,-0.23202551901340485,0.9999763369560242,0.21064499020576477,-0.42126402258872986,-0.08993922173976898,0.9996591806411743,-0.11487492173910141,-0.46373987197875977,-0.06572964042425156,0.9998500347137451,0.22080564498901367,-0.16780003905296326,-0.06937393546104431,0.9871673583984375,-0.2182490974664688,-0.3639710545539856,-0.21701614558696747,0.995241641998291,0.1513511836528778,-0.00679281959310174,-0.1325215846300125,0.9577497839927673,-0.11261454969644547,-0.4666379392147064,-0.387259840965271,0.9876986742019653,0.12298633903265,0.03916414454579353,-0.1445566862821579,0.8617001175880432,-0.0778421014547348,-0.4899488389492035,-0.42412590980529785,0.9486146569252014,0.10387057065963745,0.03866228833794594,-0.16035978496074677,0.8676502108573914,-0.07140974700450897,-0.5093991160392761,-0.3967131972312927,0.9436697959899902,0.13051386177539825,0.0016898780595511198,-0.14060451090335846,0.8678780198097229,-0.09754979610443115,-0.47010526061058044,-0.38390669226646423,0.9332000017166138,0.11401370167732239,-0.0008789788698777556,0.0018779804231598973,0.5486125349998474,-0.11232993006706238,-0.006087879650294781,-0.000562208762858063,0.5968603491783142,0.15187489986419678,-0.029887787997722626,-0.06868065148591995,0.09535469114780426,-0.11083437502384186,0.026479443535208702,-0.11280043423175812,0.09917736798524857,0.1577940285205841,0.2554762661457062,0.15422841906547546,0.02201871946454048,-0.0813051238656044,0.40279993414878845,0.1322423815727234,0.026106737554073334,0.16008207201957703,0.2700556516647339,0.1698608696460724,0.010728697292506695,-0.06718380004167557,0.42081114649772644,0.15860073268413544,0.01172013022005558,0.20220430195331573,0.2428613156080246,-0.04534544795751572,0.026025399565696716,-0.06480520218610764,0.44987159967422485,-0.04828475043177605,0.02643738128244877,83,2.769,0.5999437570571899,0.47625529766082764,-1.8831804027286125e-07,,0.6277886033058167,0.46838411688804626,-0.007309050299227238,,0.6549299955368042,0.44572290778160095,-0.013110445812344551,,0.663205623626709,0.411482572555542,-0.020667092874646187,,0.6516653299331665,0.3843775987625122,-0.027044234797358513,,0.6495622396469116,0.3659650385379791,-0.0012155923759564757,,0.657980740070343,0.3435482084751129,-0.014789796434342861,,0.6556932926177979,0.3795452117919922,-0.02338794805109501,,0.6522347927093506,0.40831422805786133,-0.025799062103033066,,0.6329609751701355,0.35242757201194763,-0.004470845218747854,,0.6410740613937378,0.3247298002243042,-0.020642157644033432,,0.6397470235824585,0.36943620443344116,-0.02823723666369915,,0.6355108618736267,0.4045438766479492,-0.028801579028367996,,0.614534318447113,0.3430337905883789,-0.00967185664921999,,0.622646689414978,0.3055150508880615,-0.023580677807331085,,0.6239426732063293,0.3487711250782013,-0.0250705573707819,,0.6222862601280212,0.3854420781135559,-0.02132723480463028,,0.594809889793396,0.3412821590900421,-0.015572929754853249,,0.5961822271347046,0.2925524115562439,-0.020394757390022278,,0.6007060408592224,0.2642527222633362,-0.020218731835484505,,0.6061338782310486,0.23801922798156738,-0.01854836195707321,
0.0442153662443161,-0.6121275424957275,-0.2648967504501343,0.9999688267707825,0.06358539313077927,-0.6473098397254944,-0.25394096970558167,0.9999144077301025,0.06294476985931396,-0.6469832062721252,-0.2558899521827698,0.999904215335846,0.06341766566038132,-0.646899938583374,-0.25361448526382446,0.9999102354049683,0.02693803235888481,-0.6514871716499329,-0.2560553252696991,0.9999340176582336,0.029088320210576057,-0.6518732905387878,-0.25648191571235657,0.9999385476112366,0.028389567509293556,-0.6508888602256775,-0.25239214301109314,0.9999374151229858,0.13600751757621765,-0.6242195963859558,-0.15280751883983612,0.9999422430992126,-0.018849369138479233,-0.6367666125297546,-0.1398589164018631,0.9999462366104126,0.0656970664858818,-0.5800049304962158,-0.23631970584392548,0.9999709129333496,0.02041766792535782,-0.582250714302063,-0.23197829723358154,0.9999765753746033,0.21068845689296722,-0.4202862083911896,-0.08995326608419418,0.9996690154075623,-0.11395793408155441,-0.4616243541240692,-0.06394431740045547,0.9998509287834167,0.22127705812454224,-0.16621582210063934,-0.06920692324638367,0.9872284531593323,-0.21816200017929077,-0.34808143973350525,-0.19566020369529724,0.9951498508453369,0.1516696810722351,-0.0020638718269765377,-0.1333319991827011,0.9578260779380798,-0.11411523073911667,-0.45329347252845764,-0.35952064394950867,0.9878519773483276,0.12320268899202347,0.045483484864234924,-0.14512944221496582,0.8620851039886475,-0.07981637865304947,-0.4767311215400696,-0.3943132162094116,0.9487287402153015,0.1039857417345047,0.04513654485344887,-0.16126184165477753,0.8679177761077881,-0.07301516085863113,-0.49789491295814514,-0.3665952980518341,0.9437706470489502,0.13069787621498108,0.006611831486225128,-0.14136897027492523,0.868131160736084,-0.09888996928930283,-0.45802947878837585,-0.3551187515258789,0.9329562187194824,0.11362095177173615,-0.0008553037769161165,0.0013930202694609761,0.5477025508880615,-0.11174660176038742,-0.006106844171881676,-5.120141850056825e-06,0.5963293313980103,0.14998547732830048,-0.029054375365376472,-0.06868728995323181,0.09783542901277542,-0.11071754992008209,0.017118243500590324,-0.11143946647644043,0.1016177386045456,0.15508803725242615,0.2598496973514557,0.15983818471431732,0.02250915765762329,-0.08075298368930817,0.40280985832214355,0.1402519941329956,0.026752132922410965,0.15702597796916962,0.2748337686061859,0.17610479891300201,0.010936887003481388,-0.06667730212211609,0.42081418633461,0.16876639425754547,0.012103086337447166,0.1946045160293579,0.2434687316417694,-0.04357769340276718,0.026382001116871834,-0.06480750441551208,0.4472026824951172,-0.036743588745594025,0.026885056868195534,84,2.802,0.6058133244514465,0.5000054836273193,-1.8500597320780798e-07,,0.6324434876441956,0.49676036834716797,-0.010340538807213306,,0.6573141813278198,0.4729018807411194,-0.01647965796291828,,0.6684176921844482,0.4452163279056549,-0.023436717689037323,,0.6685455441474915,0.41932031512260437,-0.02859727293252945,,0.6542263031005859,0.38711029291152954,-0.006551269441843033,,0.658744752407074,0.3605484068393707,-0.022863389924168587,,0.655487596988678,0.4006180763244629,-0.03206329047679901,,0.6516953110694885,0.4319782257080078,-0.03422049432992935,,0.6353334784507751,0.374736487865448,-0.008250082843005657,,0.6399081945419312,0.3445994257926941,-0.026756562292575836,,0.6377661228179932,0.392965167760849,-0.033641256392002106,,0.635047197341919,0.4269818067550659,-0.033308934420347214,,0.6146877408027649,0.3690050542354584,-0.012351405806839466,,0.6207738518714905,0.3374040424823761,-0.028811387717723846,,0.6209089756011963,0.38166218996047974,-0.02928168512880802,,0.6195896863937378,0.4157657027244568,-0.024282176047563553,,0.5934692621231079,0.37173858284950256,-0.01734567992389202,,0.5932338237762451,0.3235696852207184,-0.025117632001638412,,0.59709233045578,0.29552385210990906,-0.025619521737098694,,0.6027346253395081,0.2707500457763672,-0.023683561012148857,
0.04604613035917282,-0.6118884682655334,-0.2699263095855713,0.9999678730964661,0.06573184579610825,-0.6468958258628845,-0.2592580318450928,0.9999122619628906,0.06508035212755203,-0.6465644240379333,-0.26119086146354675,0.9999025464057922,0.06556110084056854,-0.6464760899543762,-0.2589831054210663,0.9999086856842041,0.029008246958255768,-0.6509537696838379,-0.2611241936683655,0.9999318718910217,0.03114338219165802,-0.6513351798057556,-0.2615673542022705,0.9999364018440247,0.030403899028897285,-0.6503459215164185,-0.2574175298213959,0.9999354481697083,0.13793736696243286,-0.6227111220359802,-0.15813906490802765,0.9999417662620544,-0.016420044004917145,-0.6343412399291992,-0.1436000019311905,0.9999449849128723,0.06759659945964813,-0.5794772505760193,-0.2411067932844162,0.9999714493751526,0.022402234375476837,-0.5816781520843506,-0.23615270853042603,0.9999768137931824,0.21112436056137085,-0.41911351680755615,-0.09001924842596054,0.9996854066848755,-0.1095290407538414,-0.45779550075531006,-0.06493234634399414,0.9998548030853271,0.22406229376792908,-0.1644033044576645,-0.06282761693000793,0.9875156283378601,-0.21677564084529877,-0.31789568066596985,-0.17800819873809814,0.9950595498085022,0.1512136608362198,-0.015928054228425026,-0.1285829246044159,0.9579816460609436,-0.10927478224039078,-0.4133857786655426,-0.3263549208641052,0.9876012802124023,0.1217881590127945,0.021873317658901215,-0.14331962168216705,0.8612990975379944,-0.07234982401132584,-0.4355548620223999,-0.36260733008384705,0.946688175201416,0.10381358861923218,0.014913057908415794,-0.15770171582698822,0.8668330907821655,-0.06326702982187271,-0.4616124629974365,-0.33397454023361206,0.9413529634475708,0.13052776455879211,-0.012174667790532112,-0.13601303100585938,0.8672598600387573,-0.09287457913160324,-0.421060174703598,-0.3213336169719696,0.9300006628036499,0.11301626265048981,-0.0006000858265906572,0.00030614531715400517,0.5477132797241211,-0.11098697036504745,-0.006191324442625046,0.0010450532427057624,0.5958330035209656,0.14959578216075897,-0.0240858793258667,-0.07322651147842407,0.09575796872377396,-0.11064034700393677,0.012662122026085854,-0.110456682741642,0.09920452535152435,0.15490299463272095,0.26526132225990295,0.1652669459581375,0.02204042673110962,-0.07649032026529312,0.40586408972740173,0.15822649002075195,0.02601935714483261,0.156832754611969,0.2802998721599579,0.18280771374702454,0.011011536233127117,-0.062285181134939194,0.42464500665664673,0.1896183341741562,0.012402510270476341,0.18848462402820587,0.24805153906345367,-0.03729986399412155,0.025488289073109627,-0.06209868937730789,0.45019033551216125,-0.013500958681106567,0.02599434368312359,85,2.836,0.6204986572265625,0.5405071973800659,-1.9586283883654687e-07,,0.6055033206939697,0.5237910151481628,-0.014954973012208939,,0.6059228777885437,0.47487232089042664,-0.021489983424544334,,0.6158084869384766,0.42982444167137146,-0.026745783165097237,,0.6281496286392212,0.3981457054615021,-0.029960284009575844,,0.6090519428253174,0.4284041225910187,-0.013383876532316208,,0.6092261672019958,0.3913830518722534,-0.031408727169036865,,0.6099175214767456,0.4247693121433258,-0.03985080122947693,,0.6118379235267639,0.44573792815208435,-0.042252980172634125,,0.6241574287414551,0.41977211833000183,-0.01106927078217268,,0.6277724504470825,0.39406850934028625,-0.029008055105805397,,0.6255009174346924,0.44477882981300354,-0.03138294070959091,,0.6257299184799194,0.4729619026184082,-0.028269246220588684,,0.638931393623352,0.41940030455589294,-0.011454655788838863,,0.6432254314422607,0.3998713493347168,-0.032363466918468475,,0.6379799842834473,0.45076385140419006,-0.02886098437011242,,0.6362891793251038,0.4800683259963989,-0.020690688863396645,,0.6517419219017029,0.4245871305465698,-0.012569672428071499,,0.6568662524223328,0.4092203974723816,-0.028409292921423912,,0.6504555344581604,0.4478907585144043,-0.02573579177260399,,0.6478103995323181,0.4737394452095032,-0.019162673503160477,
0.05647262930870056,-0.61072838306427,-0.269866406917572,0.9999631643295288,0.07552078366279602,-0.6458959579467773,-0.25917020440101624,0.9999019503593445,0.07485676556825638,-0.6455616354942322,-0.26109442114830017,0.9998923540115356,0.07530644536018372,-0.6454746723175049,-0.25888389348983765,0.9998987317085266,0.038989607244729996,-0.6495855450630188,-0.26109230518341064,0.9999221563339233,0.04111674427986145,-0.6499453783035278,-0.2615450918674469,0.9999271035194397,0.0403299555182457,-0.6489506363868713,-0.2573961913585663,0.9999263286590576,0.14322547614574432,-0.6222765445709229,-0.15810100734233856,0.9999349117279053,-0.010034983977675438,-0.6323890089988708,-0.14496877789497375,0.9999392032623291,0.07663854211568832,-0.5783414840698242,-0.2409847229719162,0.9999706149101257,0.031643275171518326,-0.5801648497581482,-0.23613516986370087,0.9999759793281555,0.21413838863372803,-0.4188390076160431,-0.087290458381176,0.9996994137763977,-0.10413336008787155,-0.4548514783382416,-0.07091721147298813,0.9998587369918823,0.2247822880744934,-0.16205155849456787,-0.0632142573595047,0.9881474375724792,-0.20014911890029907,-0.2928012013435364,-0.18186724185943604,0.9952849745750427,0.1548624336719513,-0.031248755753040314,-0.13960324227809906,0.9605119228363037,-0.06856266409158707,-0.3728612959384918,-0.3311978876590729,0.9882832765579224,0.1259063333272934,0.0022205098066478968,-0.16078834235668182,0.8669937252998352,-0.025137629359960556,-0.3868604898452759,-0.36979228258132935,0.9484056234359741,0.1134776622056961,-0.00865859817713499,-0.17336173355579376,0.8719207644462585,-0.008816190995275974,-0.4193577170372009,-0.34238311648368835,0.9430621266365051,0.13640865683555603,-0.0305430106818676,-0.14692939817905426,0.8727325201034546,-0.04760577157139778,-0.382428914308548,-0.32645338773727417,0.9321076273918152,0.11298103630542755,4.4604053982766345e-05,0.0004570673336274922,0.5564766526222229,-0.11093659698963165,-0.0063888682052493095,0.0007956423214636743,0.6029347777366638,0.15291008353233337,-0.018069634214043617,-0.07665787637233734,0.0926285833120346,-0.10940041393041611,0.007356550544500351,-0.11049381643533707,0.09666816145181656,0.1551128476858139,0.27757495641708374,0.16867199540138245,0.02131611853837967,-0.0677255168557167,0.4094853401184082,0.15897125005722046,0.025065895169973373,0.15723800659179688,0.29337048530578613,0.18569184839725494,0.010876404121518135,-0.0522800013422966,0.4302298128604889,0.18918459117412567,0.012240055948495865,0.18906809389591217,0.2623416483402252,-0.025578977540135384,0.02429657243192196,-0.04441762715578079,0.4554308354854584,-0.013324134983122349,0.024810073897242546,86,2.869,,,,,,,,,,,,,,,,,,,,,,,,,,,,,,,,,,,,,,,,,,,,,,,,,,,,,,,,,,,,,,,,,,,,,,,,,,,,,,,,,,,,
0.0608443059027195,-0.6099735498428345,-0.27694377303123474,0.9999608397483826,0.07920417189598083,-0.6454800367355347,-0.26542991399765015,0.9998965859413147,0.07855448126792908,-0.6451401710510254,-0.26727110147476196,0.9998871088027954,0.07898867130279541,-0.6450486183166504,-0.26508083939552307,0.9998928904533386,0.042192764580249786,-0.6487085223197937,-0.26869702339172363,0.9999178647994995,0.04433230683207512,-0.6490545868873596,-0.2693100869655609,0.9999234676361084,0.04354925453662872,-0.648061990737915,-0.2651987373828888,0.9999228715896606,0.14485827088356018,-0.6223189830780029,-0.16204163432121277,0.9999300241470337,-0.009546434506773949,-0.6309068202972412,-0.1546878069639206,0.9999375939369202,0.08036857098340988,-0.577842116355896,-0.24694404006004333,0.9999706149101257,0.034805331379175186,-0.5790368914604187,-0.2439020425081253,0.9999760985374451,0.2156325727701187,-0.4190615117549896,-0.08742155879735947,0.9997134804725647,-0.10415716469287872,-0.45031246542930603,-0.08660413324832916,0.9998642206192017,0.2248605638742447,-0.16183525323867798,-0.06523329019546509,0.9884955883026123,-0.1887478232383728,-0.27322953939437866,-0.18669582903385162,0.9954596161842346,0.16162359714508057,-0.033219724893569946,-0.15142035484313965,0.9615123867988586,-0.041810546070337296,-0.3505662977695465,-0.33752545714378357,0.9886389970779419,0.13563889265060425,0.0012745362473651767,-0.1739800125360489,0.8678531646728516,0.006254266481846571,-0.36387160420417786,-0.37405043840408325,0.9487907290458679,0.12559063732624054,-0.008928606286644936,-0.1910904496908188,0.8728551864624023,0.021719982847571373,-0.39824244379997253,-0.3459782302379608,0.9434846639633179,0.14474152028560638,-0.032044846564531326,-0.1612270325422287,0.8739103674888611,-0.01979651115834713,-0.3608754575252533,-0.332722008228302,0.9324350357055664,0.11305811256170273,4.1747509385459125e-05,0.0014379415661096573,0.5531402826309204,-0.1110629290342331,-0.006376768462359905,-0.00030706380493938923,0.6003308296203613,0.1528652161359787,-0.021576974540948868,-0.07591531425714493,0.08970656245946884,-0.1096472442150116,0.01343503687530756,-0.11051779985427856,0.09496604651212692,0.15515494346618652,0.2693396806716919,0.18129663169384003,0.020443826913833618,-0.07107032835483551,0.41028106212615967,0.1642267405986786,0.024238133803009987,0.15738607943058014,0.28423649072647095,0.19931313395500183,0.01062510721385479,-0.05622977018356323,0.4311937391757965,0.19435597956180573,0.011991089209914207,0.19054993987083435,0.25656068325042725,-0.007757849059998989,0.02318970113992691,-0.04644840955734253,0.4597170948982239,-0.008444363251328468,0.02387234941124916,87,2.902,,,,,,,,,,,,,,,,,,,,,,,,,,,,,,,,,,,,,,,,,,,,,,,,,,,,,,,,,,,,,,,,,,,,,,,,,,,,,,,,,,,,
0.06005120277404785,-0.6060770750045776,-0.3015304207801819,0.9999497532844543,0.07843376696109772,-0.6431151628494263,-0.29059699177742004,0.9998762011528015,0.0778028666973114,-0.6427803039550781,-0.2925912141799927,0.99986732006073,0.07825969159603119,-0.6426844596862793,-0.29041555523872375,0.999870777130127,0.041108228266239166,-0.6455596089363098,-0.29255110025405884,0.9999005794525146,0.043235186487436295,-0.6459529995918274,-0.29305991530418396,0.9999074339866638,0.04247375950217247,-0.6449919939041138,-0.2890113890171051,0.9999071955680847,0.14473067224025726,-0.6222072243690491,-0.18910953402519226,0.9999053478240967,-0.009663497097790241,-0.6285595297813416,-0.1783146858215332,0.9999253153800964,0.07993962615728378,-0.5750104188919067,-0.2726689577102661,0.9999644756317139,0.03442046046257019,-0.5750809907913208,-0.26861342787742615,0.9999710321426392,0.21839572489261627,-0.4175809323787689,-0.1107909232378006,0.9996907711029053,-0.10357362776994705,-0.4464285373687744,-0.11336556822061539,0.9998550415039062,0.21570608019828796,-0.16187113523483276,-0.10357477515935898,0.986632227897644,-0.1908077895641327,-0.24774253368377686,-0.19065740704536438,0.9949505925178528,0.1512729674577713,-0.06466694921255112,-0.21293452382087708,0.9568244814872742,-0.05186658352613449,-0.28869467973709106,-0.3601146638393402,0.9874172806739807,0.12328166514635086,-0.03813217207789421,-0.23839397728443146,0.8611838221549988,-0.007619051728397608,-0.29347139596939087,-0.4025721251964569,0.9461520910263062,0.12062602490186691,-0.058964088559150696,-0.26076188683509827,0.8671430945396423,0.009938822127878666,-0.33333390951156616,-0.39088156819343567,0.9412525296211243,0.13710637390613556,-0.06916346400976181,-0.22595515847206116,0.86720210313797,-0.029477372765541077,-0.2996366024017334,-0.36037299036979675,0.9294632077217102,0.113060362637043,5.596904520643875e-05,0.0032135110814124346,0.533776581287384,-0.11108341813087463,-0.006468997336924076,-0.0019506606040522456,0.5826149582862854,0.14569540321826935,-0.014598783105611801,-0.06666646897792816,0.09550955146551132,-0.11023391783237457,0.04846232756972313,-0.11046765744686127,0.10462569445371628,0.14592388272285461,0.27023255825042725,0.19134071469306946,0.02134476788341999,-0.08254949003458023,0.41852548718452454,0.1623656451702118,0.026249393820762634,0.14776624739170074,0.28582441806793213,0.2103733867406845,0.011272578500211239,-0.069441057741642,0.43854424357414246,0.1919962465763092,0.012755351141095161,0.1890162080526352,0.2596222758293152,0.0034467452205717564,0.024058198556303978,-0.05957912653684616,0.47215884923934937,-0.009155494160950184,0.02551555074751377,88,2.936,,,,,,,,,,,,,,,,,,,,,,,,,,,,,,,,,,,,,,,,,,,,,,,,,,,,,,,,,,,,,,,,,,,,,,,,,,,,,,,,,,,,
0.05937899276614189,-0.6018556952476501,-0.29993247985839844,0.999936580657959,0.07598503679037094,-0.6399935483932495,-0.28915250301361084,0.9998637437820435,0.07532338798046112,-0.6396635174751282,-0.2912517786026001,0.9998561143875122,0.07576701045036316,-0.6395537853240967,-0.2889002859592438,0.9998547434806824,0.03849322721362114,-0.64228355884552,-0.2899409830570221,0.9998863339424133,0.04058893397450447,-0.642643392086029,-0.2906668484210968,0.9998927712440491,0.03981936722993851,-0.6416599750518799,-0.2865954041481018,0.9998917579650879,0.14398066699504852,-0.6214207410812378,-0.18554630875587463,0.9998806715011597,-0.010320748202502728,-0.6272543668746948,-0.17646990716457367,0.999916136264801,0.07955062389373779,-0.5713163018226624,-0.27090927958488464,0.9999591112136841,0.034076351672410965,-0.5713762640953064,-0.26804065704345703,0.9999667406082153,0.2206851989030838,-0.4097121059894562,-0.10949144512414932,0.9996446371078491,-0.10445067286491394,-0.44296860694885254,-0.10730022192001343,0.9998367428779602,0.19995205104351044,-0.16177839040756226,-0.15954799950122833,0.9853579998016357,-0.19613240659236908,-0.20863832533359528,-0.17850086092948914,0.9947282075881958,0.10947956144809723,-0.23598448932170868,-0.3344017267227173,0.9584389328956604,-0.057738278061151505,-0.23606672883033752,-0.36124810576438904,0.9874230027198792,0.06831452250480652,-0.25433266162872314,-0.3789832890033722,0.8658609390258789,-0.012882218696177006,-0.23837235569953918,-0.40563130378723145,0.9464394450187683,0.08479546755552292,-0.30420440435409546,-0.3818088173866272,0.8715417981147766,-0.0009918669238686562,-0.2881031036376953,-0.39943578839302063,0.9423211812973022,0.10157183557748795,-0.2623705267906189,-0.3424484133720398,0.8708229660987854,-0.038029130548238754,-0.2522311508655548,-0.3612554967403412,0.9310340881347656,0.11343817412853241,0.0009105813223868608,0.00426618754863739,0.5128442049026489,-0.11139430850744247,-0.007035941816866398,-0.003099022665992379,0.5631298422813416,0.1453281193971634,-0.015568496659398079,-0.07354488223791122,0.09181109815835953,-0.11452668160200119,0.024221081286668777,-0.1092134639620781,0.10293208062648773,0.13722515106201172,0.26987597346305847,0.20136290788650513,0.02094108797609806,-0.09098406881093979,0.41494593024253845,0.164688378572464,0.0258215069770813,0.13915207982063293,0.2855115234851837,0.2214668244123459,0.011666221544146538,-0.07693830132484436,0.43591055274009705,0.19482028484344482,0.012775538489222527,0.18030688166618347,0.2589762806892395,0.01004945207387209,0.023333927616477013,-0.06341265141963959,0.4706254005432129,-0.00793164037168026,0.024864578619599342,89,2.969,,,,,,,,,,,,,,,,,,,,,,,,,,,,,,,,,,,,,,,,,,,,,,,,,,,,,,,,,,,,,,,,,,,,,,,,,,,,,,,,,,,,
0.05864804610610008,-0.6020416617393494,-0.2934504449367523,0.9999013543128967,0.07488150149583817,-0.6400601267814636,-0.2807152271270752,0.9998284578323364,0.07421199232339859,-0.6397289633750916,-0.28298431634902954,0.9998225569725037,0.07467300444841385,-0.6396204233169556,-0.2805723547935486,0.9998130798339844,0.036755915731191635,-0.6423640251159668,-0.2811791002750397,0.9998472332954407,0.03883682191371918,-0.6427187323570251,-0.28182584047317505,0.9998530745506287,0.0380731001496315,-0.6417333483695984,-0.27770185470581055,0.999848484992981,0.1438629925251007,-0.6213902831077576,-0.1768103539943695,0.9998259544372559,-0.012404095381498337,-0.6274888515472412,-0.16575102508068085,0.9998847842216492,0.0793234258890152,-0.5714355707168579,-0.2647210657596588,0.9999424815177917,0.03327289968729019,-0.5715643763542175,-0.26091134548187256,0.9999526739120483,0.2212272733449936,-0.40728145837783813,-0.10813228785991669,0.9995444416999817,-0.11287166178226471,-0.4427167475223541,-0.10336973518133163,0.9997646808624268,0.20057812333106995,-0.1538541167974472,-0.1590832769870758,0.9801027774810791,-0.1968359798192978,-0.19614410400390625,-0.15496665239334106,0.9925463795661926,0.0960758849978447,-0.19145476818084717,-0.353207528591156,0.9543344974517822,-0.05830833688378334,-0.18403783440589905,-0.3572804927825928,0.9828243255615234,0.05245979502797127,-0.19652646780014038,-0.40339064598083496,0.8618901371955872,-0.016847005113959312,-0.17676030099391937,-0.40486791729927063,0.9375288486480713,0.061172157526016235,-0.2446407973766327,-0.40707871317863464,0.8681526780128479,0.0029973462224006653,-0.22590480744838715,-0.39951226115226746,0.9354236721992493,0.0848730057477951,-0.21332016587257385,-0.36256635189056396,0.8656356930732727,-0.035358645021915436,-0.19740571081638336,-0.35980236530303955,0.9236324429512024,0.11379881203174591,0.0009025681647472084,0.0052044023759663105,0.4868939518928528,-0.11169105768203735,-0.007049781270325184,-0.0039478447288274765,0.5349312424659729,0.1453983038663864,-0.018468089401721954,-0.0764244794845581,0.08889640122652054,-0.11446187645196915,0.020441273227334023,-0.10913043469190598,0.09998170286417007,0.13804100453853607,0.2675175368785858,0.2010311633348465,0.020389381796121597,-0.09134285151958466,0.4049055278301239,0.15856799483299255,0.025291530415415764,0.1399829238653183,0.2841795086860657,0.2220042645931244,0.012185980565845966,-0.07718517631292343,0.4246443510055542,0.18894170224666595,0.012926080264151096,0.18127211928367615,0.25880536437034607,0.009593565948307514,0.0227560605853796,-0.06361152231693268,0.46000775694847107,-0.010434991680085659,0.024441620334982872,90,3.003,,,,,,,,,,,,,,,,,,,,,,,,,,,,,,,,,,,,,,,,,,,,,,,,,,,,,,,,,,,,,,,,,,,,,,,,,,,,,,,,,,,,
0.057731591165065765,-0.599992573261261,-0.31135883927345276,0.9998970031738281,0.07416737079620361,-0.6380653977394104,-0.29784536361694336,0.9998236298561096,0.07352375239133835,-0.6376985907554626,-0.29995468258857727,0.9998201727867126,0.07396743446588516,-0.637545108795166,-0.29778483510017395,0.9998087882995605,0.03486839309334755,-0.6404047608375549,-0.2977704107761383,0.9998398423194885,0.03693671524524689,-0.6407579779624939,-0.2981477677822113,0.9998457431793213,0.036197517067193985,-0.639775276184082,-0.29405656456947327,0.99983811378479,0.14429296553134918,-0.6169301271438599,-0.19311769306659698,0.9998165369033813,-0.013225844129920006,-0.6226561665534973,-0.1735362559556961,0.999875009059906,0.07908426970243454,-0.5684412121772766,-0.2818616032600403,0.9999411702156067,0.0327334925532341,-0.5685261487960815,-0.2752632796764374,0.9999493956565857,0.2226322889328003,-0.4067267179489136,-0.13097235560417175,0.9995407462120056,-0.11287212371826172,-0.43204349279403687,-0.11710281670093536,0.9997408986091614,0.20198515057563782,-0.15590085089206696,-0.15496690571308136,0.9742191433906555,-0.19716233015060425,-0.19631433486938477,-0.16087010502815247,0.9898381233215332,0.10098688304424286,-0.13283008337020874,-0.3102867901325226,0.9208035469055176,-0.0606030635535717,-0.1324850469827652,-0.3565922677516937,0.9649744033813477,0.06697724759578705,-0.09080824255943298,-0.3451427221298218,0.8219954371452332,-0.02027765102684498,-0.09988968819379807,-0.39806127548217773,0.9082589745521545,0.0652240440249443,-0.11377144604921341,-0.36999332904815674,0.8352545499801636,0.003719732165336609,-0.12708643078804016,-0.4008873999118805,0.911648154258728,0.08704181015491486,-0.13515575230121613,-0.3250669836997986,0.8309361934661865,-0.03574182465672493,-0.13249699771404266,-0.36013364791870117,0.8986064791679382,0.11395072937011719,-0.0002352443989366293,0.005207898560911417,0.4551592171192169,-0.11173386871814728,-0.005964101292192936,-0.0039344970136880875,0.4996541738510132,0.1307610422372818,-0.038873981684446335,-0.091319739818573,0.08612662553787231,-0.11035452783107758,0.020337387919425964,-0.1297972947359085,0.0962047278881073,0.14066502451896667,0.2666756510734558,0.18451222777366638,0.020001791417598724,-0.09355057775974274,0.4084196984767914,0.15835103392601013,0.024579741060733795,0.14406853914260864,0.2839566767215729,0.2090073674917221,0.012165217660367489,-0.08167638629674911,0.42760083079338074,0.1931302547454834,0.012649944983422756,0.18644249439239502,0.24615629017353058,-0.03358469903469086,0.022114550694823265,-0.0722234770655632,0.45539963245391846,-0.009192269295454025,0.023463813588023186,91,3.036,,,,,,,,,,,,,,,,,,,,,,,,,,,,,,,,,,,,,,,,,,,,,,,,,,,,,,,,,,,,,,,,,,,,,,,,,,,,,,,,,,,,
0.047905333340168,-0.6083752512931824,-0.30749499797821045,0.9998849034309387,0.06699533015489578,-0.6452544331550598,-0.29442641139030457,0.9998019933700562,0.06646076589822769,-0.6448604464530945,-0.29645588994026184,0.9998035430908203,0.06683123856782913,-0.644684374332428,-0.2943459153175354,0.9997884631156921,0.026417547836899757,-0.6481349468231201,-0.294486939907074,0.9998136162757874,0.02848908305168152,-0.6485070586204529,-0.29484426975250244,0.9998218417167664,0.027776043862104416,-0.6475355625152588,-0.29079529643058777,0.999808669090271,0.1423690766096115,-0.6202423572540283,-0.19080758094787598,0.9997868537902832,-0.019068490713834763,-0.6280348300933838,-0.17186512053012848,0.9998457431793213,0.07126883417367935,-0.5755705833435059,-0.2780194878578186,0.9999343156814575,0.023674609139561653,-0.5762193202972412,-0.27122390270233154,0.9999393820762634,0.22099749743938446,-0.41569796204566956,-0.13349851965904236,0.9995434284210205,-0.11701013147830963,-0.4337082803249359,-0.11582200974225998,0.9997138977050781,0.2123306840658188,-0.17728812992572784,-0.14517895877361298,0.9708783030509949,-0.19904983043670654,-0.21260373294353485,-0.1388048380613327,0.9865601658821106,0.1255597621202469,-0.0809871032834053,-0.2831987738609314,0.8796163201332092,-0.07481030374765396,-0.1096481904387474,-0.2996531128883362,0.9340245723724365,0.10182108730077744,-0.01928507722914219,-0.31461480259895325,0.7748782634735107,-0.03957326337695122,-0.06145693361759186,-0.32820388674736023,0.8647579550743103,0.07119125872850418,-0.02932840958237648,-0.3400869369506836,0.7956261038780212,-0.009115518070757389,-0.07689788192510605,-0.3541099429130554,0.8745761513710022,0.10113471001386642,-0.07227804511785507,-0.2963847815990448,0.7898199558258057,-0.04747585207223892,-0.10191191732883453,-0.31280258297920227,0.8615063428878784,0.11393429338932037,-0.0010509378043934703,0.004686826374381781,0.4280281364917755,-0.11170413345098495,-0.0052492981776595116,-0.0033217603340744972,0.46824079751968384,0.11780253797769547,-0.03798530250787735,-0.09023000299930573,0.08400502800941467,-0.10279030352830887,0.0522327683866024,-0.13378754258155823,0.09248429536819458,0.14760103821754456,0.2798245847225189,0.1635904312133789,0.019929956644773483,-0.095215804874897,0.4303743243217468,0.15840329229831696,0.024024639278650284,0.15257620811462402,0.29920879006385803,0.18710318207740784,0.011940647847950459,-0.0868670865893364,0.4496632218360901,0.1957923322916031,0.012373951263725758,0.1955663114786148,0.261068195104599,-0.05643565207719803,0.02183552458882332,-0.08877448737621307,0.4623972475528717,-0.0019425309728831053,0.022725975140929222,92,3.069,,,,,,,,,,,,,,,,,,,,,,,,,,,,,,,,,,,,,,,,,,,,,,,,,,,,,,,,,,,,,,,,,,,,,,,,,,,,,,,,,,,,
0.04006689041852951,-0.6161046028137207,-0.3046562671661377,0.9998735189437866,0.06093493476510048,-0.6520475149154663,-0.2918016016483307,0.9997801184654236,0.06046416610479355,-0.6516389846801758,-0.2937853932380676,0.9997867941856384,0.060764554888010025,-0.6514639854431152,-0.29167914390563965,0.9997687339782715,0.019988538697361946,-0.6552911400794983,-0.29214468598365784,0.9997882843017578,0.022072535008192062,-0.655637800693512,-0.292520135641098,0.9997994303703308,0.021348971873521805,-0.6546667814254761,-0.288483589887619,0.9997815489768982,0.1379593312740326,-0.6245412230491638,-0.18858051300048828,0.9997610449790955,-0.025704408064484596,-0.6337471604347229,-0.17110350728034973,0.9998190999031067,0.0636083111166954,-0.5823705792427063,-0.27513477206230164,0.9999287724494934,0.015518506988883018,-0.583415150642395,-0.26856502890586853,0.999931275844574,0.21541106700897217,-0.4248118996620178,-0.13126353919506073,0.999556303024292,-0.12179220467805862,-0.4374640882015228,-0.1134851723909378,0.999698281288147,0.21779154241085052,-0.19590887427330017,-0.14215579628944397,0.9709269404411316,-0.20020388066768646,-0.22163595259189606,-0.11917632818222046,0.9851575493812561,0.1311001479625702,-0.07409079372882843,-0.26533424854278564,0.859563410282135,-0.08726183325052261,-0.10761801898479462,-0.254489928483963,0.9150400757789612,0.10834859311580658,-0.01371729001402855,-0.2977505922317505,0.7428838014602661,-0.055107053369283676,-0.05692403018474579,-0.27958548069000244,0.8311657309532166,0.0752149224281311,-0.02364395000040531,-0.32634979486465454,0.7702276110649109,-0.02506915293633938,-0.07092680782079697,-0.3071054518222809,0.8462614417076111,0.1019737720489502,-0.06512938439846039,-0.28887227177619934,0.763522744178772,-0.06021033972501755,-0.09932250529527664,-0.2685120701789856,0.8340306878089905,0.1138932853937149,-0.0014685889473184943,0.0037998391781002283,0.40732303261756897,-0.11167403310537338,-0.004778455011546612,-0.0024667279794812202,0.4430127739906311,0.11593286693096161,-0.037290170788764954,-0.09040435403585434,0.08062504231929779,-0.0995028093457222,0.05846976861357689,-0.134175643324852,0.08782999962568283,0.15391293168067932,0.2840127944946289,0.15597186982631683,0.019428594037890434,-0.09544909745454788,0.4374196231365204,0.16138628125190735,0.023083381354808807,0.1596994251012802,0.30306437611579895,0.17840079963207245,0.011484038084745407,-0.08828876167535782,0.45778995752334595,0.20131725072860718,0.011936815455555916,0.20158609747886658,0.26875606179237366,-0.05915118381381035,0.021104194223880768,-0.09516382962465286,0.46755534410476685,0.0063179428689181805,0.02167329750955105,93,3.103,,,,,,,,,,,,,,,,,,,,,,,,,,,,,,,,,,,,,,,,,,,,,,,,,,,,,,,,,,,,,,,,,,,,,,,,,,,,,,,,,,,,
0.027634715661406517,-0.6218143105506897,-0.3036670982837677,0.9998651146888733,0.04922780022025108,-0.6572314500808716,-0.2909395396709442,0.9997615218162537,0.04882417246699333,-0.6568350791931152,-0.29281559586524963,0.9997727870941162,0.04908030852675438,-0.6566758155822754,-0.2907692492008209,0.9997517466545105,0.008696505799889565,-0.6604041457176208,-0.2915215790271759,0.9997684359550476,0.010817419737577438,-0.6607483625411987,-0.2919071912765503,0.9997828602790833,0.010079056955873966,-0.6597822904586792,-0.287911593914032,0.9997615218162537,0.1255893111228943,-0.6290315389633179,-0.18782955408096313,0.999738872051239,-0.03716200590133667,-0.637850284576416,-0.16971421241760254,0.9997984766960144,0.050516776740550995,-0.5878598093986511,-0.2738531827926636,0.9999235272407532,0.0029171821661293507,-0.5887029767036438,-0.2672716975212097,0.9999247193336487,0.20228900015354156,-0.4308948218822479,-0.13093017041683197,0.9995704293251038,-0.12917877733707428,-0.43927550315856934,-0.11344469338655472,0.9996882677078247,0.21765956282615662,-0.20262625813484192,-0.14055490493774414,0.9711456894874573,-0.199882373213768,-0.22088788449764252,-0.1116352304816246,0.9835716485977173,0.1315595507621765,-0.06520063430070877,-0.24266916513442993,0.8417927622795105,-0.09890012443065643,-0.09189822524785995,-0.23075060546398163,0.8957991600036621,0.10840611159801483,-0.005647392012178898,-0.2749335467815399,0.7142120599746704,-0.07097211480140686,-0.04055231809616089,-0.25485971570014954,0.7993192672729492,0.07493560016155243,-0.01486343052238226,-0.3218623399734497,0.747524619102478,-0.04579998925328255,-0.051519725471735,-0.2832443416118622,0.8193070292472839,0.10386130213737488,-0.05645689368247986,-0.2689669132232666,0.7397922277450562,-0.0745336264371872,-0.08261018246412277,-0.2449837476015091,0.8078212141990662,0.11326359957456589,-0.002156955888494849,0.0029598602559417486,0.39466118812561035,-0.11127732694149017,-0.0041031138971447945,-0.0017029645387083292,0.4269780218601227,0.11302794516086578,-0.03137213736772537,-0.08692236989736557,0.07776877284049988,-0.09613779932260513,0.09273997694253922,-0.13245736062526703,0.08441004902124405,0.1592952162027359,0.29166358709335327,0.15513454377651215,0.01903456263244152,-0.09526295214891434,0.45881491899490356,0.16397042572498322,0.022596798837184906,0.16550786793231964,0.3109264373779297,0.1766563355922699,0.01105439756065607,-0.08898288756608963,0.4812745749950409,0.20351241528987885,0.011709941551089287,0.2047918289899826,0.2882166802883148,-0.05476552993059158,0.020601455122232437,-0.10373358428478241,0.49633562564849854,0.015136736445128918,0.021086014807224274,94,3.136,,,,,,,,,,,,,,,,,,,,,,,,,,,,,,,,,,,,,,,,,,,,,,,,,,,,,,,,,,,,,,,,,,,,,,,,,,,,,,,,,,,,
0.020505990833044052,-0.6236966848373413,-0.3061935007572174,0.9998558163642883,0.04242847114801407,-0.6588907837867737,-0.29336872696876526,0.9997407793998718,0.04205293953418732,-0.6585031747817993,-0.2951395511627197,0.9997571706771851,0.0423196442425251,-0.6583396196365356,-0.2932232618331909,0.9997316598892212,0.0015738842776045203,-0.6620056629180908,-0.2938741445541382,0.9997479319572449,0.003708287375047803,-0.662376880645752,-0.2941795587539673,0.9997663497924805,0.0029989348258823156,-0.6614055037498474,-0.2902583181858063,0.99974125623703,0.12002955377101898,-0.6305229067802429,-0.18925485014915466,0.9997117519378662,-0.044302403926849365,-0.6391504406929016,-0.16917091608047485,0.9997761249542236,0.04357603192329407,-0.5898930430412292,-0.2755930721759796,0.9999160766601562,-0.0043153041042387486,-0.5906050801277161,-0.2685180604457855,0.9999158978462219,0.1971355378627777,-0.43387091159820557,-0.13370880484580994,0.9995799660682678,-0.13495153188705444,-0.4394807517528534,-0.1152622178196907,0.9996751546859741,0.2197750359773636,-0.20820438861846924,-0.13667595386505127,0.9695104360580444,-0.2000369131565094,-0.21581225097179413,-0.11174122244119644,0.9800648093223572,0.13152596354484558,-0.0652325451374054,-0.24208281934261322,0.8042343258857727,-0.10977721214294434,-0.08264928311109543,-0.23161712288856506,0.8604217171669006,0.10782144218683243,-0.009017111733555794,-0.27404308319091797,0.6726656556129456,-0.08325402438640594,-0.03257264196872711,-0.2537129819393158,0.7568405270576477,0.07012704759836197,-0.019154570996761322,-0.31378644704818726,0.7113858461380005,-0.06261362880468369,-0.04079237952828407,-0.2836706340312958,0.7819575667381287,0.10355233401060104,-0.05750622972846031,-0.26570919156074524,0.7019059062004089,-0.0877349004149437,-0.07222209870815277,-0.24632516503334045,0.770237386226654,0.11276800185441971,-0.0033246874809265137,0.0025358095299452543,0.37955036759376526,-0.11094367504119873,-0.0030924086458981037,-0.0012504372280091047,0.40987303853034973,0.10873445123434067,-0.02725711278617382,-0.08393513411283493,0.07702348381280899,-0.09225556999444962,0.12162693589925766,-0.13176953792572021,0.0833379253745079,0.16595162451267242,0.2971732020378113,0.15353864431381226,0.019260557368397713,-0.09522976726293564,0.481414258480072,0.16360828280448914,0.023082632571458817,0.17245247960090637,0.3174007534980774,0.17510290443897247,0.010924077592790127,-0.09020783007144928,0.5041841268539429,0.20270483195781708,0.011905105784535408,0.2105020433664322,0.2978987693786621,-0.05255226045846939,0.02085750363767147,-0.11009181290864944,0.5192607045173645,0.0162346251308918,0.021372368559241295,95,3.169,,,,,,,,,,,,,,,,,,,,,,,,,,,,,,,,,,,,,,,,,,,,,,,,,,,,,,,,,,,,,,,,,,,,,,,,,,,,,,,,,,,,
0.01779739186167717,-0.6238124370574951,-0.3084244728088379,0.9998505711555481,0.04008931294083595,-0.6589085459709167,-0.29564985632896423,0.9997279644012451,0.03971431404352188,-0.6585214734077454,-0.2973593473434448,0.999748170375824,0.03998531028628349,-0.6583574414253235,-0.2955130636692047,0.9997196197509766,-0.0008813199237920344,-0.6621752977371216,-0.2960781753063202,0.999734103679657,0.0012534429552033544,-0.6625625491142273,-0.2963460683822632,0.999755322933197,0.0005561538273468614,-0.6615869402885437,-0.2924700975418091,0.9997266530990601,0.11842577904462814,-0.6307067275047302,-0.19089849293231964,0.9996941089630127,-0.04642249643802643,-0.6400570869445801,-0.1691569834947586,0.9997574090957642,0.04092901200056076,-0.5901534557342529,-0.2773479223251343,0.9999103546142578,-0.007052944973111153,-0.5910806655883789,-0.26994234323501587,0.9999080896377563,0.19520479440689087,-0.4341437518596649,-0.13674597442150116,0.9995856285095215,-0.1372271627187729,-0.4405529499053955,-0.11620431393384933,0.9996538162231445,0.22168557345867157,-0.20768983662128448,-0.13469767570495605,0.9680057764053345,-0.19823768734931946,-0.21737724542617798,-0.10998864471912384,0.9763928651809692,0.1326802670955658,-0.06041203811764717,-0.24110563099384308,0.7693166732788086,-0.11538149416446686,-0.08358383178710938,-0.22652825713157654,0.8257284164428711,0.11003009974956512,-0.002876612590625882,-0.2727315425872803,0.6344344019889832,-0.09047881513834,-0.032218996435403824,-0.2465398907661438,0.7160099148750305,0.07191850244998932,-0.011017554439604282,-0.30999499559402466,0.6782544851303101,-0.07260303944349289,-0.03696272522211075,-0.2790987491607666,0.7458900809288025,0.1046595647931099,-0.05192837864160538,-0.2628902494907379,0.6673927903175354,-0.09481856971979141,-0.07150000333786011,-0.2421737015247345,0.7343862652778625,0.11254037171602249,-0.004056238103657961,0.001957574626430869,0.3636400103569031,-0.11079555749893188,-0.002474540611729026,-0.0006409970228560269,0.3910737633705139,0.105873703956604,-0.02494961768388748,-0.08325442671775818,0.07658969610929489,-0.09110502898693085,0.123197041451931,-0.13081437349319458,0.08252231776714325,0.16969159245491028,0.29855817556381226,0.1517297625541687,0.019546227529644966,-0.09509890526533127,0.4848194420337677,0.16401682794094086,0.023489072918891907,0.17608940601348877,0.3186330497264862,0.17340676486492157,0.010772263631224632,-0.0906100794672966,0.5072101354598999,0.2037046253681183,0.012004117481410503,0.21285124123096466,0.30022749304771423,-0.05396600440144539,0.021135330200195312,-0.11358451098203659,0.5232372879981995,0.017934409901499748,0.02156294882297516,96,3.203,,,,,,,,,,,,,,,,,,,,,,,,,,,,,,,,,,,,,,,,,,,,,,,,,,,,,,,,,,,,,,,,,,,,,,,,,,,,,,,,,,,,
0.01513346005231142,-0.6247461438179016,-0.3090308606624603,0.9998403787612915,0.03765392303466797,-0.6595596671104431,-0.2964538633823395,0.9997072815895081,0.037277620285749435,-0.6591778993606567,-0.2981530725955963,0.999732255935669,0.03755980357527733,-0.6590152978897095,-0.2963276505470276,0.9996997117996216,-0.003258433658629656,-0.6629723906517029,-0.2966129779815674,0.9997122883796692,-0.0011275865836068988,-0.6633852124214172,-0.296869158744812,0.9997367858886719,-0.001822967897169292,-0.6624081134796143,-0.29300692677497864,0.999703586101532,0.11703839898109436,-0.6309934854507446,-0.19212865829467773,0.9996674656867981,-0.04758185148239136,-0.6409628391265869,-0.16886232793331146,0.9997294545173645,0.03854174166917801,-0.5909894108772278,-0.27806684374809265,0.9999008774757385,-0.009293694980442524,-0.5921169519424438,-0.2702934741973877,0.9998963475227356,0.1938406080007553,-0.4338943660259247,-0.13967837393283844,0.9995768666267395,-0.1381019651889801,-0.44136130809783936,-0.11585284024477005,0.9996178150177002,0.2215185910463333,-0.20606675744056702,-0.13502615690231323,0.9658387303352356,-0.1946001797914505,-0.21648246049880981,-0.10701379925012589,0.9718073010444641,0.13291701674461365,-0.058660753071308136,-0.24072417616844177,0.7363374829292297,-0.1140308678150177,-0.07878050953149796,-0.22179435193538666,0.7921554446220398,0.11022765189409256,-0.001956916879862547,-0.27162623405456543,0.5997553467750549,-0.0885874405503273,-0.02610514685511589,-0.2419033646583557,0.6780363321304321,0.07270242273807526,-0.010173732414841652,-0.3089785873889923,0.6477624177932739,-0.07058130949735641,-0.03078264370560646,-0.27455663681030273,0.7118576169013977,0.10537439584732056,-0.05046156421303749,-0.2616792917251587,0.6357457041740417,-0.09346633404493332,-0.06634321063756943,-0.23749728500843048,0.700751781463623,0.11234831809997559,-0.004654290620237589,0.0010907858377322555,0.34915438294410706,-0.11067134141921997,-0.0019479471957311034,0.00025590453878976405,0.3744243383407593,0.10565721988677979,-0.021842287853360176,-0.08312267065048218,0.07711605727672577,-0.08962301909923553,0.12568208575248718,-0.13030603528022766,0.0826822891831398,0.17352734506130219,0.299460768699646,0.14878101646900177,0.019934294745326042,-0.09329692274332047,0.4870016574859619,0.1638156771659851,0.024044623598456383,0.1798717975616455,0.3195982575416565,0.17039285600185394,0.010679950937628746,-0.09012988954782486,0.5092943906784058,0.20324644446372986,0.012177232652902603,0.2144867181777954,0.30228254199028015,-0.055022068321704865,0.021486865356564522,-0.11190198361873627,0.5261338353157043,0.017937658354640007,0.021877625957131386,97,3.236,,,,,,,,,,,,,,,,,,,,,,,,,,,,,,,,,,,,,,,,,,,,,,,,,,,,,,,,,,,,,,,,,,,,,,,,,,,,,,,,,,,,
0.009815185330808163,-0.6261354088783264,-0.30977925658226013,0.9998294711112976,0.03252611309289932,-0.6606588959693909,-0.29729655385017395,0.9996838569641113,0.032165590673685074,-0.6602828502655029,-0.29896217584609985,0.9997138977050781,0.03244495391845703,-0.6601207256317139,-0.2971646785736084,0.9996761083602905,-0.008418796584010124,-0.6641742587089539,-0.2973543703556061,0.9996883869171143,-0.006286002695560455,-0.6646103262901306,-0.2975996136665344,0.9997169375419617,-0.006972665898501873,-0.6636295914649963,-0.2937586307525635,0.9996789693832397,0.11255605518817902,-0.6316535472869873,-0.19328445196151733,0.999634861946106,-0.051913391798734665,-0.6420857310295105,-0.16888724267482758,0.9997000694274902,0.03328164294362068,-0.5922738313674927,-0.2788749635219574,0.9998906254768372,-0.014426929876208305,-0.5935044884681702,-0.2708994746208191,0.9998849630355835,0.1894770860671997,-0.4340344965457916,-0.14113777875900269,0.9995670914649963,-0.14191827178001404,-0.44225865602493286,-0.11664731055498123,0.9995904564857483,0.21722105145454407,-0.205600306391716,-0.13537515699863434,0.9631293416023254,-0.194582998752594,-0.21628913283348083,-0.10460525006055832,0.9679378271102905,0.1328374743461609,-0.05628104880452156,-0.2403726726770401,0.7000002861022949,-0.11509457230567932,-0.070110023021698,-0.21323692798614502,0.7583523988723755,0.11041580885648727,0.0008732693386264145,-0.27081653475761414,0.563626766204834,-0.08939407765865326,-0.014570499770343304,-0.2312154769897461,0.6407064199447632,0.07327297329902649,-0.0062330421060323715,-0.30860576033592224,0.615166187286377,-0.07162598520517349,-0.016841569915413857,-0.2660721242427826,0.6781712770462036,0.10550557076931,-0.04772651940584183,-0.2610054612159729,0.6018767356872559,-0.09459801763296127,-0.05634940415620804,-0.2293955683708191,0.6669990420341492,0.11206549406051636,-0.005444001406431198,0.0005750022828578949,0.33340564370155334,-0.11050435155630112,-0.0012758104130625725,0.0007833856507204473,0.35691720247268677,0.10439138859510422,-0.017567630857229233,-0.08299566060304642,0.07741556316614151,-0.0865822583436966,0.1389463245868683,-0.1297638863325119,0.08285296708345413,0.1797594279050827,0.30139660835266113,0.14541833102703094,0.020206773653626442,-0.09054193645715714,0.4927428662776947,0.16366435587406158,0.02447170950472355,0.1866406500339508,0.3215191960334778,0.16695725917816162,0.01051362045109272,-0.08879775553941727,0.5151291489601135,0.2028629183769226,0.012229290790855885,0.2213401198387146,0.3059249818325043,-0.05667446181178093,0.02176918275654316,-0.11103357374668121,0.5322564244270325,0.018625659868121147,0.02211855910718441,98,3.269,,,,,,,,,,,,,,,,,,,,,,,,,,,,,,,,,,,,,,,,,,,,,,,,,,,,,,,,,,,,,,,,,,,,,,,,,,,,,,,,,,,,
0.00783796887844801,-0.6262345314025879,-0.3111744225025177,0.999817967414856,0.030791036784648895,-0.6606836915016174,-0.2988477945327759,0.9996595978736877,0.030423391610383987,-0.6603091955184937,-0.30050981044769287,0.9996954202651978,0.030711151659488678,-0.6601492166519165,-0.2987353205680847,0.999654233455658,-0.010103224776685238,-0.6641885042190552,-0.29874205589294434,0.9996610283851624,-0.007981128059327602,-0.6646333336830139,-0.29894980788230896,0.9996933341026306,-0.00866489578038454,-0.6636480093002319,-0.2951129972934723,0.9996502995491028,0.11087441444396973,-0.6317691206932068,-0.19479568302631378,0.9996075630187988,-0.05348162353038788,-0.6421987414360046,-0.16919542849063873,0.9996662735939026,0.03120342642068863,-0.5924739837646484,-0.2801397442817688,0.9998822808265686,-0.016455356031656265,-0.5936937928199768,-0.27189549803733826,0.9998739361763,0.18760554492473602,-0.43428659439086914,-0.14257684350013733,0.9995734095573425,-0.1432667225599289,-0.4424588978290558,-0.11687205731868744,0.9995744228363037,0.21722562611103058,-0.20561639964580536,-0.13481274247169495,0.9622644186019897,-0.19349168241024017,-0.2137468457221985,-0.10013899207115173,0.9650141596794128,0.13297560811042786,-0.05342300981283188,-0.24024468660354614,0.6746137142181396,-0.11449632793664932,-0.06485012918710709,-0.20531652867794037,0.7329404950141907,0.11070199310779572,0.003999035805463791,-0.27049893140792847,0.5364329218864441,-0.08870057016611099,-0.00972987525165081,-0.22285136580467224,0.6117103695869446,0.0732610821723938,-0.0026600295677781105,-0.3073868155479431,0.5919170379638672,-0.07090164721012115,-0.01233721524477005,-0.25769421458244324,0.6528710126876831,0.10579752922058105,-0.04456089809536934,-0.2602602541446686,0.5771906971931458,-0.09398266673088074,-0.051145441830158234,-0.22148925065994263,0.6415063738822937,0.11177670210599899,-0.005969546269625425,-0.00019716999668162316,0.3200552463531494,-0.11024687439203262,-0.0007669125334359705,0.001584101002663374,0.3410932719707489,0.10425583273172379,-0.01660807430744171,-0.08294542133808136,0.07767469435930252,-0.08428080379962921,0.13376213610172272,-0.12944218516349792,0.08242113143205643,0.18310260772705078,0.30430176854133606,0.14409427344799042,0.020488034933805466,-0.0848625898361206,0.49541953206062317,0.16360251605510712,0.02477976866066456,0.19002947211265564,0.32482367753982544,0.1657189577817917,0.010402907617390156,-0.08356180042028427,0.5177936553955078,0.20305581390857697,0.012323122471570969,0.22311817109584808,0.3070981502532959,-0.05811847373843193,0.02199462614953518,-0.10976085811853409,0.532223105430603,0.020362311974167824,0.02223953604698181,99,3.303,,,,,,,,,,,,,,,,,,,,,,,,,,,,,,,,,,,,,,,,,,,,,,,,,,,,,,,,,,,,,,,,,,,,,,,,,,,,,,,,,,,,
0.007572120055556297,-0.6265680193901062,-0.3109462559223175,0.9998112916946411,0.030284680426120758,-0.6610080003738403,-0.2986203134059906,0.9996450543403625,0.029916727915406227,-0.6606338024139404,-0.3002814054489136,0.9996846318244934,0.0302076805382967,-0.6604766249656677,-0.29850202798843384,0.9996408224105835,-0.010518626309931278,-0.6644035577774048,-0.29866334795951843,0.9996446967124939,-0.00839444249868393,-0.6648546457290649,-0.2988777458667755,0.9996793866157532,-0.009081549011170864,-0.6638649702072144,-0.29503872990608215,0.9996328949928284,0.10949867963790894,-0.6323334574699402,-0.19451062381267548,0.9995905756950378,-0.05477359890937805,-0.6423437595367432,-0.16919146478176117,0.9996464252471924,0.030706778168678284,-0.592927098274231,-0.27985265851020813,0.9998761415481567,-0.01691875047981739,-0.5939925909042358,-0.2717580497264862,0.999866247177124,0.18624797463417053,-0.43554964661598206,-0.14161014556884766,0.9995759129524231,-0.14404481649398804,-0.4426824450492859,-0.117222361266613,0.9995598793029785,0.2170344591140747,-0.2063489705324173,-0.13399037718772888,0.9610592126846313,-0.19285044074058533,-0.21271736919879913,-0.10129687190055847,0.9630200266838074,0.1339006870985031,-0.05136028677225113,-0.23670943081378937,0.6516766548156738,-0.11497475951910019,-0.061403922736644745,-0.207084059715271,0.7125610709190369,0.112977996468544,0.006717225071042776,-0.2664460837841034,0.5114479064941406,-0.08996645361185074,-0.005570744629949331,-0.22530564665794373,0.5870301127433777,0.07370023429393768,0.0008648232906125486,-0.306371808052063,0.5703145861625671,-0.07197771966457367,-0.007690404541790485,-0.25930729508399963,0.631454348564148,0.10624517500400543,-0.04212827607989311,-0.25758570432662964,0.5546672344207764,-0.09453193098306656,-0.04745270684361458,-0.22305767238140106,0.6201637387275696,0.1115148663520813,-0.006387015338987112,-0.00029353529680520296,0.31034228205680847,-0.11004607379436493,-0.00033899463596753776,0.0016768374480307102,0.32956361770629883,0.10365042835474014,-0.014754588715732098,-0.08220741897821426,0.07739187031984329,-0.08351671695709229,0.13428780436515808,-0.1287052482366562,0.08199620991945267,0.18246616423130035,0.3081149756908417,0.14472712576389313,0.02065805345773697,-0.0831974670290947,0.4985068142414093,0.16352669894695282,0.025134483352303505,0.1892041712999344,0.3289490342140198,0.16623038053512573,0.010275142267346382,-0.08199433237314224,0.5213598608970642,0.20293696224689484,0.01239358726888895,0.22265945374965668,0.3117510974407196,-0.05732957273721695,0.022153610363602638,-0.10866452753543854,0.535675585269928,0.020608099177479744,0.022415021434426308,100,3.336,,,,,,,,,,,,,,,,,,,,,,,,,,,,,,,,,,,,,,,,,,,,,,,,,,,,,,,,,,,,,,,,,,,,,,,,,,,,,,,,,,,,
0.005505932029336691,-0.6267001032829285,-0.31066009402275085,0.9998000860214233,0.02817540057003498,-0.6611217260360718,-0.29839104413986206,0.9996221661567688,0.02781144715845585,-0.6607484221458435,-0.3000504970550537,0.999666154384613,0.028104135766625404,-0.6605945825576782,-0.29826465249061584,0.9996190667152405,-0.012515135109424591,-0.6644525527954102,-0.29845088720321655,0.9996209740638733,-0.010390144772827625,-0.664909303188324,-0.2986755967140198,0.9996591806411743,-0.011082939803600311,-0.663918137550354,-0.2948337197303772,0.9996088147163391,0.10741143673658371,-0.6326730251312256,-0.19440142810344696,0.9995641708374023,-0.0564267560839653,-0.642410397529602,-0.16908007860183716,0.9996191263198853,0.028716962784528732,-0.5931397676467896,-0.27959778904914856,0.99986732006073,-0.01879655010998249,-0.5941193699836731,-0.2715480625629425,0.9998562335968018,0.18444517254829407,-0.4360883831977844,-0.1412799209356308,0.9995708465576172,-0.14502045512199402,-0.4429616630077362,-0.11691967397928238,0.9995393753051758,0.21415890753269196,-0.20582957565784454,-0.13358178734779358,0.9601975083351135,-0.1921698898077011,-0.21019519865512848,-0.1006479412317276,0.9606109857559204,0.1338893175125122,-0.050930846482515335,-0.23425009846687317,0.6342012882232666,-0.11609683930873871,-0.06211087480187416,-0.2085094302892685,0.6941206455230713,0.1131029799580574,0.006402895785868168,-0.26371830701828003,0.4911653995513916,-0.0920003354549408,-0.007515474688261747,-0.22766266763210297,0.564589262008667,0.07408285140991211,8.045543654588982e-05,-0.305346816778183,0.5530933141708374,-0.07427346706390381,-0.010999664664268494,-0.26108068227767944,0.6117217540740967,0.10646932572126389,-0.04205372929573059,-0.2554755210876465,0.5366562008857727,-0.09588350355625153,-0.04903077334165573,-0.2244495004415512,0.6007829308509827,0.1112397089600563,-0.006796274799853563,-0.0006670195143669844,0.30084189772605896,-0.1098475530743599,0.00010638977255439386,0.002026625908911228,0.3183925449848175,0.10345222055912018,-0.011627738364040852,-0.08160001784563065,0.07738878577947617,-0.08285623043775558,0.1346236616373062,-0.12576432526111603,0.08158795535564423,0.1816447228193283,0.3120037615299225,0.14519354701042175,0.02086332067847252,-0.08078930526971817,0.4983411729335785,0.16439542174339294,0.025396553799510002,0.18819782137870789,0.33302488923072815,0.16656391322612762,0.010174984112381935,-0.07943613827228546,0.521401584148407,0.20369181036949158,0.012450939044356346,0.22209365665912628,0.317798376083374,-0.05705535411834717,0.0222687516361475,-0.10814525187015533,0.5370927453041077,0.022825835272669792,0.022484418004751205,101,3.37,,,,,,,,,,,,,,,,,,,,,,,,,,,,,,,,,,,,,,,,,,,,,,,,,,,,,,,,,,,,,,,,,,,,,,,,,,,,,,,,,,,,
0.005222666542977095,-0.6266252994537354,-0.313719242811203,0.9997942447662354,0.028017394244670868,-0.6610116362571716,-0.3015231788158417,0.9996091723442078,0.027649136260151863,-0.6606342196464539,-0.3031981885433197,0.9996564388275146,0.027948038652539253,-0.6604780554771423,-0.30143338441848755,0.9996077418327332,-0.012817790731787682,-0.6643376350402832,-0.3013326823711395,0.9996073246002197,-0.010703038424253464,-0.6648014187812805,-0.30151402950286865,0.9996481537818909,-0.011390049010515213,-0.6638056039810181,-0.29767870903015137,0.9995946288108826,0.10782894492149353,-0.6324667930603027,-0.19715288281440735,0.9995507001876831,-0.0564131923019886,-0.6421831846237183,-0.17038579285144806,0.9995996356010437,0.028711017221212387,-0.5930538773536682,-0.2823956310749054,0.999862790107727,-0.01897614449262619,-0.5940234065055847,-0.2739672362804413,0.9998497366905212,0.18506348133087158,-0.43596526980400085,-0.14434005320072174,0.9995747208595276,-0.1449890434741974,-0.4429300129413605,-0.11848991364240646,0.9995303153991699,0.21420469880104065,-0.20553168654441833,-0.13417948782444,0.9590309262275696,-0.18996699154376984,-0.20770342648029327,-0.1025216355919838,0.9576783776283264,0.1339365541934967,-0.047853097319602966,-0.23460553586483002,0.6116527318954468,-0.11564183980226517,-0.06288263201713562,-0.2141256183385849,0.6718960404396057,0.11308690905570984,0.010165431536734104,-0.26370540261268616,0.46865737438201904,-0.09148522466421127,-0.008851253427565098,-0.2333599030971527,0.5411465764045715,0.07360908389091492,0.004691250156611204,-0.3054739534854889,0.5335237383842468,-0.07400026172399521,-0.010769522748887539,-0.26605382561683655,0.5911502838134766,0.10637412965297699,-0.03850388154387474,-0.2557234466075897,0.5160627365112305,-0.09544750303030014,-0.049234673380851746,-0.22977003455162048,0.5800192952156067,0.11115088313817978,-0.00703759491443634,-0.0007567810826003551,0.28900906443595886,-0.10974010080099106,0.0003760276595130563,0.0021301868837326765,0.3051639497280121,0.1031198501586914,-0.012450909242033958,-0.08175590634346008,0.07740287482738495,-0.0812438353896141,0.13020804524421692,-0.1255875825881958,0.08144643157720566,0.18175293505191803,0.31098344922065735,0.14601938426494598,0.021059149876236916,-0.07947226613759995,0.496013879776001,0.16546300053596497,0.025850526988506317,0.1882881224155426,0.3319646716117859,0.16813193261623383,0.010122697800397873,-0.07814938575029373,0.5188565254211426,0.20587772130966187,0.012535453774034977,0.22199656069278717,0.3149975538253784,-0.056868646293878555,0.02240552380681038,-0.10779503732919693,0.5339211821556091,0.024746110662817955,0.02264663204550743,102,3.403,,,,,,,,,,,,,,,,,,,,,,,,,,,,,,,,,,,,,,,,,,,,,,,,,,,,,,,,,,,,,,,,,,,,,,,,,,,,,,,,,,,,
0.005630536936223507,-0.6258111596107483,-0.3163003623485565,0.9997840523719788,0.028330106288194656,-0.6602093577384949,-0.3042638897895813,0.9995898604393005,0.027956485748291016,-0.6598269939422607,-0.30599066615104675,0.9996411800384521,0.02826497331261635,-0.6596704721450806,-0.30424150824546814,0.9995909929275513,-0.012519032694399357,-0.6635528206825256,-0.30394500494003296,0.999585747718811,-0.010411539115011692,-0.664039134979248,-0.3040572702884674,0.9996294379234314,-0.011094250716269016,-0.6630359888076782,-0.3002200722694397,0.9995715618133545,0.1082925945520401,-0.6318445801734924,-0.19970184564590454,0.9995293617248535,-0.05595516413450241,-0.6416929364204407,-0.17215916514396667,0.9995681643486023,0.029239587485790253,-0.5923476219177246,-0.28479519486427307,0.9998548626899719,-0.018457144498825073,-0.5933602452278137,-0.27619001269340515,0.9998381733894348,0.18556983768939972,-0.43552637100219727,-0.1463744044303894,0.9995735883712769,-0.14461374282836914,-0.44290241599082947,-0.12061643600463867,0.9995117783546448,0.21490852534770966,-0.20495618879795074,-0.1338958442211151,0.9566009640693665,-0.1880694031715393,-0.20651933550834656,-0.10344141721725464,0.953419029712677,0.1344108283519745,-0.042926542460918427,-0.23442964255809784,0.5865966081619263,-0.11523926258087158,-0.06265727430582047,-0.21550491452217102,0.6475830078125,0.11355644464492798,0.01621517352759838,-0.2628084123134613,0.44656187295913696,-0.09106192737817764,-0.008451081812381744,-0.23378108441829681,0.5183191299438477,0.07380685955286026,0.01175107154995203,-0.3050866425037384,0.5136948823928833,-0.07360997051000595,-0.00945676676928997,-0.26735398173332214,0.5707741379737854,0.10649635642766953,-0.0328766368329525,-0.25561466813087463,0.4953903555870056,-0.09502361714839935,-0.048466991633176804,-0.2313959151506424,0.5591913461685181,0.11093614250421524,-0.007105653174221516,-0.000764328520745039,0.27836838364601135,-0.10945077240467072,0.00046392568037845194,0.0021404328290373087,0.29285144805908203,0.10230742394924164,-0.012160936370491982,-0.08166112005710602,0.0787215381860733,-0.07910612970590591,0.12900260090827942,-0.12544815242290497,0.08277523517608643,0.18145518004894257,0.3159349262714386,0.14717161655426025,0.02181680127978325,-0.07729871571063995,0.4943670630455017,0.16539868712425232,0.026935337111353874,0.1879044771194458,0.3381246328353882,0.1698562651872635,0.010312184691429138,-0.07584282010793686,0.5170246958732605,0.20587411522865295,0.012878368608653545,0.2217821329832077,0.31725502014160156,-0.0565524622797966,0.023096226155757904,-0.1040276512503624,0.5332343578338623,0.024882430210709572,0.023320885375142097,103,3.436,,,,,,,,,,,,,,,,,,,,,,,,,,,,,,,,,,,,,,,,,,,,,,,,,,,,,,,,,,,,,,,,,,,,,,,,,,,,,,,,,,,,
0.005892537068575621,-0.6256825923919678,-0.31698885560035706,0.9997773170471191,0.028469454497098923,-0.6601011157035828,-0.3049583435058594,0.9995765686035156,0.02809242345392704,-0.6597165465354919,-0.30670198798179626,0.9996309280395508,0.02840670570731163,-0.6595607399940491,-0.3049536943435669,0.9995797276496887,-0.012389341369271278,-0.6634217500686646,-0.30466142296791077,0.9995708465576172,-0.010287748649716377,-0.6639176607131958,-0.30475378036499023,0.9996167421340942,-0.010965617373585701,-0.6629125475883484,-0.30091649293899536,0.999555766582489,0.10858508944511414,-0.6318071484565735,-0.200339213013649,0.9995136260986328,-0.05572085082530975,-0.6416224837303162,-0.1727488487958908,0.9995452761650085,0.029590753838419914,-0.5922691822052002,-0.2854543626308441,0.9998489618301392,-0.018103981390595436,-0.5932631492614746,-0.2768637239933014,0.9998294711112976,0.18596923351287842,-0.4353931248188019,-0.1466522514820099,0.9995734095573425,-0.14431901276111603,-0.44300714135169983,-0.12174183130264282,0.9994969367980957,0.21517398953437805,-0.20455104112625122,-0.13368171453475952,0.9543913006782532,-0.1865307241678238,-0.20625855028629303,-0.10385335981845856,0.9499932527542114,0.13479381799697876,-0.04140083119273186,-0.23387481272220612,0.5641852617263794,-0.11478981375694275,-0.062214624136686325,-0.21527335047721863,0.6265617609024048,0.11398541927337646,0.01789036951959133,-0.2614293396472931,0.4268015921115875,-0.09060390293598175,-0.007661069743335247,-0.2328750342130661,0.49838319420814514,0.07399921119213104,0.013629517517983913,-0.3047727644443512,0.49604108929634094,-0.07298630475997925,-0.008501359261572361,-0.26710695028305054,0.5531184673309326,0.10656977444887161,-0.03121803142130375,-0.25518998503685,0.4769250452518463,-0.09474275261163712,-0.04784344509243965,-0.2313610464334488,0.5409990549087524,0.11080018430948257,-0.007174398750066757,-0.0007510780123993754,0.2686290144920349,-0.10927695780992508,0.0005266240914352238,0.002140035154297948,0.28167498111724854,0.10139013826847076,-0.01229725033044815,-0.08160115778446198,0.07994690537452698,-0.07853610813617706,0.12711210548877716,-0.1255735605955124,0.08435838669538498,0.18121831119060516,0.3157438039779663,0.14769990742206573,0.022437943145632744,-0.07714606821537018,0.49325031042099,0.1649167239665985,0.027989890426397324,0.18770067393779755,0.3378918170928955,0.17077206075191498,0.010440676473081112,-0.07559110224246979,0.5157700777053833,0.20578202605247498,0.013172476552426815,0.22152936458587646,0.3161260783672333,-0.056191299110651016,0.023715440183877945,-0.10346142202615738,0.5323219299316406,0.024403592571616173,0.024030514061450958,104,3.47,,,,,,,,,,,,,,,,,,,,,,,,,,,,,,,,,,,,,,,,,,,,,,,,,,,,,,,,,,,,,,,,,,,,,,,,,,,,,,,,,,,,
0.006059183739125729,-0.6255502700805664,-0.317007452249527,0.9997696876525879,0.02848072722554207,-0.659989058971405,-0.30493324995040894,0.9995617270469666,0.028101876378059387,-0.6596031785011292,-0.3066807687282562,0.9996189475059509,0.028419503942131996,-0.6594486236572266,-0.30492734909057617,0.9995666146278381,-0.012399250641465187,-0.6632763743400574,-0.30473002791404724,0.9995548725128174,-0.010300936177372932,-0.6637800931930542,-0.3048248887062073,0.9996029734611511,-0.01097526028752327,-0.6627737283706665,-0.30098599195480347,0.9995390772819519,0.10852310806512833,-0.6317787766456604,-0.20020674169063568,0.9994956254959106,-0.055940575897693634,-0.641564130783081,-0.1729981005191803,0.999522864818573,0.029759230092167854,-0.5922069549560547,-0.28543761372566223,0.9998420476913452,-0.01794346794486046,-0.5931696891784668,-0.27698156237602234,0.9998200535774231,0.18608438968658447,-0.4353153109550476,-0.14647673070430756,0.9995667934417725,-0.14417888224124908,-0.4430904984474182,-0.12223611772060394,0.9994732737541199,0.21520721912384033,-0.20453885197639465,-0.13347087800502777,0.952808141708374,-0.18561339378356934,-0.20629245042800903,-0.10442850738763809,0.9474450945854187,0.1348111480474472,-0.041856829077005386,-0.23375234007835388,0.546606183052063,-0.11395427584648132,-0.061948589980602264,-0.21597100794315338,0.610072910785675,0.1139344796538353,0.017061922699213028,-0.26099610328674316,0.410360187292099,-0.09023059904575348,-0.006959537975490093,-0.2337268441915512,0.48177650570869446,0.07381150871515274,0.012528537772595882,-0.3045542538166046,0.48150527477264404,-0.07269633561372757,-0.008170530200004578,-0.2678176462650299,0.5385181307792664,0.106573686003685,-0.031900204718112946,-0.25511208176612854,0.46176308393478394,-0.09397275000810623,-0.0476410873234272,-0.23202568292617798,0.5260851979255676,0.11070344597101212,-0.007298547774553299,-0.0007338623399846256,0.2592528164386749,-0.10916672646999359,0.0006469127838499844,0.0021323631517589092,0.2707717716693878,0.10107801109552383,-0.012309280224144459,-0.08155149966478348,0.08130815625190735,-0.07840588688850403,0.12529104948043823,-0.12571212649345398,0.08582264184951782,0.1809355467557907,0.3158278465270996,0.14795005321502686,0.023044420406222343,-0.07691864669322968,0.49246886372566223,0.16431494057178497,0.028820239007472992,0.1874350607395172,0.33793532848358154,0.17090965807437897,0.010542725212872028,-0.07522327452898026,0.5149103999137878,0.20537534356117249,0.013354442082345486,0.2212708592414856,0.315999835729599,-0.05574207380414009,0.024257412180304527,-0.10235510021448135,0.5308812260627747,0.024264631792902946,0.024535570293664932,105,3.503,,,,,,,,,,,,,,,,,,,,,,,,,,,,,,,,,,,,,,,,,,,,,,,,,,,,,,,,,,,,,,,,,,,,,,,,,,,,,,,,,,,,
0.006101297680288553,-0.6254498362541199,-0.31698015332221985,0.9997605681419373,0.028551582247018814,-0.6599184274673462,-0.3049050569534302,0.9995436072349548,0.02817174792289734,-0.6595330834388733,-0.3066534996032715,0.9996044039726257,0.028490925207734108,-0.6593785285949707,-0.3048994541168213,0.9995508790016174,-0.012350684031844139,-0.6632058620452881,-0.30469563603401184,0.9995349645614624,-0.010254948399960995,-0.6637064218521118,-0.304790198802948,0.9995856285095215,-0.01092709880322218,-0.6627007722854614,-0.30094990134239197,0.9995182156562805,0.10866390913724899,-0.6317536234855652,-0.20013336837291718,0.9994745850563049,-0.05585170164704323,-0.6415281295776367,-0.1729455590248108,0.9994942545890808,0.029818236827850342,-0.5921165943145752,-0.28540194034576416,0.999834418296814,-0.01789853163063526,-0.5930798649787903,-0.27694475650787354,0.9998094439506531,0.18618328869342804,-0.43528294563293457,-0.14656105637550354,0.9995641708374023,-0.14402377605438232,-0.44315996766090393,-0.1220991238951683,0.9994518160820007,0.2152334451675415,-0.20467334985733032,-0.13340748846530914,0.9514909982681274,-0.18384361267089844,-0.20624326169490814,-0.10347571969032288,0.9442917108535767,0.13464069366455078,-0.0421234630048275,-0.23372192680835724,0.5296736359596252,-0.11269304156303406,-0.061056558042764664,-0.21318599581718445,0.5917484760284424,0.11364445090293884,0.01666414923965931,-0.26095613837242126,0.3949145972728729,-0.08943644165992737,-0.005782592575997114,-0.2302442342042923,0.4644072353839874,0.07303112000226974,0.012094903737306595,-0.3042106628417969,0.4677886664867401,-0.07227521389722824,-0.006693632807582617,-0.26513227820396423,0.5228700637817383,0.10622747987508774,-0.03225104138255119,-0.25494781136512756,0.44729024171829224,-0.09288662672042847,-0.04662260040640831,-0.2295178920030594,0.5101373791694641,0.11057041585445404,-0.007392794359475374,-0.0007953071617521346,0.2511060833930969,-0.10901722311973572,0.0007468096446245909,0.00220753182657063,0.26081815361976624,0.0997406393289566,-0.011855983175337315,-0.081508569419384,0.08243412524461746,-0.07823380082845688,0.12391582131385803,-0.12565474212169647,0.08667401224374771,0.17958660423755646,0.3173317611217499,0.14814667403697968,0.023648599162697792,-0.07691527158021927,0.4922384023666382,0.1643606275320053,0.029493829235434532,0.18599219620227814,0.3396098017692566,0.17102116346359253,0.0106466393917799,-0.0751846507191658,0.5146582722663879,0.20550303161144257,0.013528777286410332,0.21955032646656036,0.3176625669002533,-0.055426351726055145,0.024781765416264534,-0.10211508721113205,0.5296138525009155,0.024510454386472702,0.024941034615039825,106,3.536,,,,,,,,,,,,,,,,,,,,,,,,,,,,,,,,,,,,,,,,,,,,,,,,,,,,,,,,,,,,,,,,,,,,,,,,,,,,,,,,,,,,
0.006140141747891903,-0.625355064868927,-0.3172794580459595,0.9997556209564209,0.02861371822655201,-0.6598453521728516,-0.3051896393299103,0.9995315670967102,0.02823491580784321,-0.6594604253768921,-0.3069238066673279,0.9995952844619751,0.028552716597914696,-0.659306526184082,-0.30517733097076416,0.9995403289794922,-0.012307043187320232,-0.6631449460983276,-0.30499616265296936,0.9995230436325073,-0.010211563669145107,-0.663644552230835,-0.3050963580608368,0.999576210975647,-0.010883353650569916,-0.662640392780304,-0.3012579679489136,0.9995062351226807,0.1087360605597496,-0.6317272782325745,-0.20036683976650238,0.9994602203369141,-0.05584543198347092,-0.6413310170173645,-0.17308641970157623,0.9994782209396362,0.02984722889959812,-0.5920395851135254,-0.2856639623641968,0.9998306035995483,-0.017881853505969048,-0.5930181741714478,-0.27718642354011536,0.9998044967651367,0.1862175017595291,-0.4352106750011444,-0.14675822854042053,0.9995683431625366,-0.14389321208000183,-0.4427735507488251,-0.12285447120666504,0.9994485974311829,0.21519187092781067,-0.20456908643245697,-0.1336906999349594,0.9506791234016418,-0.18149451911449432,-0.20356203615665436,-0.10384940356016159,0.9426990151405334,0.1342419683933258,-0.04226631298661232,-0.23385553061962128,0.5143762826919556,-0.11112121492624283,-0.05660349875688553,-0.2125321328639984,0.5768210291862488,0.11320927739143372,0.016330968588590622,-0.26097479462623596,0.37987759709358215,-0.0881575345993042,-0.0007951141451485455,-0.22901855409145355,0.44896769523620605,0.0720437541604042,0.011805280111730099,-0.30413299798965454,0.45430853962898254,-0.07132306694984436,-0.0006043058820068836,-0.2646288573741913,0.5090588927268982,0.10559588670730591,-0.03246970474720001,-0.25495976209640503,0.43326932191848755,-0.09142099320888519,-0.04187518730759621,-0.22908194363117218,0.49625009298324585,0.11040832102298737,-0.007464244030416012,-0.0007961008232086897,0.24569928646087646,-0.10885979235172272,0.0008732730057090521,0.0022085297387093306,0.25422343611717224,0.09690549224615097,-0.011224331334233284,-0.08154584467411041,0.08194544911384583,-0.07804486155509949,0.12447095662355423,-0.12559357285499573,0.08653628081083298,0.1776774525642395,0.32100793719291687,0.1481052190065384,0.02385939471423626,-0.07727466523647308,0.4964124858379364,0.1643301099538803,0.029849961400032043,0.1842162311077118,0.34371379017829895,0.17089225351810455,0.01063996460288763,-0.07585632055997849,0.5195966362953186,0.2054803967475891,0.013574464246630669,0.2169097512960434,0.3224252760410309,-0.05519949644804001,0.024930890649557114,-0.10254111140966415,0.531004786491394,0.02470513992011547,0.025056859478354454,107,3.57,,,,,,,,,,,,,,,,,,,,,,,,,,,,,,,,,,,,,,,,,,,,,,,,,,,,,,,,,,,,,,,,,,,,,,,,,,,,,,,,,,,,
0.005927444435656071,-0.6252773404121399,-0.31731823086738586,0.9997473955154419,0.028358686715364456,-0.6597809791564941,-0.30519628524780273,0.9995144605636597,0.027984507381916046,-0.6593961715698242,-0.30692237615585327,0.9995812177658081,0.02830035239458084,-0.659242570400238,-0.3051773011684418,0.9995243549346924,-0.012594607658684254,-0.6630891561508179,-0.30509766936302185,0.9995072484016418,-0.010497947223484516,-0.6635881066322327,-0.30520766973495483,0.9995633959770203,-0.011169645935297012,-0.6625849604606628,-0.3013704717159271,0.9994906783103943,0.10811475664377213,-0.6317052841186523,-0.2002791166305542,0.9994382262229919,-0.05664679408073425,-0.6412214636802673,-0.1732882410287857,0.9994589686393738,0.029502900317311287,-0.5919726490974426,-0.28563711047172546,0.9998237490653992,-0.01824851520359516,-0.5929627418518066,-0.27725750207901,0.9997968077659607,0.18541313707828522,-0.43517598509788513,-0.14660654962062836,0.9995642900466919,-0.14409449696540833,-0.4425030052661896,-0.12367703020572662,0.999437153339386,0.21403034031391144,-0.20440128445625305,-0.13366584479808807,0.9494958519935608,-0.17893223464488983,-0.20165403187274933,-0.10445346683263779,0.9411065578460693,0.13293808698654175,-0.0424933023750782,-0.2338971048593521,0.5010037422180176,-0.10961884260177612,-0.05379125475883484,-0.21334394812583923,0.5636246204376221,0.11203107982873917,0.015815891325473785,-0.2609913647174835,0.36658793687820435,-0.08725335448980331,0.0021875451784580946,-0.23011769354343414,0.4352147579193115,0.07054998725652695,0.011117842979729176,-0.3040406405925751,0.44231006503105164,-0.07075437158346176,0.002662317594513297,-0.26536962389945984,0.49667203426361084,0.1041795164346695,-0.03284142538905144,-0.2549194395542145,0.42098143696784973,-0.09012196958065033,-0.039004985243082047,-0.22980305552482605,0.48401907086372375,0.11025946587324142,-0.007527884095907211,-0.0006668514688499272,0.24164265394210815,-0.1087341159582138,0.000991260982118547,0.0020658813882619143,0.2489662915468216,0.09499217569828033,-0.009015494026243687,-0.08105149120092392,0.0810854360461235,-0.07799176871776581,0.12568391859531403,-0.12545111775398254,0.08593063801527023,0.17433251440525055,0.32562634348869324,0.14810986816883087,0.02395729534327984,-0.07778195291757584,0.49797922372817993,0.16405002772808075,0.02996671199798584,0.180851548910141,0.3486480414867401,0.17073588073253632,0.010613878257572651,-0.07658471167087555,0.5215162038803101,0.2051464021205902,0.013534794561564922,0.21378280222415924,0.3285697400569916,-0.05504786595702171,0.024982105940580368,-0.10248421877622604,0.5319355726242065,0.02453172765672207,0.025020942091941833,108,3.603,,,,,,,,,,,,,,,,,,,,,,,,,,,,,,,,,,,,,,,,,,,,,,,,,,,,,,,,,,,,,,,,,,,,,,,,,,,,,,,,,,,,
0.005812209099531174,-0.6249653697013855,-0.317230761051178,0.9997395873069763,0.02770177461206913,-0.659584641456604,-0.3051196336746216,0.9994999170303345,0.027330495417118073,-0.6591997742652893,-0.30684638023376465,0.9995691776275635,0.027651630342006683,-0.6590490341186523,-0.30509868264198303,0.9995109438896179,-0.013124089688062668,-0.662685215473175,-0.30505767464637756,0.999493420124054,-0.01102649886161089,-0.6631883382797241,-0.305171936750412,0.9995515942573547,-0.011697105132043362,-0.6621810793876648,-0.301332950592041,0.999477207660675,0.10524887591600418,-0.6317352056503296,-0.19999313354492188,0.9994201064109802,-0.05871781334280968,-0.6407084465026855,-0.17408260703086853,0.9994457364082336,0.029078830033540726,-0.5918395519256592,-0.2855904996395111,0.9998183846473694,-0.018540577962994576,-0.5925875306129456,-0.27725908160209656,0.9997910857200623,0.18279218673706055,-0.4354231655597687,-0.14444361627101898,0.9995591044425964,-0.14474454522132874,-0.4419078230857849,-0.1254482865333557,0.9994221329689026,0.21242110431194305,-0.20481383800506592,-0.13059554994106293,0.9473124742507935,-0.17882855236530304,-0.19962164759635925,-0.10578354448080063,0.939952552318573,0.13183216750621796,-0.044796064496040344,-0.23256394267082214,0.4876266419887543,-0.1090085357427597,-0.052361924201250076,-0.2139599472284317,0.5535211563110352,0.1109590008854866,0.01257493905723095,-0.2599254846572876,0.354449599981308,-0.08679582178592682,0.0025256280787289143,-0.23102271556854248,0.42472919821739197,0.06993371248245239,0.007668348029255867,-0.302673876285553,0.43105512857437134,-0.07058296352624893,0.0018127667717635632,-0.26590707898139954,0.4873727858066559,0.10330770909786224,-0.03538357466459274,-0.25355264544487,0.4094255864620209,-0.08966121077537537,-0.03816551715135574,-0.23031678795814514,0.47433486580848694,0.10999119281768799,-0.007670016493648291,-5.29191383975558e-05,0.23469112813472748,-0.108497254550457,0.0011155056999996305,0.0014633138198405504,0.24067430198192596,0.09492988884449005,-0.00908549316227436,-0.07766592502593994,0.08028053492307663,-0.07781588286161423,0.12537457048892975,-0.1252913773059845,0.08549492061138153,0.17358168959617615,0.32481512427330017,0.15002644062042236,0.023933587595820427,-0.07770614326000214,0.49770644307136536,0.16397884488105774,0.029949696734547615,0.18013300001621246,0.3476242423057556,0.17245341837406158,0.01061815395951271,-0.07637542486190796,0.5212370753288269,0.20501379668712616,0.013530819676816463,0.21391519904136658,0.32734718918800354,-0.051761794835329056,0.024969130754470825,-0.10016022622585297,0.5313007235527039,0.024396046996116638,0.024969447404146194,109,3.636,,,,,,,,,,,,,,,,,,,,,,,,,,,,,,,,,,,,,,,,,,,,,,,,,,,,,,,,,,,,,,,,,,,,,,,,,,,,,,,,,,,,
0.005002608522772789,-0.6248933672904968,-0.3169953227043152,0.9997250437736511,0.026221053674817085,-0.6595296263694763,-0.3048330545425415,0.9994733929634094,0.02585502155125141,-0.6591449975967407,-0.30656230449676514,0.9995462894439697,0.026183903217315674,-0.658995509147644,-0.30481448769569397,0.9994855523109436,-0.01446374412626028,-0.6626179814338684,-0.30495789647102356,0.999468207359314,-0.012368067167699337,-0.6631198525428772,-0.30507102608680725,0.9995298385620117,-0.013032868504524231,-0.662112295627594,-0.3012329339981079,0.9994530081748962,0.10292315483093262,-0.6321608424186707,-0.19956642389297485,0.9993849396705627,-0.0605439729988575,-0.6406733989715576,-0.17421236634254456,0.9994188547134399,0.028144776821136475,-0.5918039083480835,-0.2852950394153595,0.99980628490448,-0.019318673759698868,-0.5925191044807434,-0.2772042751312256,0.9997780323028564,0.18149985373020172,-0.4359098970890045,-0.14311356842517853,0.9995397925376892,-0.1452653855085373,-0.441932737827301,-0.12620915472507477,0.9993957281112671,0.21043610572814941,-0.2053118795156479,-0.12856091558933258,0.9444401264190674,-0.17900121212005615,-0.19973725080490112,-0.10621782392263412,0.9383897185325623,0.13095170259475708,-0.04518565908074379,-0.2299063354730606,0.47381696105003357,-0.10905365645885468,-0.05151120200753212,-0.21415629982948303,0.5432764887809753,0.11019910126924515,0.012294549494981766,-0.2568805515766144,0.34281548857688904,-0.08684981614351273,0.0035608545877039433,-0.2314559817314148,0.4149853587150574,0.06967466324567795,0.007368641439825296,-0.2995346784591675,0.42005860805511475,-0.07053139060735703,0.0024728241842240095,-0.26615843176841736,0.47870564460754395,0.10269953310489655,-0.035735029727220535,-0.2508600950241089,0.3981488049030304,-0.0897168442606926,-0.037314336746931076,-0.23043255507946014,0.46525323390960693,0.10982441157102585,-0.007744310889393091,0.00048090031486935914,0.22736422717571259,-0.1083623394370079,0.0011591799557209015,0.0009515175479464233,0.23225149512290955,0.09446104615926743,-0.00857484806329012,-0.07545769959688187,0.08054100722074509,-0.07784547656774521,0.1259700208902359,-0.12524637579917908,0.08623507618904114,0.1706668883562088,0.3241587281227112,0.1504422128200531,0.02416185289621353,-0.07804512977600098,0.4970751404762268,0.16201379895210266,0.03025982901453972,0.1769646406173706,0.34680870175361633,0.17275477945804596,0.010665043257176876,-0.07667142897844315,0.5203126072883606,0.20241078734397888,0.01354691106826067,0.21358591318130493,0.32637497782707214,-0.05038612708449364,0.0252432432025671,-0.0998794287443161,0.5311038494110107,0.02259422093629837,0.025215765461325645,110,3.67,,,,,,,,,,,,,,,,,,,,,,,,,,,,,,,,,,,,,,,,,,,,,,,,,,,,,,,,,,,,,,,,,,,,,,,,,,,,,,,,,,,,
0.0035347850061953068,-0.6247130632400513,-0.3168206810951233,0.9997146725654602,0.02465224638581276,-0.6594218015670776,-0.30473971366882324,0.9994550347328186,0.02428237348794937,-0.6590370535850525,-0.30647656321525574,0.9995304942131042,0.024617360904812813,-0.6588905453681946,-0.3047277331352234,0.999468982219696,-0.015968572348356247,-0.6624760031700134,-0.30482667684555054,0.9994486570358276,-0.013880905695259571,-0.6629860401153564,-0.3049328923225403,0.9995123744010925,-0.014541296288371086,-0.6619778871536255,-0.3010929226875305,0.9994332790374756,0.10224001854658127,-0.6322294473648071,-0.19950474798679352,0.9993626475334167,-0.061143871396780014,-0.6406643390655518,-0.1741301417350769,0.9993942379951477,0.027019470930099487,-0.5917491912841797,-0.2851296365261078,0.9997984170913696,-0.0203667301684618,-0.5924472212791443,-0.27701571583747864,0.9997677803039551,0.1813814640045166,-0.43608754873275757,-0.14307335019111633,0.9995341300964355,-0.14535640180110931,-0.44225290417671204,-0.12597544491291046,0.9993816614151001,0.2104645073413849,-0.20539598166942596,-0.12821610271930695,0.9435182809829712,-0.17981231212615967,-0.19986267387866974,-0.10578102618455887,0.9368128776550293,0.1308537721633911,-0.045287322252988815,-0.22899818420410156,0.46750032901763916,-0.11052655428647995,-0.052930280566215515,-0.213762566447258,0.5366723537445068,0.11001835763454437,0.01214333064854145,-0.25576159358024597,0.33701804280281067,-0.08860732614994049,0.0017152184154838324,-0.23131722211837769,0.4086737334728241,0.06957260519266129,0.007154135033488274,-0.29824522137641907,0.415473610162735,-0.07193539291620255,0.0003356829402036965,-0.2657492756843567,0.4734768271446228,0.10262589901685715,-0.03588110953569412,-0.24972355365753174,0.3932541012763977,-0.09117148071527481,-0.038909848779439926,-0.22994308173656464,0.4599175751209259,0.10973166674375534,-0.007764806970953941,0.0004822962509933859,0.22327867150306702,-0.10825616866350174,0.0011798877967521548,0.0009526597568765283,0.2270260602235794,0.09435593336820602,-0.007667119614779949,-0.0750775933265686,0.08107232302427292,-0.07811764627695084,0.12482450902462006,-0.12465149909257889,0.08677877485752106,0.16849291324615479,0.32427555322647095,0.15076319873332977,0.024500422179698944,-0.07808635383844376,0.49635475873947144,0.16172420978546143,0.030611883848905563,0.17439410090446472,0.3468731641769409,0.1730383187532425,0.010749094188213348,-0.0766623243689537,0.519314706325531,0.2020425796508789,0.01365332305431366,0.21073944866657257,0.3259395956993103,-0.0498376227915287,0.025535212829709053,-0.09953249245882034,0.5294498801231384,0.02254272811114788,0.025457512587308884,111,3.703,,,,,,,,,,,,,,,,,,,,,,,,,,,,,,,,,,,,,,,,,,,,,,,,,,,,,,,,,,,,,,,,,,,,,,,,,,,,,,,,,,,,
0.002829852746799588,-0.6246363520622253,-0.31676241755485535,0.9997077584266663,0.02397453412413597,-0.6593794226646423,-0.3047008812427521,0.9994419813156128,0.02360483631491661,-0.658994734287262,-0.30643972754478455,0.9995197653770447,0.02394184283912182,-0.6588496565818787,-0.30468955636024475,0.9994574785232544,-0.016637222841382027,-0.6624097228050232,-0.30479487776756287,0.9994345903396606,-0.014552023261785507,-0.662925124168396,-0.30490052700042725,0.9995000958442688,-0.015209565870463848,-0.6619163155555725,-0.30106019973754883,0.9994192719459534,0.10210999101400375,-0.632271945476532,-0.19956035912036896,0.9993452429771423,-0.0612734891474247,-0.640645444393158,-0.1741466522216797,0.9993752241134644,0.026516785845160484,-0.591709315776825,-0.28507792949676514,0.9997920989990234,-0.020835326984524727,-0.5924078822135925,-0.2769833505153656,0.9997593760490417,0.18142034113407135,-0.4361189603805542,-0.14312340319156647,0.9995316863059998,-0.14532437920570374,-0.44237324595451355,-0.1259041130542755,0.9993742108345032,0.21049314737319946,-0.20534849166870117,-0.12783798575401306,0.9423786401748657,-0.18018782138824463,-0.20010748505592346,-0.10549066215753555,0.9353614449501038,0.13106875121593475,-0.04528152570128441,-0.22716374695301056,0.45891621708869934,-0.11133909970521927,-0.0538148432970047,-0.21236249804496765,0.5290406942367554,0.11036329716444016,0.012211739085614681,-0.2533426880836487,0.32967010140419006,-0.08950143307447433,0.0007627331069670618,-0.22963926196098328,0.40165814757347107,0.06999821960926056,0.007298184558749199,-0.2960459291934967,0.40907880663871765,-0.07267095893621445,-0.0005892872577533126,-0.26416873931884766,0.46745529770851135,0.10288801044225693,-0.03584517538547516,-0.24778299033641815,0.38656145334243774,-0.09195757657289505,-0.039803288877010345,-0.22852735221385956,0.4537021517753601,0.10960213094949722,-0.007781876251101494,0.00048276022425852716,0.22035163640975952,-0.1081208884716034,0.0011975821107625961,0.0009548196103423834,0.22324970364570618,0.09370232373476028,-0.005630939733237028,-0.07480678707361221,0.08195731788873672,-0.0781983733177185,0.12458383291959763,-0.12425612658262253,0.0879085436463356,0.16693735122680664,0.32639840245246887,0.15079891681671143,0.025033580139279366,-0.07812459766864777,0.4960470199584961,0.16143926978111267,0.0312589555978775,0.17265212535858154,0.3491857051849365,0.1730644255876541,0.01087878830730915,-0.07666707038879395,0.5189297199249268,0.2017330527305603,0.013853234238922596,0.20854857563972473,0.32780054211616516,-0.04972035437822342,0.026055332273244858,-0.0994843915104866,0.529066801071167,0.022476136684417725,0.025957919657230377,112,3.737,,,,,,,,,,,,,,,,,,,,,,,,,,,,,,,,,,,,,,,,,,,,,,,,,,,,,,,,,,,,,,,,,,,,,,,,,,,,,,,,,,,,
0.0018501139711588621,-0.6247497200965881,-0.3161300718784332,0.999700665473938,0.023175356909632683,-0.6595255732536316,-0.3041061460971832,0.9994296431541443,0.02280491031706333,-0.6591415405273438,-0.30584776401519775,0.9995093941688538,0.023140324279665947,-0.6589998602867126,-0.3040923774242401,0.99944669008255,-0.01743595115840435,-0.6625329852104187,-0.3041624128818512,0.9994207620620728,-0.015351787209510803,-0.6630532741546631,-0.30426740646362305,0.9994875192642212,-0.016009215265512466,-0.662043571472168,-0.30042508244514465,0.999404788017273,0.10181830823421478,-0.6325598955154419,-0.1991107165813446,0.999329686164856,-0.06161622703075409,-0.640925407409668,-0.1735202819108963,0.999355673789978,0.02569047547876835,-0.5918382406234741,-0.28445667028427124,0.9997861385345459,-0.021665558218955994,-0.5925242304801941,-0.2763231694698334,0.9997515082359314,0.181260883808136,-0.4363468587398529,-0.1428564041852951,0.9995288252830505,-0.14544591307640076,-0.44274887442588806,-0.12501558661460876,0.9993646144866943,0.2103966325521469,-0.20551641285419464,-0.12717653810977936,0.9419638514518738,-0.18038257956504822,-0.20054081082344055,-0.10373879224061966,0.9342985153198242,0.13127478957176208,-0.04528053104877472,-0.225350022315979,0.4551001489162445,-0.11138830333948135,-0.05412883684039116,-0.20884673297405243,0.5240321755409241,0.11072703450918198,0.012404946610331535,-0.25138410925865173,0.3254208266735077,-0.0895075872540474,0.0010045449016615748,-0.22593790292739868,0.3962137997150421,0.07052731513977051,0.007656328845769167,-0.2938928008079529,0.4058574438095093,-0.07254303246736526,-0.00019723719742614776,-0.26034027338027954,0.46283888816833496,0.10317608714103699,-0.03578723967075348,-0.24575547873973846,0.38315349817276,-0.09194864332675934,-0.040006134659051895,-0.2249288260936737,0.4491945803165436,0.10955904424190521,-0.007797206752002239,0.00045995472464710474,0.21962569653987885,-0.10807418823242188,0.0012141650076955557,0.0009792454075068235,0.22147947549819946,0.09375657886266708,-0.005205356981605291,-0.07487539201974869,0.0822274312376976,-0.07823015004396439,0.12320257723331451,-0.12416959553956985,0.08810977637767792,0.16651691496372223,0.326500803232193,0.15061958134174347,0.025308532640337944,-0.07795745879411697,0.4957672655582428,0.16063253581523895,0.03152642026543617,0.17216834425926208,0.3492244482040405,0.17276982963085175,0.01090491283684969,-0.07634704560041428,0.5186729431152344,0.20076870918273926,0.013912273570895195,0.2077854722738266,0.3276309370994568,-0.04973692446947098,0.026296449825167656,-0.09903565049171448,0.5281022787094116,0.021924523636698723,0.026155326515436172,113,3.77,,,,,,,,,,,,,,,,,,,,,,,,,,,,,,,,,,,,,,,,,,,,,,,,,,,,,,,,,,,,,,,,,,,,,,,,,,,,,,,,,,,,
0.0010008878307417035,-0.6248797178268433,-0.31581661105155945,0.9996975064277649,0.022455137223005295,-0.6596798300743103,-0.3038414716720581,0.9994235634803772,0.02208491787314415,-0.6592963933944702,-0.30558323860168457,0.9995043873786926,0.022418087348341942,-0.659157395362854,-0.30382734537124634,0.9994415640830994,-0.018145112320780754,-0.6626552939414978,-0.30386459827423096,0.9994136095046997,-0.016060391440987587,-0.6631798148155212,-0.30396947264671326,0.9994810819625854,-0.016717400401830673,-0.6621693968772888,-0.3001275360584259,0.9993972182273865,0.10147234052419662,-0.632827877998352,-0.19897571206092834,0.9993210434913635,-0.061950333416461945,-0.6411206126213074,-0.17323774099349976,0.9993438720703125,0.02493463270366192,-0.5919831395149231,-0.2841666638851166,0.9997825026512146,-0.022400086745619774,-0.5926413536071777,-0.27599459886550903,0.9997463822364807,0.1810767948627472,-0.4366181194782257,-0.14283141493797302,0.9995288848876953,-0.14560262858867645,-0.44296500086784363,-0.12455347180366516,0.999358057975769,0.21042145788669586,-0.20576944947242737,-0.12697653472423553,0.9418275952339172,-0.18056906759738922,-0.20069614052772522,-0.10305570811033249,0.9333416819572449,0.13207511603832245,-0.04518981650471687,-0.22457510232925415,0.4517993628978729,-0.1116422563791275,-0.05430082604289055,-0.2074994295835495,0.5193992853164673,0.1119437888264656,0.012822692282497883,-0.2504984140396118,0.32166266441345215,-0.0897679552435875,0.0012130661634728312,-0.2244686335325241,0.39127591252326965,0.07172204554080963,0.008410636335611343,-0.2930326759815216,0.40311166644096375,-0.07266999781131744,0.0002524900482967496,-0.2589506506919861,0.4586963355541229,0.10405286401510239,-0.0355583131313324,-0.2449195832014084,0.380212664604187,-0.09214595705270767,-0.040066346526145935,-0.2235868275165558,0.44512462615966797,0.10950039327144623,-0.007811900228261948,0.0004084356769453734,0.22030264139175415,-0.10801771283149719,0.0012318036751821637,0.0010320533765479922,0.22110624611377716,0.09359176456928253,-0.003683719551190734,-0.07489362359046936,0.08282662183046341,-0.07828066498041153,0.12307984381914139,-0.12390465289354324,0.08865965157747269,0.16606126725673676,0.3279187083244324,0.15018926560878754,0.0256961677223444,-0.07789776474237442,0.4956139028072357,0.1602027267217636,0.03193948045372963,0.17165866494178772,0.3506733775138855,0.17217755317687988,0.010957354679703712,-0.07622331380844116,0.5185052156448364,0.20022127032279968,0.014014702290296555,0.20674064755439758,0.32933902740478516,-0.0499165840446949,0.02666829153895378,-0.09900137037038803,0.5279402136802673,0.021745502948760986,0.026484910398721695,114,3.803,,,,,,,,,,,,,,,,,,,,,,,,,,,,,,,,,,,,,,,,,,,,,,,,,,,,,,,,,,,,,,,,,,,,,,,,,,,,,,,,,,,,
0.0007807070505805314,-0.6248028874397278,-0.31576746702194214,0.9996941089630127,0.022249065339565277,-0.6596195101737976,-0.30379152297973633,0.9994170665740967,0.021878477185964584,-0.6592363119125366,-0.30553314089775085,0.9994992613792419,0.02221120148897171,-0.6590983271598816,-0.3037761151790619,0.9994362592697144,-0.01833076775074005,-0.6625704169273376,-0.3038289248943329,0.9994056224822998,-0.01624593883752823,-0.6630980372428894,-0.30393269658088684,0.9994739294052124,-0.016903143376111984,-0.6620868444442749,-0.3000909984111786,0.9993886351585388,0.10140437632799149,-0.6328318119049072,-0.1989431232213974,0.9993127584457397,-0.06195895001292229,-0.6410890221595764,-0.1732080578804016,0.9993314146995544,0.02475031651556492,-0.5919360518455505,-0.2841266095638275,0.999779224395752,-0.022549349814653397,-0.5925752520561218,-0.27593696117401123,0.9997413754463196,0.18105630576610565,-0.4366290867328644,-0.1429140716791153,0.9995291829109192,-0.1455780565738678,-0.44298577308654785,-0.12445627897977829,0.9993507266044617,0.21050477027893066,-0.20573726296424866,-0.12698940932750702,0.9414883255958557,-0.18064787983894348,-0.20079153776168823,-0.10299720615148544,0.9321012496948242,0.13307535648345947,-0.04498514533042908,-0.2245643585920334,0.4474327862262726,-0.11168766766786575,-0.054481878876686096,-0.2073967009782791,0.5140518546104431,0.11339980363845825,0.013153070583939552,-0.2504708170890808,0.3173706829547882,-0.08981120586395264,0.0009938884759321809,-0.2244156152009964,0.3860380947589874,0.07324244827032089,0.008960997685790062,-0.2929800748825073,0.39960458874702454,-0.07267382740974426,7.02832912793383e-05,-0.2588651478290558,0.45409440994262695,0.10517697036266327,-0.03524887561798096,-0.24488244950771332,0.37663593888282776,-0.09218113869428635,-0.040239375084638596,-0.2234901636838913,0.4406556785106659,0.10938499122858047,-0.007826412096619606,0.0003226514963898808,0.22047263383865356,-0.1079007014632225,0.0012525798520073295,0.0011186905903741717,0.2204366773366928,0.09319067746400833,-0.0020880617666989565,-0.07496727257966995,0.0832977443933487,-0.07834597676992416,0.12302741408348083,-0.12360755354166031,0.08921635150909424,0.16561515629291534,0.3296595513820648,0.14982034265995026,0.026049841195344925,-0.07772808521986008,0.4959556758403778,0.1601329892873764,0.03234643116593361,0.17118529975414276,0.35253772139549255,0.17171217501163483,0.011035064235329628,-0.07597726583480835,0.5189196467399597,0.2001376897096634,0.01416858658194542,0.20525343716144562,0.33158013224601746,-0.05005102977156639,0.026975689455866814,-0.09893329441547394,0.528347909450531,0.021748164668679237,0.026770884171128273,115,3.837,,,,,,,,,,,,,,,,,,,,,,,,,,,,,,,,,,,,,,,,,,,,,,,,,,,,,,,,,,,,,,,,,,,,,,,,,,,,,,,,,,,,
0.00040158804040402174,-0.6246753334999084,-0.31557697057724,0.9996917843818665,0.0218892153352499,-0.6595156788825989,-0.3036426305770874,0.9994126558303833,0.021517304703593254,-0.65913325548172,-0.3053828775882721,0.9994958639144897,0.021848827600479126,-0.6589969396591187,-0.3036252558231354,0.9994332194328308,-0.018690522760152817,-0.662429928779602,-0.30366143584251404,0.9993994832038879,-0.016605036333203316,-0.6629605293273926,-0.30376729369163513,0.9994681477546692,-0.017263250425457954,-0.6619483232498169,-0.29992425441741943,0.9993818402290344,0.10115017741918564,-0.6328422427177429,-0.19881723821163177,0.9993074536323547,-0.062206096947193146,-0.6410561203956604,-0.17300692200660706,0.9993209838867188,0.024411289021372795,-0.5918706059455872,-0.2839188277721405,0.9997770190238953,-0.022885210812091827,-0.5924836993217468,-0.2757118046283722,0.9997376203536987,0.18083129823207855,-0.4367738664150238,-0.14282795786857605,0.9995324611663818,-0.14562885463237762,-0.443008691072464,-0.12375684082508087,0.9993460178375244,0.21057355403900146,-0.20577000081539154,-0.12674857676029205,0.941929042339325,-0.18075747787952423,-0.2008991539478302,-0.10211491584777832,0.9316689372062683,0.13323217630386353,-0.044933199882507324,-0.2242538034915924,0.4479231834411621,-0.11181042343378067,-0.054653625935316086,-0.20606619119644165,0.5124890208244324,0.11359412223100662,0.013227098621428013,-0.25027284026145935,0.3165077567100525,-0.08989298343658447,0.0007429049001075327,-0.22334876656532288,0.38355156779289246,0.07344616204500198,0.009059948846697807,-0.2925984263420105,0.3996065855026245,-0.07268818467855453,-0.00027780613163486123,-0.25751662254333496,0.45215362310409546,0.10536185652017593,-0.03518185764551163,-0.2444610446691513,0.37660107016563416,-0.09227080643177032,-0.0404621884226799,-0.2220744788646698,0.4389546513557434,0.10927984863519669,-0.007839675061404705,0.00021511715021915734,0.22196143865585327,-0.10779551416635513,0.00127970683388412,0.0012215700699016452,0.2210378497838974,0.09312260895967484,-0.0007851318223401904,-0.07520365715026855,0.08344817906618118,-0.07859212160110474,0.12297207117080688,-0.12342201918363571,0.08935865759849548,0.1651448905467987,0.3312430679798126,0.1490912139415741,0.02630470134317875,-0.07755178958177567,0.49621695280075073,0.15977400541305542,0.03259405866265297,0.17066428065299988,0.3541702628135681,0.17079780995845795,0.011090653948485851,-0.0756739005446434,0.5192782878875732,0.19964568316936493,0.014300640672445297,0.20383241772651672,0.3338858485221863,-0.05034823343157768,0.027163466438651085,-0.09873572736978531,0.5289497971534729,0.021592704579234123,0.026929056271910667,116,3.87,,,,,,,,,,,,,,,,,,,,,,,,,,,,,,,,,,,,,,,,,,,,,,,,,,,,,,,,,,,,,,,,,,,,,,,,,,,,,,,,,,,,
0.00010203873534919694,-0.6244423389434814,-0.3155345022678375,0.9996879696846008,0.02158423140645027,-0.6593067049980164,-0.303613543510437,0.9994043707847595,0.02121403068304062,-0.6589257717132568,-0.3053527772426605,0.9994893074035645,0.02154535800218582,-0.6587909460067749,-0.3035959005355835,0.9994258284568787,-0.018981773406267166,-0.6621741652488708,-0.3036404252052307,0.9993902444839478,-0.016895126551389694,-0.6627101302146912,-0.30374664068222046,0.9994602203369141,-0.017552945762872696,-0.6616970300674438,-0.29990389943122864,0.9993725419044495,0.10085128247737885,-0.632830023765564,-0.19883517920970917,0.9992960095405579,-0.062402158975601196,-0.6409541964530945,-0.1730303317308426,0.9993083477020264,0.024089423939585686,-0.5917357802391052,-0.2838808596134186,0.9997729063034058,-0.023166598752141,-0.5923076272010803,-0.27568966150283813,0.9997323155403137,0.18052569031715393,-0.4367833733558655,-0.14289222657680511,0.9995320439338684,-0.14571914076805115,-0.443006306886673,-0.1237151175737381,0.9993413090705872,0.2105979174375534,-0.2057410478591919,-0.1267423927783966,0.941460907459259,-0.18127058446407318,-0.20082895457744598,-0.10204676538705826,0.9307541251182556,0.1335664689540863,-0.04471062123775482,-0.2240442931652069,0.442448228597641,-0.11239463090896606,-0.05438634753227234,-0.20527561008930206,0.5071746110916138,0.11410942673683167,0.013421392068266869,-0.24999646842479706,0.31167933344841003,-0.09035681933164597,0.0008983671432361007,-0.22237102687358856,0.3785701096057892,0.07397738844156265,0.009305281564593315,-0.292315810918808,0.395235538482666,-0.07314130663871765,-7.819890743121505e-05,-0.2566077411174774,0.4476372301578522,0.10575684159994125,-0.03492564707994461,-0.2442372888326645,0.3721036911010742,-0.09284090995788574,-0.04020273685455322,-0.22126910090446472,0.4343927800655365,0.10908827185630798,-0.00787022802978754,0.0001541287056170404,0.22112725675106049,-0.10762457549571991,0.0013179732486605644,0.0012833703076466918,0.21992968022823334,0.09232071042060852,0.0011910878820344806,-0.07516367733478546,0.0841607078909874,-0.07869099825620651,0.12573020160198212,-0.12304120510816574,0.09035782516002655,0.16454848647117615,0.3331369459629059,0.14883296191692352,0.02670919895172119,-0.07760714739561081,0.49854445457458496,0.15958809852600098,0.03315885737538338,0.1700429618358612,0.356221467256546,0.17049169540405273,0.011188531294465065,-0.07574240118265152,0.5218209624290466,0.1993972659111023,0.01452077180147171,0.20270302891731262,0.3371252119541168,-0.05034468322992325,0.027551639825105667,-0.09928152710199356,0.5321683287620544,0.021583056077361107,0.027354352176189423,117,3.903,,,,,,,,,,,,,,,,,,,,,,,,,,,,,,,,,,,,,,,,,,,,,,,,,,,,,,,,,,,,,,,,,,,,,,,,,,,,,,,,,,,,
2.5724841179908253e-05,-0.6242982149124146,-0.31549423933029175,0.9996853470802307,0.021482478827238083,-0.6591918468475342,-0.30357325077056885,0.9993986487388611,0.021112874150276184,-0.6588115692138672,-0.3053123652935028,0.999484658241272,0.021444397047162056,-0.6586782336235046,-0.30355510115623474,0.9994204640388489,-0.019070949405431747,-0.6620261073112488,-0.30360785126686096,0.9993839859962463,-0.016983525827527046,-0.6625662446022034,-0.3037148416042328,0.9994547963142395,-0.01764054410159588,-0.661552906036377,-0.2998720705509186,0.9993664622306824,0.100654236972332,-0.6328417658805847,-0.19880668818950653,0.9992865324020386,-0.0625213012099266,-0.6409242749214172,-0.17307402193546295,0.9993000626564026,0.023970142006874084,-0.5916675329208374,-0.2838432490825653,0.9997694492340088,-0.023263761773705482,-0.5922085046768188,-0.27566230297088623,0.9997282028198242,0.18027977645397186,-0.43686559796333313,-0.14287972450256348,0.9995307922363281,-0.1458752155303955,-0.44302311539649963,-0.12367686629295349,0.9993367791175842,0.21060925722122192,-0.2057408094406128,-0.126710906624794,0.9410348534584045,-0.18211056292057037,-0.20086106657981873,-0.10206856578588486,0.9300593137741089,0.13377124071121216,-0.044604863971471786,-0.22396817803382874,0.4383222460746765,-0.11311602592468262,-0.05424090474843979,-0.20524421334266663,0.5032563805580139,0.11442068219184875,0.013530123978853226,-0.24992024898529053,0.3079620897769928,-0.09093746542930603,0.000990666332654655,-0.22237148880958557,0.3747173845767975,0.07439830154180527,0.009408283978700638,-0.2922118902206421,0.39195963740348816,-0.07369757443666458,-6.2886334490031e-05,-0.2565789222717285,0.44421449303627014,0.10603813827037811,-0.034806326031684875,-0.24415788054466248,0.36866429448127747,-0.0935293510556221,-0.040091291069984436,-0.22121590375900269,0.43086355924606323,0.10897523909807205,-0.007915710099041462,0.0001324676413787529,0.22026854753494263,-0.10753165185451508,0.0013585948618128896,0.0013065747916698456,0.21871282160282135,0.09188354015350342,0.0020391668658703566,-0.07490003854036331,0.08497065305709839,-0.07895854115486145,0.12735339999198914,-0.12275392562150955,0.09128954261541367,0.16395387053489685,0.33335262537002563,0.14874045550823212,0.027100151404738426,-0.07777327299118042,0.49896588921546936,0.15940400958061218,0.033619679510593414,0.16940079629421234,0.35638427734375,0.17034953832626343,0.011283021420240402,-0.07589517533779144,0.5222117304801941,0.19910703599452972,0.014690220355987549,0.20216411352157593,0.33755454421043396,-0.050339337438344955,0.02796025760471821,-0.09968794137239456,0.5331832766532898,0.021524641662836075,0.02774999663233757,118,3.937,,,,,,,,,,,,,,,,,,,,,,,,,,,,,,,,,,,,,,,,,,,,,,,,,,,,,,,,,,,,,,,,,,,,,,,,,,,,,,,,,,,,
-0.0004042510408908129,-0.6242080926895142,-0.31545940041542053,0.9996840953826904,0.021086949855089188,-0.6591107249259949,-0.3035392761230469,0.9993960857391357,0.02071695402264595,-0.6587294936180115,-0.3052785098552704,0.9994826316833496,0.021046502515673637,-0.6585962176322937,-0.30352118611335754,0.9994182586669922,-0.019471043720841408,-0.6619371175765991,-0.3035801351070404,0.9993811845779419,-0.017383508384227753,-0.6624771952629089,-0.30368736386299133,0.9994523525238037,-0.018042296171188354,-0.66146320104599,-0.29984450340270996,0.9993633031845093,0.10033253580331802,-0.6328278183937073,-0.1987820714712143,0.9992830753326416,-0.06284891068935394,-0.6408838629722595,-0.1730649471282959,0.9992952346801758,0.023552116006612778,-0.5915857553482056,-0.283810019493103,0.9997682571411133,-0.02368830144405365,-0.5921221971511841,-0.2756395637989044,0.9997264742851257,0.18000037968158722,-0.43686842918395996,-0.14289136230945587,0.9995296001434326,-0.14606864750385284,-0.443032443523407,-0.12357667833566666,0.999332070350647,0.2103833705186844,-0.20569638907909393,-0.12676233053207397,0.9411188960075378,-0.18217255175113678,-0.20091603696346283,-0.10210206359624863,0.9296442270278931,0.1338249295949936,-0.04468044266104698,-0.2239893674850464,0.4370269477367401,-0.11298181116580963,-0.05432571470737457,-0.20534780621528625,0.5007330179214478,0.114547960460186,0.01340880710631609,-0.24996334314346313,0.30565133690834045,-0.09073349088430405,0.0008739392505958676,-0.2224816083908081,0.37119224667549133,0.07468992471694946,0.009318835102021694,-0.2922271490097046,0.39019161462783813,-0.07345454394817352,-0.00020549570035655051,-0.2566758990287781,0.44101524353027344,0.10615471005439758,-0.03488464653491974,-0.24416890740394592,0.3669629991054535,-0.09335923194885254,-0.04018254205584526,-0.22131089866161346,0.4280051290988922,0.10894285887479782,-0.007953447289764881,8.045956928981468e-05,0.21930763125419617,-0.10749842971563339,0.0014123701257631183,0.0013544759713113308,0.21740896999835968,0.09191837161779404,0.0015844095032662153,-0.07529357075691223,0.08445843309164047,-0.07907543331384659,0.12577681243419647,-0.12271629273891449,0.09067319333553314,0.16409707069396973,0.33266735076904297,0.1486181616783142,0.02702992409467697,-0.07755187153816223,0.4983455240726471,0.15947408974170685,0.03345783054828644,0.16956743597984314,0.3555465340614319,0.1702100932598114,0.0112402169033885,-0.0755615085363388,0.5216077566146851,0.19921135902404785,0.014657505787909031,0.2021988183259964,0.3366695046424866,-0.050526272505521774,0.027838150039315224,-0.0993243083357811,0.5325761437416077,0.021518530324101448,0.02757863886654377,119,3.97,,,,,,,,,,,,,,,,,,,,,,,,,,,,,,,,,,,,,,,,,,,,,,,,,,,,,,,,,,,,,,,,,,,,,,,,,,,,,,,,,,,,
-0.0005814257310703397,-0.624120831489563,-0.31540271639823914,0.9996799230575562,0.020895348861813545,-0.6590370535850525,-0.30349060893058777,0.9993889331817627,0.02052449993789196,-0.6586552858352661,-0.3052290380001068,0.9994766712188721,0.020854275673627853,-0.6585229635238647,-0.30347001552581787,0.9994120597839355,-0.01964627392590046,-0.6618549823760986,-0.3035503029823303,0.9993732571601868,-0.01755930669605732,-0.6623961925506592,-0.30365923047065735,0.9994451403617859,-0.018218422308564186,-0.6613819599151611,-0.2998158931732178,0.9993549585342407,0.1000485047698021,-0.632826566696167,-0.1987319141626358,0.9992743730545044,-0.06306309252977371,-0.6408651471138,-0.1730630248785019,0.9992841482162476,0.02333531156182289,-0.5915207862854004,-0.28374484181404114,0.999765157699585,-0.023888269439339638,-0.5920529365539551,-0.2756047546863556,0.999722421169281,0.17962664365768433,-0.43688783049583435,-0.14278195798397064,0.999527096748352,-0.1461992859840393,-0.44305315613746643,-0.12347746640443802,0.9993242621421814,0.20996904373168945,-0.20566275715827942,-0.1264839619398117,0.9408583641052246,-0.182222381234169,-0.20096105337142944,-0.1019519716501236,0.9289388060569763,0.13385049998760223,-0.04470858722925186,-0.22367432713508606,0.4353092312812805,-0.11295080929994583,-0.05441330373287201,-0.20512792468070984,0.49781253933906555,0.11463981121778488,0.013336682692170143,-0.2497108429670334,0.30354586243629456,-0.09070917963981628,0.0007677198154851794,-0.22236058115959167,0.3678434193134308,0.07501242309808731,0.009244061075150967,-0.29186129570007324,0.38851842284202576,-0.07342132925987244,-0.00031503199716098607,-0.2564697861671448,0.43793046474456787,0.1062508299946785,-0.03492039814591408,-0.24381744861602783,0.36531907320022583,-0.09333224594593048,-0.04027395322918892,-0.22108398377895355,0.4251193702220917,0.10890977829694748,-0.007980909198522568,6.128719542175531e-05,0.2177448868751526,-0.10746501386165619,0.001443522865884006,0.001373424893245101,0.21542353928089142,0.09201934933662415,0.0010412388946861029,-0.07545338571071625,0.08400870859622955,-0.07919465750455856,0.123873271048069,-0.12270539253950119,0.09014324098825455,0.16415853798389435,0.3312881886959076,0.14861370623111725,0.026950640603899956,-0.07731943577528,0.497010737657547,0.1594570428133011,0.033295873552560806,0.16963237524032593,0.3539223372936249,0.1702040135860443,0.011212864890694618,-0.07519124448299408,0.520144522190094,0.19919735193252563,0.01464632898569107,0.20227175951004028,0.33451327681541443,-0.05053863301873207,0.027731653302907944,-0.09867186099290848,0.5310505032539368,0.02144649624824524,0.027441566810011864,120,4.004,,,,,,,,,,,,,,,,,,,,,,,,,,,,,,,,,,,,,,,,,,,,,,,,,,,,,,,,,,,,,,,,,,,,,,,,,,,,,,,,,,,,
-0.0009667936246842146,-0.6240882873535156,-0.3146537244319916,0.9996755123138428,0.020430218428373337,-0.6590061187744141,-0.302755743265152,0.9993821382522583,0.020058000460267067,-0.6586244106292725,-0.3044903576374054,0.9994707703590393,0.020386919379234314,-0.6584922671318054,-0.30272048711776733,0.9994065165519714,-0.020061083137989044,-0.6618213057518005,-0.30291301012039185,0.999365508556366,-0.017974089831113815,-0.6623625755310059,-0.30303823947906494,0.9994378089904785,-0.018635202199220657,-0.6613482236862183,-0.29918915033340454,0.9993467330932617,0.09938681870698929,-0.6329067945480347,-0.19801615178585052,0.9992673993110657,-0.06354666501283646,-0.6408627033233643,-0.1727604866027832,0.9992735981941223,0.02292502671480179,-0.5914933681488037,-0.2829774022102356,0.9997622966766357,-0.024263400584459305,-0.5920220017433167,-0.2749890983104706,0.9997184872627258,0.1790391057729721,-0.4370518624782562,-0.14197929203510284,0.9995249509811401,-0.14631867408752441,-0.4430831968784332,-0.12273985147476196,0.9993152618408203,0.20954683423042297,-0.20565561950206757,-0.12564992904663086,0.9413026571273804,-0.18210354447364807,-0.20100411772727966,-0.10150125622749329,0.9288107752799988,0.13381709158420563,-0.04475726559758186,-0.22274057567119598,0.43924182653427124,-0.11293694376945496,-0.05447642505168915,-0.20465373992919922,0.4990970492362976,0.11461631208658218,0.013241110369563103,-0.24902456998825073,0.30539920926094055,-0.09071435779333115,0.0007027243264019489,-0.22219306230545044,0.367644727230072,0.07506516575813293,0.009092607535421848,-0.2907654941082001,0.39090314507484436,-0.07344331592321396,-0.0005213934346102178,-0.25605717301368713,0.4379318058490753,0.10627247393131256,-0.035000428557395935,-0.24272994697093964,0.367872029542923,-0.09331738948822021,-0.04035327956080437,-0.22055555880069733,0.42554768919944763,0.10887229442596436,-0.007995984517037868,4.5874232455389574e-05,0.218307763338089,-0.10742933303117752,0.0014643872855231166,0.0013854983262717724,0.21536171436309814,0.09248259663581848,0.0009815315715968609,-0.07546703517436981,0.08333372324705124,-0.07939965277910233,0.12140549719333649,-0.12252942472696304,0.08944109827280045,0.16414116322994232,0.33074840903282166,0.14881372451782227,0.026784472167491913,-0.07686743140220642,0.4956192970275879,0.15945735573768616,0.03305845707654953,0.16960707306861877,0.3532230257987976,0.170352503657341,0.011156680062413216,-0.07447259873151779,0.518744945526123,0.19918422400951385,0.014606458134949207,0.20227453112602234,0.3338416814804077,-0.04984919726848602,0.027512790635228157,-0.09724535048007965,0.5299133658409119,0.021421806886792183,0.02722645364701748,121,4.037,,,,,,,,,,,,,,,,,,,,,,,,,,,,,,,,,,,,,,,,,,,,,,,,,,,,,,,,,,,,,,,,,,,,,,,,,,,,,,,,,,,,
-0.0012763985432684422,-0.6240257024765015,-0.3148120939731598,0.999680757522583,0.02008494921028614,-0.6589744687080383,-0.30285900831222534,0.999391496181488,0.019712116569280624,-0.6585904359817505,-0.3045952022075653,0.9994789361953735,0.02003907412290573,-0.6584572792053223,-0.3028241991996765,0.999415934085846,-0.020488496869802475,-0.6617629528045654,-0.3030635118484497,0.9993754029273987,-0.01840451918542385,-0.6623023152351379,-0.30319008231163025,0.9994465708732605,-0.01906398870050907,-0.6612865924835205,-0.29934021830558777,0.9993564486503601,0.09905173629522324,-0.6329100728034973,-0.1980285346508026,0.9992790818214417,-0.06429782509803772,-0.6407642960548401,-0.17286697030067444,0.9992841482162476,0.0226312093436718,-0.5914360284805298,-0.28308573365211487,0.99976646900177,-0.024659529328346252,-0.591924786567688,-0.2751431167125702,0.9997227191925049,0.17890428006649017,-0.43715882301330566,-0.14210335910320282,0.9995317459106445,-0.1469113975763321,-0.44296225905418396,-0.12300626933574677,0.9993199110031128,0.20976507663726807,-0.20609143376350403,-0.12593039870262146,0.9415395259857178,-0.18256409466266632,-0.2010210156440735,-0.10242880135774612,0.9290108680725098,0.13383179903030396,-0.04526427388191223,-0.22365327179431915,0.4372219145298004,-0.11292702704668045,-0.054545775055885315,-0.20653344690799713,0.4972173273563385,0.11452910304069519,0.012897670269012451,-0.24983781576156616,0.30260956287384033,-0.09064885228872299,0.0006377965328283608,-0.22377623617649078,0.3647973835468292,0.07486539334058762,0.008902646601200104,-0.29161766171455383,0.38865116238594055,-0.0733843520283699,-0.0005661873728968203,-0.2578621804714203,0.4355570673942566,0.1062716469168663,-0.03538162261247635,-0.24361339211463928,0.36560899019241333,-0.0933031365275383,-0.04042883589863777,-0.22256530821323395,0.4232803285121918,0.10887236148118973,-0.008066943846642971,6.997946184128523e-05,0.21538656949996948,-0.10741383582353592,0.0015401686541736126,0.0013658744283020496,0.21250633895397186,0.09249850362539291,-0.00559284957125783,-0.07553315907716751,0.08264964073896408,-0.08014202862977982,0.11586624383926392,-0.12266422063112259,0.08880610764026642,0.16412802040576935,0.32316693663597107,0.15278397500514984,0.026589907705783844,-0.07820238918066025,0.49370715022087097,0.1623111218214035,0.03289322927594185,0.16959550976753235,0.34501349925994873,0.1750696897506714,0.011083557270467281,-0.07579893618822098,0.5165839791297913,0.20317715406417847,0.014501947909593582,0.20236799120903015,0.3222401440143585,-0.048352550715208054,0.027281248942017555,-0.09794836491346359,0.5262502431869507,0.02284291200339794,0.027001265436410904,122,4.07,,,,,,,,,,,,,,,,,,,,,,,,,,,,,,,,,,,,,,,,,,,,,,,,,,,,,,,,,,,,,,,,,,,,,,,,,,,,,,,,,,,,
-0.0014522041892632842,-0.6239702701568604,-0.3149223327636719,0.9996845722198486,0.01980411633849144,-0.6589497923851013,-0.3029223680496216,0.9993985891342163,0.01943105272948742,-0.658566415309906,-0.30466121435165405,0.9994848370552063,0.01975804567337036,-0.6584329605102539,-0.3028886318206787,0.9994224309921265,-0.020811576396226883,-0.6617104411125183,-0.30321070551872253,0.9993835687637329,-0.018729086965322495,-0.662248432636261,-0.3033393621444702,0.9994539618492126,-0.01938607357442379,-0.6612316966056824,-0.2994895577430725,0.9993646144866943,0.09852015227079391,-0.632928192615509,-0.19802013039588928,0.9992871880531311,-0.06517033278942108,-0.640657901763916,-0.17316940426826477,0.9992941617965698,0.022397130727767944,-0.5913951992988586,-0.28314879536628723,0.999769389629364,-0.02495758980512619,-0.5918310284614563,-0.2753116488456726,0.9997260570526123,0.17866231501102448,-0.4373611807823181,-0.14210769534111023,0.9995343089103699,-0.1478341966867447,-0.4428859055042267,-0.1237352043390274,0.9993218183517456,0.20979422330856323,-0.2067480832338333,-0.12624581158161163,0.9410638213157654,-0.18309545516967773,-0.2010788917541504,-0.105160191655159,0.9290265440940857,0.13370577991008759,-0.04596668481826782,-0.22568181157112122,0.433053582906723,-0.11289827525615692,-0.054778046905994415,-0.21207872033119202,0.49457964301109314,0.11407149583101273,0.012394568882882595,-0.25198596715927124,0.2987176179885864,-0.09050187468528748,0.00046247633872553706,-0.2294231653213501,0.3617957830429077,0.0742010548710823,0.008505905978381634,-0.2938353419303894,0.3850697875022888,-0.07324931025505066,-0.0006886956398375332,-0.26370909810066223,0.4329979121685028,0.10602447390556335,-0.03596441075205803,-0.24572037160396576,0.36195477843284607,-0.09325122088193893,-0.04061373695731163,-0.2282392680644989,0.4206080436706543,0.10888804495334625,-0.00814620777964592,0.0002526046009734273,0.21213775873184204,-0.10741719603538513,0.0016042465576902032,0.0011982728028669953,0.2093885987997055,0.09244318306446075,-0.010081369429826736,-0.07545457035303116,0.08195529878139496,-0.08084677904844284,0.11318042129278183,-0.12295198440551758,0.08819081634283066,0.16384229063987732,0.3175853490829468,0.15560945868492126,0.026349971070885658,-0.08025171607732773,0.4910072684288025,0.16301637887954712,0.032704561948776245,0.16930478811264038,0.33907657861709595,0.17825329303741455,0.011015238240361214,-0.07788801938295364,0.5135238170623779,0.2041725516319275,0.014380429871380329,0.20247666537761688,0.31463849544525146,-0.04693806543946266,0.02707323431968689,-0.09888435155153275,0.522428572177887,0.022912589833140373,0.026816971600055695,123,4.104,,,,,,,,,,,,,,,,,,,,,,,,,,,,,,,,,,,,,,,,,,,,,,,,,,,,,,,,,,,,,,,,,,,,,,,,,,,,,,,,,,,,
-0.0017100943950936198,-0.6238583922386169,-0.31512847542762756,0.9996851086616516,0.019475223496556282,-0.658870279788971,-0.3031194806098938,0.9993998408317566,0.019100774079561234,-0.658484160900116,-0.30486568808555603,0.9994857907295227,0.019429827108979225,-0.6583502888679504,-0.3030902147293091,0.9994238615036011,-0.021163880825042725,-0.6615979671478271,-0.3034452497959137,0.9993855953216553,-0.01908477023243904,-0.662135899066925,-0.30357155203819275,0.9994558095932007,-0.019738586619496346,-0.6611182689666748,-0.2997209131717682,0.9993665814399719,0.09817150235176086,-0.6329196095466614,-0.19815151393413544,0.9992886185646057,-0.06565698236227036,-0.6405263543128967,-0.17345380783081055,0.9992954134941101,0.02213253639638424,-0.5913081765174866,-0.28333166241645813,0.9997695684432983,-0.02525423839688301,-0.591701328754425,-0.2755427360534668,0.9997258186340332,0.17849743366241455,-0.43742290139198303,-0.14232899248600006,0.9995328783988953,-0.14818842709064484,-0.4428318440914154,-0.12412692606449127,0.9993162751197815,0.209787517786026,-0.20694176852703094,-0.12705446779727936,0.9402698874473572,-0.18311192095279694,-0.20110999047756195,-0.1062963679432869,0.9280946254730225,0.13313937187194824,-0.04660238325595856,-0.22779139876365662,0.4282374978065491,-0.11258387565612793,-0.05526116117835045,-0.21464793384075165,0.48984459042549133,0.112984299659729,0.011754881590604782,-0.2540949285030365,0.2949174642562866,-0.09008205682039261,-0.0001347191573586315,-0.23203988373279572,0.3578428030014038,0.07301954180002213,0.007836212404072285,-0.2958773374557495,0.3814685046672821,-0.07296847552061081,-0.0013079153141006827,-0.266364723443985,0.4293627142906189,0.1053018793463707,-0.036582667380571365,-0.24781464040279388,0.3582009971141815,-0.09295331686735153,-0.04109268635511398,-0.2308783382177353,0.41684243083000183,0.10888981819152832,-0.008200982585549355,0.00033902822178788483,0.20799721777439117,-0.1074080616235733,0.0016424435889348388,0.0011257145088165998,0.20538099110126495,0.09233269840478897,-0.013246350921690464,-0.07546356320381165,0.08153168112039566,-0.08145894855260849,0.1108204573392868,-0.12327564507722855,0.0878513753414154,0.16319437325000763,0.3139723241329193,0.1567612588405609,0.026199182495474815,-0.08199308067560196,0.4889998435974121,0.16307306289672852,0.032631248235702515,0.16859178245067596,0.3353746235370636,0.17957521975040436,0.01098631415516138,-0.07967635989189148,0.5112088322639465,0.20429569482803345,0.014318260364234447,0.2024151235818863,0.30987370014190674,-0.04651390761137009,0.02694808319211006,-0.09999168664216995,0.5193701386451721,0.022844882681965828,0.026729874312877655,124,4.137,,,,,,,,,,,,,,,,,,,,,,,,,,,,,,,,,,,,,,,,,,,,,,,,,,,,,,,,,,,,,,,,,,,,,,,,,,,,,,,,,,,,
-0.0018818466924130917,-0.6237984299659729,-0.3151227533817291,0.9996834397315979,0.019249202683568,-0.6588314771652222,-0.30311131477355957,0.9993974566459656,0.018874071538448334,-0.6584439277648926,-0.3048577904701233,0.9994835257530212,0.019204111769795418,-0.6583103537559509,-0.30308204889297485,0.999422013759613,-0.021411430090665817,-0.6615366339683533,-0.3034481406211853,0.9993838667869568,-0.019334224984049797,-0.6620750427246094,-0.3035746216773987,0.9994542598724365,-0.019985737279057503,-0.6610569357872009,-0.299723744392395,0.9993647933006287,0.09780934453010559,-0.6329386234283447,-0.19807636737823486,0.9992853999137878,-0.0661652535200119,-0.6404896974563599,-0.17347310483455658,0.9992918968200684,0.021921077743172646,-0.5912773609161377,-0.28331851959228516,0.9997677206993103,-0.02549794316291809,-0.5916463136672974,-0.2755432724952698,0.9997232556343079,0.17815639078617096,-0.4376714527606964,-0.14228464663028717,0.9995286464691162,-0.14859765768051147,-0.44281822443008423,-0.12413199990987778,0.9993047714233398,0.2097204625606537,-0.20725680887699127,-0.1271260678768158,0.9396229386329651,-0.1830921322107315,-0.2011234015226364,-0.10648491978645325,0.9271212220191956,0.1324479579925537,-0.047085076570510864,-0.22828616201877594,0.4249388575553894,-0.1124042421579361,-0.0554199256002903,-0.21500428020954132,0.4855748414993286,0.11193402856588364,0.011252257041633129,-0.2546525299549103,0.2922022044658661,-0.08990083634853363,-0.00037840750883333385,-0.23246754705905914,0.35425108671188354,0.071942538022995,0.0072946930304169655,-0.29631441831588745,0.3789476454257965,-0.07289396971464157,-0.001642071409150958,-0.2667251229286194,0.4259946644306183,0.10452280938625336,-0.037065159529447556,-0.24828219413757324,0.3556283712387085,-0.09281320124864578,-0.041281405836343765,-0.23122723400592804,0.4134898781776428,0.10888589173555374,-0.008268828503787518,0.0004285175818949938,0.20424386858940125,-0.10739803314208984,0.0016934411833062768,0.0010454512666910887,0.20159736275672913,0.09229333698749542,-0.014583160169422626,-0.07547566294670105,0.08090616762638092,-0.08204983174800873,0.10980018973350525,-0.12360384315252304,0.08729612827301025,0.16245831549167633,0.3123278021812439,0.15702180564403534,0.025987640023231506,-0.08327163755893707,0.48785892128944397,0.16290722787380219,0.03245621919631958,0.16777010262012482,0.3336823582649231,0.17983360588550568,0.01093481108546257,-0.08094312995672226,0.5099271535873413,0.2041623294353485,0.01422739028930664,0.2022872120141983,0.30832573771476746,-0.046367060393095016,0.026760989800095558,-0.10065283626317978,0.5181421637535095,0.022104747593402863,0.02657412365078926,125,4.17,,,,,,,,,,,,,,,,,,,,,,,,,,,,,,,,,,,,,,,,,,,,,,,,,,,,,,,,,,,,,,,,,,,,,,,,,,,,,,,,,,,,
-0.0018834946677088737,-0.6237664222717285,-0.3151579201221466,0.9996805191040039,0.019239909946918488,-0.6588065028190613,-0.3031281530857086,0.999393105506897,0.018864769488573074,-0.6584190130233765,-0.3048766553401947,0.9994797110557556,0.019195089116692543,-0.6582854986190796,-0.3031003177165985,0.9994179010391235,-0.021422749385237694,-0.6614965200424194,-0.3035268485546112,0.9993801116943359,-0.019345872104167938,-0.6620354056358337,-0.3036518692970276,0.9994509816169739,-0.01999686285853386,-0.6610168814659119,-0.29980066418647766,0.9993609189987183,0.09761597961187363,-0.6329632997512817,-0.19803644716739655,0.9992799758911133,-0.06642843782901764,-0.6404417753219604,-0.1736946702003479,0.9992876648902893,0.02189420908689499,-0.5912509560585022,-0.2833200693130493,0.9997653365135193,-0.025531752035021782,-0.5916106700897217,-0.2756165564060211,0.9997204542160034,0.177839457988739,-0.43788450956344604,-0.14211171865463257,0.9995239973068237,-0.14898118376731873,-0.4428148567676544,-0.1245313435792923,0.9992958903312683,0.20940810441970825,-0.20759128034114838,-0.12708783149719238,0.9381064176559448,-0.18309220671653748,-0.201163649559021,-0.10733483731746674,0.9261112213134766,0.131942018866539,-0.04743383824825287,-0.2286325842142105,0.4184279441833496,-0.11208705604076385,-0.05554725229740143,-0.21618640422821045,0.4803161323070526,0.1112881749868393,0.010882352478802204,-0.25509998202323914,0.2876625955104828,-0.08955711871385574,-0.0005892337067052722,-0.23370689153671265,0.3503361642360687,0.07135564088821411,0.006922715809196234,-0.2967730462551117,0.3743688762187958,-0.07267186045646667,-0.0018528064247220755,-0.26795899868011475,0.42232823371887207,0.10399629175662994,-0.037388380616903305,-0.24869216978549957,0.35095855593681335,-0.09253465384244919,-0.041397564113140106,-0.23241910338401794,0.40959060192108154,0.10887985676527023,-0.00832382682710886,0.000640565762296319,0.20005770027637482,-0.10738790780305862,0.0017235741252079606,0.0008528295438736677,0.19745826721191406,0.09211838990449905,-0.015428603626787663,-0.07523129135370255,0.08026261627674103,-0.08240151405334473,0.10964678972959518,-0.12383407354354858,0.0867396742105484,0.16187679767608643,0.3109424114227295,0.15805673599243164,0.02573067508637905,-0.08433601260185242,0.48695895075798035,0.1628139466047287,0.032270681113004684,0.16714923083782196,0.33225926756858826,0.18098439276218414,0.010879571549594402,-0.08205310255289078,0.5088698863983154,0.20411266386508942,0.014142622239887714,0.2022896707057953,0.3067159652709961,-0.04541779309511185,0.026572568342089653,-0.10126978904008865,0.5170385241508484,0.0217959675937891,0.026447666808962822,126,4.204,,,,,,,,,,,,,,,,,,,,,,,,,,,,,,,,,,,,,,,,,,,,,,,,,,,,,,,,,,,,,,,,,,,,,,,,,,,,,,,,,,,,
-0.001890059793367982,-0.6235889196395874,-0.3156375288963318,0.9996747374534607,0.01922159641981125,-0.6586522459983826,-0.3035394549369812,0.9993835687637329,0.018846428021788597,-0.6582624316215515,-0.30529943108558655,0.9994716048240662,0.019177790731191635,-0.6581286191940308,-0.3035236895084381,0.9994087815284729,-0.02145557478070259,-0.6613078713417053,-0.3040737807750702,0.9993710517883301,-0.019379856064915657,-0.6618495583534241,-0.3041866719722748,0.9994432330131531,-0.020028963685035706,-0.6608296036720276,-0.30033770203590393,0.9993518590927124,0.09745659679174423,-0.6329469084739685,-0.19816578924655914,0.9992684721946716,-0.0667615458369255,-0.6403099894523621,-0.174327090382576,0.9992772936820984,0.02185089699923992,-0.5911535620689392,-0.28368034958839417,0.9997608065605164,-0.025596430525183678,-0.5914700031280518,-0.27615490555763245,0.9997148513793945,0.17764607071876526,-0.43797776103019714,-0.14219649136066437,0.9995161294937134,-0.1496596783399582,-0.4428146779537201,-0.12538039684295654,0.9992820024490356,0.20935022830963135,-0.20814098417758942,-0.12755335867404938,0.9359381794929504,-0.18316267430782318,-0.20134036242961884,-0.1083206832408905,0.9244838356971741,0.1307542622089386,-0.04831280559301376,-0.23109792172908783,0.4081394672393799,-0.11198817193508148,-0.05594487488269806,-0.21776773035526276,0.4719071686267853,0.10942208766937256,0.009822990745306015,-0.25771355628967285,0.28084897994995117,-0.08938220143318176,-0.0012569710379466414,-0.23509269952774048,0.3445039391517639,0.06918630748987198,0.0056454394944012165,-0.29938262701034546,0.3671766221523285,-0.07264184206724167,-0.00244901399128139,-0.2696129083633423,0.4166985750198364,0.10253268480300903,-0.03829711303114891,-0.2512846887111664,0.3435264825820923,-0.09247469902038574,-0.041740499436855316,-0.23409713804721832,0.4034588038921356,0.10889484733343124,-0.008412583731114864,0.0007811413379386067,0.1936897188425064,-0.10739501565694809,0.0017600286519154906,0.0007397917797788978,0.19128137826919556,0.09174623340368271,-0.017010599374771118,-0.07519181072711945,0.08020752668380737,-0.08298587054014206,0.10974448174238205,-0.1246049553155899,0.08669601380825043,0.1616753339767456,0.3070927560329437,0.15882734954357147,0.025532778352499008,-0.08645027875900269,0.48642030358314514,0.1627391278743744,0.03218648210167885,0.1669314205646515,0.3281244933605194,0.18202796578407288,0.010839661583304405,-0.08438872545957565,0.5080618858337402,0.2040553241968155,0.014077908359467983,0.2024916708469391,0.3016868531703949,-0.04520349204540253,0.026475774124264717,-0.10355746001005173,0.5161893367767334,0.021535133942961693,0.02641253173351288,127,4.237,,,,,,,,,,,,,,,,,,,,,,,,,,,,,,,,,,,,,,,,,,,,,,,,,,,,,,,,,,,,,,,,,,,,,,,,,,,,,,,,,,,,
-0.0018850888591259718,-0.6233546137809753,-0.31631848216056824,0.9996651411056519,0.0192129984498024,-0.6584369540214539,-0.3042358458042145,0.9993685483932495,0.018837761133909225,-0.6580460667610168,-0.30602043867111206,0.9994587302207947,0.019169531762599945,-0.6579130291938782,-0.30424344539642334,0.9993945360183716,-0.021464962512254715,-0.6610724329948425,-0.3048490285873413,0.9993553161621094,-0.019389620050787926,-0.66162109375,-0.30493858456611633,0.9994291067123413,-0.02003827877342701,-0.6606007218360901,-0.3010926842689514,0.999335765838623,0.0974031314253807,-0.6328827738761902,-0.19872313737869263,0.9992485642433167,-0.06684400886297226,-0.6401768922805786,-0.17531582713127136,0.99925696849823,0.02183837629854679,-0.5910096168518066,-0.2843303978443146,0.9997523427009583,-0.02560962177813053,-0.5912984013557434,-0.27693629264831543,0.9997041821479797,0.1775829792022705,-0.4379931688308716,-0.14263677597045898,0.9995015859603882,-0.14999771118164062,-0.4428454339504242,-0.12630604207515717,0.9992575645446777,0.20915751159191132,-0.20836739242076874,-0.12832050025463104,0.9324933290481567,-0.18321609497070312,-0.20185089111328125,-0.1088692769408226,0.9215437173843384,0.1299203783273697,-0.04885071516036987,-0.23371155560016632,0.3959013819694519,-0.11186936497688293,-0.056887321174144745,-0.21861599385738373,0.4613770544528961,0.10828491300344467,0.009145578369498253,-0.26033294200897217,0.2735162377357483,-0.08921641856431961,-0.00257818098179996,-0.23578688502311707,0.3379001021385193,0.06806451082229614,0.00474834768101573,-0.30196329951286316,0.3591715097427368,-0.07261192053556442,-0.0038156716618686914,-0.2704353928565979,0.41012638807296753,0.10161323845386505,-0.03886616975069046,-0.2539823651313782,0.3352331817150116,-0.0924016535282135,-0.042619332671165466,-0.23496782779693604,0.39623627066612244,0.10890385508537292,-0.008464733138680458,0.0009032698580995202,0.18773066997528076,-0.10739670693874359,0.001781081547960639,0.0006517500733025372,0.18540461361408234,0.09143848717212677,-0.01700545661151409,-0.07496330887079239,0.08120322972536087,-0.08322477340698242,0.11001714318990707,-0.1251755952835083,0.087613545358181,0.16142234206199646,0.30620062351226807,0.15896505117416382,0.025677422061562538,-0.08712664991617203,0.48576241731643677,0.16180700063705444,0.03245020657777786,0.16663886606693268,0.3272527754306793,0.18222056329250336,0.010928467847406864,-0.08510011434555054,0.5070247054100037,0.20325620472431183,0.014148220419883728,0.20269015431404114,0.30016759037971497,-0.045243095606565475,0.02677781693637371,-0.10418809950351715,0.5150733590126038,0.020346539095044136,0.026732981204986572,128,4.27,,,,,,,,,,,,,,,,,,,,,,,,,,,,,,,,,,,,,,,,,,,,,,,,,,,,,,,,,,,,,,,,,,,,,,,,,,,,,,,,,,,,
-0.0018870469648391008,-0.6233240365982056,-0.31641870737075806,0.9996527433395386,0.019197573885321617,-0.6584066152572632,-0.3043310344219208,0.99934983253479,0.01882186345756054,-0.6580159068107605,-0.3061262369155884,0.9994422197341919,0.019155768677592278,-0.6578837037086487,-0.30434712767601013,0.9993764758110046,-0.021481579169631004,-0.6610429286956787,-0.30497094988822937,0.9993359446525574,-0.01940714381635189,-0.6615900993347168,-0.3050530254840851,0.999411404132843,-0.02005421556532383,-0.6605694890022278,-0.30120760202407837,0.9993157386779785,0.0973331406712532,-0.6328765153884888,-0.1987631767988205,0.9992228150367737,-0.0669383779168129,-0.6401544809341431,-0.1755603551864624,0.9992309808731079,0.02181638963520527,-0.5909820795059204,-0.28442293405532837,0.9997404217720032,-0.02563052996993065,-0.591262698173523,-0.2770903408527374,0.9996897578239441,0.1774749755859375,-0.43800801038742065,-0.14269877970218658,0.999478280544281,-0.15035559237003326,-0.4429650902748108,-0.12646403908729553,0.9992217421531677,0.20864886045455933,-0.20852069556713104,-0.1287899762392044,0.9288719892501831,-0.1832255870103836,-0.2024238407611847,-0.10904178023338318,0.9183131456375122,0.12874673306941986,-0.049296606332063675,-0.23569902777671814,0.38558557629585266,-0.11161436140537262,-0.057548873126506805,-0.21915172040462494,0.4521762430667877,0.1068599745631218,0.008552365005016327,-0.26249566674232483,0.2677963078022003,-0.0889974981546402,-0.0034490919206291437,-0.23643341660499573,0.3325139284133911,0.06682746112346649,0.0038729954976588488,-0.30383408069610596,0.35285186767578125,-0.07250291109085083,-0.004879029002040625,-0.2710273861885071,0.4047270715236664,0.10044880956411362,-0.03937732055783272,-0.25593334436416626,0.32866865396499634,-0.09220389276742935,-0.04325973615050316,-0.23547139763832092,0.39031293988227844,0.10891314595937729,-0.008505734615027905,0.001045379089191556,0.1829681098461151,-0.10739995539188385,0.001800687052309513,0.000543364614713937,0.1806529015302658,0.09141726791858673,-0.016863957047462463,-0.07467639446258545,0.08243753761053085,-0.08331412822008133,0.11014705151319504,-0.1256135106086731,0.08871949464082718,0.16118444502353668,0.3063010573387146,0.15893147885799408,0.025892753154039383,-0.08718572556972504,0.48473069071769714,0.15912270545959473,0.032756682485342026,0.16634784638881683,0.3274247348308563,0.1821577250957489,0.011046154424548149,-0.08511887490749359,0.5056078433990479,0.20026428997516632,0.014234605245292187,0.20290909707546234,0.3003227114677429,-0.045451369136571884,0.027155809104442596,-0.10416597127914429,0.51373291015625,0.01718868501484394,0.02711128257215023,129,4.304,,,,,,,,,,,,,,,,,,,,,,,,,,,,,,,,,,,,,,,,,,,,,,,,,,,,,,,,,,,,,,,,,,,,,,,,,,,,,,,,,,,,
-0.0018905879696831107,-0.6233111023902893,-0.31629905104637146,0.9996429085731506,0.019172005355358124,-0.6584099531173706,-0.30416107177734375,0.9993345141410828,0.018796248361468315,-0.658018946647644,-0.3059634566307068,0.9994284510612488,0.01913188211619854,-0.6578875184059143,-0.3041822910308838,0.9993608593940735,-0.021514328196644783,-0.6610347032546997,-0.30486953258514404,0.9993211627006531,-0.019440583884716034,-0.6615844964981079,-0.3049491345882416,0.999398410320282,-0.02008584514260292,-0.6605640053749084,-0.3011045753955841,0.9993009567260742,0.0972026139497757,-0.6329815983772278,-0.19837842881679535,0.9992008209228516,-0.06716404855251312,-0.6402059197425842,-0.17554722726345062,0.9992133975028992,0.02178713120520115,-0.5909999012947083,-0.28425678610801697,0.9997310042381287,-0.025669094175100327,-0.5912630558013916,-0.27702516317367554,0.9996792674064636,0.1773509383201599,-0.4381031394004822,-0.14221791923046112,0.9994587898254395,-0.15085266530513763,-0.44317013025283813,-0.1264869123697281,0.9991973042488098,0.20841750502586365,-0.20872624218463898,-0.12866289913654327,0.9261786341667175,-0.18336614966392517,-0.2029491662979126,-0.10920355468988419,0.9166662693023682,0.12839582562446594,-0.04940996319055557,-0.2358102649450302,0.3778267502784729,-0.11159386485815048,-0.057681888341903687,-0.21947424113750458,0.4462842047214508,0.10646253824234009,0.008434444665908813,-0.26269108057022095,0.263361394405365,-0.0889706090092659,-0.0035791571717709303,-0.23685677349567413,0.32902881503105164,0.06643299013376236,0.0036937259137630463,-0.30400240421295166,0.34806159138679504,-0.0724937841296196,-0.0050186277367174625,-0.27143964171409607,0.4013659954071045,0.10009288042783737,-0.039495646953582764,-0.25606364011764526,0.32375404238700867,-0.09218551218509674,-0.04336050897836685,-0.23576867580413818,0.38656020164489746,0.10892380028963089,-0.008543098345398903,0.0013381706085056067,0.1791030913591385,-0.10740946978330612,0.0018182150088250637,0.0002793754683807492,0.1767924427986145,0.09142780303955078,-0.016791433095932007,-0.07429508119821548,0.08289920538663864,-0.08338073641061783,0.11054680496454239,-0.12605728209018707,0.08931057900190353,0.16106802225112915,0.30645668506622314,0.15890713036060333,0.025868186727166176,-0.08726545423269272,0.48415428400039673,0.1568511724472046,0.0328492671251297,0.16620880365371704,0.3276142477989197,0.1821097582578659,0.011069939471781254,-0.08516403287649155,0.5049117207527161,0.19767040014266968,0.014216134324669838,0.20344005525112152,0.30077362060546875,-0.04537494480609894,0.027268964797258377,-0.10407095402479172,0.5132517218589783,0.014688760973513126,0.027279503643512726,130,4.337,,,,,,,,,,,,,,,,,,,,,,,,,,,,,,,,,,,,,,,,,,,,,,,,,,,,,,,,,,,,,,,,,,,,,,,,,,,,,,,,,,,,
-0.001924597192555666,-0.623370885848999,-0.31590795516967773,0.999629557132721,0.019080961123108864,-0.658492386341095,-0.3037283718585968,0.9993144273757935,0.018704773858189583,-0.6581017971038818,-0.30554619431495667,0.9994107484817505,0.019044585525989532,-0.6579725742340088,-0.30376186966896057,0.9993411302566528,-0.021595612168312073,-0.6610981225967407,-0.30449607968330383,0.999300479888916,-0.01952345483005047,-0.6616537570953369,-0.30456599593162537,0.9993798136711121,-0.020165735855698586,-0.6606338024139404,-0.300721138715744,0.999279797077179,0.09704356640577316,-0.6331496834754944,-0.19789455831050873,0.9991740584373474,-0.06729545444250107,-0.6403002142906189,-0.17538243532180786,0.999188244342804,0.021721843630075455,-0.5910938382148743,-0.2838748097419739,0.9997191429138184,-0.025723330676555634,-0.5913290977478027,-0.2767449617385864,0.9996653199195862,0.17726096510887146,-0.4381643533706665,-0.14172881841659546,0.9994367361068726,-0.1510627567768097,-0.44335708022117615,-0.12643766403198242,0.9991671442985535,0.20807480812072754,-0.20893386006355286,-0.12845540046691895,0.9229172468185425,-0.18338178098201752,-0.20337282121181488,-0.10913823544979095,0.9142416715621948,0.12746110558509827,-0.049455102533102036,-0.23576952517032623,0.3696197271347046,-0.11144502460956573,-0.05771632120013237,-0.21942950785160065,0.4394950866699219,0.10533463209867477,0.008383155800402164,-0.2626904845237732,0.25907033681869507,-0.08886827528476715,-0.0036129045765846968,-0.23682081699371338,0.3254088759422302,0.06524670124053955,0.0035890350118279457,-0.3039498031139374,0.3433065712451935,-0.0724225863814354,-0.00506909703835845,-0.27139386534690857,0.3977850079536438,0.09911656379699707,-0.039542969316244125,-0.25601375102996826,0.3188292980194092,-0.09206558018922806,-0.04340542480349541,-0.2356991469860077,0.38251110911369324,0.10892187803983688,-0.008564626798033714,0.0015390160260722041,0.1755698323249817,-0.10740592330694199,0.0018303445540368557,0.00010896286403294653,0.1730712652206421,0.09143902361392975,-0.016672411933541298,-0.07399103790521622,0.08356954902410507,-0.0834103673696518,0.11061275750398636,-0.12649111449718475,0.09001725167036057,0.1609676629304886,0.30652207136154175,0.1587095856666565,0.025888526812195778,-0.08723682910203934,0.4829394519329071,0.15356996655464172,0.03297237306833267,0.16608314216136932,0.32771384716033936,0.18189774453639984,0.011112181469798088,-0.08511367440223694,0.5034496784210205,0.19398565590381622,0.014233161695301533,0.20388424396514893,0.3008747398853302,-0.04544002190232277,0.027451053261756897,-0.10362371057271957,0.5118191242218018,0.011602857150137424,0.027517326176166534,131,4.371,,,,,,,,,,,,,,,,,,,,,,,,,,,,,,,,,,,,,,,,,,,,,,,,,,,,,,,,,,,,,,,,,,,,,,,,,,,,,,,,,,,,
-0.002144222380593419,-0.6233724355697632,-0.3155708909034729,0.9996187090873718,0.018817828968167305,-0.6585026979446411,-0.30340155959129333,0.9992983341217041,0.018440404906868935,-0.6581122279167175,-0.30523213744163513,0.9993962645530701,0.018785923719406128,-0.6579838395118713,-0.3034437894821167,0.9993253946304321,-0.02185055986046791,-0.6611082553863525,-0.30409228801727295,0.9992842674255371,-0.01978137530386448,-0.6616671681404114,-0.3041549324989319,0.9993650913238525,-0.020419785752892494,-0.6606478095054626,-0.3003098964691162,0.9992628693580627,0.09698829799890518,-0.6331751942634583,-0.19770026206970215,0.9991524815559387,-0.06733265519142151,-0.6403481364250183,-0.17499056458473206,0.9991653561592102,0.021566316485404968,-0.5911008715629578,-0.28362560272216797,0.9997080564498901,-0.025863047689199448,-0.5913364291191101,-0.27643948793411255,0.9996516108512878,0.1772550791501999,-0.438129186630249,-0.1417461484670639,0.9994094967842102,-0.15107832849025726,-0.4434235692024231,-0.1260862946510315,0.9991286396980286,0.2079126238822937,-0.20892879366874695,-0.12883108854293823,0.9202941656112671,-0.18286855518817902,-0.20353591442108154,-0.10908307880163193,0.9111125469207764,0.12692636251449585,-0.04947039112448692,-0.23617716133594513,0.36321160197257996,-0.11125306040048599,-0.05794532969594002,-0.21949689090251923,0.4325736463069916,0.10473670810461044,0.008366923779249191,-0.2630561590194702,0.25584742426872253,-0.08882364630699158,-0.0038779517635703087,-0.23697364330291748,0.32151585817337036,0.064633809030056,0.003570810193195939,-0.304174542427063,0.33971431851387024,-0.0723993182182312,-0.005305552389472723,-0.2714819312095642,0.39380377531051636,0.09856939315795898,-0.0395604744553566,-0.2563462257385254,0.3151930570602417,-0.09193825721740723,-0.043583694845438004,-0.23575535416603088,0.37843868136405945,0.10892241448163986,-0.008589071221649647,0.0015738809015601873,0.1728373020887375,-0.10740343481302261,0.0018440745770931244,8.357771730516106e-05,0.170213520526886,0.09159546345472336,-0.016592537984251976,-0.07401636987924576,0.08459734171628952,-0.08340156078338623,0.11062902957201004,-0.12684623897075653,0.0910574346780777,0.1609598994255066,0.3066520094871521,0.15769153833389282,0.026080727577209473,-0.086837038397789,0.4822480082511902,0.15151645243167877,0.033268123865127563,0.16607192158699036,0.32787588238716125,0.1807565838098526,0.01119579840451479,-0.08461381494998932,0.5026798844337463,0.1916978508234024,0.014297571033239365,0.20410741865634918,0.30113154649734497,-0.04644979164004326,0.02773808129131794,-0.10272849351167679,0.5109630823135376,0.00935134943574667,0.02782474085688591,132,4.404,,,,,,,,,,,,,,,,,,,,,,,,,,,,,,,,,,,,,,,,,,,,,,,,,,,,,,,,,,,,,,,,,,,,,,,,,,,,,,,,,,,,
-0.002301903674378991,-0.6232485771179199,-0.3155660927295685,0.9995996356010437,0.01865234784781933,-0.6583879590034485,-0.30340710282325745,0.999268651008606,0.018273038789629936,-0.6579987406730652,-0.30524203181266785,0.9993709325790405,0.01862599514424801,-0.6578727960586548,-0.30345338582992554,0.9992983341217041,-0.02201021835207939,-0.6610026955604553,-0.3040706515312195,0.9992522597312927,-0.01994497701525688,-0.6615694165229797,-0.3041265308856964,0.9993359446525574,-0.020579198375344276,-0.6605510115623474,-0.30028125643730164,0.9992297887802124,0.09703471511602402,-0.6331099271774292,-0.19782045483589172,0.9991165399551392,-0.06724373996257782,-0.6403203010559082,-0.17486967146396637,0.999120831489563,0.02151973359286785,-0.591006338596344,-0.2836504578590393,0.9996915459632874,-0.02589542046189308,-0.5912567973136902,-0.27642950415611267,0.9996297359466553,0.17757762968540192,-0.43774721026420593,-0.1421111822128296,0.9993841052055359,-0.15075913071632385,-0.44343283772468567,-0.12587210536003113,0.9990895390510559,0.2079860419034958,-0.20860536396503448,-0.12918677926063538,0.9167457818984985,-0.18206192553043365,-0.20351958274841309,-0.10764259099960327,0.9065043330192566,0.12685157358646393,-0.04943675547838211,-0.23628546297550201,0.35446661710739136,-0.11103243380784988,-0.05798063799738884,-0.2179262638092041,0.42312493920326233,0.10457949340343475,0.008353054523468018,-0.263054758310318,0.2516731023788452,-0.08878599107265472,-0.003925008233636618,-0.23523958027362823,0.3166459798812866,0.06450405716896057,0.0035024816170334816,-0.30414479970932007,0.33498135209083557,-0.07238657772541046,-0.005375549662858248,-0.2697042226791382,0.3887879252433777,0.09848015010356903,-0.0395546481013298,-0.2564046084880829,0.31019169092178345,-0.09182389080524445,-0.04361830651760101,-0.23416860401630402,0.3729582130908966,0.10889624804258347,-0.008608988486230373,0.0015857785474509,0.16898441314697266,-0.10736113041639328,0.0018371837213635445,8.165676990756765e-05,0.16622523963451385,0.09161306172609329,-0.01629749685525894,-0.07401981204748154,0.0868033766746521,-0.08311169594526291,0.11068572103977203,-0.12697051465511322,0.09335092455148697,0.1609063744544983,0.30700168013572693,0.15706439316272736,0.026688087731599808,-0.08610784262418747,0.48212680220603943,0.1496708244085312,0.03410220518708229,0.16598953306674957,0.3284509778022766,0.18013326823711395,0.011435937136411667,-0.08383473753929138,0.5024844408035278,0.18982166051864624,0.014585047960281372,0.2041497379541397,0.30131685733795166,-0.047287892550230026,0.02845104970037937,-0.10197493433952332,0.5101653933525085,0.008175780065357685,0.028586776927113533,133,4.437,,,,,,,,,,,,,,,,,,,,,,,,,,,,,,,,,,,,,,,,,,,,,,,,,,,,,,,,,,,,,,,,,,,,,,,,,,,,,,,,,,,,
