pose_world_0_x,pose_world_0_y,pose_world_0_z,pose_world_0_visibility,pose_world_1_x,pose_world_1_y,pose_world_1_z,pose_world_1_visibility,pose_world_2_x,pose_world_2_y,pose_world_2_z,pose_world_2_visibility,pose_world_3_x,pose_world_3_y,pose_world_3_z,pose_world_3_visibility,pose_world_4_x,pose_world_4_y,pose_world_4_z,pose_world_4_visibility,pose_world_5_x,pose_world_5_y,pose_world_5_z,pose_world_5_visibility,pose_world_6_x,pose_world_6_y,pose_world_6_z,pose_world_6_visibility,pose_world_7_x,pose_world_7_y,pose_world_7_z,pose_world_7_visibility,pose_world_8_x,pose_world_8_y,pose_world_8_z,pose_world_8_visibility,pose_world_9_x,pose_world_9_y,pose_world_9_z,pose_world_9_visibility,pose_world_10_x,pose_world_10_y,pose_world_10_z,pose_world_10_visibility,pose_world_11_x,pose_world_11_y,pose_world_11_z,pose_world_11_visibility,pose_world_12_x,pose_world_12_y,pose_world_12_z,pose_world_12_visibility,pose_world_13_x,pose_world_13_y,pose_world_13_z,pose_world_13_visibility,pose_world_14_x,pose_world_14_y,pose_world_14_z,pose_world_14_visibility,pose_world_15_x,pose_world_15_y,pose_world_15_z,pose_world_15_visibility,pose_world_16_x,pose_world_16_y,pose_world_16_z,pose_world_16_visibility,pose_world_17_x,pose_world_17_y,pose_world_17_z,pose_world_17_visibility,pose_world_18_x,pose_world_18_y,pose_world_18_z,pose_world_18_visibility,pose_world_19_x,pose_world_19_y,pose_world_19_z,pose_world_19_visibility,pose_world_20_x,pose_world_20_y,pose_world_20_z,pose_world_20_visibility,pose_world_21_x,pose_world_21_y,pose_world_21_z,pose_world_21_visibility,pose_world_22_x,pose_world_22_y,pose_world_22_z,pose_world_22_visibility,pose_world_23_x,pose_world_23_y,pose_world_23_z,pose_world_23_visibility,pose_world_24_x,pose_world_24_y,pose_world_24_z,pose_world_24_visibility,pose_world_25_x,pose_world_25_y,pose_world_25_z,pose_world_25_visibility,pose_world_26_x,pose_world_26_y,pose_world_26_z,pose_world_26_visibility,pose_world_27_x,pose_world_27_y,pose_world_27_z,pose_world_27_visibility,pose_world_28_x,pose_world_28_y,pose_world_28_z,pose_world_28_visibility,pose_world_29_x,pose_world_29_y,pose_world_29_z,pose_world_29_visibility,pose_world_30_x,pose_world_30_y,pose_world_30_z,pose_world_30_visibility,pose_world_31_x,pose_world_31_y,pose_world_31_z,pose_world_31_visibility,pose_world_32_x,pose_world_32_y,pose_world_32_z,pose_world_32_visibility,frame,timestamp,right_hand_0_x,right_hand_0_y,right_hand_0_z,right_hand_0_visibility,right_hand_1_x,right_hand_1_y,right_hand_1_z,right_hand_1_visibility,right_hand_2_x,right_hand_2_y,right_hand_2_z,right_hand_2_visibility,right_hand_3_x,right_hand_3_y,right_hand_3_z,right_hand_3_visibility,right_hand_4_x,right_hand_4_y,right_hand_4_z,right_hand_4_visibility,right_hand_5_x,right_hand_5_y,right_hand_5_z,right_hand_5_visibility,right_hand_6_x,right_hand_6_y,right_hand_6_z,right_hand_6_visibility,right_hand_7_x,right_hand_7_y,right_hand_7_z,right_hand_7_visibility,right_hand_8_x,right_hand_8_y,right_hand_8_z,right_hand_8_visibility,right_hand_9_x,right_hand_9_y,right_hand_9_z,right_hand_9_visibility,right_hand_10_x,right_hand_10_y,right_hand_10_z,right_hand_10_visibility,right_hand_11_x,right_hand_11_y,right_hand_11_z,right_hand_11_visibility,right_hand_12_x,right_hand_12_y,right_hand_12_z,right_hand_12_visibility,right_hand_13_x,right_hand_13_y,right_hand_13_z,right_hand_13_visibility,right_hand_14_x,right_hand_14_y,right_hand_14_z,right_hand_14_visibility,right_hand_15_x,right_hand_15_y,right_hand_15_z,right_hand_15_visibility,right_hand_16_x,right_hand_16_y,right_hand_16_z,right_hand_16_visibility,right_hand_17_x,right_hand_17_y,right_hand_17_z,right_hand_17_visibility,right_hand_18_x,right_hand_18_y,right_hand_18_z,right_hand_18_visibility,right_hand_19_x,right_hand_19_y,right_hand_19_z,right_hand_19_visibility,right_hand_20_x,right_hand_20_y,right_hand_20_z,right_hand_20_visibility
-0.07443108409643173,-0.5892652869224548,-0.3174588978290558,0.9996718168258667,-0.05404511094093323,-0.628038763999939,-0.31425485014915466,0.9993577599525452,-0.054370176047086716,-0.6275489330291748,-0.31599605083465576,0.9994478821754456,-0.05402766540646553,-0.6273916959762573,-0.31431645154953003,0.9993077516555786,-0.0919126346707344,-0.63106369972229,-0.3057404160499573,0.9993347525596619,-0.0898837149143219,-0.631716251373291,-0.305736243724823,0.9994022846221924,-0.09045176953077316,-0.6307187676429749,-0.3019710183143616,0.999222993850708,0.05623625963926315,-0.6167937517166138,-0.24124033749103546,0.9993419051170349,-0.09408163279294968,-0.6268357038497925,-0.17451272904872894,0.9991940855979919,-0.036776766180992126,-0.5616412162780762,-0.29683852195739746,0.9998437166213989,-0.08038193732500076,-0.5625367760658264,-0.27706384658813477,0.9998084902763367,0.17998532950878143,-0.4137519598007202,-0.20315134525299072,0.999356210231781,-0.15252889692783356,-0.4422263503074646,-0.12380265444517136,0.9994578957557678,0.19251954555511475,-0.14996777474880219,-0.2083972990512848,0.8094249367713928,-0.18191233277320862,-0.22333872318267822,-0.1111191064119339,0.6392109394073486,0.18167555332183838,0.0357147715985775,-0.2933879792690277,0.10260641574859619,-0.1810779571533203,-0.08627968281507492,-0.24723470211029053,0.09630358964204788,0.18387973308563232,0.10546651482582092,-0.31171727180480957,0.0867256447672844,-0.17490710318088531,-0.029737599194049835,-0.25512146949768066,0.08480507880449295,0.1507682353258133,0.11365524679422379,-0.36459028720855713,0.14462867379188538,-0.16979452967643738,-0.011478325352072716,-0.3036564290523529,0.12416122108697891,0.16023898124694824,0.0532233789563179,-0.31767362356185913,0.12264230102300644,-0.1689290851354599,-0.06323720514774323,-0.2703571617603302,0.11805533617734909,0.10867977887392044,-0.010219008661806583,-0.013007625006139278,0.04563072696328163,-0.10762834548950195,0.001885587815195322,0.015008147805929184,0.055842336267232895,0.05412718281149864,-0.038777269423007965,-0.05550443008542061,0.06790433079004288,-0.08557357639074326,0.11726471781730652,-0.11476181447505951,0.09048496931791306,0.15257667005062103,0.24115975201129913,0.21037133038043976,0.019430028274655342,-0.10732052475214005,0.4601990580558777,0.20513029396533966,0.0375848263502121,0.15773992240428925,0.25760525465011597,0.2377769947052002,0.00782505702227354,-0.11132099479436874,0.4786505401134491,0.2525659501552582,0.015131737105548382,0.1803758293390274,0.22914499044418335,-0.0029185900930315256,0.019922707229852676,-0.16294270753860474,0.4812542796134949,0.07054144889116287,0.028511913493275642,0,0.0,,,,,,,,,,,,,,,,,,,,,,,,,,,,,,,,,,,,,,,,,,,,,,,,,,,,,,,,,,,,,,,,,,,,,,,,,,,,,,,,,,,,
-0.07287906110286713,-0.5904918909072876,-0.3090149462223053,0.9995479583740234,-0.05191668123006821,-0.6289532780647278,-0.30638161301612854,0.9991574287414551,-0.0522581972181797,-0.628504753112793,-0.3081205487251282,0.9992822408676147,-0.051902465522289276,-0.6284041404724121,-0.3063789904117584,0.9991269111633301,-0.08925577998161316,-0.6319268941879272,-0.29806098341941833,0.9990634918212891,-0.08721785992383957,-0.632604718208313,-0.2980582118034363,0.9991447329521179,-0.08781557530164719,-0.6316101551055908,-0.29423341155052185,0.998914361000061,0.05690635368227959,-0.6187268495559692,-0.23311446607112885,0.9991751313209534,-0.09227725863456726,-0.6283366680145264,-0.1679660677909851,0.9988148212432861,-0.035827141255140305,-0.5634787678718567,-0.2880263924598694,0.9997804164886475,-0.07906488329172134,-0.5643187761306763,-0.2687839865684509,0.9997171759605408,0.17937107384204865,-0.4182890057563782,-0.18704594671726227,0.99934321641922,-0.15177303552627563,-0.445095419883728,-0.10968400537967682,0.9994096159934998,0.20004558563232422,-0.15584991872310638,-0.19005340337753296,0.8186943531036377,-0.1855236291885376,-0.22542467713356018,-0.06861775368452072,0.6509879231452942,0.19126664102077484,0.03634674474596977,-0.2781424820423126,0.12550297379493713,-0.208639994263649,-0.075393907725811,-0.17012961208820343,0.11326643079519272,0.19425518810749054,0.10612694919109344,-0.29934433102607727,0.10349665582180023,-0.21291141211986542,-0.015918908640742302,-0.1784507781267166,0.09828433394432068,0.16143056750297546,0.11348466575145721,-0.3480168879032135,0.1651466190814972,-0.20871348679065704,-0.0037931527476757765,-0.22424374520778656,0.14068596065044403,0.17004944384098053,0.053405556827783585,-0.30100134015083313,0.1415245682001114,-0.19909310340881348,-0.05390625074505806,-0.19181926548480988,0.13392171263694763,0.10792474448680878,-0.009288025088608265,-0.013714057393372059,0.05241738632321358,-0.10695642977952957,0.0011639702133834362,0.015618802048265934,0.062327537685632706,0.06317674368619919,0.0017528788885101676,-0.061586763709783554,0.06892870366573334,-0.08556029200553894,0.1388799250125885,-0.10652022063732147,0.09313742816448212,0.1509951949119568,0.28325149416923523,0.1824275553226471,0.01949835568666458,-0.10293174535036087,0.4905410706996918,0.17205171287059784,0.038329336792230606,0.15561680495738983,0.30163753032684326,0.20604434609413147,0.00780548295006156,-0.10555801540613174,0.5116432309150696,0.2099943608045578,0.015490574762225151,0.17774145305156708,0.2872192859649658,-0.005938906688243151,0.020183248445391655,-0.15852926671504974,0.5181630253791809,0.04655507579445839,0.029435819014906883,1,0.041,,,,,,,,,,,,,,,,,,,,,,,,,,,,,,,,,,,,,,,,,,,,,,,,,,,,,,,,,,,,,,,,,,,,,,,,,,,,,,,,,,,,
-0.0718945786356926,-0.5921844244003296,-0.30385857820510864,0.9994683265686035,-0.05045461282134056,-0.6301611065864563,-0.3019314706325531,0.999021589756012,-0.05081088840961456,-0.6297531127929688,-0.30367183685302734,0.9991719126701355,-0.05044716224074364,-0.6297080516815186,-0.30189597606658936,0.999008059501648,-0.08715246617794037,-0.633261501789093,-0.29358339309692383,0.9988629221916199,-0.08510912209749222,-0.6339675784111023,-0.2935686409473419,0.9989498257637024,-0.08572453260421753,-0.6329717040061951,-0.28971680998802185,0.9986792802810669,0.05725898966193199,-0.6198461651802063,-0.2297285944223404,0.9990606904029846,-0.08981399983167648,-0.6299887895584106,-0.16481857001781464,0.998506486415863,-0.035342223942279816,-0.5652672648429871,-0.28313586115837097,0.9997363686561584,-0.07805658131837845,-0.5663315653800964,-0.2639291286468506,0.999651312828064,0.17751765251159668,-0.4204804301261902,-0.1812567263841629,0.9993528723716736,-0.14964984357357025,-0.4484961926937103,-0.10193655639886856,0.9993811249732971,0.20512117445468903,-0.16252818703651428,-0.18531784415245056,0.829687237739563,-0.1871781051158905,-0.23202785849571228,-0.046315018087625504,0.6635167598724365,0.1957375407218933,0.03563700243830681,-0.2733359634876251,0.15487532317638397,-0.22640034556388855,-0.07145560532808304,-0.1322963982820511,0.13274312019348145,0.1988549828529358,0.10525696724653244,-0.29527655243873596,0.12507453560829163,-0.23466427624225616,-0.009723974391818047,-0.13898059725761414,0.11352799832820892,0.16612988710403442,0.11036656051874161,-0.3416111171245575,0.19060251116752625,-0.23162195086479187,0.0012076942948624492,-0.18525871634483337,0.15905846655368805,0.1746220588684082,0.052098795771598816,-0.29517969489097595,0.16465888917446136,-0.2182355672121048,-0.049914244562387466,-0.15380027890205383,0.15149788558483124,0.10669960826635361,-0.007623329292982817,-0.015146702527999878,0.06245552748441696,-0.10579171776771545,-0.00018533070397097617,0.016928603872656822,0.07158815860748291,0.06479739397764206,0.02248445525765419,-0.06385074555873871,0.0712776780128479,-0.08555654436349869,0.1414780467748642,-0.10411089658737183,0.09773622453212738,0.14571629464626312,0.3062107563018799,0.17108525335788727,0.020198095589876175,-0.09704091399908066,0.4981968104839325,0.15554574131965637,0.040181759744882584,0.14962568879127502,0.32561373710632324,0.19323016703128815,0.007981323637068272,-0.09869365394115448,0.5203268527984619,0.19148340821266174,0.016411922872066498,0.16759902238845825,0.3127807378768921,-0.008513535372912884,0.021065641194581985,-0.1550537496805191,0.5266417860984802,0.03393206745386124,0.03138400986790657,2,0.083,,,,,,,,,,,,,,,,,,,,,,,,,,,,,,,,,,,,,,,,,,,,,,,,,,,,,,,,,,,,,,,,,,,,,,,,,,,,,,,,,,,,
-0.07192155718803406,-0.5927807688713074,-0.30268555879592896,0.9993512034416199,-0.05033935233950615,-0.6304938197135925,-0.30162152647972107,0.9988294839859009,-0.050699397921562195,-0.630104660987854,-0.3033561408519745,0.9990115761756897,-0.0503348782658577,-0.6300888061523438,-0.301577627658844,0.9988483786582947,-0.08675634860992432,-0.6336719393730164,-0.29274481534957886,0.99857497215271,-0.08470890671014786,-0.6343949437141418,-0.29272139072418213,0.9986672401428223,-0.08533206582069397,-0.6333953738212585,-0.28885868191719055,0.9983600378036499,0.057583943009376526,-0.6203301548957825,-0.2301451414823532,0.9989001154899597,-0.08710669726133347,-0.6309359669685364,-0.1635652631521225,0.998045027256012,-0.035369083285331726,-0.5660101175308228,-0.2824559211730957,0.9996705651283264,-0.07794485986232758,-0.5672653317451477,-0.26246702671051025,0.9995412230491638,0.1751055270433426,-0.42221599817276,-0.18186599016189575,0.9993656873703003,-0.14729639887809753,-0.4511164426803589,-0.09277094900608063,0.999340295791626,0.2070360779762268,-0.16564799845218658,-0.1841059774160385,0.8411639928817749,-0.1908513903617859,-0.23841863870620728,-0.024540022015571594,0.6706327795982361,0.19516387581825256,0.031465839594602585,-0.27122408151626587,0.18878173828125,-0.2606430947780609,-0.08346739411354065,-0.10597539693117142,0.14937935769557953,0.1981489509344101,0.09833666682243347,-0.2941795587539673,0.1509207785129547,-0.27584508061408997,-0.027595482766628265,-0.1117006465792656,0.12711688876152039,0.16536962985992432,0.09870533645153046,-0.3395932614803314,0.2201933115720749,-0.2802080810070038,-0.021059511229395866,-0.15980300307273865,0.17543962597846985,0.17402124404907227,0.045706626027822495,-0.2927255630493164,0.19195562601089478,-0.2567392587661743,-0.06474283337593079,-0.1283579021692276,0.1674947440624237,0.10512950271368027,-0.006639907136559486,-0.018305810168385506,0.07221680134534836,-0.10433300584554672,-0.0010299596469849348,0.01996840536594391,0.07935038208961487,0.0665195882320404,0.031721293926239014,-0.06370086967945099,0.07264108955860138,-0.08597992360591888,0.1599411517381668,-0.07251695543527603,0.09924861788749695,0.1421838253736496,0.31446483731269836,0.16968601942062378,0.02080092951655388,-0.09505564719438553,0.5116947293281555,0.16132190823554993,0.04074639454483986,0.14529681205749512,0.3335443139076233,0.191226527094841,0.008178788237273693,-0.09635306894779205,0.5337051749229431,0.19863401353359222,0.01714305579662323,0.15749217569828033,0.32202908396720886,-0.008500278927385807,0.02186223864555359,-0.1552087366580963,0.5422354936599731,0.05371278151869774,0.03241896256804466,3,0.125,,,,,,,,,,,,,,,,,,,,,,,,,,,,,,,,,,,,,,,,,,,,,,,,,,,,,,,,,,,,,,,,,,,,,,,,,,,,,,,,,,,,
-0.0723736584186554,-0.5909780859947205,-0.30281952023506165,0.9992093443870544,-0.05049474164843559,-0.6284143924713135,-0.3018919825553894,0.9986045360565186,-0.050867144018411636,-0.6280623078346252,-0.3036244809627533,0.9988203048706055,-0.050495393574237823,-0.6281202435493469,-0.3018685579299927,0.9986750483512878,-0.08667593449354172,-0.631587564945221,-0.29296863079071045,0.9982210993766785,-0.08462854474782944,-0.6323516368865967,-0.29294222593307495,0.9983120560646057,-0.0852532610297203,-0.6313539147377014,-0.28907832503318787,0.9979815483093262,0.05769370496273041,-0.619412899017334,-0.2343565672636032,0.9987165927886963,-0.08198093622922897,-0.6301249265670776,-0.16368748247623444,0.9973922967910767,-0.03554651886224747,-0.5647931694984436,-0.2828950881958008,0.9995839595794678,-0.07773634046316147,-0.5661309957504272,-0.262547105550766,0.9993783235549927,0.17302070558071136,-0.4220985770225525,-0.18605560064315796,0.9993746876716614,-0.1418149471282959,-0.45103785395622253,-0.08051788806915283,0.9992678165435791,0.20685987174510956,-0.1651860475540161,-0.18450841307640076,0.854175865650177,-0.19162443280220032,-0.23834332823753357,-0.004899780731648207,0.6734144687652588,0.19485101103782654,0.031516313552856445,-0.2721169590950012,0.24290868639945984,-0.30620089173316956,-0.0978044718503952,-0.09218426793813705,0.17458556592464447,0.19765374064445496,0.09679938852787018,-0.2943863272666931,0.19744990766048431,-0.3350546061992645,-0.05426720902323723,-0.1003454253077507,0.14917798340320587,0.16491596400737762,0.09510794281959534,-0.34055644273757935,0.2682098150253296,-0.3475048243999481,-0.05113515630364418,-0.1490141749382019,0.2007669061422348,0.17356866598129272,0.04560888186097145,-0.2934527099132538,0.23834501206874847,-0.30820581316947937,-0.08205246925354004,-0.11562606692314148,0.19278927147388458,0.1029176115989685,-0.005530850496143103,-0.025144726037979126,0.08029641956090927,-0.10223793238401413,-0.0022355844266712666,0.026808511465787888,0.0850377082824707,0.06606440991163254,0.03588022664189339,-0.06669411808252335,0.07524395734071732,-0.09909109771251678,0.15697923302650452,-0.06244508549571037,0.10031052678823471,0.11768238991498947,0.3082016706466675,0.15470367670059204,0.021431077271699905,-0.10364384949207306,0.5055698752403259,0.16576217114925385,0.04070082679390907,0.1177944615483284,0.3259963095188141,0.1744045615196228,0.008460099808871746,-0.10409235954284668,0.5268251299858093,0.20594309270381927,0.0180810634046793,0.12154722213745117,0.3125974237918854,-0.020182179287075996,0.022732064127922058,-0.1708117574453354,0.5355330109596252,0.05690500885248184,0.03320933133363724,4,0.166,,,,,,,,,,,,,,,,,,,,,,,,,,,,,,,,,,,,,,,,,,,,,,,,,,,,,,,,,,,,,,,,,,,,,,,,,,,,,,,,,,,,
-0.07766623049974442,-0.5931689143180847,-0.27140331268310547,0.9991309642791748,-0.056363511830568314,-0.6310437917709351,-0.273266077041626,0.9985150098800659,-0.05682021751999855,-0.6307447552680969,-0.27519890666007996,0.9987231492996216,-0.056401144713163376,-0.6309109926223755,-0.27319732308387756,0.9986228942871094,-0.09032703936100006,-0.6337950229644775,-0.2598046362400055,0.9980630874633789,-0.08828558772802353,-0.6346266865730286,-0.25978192687034607,0.9981266856193542,-0.08893024176359177,-0.6336639523506165,-0.255818247795105,0.9978159666061401,0.057146623730659485,-0.6256175637245178,-0.21278850734233856,0.9986628890037537,-0.08030147105455399,-0.6343699097633362,-0.1287747025489807,0.996958315372467,-0.03759654983878136,-0.5681484937667847,-0.25558707118034363,0.9995011687278748,-0.07831309735774994,-0.56902676820755,-0.23081547021865845,0.9992145895957947,0.17312584817409515,-0.42730218172073364,-0.17525874078273773,0.999355673789978,-0.13496851921081543,-0.45672091841697693,-0.032565824687480927,0.9991687536239624,0.19656474888324738,-0.16520757973194122,-0.17400436103343964,0.867232620716095,-0.1954984962940216,-0.25546663999557495,0.006106830667704344,0.681006669998169,0.18777227401733398,0.041567686945199966,-0.2550129294395447,0.31330037117004395,-0.3454420864582062,-0.18084990978240967,-0.11790429800748825,0.23517189919948578,0.1933336704969406,0.10303789377212524,-0.28443658351898193,0.269375741481781,-0.38972434401512146,-0.16168487071990967,-0.12683217227458954,0.2093421369791031,0.16422823071479797,0.09697728604078293,-0.3261582851409912,0.3349304795265198,-0.40117064118385315,-0.17186947166919708,-0.16048404574394226,0.260641485452652,0.16961167752742767,0.05304634943604469,-0.27591264247894287,0.30709052085876465,-0.3506886959075928,-0.17371733486652374,-0.14132709801197052,0.25339314341545105,0.10103659331798553,-0.0049232724122703075,-0.02939748764038086,0.11369530856609344,-0.10044418275356293,-0.002958968747407198,0.03108232468366623,0.11556376516819,0.09601549059152603,0.06124550849199295,-0.0675644800066948,0.08018779009580612,-0.09544689953327179,0.1541418731212616,-0.04810336232185364,0.10473206639289856,0.12246999889612198,0.3195791244506836,0.14857447147369385,0.022116605192422867,-0.0719854086637497,0.5010251998901367,0.15890324115753174,0.042378537356853485,0.11910994350910187,0.3367074728012085,0.16700902581214905,0.008897172287106514,-0.06646577268838882,0.5203308463096619,0.18710511922836304,0.02003353089094162,0.12917564809322357,0.3298824727535248,-0.01945001259446144,0.02387201227247715,-0.1227826178073883,0.5314169526100159,0.04223005101084709,0.036012474447488785,5,0.208,0.3644990921020508,0.8451778888702393,-1.9923433569601912e-07,,0.3405717611312866,0.8314962387084961,-0.005469253286719322,,0.31337693333625793,0.8408824801445007,-0.012279883027076721,,0.29959380626678467,0.8716093301773071,-0.018621211871504784,,0.29756900668144226,0.9024702310562134,-0.024718690663576126,,0.28727006912231445,0.8184958696365356,-0.01359097845852375,,0.2817882001399994,0.88923180103302,-0.02632167376577854,,0.2947174310684204,0.9013166427612305,-0.03462084010243416,,0.3040581941604614,0.8922207951545715,-0.03881550952792168,,0.2925337255001068,0.8467574119567871,-0.015249358490109444,,0.28873899579048157,0.9124586582183838,-0.025325104594230652,,0.30192238092422485,0.9219858646392822,-0.028885113075375557,,0.31218910217285156,0.9125139713287354,-0.030796494334936142,,0.30225157737731934,0.8770868182182312,-0.01740613952279091,,0.29743364453315735,0.9364829063415527,-0.025281062349677086,,0.3102441132068634,0.9446455836296082,-0.023711638525128365,,0.31935960054397583,0.9364985227584839,-0.022269444540143013,,0.3137800097465515,0.9062384366989136,-0.019861893728375435,,0.3103109300136566,0.9548082947731018,-0.025224097073078156,,0.3210357427597046,0.9580714106559753,-0.022704141214489937,,0.32757577300071716,0.9498721361160278,-0.019783733412623405,
-0.07760143280029297,-0.594839334487915,-0.24593307077884674,0.9990877509117126,-0.05644115060567856,-0.6336729526519775,-0.2478848397731781,0.9984908103942871,-0.056910742074251175,-0.6334081292152405,-0.24989084899425507,0.9986756443977356,-0.0564858615398407,-0.6336513757705688,-0.24779313802719116,0.9986193776130676,-0.09025672823190689,-0.63599693775177,-0.2347377985715866,0.998023271560669,-0.0882120430469513,-0.6368781328201294,-0.23482432961463928,0.9980681538581848,-0.08885876089334488,-0.6359489560127258,-0.23084494471549988,0.997789740562439,0.05731094256043434,-0.6319788098335266,-0.18745103478431702,0.9986461997032166,-0.07669101655483246,-0.6388189792633057,-0.1083388403058052,0.9967686533927917,-0.036849018186330795,-0.5707040429115295,-0.23060885071754456,0.9994292855262756,-0.07639701664447784,-0.5711111426353455,-0.20713628828525543,0.9990840554237366,0.1757155954837799,-0.4315941631793976,-0.15438659489154816,0.9993007183074951,-0.12842293083667755,-0.45856335759162903,-0.011980442330241203,0.9990325570106506,0.1954461634159088,-0.1590733528137207,-0.14873497188091278,0.8787413239479065,-0.18984197080135345,-0.25683367252349854,-0.004061216954141855,0.6827116012573242,0.18774452805519104,0.04691927134990692,-0.22594663500785828,0.37838172912597656,-0.33071714639663696,-0.2452833503484726,-0.18531310558319092,0.2937059700489044,0.19362829625606537,0.10570759326219559,-0.2567368745803833,0.3368302881717682,-0.3740060329437256,-0.24204641580581665,-0.22750124335289001,0.26851123571395874,0.16644790768623352,0.09760351479053497,-0.2986164093017578,0.39692872762680054,-0.38693204522132874,-0.26486849784851074,-0.2525596022605896,0.3183092474937439,0.16995306313037872,0.05559805408120155,-0.24775350093841553,0.37148317694664,-0.3363282382488251,-0.24678723514080048,-0.20646090805530548,0.31214413046836853,0.09966238588094711,-0.004942995496094227,-0.029014399275183678,0.16017204523086548,-0.09926814585924149,-0.002949113491922617,0.030694903805851936,0.1597641110420227,0.1207173764705658,0.0707460418343544,-0.05707414820790291,0.08291994780302048,-0.0861295536160469,0.16085615754127502,-0.037523381412029266,0.10834658145904541,0.13514427840709686,0.32920020818710327,0.1497456133365631,0.02272595651447773,-0.05307450145483017,0.49925315380096436,0.14361976087093353,0.0442783385515213,0.1316440999507904,0.34644001722335815,0.16633164882659912,0.009448968805372715,-0.04475872218608856,0.5193225741386414,0.16291594505310059,0.02177567221224308,0.15063880383968353,0.34374773502349854,-0.011992408894002438,0.025172173976898193,-0.08393067121505737,0.5316137671470642,0.01590374857187271,0.03931431844830513,6,0.25,,,,,,,,,,,,,,,,,,,,,,,,,,,,,,,,,,,,,,,,,,,,,,,,,,,,,,,,,,,,,,,,,,,,,,,,,,,,,,,,,,,,
-0.07793641835451126,-0.5945595502853394,-0.21657085418701172,0.999113142490387,-0.05721409246325493,-0.6336378455162048,-0.22147095203399658,0.9985184669494629,-0.05771901085972786,-0.633368730545044,-0.22340063750743866,0.9986679553985596,-0.05728727579116821,-0.6336043477058411,-0.2212972790002823,0.9986352324485779,-0.09025075286626816,-0.6359782814979553,-0.20710721611976624,0.9980847835540771,-0.08820689469575882,-0.6368562579154968,-0.20730188488960266,0.9981172680854797,-0.08885572850704193,-0.6359265446662903,-0.20324982702732086,0.997869610786438,0.0575309582054615,-0.6332279443740845,-0.1683032214641571,0.9986931681632996,-0.07011692225933075,-0.6413063406944275,-0.08341268450021744,0.996824324131012,-0.03684013709425926,-0.5706193447113037,-0.20356377959251404,0.9994075298309326,-0.0755317285656929,-0.5710804462432861,-0.1783377230167389,0.9990591406822205,0.17673258483409882,-0.435945987701416,-0.1306312531232834,0.9992421865463257,-0.11159902065992355,-0.46035975217819214,0.019367555156350136,0.9989990592002869,0.186543270945549,-0.15964186191558838,-0.1324770152568817,0.889335572719574,-0.16610459983348846,-0.2645941376686096,-0.012287932448089123,0.6916249990463257,0.1795387715101242,0.06193748861551285,-0.19806961715221405,0.4377322494983673,-0.3114241659641266,-0.2990298569202423,-0.22733359038829803,0.35788270831108093,0.18329879641532898,0.12406784296035767,-0.21378540992736816,0.397624135017395,-0.3437143862247467,-0.3099439740180969,-0.26971888542175293,0.3324929177761078,0.16310015320777893,0.12230801582336426,-0.24820561707019806,0.45243582129478455,-0.3560657799243927,-0.3289508819580078,-0.2763797342777252,0.3780699372291565,0.16443362832069397,0.07319874316453934,-0.21456564962863922,0.4287480115890503,-0.312857449054718,-0.3019533157348633,-0.23964343965053558,0.3703854978084564,0.09842251241207123,-0.004971386399120092,-0.02938159741461277,0.19719204306602478,-0.0981704369187355,-0.0029494964983314276,0.03102855756878853,0.19830693304538727,0.11584633588790894,0.06480727344751358,-0.049233004450798035,0.08915939927101135,-0.0861174464225769,0.16040681302547455,-0.02626822330057621,0.11635828018188477,0.13413484394550323,0.32280975580215454,0.15278248488903046,0.02375439740717411,-0.0593402199447155,0.4892316460609436,0.14847251772880554,0.047131314873695374,0.13156308233737946,0.3410900831222534,0.1692693680524826,0.009791368618607521,-0.05254312977194786,0.5070264339447021,0.16854918003082275,0.023000281304121017,0.15081673860549927,0.332527756690979,-0.009495233185589314,0.02701207809150219,-0.09289068728685379,0.5305402874946594,0.015593084506690502,0.04342678189277649,7,0.291,0.34241873025894165,0.7051381468772888,2.0951075896391558e-07,,0.3598322570323944,0.6800820827484131,-0.02239067293703556,,0.37246692180633545,0.6485853791236877,-0.03945499286055565,,0.38211002945899963,0.6269656419754028,-0.0547020360827446,,0.39149290323257446,0.6064924001693726,-0.07019712030887604,,0.32276174426078796,0.6058993339538574,-0.030995571985840797,,0.31537410616874695,0.5778168439865112,-0.04850365221500397,,0.31272614002227783,0.5571523904800415,-0.06178084388375282,,0.31266987323760986,0.5378767848014832,-0.0708380937576294,,0.3025692403316498,0.6332749724388123,-0.028855616226792336,,0.30078741908073425,0.6230023503303528,-0.046609584242105484,,0.3114400804042816,0.6267967224121094,-0.05501925200223923,,0.3193812668323517,0.6287146210670471,-0.059381552040576935,,0.2915072739124298,0.668571949005127,-0.028280815109610558,,0.2923881709575653,0.668236255645752,-0.04286026582121849,,0.303833931684494,0.6766163110733032,-0.04329315572977066,,0.31272634863853455,0.6803424954414368,-0.04188371077179909,,0.28809890151023865,0.7041811943054199,-0.02985466830432415,,0.28784283995628357,0.707297682762146,-0.03949294984340668,,0.2976805865764618,0.7142672538757324,-0.03814950957894325,,0.30531397461891174,0.7177125215530396,-0.03554176911711693,
-0.07764685153961182,-0.5920339226722717,-0.20327748358249664,0.999152660369873,-0.056872908025979996,-0.6317549347877502,-0.20915594696998596,0.9985694885253906,-0.05741029605269432,-0.6314966082572937,-0.211113840341568,0.9986906051635742,-0.05697613209486008,-0.6317108273506165,-0.20902764797210693,0.998674750328064,-0.08874832838773727,-0.6345711946487427,-0.19384585320949554,0.9981598854064941,-0.08673182874917984,-0.6354284882545471,-0.19399049878120422,0.9981779456138611,-0.08739122748374939,-0.6345129609107971,-0.18990229070186615,0.9979545474052429,0.06145750731229782,-0.6329125761985779,-0.16043314337730408,0.9987582564353943,-0.060476310551166534,-0.6414561867713928,-0.07017692923545837,0.9969032406806946,-0.03564681112766266,-0.5690788626670837,-0.19179250299930573,0.9994145631790161,-0.07264258712530136,-0.57011878490448,-0.16507107019424438,0.9990704655647278,0.1812421828508377,-0.4353629946708679,-0.120747871696949,0.9992188811302185,-0.10318825393915176,-0.46397483348846436,0.031005704775452614,0.9990061521530151,0.18225370347499847,-0.15734970569610596,-0.12207033485174179,0.8983737826347351,-0.16785088181495667,-0.2925006151199341,-0.016724320128560066,0.7037184834480286,0.18577098846435547,0.080483578145504,-0.18820443749427795,0.4899289309978485,-0.3038742244243622,-0.3646147549152374,-0.24673746526241302,0.4165997803211212,0.19103099405765533,0.1465989649295807,-0.19778971374034882,0.45034560561180115,-0.3331630229949951,-0.38281697034835815,-0.28504443168640137,0.3909601867198944,0.17791593074798584,0.151230588555336,-0.23356986045837402,0.5008295178413391,-0.34132879972457886,-0.40302833914756775,-0.2861786484718323,0.43263715505599976,0.17351748049259186,0.09479740262031555,-0.20424728095531464,0.47831976413726807,-0.30354276299476624,-0.3694327175617218,-0.2562035620212555,0.422979474067688,0.09822352975606918,-0.004954045172780752,-0.029708847403526306,0.2194756120443344,-0.09785327315330505,-0.003045919118449092,0.03139495477080345,0.22493213415145874,0.11573529988527298,0.06303605437278748,-0.049720413982868195,0.09698567539453506,-0.08592738211154938,0.14673462510108948,-0.030257146805524826,0.12721794843673706,0.13454708456993103,0.30030712485313416,0.1541098803281784,0.02512848936021328,-0.06324543058872223,0.4773882329463959,0.15185999870300293,0.0517735481262207,0.13263729214668274,0.31510502099990845,0.1707492619752884,0.01018398068845272,-0.05766426771879196,0.49359023571014404,0.1747095137834549,0.024334503337740898,0.15345178544521332,0.30608105659484863,-0.00908657256513834,0.02912122942507267,-0.09885317087173462,0.517121434211731,0.015765802934765816,0.048612888902425766,8,0.333,0.34577473998069763,0.6187278032302856,2.314779692369484e-07,,0.3653850555419922,0.5926645398139954,-0.014615450985729694,,0.3813224732875824,0.5644380450248718,-0.02661091461777687,,0.3976626396179199,0.551315188407898,-0.03840123862028122,,0.41184547543525696,0.5356283187866211,-0.05082349851727486,,0.34567779302597046,0.5023513436317444,-0.020488319918513298,,0.343877911567688,0.46539226174354553,-0.033828750252723694,,0.34291696548461914,0.44299736618995667,-0.04406065121293068,,0.344007670879364,0.4238034188747406,-0.05145959183573723,,0.32451456785202026,0.5169734954833984,-0.021484602242708206,,0.32654786109924316,0.5035783648490906,-0.03408502787351608,,0.3351709246635437,0.5058917999267578,-0.04012150317430496,,0.3407198488712311,0.5063275098800659,-0.04398679733276367,,0.30956441164016724,0.5460959076881409,-0.023824606090784073,,0.31552445888519287,0.5523114204406738,-0.03518006578087807,,0.3275403380393982,0.5682892203330994,-0.03476575016975403,,0.3349769711494446,0.5759442448616028,-0.0335945226252079,,0.30077454447746277,0.5806201100349426,-0.027943428605794907,,0.30677974224090576,0.5919477939605713,-0.035964928567409515,,0.3178163766860962,0.6053218245506287,-0.03480522334575653,,0.32437124848365784,0.6109521389007568,-0.03291277587413788,
-0.07159212231636047,-0.5920953154563904,-0.19749096035957336,0.9992061257362366,-0.04808361828327179,-0.6315334439277649,-0.2027556300163269,0.9986452460289001,-0.04875896871089935,-0.631277859210968,-0.20483006536960602,0.9987446665763855,-0.04830091446638107,-0.6314729452133179,-0.20267949998378754,0.9987351894378662,-0.07784200459718704,-0.6346452832221985,-0.18751919269561768,0.9982573390007019,-0.07590038329362869,-0.6354920864105225,-0.18763253092765808,0.9982627630233765,-0.07657209038734436,-0.6345797181129456,-0.1834670752286911,0.9980568885803223,0.07019373029470444,-0.6278594732284546,-0.15553532540798187,0.9988376498222351,-0.048185497522354126,-0.6414871215820312,-0.06635523587465286,0.9970530867576599,-0.03148587793111801,-0.5688219666481018,-0.18695583939552307,0.9994435906410217,-0.06686034053564072,-0.5702611207962036,-0.16058054566383362,0.9991183876991272,0.18234547972679138,-0.4265613257884979,-0.11812254041433334,0.999197244644165,-0.10479292273521423,-0.4730212986469269,0.03562105819582939,0.9990368485450745,0.18118731677532196,-0.14930175244808197,-0.11979438364505768,0.9067490100860596,-0.2107633352279663,-0.34004393219947815,-0.019645744934678078,0.7244099378585815,0.19653989374637604,0.09758808463811874,-0.1918601244688034,0.537711501121521,-0.2836024761199951,-0.43167030811309814,-0.2682654857635498,0.4726496636867523,0.200416699051857,0.16529135406017303,-0.20240026712417603,0.4988444149494171,-0.2881815731525421,-0.45335572957992554,-0.3084370195865631,0.4474709630012512,0.19158492982387543,0.17229098081588745,-0.23525705933570862,0.5450414419174194,-0.28687092661857605,-0.4775063991546631,-0.29987430572509766,0.48511284589767456,0.18586422502994537,0.11326636373996735,-0.2064962238073349,0.5237908959388733,-0.27523311972618103,-0.4382191002368927,-0.27342507243156433,0.47458580136299133,0.09824927896261215,-0.004540903959423304,-0.03070272132754326,0.2333936095237732,-0.09776294976472855,-0.003665440483018756,0.032510627061128616,0.24574406445026398,0.1205066367983818,0.030515385791659355,-0.06519322842359543,0.10865665972232819,-0.08784160017967224,0.08578422665596008,-0.03156399726867676,0.13566958904266357,0.13585422933101654,0.27955448627471924,0.14958502352237701,0.026967989280819893,-0.06449419260025024,0.44493231177330017,0.14942118525505066,0.0547109916806221,0.13361497223377228,0.29345524311065674,0.16553053259849548,0.010679018683731556,-0.0572492778301239,0.45935848355293274,0.17252002656459808,0.02531963400542736,0.1568038910627365,0.2709771990776062,-0.034223198890686035,0.031017284840345383,-0.09590190649032593,0.4746713638305664,0.001241302234120667,0.05149310827255249,9,0.375,0.3755289912223816,0.4803580641746521,8.167764065092342e-08,,0.39885544776916504,0.4675711393356323,-0.012423223815858364,,0.4198872447013855,0.4496244788169861,-0.022734766826033592,,0.439500093460083,0.4475541412830353,-0.033490587025880814,,0.4561646580696106,0.4441673159599304,-0.04475287348031998,,0.40309634804725647,0.38182365894317627,-0.0176567230373621,,0.40940621495246887,0.3395371735095978,-0.0293926689773798,,0.41364800930023193,0.312971293926239,-0.0380440354347229,,0.417974054813385,0.2901725769042969,-0.044913046061992645,,0.38413286209106445,0.37940341234207153,-0.01922549121081829,,0.3830943703651428,0.38811057806015015,-0.034297551959753036,,0.385384202003479,0.4205472469329834,-0.03890550136566162,,0.3868589997291565,0.4386860430240631,-0.040763866156339645,,0.3662552535533905,0.3933350145816803,-0.021965578198432922,,0.3660615384578705,0.4070276916027069,-0.0345596969127655,,0.37027427554130554,0.4325239956378937,-0.031707435846328735,,0.3729081153869629,0.44407737255096436,-0.028613854199647903,,0.35050901770591736,0.41357719898223877,-0.026285070925951004,,0.35134413838386536,0.42703723907470703,-0.034289244562387466,,0.3566736578941345,0.44629979133605957,-0.031568944454193115,,0.36101314425468445,0.4540635645389557,-0.028422443196177483,
-0.05804329365491867,-0.5915536284446716,-0.2092287689447403,0.9992720484733582,-0.03318137302994728,-0.6302638649940491,-0.2132151871919632,0.998746931552887,-0.033911265432834625,-0.6299797296524048,-0.21524778008460999,0.9988335967063904,-0.033504668623209,-0.6300930976867676,-0.21312853693962097,0.9988270401954651,-0.06367921829223633,-0.634326696395874,-0.19907604157924652,0.9983859062194824,-0.06177235767245293,-0.6351200938224792,-0.19921085238456726,0.9983855485916138,-0.06246555224061012,-0.6342028975486755,-0.1950739026069641,0.9981947541236877,0.08419344574213028,-0.6209374666213989,-0.1621559113264084,0.9989331364631653,-0.038841649889945984,-0.6407747268676758,-0.07633018493652344,0.9972705841064453,-0.018863996490836143,-0.5664565563201904,-0.19710303843021393,0.9994887113571167,-0.05518558621406555,-0.5695440173149109,-0.17168912291526794,0.9991890788078308,0.18878105282783508,-0.41712477803230286,-0.12414691597223282,0.9992297291755676,-0.10224595665931702,-0.4745353162288666,0.019844900816679,0.9990990161895752,0.18139100074768066,-0.13955195248126984,-0.1252269595861435,0.9151410460472107,-0.2413458526134491,-0.36562076210975647,-0.05672468617558479,0.7491181492805481,0.20173394680023193,0.1017196923494339,-0.195511132478714,0.5809895396232605,-0.25139525532722473,-0.4678734540939331,-0.2920406460762024,0.5238460302352905,0.20237231254577637,0.17137405276298523,-0.20350581407546997,0.5407702326774597,-0.23643268644809723,-0.48549073934555054,-0.3267050087451935,0.4980930685997009,0.19257336854934692,0.18187835812568665,-0.23556360602378845,0.58343106508255,-0.2269727736711502,-0.5073454976081848,-0.31347811222076416,0.532045304775238,0.18991558253765106,0.11870937049388885,-0.20883680880069733,0.5633959174156189,-0.23576149344444275,-0.47354939579963684,-0.29476791620254517,0.5210087895393372,0.09863903373479843,-0.0040083760395646095,-0.03058604896068573,0.23955124616622925,-0.09779287874698639,-0.003872156608849764,0.032386984676122665,0.25737616419792175,0.12527760863304138,0.003686412936076522,-0.09600070863962173,0.11125785857439041,-0.08797114342451096,0.03302694112062454,-0.06940847635269165,0.13617728650569916,0.14882132411003113,0.28070858120918274,0.13614271581172943,0.02783074416220188,-0.05934111028909683,0.4387206435203552,0.1503669023513794,0.05465586856007576,0.14930525422096252,0.2951084077358246,0.15190137922763824,0.01081556174904108,-0.04960234463214874,0.4550963044166565,0.17529818415641785,0.025065157562494278,0.1694122701883316,0.26539158821105957,-0.07240641117095947,0.031174715608358383,-0.0824960246682167,0.4559319019317627,-0.0039336238987743855,0.05057177320122719,10,0.417,0.39319494366645813,0.45099592208862305,3.051685553145944e-07,,0.4153602719306946,0.43354541063308716,-0.012333698570728302,,0.4371867775917053,0.41716688871383667,-0.020584536716341972,,0.4578952193260193,0.41492193937301636,-0.029637061059474945,,0.474459707736969,0.4156433939933777,-0.03940572217106819,,0.4305223822593689,0.3541712164878845,-0.010635373182594776,,0.44057509303092957,0.31713804602622986,-0.021877529099583626,,0.44579392671585083,0.2857484817504883,-0.03170662745833397,,0.4495221674442291,0.2592926621437073,-0.038606688380241394,,0.4137321412563324,0.34953752160072327,-0.011216922663152218,,0.4212736189365387,0.3262295126914978,-0.022825075313448906,,0.4241460859775543,0.3085852861404419,-0.03139105439186096,,0.4260251224040985,0.2941175699234009,-0.036454908549785614,,0.3973275423049927,0.3553716838359833,-0.013181919232010841,,0.40141552686691284,0.34813758730888367,-0.026078639551997185,,0.4045558571815491,0.36504966020584106,-0.029263846576213837,,0.407764196395874,0.38220900297164917,-0.02849552035331726,,0.38205963373184204,0.37125393748283386,-0.01647908054292202,,0.38423997163772583,0.37025001645088196,-0.02609103173017502,,0.3890714645385742,0.3876165747642517,-0.026338832452893257,,0.3950832188129425,0.4058263897895813,-0.024135291576385498,
-0.04678330197930336,-0.5900136232376099,-0.21205398440361023,0.9993337988853455,-0.023912744596600533,-0.6287060379981995,-0.21447019279003143,0.9988434910774231,-0.02461572363972664,-0.6284095644950867,-0.2164396345615387,0.9989190697669983,-0.024237854406237602,-0.6284470558166504,-0.21434342861175537,0.9989145994186401,-0.0553433783352375,-0.6332915425300598,-0.20236270129680634,0.9985101222991943,-0.053390830755233765,-0.6339923143386841,-0.2025788128376007,0.998505711555481,-0.05410809442400932,-0.633061945438385,-0.19842739403247833,0.9983288049697876,0.08851292729377747,-0.6178747415542603,-0.1586531549692154,0.9990229606628418,-0.0383676216006279,-0.6386852264404297,-0.08074945211410522,0.9974884986877441,-0.008807269856333733,-0.5634967684745789,-0.1983913630247116,0.9995316863059998,-0.04638977348804474,-0.567305862903595,-0.1751464456319809,0.9992573857307434,0.19258438050746918,-0.414384126663208,-0.11567520350217819,0.9992660284042358,-0.10145352780818939,-0.47376054525375366,0.012050998397171497,0.9991583228111267,0.19656285643577576,-0.13542330265045166,-0.11929265409708023,0.9226567149162292,-0.2415076643228531,-0.36969056725502014,-0.08763010054826736,0.772056519985199,0.2171458601951599,0.10752145946025848,-0.19230060279369354,0.6193881630897522,-0.2183186560869217,-0.4742768108844757,-0.30601856112480164,0.5697314143180847,0.2149004489183426,0.17889302968978882,-0.19838468730449677,0.5758910179138184,-0.1963135004043579,-0.49152514338493347,-0.3392595946788788,0.5421949625015259,0.20211507380008698,0.19156010448932648,-0.22810983657836914,0.6155062317848206,-0.18750612437725067,-0.5127101540565491,-0.322211354970932,0.5726452469825745,0.2035752385854721,0.12539799511432648,-0.20415925979614258,0.5965645909309387,-0.2017405778169632,-0.48006150126457214,-0.3070090115070343,0.5607641935348511,0.09873411804437637,-0.003930672537535429,-0.02848760038614273,0.2548205852508545,-0.09779957681894302,-0.003821686841547489,0.03005438670516014,0.27724677324295044,0.12868492305278778,0.005820492282509804,-0.09289968013763428,0.10972818732261658,-0.08611847460269928,0.04575096815824509,-0.07986344397068024,0.13415592908859253,0.16188237071037292,0.2924981415271759,0.13705167174339294,0.02794959954917431,-0.05101652815937996,0.44359177350997925,0.15139751136302948,0.05360962450504303,0.1651766151189804,0.30860623717308044,0.15228480100631714,0.010848143137991428,-0.040226493030786514,0.45974037051200867,0.1767600178718567,0.024602659046649933,0.18333686888217926,0.2731662392616272,-0.06735262274742126,0.030733995139598846,-0.06947837769985199,0.46528899669647217,-0.002467772923409939,0.048920243978500366,11,0.458,0.4181780517101288,0.42618173360824585,1.640869129460043e-07,,0.4428081512451172,0.4126916527748108,-0.0100368931889534,,0.4650996923446655,0.40014904737472534,-0.017520254477858543,,0.48429542779922485,0.4030488431453705,-0.025874001905322075,,0.4976832866668701,0.4050951898097992,-0.034637659788131714,,0.4568328857421875,0.34166932106018066,-0.009339477866888046,,0.4698391556739807,0.30787986516952515,-0.01948317140340805,,0.47739478945732117,0.2808479964733124,-0.02813645638525486,,0.4833656847476959,0.2560325860977173,-0.034773021936416626,,0.4432962238788605,0.3339659571647644,-0.010653645731508732,,0.4511251747608185,0.33404719829559326,-0.024714676663279533,,0.4518961012363434,0.35707932710647583,-0.03197287395596504,,0.4511459767818451,0.3725258409976959,-0.035028960555791855,,0.42835235595703125,0.3349013924598694,-0.013140497729182243,,0.43751925230026245,0.3336051106452942,-0.02506275661289692,,0.4393717348575592,0.3528866767883301,-0.02568674087524414,,0.4392819106578827,0.3667212426662445,-0.023934435099363327,,0.4128842353820801,0.3435417115688324,-0.016895752400159836,,0.4219142198562622,0.3400040864944458,-0.0252439696341753,,0.4264809787273407,0.355241596698761,-0.024445895105600357,,0.42910054326057434,0.3693864047527313,-0.021982688456773758,
-0.03783552348613739,-0.589004397392273,-0.21556787192821503,0.9993895888328552,-0.01845940388739109,-0.6279717683792114,-0.21837513148784637,0.9989305734634399,-0.019143471494317055,-0.6276751756668091,-0.22033679485321045,0.9989952445030212,-0.018728995695710182,-0.6276839375495911,-0.2182585448026657,0.9989939332008362,-0.050730686634778976,-0.6325496435165405,-0.20494188368320465,0.9986269474029541,-0.04873339831829071,-0.6332101821899414,-0.2051195502281189,0.9986210465431213,-0.04942304268479347,-0.6322730779647827,-0.20101916790008545,0.99845951795578,0.08738315105438232,-0.6174057722091675,-0.15852491557598114,0.9991032481193542,-0.04106916859745979,-0.6368373036384583,-0.08744604885578156,0.9976987838745117,-0.0024819644168019295,-0.5621516704559326,-0.2020605355501175,0.9995707273483276,-0.04109188914299011,-0.5657351613044739,-0.17631728947162628,0.9993215799331665,0.19236136972904205,-0.41398271918296814,-0.10789192467927933,0.9992936253547668,-0.10298466682434082,-0.47168511152267456,0.0021857351530343294,0.9992133378982544,0.20320746302604675,-0.13446123898029327,-0.09966912865638733,0.9285326600074768,-0.2455057054758072,-0.36341702938079834,-0.10701163858175278,0.7924771904945374,0.2161584347486496,0.10307672619819641,-0.17204821109771729,0.6506838798522949,-0.1889183074235916,-0.4645552635192871,-0.30758681893348694,0.6099506616592407,0.2132192701101303,0.17306727170944214,-0.17517682909965515,0.6016324758529663,-0.15920883417129517,-0.4800407588481903,-0.3387100100517273,0.5791121125221252,0.19884920120239258,0.18348011374473572,-0.20438124239444733,0.6391323208808899,-0.15192021429538727,-0.5026730298995972,-0.32096046209335327,0.6063773036003113,0.2015453577041626,0.12005625665187836,-0.18364223837852478,0.6203373074531555,-0.17200511693954468,-0.4701888859272003,-0.30728402733802795,0.5923451781272888,0.09895171225070953,-0.004194332752376795,-0.02232346683740616,0.25806376338005066,-0.09788799285888672,-0.003492026822641492,0.023948507383465767,0.28559592366218567,0.12740390002727509,-0.0019852030090987682,-0.0874985009431839,0.11377134919166565,-0.08615374565124512,0.05753939226269722,-0.08584638684988022,0.14073511958122253,0.1602858006954193,0.28484219312667847,0.14128977060317993,0.028995715081691742,-0.05518224462866783,0.44157397747039795,0.1487264484167099,0.0551571249961853,0.16333821415901184,0.301321417093277,0.15547846257686615,0.011228774674236774,-0.04267895221710205,0.45869287848472595,0.17523093521595,0.024673016741871834,0.188606396317482,0.2680358588695526,-0.061891913414001465,0.031766217201948166,-0.0762810930609703,0.46640732884407043,-0.008915831334888935,0.04976646974682808,12,0.5,0.44329333305358887,0.4372767508029938,1.0063738642429598e-07,,0.4660009443759918,0.43496373295783997,-0.00803374033421278,,0.4893057346343994,0.42238596081733704,-0.016504433006048203,,0.5068732500076294,0.4243322014808655,-0.025981994345784187,,0.519783616065979,0.434744268655777,-0.03543157875537872,,0.4858817458152771,0.3499882221221924,-0.009612590074539185,,0.5022252202033997,0.32087159156799316,-0.01913229562342167,,0.5132504105567932,0.29837778210639954,-0.02558094449341297,,0.5219764113426208,0.27936744689941406,-0.03029252588748932,,0.47289395332336426,0.33734726905822754,-0.011511712335050106,,0.48808684945106506,0.3528321385383606,-0.023625802248716354,,0.4822307825088501,0.3820347785949707,-0.025719594210386276,,0.47519147396087646,0.388018399477005,-0.025259671732783318,,0.45920902490615845,0.3346288800239563,-0.014442476443946362,,0.4763416647911072,0.3528004586696625,-0.025658801198005676,,0.4713684320449829,0.37915104627609253,-0.02182563580572605,,0.4648256003856659,0.38363534212112427,-0.01714019477367401,,0.4448705315589905,0.3380185067653656,-0.01840239204466343,,0.4626480042934418,0.3490673005580902,-0.025057632476091385,,0.4614042341709137,0.37042203545570374,-0.02068890817463398,,0.45589619874954224,0.37580934166908264,-0.015780344605445862,
-0.021551577374339104,-0.5911356806755066,-0.23174820840358734,0.999432384967804,-0.002150084590539336,-0.6293583512306213,-0.22941060364246368,0.9989907741546631,-0.0028377752751111984,-0.6290661692619324,-0.23151208460330963,0.999040961265564,-0.0023419398348778486,-0.629041850566864,-0.2293456494808197,0.9990429878234863,-0.03580643609166145,-0.6344854831695557,-0.2221330851316452,0.9987176656723022,-0.03381508216261864,-0.6351228952407837,-0.2222597450017929,0.9987106919288635,-0.03444346785545349,-0.6341876983642578,-0.21811543405056,0.9985637664794922,0.09654264897108078,-0.6173018217086792,-0.1608581244945526,0.9991562366485596,-0.03894808143377304,-0.6369480490684509,-0.10564601421356201,0.9978575706481934,0.010770540684461594,-0.562959611415863,-0.2126905471086502,0.9995933175086975,-0.02966170758008957,-0.5669861435890198,-0.19574370980262756,0.9993656277656555,0.19369913637638092,-0.4131734371185303,-0.10631006956100464,0.9992237687110901,-0.10414379835128784,-0.4712938368320465,-0.018745627254247665,0.9992256164550781,0.202798530459404,-0.13488039374351501,-0.09497202187776566,0.9324941039085388,-0.24246376752853394,-0.3580659031867981,-0.1232171356678009,0.8095722198486328,0.21472206711769104,0.10111609846353531,-0.17551162838935852,0.6771104335784912,-0.20347699522972107,-0.46121925115585327,-0.3387758433818817,0.6459528207778931,0.2056213915348053,0.169826939702034,-0.17962883412837982,0.6241313219070435,-0.18666508793830872,-0.4834522008895874,-0.37392061948776245,0.6137420535087585,0.19413723051548004,0.17844821512699127,-0.21087834239006042,0.6597803235054016,-0.18357449769973755,-0.5090367197990417,-0.35708409547805786,0.6382946372032166,0.19962497055530548,0.11716154962778091,-0.18842265009880066,0.6407984495162964,-0.19048714637756348,-0.46835359930992126,-0.33917948603630066,0.6223780512809753,0.0992434099316597,-0.004199025221168995,-0.01293449942022562,0.250996857881546,-0.09801414608955383,-0.003511331509798765,0.014799430035054684,0.28354412317276,0.13528341054916382,-0.01271082554012537,-0.0851864367723465,0.11771609634160995,-0.08589912950992584,0.05443740263581276,-0.10189372301101685,0.1485874056816101,0.15939588844776154,0.27498355507850647,0.146713525056839,0.02996315062046051,-0.06542941927909851,0.43367883563041687,0.12068045139312744,0.05752347409725189,0.16232703626155853,0.29167523980140686,0.16156749427318573,0.011844977736473083,-0.052658867090940475,0.4500022530555725,0.1463882029056549,0.02497931197285652,0.19896797835826874,0.25722894072532654,-0.059704650193452835,0.032807856798172,-0.07631000876426697,0.45541828870773315,-0.048212919384241104,0.051258306950330734,13,0.542,,,,,,,,,,,,,,,,,,,,,,,,,,,,,,,,,,,,,,,,,,,,,,,,,,,,,,,,,,,,,,,,,,,,,,,,,,,,,,,,,,,,
-0.017411189153790474,-0.5908463001251221,-0.2493656873703003,0.9994778633117676,0.004072725307196379,-0.6286299228668213,-0.24624033272266388,0.9990628361701965,0.003370389575138688,-0.628328800201416,-0.2483423948287964,0.9991052746772766,0.0038429764099419117,-0.6282695531845093,-0.24615928530693054,0.9991075396537781,-0.030220815911889076,-0.6339859962463379,-0.23836775124073029,0.9988125562667847,-0.0282520093023777,-0.6345922350883484,-0.2383762001991272,0.9988041520118713,-0.02888631448149681,-0.6336367726325989,-0.23421698808670044,0.9986685514450073,0.10663305222988129,-0.6123937964439392,-0.1729937493801117,0.9992204308509827,-0.03295721113681793,-0.6337061524391174,-0.11506421864032745,0.9980130195617676,0.016153519973158836,-0.5617814064025879,-0.22993537783622742,0.999625027179718,-0.025013234466314316,-0.5662059783935547,-0.2116936296224594,0.9994149804115295,0.20216865837574005,-0.4060962498188019,-0.10753385722637177,0.9992583990097046,-0.10219521820545197,-0.4696453809738159,-0.030729535967111588,0.9992725253105164,0.20478953421115875,-0.1330433338880539,-0.09697496891021729,0.9375451803207397,-0.24454928934574127,-0.35161733627319336,-0.11350575089454651,0.8263126015663147,0.2132715880870819,0.10053914040327072,-0.1787658929824829,0.702853262424469,-0.26776236295700073,-0.448458731174469,-0.3330732583999634,0.6796589493751526,0.20510369539260864,0.169257253408432,-0.18293127417564392,0.6467120051383972,-0.27021536231040955,-0.4704481363296509,-0.3653827905654907,0.6480129361152649,0.19305302202701569,0.1764792948961258,-0.2175922691822052,0.6812389492988586,-0.2712272107601166,-0.49087849259376526,-0.36019638180732727,0.6703780293464661,0.19861647486686707,0.11610881239175797,-0.19263379275798798,0.6624931693077087,-0.2600122392177582,-0.45376744866371155,-0.3383373022079468,0.6543327569961548,0.10020076483488083,-0.002973846858367324,-0.012669426389038563,0.25759992003440857,-0.09838806092739105,-0.004214624408632517,0.01454418245702982,0.29395169019699097,0.13471601903438568,-0.020387768745422363,-0.10356464982032776,0.12263793498277664,-0.08328413218259811,0.02821994200348854,-0.11817224323749542,0.153550386428833,0.16108283400535583,0.2821276783943176,0.13472920656204224,0.032430220395326614,-0.06379218399524689,0.43619513511657715,0.11949397623538971,0.060315169394016266,0.1643320769071579,0.30106037855148315,0.1508851796388626,0.012907206080853939,-0.051835402846336365,0.45254433155059814,0.1489391326904297,0.025667114183306694,0.19924868643283844,0.2604190409183502,-0.08524060249328613,0.03457844629883766,-0.06681296229362488,0.45415493845939636,-0.04887600615620613,0.05228167772293091,14,0.583,0.33213576674461365,0.537244975566864,2.507121337202989e-07,,0.34820622205734253,0.48270851373672485,-0.004371881950646639,,0.377849817276001,0.4318576455116272,-0.006987965200096369,,0.4053911864757538,0.40570178627967834,-0.01082718838006258,,0.4276607930660248,0.39003390073776245,-0.014567076228559017,,0.3850741684436798,0.40517929196357727,0.002421941142529249,,0.41196393966674805,0.36939653754234314,-0.0047576455399394035,,0.42993876338005066,0.34127870202064514,-0.012243369594216347,,0.44620823860168457,0.31893134117126465,-0.0180619228631258,,0.382874071598053,0.41780325770378113,-0.0010701805585995317,,0.40536901354789734,0.3961164057254791,-0.0076508005149662495,,0.4252150356769562,0.37881791591644287,-0.014204563573002815,,0.44345760345458984,0.3647463917732239,-0.01933256909251213,,0.37997034192085266,0.4382600784301758,-0.006064957939088345,,0.40231361985206604,0.41191208362579346,-0.012110460549592972,,0.4201198220252991,0.3973561227321625,-0.01300650741904974,,0.43510282039642334,0.38856831192970276,-0.013798867352306843,,0.3751615285873413,0.46242985129356384,-0.012216952629387379,,0.3922610878944397,0.4379490315914154,-0.015373029746115208,,0.40625500679016113,0.4229249954223633,-0.013852459378540516,,0.4186577796936035,0.4110667109489441,-0.013099545612931252,
-0.012808539904654026,-0.5934345722198486,-0.2716635763645172,0.9995116591453552,0.00845154095441103,-0.6306430697441101,-0.26882439851760864,0.9991140961647034,0.007814755663275719,-0.6303328275680542,-0.2708190977573395,0.9991486072540283,0.00827872660011053,-0.6302454471588135,-0.2687510550022125,0.9991493225097656,-0.02663586102426052,-0.6357149481773376,-0.26175522804260254,0.998885989189148,-0.02460663951933384,-0.6362717151641846,-0.2618059515953064,0.9988772869110107,-0.025234611704945564,-0.6353025436401367,-0.25773146748542786,0.9987505078315735,0.10947208106517792,-0.6132580637931824,-0.19070017337799072,0.9992662072181702,-0.03292151167988777,-0.63372802734375,-0.13413693010807037,0.9981335997581482,0.020316580310463905,-0.5639918446540833,-0.2507376968860626,0.9996418356895447,-0.021795669570565224,-0.5679259300231934,-0.23312410712242126,0.9994449019432068,0.2035856544971466,-0.4082339406013489,-0.11490313708782196,0.9992151856422424,-0.10263590514659882,-0.46809425950050354,-0.04894323647022247,0.9992328882217407,0.20526744425296783,-0.1402929574251175,-0.09766556322574615,0.9391531348228455,-0.24362237751483917,-0.3498097360134125,-0.11888615041971207,0.8365347385406494,0.21261011064052582,0.08474452793598175,-0.20047646760940552,0.713145911693573,-0.33760949969291687,-0.436916708946228,-0.3306226432323456,0.7040127515792847,0.20463944971561432,0.14932887256145477,-0.20518553256988525,0.6505796909332275,-0.36336782574653625,-0.4623662531375885,-0.3589124083518982,0.6694900393486023,0.19175302982330322,0.15303941071033478,-0.24604253470897675,0.6870352029800415,-0.3823661506175995,-0.4783232808113098,-0.3643013536930084,0.6911959052085876,0.19669707119464874,0.09824036061763763,-0.21845538914203644,0.6668830513954163,-0.34173911809921265,-0.44085898995399475,-0.34067821502685547,0.6730406284332275,0.10078641027212143,-0.0028877374716103077,-0.01048250775784254,0.24656756222248077,-0.09887722879648209,-0.004416841547936201,0.012393645942211151,0.28333762288093567,0.1334630697965622,-0.027638718485832214,-0.09716884046792984,0.12209410965442657,-0.08438704162836075,0.03165995702147484,-0.11171751469373703,0.1544196754693985,0.1601622849702835,0.2698807120323181,0.14857354760169983,0.03253116086125374,-0.0858326330780983,0.43741798400878906,0.12196651101112366,0.06103771924972534,0.16313090920448303,0.2869667708873749,0.167075976729393,0.013176105916500092,-0.07790824770927429,0.45417851209640503,0.14985206723213196,0.025644591078162193,0.19801662862300873,0.2527962327003479,-0.075781911611557,0.03507489338517189,-0.08736081421375275,0.45619070529937744,-0.03989936411380768,0.05262836441397667,15,0.625,0.3015678822994232,0.6130477786064148,-1.2005948235582764e-07,,0.3237123191356659,0.573363184928894,-0.014307641424238682,,0.3359784483909607,0.5158414244651794,-0.022212298586964607,,0.3431316912174225,0.4704930782318115,-0.029576707631349564,,0.35245272517204285,0.43495526909828186,-0.035141170024871826,,0.30777230858802795,0.45423904061317444,-0.010092063806951046,,0.31214064359664917,0.435837984085083,-0.028143368661403656,,0.31624600291252136,0.4739021062850952,-0.039455346763134,,0.3181472420692444,0.4947034418582916,-0.04515392333269119,,0.28826889395713806,0.4642918109893799,-0.010001382790505886,,0.29317423701286316,0.45983749628067017,-0.02564486674964428,,0.29951226711273193,0.4958273470401764,-0.03003411367535591,,0.30209511518478394,0.5116645097732544,-0.031168906018137932,,0.2719492018222809,0.48645031452178955,-0.012946689501404762,,0.2766982316970825,0.4873657822608948,-0.027761565521359444,,0.2841688394546509,0.5193728804588318,-0.02434706874191761,,0.2877165377140045,0.5345337390899658,-0.019676828756928444,,0.25916343927383423,0.5152469873428345,-0.017441341653466225,,0.26286810636520386,0.5160661339759827,-0.02636091038584709,,0.26981791853904724,0.5373120903968811,-0.023021800443530083,,0.27340731024742126,0.547835111618042,-0.018409693613648415,
-0.009757013991475105,-0.5987095832824707,-0.27597540616989136,0.9995533227920532,0.01056777685880661,-0.6360687613487244,-0.27114638686180115,0.9991859197616577,0.009971474297344685,-0.635722815990448,-0.2730749547481537,0.9992151856422424,0.010407734662294388,-0.6355844140052795,-0.2710340917110443,0.9992138743400574,-0.025551369413733482,-0.6407527327537537,-0.26558756828308105,0.9989817142486572,-0.02347361110150814,-0.6412229537963867,-0.26569461822509766,0.9989739656448364,-0.024098513647913933,-0.6402539610862732,-0.2616662383079529,0.9988579750061035,0.10852223634719849,-0.6173281073570251,-0.18996424973011017,0.9993258118629456,-0.03350958973169327,-0.635626494884491,-0.13789503276348114,0.9982982873916626,0.02199951931834221,-0.5686349868774414,-0.2535732090473175,0.9996696710586548,-0.021350454539060593,-0.5719497799873352,-0.23805385828018188,0.9994907975196838,0.20362350344657898,-0.41325634717941284,-0.11616230756044388,0.9991903901100159,-0.1070023626089096,-0.46795904636383057,-0.05993717908859253,0.9992473125457764,0.20607662200927734,-0.15678970515727997,-0.10038772970438004,0.937942385673523,-0.24261704087257385,-0.3467392325401306,-0.13869930803775787,0.8481112122535706,0.21219976246356964,0.057067181915044785,-0.20183268189430237,0.7094399333000183,-0.34086835384368896,-0.4300278127193451,-0.36298710107803345,0.7254912257194519,0.20366737246513367,0.12068361043930054,-0.2063666582107544,0.6390522718429565,-0.36375513672828674,-0.4529438018798828,-0.39190781116485596,0.6876141428947449,0.1902654767036438,0.12136487662792206,-0.2506399154663086,0.6797052025794983,-0.3798680901527405,-0.46770358085632324,-0.4043762981891632,0.7092713117599487,0.19578099250793457,0.06930267810821533,-0.22157667577266693,0.6580561995506287,-0.34358909726142883,-0.4330272972583771,-0.3760993480682373,0.6892013549804688,0.1028064712882042,-0.0030064701568335295,-0.00645942660048604,0.2361566573381424,-0.10089108347892761,-0.004419875796884298,0.008466275408864021,0.2758248448371887,0.13193370401859283,-0.05204932019114494,-0.07704168558120728,0.12281952053308487,-0.08865507692098618,0.04492707550525665,-0.10848958790302277,0.15800321102142334,0.15968184173107147,0.23984065651893616,0.17791850864887238,0.03278539702296257,-0.10842327773571014,0.4382230341434479,0.14278613030910492,0.06343606859445572,0.16252480447292328,0.2549724280834198,0.19891703128814697,0.013371020555496216,-0.10265029221773148,0.4549158215522766,0.1753716766834259,0.025782929733395576,0.2024758756160736,0.22434574365615845,-0.04599486663937569,0.035783085972070694,-0.11342944204807281,0.4586312770843506,-0.0326869934797287,0.05406715348362923,16,0.667,0.29774147272109985,0.6350408792495728,-1.6921893575272406e-07,,0.3129212260246277,0.60296231508255,-0.011246485635638237,,0.3244902789592743,0.560091495513916,-0.01934427209198475,,0.326383113861084,0.5237554311752319,-0.02730616368353367,,0.3156445622444153,0.5052146315574646,-0.03278826177120209,,0.30165040493011475,0.46945157647132874,-0.005155235528945923,,0.31119364500045776,0.470602810382843,-0.021800566464662552,,0.31449344754219055,0.5039281249046326,-0.03234696015715599,,0.31141147017478943,0.5188073515892029,-0.03774981573224068,,0.28028759360313416,0.475857675075531,-0.006888304837048054,,0.29412612318992615,0.49924686551094055,-0.019676940515637398,,0.3006758391857147,0.5378882884979248,-0.02349027805030346,,0.2969733774662018,0.5382928252220154,-0.024211237207055092,,0.26424771547317505,0.4983557164669037,-0.011358638294041157,,0.2819812595844269,0.5301669239997864,-0.024222008883953094,,0.29016074538230896,0.5596771836280823,-0.022937260568141937,,0.2865477204322815,0.5551332831382751,-0.020071251317858696,,0.25229567289352417,0.5286137461662292,-0.01726565696299076,,0.26987946033477783,0.5540358424186707,-0.024955440312623978,,0.27783241868019104,0.5745542645454407,-0.02304711751639843,,0.27502453327178955,0.5707126259803772,-0.01966591738164425,
-3.208906855434179e-05,-0.6037559509277344,-0.28779345750808716,0.9995930194854736,0.021822232753038406,-0.639674186706543,-0.2815624177455902,0.9992539882659912,0.02127196453511715,-0.6393399238586426,-0.2833462357521057,0.999279260635376,0.021682126447558403,-0.639153242111206,-0.2814195454120636,0.9992757439613342,-0.015237855724990368,-0.6446853876113892,-0.2772768437862396,0.9990711212158203,-0.013089790940284729,-0.6451301574707031,-0.27740928530693054,0.9990644454956055,-0.013720996677875519,-0.6441461443901062,-0.27343982458114624,0.9989582896232605,0.11370143294334412,-0.6174517273902893,-0.19452042877674103,0.9993816614151001,-0.0331539548933506,-0.6359677314758301,-0.14850062131881714,0.9984508752822876,0.02820936217904091,-0.571932852268219,-0.263886421918869,0.9996964931488037,-0.016004066914319992,-0.5754936933517456,-0.2498810589313507,0.9995344281196594,0.20328159630298615,-0.41337719559669495,-0.12022633850574493,0.9991994500160217,-0.10932158678770065,-0.46490609645843506,-0.06882879137992859,0.9992630481719971,0.21260827779769897,-0.15580140054225922,-0.10255572199821472,0.938592255115509,-0.2411237508058548,-0.3336937129497528,-0.15219230949878693,0.8576454520225525,0.21573719382286072,0.06082874536514282,-0.21299239993095398,0.7031948566436768,-0.3415256440639496,-0.42815813422203064,-0.37261584401130676,0.7423208355903625,0.21065682172775269,0.12530264258384705,-0.2176659256219864,0.6246177554130554,-0.36210909485816956,-0.4464527368545532,-0.4005875289440155,0.6998754739761353,0.19250468909740448,0.1272621601819992,-0.26446670293807983,0.6691575050354004,-0.3803558051586151,-0.463224321603775,-0.41415712237358093,0.7217891216278076,0.1977681964635849,0.07370570302009583,-0.23420357704162598,0.645868182182312,-0.34460023045539856,-0.4320790469646454,-0.3857908844947815,0.6989930272102356,0.1031564399600029,-0.0033960328437387943,-0.006593792699277401,0.23782837390899658,-0.10137409716844559,-0.004109486471861601,0.008547872304916382,0.278923362493515,0.12439296394586563,-0.039909716695547104,-0.0710444301366806,0.1265118420124054,-0.08857294172048569,0.11029285937547684,-0.10645448416471481,0.16026608645915985,0.16480673849582672,0.2676020860671997,0.17001183331012726,0.03464726358652115,-0.1035395935177803,0.4666951298713684,0.15186050534248352,0.0651179775595665,0.16855011880397797,0.2850753962993622,0.1894271969795227,0.014003444463014603,-0.09684599936008453,0.4853948652744293,0.1850062906742096,0.026295838877558708,0.20487180352210999,0.26814305782318115,-0.05562543496489525,0.03791026398539543,-0.11180813610553741,0.5035209655761719,-0.018622877076268196,0.055228929966688156,17,0.709,0.30576378107070923,0.6354807615280151,-1.5027599431505223e-07,,0.3204135596752167,0.6076546907424927,-0.009746916592121124,,0.3298954367637634,0.5701932311058044,-0.017944127321243286,,0.33570408821105957,0.5395709872245789,-0.026662882417440414,,0.34119755029678345,0.5119629502296448,-0.03313179686665535,,0.30653584003448486,0.4746021032333374,-0.0039082965813577175,,0.32166314125061035,0.46972838044166565,-0.01960713602602482,,0.3258299231529236,0.4998740553855896,-0.029514731839299202,,0.32274100184440613,0.5246822834014893,-0.03404754400253296,,0.28744208812713623,0.4808027744293213,-0.005841479171067476,,0.3046821057796478,0.5012160539627075,-0.017261238768696785,,0.31139034032821655,0.5402948260307312,-0.02054320089519024,,0.3091714382171631,0.5509040355682373,-0.020926665514707565,,0.2726256251335144,0.5031206011772156,-0.010378163307905197,,0.29250529408454895,0.5314515233039856,-0.021239103749394417,,0.3002103865146637,0.5619077682495117,-0.0191077571362257,,0.29809123277664185,0.5655868649482727,-0.015928177163004875,,0.26144471764564514,0.5343651175498962,-0.016337068751454353,,0.28064775466918945,0.5565940141677856,-0.02201448380947113,,0.28831353783607483,0.5794616341590881,-0.018961695954203606,,0.2863401174545288,0.5815296769142151,-0.015054009854793549,
0.006909600459039211,-0.6092173457145691,-0.28666701912879944,0.9996296167373657,0.028636842966079712,-0.6446355581283569,-0.27954578399658203,0.999317467212677,0.028127476572990417,-0.6443054676055908,-0.28128546476364136,0.9993388056755066,0.028504617512226105,-0.644101083278656,-0.2793639302253723,0.9993333220481873,-0.00918394885957241,-0.6498064994812012,-0.27596163749694824,0.999154806137085,-0.006995338946580887,-0.6502265334129333,-0.27617764472961426,0.9991493821144104,-0.007632099557667971,-0.6492478847503662,-0.2722287178039551,0.9990527033805847,0.11674107611179352,-0.6198263764381409,-0.19285254180431366,0.9994328022003174,-0.03358600288629532,-0.6385049223899841,-0.1479170024394989,0.9985942840576172,0.03343277797102928,-0.5764811635017395,-0.26202669739723206,0.9997209906578064,-0.01183103397488594,-0.5800775289535522,-0.2492123693227768,0.9995751976966858,0.20330308377742767,-0.4148268401622772,-0.11870457977056503,0.9991767406463623,-0.11282961815595627,-0.46468308568000793,-0.0717126652598381,0.9992861747741699,0.21630187332630157,-0.15797339379787445,-0.10331717878580093,0.9396159052848816,-0.2410178929567337,-0.33178606629371643,-0.16240258514881134,0.8686831593513489,0.21798035502433777,0.05976445600390434,-0.21234875917434692,0.7020974159240723,-0.34111589193344116,-0.4243246912956238,-0.38602063059806824,0.760597825050354,0.21390552818775177,0.12413082271814346,-0.21755468845367432,0.6142748594284058,-0.36070457100868225,-0.44485291838645935,-0.41602039337158203,0.7145668268203735,0.19415129721164703,0.12584419548511505,-0.26443198323249817,0.6623967885971069,-0.37699568271636963,-0.45902422070503235,-0.4308975338935852,0.736387312412262,0.1995043307542801,0.07249877601861954,-0.2334272861480713,0.6384056806564331,-0.3433554172515869,-0.4269951283931732,-0.3995813727378845,0.7123492956161499,0.10352785140275955,-0.00377660128287971,-0.004177375230938196,0.23697131872177124,-0.10202755779027939,-0.0038329348899424076,0.005948116071522236,0.28293222188949585,0.1180611103773117,-0.03764038905501366,-0.06276308000087738,0.12671373784542084,-0.0922294333577156,0.1359550505876541,-0.10521038621664047,0.16305109858512878,0.16054318845272064,0.2694089710712433,0.1703777015209198,0.03471938148140907,-0.11588647961616516,0.47844767570495605,0.15217703580856323,0.06678738445043564,0.164224311709404,0.2868512272834778,0.18943440914154053,0.014079398475587368,-0.11211741715669632,0.49854955077171326,0.18466664850711823,0.02627633884549141,0.20451407134532928,0.2776898741722107,-0.04325169697403908,0.038288190960884094,-0.13155816495418549,0.5210405588150024,-0.018285760655999184,0.05603260546922684,18,0.75,0.30636483430862427,0.6420934200286865,-1.1742859840069286e-07,,0.3200072944164276,0.6141009330749512,-0.011543482542037964,,0.33037954568862915,0.5779034495353699,-0.02161879651248455,,0.33750656247138977,0.5477656722068787,-0.0321720726788044,,0.33810508251190186,0.5268816947937012,-0.040390338748693466,,0.3057190775871277,0.47966086864471436,-0.005299971904605627,,0.32014381885528564,0.4775576591491699,-0.02265925146639347,,0.32770684361457825,0.5066500902175903,-0.03320808708667755,,0.3279293477535248,0.5322372317314148,-0.037690404802560806,,0.28618472814559937,0.48825597763061523,-0.0069276150315999985,,0.3046247363090515,0.5093306303024292,-0.01993202045559883,,0.31255340576171875,0.5513175129890442,-0.022986112162470818,,0.3091503083705902,0.5598644614219666,-0.02259768545627594,,0.27127334475517273,0.5121389031410217,-0.01149700116366148,,0.292717844247818,0.5436229109764099,-0.023525258526206017,,0.3006361722946167,0.5750012397766113,-0.021078305318951607,,0.2970764935016632,0.5762602090835571,-0.017243482172489166,,0.26032304763793945,0.5450145602226257,-0.017718030139803886,,0.27979645133018494,0.5707947015762329,-0.023830005899071693,,0.2872699797153473,0.5928583145141602,-0.020913144573569298,,0.284116268157959,0.5923861861228943,-0.016884373500943184,
0.012694918550550938,-0.6104838848114014,-0.28763502836227417,0.9996614456176758,0.0337892509996891,-0.6458737254142761,-0.2793702781200409,0.9993720650672913,0.03329647332429886,-0.6455411314964294,-0.28107738494873047,0.9993897080421448,0.033654455095529556,-0.6453384160995483,-0.2791514992713928,0.9993821382522583,-0.004729647189378738,-0.6510273814201355,-0.276572585105896,0.9992284178733826,-0.0025441348552703857,-0.6514484286308289,-0.27678239345550537,0.9992243051528931,-0.0031749296467751265,-0.6504685878753662,-0.27287742495536804,0.9991360306739807,0.1203366369009018,-0.6209905743598938,-0.1910158395767212,0.99947589635849,-0.033656902611255646,-0.6394394040107727,-0.14795620739459991,0.9987210631370544,0.038747332990169525,-0.5779115557670593,-0.2618280053138733,0.9997414350509644,-0.007446205243468285,-0.5814017653465271,-0.25007185339927673,0.9996105432510376,0.2042839229106903,-0.4163947105407715,-0.1168573796749115,0.9991344809532166,-0.11454924941062927,-0.4642096161842346,-0.0759233683347702,0.9993008971214294,0.21565087139606476,-0.16316001117229462,-0.10301719605922699,0.93830406665802,-0.24110399186611176,-0.3302408456802368,-0.16559523344039917,0.8780714869499207,0.21736276149749756,0.047452282160520554,-0.21195311844348907,0.689769983291626,-0.33982834219932556,-0.41933369636535645,-0.39164474606513977,0.7744010090827942,0.2126341462135315,0.1097966805100441,-0.21745285391807556,0.5953263640403748,-0.35902053117752075,-0.4423350393772125,-0.42118456959724426,0.7242127060890198,0.19246360659599304,0.11017075926065445,-0.2652561366558075,0.6477800607681274,-0.3758094906806946,-0.45271626114845276,-0.43860769271850586,0.7467292547225952,0.1982915848493576,0.059179265052080154,-0.23344026505947113,0.6224759817123413,-0.3421139717102051,-0.4209339916706085,-0.406328409910202,0.7208762168884277,0.10403001308441162,-0.004186945501714945,-0.0012649557320401073,0.22744546830654144,-0.10272467136383057,-0.0035461154766380787,0.002962172497063875,0.27549511194229126,0.11502718180418015,-0.033490803092718124,-0.05894117429852486,0.12688343226909637,-0.09233412891626358,0.13724593818187714,-0.10558968782424927,0.16619092226028442,0.15767218172550201,0.26961106061935425,0.17418280243873596,0.0349646732211113,-0.12243496626615524,0.47812026739120483,0.15359391272068024,0.06877841055393219,0.1615743190050125,0.2870243787765503,0.19386586546897888,0.014197020791471004,-0.11989915370941162,0.49817103147506714,0.1860509216785431,0.026145732030272484,0.20432929694652557,0.27774566411972046,-0.03380361944437027,0.03871852904558182,-0.13728798925876617,0.5187200903892517,-0.01644645817577839,0.056760165840387344,19,0.792,0.30674880743026733,0.6495199203491211,-1.419101494093411e-07,,0.32092782855033875,0.6238025426864624,-0.011352591216564178,,0.33280855417251587,0.5883474349975586,-0.021486517041921616,,0.341826856136322,0.5590824484825134,-0.03219565749168396,,0.3427395224571228,0.5393142104148865,-0.04037189856171608,,0.3085804283618927,0.487219899892807,-0.005596259608864784,,0.3225758671760559,0.48529577255249023,-0.023513689637184143,,0.3301742374897003,0.5178022384643555,-0.033961594104766846,,0.3302728533744812,0.5442166924476624,-0.038319364190101624,,0.28852924704551697,0.4948638677597046,-0.007603288162499666,,0.30716821551322937,0.5181542038917542,-0.021097883582115173,,0.3148677945137024,0.5620145201683044,-0.02380729652941227,,0.3112710416316986,0.5699750185012817,-0.023140637204051018,,0.2731040418148041,0.518500804901123,-0.0126179875805974,,0.2952260971069336,0.552918016910553,-0.024974552914500237,,0.3028804063796997,0.5858440399169922,-0.022012922912836075,,0.29895132780075073,0.5868399739265442,-0.01786520518362522,,0.2616465091705322,0.5514330267906189,-0.01933196745812893,,0.28213608264923096,0.5810791254043579,-0.025586144998669624,,0.2898976802825928,0.6041250824928284,-0.022573592141270638,,0.28673288226127625,0.6030234694480896,-0.018519220873713493,
0.01386428065598011,-0.6125785112380981,-0.28695863485336304,0.9996909499168396,0.03413312882184982,-0.6480041146278381,-0.2783223092556,0.9994238018989563,0.03363153710961342,-0.6476656198501587,-0.28004273772239685,0.9994382858276367,0.03398224711418152,-0.6474746465682983,-0.2780895531177521,0.9994293451309204,-0.00423142546787858,-0.6532155275344849,-0.2757975161075592,0.9992966055870056,-0.002073306357488036,-0.6536557674407959,-0.2759553790092468,0.9992934465408325,-0.0026982047129422426,-0.6526780724525452,-0.2720855474472046,0.999212920665741,0.12015991657972336,-0.6229128837585449,-0.18751369416713715,0.9995167255401611,-0.03395082429051399,-0.6415591835975647,-0.14759071171283722,0.9988371133804321,0.03959474712610245,-0.5800783038139343,-0.2608596086502075,0.999760627746582,-0.006562701892107725,-0.5835488438606262,-0.24956147372722626,0.9996429681777954,0.2042631357908249,-0.4177508056163788,-0.11470988392829895,0.9990942478179932,-0.11752044409513474,-0.4642697274684906,-0.07834919542074203,0.9993124008178711,0.21522636711597443,-0.1660955250263214,-0.10198574513196945,0.9347261786460876,-0.24398621916770935,-0.3304237127304077,-0.16601702570915222,0.8854699730873108,0.21588896214962006,0.042231105268001556,-0.2118586003780365,0.6695917248725891,-0.33776137232780457,-0.4182121753692627,-0.3958297371864319,0.7844409942626953,0.21002696454524994,0.10381247848272324,-0.2175748646259308,0.5725289583206177,-0.3554039001464844,-0.4406270682811737,-0.42591986060142517,0.7306553721427917,0.18951639533042908,0.10399121791124344,-0.26671338081359863,0.6294207572937012,-0.37193968892097473,-0.45197227597236633,-0.4445376396179199,0.7543020248413086,0.19621194899082184,0.05385883152484894,-0.23415237665176392,0.6024785041809082,-0.339775413274765,-0.4204399585723877,-0.41120344400405884,0.7264171838760376,0.10482700169086456,-0.004546565003693104,0.0006625097594223917,0.21614642441272736,-0.10361878573894501,-0.0033886213786900043,0.0010990218725055456,0.2653842866420746,0.1128445491194725,-0.037168074399232864,-0.05769850313663483,0.12796549499034882,-0.09303706884384155,0.133760005235672,-0.10896282643079758,0.17008523643016815,0.15616096556186676,0.2585124969482422,0.17717580497264862,0.03531937301158905,-0.12947775423526764,0.4762534201145172,0.15382038056850433,0.07119099795818329,0.16024011373519897,0.2757588028907776,0.1978360116481781,0.014372656121850014,-0.12734512984752655,0.49594876170158386,0.18654407560825348,0.02620544843375683,0.20584799349308014,0.2657293975353241,-0.030267013236880302,0.039354436099529266,-0.14554806053638458,0.5143336057662964,-0.01628710888326168,0.0579809807240963,20,0.834,0.30817899107933044,0.6588530540466309,-1.4291451577719272e-07,,0.3216003179550171,0.6326608061790466,-0.010265347547829151,,0.33381640911102295,0.5960060954093933,-0.020053379237651825,,0.3433091640472412,0.567001461982727,-0.030557677149772644,,0.3446468412876129,0.5498234629631042,-0.03870884329080582,,0.3081592321395874,0.4957399368286133,-0.005929728038609028,,0.32212549448013306,0.496326744556427,-0.023853378370404243,,0.33040711283683777,0.5300711393356323,-0.03431548923254013,,0.3311137557029724,0.5566465258598328,-0.03865285962820053,,0.287784218788147,0.504112184047699,-0.008389984257519245,,0.3083454966545105,0.5327240824699402,-0.021924838423728943,,0.3149990141391754,0.5770851373672485,-0.024720681831240654,,0.3101516366004944,0.5838858485221863,-0.02426176331937313,,0.27239641547203064,0.5289269089698792,-0.01361712347716093,,0.2956779897212982,0.5662951469421387,-0.025863904505968094,,0.30302318930625916,0.5990552306175232,-0.022860446944832802,,0.2989151179790497,0.5986906290054321,-0.018786966800689697,,0.2610659599304199,0.562774658203125,-0.02041640877723694,,0.2817915380001068,0.593025803565979,-0.026273781433701515,,0.28978851437568665,0.6154978275299072,-0.022833583876490593,,0.28708183765411377,0.6135607957839966,-0.018537424504756927,
0.012029793113470078,-0.6155359745025635,-0.28558629751205444,0.9997190833091736,0.031562499701976776,-0.6513665318489075,-0.27771902084350586,0.9994743466377258,0.031057994812726974,-0.6510351300239563,-0.27952367067337036,0.9994866251945496,0.03140278160572052,-0.650872528553009,-0.2776106595993042,0.9994769096374512,-0.006437042262405157,-0.6558873057365417,-0.27449455857276917,0.9993616342544556,-0.004289370495826006,-0.6563364267349243,-0.27463841438293457,0.9993591904640198,-0.004919088911265135,-0.6553507447242737,-0.2707861065864563,0.9992860555648804,0.11730516701936722,-0.628147304058075,-0.1780318021774292,0.9995570182800293,-0.04207799956202507,-0.6434459090232849,-0.14671900868415833,0.998947024345398,0.03782033920288086,-0.5836948752403259,-0.2603432834148407,0.9997798800468445,-0.007913995534181595,-0.5860246419906616,-0.248266339302063,0.9996745586395264,0.20169149339199066,-0.42540615797042847,-0.1063445657491684,0.9990920424461365,-0.12748079001903534,-0.46352335810661316,-0.08039023727178574,0.9993374347686768,0.21491098403930664,-0.17985522747039795,-0.09900973737239838,0.9305663108825684,-0.24701282382011414,-0.3278252184391022,-0.16917364299297333,0.8918280005455017,0.2110854834318161,0.02153412438929081,-0.2130253165960312,0.6417856812477112,-0.343619704246521,-0.4046429395675659,-0.4059825837612152,0.7908316254615784,0.20431587100028992,0.07939865440130234,-0.2211759090423584,0.5437601208686829,-0.36218637228012085,-0.4250209927558899,-0.4392071068286896,0.7329752445220947,0.18212571740150452,0.07829538732767105,-0.2737026512622833,0.6051916480064392,-0.38281598687171936,-0.43434274196624756,-0.46275824308395386,0.7584364414215088,0.19056914746761322,0.032028697431087494,-0.23778849840164185,0.576271653175354,-0.3474656343460083,-0.4053124487400055,-0.42423000931739807,0.728772759437561,0.10564378648996353,-0.005356574431061745,0.0018390897894278169,0.20788860321044922,-0.10485944151878357,-0.002878208877518773,-0.00016139422950800508,0.25813034176826477,0.10244378447532654,-0.035278502851724625,-0.048904046416282654,0.12734264135360718,-0.09544992446899414,0.16340377926826477,-0.1087421104311943,0.16942879557609558,0.1512020230293274,0.25770947337150574,0.1798969805240631,0.035435229539871216,-0.1400572955608368,0.48318442702293396,0.16671594977378845,0.0719548761844635,0.15606044232845306,0.27513036131858826,0.20061402022838593,0.0144190713763237,-0.13947156071662903,0.5042870044708252,0.19979852437973022,0.026082338765263557,0.20529696345329285,0.2670460045337677,-0.021517811343073845,0.039773594588041306,-0.1661139577627182,0.5287236571311951,0.003741260850802064,0.05827774107456207,21,0.875,0.31063684821128845,0.6841137409210205,-1.6318821849381493e-07,,0.32485678791999817,0.6558085083961487,-0.010626877658069134,,0.3363530933856964,0.6170140504837036,-0.02032807283103466,,0.3449774980545044,0.590680718421936,-0.030365493148565292,,0.3472181260585785,0.576720118522644,-0.03852440044283867,,0.30459707975387573,0.5197755098342896,-0.00810241885483265,,0.32254883646965027,0.5284619927406311,-0.02731432393193245,,0.3305651545524597,0.5635817646980286,-0.040402207523584366,,0.3309285640716553,0.5867514610290527,-0.04685324802994728,,0.28448766469955444,0.5329008102416992,-0.010515003465116024,,0.3069620430469513,0.5669644474983215,-0.02391812577843666,,0.312959223985672,0.6036964058876038,-0.02870871312916279,,0.3085191547870636,0.610446035861969,-0.030965983867645264,,0.26953208446502686,0.5624024271965027,-0.01554149016737938,,0.29375573992729187,0.5984816551208496,-0.02721886895596981,,0.30055108666419983,0.6273676753044128,-0.025411484763026237,,0.29705810546875,0.6283526420593262,-0.02301924116909504,,0.25985226035118103,0.5991032719612122,-0.022186147049069405,,0.2808833420276642,0.623062252998352,-0.02781095542013645,,0.2874380052089691,0.6448464393615723,-0.02462555654346943,,0.2839357852935791,0.6465497016906738,-0.020961865782737732,
0.010495625436306,-0.6172692179679871,-0.28719982504844666,0.9997444152832031,0.030008383095264435,-0.6533242464065552,-0.2776211202144623,0.9995201826095581,0.02948804758489132,-0.6529971957206726,-0.2793687582015991,0.9995304346084595,0.029848333448171616,-0.652854323387146,-0.2773789167404175,0.999519944190979,-0.007526748813688755,-0.6574950814247131,-0.27578234672546387,0.9994205236434937,-0.00538299884647131,-0.6579821109771729,-0.2758149802684784,0.9994186758995056,-0.006011817138642073,-0.6569942831993103,-0.2721099555492401,0.999352216720581,0.11425195634365082,-0.6305510997772217,-0.176764115691185,0.9995932579040527,-0.04824386537075043,-0.6443355083465576,-0.14828665554523468,0.9990460872650146,0.036629363894462585,-0.5856398344039917,-0.2603229880332947,0.999796450138092,-0.008671225048601627,-0.5873482823371887,-0.2500786781311035,0.9997023940086365,0.20062293112277985,-0.42662715911865234,-0.10666701942682266,0.9990436434745789,-0.1334630697965622,-0.4615929424762726,-0.08678192645311356,0.9993412494659424,0.21205949783325195,-0.1800272911787033,-0.09941375255584717,0.9193405508995056,-0.24744722247123718,-0.3216876983642578,-0.17539075016975403,0.8939762115478516,0.2058093249797821,0.022383200004696846,-0.22337567806243896,0.6011859178543091,-0.34742796421051025,-0.3881516754627228,-0.4185028672218323,0.7870792746543884,0.1990853250026703,0.0805652067065239,-0.2330539971590042,0.5086091756820679,-0.3673560321331024,-0.4056761860847473,-0.4518917202949524,0.7265594601631165,0.1758950799703598,0.08003421127796173,-0.2893243134021759,0.5729736089706421,-0.3910340964794159,-0.41282105445861816,-0.4796743392944336,0.7551721334457397,0.18475721776485443,0.03334125503897667,-0.2514241337776184,0.5425366163253784,-0.35274577140808105,-0.38677775859832764,-0.4389001131057739,0.7229041457176208,0.10674881190061569,-0.00625860458239913,0.0030916244722902775,0.19560080766677856,-0.10628845542669296,-0.002403124701231718,-0.001372272614389658,0.24521306157112122,0.09614070504903793,-0.033832620829343796,-0.04573003575205803,0.12892398238182068,-0.09650110453367233,0.18018610775470734,-0.10852598398923874,0.1723337024450302,0.1480540633201599,0.25139710307121277,0.1814900040626526,0.035900942981243134,-0.14860524237155914,0.4891708493232727,0.16859208047389984,0.07416056096553802,0.15330706536769867,0.2692258656024933,0.2028837352991104,0.014592960476875305,-0.14910709857940674,0.510250449180603,0.20197518169879913,0.02617260254919529,0.20575448870658875,0.2656018137931824,-0.01783842034637928,0.04069290682673454,-0.17915409803390503,0.535491406917572,0.007785205263644457,0.059629928320646286,22,0.917,0.30750080943107605,0.7094504833221436,-1.6314633910496923e-07,,0.3231458365917206,0.6780036091804504,-0.010748868808150291,,0.33421429991722107,0.6409862637519836,-0.020188041031360626,,0.3425244987010956,0.6190086007118225,-0.029900511726737022,,0.34378716349601746,0.6051915884017944,-0.03791285678744316,,0.301906555891037,0.5456761121749878,-0.00879096332937479,,0.31690454483032227,0.556888997554779,-0.028008000925183296,,0.32718583941459656,0.594211995601654,-0.04228972643613815,,0.329937219619751,0.6178011894226074,-0.0496349111199379,,0.2824435532093048,0.5621534585952759,-0.010843193158507347,,0.2993854582309723,0.5998042225837708,-0.023302119225263596,,0.30662181973457336,0.6331151723861694,-0.028610752895474434,,0.30462706089019775,0.6427814960479736,-0.03173067793250084,,0.26772305369377136,0.5946730971336365,-0.015477320179343224,,0.2861967384815216,0.6331503391265869,-0.024807743728160858,,0.2943058907985687,0.6567108631134033,-0.022656895220279694,,0.29332783818244934,0.6595522165298462,-0.020653249695897102,,0.25892531871795654,0.6332345008850098,-0.02195066213607788,,0.2748863697052002,0.6597907543182373,-0.025377366691827774,,0.2825632393360138,0.6763176321983337,-0.02152770757675171,,0.28205421566963196,0.6777863502502441,-0.017667951062321663,
0.009522766806185246,-0.6170346140861511,-0.2971648573875427,0.9997685551643372,0.029467297717928886,-0.653167188167572,-0.2850587069988251,0.9995646476745605,0.028917865827679634,-0.6528376936912537,-0.2866688072681427,0.9995734691619873,0.02929634600877762,-0.6526866555213928,-0.28468525409698486,0.9995630383491516,-0.008640621788799763,-0.6572591066360474,-0.28525111079216003,0.9994758367538452,-0.006459556519985199,-0.6577494740486145,-0.28523173928260803,0.9994744062423706,-0.007073536049574614,-0.6567582488059998,-0.2815774977207184,0.9994141459465027,0.11045458167791367,-0.630389392375946,-0.1785738170146942,0.999629557132721,-0.0545182041823864,-0.6435123085975647,-0.15501858294010162,0.9991382360458374,0.03586619719862938,-0.585355818271637,-0.26745086908340454,0.9998138546943665,-0.010803353041410446,-0.5870924592018127,-0.259409636259079,0.9997295141220093,0.19701386988162994,-0.4264940023422241,-0.10713475942611694,0.9990551471710205,-0.13995598256587982,-0.4524590075016022,-0.09210534393787384,0.9993600249290466,0.21217262744903564,-0.17869265377521515,-0.10378047823905945,0.911108136177063,-0.24744276702404022,-0.3011556565761566,-0.18211553990840912,0.8967685103416443,0.20790289342403412,0.022937266156077385,-0.23650917410850525,0.5656836032867432,-0.3516044318675995,-0.3569552004337311,-0.42200925946235657,0.7814914584159851,0.20320414006710052,0.08043625205755234,-0.24633029103279114,0.4775630831718445,-0.3730534613132477,-0.37420353293418884,-0.45259302854537964,0.7183079123497009,0.17862269282341003,0.08080065995454788,-0.302324116230011,0.5447882413864136,-0.3979078233242035,-0.3775123357772827,-0.4799627363681793,0.7509045600891113,0.18692776560783386,0.034305959939956665,-0.2650194764137268,0.5129573345184326,-0.3576119542121887,-0.3542455732822418,-0.4418274462223053,0.7156400680541992,0.106970876455307,-0.008470345288515091,0.0033565848134458065,0.18901674449443817,-0.10662447661161423,-0.0005878164665773511,-0.0016076280735433102,0.23904968798160553,0.09349493682384491,-0.03428665176033974,-0.0468674935400486,0.1278015822172165,-0.09656496345996857,0.18941783905029297,-0.10858481377363205,0.1712154597043991,0.15258653461933136,0.2492823749780655,0.17954401671886444,0.03585146367549896,-0.1435691863298416,0.49809256196022034,0.16765755414962769,0.07474057376384735,0.15832510590553284,0.2670498788356781,0.20191144943237305,0.01475531142205,-0.14324550330638885,0.519227921962738,0.20092667639255524,0.02625264972448349,0.20995070040225983,0.263552725315094,-0.021381694823503494,0.04133082926273346,-0.17408308386802673,0.5467326641082764,0.007097385358065367,0.06039141118526459,23,0.959,0.2908592224121094,0.7333329319953918,-2.0495694741384796e-07,,0.3128102719783783,0.7030760645866394,-0.013374810107052326,,0.3284565806388855,0.6739673614501953,-0.024600397795438766,,0.33605703711509705,0.6591824293136597,-0.03506391867995262,,0.3405648469924927,0.6493898630142212,-0.04466691240668297,,0.30075526237487793,0.5800098180770874,-0.018245387822389603,,0.3182912766933441,0.6270813345909119,-0.037893276661634445,,0.3223777115345001,0.6729165315628052,-0.05361993983387947,,0.3201737105846405,0.7014989852905273,-0.06298037618398666,,0.2786722779273987,0.6024531722068787,-0.020051436498761177,,0.2947249412536621,0.6613795161247253,-0.033496856689453125,,0.29938986897468567,0.6961764097213745,-0.04015837609767914,,0.29773929715156555,0.7153996825218201,-0.044914714992046356,,0.26245054602622986,0.6391133069992065,-0.02369195967912674,,0.28007546067237854,0.6977549195289612,-0.03455006703734398,,0.28784051537513733,0.7210878133773804,-0.03362492844462395,,0.2891273498535156,0.7310206294059753,-0.03262161836028099,,0.25306928157806396,0.6809911131858826,-0.029206788167357445,,0.26835671067237854,0.7226091623306274,-0.03579716384410858,,0.27730533480644226,0.7414776086807251,-0.033069536089897156,,0.28031235933303833,0.7484831809997559,-0.029858022928237915,
0.008806534111499786,-0.6180563569068909,-0.2955910861492157,0.9997888803482056,0.02905350923538208,-0.654133677482605,-0.2839910089969635,0.9996015429496765,0.028560005128383636,-0.65379399061203,-0.28562042117118835,0.9996088147163391,0.028932899236679077,-0.653618335723877,-0.28361526131629944,0.9995977878570557,-0.010816948488354683,-0.658315896987915,-0.2837543189525604,0.9995232820510864,-0.008565697818994522,-0.6587998270988464,-0.28376734256744385,0.9995224475860596,-0.009140637703239918,-0.6578051447868347,-0.28007933497428894,0.9994675517082214,0.10820799320936203,-0.6309922933578491,-0.17613451182842255,0.9996578693389893,-0.058771997690200806,-0.6444597840309143,-0.15426017343997955,0.9992183446884155,0.03410784900188446,-0.5862289071083069,-0.2664662003517151,0.9998272657394409,-0.01408703438937664,-0.5880978107452393,-0.2578356862068176,0.9997518062591553,0.19275110960006714,-0.42975249886512756,-0.10772573947906494,0.9990120530128479,-0.14310386776924133,-0.4526762068271637,-0.0901942327618599,0.999351441860199,0.21238575875759125,-0.18419528007507324,-0.10679908841848373,0.9053748846054077,-0.24421297013759613,-0.2955411970615387,-0.17998743057250977,0.9001861214637756,0.2081262767314911,0.00958285667002201,-0.23813514411449432,0.5383251309394836,-0.3486473858356476,-0.32487204670906067,-0.4153689444065094,0.7699581384658813,0.20462726056575775,0.06825347244739532,-0.24892555177211761,0.45245790481567383,-0.36953437328338623,-0.3334410786628723,-0.4453507959842682,0.7027337551116943,0.1791922003030777,0.06654106080532074,-0.30416440963745117,0.5222930908203125,-0.3918955624103546,-0.3350910544395447,-0.47200319170951843,0.7401602268218994,0.18731693923473358,0.020566975697875023,-0.26592668890953064,0.490102618932724,-0.35363641381263733,-0.3203529119491577,-0.43447640538215637,0.7033427953720093,0.10684521496295929,-0.010455870069563389,0.0039015079382807016,0.18215924501419067,-0.10655418038368225,0.0013523839879781008,-0.0021516396664083004,0.23283535242080688,0.09236793965101242,-0.03399708494544029,-0.04640663415193558,0.12585040926933289,-0.09653374552726746,0.19074776768684387,-0.10839299112558365,0.1695152372121811,0.15264518558979034,0.2503173053264618,0.1789306253194809,0.03554832562804222,-0.1411869376897812,0.49884459376335144,0.1648699939250946,0.07495854049921036,0.15821918845176697,0.26780393719673157,0.2015455812215805,0.014781842939555645,-0.14102241396903992,0.519430935382843,0.19852598011493683,0.02605602517724037,0.2095554918050766,0.2655986547470093,-0.021913893520832062,0.04143116623163223,-0.16949892044067383,0.546238362789154,0.005690583027899265,0.060510389506816864,24,1.001,0.3014528751373291,0.8291770815849304,-2.3912394908620627e-07,,0.31826820969581604,0.7986037731170654,-0.020592832937836647,,0.3277653753757477,0.767820417881012,-0.03617952764034271,,0.33108586072921753,0.7440935373306274,-0.0498400554060936,,0.335315465927124,0.7174277305603027,-0.06169271469116211,,0.2874220013618469,0.6615213751792908,-0.026380302384495735,,0.3027258515357971,0.696190595626831,-0.0511561818420887,,0.31206631660461426,0.7508746385574341,-0.06828644126653671,,0.3136714994907379,0.7855951189994812,-0.07760800421237946,,0.2657114863395691,0.6875692009925842,-0.025460135191679,,0.28314661979675293,0.7387444376945496,-0.04542248696088791,,0.2946600317955017,0.7787367701530457,-0.05288780853152275,,0.2975773513317108,0.8001505136489868,-0.056504614651203156,,0.25196054577827454,0.7282842993736267,-0.027169086039066315,,0.26822254061698914,0.7813026905059814,-0.04343681409955025,,0.2821465730667114,0.8088741898536682,-0.04185395687818527,,0.2873925566673279,0.8232887983322144,-0.03893435746431351,,0.2455981969833374,0.7746851444244385,-0.031189637258648872,,0.25808247923851013,0.8154961466789246,-0.04143931716680527,,0.2705674469470978,0.8329266905784607,-0.03973131626844406,,0.2760612964630127,0.8378664255142212,-0.036051735281944275,
0.0036620753817260265,-0.6116920709609985,-0.3003280758857727,0.999808669090271,0.0249563530087471,-0.648327112197876,-0.28929707407951355,0.9996387958526611,0.02443818747997284,-0.6478821635246277,-0.29097339510917664,0.9996452927589417,0.0248026791960001,-0.6476430892944336,-0.289076030254364,0.9996345043182373,-0.015088231302797794,-0.6527975797653198,-0.2880803346633911,0.9995685815811157,-0.012855220586061478,-0.6532695293426514,-0.28805258870124817,0.999567985534668,-0.013389493338763714,-0.6522435545921326,-0.28418707847595215,0.999518096446991,0.10689951479434967,-0.6261884570121765,-0.18947294354438782,0.9996883273124695,-0.05817289277911186,-0.6411945819854736,-0.15755759179592133,0.999293863773346,0.02981129102408886,-0.5808238387107849,-0.2728063762187958,0.999843180179596,-0.017970969900488853,-0.5832918882369995,-0.2623503804206848,0.9997750520706177,0.19308237731456757,-0.42471393942832947,-0.14087335765361786,0.9990668296813965,-0.14380058646202087,-0.45049309730529785,-0.09746482223272324,0.9993813037872314,0.21973106265068054,-0.18309403955936432,-0.1498730182647705,0.8978533744812012,-0.2483677864074707,-0.28098639845848083,-0.1663445234298706,0.8997493982315063,0.20918914675712585,0.01006175298243761,-0.28919628262519836,0.5070472359657288,-0.35562029480934143,-0.20623156428337097,-0.38992226123809814,0.7359010577201843,0.20561914145946503,0.07242845743894577,-0.3048214912414551,0.4261109232902527,-0.382239431142807,-0.1784571260213852,-0.40839406847953796,0.6697075963020325,0.1792246401309967,0.07049485296010971,-0.36137494444847107,0.49989089369773865,-0.39607101678848267,-0.16253527998924255,-0.45360296964645386,0.7181013226509094,0.18797151744365692,0.02213752083480358,-0.31740179657936096,0.46690061688423157,-0.3590632975101471,-0.18780283629894257,-0.4148942530155182,0.680792510509491,0.10690228641033173,-0.011916279792785645,0.002242128597572446,0.16913385689258575,-0.1065087616443634,0.0025839332956820726,-0.00015259362407959998,0.21671178936958313,0.0838981494307518,-0.08578664064407349,-0.08582217991352081,0.11819326877593994,-0.11322839558124542,0.12771151959896088,-0.10920873284339905,0.15905019640922546,0.15173237025737762,0.20248228311538696,0.17846277356147766,0.03399977460503578,-0.15640272200107574,0.47595420479774475,0.17073924839496613,0.07118181139230728,0.15618060529232025,0.21603244543075562,0.2021951526403427,0.014719182625412941,-0.15547537803649902,0.4919654428958893,0.21288184821605682,0.025103991851210594,0.1924537569284439,0.17745889723300934,-0.0454111285507679,0.03982585296034813,-0.194932758808136,0.5081218481063843,0.010888741351664066,0.05757648125290871,25,1.042,,,,,,,,,,,,,,,,,,,,,,,,,,,,,,,,,,,,,,,,,,,,,,,,,,,,,,,,,,,,,,,,,,,,,,,,,,,,,,,,,,,,
-0.001249378197826445,-0.6105786561965942,-0.3107993006706238,0.9998204112052917,0.020767783746123314,-0.6465247273445129,-0.30134692788124084,0.9996598958969116,0.020342759788036346,-0.6460551023483276,-0.30313539505004883,0.9996670484542847,0.020674578845500946,-0.6458584070205688,-0.30130502581596375,0.9996537566184998,-0.018892811611294746,-0.6512119770050049,-0.29980167746543884,0.9995965957641602,-0.016659848392009735,-0.6516672968864441,-0.2997341454029083,0.9995972514152527,-0.01720431260764599,-0.6506395936012268,-0.2959458529949188,0.9995493292808533,0.10220442712306976,-0.6235556602478027,-0.20700043439865112,0.9997016787528992,-0.05945565551519394,-0.6396411061286926,-0.17268748581409454,0.999348521232605,0.023806743323802948,-0.5797299742698669,-0.2841549515724182,0.9998530149459839,-0.022776350378990173,-0.5823944211006165,-0.27362269163131714,0.9997908473014832,0.18933384120464325,-0.42456042766571045,-0.15747304260730743,0.9991187453269958,-0.14801576733589172,-0.45064815878868103,-0.12537376582622528,0.9994120001792908,0.22587290406227112,-0.18605993688106537,-0.1586635410785675,0.8937900066375732,-0.2583602964878082,-0.2731578052043915,-0.13988246023654938,0.9011421203613281,0.21102400124073029,0.0017795393941923976,-0.27778661251068115,0.47500282526016235,-0.35338863730430603,-0.13586227595806122,-0.2669398784637451,0.6899825930595398,0.20688490569591522,0.06794734299182892,-0.29368290305137634,0.397304892539978,-0.3808143138885498,-0.08605188131332397,-0.2721189856529236,0.6231507658958435,0.1773126870393753,0.06759496033191681,-0.34686213731765747,0.4713509678840637,-0.38041168451309204,-0.0704968273639679,-0.32787057757377625,0.6757343411445618,0.18809162080287933,0.015456004068255424,-0.30400872230529785,0.4396646320819855,-0.35531535744667053,-0.1137409657239914,-0.2936919331550598,0.640582799911499,0.10692587494850159,-0.01112360693514347,0.0021531209349632263,0.15670321881771088,-0.10648897290229797,0.0018432156648486853,-1.4641296957051964e-06,0.2011432647705078,0.07779186218976974,-0.07544215023517609,-0.08188363164663315,0.1134536936879158,-0.11198362708091736,0.12069530040025711,-0.1138005256652832,0.1506323516368866,0.15102601051330566,0.2125806361436844,0.17670086026191711,0.032559629529714584,-0.15631909668445587,0.47222450375556946,0.1877705156803131,0.06719166040420532,0.15533216297626495,0.22687970101833344,0.2015293687582016,0.014029356651008129,-0.15858928859233856,0.4880506992340088,0.23367245495319366,0.023807093501091003,0.193093940615654,0.18991604447364807,-0.04752069339156151,0.03803548961877823,-0.2024664431810379,0.48759281635284424,0.03862004354596138,0.05425811931490898,26,1.084,,,,,,,,,,,,,,,,,,,,,,,,,,,,,,,,,,,,,,,,,,,,,,,,,,,,,,,,,,,,,,,,,,,,,,,,,,,,,,,,,,,,
-0.007140497211366892,-0.6082561612129211,-0.31880366802215576,0.9998323321342468,0.015392212197184563,-0.6438026428222656,-0.3100338280200958,0.9996812343597412,0.01500783208757639,-0.6433089375495911,-0.3118143379688263,0.9996891617774963,0.01532950159162283,-0.6431397795677185,-0.30999165773391724,0.9996740221977234,-0.024101702496409416,-0.6486181616783142,-0.30789366364479065,0.999623715877533,-0.021893177181482315,-0.6490586400032043,-0.3077941834926605,0.9996254444122314,-0.022450275719165802,-0.648028552532196,-0.3040030002593994,0.9995793104171753,0.099118672311306,-0.6199105978012085,-0.21864038705825806,0.9997181296348572,-0.0607973076403141,-0.6366069316864014,-0.18057593703269958,0.9994000196456909,0.01846202462911606,-0.5771791934967041,-0.29282495379447937,0.9998637437820435,-0.027602100744843483,-0.5800108313560486,-0.28138604760169983,0.9998070597648621,0.18819871544837952,-0.4218847155570984,-0.16768451035022736,0.9991776943206787,-0.14969488978385925,-0.44994252920150757,-0.13238836824893951,0.9994466304779053,0.22760578989982605,-0.18546587228775024,-0.1637982279062271,0.8920557498931885,-0.263068288564682,-0.2608528137207031,-0.12465839833021164,0.9033330082893372,0.2109968513250351,0.0048840949311852455,-0.27294859290122986,0.4444951117038727,-0.34920036792755127,-0.11141346395015717,-0.24280601739883423,0.6524494290351868,0.20667988061904907,0.07061977684497833,-0.28847894072532654,0.3696827292442322,-0.36831820011138916,-0.05753956362605095,-0.24654433131217957,0.5834879279136658,0.1739196926355362,0.07010336220264435,-0.34152624011039734,0.4435752332210541,-0.3619770407676697,-0.04116423800587654,-0.30066385865211487,0.6400581002235413,0.18735571205615997,0.018588243052363396,-0.2986123263835907,0.4126558005809784,-0.34471264481544495,-0.08813987672328949,-0.26823142170906067,0.606408417224884,0.10699671506881714,-0.010482871904969215,0.0007943223463371396,0.1445913314819336,-0.10648461431264877,0.0011957819806411862,0.0014777148608118296,0.18586933612823486,0.07472434639930725,-0.08150897920131683,-0.08143599331378937,0.10991840809583664,-0.11103902757167816,0.10574007034301758,-0.12149949371814728,0.1444002091884613,0.15083308517932892,0.2119351625442505,0.17381732165813446,0.031339194625616074,-0.1551278531551361,0.4679903984069824,0.18780837953090668,0.06417528539896011,0.15515510737895966,0.226204052567482,0.1997976005077362,0.01336508709937334,-0.15813003480434418,0.4841020107269287,0.23412548005580902,0.02275538630783558,0.19332252442836761,0.18685641884803772,-0.05359865725040436,0.036448005586862564,-0.20610801875591278,0.47760504484176636,0.03830500692129135,0.05156903341412544,27,1.126,,,,,,,,,,,,,,,,,,,,,,,,,,,,,,,,,,,,,,,,,,,,,,,,,,,,,,,,,,,,,,,,,,,,,,,,,,,,,,,,,,,,
-0.009789477102458477,-0.6053865551948547,-0.3281891942024231,0.9998411536216736,0.01309252344071865,-0.640580415725708,-0.31995370984077454,0.999695897102356,0.01275093387812376,-0.640066921710968,-0.32175490260124207,0.9997053146362305,0.01305109541863203,-0.6399182081222534,-0.3199886977672577,0.9996874928474426,-0.026297058910131454,-0.645374596118927,-0.3174613416194916,0.9996434450149536,-0.024095648899674416,-0.6458046436309814,-0.31734487414360046,0.999646782875061,-0.024667449295520782,-0.6447769999504089,-0.31359273195266724,0.9996010661125183,0.0983307957649231,-0.6161806583404541,-0.22940045595169067,0.9997281432151794,-0.0609029158949852,-0.6325344443321228,-0.1891469806432724,0.9994413256645203,0.016269493848085403,-0.5741381645202637,-0.30236080288887024,0.9998720288276672,-0.029517166316509247,-0.5768789649009705,-0.2904987633228302,0.9998199343681335,0.18775589764118195,-0.41844743490219116,-0.17333301901817322,0.9992314577102661,-0.1496826857328415,-0.44731995463371277,-0.1422450989484787,0.9994763731956482,0.22979561984539032,-0.18126937747001648,-0.16514500975608826,0.8891038298606873,-0.26367780566215515,-0.2523629069328308,-0.11881797760725021,0.9027397036552429,0.21575745940208435,0.006448667962104082,-0.26930534839630127,0.41518089175224304,-0.3418584167957306,-0.10487592220306396,-0.219366192817688,0.6045989990234375,0.2111961841583252,0.07218635082244873,-0.28408917784690857,0.34340548515319824,-0.3535435199737549,-0.05118649825453758,-0.21728871762752533,0.5375313758850098,0.17534230649471283,0.0719936266541481,-0.3365976810455322,0.4165307581424713,-0.34895753860473633,-0.03544731065630913,-0.2742428183555603,0.5951834321022034,0.19033914804458618,0.020213710144162178,-0.29463160037994385,0.386681467294693,-0.3331890106201172,-0.08292447030544281,-0.24557486176490784,0.5631857514381409,0.10700025409460068,-0.009938819333910942,0.0007547221030108631,0.13272666931152344,-0.10641664266586304,0.0007271348731592298,0.001537382253445685,0.1707151234149933,0.07471906393766403,-0.07920115441083908,-0.07969292253255844,0.10600008070468903,-0.10867706686258316,0.11014831066131592,-0.12120183557271957,0.1384967416524887,0.15111909806728363,0.2155454456806183,0.17661748826503754,0.030265631154179573,-0.15485866367816925,0.470171183347702,0.2058790922164917,0.061452466994524,0.15541167557239532,0.23028835654258728,0.20369142293930054,0.012793514877557755,-0.159550741314888,0.48639705777168274,0.255142480134964,0.0217994824051857,0.19539675116539001,0.19352419674396515,-0.05135226994752884,0.034972064197063446,-0.21203073859214783,0.4817228317260742,0.06106353923678398,0.0490775927901268,28,1.167,,,,,,,,,,,,,,,,,,,,,,,,,,,,,,,,,,,,,,,,,,,,,,,,,,,,,,,,,,,,,,,,,,,,,,,,,,,,,,,,,,,,
-0.01146183256059885,-0.6054384708404541,-0.3246914744377136,0.9998458623886108,0.010672735050320625,-0.6406479477882385,-0.3160845935344696,0.9997037053108215,0.010341424494981766,-0.640130341053009,-0.31786417961120605,0.999715268611908,0.010647466406226158,-0.6399818658828735,-0.31607022881507874,0.9996936917304993,-0.029306286945939064,-0.6454542279243469,-0.31371694803237915,0.9996554851531982,-0.02713654562830925,-0.645886242389679,-0.31363019347190857,0.9996605515480042,-0.027710020542144775,-0.6448596715927124,-0.30986565351486206,0.9996135830879211,0.09817080199718475,-0.6168733835220337,-0.2246149629354477,0.9997270107269287,-0.06214015185832977,-0.632659912109375,-0.18532060086727142,0.9994704127311707,0.015902817249298096,-0.5741943717002869,-0.2986341714859009,0.9998761415481567,-0.030252136290073395,-0.5768858194351196,-0.2869020700454712,0.9998281598091125,0.18943598866462708,-0.4195191562175751,-0.16876521706581116,0.9992641806602478,-0.14925220608711243,-0.4460136890411377,-0.13954885303974152,0.9994942545890808,0.23116415739059448,-0.18241660296916962,-0.16554662585258484,0.8819407224655151,-0.2543163001537323,-0.2402849644422531,-0.11202515661716461,0.9035822153091431,0.2196638137102127,0.007219445426017046,-0.2710060179233551,0.38502103090286255,-0.28310930728912354,-0.06082792580127716,-0.2106078863143921,0.5684707164764404,0.21613465249538422,0.07279293239116669,-0.28600069880485535,0.31741365790367126,-0.28458014130592346,0.005011004861444235,-0.21025745570659637,0.5007267594337463,0.17864380776882172,0.07481339573860168,-0.33912625908851624,0.38877710700035095,-0.2762642502784729,0.021982813253998756,-0.2644609212875366,0.5602067112922668,0.19403816759586334,0.021390341222286224,-0.29622212052345276,0.36004146933555603,-0.2707141041755676,-0.03546951711177826,-0.23492786288261414,0.5295909643173218,0.10741173475980759,-0.00982858706265688,0.0013112425804138184,0.12258487194776535,-0.10661286115646362,0.0006660379003733397,0.0009745852439664304,0.15820808708667755,0.07441569119691849,-0.07649484276771545,-0.07584309577941895,0.10142011940479279,-0.10574592649936676,0.10742703080177307,-0.13332024216651917,0.13454587757587433,0.15096762776374817,0.21683447062969208,0.18418963253498077,0.02910853736102581,-0.15472573041915894,0.4698028266429901,0.1874251663684845,0.05931655690073967,0.15539313852787018,0.2313208132982254,0.21144148707389832,0.01222494151443243,-0.15933875739574432,0.486459344625473,0.23920950293540955,0.020776351913809776,0.20172381401062012,0.19868049025535583,-0.04168570786714554,0.03364843875169754,-0.20760051906108856,0.47835901379585266,0.04217255488038063,0.04716169834136963,29,1.209,,,,,,,,,,,,,,,,,,,,,,,,,,,,,,,,,,,,,,,,,,,,,,,,,,,,,,,,,,,,,,,,,,,,,,,,,,,,,,,,,,,,
-0.012177875265479088,-0.6053512692451477,-0.3226254880428314,0.9998503923416138,0.009679976850748062,-0.6407327651977539,-0.31385520100593567,0.9997096061706543,0.009335759095847607,-0.6402191519737244,-0.31563040614128113,0.999722957611084,0.009667887352406979,-0.6400701403617859,-0.31381362676620483,0.9996965527534485,-0.03020155243575573,-0.6454984545707703,-0.3115672767162323,0.9996662139892578,-0.02803749032318592,-0.645934522151947,-0.3114934265613556,0.9996730089187622,-0.02861306630074978,-0.6449078917503357,-0.30771997570991516,0.9996240139007568,0.09818197786808014,-0.6176015138626099,-0.22202789783477783,0.9997256398200989,-0.06204288452863693,-0.6327759623527527,-0.1830262690782547,0.999496579170227,0.015700412914156914,-0.5742068886756897,-0.29641151428222656,0.9998810887336731,-0.030521690845489502,-0.5766991376876831,-0.284818172454834,0.9998381733894348,0.1921011507511139,-0.4197935461997986,-0.16689103841781616,0.999297559261322,-0.14895562827587128,-0.4444693922996521,-0.13589903712272644,0.9995119571685791,0.23862077295780182,-0.18224425613880157,-0.16480745375156403,0.8807359933853149,-0.23525187373161316,-0.2304905503988266,-0.11015539616346359,0.9035592079162598,0.22688095271587372,0.011831634677946568,-0.27025219798088074,0.36250293254852295,-0.257672518491745,-0.04783984646201134,-0.22090305387973785,0.5394594073295593,0.22427870333194733,0.08230306208133698,-0.2867721915245056,0.29719510674476624,-0.2595454752445221,0.018338942900300026,-0.2252616584300995,0.4704182744026184,0.18482765555381775,0.08681383728981018,-0.33988088369369507,0.36838963627815247,-0.25333380699157715,0.034123241901397705,-0.2764096260070801,0.5318183302879333,0.20127880573272705,0.028528396040201187,-0.29559826850891113,0.3395534157752991,-0.24642318487167358,-0.022386115044355392,-0.24430467188358307,0.5020142793655396,0.10791033506393433,-0.009656836278736591,0.001308997510932386,0.11426260322332382,-0.10698265582323074,0.00047566602006554604,0.0009685617405921221,0.14845411479473114,0.07053181529045105,-0.06438545882701874,-0.060988184064626694,0.09727734327316284,-0.10557211935520172,0.10674960911273956,-0.1662595123052597,0.13235606253147125,0.14541520178318024,0.21764183044433594,0.20750023424625397,0.02770109660923481,-0.15617051720619202,0.46719813346862793,0.13092924654483795,0.05775581672787666,0.15003488957881927,0.2330835610628128,0.23479340970516205,0.011675288900732994,-0.16096961498260498,0.4839741885662079,0.17582160234451294,0.020053574815392494,0.20118504762649536,0.20133523643016815,-0.008922761306166649,0.03228210285305977,-0.20397154986858368,0.4752354621887207,-0.024180537089705467,0.04602557793259621,30,1.251,,,,,,,,,,,,,,,,,,,,,,,,,,,,,,,,,,,,,,,,,,,,,,,,,,,,,,,,,,,,,,,,,,,,,,,,,,,,,,,,,,,,
