pose_world_0_x,pose_world_0_y,pose_world_0_z,pose_world_0_visibility,pose_world_1_x,pose_world_1_y,pose_world_1_z,pose_world_1_visibility,pose_world_2_x,pose_world_2_y,pose_world_2_z,pose_world_2_visibility,pose_world_3_x,pose_world_3_y,pose_world_3_z,pose_world_3_visibility,pose_world_4_x,pose_world_4_y,pose_world_4_z,pose_world_4_visibility,pose_world_5_x,pose_world_5_y,pose_world_5_z,pose_world_5_visibility,pose_world_6_x,pose_world_6_y,pose_world_6_z,pose_world_6_visibility,pose_world_7_x,pose_world_7_y,pose_world_7_z,pose_world_7_visibility,pose_world_8_x,pose_world_8_y,pose_world_8_z,pose_world_8_visibility,pose_world_9_x,pose_world_9_y,pose_world_9_z,pose_world_9_visibility,pose_world_10_x,pose_world_10_y,pose_world_10_z,pose_world_10_visibility,pose_world_11_x,pose_world_11_y,pose_world_11_z,pose_world_11_visibility,pose_world_12_x,pose_world_12_y,pose_world_12_z,pose_world_12_visibility,pose_world_13_x,pose_world_13_y,pose_world_13_z,pose_world_13_visibility,pose_world_14_x,pose_world_14_y,pose_world_14_z,pose_world_14_visibility,pose_world_15_x,pose_world_15_y,pose_world_15_z,pose_world_15_visibility,pose_world_16_x,pose_world_16_y,pose_world_16_z,pose_world_16_visibility,pose_world_17_x,pose_world_17_y,pose_world_17_z,pose_world_17_visibility,pose_world_18_x,pose_world_18_y,pose_world_18_z,pose_world_18_visibility,pose_world_19_x,pose_world_19_y,pose_world_19_z,pose_world_19_visibility,pose_world_20_x,pose_world_20_y,pose_world_20_z,pose_world_20_visibility,pose_world_21_x,pose_world_21_y,pose_world_21_z,pose_world_21_visibility,pose_world_22_x,pose_world_22_y,pose_world_22_z,pose_world_22_visibility,pose_world_23_x,pose_world_23_y,pose_world_23_z,pose_world_23_visibility,pose_world_24_x,pose_world_24_y,pose_world_24_z,pose_world_24_visibility,pose_world_25_x,pose_world_25_y,pose_world_25_z,pose_world_25_visibility,pose_world_26_x,pose_world_26_y,pose_world_26_z,pose_world_26_visibility,pose_world_27_x,pose_world_27_y,pose_world_27_z,pose_world_27_visibility,pose_world_28_x,pose_world_28_y,pose_world_28_z,pose_world_28_visibility,pose_world_29_x,pose_world_29_y,pose_world_29_z,pose_world_29_visibility,pose_world_30_x,pose_world_30_y,pose_world_30_z,pose_world_30_visibility,pose_world_31_x,pose_world_31_y,pose_world_31_z,pose_world_31_visibility,pose_world_32_x,pose_world_32_y,pose_world_32_z,pose_world_32_visibility,frame,timestamp,left_hand_0_x,left_hand_0_y,left_hand_0_z,left_hand_0_visibility,left_hand_1_x,left_hand_1_y,left_hand_1_z,left_hand_1_visibility,left_hand_2_x,left_hand_2_y,left_hand_2_z,left_hand_2_visibility,left_hand_3_x,left_hand_3_y,left_hand_3_z,left_hand_3_visibility,left_hand_4_x,left_hand_4_y,left_hand_4_z,left_hand_4_visibility,left_hand_5_x,left_hand_5_y,left_hand_5_z,left_hand_5_visibility,left_hand_6_x,left_hand_6_y,left_hand_6_z,left_hand_6_visibility,left_hand_7_x,left_hand_7_y,left_hand_7_z,left_hand_7_visibility,left_hand_8_x,left_hand_8_y,left_hand_8_z,left_hand_8_visibility,left_hand_9_x,left_hand_9_y,left_hand_9_z,left_hand_9_visibility,left_hand_10_x,left_hand_10_y,left_hand_10_z,left_hand_10_visibility,left_hand_11_x,left_hand_11_y,left_hand_11_z,left_hand_11_visibility,left_hand_12_x,left_hand_12_y,left_hand_12_z,left_hand_12_visibility,left_hand_13_x,left_hand_13_y,left_hand_13_z,left_hand_13_visibility,left_hand_14_x,left_hand_14_y,left_hand_14_z,left_hand_14_visibility,left_hand_15_x,left_hand_15_y,left_hand_15_z,left_hand_15_visibility,left_hand_16_x,left_hand_16_y,left_hand_16_z,left_hand_16_visibility,left_hand_17_x,left_hand_17_y,left_hand_17_z,left_hand_17_visibility,left_hand_18_x,left_hand_18_y,left_hand_18_z,left_hand_18_visibility,left_hand_19_x,left_hand_19_y,left_hand_19_z,left_hand_19_visibility,left_hand_20_x,left_hand_20_y,left_hand_20_z,left_hand_20_visibility,right_hand_0_x,right_hand_0_y,right_hand_0_z,right_hand_0_visibility,right_hand_1_x,right_hand_1_y,right_hand_1_z,right_hand_1_visibility,right_hand_2_x,right_hand_2_y,right_hand_2_z,right_hand_2_visibility,right_hand_3_x,right_hand_3_y,right_hand_3_z,right_hand_3_visibility,right_hand_4_x,right_hand_4_y,right_hand_4_z,right_hand_4_visibility,right_hand_5_x,right_hand_5_y,right_hand_5_z,right_hand_5_visibility,right_hand_6_x,right_hand_6_y,right_hand_6_z,right_hand_6_visibility,right_hand_7_x,right_hand_7_y,right_hand_7_z,right_hand_7_visibility,right_hand_8_x,right_hand_8_y,right_hand_8_z,right_hand_8_visibility,right_hand_9_x,right_hand_9_y,right_hand_9_z,right_hand_9_visibility,right_hand_10_x,right_hand_10_y,right_hand_10_z,right_hand_10_visibility,right_hand_11_x,right_hand_11_y,right_hand_11_z,right_hand_11_visibility,right_hand_12_x,right_hand_12_y,right_hand_12_z,right_hand_12_visibility,right_hand_13_x,right_hand_13_y,right_hand_13_z,right_hand_13_visibility,right_hand_14_x,right_hand_14_y,right_hand_14_z,right_hand_14_visibility,right_hand_15_x,right_hand_15_y,right_hand_15_z,right_hand_15_visibility,right_hand_16_x,right_hand_16_y,right_hand_16_z,right_hand_16_visibility,right_hand_17_x,right_hand_17_y,right_hand_17_z,right_hand_17_visibility,right_hand_18_x,right_hand_18_y,right_hand_18_z,right_hand_18_visibility,right_hand_19_x,right_hand_19_y,right_hand_19_z,right_hand_19_visibility,right_hand_20_x,right_hand_20_y,right_hand_20_z,right_hand_20_visibility
-0.052040424197912216,-0.6415499448776245,-0.292799711227417,0.9994341731071472,-0.03226834163069725,-0.6767899990081787,-0.2841525375843048,0.9990046620368958,-0.03258338198065758,-0.676457941532135,-0.2859698235988617,0.9990942478179932,-0.03219010680913925,-0.6764858365058899,-0.2841694951057434,0.9989402890205383,-0.06941819936037064,-0.6785567402839661,-0.28164809942245483,0.9991065859794617,-0.06730696558952332,-0.6793748736381531,-0.28182655572891235,0.9992225170135498,-0.06794602423906326,-0.6784247756004333,-0.27801600098609924,0.9991248250007629,0.05573909729719162,-0.651654839515686,-0.19472698867321014,0.9989529848098755,-0.0944458618760109,-0.6557396650314331,-0.1602378487586975,0.999015212059021,-0.024460623040795326,-0.6085423827171326,-0.26752594113349915,0.9995912909507751,-0.06778605282306671,-0.6076295375823975,-0.25703293085098267,0.9996411800384521,0.1567760854959488,-0.4437018036842346,-0.1484418362379074,0.9989991784095764,-0.16327781975269318,-0.45247209072113037,-0.0968070775270462,0.9990537762641907,0.1887495219707489,-0.2125052511692047,-0.1418094038963318,0.9179830551147461,-0.1718839555978775,-0.21125173568725586,-0.06572045385837555,0.7639705538749695,0.12455170601606369,-0.046195678412914276,-0.22496244311332703,0.4693129062652588,-0.1597060263156891,-0.05075431987643242,-0.17087511718273163,0.3363177180290222,0.10934937745332718,0.009332146495580673,-0.25201669335365295,0.3778991401195526,-0.15412409603595734,0.003485578577965498,-0.19206693768501282,0.2904295027256012,0.07962919026613235,-0.0008206098573282361,-0.2904779613018036,0.4607509970664978,-0.1487923562526703,0.0020508933812379837,-0.22743019461631775,0.3545893430709839,0.10206087678670883,-0.03884711116552353,-0.24500629305839539,0.41615229845046997,-0.14827385544776917,-0.036048244684934616,-0.18789014220237732,0.33172884583473206,0.10556282103061676,-0.010015222243964672,-0.009045230224728584,0.2630355656147003,-0.10619519650936127,0.0010367968352511525,0.010748431086540222,0.3021564781665802,0.09667530655860901,0.03257695585489273,-0.014831844717264175,0.16747672855854034,-0.0771091878414154,0.17568162083625793,-0.07493679970502853,0.2491302490234375,0.15837199985980988,0.2713804543018341,0.24702532589435577,0.028575029224157333,-0.07194911688566208,0.482306569814682,0.18554966151714325,0.08653108030557632,0.16129593551158905,0.2878670394420624,0.2728998064994812,0.011480582877993584,-0.07056627422571182,0.5030835270881653,0.21820884943008423,0.033604104071855545,0.19392560422420502,0.2942872941493988,0.09000340849161148,0.03538164496421814,-0.11674241721630096,0.5395776629447937,0.05645575374364853,0.0810256227850914,0,0.0,,,,,,,,,,,,,,,,,,,,,,,,,,,,,,,,,,,,,,,,,,,,,,,,,,,,,,,,,,,,,,,,,,,,,,,,,,,,,,,,,,,,,,,,,,,,,,,,,,,,,,,,,,,,,,,,,,,,,,,,,,,,,,,,,,,,,,,,,,,,,,,,,,,,,,,,,,,,,,,,,,,,,,,,
-0.045627180486917496,-0.6370764970779419,-0.2930205166339874,0.9993000030517578,-0.024087965488433838,-0.6718189120292664,-0.2848106622695923,0.9988027215003967,-0.024429554119706154,-0.6714780926704407,-0.2866332530975342,0.9989281892776489,-0.024017242714762688,-0.6715252995491028,-0.2848215699195862,0.9987720251083374,-0.06099884957075119,-0.6741238236427307,-0.28224095702171326,0.998857855796814,-0.05893733352422714,-0.6749381422996521,-0.28237882256507874,0.9989891648292542,-0.059568990021944046,-0.6739467978477478,-0.2785472273826599,0.9988620281219482,0.06295537948608398,-0.646955668926239,-0.1961812973022461,0.9987828135490417,-0.08567395806312561,-0.6531317830085754,-0.16060630977153778,0.9986596703529358,-0.01880730502307415,-0.6044027805328369,-0.26773685216903687,0.9995046257972717,-0.06166209653019905,-0.6042675971984863,-0.2571062743663788,0.9995136857032776,0.1578635722398758,-0.4425477087497711,-0.14840835332870483,0.99896639585495,-0.15523764491081238,-0.45244136452674866,-0.0970408245921135,0.9989364743232727,0.1960630714893341,-0.2076866179704666,-0.1417703777551651,0.9153193235397339,-0.1642169952392578,-0.2117774933576584,-0.05457071214914322,0.7571271061897278,0.13548937439918518,-0.04260154068470001,-0.22658279538154602,0.45920321345329285,-0.16510120034217834,-0.045973535627126694,-0.13369064033031464,0.3270711302757263,0.12209374457597733,0.013189047574996948,-0.2536613345146179,0.36894750595092773,-0.1660883128643036,0.01119188591837883,-0.1466556042432785,0.28281641006469727,0.0911698117852211,0.004324719775468111,-0.29109951853752136,0.4513796865940094,-0.16391107439994812,0.014805306680500507,-0.18630030751228333,0.3463268578052521,0.11246730387210846,-0.03456781059503555,-0.2460794597864151,0.4073396623134613,-0.15585416555404663,-0.028849219903349876,-0.15237876772880554,0.32434508204460144,0.10494530200958252,-0.00932331383228302,-0.009334203787147999,0.2536473870277405,-0.10525612533092499,0.0006444471073336899,0.011040177196264267,0.28839248418807983,0.08914965391159058,0.03184792771935463,-0.03636714816093445,0.16182158887386322,-0.0813993513584137,0.16113325953483582,-0.07491707056760788,0.23862139880657196,0.14447161555290222,0.2869362235069275,0.21401292085647583,0.028239961713552475,-0.07632945477962494,0.4918677806854248,0.18540798127651215,0.08301261812448502,0.14656303822994232,0.30520254373550415,0.23814775049686432,0.01138815563172102,-0.07567819207906723,0.5134326815605164,0.21831689774990082,0.03276549652218819,0.1711229681968689,0.29857590794563293,0.045833516865968704,0.03464530035853386,-0.12353189289569855,0.5395313501358032,0.057221669703722,0.07744202017784119,1,0.041,,,,,,,,,,,,,,,,,,,,,,,,,,,,,,,,,,,,,,,,,,,,,,,,,,,,,,,,,,,,,,,,,,,,,,,,,,,,,,,,,,,,,,,,,,,,,,,,,,,,,,,,,,,,,,,,,,,,,,,,,,,,,,,,,,,,,,,,,,,,,,,,,,,,,,,,,,,,,,,,,,,,,,,,
-0.04448371008038521,-0.6371632218360901,-0.2874496281147003,0.9991967082023621,-0.0226521585136652,-0.671938955783844,-0.2804650664329529,0.9986474514007568,-0.02301425114274025,-0.6715992093086243,-0.2823304533958435,0.9987990260124207,-0.022604500874876976,-0.671646237373352,-0.28046363592147827,0.9986434578895569,-0.058937691152095795,-0.6742168664932251,-0.27729183435440063,0.9986559748649597,-0.056878820061683655,-0.675031840801239,-0.2773744761943817,0.9987943172454834,-0.05750460550189018,-0.6740416288375854,-0.27350184321403503,0.9986521601676941,0.06371662020683289,-0.6470001935958862,-0.19485020637512207,0.9986435770988464,-0.08212795108556747,-0.6531140208244324,-0.15704330801963806,0.9983841776847839,-0.017995988950133324,-0.6044775247573853,-0.2634325623512268,0.9994327425956726,-0.06016213074326515,-0.6043099164962769,-0.2518174946308136,0.9994100332260132,0.1578722596168518,-0.44319552183151245,-0.1477964222431183,0.9989731311798096,-0.15193301439285278,-0.4526746869087219,-0.09216048568487167,0.9988589882850647,0.20684456825256348,-0.2135453075170517,-0.14665772020816803,0.9182572960853577,-0.16201430559158325,-0.21265898644924164,-0.04287558048963547,0.7573527097702026,0.13580450415611267,-0.05807983875274658,-0.2427804172039032,0.4747110605239868,-0.17076390981674194,-0.04392300918698311,-0.1172361820936203,0.3346715271472931,0.12124559283256531,-0.006537411827594042,-0.27317777276039124,0.38167643547058105,-0.1748306304216385,0.013122836127877235,-0.13231706619262695,0.2892487645149231,0.09067171066999435,-0.019395137205719948,-0.30399730801582336,0.4628960192203522,-0.1733141839504242,0.015355965122580528,-0.16973796486854553,0.3528651297092438,0.11235824227333069,-0.05215891823172569,-0.25971686840057373,0.41858088970184326,-0.16255879402160645,-0.027084851637482643,-0.13505016267299652,0.33137065172195435,0.10430760681629181,-0.00854317843914032,-0.010896057821810246,0.260921448469162,-0.10446877032518387,8.056708611547947e-05,0.012600372545421124,0.2882263660430908,0.08863005042076111,0.04232598841190338,-0.0410722941160202,0.16099652647972107,-0.0826076790690422,0.15805868804454803,-0.07034725695848465,0.23093296587467194,0.1443634182214737,0.3055395185947418,0.18995577096939087,0.028749851509928703,-0.0689890906214714,0.49178075790405273,0.18431267142295837,0.08009015768766403,0.1464337259531021,0.3241424858570099,0.21132932603359222,0.011496154591441154,-0.06679119169712067,0.5132316946983337,0.21684688329696655,0.032310109585523605,0.16719914972782135,0.31434646248817444,0.022750670090317726,0.034985221922397614,-0.11691561341285706,0.5386783480644226,0.05747521296143532,0.07505115866661072,2,0.083,,,,,,,,,,,,,,,,,,,,,,,,,,,,,,,,,,,,,,,,,,,,,,,,,,,,,,,,,,,,,,,,,,,,,,,,,,,,,,,,,,,,,,,,,,,,,,,,,,,,,,,,,,,,,,,,,,,,,,,,,,,,,,,,,,,,,,,,,,,,,,,,,,,,,,,,,,,,,,,,,,,,,,,,
-0.04140208289027214,-0.6369181871414185,-0.28326180577278137,0.9991326332092285,-0.02044418454170227,-0.6717857718467712,-0.2759528160095215,0.9985547065734863,-0.020853238180279732,-0.6714572906494141,-0.27791741490364075,0.9987151026725769,-0.02043027989566326,-0.6715215444564819,-0.27593669295310974,0.9985584616661072,-0.05679750815033913,-0.6737641096115112,-0.272523432970047,0.9985628128051758,-0.0547344870865345,-0.6745995283126831,-0.27262449264526367,0.9987141489982605,-0.05533013120293617,-0.673612117767334,-0.268738329410553,0.9985696077346802,0.06535528600215912,-0.6472146511077881,-0.18849442899227142,0.9985737800598145,-0.08155366778373718,-0.6526796817779541,-0.15189969539642334,0.9982724785804749,-0.014798096381127834,-0.6045183539390564,-0.25889822840690613,0.999396800994873,-0.05730042606592178,-0.6041169166564941,-0.24739515781402588,0.9993689060211182,0.1636424958705902,-0.4465378224849701,-0.14505133032798767,0.9989830851554871,-0.15196897089481354,-0.4527570903301239,-0.08051306754350662,0.9988125562667847,0.2196952998638153,-0.22455061972141266,-0.14949317276477814,0.9239780306816101,-0.16113275289535522,-0.21221241354942322,-0.04474809393286705,0.7636118531227112,0.0953814834356308,-0.07600913941860199,-0.2568646967411041,0.5113759636878967,-0.18059998750686646,-0.05528806522488594,-0.15352164208889008,0.363677442073822,0.05861514061689377,-0.02711775153875351,-0.2930549681186676,0.4179932177066803,-0.18926207721233368,-0.009008973836898804,-0.18298421800136566,0.31751564145088196,0.017943840473890305,-0.049954332411289215,-0.3176911771297455,0.49468696117401123,-0.18836040794849396,-0.01831694506108761,-0.2132766991853714,0.3803325593471527,0.06434928625822067,-0.07443024963140488,-0.2715784013271332,0.45104286074638367,-0.1739184558391571,-0.043745238333940506,-0.1699637621641159,0.3588375747203827,0.10462381690740585,-0.0071534099988639355,-0.011642932891845703,0.28581923246383667,-0.10479272156953812,-0.0012583559146150947,0.013363546691834927,0.3059897720813751,0.08503790944814682,0.05063554272055626,-0.06424674391746521,0.1691189557313919,-0.09964008629322052,0.13429784774780273,-0.10132457315921783,0.23373645544052124,0.11262759566307068,0.3070663511753082,0.15480682253837585,0.029753712937235832,-0.08231720328330994,0.4704761207103729,0.10772395879030228,0.08081285655498505,0.11157448589801788,0.3255029618740082,0.17485152184963226,0.011944673955440521,-0.07878448814153671,0.49195364117622375,0.13268506526947021,0.033015672117471695,0.13148249685764313,0.3215870261192322,-0.00400303490459919,0.03634537756443024,-0.12294135987758636,0.5246753096580505,-0.026573924347758293,0.07664904743432999,3,0.125,,,,,,,,,,,,,,,,,,,,,,,,,,,,,,,,,,,,,,,,,,,,,,,,,,,,,,,,,,,,,,,,,,,,,,,,,,,,,,,,,,,,,,,,,,,,,,,,,,,,,,,,,,,,,,,,,,,,,,,,,,,,,,,,,,,,,,,,,,,,,,,,,,,,,,,,,,,,,,,,,,,,,,,,
-0.04879888519644737,-0.6357746124267578,-0.2834402620792389,0.9991941452026367,-0.030417872592806816,-0.6713749170303345,-0.2761671543121338,0.9986500144004822,-0.0309548769146204,-0.6710494160652161,-0.2781244218349457,0.9987908005714417,-0.03051876649260521,-0.6710960268974304,-0.2761555016040802,0.9986413717269897,-0.0672004297375679,-0.6729351878166199,-0.27276960015296936,0.9986736178398132,-0.06514549255371094,-0.6737625002861023,-0.2728448510169983,0.9988160729408264,-0.06569765508174896,-0.6727818846702576,-0.2689800560474396,0.9986866116523743,0.056185606867074966,-0.6479872465133667,-0.18752703070640564,0.998659610748291,-0.09428141266107559,-0.6523949503898621,-0.15211963653564453,0.9984169006347656,-0.020754287019371986,-0.6040412187576294,-0.2591080963611603,0.9994370937347412,-0.0644572377204895,-0.6030277013778687,-0.2475259155035019,0.9994174242019653,0.1631314605474472,-0.44725003838539124,-0.14233596622943878,0.9989877343177795,-0.16216440498828888,-0.45034125447273254,-0.06889691948890686,0.9988558888435364,0.21710826456546783,-0.22414134442806244,-0.1589689701795578,0.9304044246673584,-0.1777784377336502,-0.19983601570129395,-0.08293580263853073,0.7771759033203125,0.035824067890644073,-0.11026178300380707,-0.2804660499095917,0.5557935833930969,-0.19081655144691467,-0.12381599098443985,-0.2836270034313202,0.4138330817222595,-0.020756501704454422,-0.07507617026567459,-0.31563568115234375,0.46462562680244446,-0.1933300793170929,-0.11031600832939148,-0.3299541175365448,0.364523708820343,-0.05114881694316864,-0.11282818019390106,-0.33091047406196594,0.5348125696182251,-0.19654616713523865,-0.13626213371753693,-0.3371495008468628,0.424251526594162,0.005780351813882589,-0.11880024522542953,-0.2912484109401703,0.49290335178375244,-0.18486100435256958,-0.1271774172782898,-0.2921110689640045,0.4005061984062195,0.10533297061920166,-0.008284413255751133,-0.011701999232172966,0.3043220043182373,-0.10576089471578598,-0.0004108431749045849,0.013408553786575794,0.32037460803985596,0.0909477099776268,0.044551920145750046,-0.06811327487230301,0.17219746112823486,-0.1146075576543808,0.13929615914821625,-0.08198832720518112,0.22900375723838806,0.11649420857429504,0.2822313904762268,0.16895021498203278,0.030595524236559868,-0.09168864786624908,0.44751936197280884,0.11585962027311325,0.07792023569345474,0.11538214981555939,0.2964198887348175,0.18960949778556824,0.012801341712474823,-0.08424580097198486,0.4654892683029175,0.15213413536548615,0.03229794278740883,0.13948027789592743,0.29564565420150757,0.00059855030849576,0.03737827017903328,-0.12197946012020111,0.5224052667617798,-0.0054250494576990604,0.0749228224158287,4,0.166,,,,,,,,,,,,,,,,,,,,,,,,,,,,,,,,,,,,,,,,,,,,,,,,,,,,,,,,,,,,,,,,,,,,,,,,,,,,,,,,,,,,,,,,,,,,,,,,,,,,,,,,,,,,,,,,,,,,,,,,,,,,,,,,,,,,,,,,,,,,,,,,,,,,,,,,,,,,,,,,,,,,,,,,
-0.05666442587971687,-0.634432852268219,-0.28241798281669617,0.999255895614624,-0.03858017548918724,-0.6705847978591919,-0.27483513951301575,0.9987440705299377,-0.03915749117732048,-0.670249342918396,-0.2766753137111664,0.9988660216331482,-0.03876875340938568,-0.6702717542648315,-0.2745871841907501,0.9987273812294006,-0.07522284984588623,-0.6720620393753052,-0.2721283733844757,0.9987799525260925,-0.07315663248300552,-0.6728166937828064,-0.27245059609413147,0.9989124536514282,-0.07377192378044128,-0.6718173623085022,-0.26852110028266907,0.9987964630126953,0.0453997477889061,-0.6480437517166138,-0.18210634589195251,0.9987584948539734,-0.10595378279685974,-0.652144730091095,-0.15156243741512299,0.9985533356666565,-0.02908657304942608,-0.6027292609214783,-0.25695881247520447,0.9994803667068481,-0.07352365553379059,-0.6015585064888,-0.24653662741184235,0.9994663000106812,0.15709231793880463,-0.4479135572910309,-0.12601709365844727,0.9990214705467224,-0.16913391649723053,-0.4503060579299927,-0.05769461393356323,0.9989258050918579,0.21625427901744843,-0.2234337329864502,-0.15815980732440948,0.9370434284210205,-0.1818121075630188,-0.20337769389152527,-0.11113354563713074,0.7963616251945496,0.03930417448282242,-0.1479569673538208,-0.2798142433166504,0.5993930697441101,-0.20334511995315552,-0.2231546938419342,-0.3284759819507599,0.4697878062725067,-0.016266627237200737,-0.12948356568813324,-0.31667637825012207,0.5141221284866333,-0.20661136507987976,-0.2331637740135193,-0.3819436728954315,0.4203648567199707,-0.03956075757741928,-0.17153270542621613,-0.3277100920677185,0.5774274468421936,-0.2154836505651474,-0.26675310730934143,-0.3789248764514923,0.4745228588581085,0.012105857022106647,-0.16288433969020844,-0.28895577788352966,0.5389173626899719,-0.19930168986320496,-0.23495112359523773,-0.3347424268722534,0.4515704810619354,0.1066233441233635,-0.00840163603425026,-0.01166590116918087,0.3314829170703888,-0.10725967586040497,-8.286035881610587e-05,0.01325033139437437,0.345266729593277,0.10603386163711548,0.015393470413982868,-0.0627797544002533,0.16225405037403107,-0.12231118232011795,0.1146361380815506,-0.0650649219751358,0.21296903491020203,0.11885961890220642,0.2446763813495636,0.18191787600517273,0.028717216104269028,-0.09046649187803268,0.421953946352005,0.17418444156646729,0.07179436832666397,0.11883391439914703,0.2549082040786743,0.19753789901733398,0.012324300594627857,-0.08379505574703217,0.4405707120895386,0.19983406364917755,0.030259769409894943,0.1449054479598999,0.2563340365886688,0.006786144804209471,0.03502083197236061,-0.10655149072408676,0.5019696950912476,0.014051725156605244,0.06925425678491592,5,0.208,0.6489706635475159,0.9320036172866821,-3.022296013455161e-08,,0.6358070969581604,0.8716384768486023,-0.006964487489312887,,0.6105871200561523,0.82451331615448,-0.010331862606108189,,0.5921317338943481,0.800277829170227,-0.013280321843922138,,0.5834317207336426,0.790160059928894,-0.015437234193086624,,0.5694654583930969,0.8651643991470337,-0.0013233537320047617,,0.56908118724823,0.836461067199707,-0.009237292222678661,,0.580227792263031,0.8305009603500366,-0.017865177243947983,,0.5909591317176819,0.833019495010376,-0.02328415773808956,,0.5644355416297913,0.9017704725265503,-0.0009139839676208794,,0.5627353191375732,0.8749472498893738,-0.006191273219883442,,0.5748818516731262,0.8703044056892395,-0.011779320426285267,,0.5864288210868835,0.8751246333122253,-0.015402537770569324,,0.5660662651062012,0.9362908005714417,-0.0015040135476738214,,0.5614007115364075,0.9113237261772156,-0.0068819159641861916,,0.5730922222137451,0.9058250188827515,-0.007425569463521242,,0.5836226344108582,0.9096449017524719,-0.006934968754649162,,0.5713772773742676,0.9646775126457214,-0.0027138313744217157,,0.5648413896560669,0.9466990828514099,-0.006075860466808081,,0.574870765209198,0.9405072927474976,-0.0034949262626469135,,0.5832594633102417,0.9413122534751892,-0.0003181812644470483,,,,,,,,,,,,,,,,,,,,,,,,,,,,,,,,,,,,,,,,,,,,,,,,,,,,,,,,,,,,,,,,,,,,,,,,,,,,,,,,,,,,,
-0.05634773522615433,-0.6160348057746887,-0.2797805666923523,0.9993035197257996,-0.0381491519510746,-0.6538273096084595,-0.27408888936042786,0.9988102912902832,-0.03869013860821724,-0.6534499526023865,-0.27579572796821594,0.9989188313484192,-0.03828298673033714,-0.6534332036972046,-0.27358946204185486,0.9987919330596924,-0.07499507814645767,-0.6563804745674133,-0.27095893025398254,0.9988584518432617,-0.07293599843978882,-0.6568827629089355,-0.271642804145813,0.9989836812019348,-0.07359662652015686,-0.6557689309120178,-0.2676714062690735,0.998879075050354,0.04600360989570618,-0.6419614553451538,-0.1822669357061386,0.998834490776062,-0.10167824476957321,-0.6482294797897339,-0.1512807309627533,0.9986587166786194,-0.02831043116748333,-0.5867009162902832,-0.2548143267631531,0.9995195269584656,-0.07241929322481155,-0.5872637629508972,-0.2434539794921875,0.9995094537734985,0.16213391721248627,-0.43986889719963074,-0.12110907584428787,0.999083936214447,-0.15611708164215088,-0.45262381434440613,-0.057593345642089844,0.9990147948265076,0.21678151190280914,-0.19107289612293243,-0.17463058233261108,0.9432601928710938,-0.15535542368888855,-0.21032339334487915,-0.11892299354076385,0.8159794211387634,0.08820395171642303,-0.22597236931324005,-0.32791492342948914,0.639369010925293,-0.20187139511108398,-0.26808443665504456,-0.3273327648639679,0.5223768949508667,0.04149563983082771,-0.24110712110996246,-0.3741096556186676,0.5619620680809021,-0.2117539942264557,-0.28365761041641235,-0.38153815269470215,0.47590428590774536,0.05323030799627304,-0.2918054759502411,-0.37668734788894653,0.6189366579055786,-0.222523495554924,-0.3193875551223755,-0.38290563225746155,0.5246267914772034,0.0769374668598175,-0.25293275713920593,-0.3350817859172821,0.5842071771621704,-0.19867576658725739,-0.28292521834373474,-0.3371317684650421,0.5039762258529663,0.10804472118616104,-0.004746654070913792,-0.01155752595514059,0.3656196594238281,-0.10842915624380112,-0.001362269977107644,0.012698613107204437,0.379321426153183,0.124514140188694,0.01614069938659668,-0.07690833508968353,0.14777040481567383,-0.13046643137931824,0.06585263460874557,-0.06565654277801514,0.19444063305854797,0.12249047309160233,0.25021952390670776,0.18321006000041962,0.02628347836434841,-0.08242318034172058,0.42945387959480286,0.19293704628944397,0.06533658504486084,0.12263637036085129,0.2633730471134186,0.20336215198040009,0.011500065214931965,-0.06938526779413223,0.45068058371543884,0.21793168783187866,0.027966149151325226,0.14526277780532837,0.26449817419052124,0.014537977054715157,0.03192194551229477,-0.07389718294143677,0.5017834901809692,0.02470293827354908,0.06293772161006927,6,0.25,0.6904166340827942,0.821317732334137,-9.797646072229327e-08,,0.6555930972099304,0.8149245381355286,0.0031516519375145435,,0.6310471892356873,0.7742259502410889,-0.00013172253966331482,,0.6284223794937134,0.7230911254882812,-0.00606412161141634,,0.6396370530128479,0.6817626953125,-0.010210634209215641,,0.6072448492050171,0.765811026096344,0.0030431034974753857,,0.6151650547981262,0.6956100463867188,-0.007032894063740969,,0.6293045282363892,0.6883434653282166,-0.014083893969655037,,0.6379768252372742,0.7038426399230957,-0.017623532563447952,,0.6182129383087158,0.7388618588447571,-0.004279710352420807,,0.6238496899604797,0.675773024559021,-0.011180580593645573,,0.637686550617218,0.672041118144989,-0.014706148765981197,,0.6452710032463074,0.686830461025238,-0.01656239666044712,,0.6339955925941467,0.7104657888412476,-0.012289720587432384,,0.637997567653656,0.6531260013580322,-0.01682162657380104,,0.649840235710144,0.6528064608573914,-0.014668179675936699,,0.6559997200965881,0.6665046215057373,-0.012508685700595379,,0.6526965498924255,0.6839472651481628,-0.02063044346868992,,0.6552525162696838,0.6373543739318848,-0.02138802409172058,,0.6644002795219421,0.6340924501419067,-0.017022620886564255,,0.6704115271568298,0.6404481530189514,-0.013027140870690346,,0.43912187218666077,0.761223554611206,-2.2279373013134318e-08,,0.4312240183353424,0.7154252529144287,-0.001479639788158238,,0.43020427227020264,0.6623194813728333,-0.0023845394607633352,,0.43069592118263245,0.6272428035736084,-0.0037136112805455923,,0.4315987527370453,0.6042645573616028,-0.00548511790111661,,0.4439556300640106,0.6611340641975403,-0.004595117177814245,,0.44098222255706787,0.6339280605316162,-0.009967820718884468,,0.43860456347465515,0.6181994080543518,-0.014837334863841534,,0.4381754696369171,0.6038846969604492,-0.018710797652602196,,0.44539952278137207,0.680504322052002,-0.007663354277610779,,0.44084733724594116,0.6602576971054077,-0.011543177999556065,,0.4374122619628906,0.6529700756072998,-0.014795390889048576,,0.4362831711769104,0.6477769017219543,-0.018169505521655083,,0.44505977630615234,0.7027347087860107,-0.010935988277196884,,0.4372986853122711,0.6892430186271667,-0.015000726096332073,,0.4341816008090973,0.6888648867607117,-0.014748506247997284,,0.4341413080692291,0.6886261105537415,-0.015136323869228363,,0.4428335130214691,0.7274545431137085,-0.01446812879294157,,0.4339042901992798,0.7186012268066406,-0.01748766377568245,,0.4305698573589325,0.7206984758377075,-0.016336122527718544,,0.4302043914794922,0.7240103483200073,-0.015758343040943146,
-0.05608119070529938,-0.6103715300559998,-0.2730328142642975,0.9993570446968079,-0.03773171082139015,-0.6487858295440674,-0.26925015449523926,0.9988949298858643,-0.038267817348241806,-0.6483979821205139,-0.27083292603492737,0.998990535736084,-0.03786955773830414,-0.6483668088912964,-0.2685275375843048,0.9988740086555481,-0.07467500865459442,-0.6505537629127502,-0.2655189335346222,0.9989451766014099,-0.07261019945144653,-0.6510128378868103,-0.26652613282203674,0.9990605115890503,-0.07325389236211777,-0.6498503088951111,-0.262459933757782,0.9989659190177917,0.046583909541368484,-0.6399695873260498,-0.18202905356884003,0.9989220499992371,-0.0984230637550354,-0.6432735323905945,-0.14729207754135132,0.9987682700157166,-0.0277283675968647,-0.581721305847168,-0.24934569001197815,0.9995595812797546,-0.07128292322158813,-0.5814586281776428,-0.2367253452539444,0.99955153465271,0.1659567505121231,-0.43710190057754517,-0.11352695524692535,0.9991508722305298,-0.1471676081418991,-0.4518250524997711,-0.05721310153603554,0.9990959167480469,0.2224077731370926,-0.19059327244758606,-0.1801290661096573,0.9488329291343689,-0.14396227896213531,-0.21192793548107147,-0.12858149409294128,0.8337584137916565,0.12786565721035004,-0.25863873958587646,-0.3416610658168793,0.6753413677215576,-0.2006368637084961,-0.302987277507782,-0.32953953742980957,0.5698437094688416,0.09033410996198654,-0.2795110046863556,-0.38490575551986694,0.604994535446167,-0.20759066939353943,-0.3296012878417969,-0.38033580780029297,0.526642382144928,0.10242635011672974,-0.3279735743999481,-0.38466906547546387,0.6562681198120117,-0.2184104174375534,-0.36571207642555237,-0.3762432634830475,0.5704979300498962,0.11877516657114029,-0.28552573919296265,-0.3477077782154083,0.6249128580093384,-0.19541339576244354,-0.32028716802597046,-0.33667197823524475,0.5516636967658997,0.10833624750375748,-0.002999915974214673,-0.01155506819486618,0.3997687101364136,-0.10855115205049515,-0.0020307213999330997,0.012576167471706867,0.41096562147140503,0.12731795012950897,0.01592554897069931,-0.07752091437578201,0.13511347770690918,-0.1328517645597458,0.05654874071478844,-0.05112395063042641,0.17860189080238342,0.12412137538194656,0.2534632980823517,0.20857296884059906,0.02429751306772232,-0.07752251625061035,0.4338327944278717,0.22064803540706635,0.05973228067159653,0.12443581968545914,0.26399344205856323,0.22736845910549164,0.010952471755445004,-0.062238872051239014,0.4557812809944153,0.24743697047233582,0.02606893517076969,0.1397002786397934,0.26789945363998413,0.04368089884519577,0.029308905825018883,-0.068504199385643,0.5034334063529968,0.05875788629055023,0.05745944753289223,7,0.291,0.7101781368255615,0.7829432487487793,-5.20192244835016e-09,,0.6798563599586487,0.7615842819213867,0.004030264914035797,,0.6561880707740784,0.7151550650596619,0.002352955751121044,,0.6520060300827026,0.6697601079940796,-0.0020542091224342585,,0.6597002148628235,0.6310818195343018,-0.005606318358331919,,0.6320979595184326,0.6987396478652954,0.006586850620806217,,0.6437561511993408,0.6314451098442078,-0.0022945140954107046,,0.6585566997528076,0.6112925410270691,-0.010292221792042255,,0.6696439981460571,0.6123405694961548,-0.014568138867616653,,0.6418066620826721,0.6828505992889404,-0.0002411462046438828,,0.651482343673706,0.617479681968689,-0.005340898875147104,,0.6650311946868896,0.5994930863380432,-0.01018405519425869,,0.6758967638015747,0.5980521440505981,-0.01280241645872593,,0.6574987769126892,0.6657546758651733,-0.007631962653249502,,0.6642429828643799,0.6048324704170227,-0.010731483809649944,,0.6749434471130371,0.5879176259040833,-0.010445322841405869,,0.6833971738815308,0.5835705399513245,-0.009303280152380466,,0.6767117977142334,0.6508437395095825,-0.015276551246643066,,0.6797624230384827,0.6024750471115112,-0.014644737355411053,,0.6870188117027283,0.5841190814971924,-0.010658112354576588,,0.6927981972694397,0.5739445090293884,-0.006802473217248917,,0.4326840043067932,0.6856444478034973,-6.888927117643107e-08,,0.4266463816165924,0.6452885270118713,0.0036242313217371702,,0.4281373918056488,0.6036782264709473,0.0046869427897036076,,0.43136081099510193,0.579815685749054,0.004227497614920139,,0.4359908998012543,0.5682530999183655,0.003894330468028784,,0.4332640469074249,0.5905643701553345,0.003550965804606676,,0.43997618556022644,0.5630225539207458,0.002400744706392288,,0.44227996468544006,0.5522633194923401,0.0009675908368080854,,0.44311559200286865,0.5439005494117737,-0.0005803572130389512,,0.4390442371368408,0.6024268865585327,-0.00033401302061975,,0.4463961124420166,0.5834250450134277,-0.0010837923036888242,,0.44773149490356445,0.585246741771698,-0.0021970912348479033,,0.4465375244617462,0.5874943733215332,-0.003630751045420766,,0.44599243998527527,0.6181972622871399,-0.003997685853391886,,0.4514431059360504,0.6003880500793457,-0.004246997181326151,,0.4521559178829193,0.6024161577224731,-0.0027202218770980835,,0.4501970410346985,0.6058964729309082,-0.0023491401225328445,,0.45234230160713196,0.6367214918136597,-0.00754128023982048,,0.45635172724723816,0.6200235486030579,-0.006132151000201702,,0.4563525915145874,0.618653416633606,-0.0031986774411052465,,0.4547131359577179,0.6203619241714478,-0.0014748959802091122,
-0.05339008942246437,-0.6103960275650024,-0.26215383410453796,0.9994045495986938,-0.03528955206274986,-0.6487582325935364,-0.25937169790267944,0.9989705085754395,-0.03588797524571419,-0.648370623588562,-0.26086345314979553,0.9990541338920593,-0.03554539382457733,-0.6483457088470459,-0.2585175633430481,0.998947024345398,-0.07082244753837585,-0.6502676010131836,-0.25565019249916077,0.9990217685699463,-0.06875967979431152,-0.650723934173584,-0.25687527656555176,0.9991278052330017,-0.0694635808467865,-0.649556577205658,-0.2527702748775482,0.9990420341491699,0.04878045991063118,-0.6400964260101318,-0.17712491750717163,0.9989988207817078,-0.09182675182819366,-0.6424840688705444,-0.13998304307460785,0.9988653063774109,-0.024042338132858276,-0.5817319750785828,-0.23942820727825165,0.9995946288108826,-0.06651542335748672,-0.5811649560928345,-0.2266203761100769,0.999588668346405,0.16951963305473328,-0.4368966221809387,-0.10266167670488358,0.9992062449455261,-0.14054249227046967,-0.4521144926548004,-0.05615586042404175,0.9991666078567505,0.22371052205562592,-0.19214162230491638,-0.17908570170402527,0.9538151025772095,-0.13818444311618805,-0.22181256115436554,-0.1343391239643097,0.8498197197914124,0.1571633368730545,-0.27551352977752686,-0.3448549509048462,0.7077057957649231,-0.19789685308933258,-0.32768264412879944,-0.33128198981285095,0.6125898957252502,0.1287841647863388,-0.2993520498275757,-0.3885130286216736,0.6436628103256226,-0.205485537648201,-0.35706037282943726,-0.381445974111557,0.5723953247070312,0.14128132164478302,-0.3461734354496002,-0.3886343538761139,0.689812183380127,-0.21512597799301147,-0.39311113953590393,-0.3763866126537323,0.6118549108505249,0.14998391270637512,-0.3023030757904053,-0.35178881883621216,0.6615079045295715,-0.1941041499376297,-0.34548982977867126,-0.33809468150138855,0.5946937799453735,0.1085936427116394,-0.0015986945945769548,-0.011157355271279812,0.43145203590393066,-0.10869865119457245,-0.002756559755653143,0.011806625872850418,0.4401254653930664,0.12867124378681183,0.016204020008444786,-0.07423973083496094,0.12334045767784119,-0.1329725831747055,0.05760785937309265,-0.040777336806058884,0.1639588624238968,0.1254730075597763,0.2546754777431488,0.2305351048707962,0.02240539900958538,-0.075433149933815,0.43554750084877014,0.23567721247673035,0.054556410759687424,0.12585265934467316,0.2662532925605774,0.2492806315422058,0.010363697074353695,-0.059791386127471924,0.4582254886627197,0.2629237174987793,0.024219678714871407,0.13898099958896637,0.27013570070266724,0.07022126019001007,0.026876885443925858,-0.06664534658193588,0.5042909383773804,0.0772867202758789,0.05242964252829552,8,0.333,0.7214506268501282,0.6965089440345764,3.134474013677391e-08,,0.6914032101631165,0.6740739941596985,0.005929391831159592,,0.6733685731887817,0.6277163028717041,0.007000015117228031,,0.6758646965026855,0.5875515937805176,0.005461487919092178,,0.6882967352867126,0.5581190586090088,0.004426218569278717,,0.662501871585846,0.5986113548278809,0.009842717088758945,,0.6663908958435059,0.5491108894348145,0.006793904583901167,,0.6767506003379822,0.525717556476593,0.002810208359733224,,0.6864225268363953,0.5130178928375244,-4.169272506260313e-05,,0.6770772933959961,0.5777398943901062,0.0038105992134660482,,0.6800732016563416,0.5328887701034546,0.003968588542193174,,0.6881783604621887,0.5127785205841064,0.001851493725553155,,0.695798397064209,0.49920058250427246,-0.00033991632517427206,,0.6944801211357117,0.5602198839187622,-0.0024659899063408375,,0.6980619430541992,0.5169051289558411,-0.0022375057451426983,,0.7046476602554321,0.4997224807739258,-0.0008891853503882885,,0.7100850343704224,0.4866068363189697,-0.0003620970528572798,,0.7139456272125244,0.5462047457695007,-0.00886490661650896,,0.7182199358940125,0.5073716640472412,-0.006877143867313862,,0.7225443720817566,0.4930913746356964,-0.002570170210674405,,0.7258021831512451,0.4821753203868866,0.0008106097229756415,,0.4324716031551361,0.6477078199386597,-1.187637579391776e-07,,0.43024829030036926,0.6096432209014893,0.0010235855588689446,,0.4374733567237854,0.5652651786804199,-0.00187179003842175,,0.44653424620628357,0.5373522639274597,-0.005722643807530403,,0.4534975588321686,0.5214092135429382,-0.009223591536283493,,0.43433791399002075,0.5503519773483276,-0.00727404560893774,,0.45698869228363037,0.5276126265525818,-0.01487496867775917,,0.4572083353996277,0.5356957316398621,-0.019712181761860847,,0.4496636688709259,0.5368982553482056,-0.022885341197252274,,0.4369262158870697,0.5685334205627441,-0.012435168959200382,,0.46461546421051025,0.5484469532966614,-0.018423503264784813,,0.4610424041748047,0.5616429448127747,-0.01944487728178501,,0.4502832889556885,0.5666925311088562,-0.02084081433713436,,0.4414924383163452,0.5887479186058044,-0.017510227859020233,,0.46652454137802124,0.5697503089904785,-0.021607469767332077,,0.46215611696243286,0.5824252963066101,-0.018337076529860497,,0.4521707594394684,0.5875611305236816,-0.016968384385108948,,0.44578513503074646,0.6107883453369141,-0.02271699719130993,,0.46634358167648315,0.5930293798446655,-0.02356274425983429,,0.4630539119243622,0.6046035885810852,-0.019445253536105156,,0.45449236035346985,0.6122684478759766,-0.01718776486814022,
-0.04779702425003052,-0.6085982322692871,-0.2498161643743515,0.999453604221344,-0.03148503974080086,-0.6477062106132507,-0.24646155536174774,0.9990535974502563,-0.032129112631082535,-0.6473086476325989,-0.2478744238615036,0.9991270303726196,-0.031838495284318924,-0.6472786664962769,-0.24552766978740692,0.9990286827087402,-0.0658598393201828,-0.648483157157898,-0.24448883533477783,0.9991020560264587,-0.06377173215150833,-0.6489150524139404,-0.24581311643123627,0.9991981387138367,-0.06450242549180984,-0.6477377414703369,-0.24167264997959137,0.9991202354431152,0.04915693402290344,-0.6402869820594788,-0.16539731621742249,0.999078094959259,-0.0891486406326294,-0.6408852338790894,-0.13285331428050995,0.9989632964134216,-0.018733881413936615,-0.5808106660842896,-0.22684286534786224,0.9996290802955627,-0.06045139953494072,-0.5793797373771667,-0.215898334980011,0.999624490737915,0.17042678594589233,-0.4370419383049011,-0.08541936427354813,0.9992573857307434,-0.1381739377975464,-0.4512583315372467,-0.05670313909649849,0.9992270469665527,0.22321444749832153,-0.1931348592042923,-0.17864884436130524,0.9581871032714844,-0.13267157971858978,-0.22435057163238525,-0.14804020524024963,0.8643178343772888,0.18603463470935822,-0.27993595600128174,-0.3450058698654175,0.7367870807647705,-0.17999450862407684,-0.3344994783401489,-0.3421645164489746,0.651038408279419,0.1674841195344925,-0.30339929461479187,-0.3877638578414917,0.6781393885612488,-0.18941567838191986,-0.3652411997318268,-0.3908517360687256,0.6133829355239868,0.18365097045898438,-0.3476681113243103,-0.38865411281585693,0.7197035551071167,-0.2062569260597229,-0.40098631381988525,-0.3832394778728485,0.648950457572937,0.18241405487060547,-0.3054821193218231,-0.3530232906341553,0.6941390633583069,-0.17979566752910614,-0.3527592718601227,-0.3478466868400574,0.6332312226295471,0.1087651327252388,-0.0015542189357802272,-0.008765699341893196,0.4599551856517792,-0.10879894345998764,-0.0027556740678846836,0.00889581348747015,0.4644187092781067,0.12967096269130707,0.011052202433347702,-0.07204542309045792,0.11227545887231827,-0.13193725049495697,0.05777532607316971,-0.03773311898112297,0.1501166969537735,0.12762637436389923,0.2571567893028259,0.23766224086284637,0.020702118054032326,-0.07192566990852356,0.4361967146396637,0.23663094639778137,0.049799297004938126,0.1285894364118576,0.2695881128311157,0.25631728768348694,0.009899575263261795,-0.05540326610207558,0.45935165882110596,0.26398134231567383,0.022464556619524956,0.13982845842838287,0.2723626494407654,0.0735982283949852,0.024713056161999702,-0.05815211683511734,0.505291223526001,0.0763428583741188,0.04786273464560509,9,0.375,0.7358318567276001,0.6620833873748779,-1.2022402984257496e-07,,0.7446004152297974,0.5929555892944336,0.0069944895803928375,,0.7383849620819092,0.5307546257972717,0.009966638870537281,,0.7398629784584045,0.49356377124786377,0.01023856457322836,,0.7463391423225403,0.4807460904121399,0.00985347293317318,,0.7190564870834351,0.5064618587493896,0.013739329762756824,,0.7180028557777405,0.5027778148651123,0.01234626304358244,,0.7223360538482666,0.5180156230926514,0.006602956913411617,,0.7265597581863403,0.5317716002464294,0.0024567365180701017,,0.7038475275039673,0.5207659602165222,0.009374607354402542,,0.7040612101554871,0.5196381211280823,0.011568836867809296,,0.7101020812988281,0.5349066257476807,0.007685661315917969,,0.716235876083374,0.5500577688217163,0.0042629060335457325,,0.6914165616035461,0.543549656867981,0.005201485473662615,,0.6926308274269104,0.5385618209838867,0.00896235927939415,,0.6993393898010254,0.5520889163017273,0.00898811500519514,,0.7050532102584839,0.5668275952339172,0.007828227244317532,,0.6814349889755249,0.5696419477462769,0.0010989775182679296,,0.6826457381248474,0.5632739663124084,0.005839142017066479,,0.6894586086273193,0.5734282732009888,0.009903774596750736,,0.6944360733032227,0.5843513607978821,0.012759316712617874,,0.4375142455101013,0.6211389303207397,-1.132926499280984e-07,,0.43655726313591003,0.5886748433113098,-0.00013408937957137823,,0.44531258940696716,0.5442934036254883,-0.002990426030009985,,0.4551810026168823,0.5138893723487854,-0.006496033631265163,,0.46143752336502075,0.4915792942047119,-0.008984841406345367,,0.4416036605834961,0.5224946737289429,-0.006254652515053749,,0.46815377473831177,0.4997887909412384,-0.014585335738956928,,0.46836167573928833,0.5140635371208191,-0.01915106363594532,,0.46061334013938904,0.5217838883399963,-0.021396184340119362,,0.4452514350414276,0.5372011065483093,-0.010426467284560204,,0.47550302743911743,0.5160222053527832,-0.016486676409840584,,0.47248244285583496,0.531149685382843,-0.01691783219575882,,0.46281230449676514,0.5376709699630737,-0.01732693798840046,,0.45025575160980225,0.5545883178710938,-0.0149361751973629,,0.4771983325481415,0.535160481929779,-0.018571864813566208,,0.4735337197780609,0.5491232872009277,-0.014791539870202541,,0.46451422572135925,0.5544795393943787,-0.012800004333257675,,0.4549865126609802,0.5737371444702148,-0.019745098426938057,,0.4766640365123749,0.556565523147583,-0.01997510902583599,,0.4740307927131653,0.5689854025840759,-0.015880029648542404,,0.46635162830352783,0.5753986835479736,-0.01351711992174387,
-0.04707043245434761,-0.609412670135498,-0.2470303177833557,0.9995023012161255,-0.030829614028334618,-0.6484121680259705,-0.24306562542915344,0.9991369247436523,-0.031494081020355225,-0.6480104923248291,-0.24457170069217682,0.9992020726203918,-0.031214550137519836,-0.6479822397232056,-0.2421923130750656,0.9991122484207153,-0.06498412042856216,-0.6491972804069519,-0.24080367386341095,0.9991821646690369,-0.06290542334318161,-0.6496394872665405,-0.2420780062675476,0.9992688298225403,-0.06363581120967865,-0.6484692692756653,-0.23796392977237701,0.9991982579231262,0.04957333579659462,-0.6404316425323486,-0.16270919144153595,0.9991579055786133,-0.08788944780826569,-0.6408739686012268,-0.12891826033592224,0.999058187007904,-0.017738496884703636,-0.58132404088974,-0.22459249198436737,0.9996622800827026,-0.05933578312397003,-0.5798805356025696,-0.21329832077026367,0.9996586441993713,0.17200720310211182,-0.4354007840156555,-0.08765394240617752,0.9993032217025757,-0.1381673365831375,-0.4509461522102356,-0.05749186500906944,0.9992867112159729,0.21640442311763763,-0.19396455585956573,-0.18249660730361938,0.9621151089668274,-0.134205162525177,-0.22470402717590332,-0.15844398736953735,0.8774763345718384,0.17928582429885864,-0.32152220606803894,-0.3551609218120575,0.7629742622375488,-0.1614244133234024,-0.34424081444740295,-0.35237541794776917,0.685741662979126,0.15877269208431244,-0.3570556640625,-0.3963591158390045,0.7093353271484375,-0.16705191135406494,-0.37846317887306213,-0.39983153343200684,0.650814950466156,0.17794811725616455,-0.40354055166244507,-0.39503851532936096,0.7467657923698425,-0.18179607391357422,-0.41497722268104553,-0.38932061195373535,0.6828410625457764,0.17618590593338013,-0.3502581715583801,-0.3623707592487335,0.723673939704895,-0.1597995162010193,-0.3629223704338074,-0.3566614091396332,0.6684868335723877,0.10979624092578888,-0.001346944598481059,-0.008050672709941864,0.47563475370407104,-0.10948911309242249,-0.002970709465444088,0.008111444301903248,0.47810158133506775,0.13285647332668304,-0.021519822999835014,-0.07190942019224167,0.10282216966152191,-0.1352001279592514,0.01933308131992817,-0.04028166085481644,0.13831502199172974,0.1344483643770218,0.23540884256362915,0.24202178418636322,0.019228827208280563,-0.07118824869394302,0.4102241098880768,0.2401496022939682,0.045526403933763504,0.13549822568893433,0.2449161857366562,0.26203298568725586,0.009412333369255066,-0.05444204807281494,0.43154096603393555,0.27019208669662476,0.020808780565857887,0.14373265206813812,0.23216569423675537,0.07145780324935913,0.022805852815508842,-0.059379152953624725,0.47379016876220703,0.07514065504074097,0.04375016689300537,10,0.417,0.7407744526863098,0.6152995824813843,-1.5380524587271793e-07,,0.7513991594314575,0.5670903325080872,0.007233038078993559,,0.7488526105880737,0.5200325846672058,0.009629174135625362,,0.7479605674743652,0.4872804284095764,0.010349667631089687,,0.7558237910270691,0.47026771306991577,0.010322331450879574,,0.7337051033973694,0.48388904333114624,0.004996524658054113,,0.7248956561088562,0.49039262533187866,0.005881305318325758,,0.7264878749847412,0.510303258895874,0.0036207158118486404,,0.7306251525878906,0.5241398811340332,0.0016098411288112402,,0.7170161008834839,0.49269065260887146,0.001488464418798685,,0.7111321091651917,0.5046895742416382,0.006374732591211796,,0.7140442132949829,0.5217808485031128,0.006844731513410807,,0.7197262644767761,0.5345386266708374,0.00538622448220849,,0.7031546831130981,0.511038064956665,-0.0009843942243605852,,0.7004082202911377,0.5223648548126221,0.0038855604361742735,,0.7042813897132874,0.5362528562545776,0.005153717007488012,,0.7097665667533875,0.5485098958015442,0.004069085698574781,,0.6914567947387695,0.5324576497077942,-0.0030532123055309057,,0.6910811066627502,0.5386653542518616,0.0007522726082243025,,0.6961693167686462,0.5521202683448792,0.003987118136137724,,0.7007709741592407,0.5631266832351685,0.006081013474613428,,0.4507560729980469,0.591088593006134,-1.2214513844810426e-07,,0.45492690801620483,0.5539997816085815,0.001621975447051227,,0.46849316358566284,0.5130570530891418,0.0005133107188157737,,0.4792191684246063,0.48396041989326477,-0.0014091548509895802,,0.4803197979927063,0.4589802920818329,-0.0021058956626802683,,0.4655548334121704,0.48595964908599854,-0.0011305171065032482,,0.49414876103401184,0.485283762216568,-0.006623872090131044,,0.4927450120449066,0.5015084147453308,-0.009674780070781708,,0.48527514934539795,0.5078461766242981,-0.011339634656906128,,0.4698754847049713,0.4986017644405365,-0.0051082829013466835,,0.49903419613838196,0.501563310623169,-0.0073191882111132145,,0.4957191050052643,0.516342043876648,-0.006785442586988211,,0.48772555589675903,0.5190029740333557,-0.00734251132234931,,0.474794864654541,0.5165545344352722,-0.009362353011965752,,0.5022233724594116,0.5177066326141357,-0.010823347605764866,,0.49848055839538574,0.531360387802124,-0.0073916115798056126,,0.49071240425109863,0.533328652381897,-0.006086178123950958,,0.47986412048339844,0.5365878939628601,-0.013768037781119347,,0.502614438533783,0.535893976688385,-0.012705710716545582,,0.4991961717605591,0.5472713112831116,-0.00885249488055706,,0.4920179545879364,0.5495557188987732,-0.006815173663198948,
-0.04671768471598625,-0.6117060780525208,-0.2343444973230362,0.9995465874671936,-0.030418923124670982,-0.651138961315155,-0.22868163883686066,0.9992132782936096,-0.03108906000852585,-0.650714099407196,-0.23019295930862427,0.9992707371711731,-0.03082122839987278,-0.650680422782898,-0.22781966626644135,0.9991884231567383,-0.06450209021568298,-0.6517381072044373,-0.22743399441242218,0.9992555379867554,-0.062421008944511414,-0.652136504650116,-0.22871553897857666,0.9993337988853455,-0.06314907968044281,-0.6509484052658081,-0.22462451457977295,0.9992698431015015,0.04991801455616951,-0.643341600894928,-0.1455884873867035,0.9992299675941467,-0.08796258270740509,-0.6426811814308167,-0.11606884747743607,0.9991448521614075,-0.017650479450821877,-0.5833935141563416,-0.2111983746290207,0.9996917843818665,-0.059284403920173645,-0.5818097591400146,-0.20121678709983826,0.9996893405914307,0.17184466123580933,-0.4354842007160187,-0.07558455318212509,0.999337375164032,-0.13894785940647125,-0.4510415196418762,-0.05420912802219391,0.9993377923965454,0.2103477418422699,-0.19752033054828644,-0.1809760332107544,0.9655823707580566,-0.1358279436826706,-0.22507523000240326,-0.15924139320850372,0.8893141150474548,0.17367878556251526,-0.33867913484573364,-0.35580557584762573,0.7865193486213684,-0.15150882303714752,-0.3400208353996277,-0.35402020812034607,0.7169495820999146,0.15214265882968903,-0.3767890930175781,-0.3985024690628052,0.7372777462005615,-0.1551733911037445,-0.3732921779155731,-0.4020526707172394,0.684395432472229,0.17110224068164825,-0.4240911304950714,-0.39577043056488037,0.7710028886795044,-0.1681952327489853,-0.4089655876159668,-0.3905040919780731,0.713267982006073,0.17047666013240814,-0.36797988414764404,-0.36313319206237793,0.7501299977302551,-0.14919579029083252,-0.35818278789520264,-0.35776686668395996,0.7001192569732666,0.11023253202438354,-0.0013852262636646628,-0.006801588926464319,0.49682772159576416,-0.10984185338020325,-0.0029403686057776213,0.006790046580135822,0.49859634041786194,0.1363454908132553,-0.0241277813911438,-0.07123786956071854,0.09415803849697113,-0.13487419486045837,0.032197773456573486,-0.04159294068813324,0.12781742215156555,0.14175856113433838,0.23339968919754028,0.2459680736064911,0.017844928428530693,-0.07096048444509506,0.41565385460853577,0.2362598329782486,0.04175794497132301,0.14291605353355408,0.24284836649894714,0.2670205235481262,0.008965915068984032,-0.054400958120822906,0.437386691570282,0.2658678889274597,0.019363543018698692,0.1514003723859787,0.23226675391197205,0.07437754422426224,0.021071381866931915,-0.06156858801841736,0.48029738664627075,0.0732003003358841,0.04014754295349121,11,0.458,0.7336721420288086,0.6075543165206909,-7.608555563365371e-08,,0.7455026507377625,0.5645638704299927,0.004636560101062059,,0.7433330416679382,0.5171737670898438,0.006859387271106243,,0.7425493597984314,0.4873698055744171,0.008003818802535534,,0.7503135800361633,0.4740248918533325,0.00864925142377615,,0.7271730899810791,0.48508086800575256,0.005189965013414621,,0.7235801219940186,0.4945591390132904,0.005308866500854492,,0.7263781428337097,0.5128911733627319,0.0023751985281705856,,0.7298473715782166,0.5249919891357422,6.73167232889682e-05,,0.7109858393669128,0.4937918782234192,0.0028731897473335266,,0.7093642354011536,0.50728440284729,0.006538833491504192,,0.7130491137504578,0.5227729082107544,0.006227958481758833,,0.7176843881607056,0.5337928533554077,0.004824243485927582,,0.697462260723114,0.5112817883491516,0.0010634668869897723,,0.6976512670516968,0.5239855051040649,0.004557107109576464,,0.7021990418434143,0.5372777581214905,0.0050016106106340885,,0.7073180079460144,0.5478293895721436,0.004031639080494642,,0.6858387589454651,0.5314232707023621,-0.000573609780985862,,0.6871364712715149,0.5398771166801453,0.0020885795820504427,,0.6925125122070312,0.5525035262107849,0.004269261844456196,,0.6967993974685669,0.5625997185707092,0.005939236376434565,,0.4572446942329407,0.5883522629737854,-9.816174895149743e-08,,0.46182775497436523,0.5487560033798218,0.0014969095354899764,,0.47679150104522705,0.5105115175247192,0.00041330905514769256,,0.4887177646160126,0.48496949672698975,-0.0015413638902828097,,0.49250638484954834,0.46364063024520874,-0.002196315675973892,,0.4776526391506195,0.48374250531196594,0.0006216946640051901,,0.5065648555755615,0.4895973801612854,-0.004878306295722723,,0.5043583512306213,0.505072832107544,-0.008529581129550934,,0.49571266770362854,0.5107519626617432,-0.010584628209471703,,0.4815809428691864,0.49669304490089417,-0.00304589606821537,,0.5103365182876587,0.5059188604354858,-0.005157518666237593,,0.5060867071151733,0.5191380381584167,-0.005382114555686712,,0.49757087230682373,0.5201323628425598,-0.006518970709294081,,0.4862629771232605,0.514430820941925,-0.007110157981514931,,0.513014018535614,0.5214781165122986,-0.008450686931610107,,0.5086140632629395,0.5342735648155212,-0.005696208216249943,,0.50068598985672,0.5353573560714722,-0.004764811135828495,,0.4911070168018341,0.5348334908485413,-0.011389601044356823,,0.5130230188369751,0.5379519462585449,-0.01023455522954464,,0.5092301368713379,0.5490357279777527,-0.006762579549103975,,0.5021467804908752,0.5515820384025574,-0.004834706429392099,
-0.04615899920463562,-0.6121691465377808,-0.2333768755197525,0.9995840191841125,-0.02989051304757595,-0.6513755321502686,-0.22778455913066864,0.9992772340774536,-0.03056175448000431,-0.6509560942649841,-0.22930315136909485,0.9993277192115784,-0.030301857739686966,-0.6509225964546204,-0.2269321233034134,0.9992520809173584,-0.06393728405237198,-0.6520551443099976,-0.22631306946277618,0.999316930770874,-0.061854247003793716,-0.652472734451294,-0.22756344079971313,0.9993875622749329,-0.06257640570402145,-0.6512938141822815,-0.2234993875026703,0.9993293881416321,0.05017954483628273,-0.6438573598861694,-0.14456075429916382,0.9992899298667908,-0.08765308558940887,-0.6428022980690002,-0.11425291746854782,0.9992178082466125,-0.01699625514447689,-0.5837029218673706,-0.21020151674747467,0.9997167587280273,-0.05866355821490288,-0.5821701884269714,-0.1999933421611786,0.999715268611908,0.17167888581752777,-0.4356156289577484,-0.07505887746810913,0.9993700981140137,-0.1395159512758255,-0.45105311274528503,-0.05302770808339119,0.9993816018104553,0.20911885797977448,-0.1978464275598526,-0.17996306717395782,0.968756914138794,-0.1368851363658905,-0.22557708621025085,-0.15540888905525208,0.8999491930007935,0.1707165241241455,-0.3176773190498352,-0.35262197256088257,0.8077033162117004,-0.15019415318965912,-0.3420686721801758,-0.3450399935245514,0.7450076341629028,0.14907462894916534,-0.3495955467224121,-0.3954428434371948,0.7623540759086609,-0.15235108137130737,-0.37595969438552856,-0.39230722188949585,0.714391827583313,0.16556333005428314,-0.394448459148407,-0.39316046237945557,0.792724609375,-0.1649896800518036,-0.4139776825904846,-0.38291117548942566,0.7403629422187805,0.1666589379310608,-0.3447008728981018,-0.35995543003082275,0.7738476991653442,-0.1474057137966156,-0.3611377775669098,-0.3494192957878113,0.7282853126525879,0.11039751023054123,-0.0013962616212666035,-0.00635824678465724,0.515288233757019,-0.10997756570577621,-0.0029562015552073717,0.0063083781860768795,0.5153123140335083,0.1366361379623413,-0.02201644703745842,-0.07289786636829376,0.0863679051399231,-0.13446709513664246,0.03609112277626991,-0.04936405271291733,0.11815209686756134,0.14381667971611023,0.2361874282360077,0.23658381402492523,0.016591781750321388,-0.07071248441934586,0.4185051918029785,0.22857175767421722,0.038276609033346176,0.14514634013175964,0.24580548703670502,0.2561906576156616,0.008533471263945103,-0.05442061275243759,0.44048166275024414,0.2574900984764099,0.01803657039999962,0.15540184080600739,0.23537543416023254,0.06154968962073326,0.019495446234941483,-0.06193074956536293,0.4832419753074646,0.0579339899122715,0.03682326152920723,12,0.5,0.725550651550293,0.6072583198547363,-7.714361771604672e-08,,0.7396746873855591,0.5683023929595947,0.002628704998642206,,0.7395917177200317,0.5199760794639587,0.004374245647341013,,0.740199625492096,0.489867627620697,0.0054772160947322845,,0.74826580286026,0.474997878074646,0.006233689840883017,,0.7216554284095764,0.4904124438762665,0.003256390569731593,,0.7224434614181519,0.4981742203235626,0.0029884381219744682,,0.7250992059707642,0.5160592198371887,0.00032572695636190474,,0.7270147204399109,0.5270513892173767,-0.0019001116743311286,,0.7058337926864624,0.5000066757202148,0.001593711320310831,,0.7070512175559998,0.5090792775154114,0.004297356586903334,,0.7107872366905212,0.5243884921073914,0.004202526528388262,,0.7140452861785889,0.53545081615448,0.0030511205550283194,,0.6927518844604492,0.5171657204627991,0.00023109311587177217,,0.6944921016693115,0.5253864526748657,0.0026709509547799826,,0.6990880966186523,0.5384742021560669,0.0034813848324120045,,0.7031950950622559,0.5491440296173096,0.002908081281930208,,0.6817420125007629,0.5361661314964294,-0.0010908680269494653,,0.6833356618881226,0.5418760776519775,0.0007186299772001803,,0.6886147260665894,0.5533843636512756,0.0028994237072765827,,0.6922916173934937,0.5623868107795715,0.004538548644632101,,0.46179264783859253,0.5877880454063416,-1.0973221264976019e-07,,0.46820342540740967,0.5496890544891357,0.002608693204820156,,0.4846011996269226,0.5141098499298096,0.0020381431095302105,,0.49680277705192566,0.4903876781463623,0.00039537239354103804,,0.5027297139167786,0.46966058015823364,-1.7832750017987564e-05,,0.48700791597366333,0.4872613251209259,0.0018976834835484624,,0.5134547352790833,0.4941508173942566,-0.00299446121789515,,0.5107094645500183,0.5086974501609802,-0.006392002105712891,,0.5020760297775269,0.5133994817733765,-0.008331234566867352,,0.49066659808158875,0.5002086758613586,-0.002171905478462577,,0.5169396996498108,0.5098257660865784,-0.003602318000048399,,0.5127902030944824,0.5228627920150757,-0.0036103895399719477,,0.5046929121017456,0.5240088701248169,-0.004656943492591381,,0.4946153461933136,0.517903745174408,-0.006588516756892204,,0.5187531113624573,0.5260632038116455,-0.007006335537880659,,0.514259934425354,0.5381616950035095,-0.004041105043143034,,0.5066186189651489,0.5386692881584167,-0.0032150084152817726,,0.4981190860271454,0.5381632447242737,-0.01118401437997818,,0.5175592303276062,0.5430592894554138,-0.009018462151288986,,0.5129537582397461,0.5532718896865845,-0.0052895499393343925,,0.5056626796722412,0.5542641282081604,-0.0035018916241824627,
-0.04615582525730133,-0.612449586391449,-0.23486149311065674,0.99961918592453,-0.029855741187930107,-0.6514989137649536,-0.22928988933563232,0.9993371367454529,-0.030523277819156647,-0.6510844230651855,-0.2308243364095688,0.9993813633918762,-0.030261732637882233,-0.6510530710220337,-0.2284555733203888,0.9993118047714233,-0.06390373408794403,-0.6522157788276672,-0.22752556204795837,0.9993748664855957,-0.061821307986974716,-0.6526482701301575,-0.22874042391777039,0.9994387626647949,-0.06254127621650696,-0.651477038860321,-0.2246885746717453,0.9993860125541687,0.05034995079040527,-0.6442310810089111,-0.1459764987230301,0.999345600605011,-0.08762197196483612,-0.6430436372756958,-0.11462628841400146,0.9992861151695251,-0.016977878287434578,-0.5838857889175415,-0.2117001861333847,0.9997400045394897,-0.058671336621046066,-0.5823690891265869,-0.2012006789445877,0.9997394680976868,0.17159873247146606,-0.435673326253891,-0.07718604058027267,0.9994011521339417,-0.13982704281806946,-0.45102012157440186,-0.05317024141550064,0.9994255304336548,0.20590463280677795,-0.19773849844932556,-0.18107764422893524,0.9716161489486694,-0.13759420812129974,-0.22450216114521027,-0.15729442238807678,0.9095406532287598,0.16776826977729797,-0.3190230429172516,-0.3564380407333374,0.8267869353294373,-0.1501450389623642,-0.33708178997039795,-0.34932947158813477,0.7702990770339966,0.14555099606513977,-0.35389405488967896,-0.39921751618385315,0.7850795984268188,-0.15271033346652985,-0.3714509606361389,-0.3970303535461426,0.7416599988937378,0.1617971658706665,-0.4001025855541229,-0.39642322063446045,0.8124323487281799,-0.1651383489370346,-0.40895313024520874,-0.3862660229206085,0.7650372385978699,0.16325554251670837,-0.3471073806285858,-0.3635775148868561,0.7953435182571411,-0.14730487763881683,-0.3558957278728485,-0.353257417678833,0.7539376616477966,0.11065560579299927,-0.0014107758179306984,-0.005999854765832424,0.5321690440177917,-0.1101946085691452,-0.002972122747451067,0.005945655982941389,0.5314624905586243,0.1365220546722412,-0.023112673312425613,-0.07372236251831055,0.07966254651546478,-0.13472555577754974,0.03551410511136055,-0.05205407366156578,0.10981392860412598,0.14457717537879944,0.23575617372989655,0.2337692230939865,0.015555025078356266,-0.07077236473560333,0.418163537979126,0.225800022482872,0.03521667420864105,0.1458369940519333,0.24532558023929596,0.25315555930137634,0.008205139078199863,-0.054659564048051834,0.44005921483039856,0.2546331584453583,0.01686137355864048,0.15655972063541412,0.23333515226840973,0.0561848059296608,0.018181201070547104,-0.06288223713636398,0.4820321500301361,0.05225056782364845,0.03392288088798523,13,0.542,0.7179149985313416,0.6086063385009766,-6.56832668255447e-08,,0.7351295351982117,0.5727806091308594,0.00010068422125186771,,0.7364342212677002,0.5239086747169495,0.0009716911008581519,,0.7371574640274048,0.4923670291900635,0.0017778145847842097,,0.7460232377052307,0.4762488007545471,0.0023521690163761377,,0.7173612117767334,0.4943455457687378,0.0013069071574136615,,0.7207435369491577,0.5016383528709412,0.0003889474319294095,,0.7232193350791931,0.5205480456352234,-0.002490090439096093,,0.7242271900177002,0.5323517918586731,-0.004835224244743586,,0.7013553977012634,0.5031837224960327,0.0006729152519255877,,0.704468309879303,0.5106977224349976,0.002703811274841428,,0.707950234413147,0.5270059704780579,0.002424034522846341,,0.7102029919624329,0.5389523506164551,0.0012670567957684398,,0.688242495059967,0.5200561285018921,0.00011278222518740222,,0.6911121010780334,0.5266494154930115,0.001573542831465602,,0.6955318450927734,0.5406570434570312,0.002300405176356435,,0.6989263892173767,0.5523412227630615,0.0019337276462465525,,0.6775857210159302,0.5386604070663452,-0.0005614303518086672,,0.6794808506965637,0.5432311296463013,0.00035533172194845974,,0.6843650937080383,0.5550782084465027,0.002297785831615329,,0.6875371932983398,0.5645107626914978,0.0039245616644620895,,0.4636961817741394,0.5887627601623535,-1.199988588496126e-07,,0.469577819108963,0.5508444309234619,0.004022765439003706,,0.4868197739124298,0.5150660872459412,0.004033965058624744,,0.49929356575012207,0.49031558632850647,0.0028236478101462126,,0.5035735368728638,0.4681246876716614,0.002694931346923113,,0.48974838852882385,0.48886561393737793,0.0025446100626140833,,0.5156612396240234,0.497261106967926,-0.00137516506947577,,0.5115953683853149,0.510873556137085,-0.0038987898733466864,,0.502739429473877,0.513317346572876,-0.005382196512073278,,0.4934435486793518,0.5019243359565735,-0.002225038595497608,,0.5191727876663208,0.5120588541030884,-0.003042476251721382,,0.5134577751159668,0.5242592692375183,-0.002529069548472762,,0.5048261284828186,0.523801863193512,-0.0031993314623832703,,0.49726468324661255,0.5197163224220276,-0.007097587920725346,,0.520203709602356,0.5279789566993713,-0.007038445211946964,,0.5139344930648804,0.5400217771530151,-0.0037087469827383757,,0.5057522058486938,0.5396032929420471,-0.0026941034011542797,,0.500499963760376,0.5395514965057373,-0.011984133161604404,,0.5189718008041382,0.5445110201835632,-0.009426307864487171,,0.5128909945487976,0.5550088286399841,-0.005212897434830666,,0.5051145553588867,0.5554885864257812,-0.0031484307255595922,
-0.04713194817304611,-0.6127346158027649,-0.23261727392673492,0.9996463656425476,-0.030562518164515495,-0.6517540216445923,-0.22760049998760223,0.9993827939033508,-0.031218448653817177,-0.6513404846191406,-0.22909024357795715,0.9994209408760071,-0.03097211755812168,-0.6513115763664246,-0.2267359048128128,0.9993560314178467,-0.06458855420351028,-0.6524905562400818,-0.22527854144573212,0.9994195699691772,-0.06250716000795364,-0.6529278755187988,-0.22656835615634918,0.9994778633117676,-0.06323380768299103,-0.6517600417137146,-0.2225237339735031,0.9994295239448547,0.05050485208630562,-0.6444194316864014,-0.14556238055229187,0.9993889331817627,-0.08764860779047012,-0.6431812047958374,-0.11199478060007095,0.9993414878845215,-0.01749109849333763,-0.5841320753097534,-0.2097180038690567,0.9997586607933044,-0.059130437672138214,-0.5826296210289001,-0.1985749751329422,0.9997591972351074,0.17151199281215668,-0.4357394874095917,-0.07783248275518417,0.999421238899231,-0.13987059891223907,-0.4511227607727051,-0.049068376421928406,0.9994595646858215,0.2052997350692749,-0.19757047295570374,-0.18087200820446014,0.9742919206619263,-0.13722947239875793,-0.22465313971042633,-0.1549871861934662,0.9182037115097046,0.1659073680639267,-0.31864774227142334,-0.35386765003204346,0.8440117239952087,-0.1510210931301117,-0.33720260858535767,-0.34462258219718933,0.7930703163146973,0.14305980503559113,-0.35284262895584106,-0.39677512645721436,0.8057437539100647,-0.15394707024097443,-0.36957797408103943,-0.3915063738822937,0.7661057114601135,0.1582639068365097,-0.39932429790496826,-0.39456117153167725,0.830365002155304,-0.1658172309398651,-0.40684810280799866,-0.3833433985710144,0.7871368527412415,0.1606311798095703,-0.3471970558166504,-0.3610609471797943,0.8149182200431824,-0.14802274107933044,-0.35613059997558594,-0.3493928611278534,0.7769978046417236,0.1106705516576767,-0.001387316733598709,-0.006198280490934849,0.5464856624603271,-0.11021292209625244,-0.002974344650283456,0.006072561256587505,0.5443835258483887,0.1360255926847458,-0.021342935040593147,-0.07373708486557007,0.07332033663988113,-0.13474416732788086,0.03921503946185112,-0.050658807158470154,0.1015445813536644,0.14456796646118164,0.23826774954795837,0.23219004273414612,0.014516283757984638,-0.07076701521873474,0.4197041690349579,0.22627146542072296,0.032273806631565094,0.1458168774843216,0.24743637442588806,0.25078049302101135,0.007821612991392612,-0.05484968423843384,0.44253912568092346,0.2546921670436859,0.015685679391026497,0.15566515922546387,0.23618444800376892,0.056229665875434875,0.01687029004096985,-0.06352861225605011,0.4834440350532532,0.05636582896113396,0.031101612374186516,14,0.583,0.7063525915145874,0.6057462692260742,-4.105456241632055e-08,,0.725642740726471,0.5672298073768616,-7.365343481069431e-05,,0.7292830348014832,0.5168298482894897,0.0009778268868103623,,0.7308790683746338,0.48484015464782715,0.0020310995168983936,,0.7391042113304138,0.47022169828414917,0.0028440221212804317,,0.7072734832763672,0.4884231388568878,0.0021180901676416397,,0.7124427556991577,0.493398517370224,0.002001724671572447,,0.7150821685791016,0.5120684504508972,-0.0009400542476214468,,0.7146080732345581,0.5256354808807373,-0.0035014778841286898,,0.6913604736328125,0.4983387291431427,0.0018075334373861551,,0.6965128183364868,0.5048555135726929,0.004831936676055193,,0.7000500559806824,0.5199885368347168,0.003844975959509611,,0.7006189227104187,0.5325946807861328,0.0019309426425024867,,0.6786082983016968,0.5153948664665222,0.0016171167371794581,,0.6833637356758118,0.5200943350791931,0.004168407060205936,,0.6874442100524902,0.5329859256744385,0.004561963491141796,,0.6891082525253296,0.5449650287628174,0.003687951946631074,,0.6683878898620605,0.5337328910827637,0.0012716546189039946,,0.6723803281784058,0.5351898074150085,0.0028853004332631826,,0.6767703890800476,0.5468805432319641,0.004873284138739109,,0.6783876419067383,0.5569182634353638,0.006403894163668156,,0.46695685386657715,0.5817106366157532,-1.0709701570021934e-07,,0.4727441668510437,0.5440839529037476,0.0029719320591539145,,0.48973411321640015,0.5094146132469177,0.0028939098119735718,,0.5016259551048279,0.4856211543083191,0.001867999671958387,,0.507190465927124,0.4639875590801239,0.0019418703159317374,,0.49482011795043945,0.48470625281333923,0.0016649627359583974,,0.5192375183105469,0.4926692843437195,-0.002174077555537224,,0.5148477554321289,0.506267249584198,-0.00462045194581151,,0.5061658620834351,0.5098515152931213,-0.006002851761877537,,0.4985901117324829,0.49854776263237,-0.0024469217751175165,,0.5225119590759277,0.5080628395080566,-0.003217856865376234,,0.5164015889167786,0.5196203589439392,-0.0025980782229453325,,0.5079053640365601,0.5206559300422668,-0.003044624114409089,,0.502336859703064,0.5169206857681274,-0.006715771742165089,,0.523137092590332,0.5251954793930054,-0.006332474760711193,,0.5164673328399658,0.5360217690467834,-0.002792254788801074,,0.5084654092788696,0.5366162657737732,-0.0016011378029361367,,0.5052131414413452,0.5374149084091187,-0.011135044507682323,,0.5207660794258118,0.5423285365104675,-0.008524096570909023,,0.5143547654151917,0.5521175861358643,-0.004319995641708374,,0.50742506980896,0.5531619787216187,-0.0021465325262397528,
-0.04801663011312485,-0.6089910268783569,-0.2333546280860901,0.9996727705001831,-0.0315934494137764,-0.6486673951148987,-0.22814980149269104,0.9994274973869324,-0.03225424140691757,-0.6482465863227844,-0.22966806590557098,0.9994605779647827,-0.03200086951255798,-0.6482200622558594,-0.22727185487747192,0.9994004964828491,-0.06576237827539444,-0.6493634581565857,-0.22613345086574554,0.999462366104126,-0.06369609385728836,-0.6498058438301086,-0.22739309072494507,0.999515175819397,-0.06441440433263779,-0.6486350893974304,-0.22335369884967804,0.9994711875915527,0.050902847200632095,-0.6432384848594666,-0.14830030500888824,0.9994311928749084,-0.08749359846115112,-0.6418755054473877,-0.11316189914941788,0.9993929862976074,-0.017509261146187782,-0.5811962485313416,-0.21027575433254242,0.9997769594192505,-0.05917003005743027,-0.5797241926193237,-0.19963043928146362,0.9997779130935669,0.17346450686454773,-0.4346611499786377,-0.07987240701913834,0.9994471669197083,-0.1388503760099411,-0.4507570266723633,-0.04921884834766388,0.9994953274726868,0.20530523359775543,-0.19538022577762604,-0.18372216820716858,0.9766762852668762,-0.14367921650409698,-0.22457484900951385,-0.15422852337360382,0.9259976744651794,0.16198217868804932,-0.311682790517807,-0.35603779554367065,0.859492301940918,-0.15165555477142334,-0.3363642394542694,-0.3415917456150055,0.8135630488395691,0.13658978044986725,-0.3434580862522125,-0.3986107110977173,0.824257493019104,-0.15513034164905548,-0.3686237633228302,-0.38830503821372986,0.7881741523742676,0.15526068210601807,-0.3896755278110504,-0.3956601917743683,0.8464207053184509,-0.16666878759860992,-0.4077337086200714,-0.3814770579338074,0.8070904612541199,0.15767331421375275,-0.3394908308982849,-0.3624511659145355,0.8324220180511475,-0.14862146973609924,-0.3557238280773163,-0.34677863121032715,0.7977535724639893,0.1107252761721611,-0.0013115843757987022,-0.006356546189635992,0.5507062673568726,-0.11023116856813431,-0.0030551254749298096,0.006235586944967508,0.5484204888343811,0.13534227013587952,-0.02350347675383091,-0.07687642425298691,0.06778034567832947,-0.13853317499160767,0.031613171100616455,-0.05372489243745804,0.09460669010877609,0.1412285715341568,0.23752689361572266,0.2280888557434082,0.013654842041432858,-0.07508295774459839,0.4186696410179138,0.22563475370407104,0.02972041815519333,0.1421821117401123,0.24694892764091492,0.24667488038539886,0.0075540500693023205,-0.059458162635564804,0.4409930408000946,0.2544500231742859,0.014714272692799568,0.15120793879032135,0.2320566475391388,0.049226414412260056,0.01574871502816677,-0.06685421615839005,0.47918543219566345,0.05519106611609459,0.02864004485309124,15,0.625,0.7001293301582336,0.600529134273529,-2.786964259371416e-08,,0.7182671427726746,0.5610470175743103,-0.0004356176941655576,,0.7222083806991577,0.5093496441841125,8.659451123094186e-05,,0.7240691781044006,0.4776567220687866,0.0004426194936968386,,0.7315714359283447,0.46488383412361145,0.0006077549769543111,,0.6983972787857056,0.48286986351013184,0.001750932657159865,,0.70264732837677,0.48538967967033386,0.0006800280534662306,,0.7060198783874512,0.5038225054740906,-0.0026694354601204395,,0.707021951675415,0.5184454917907715,-0.005345151759684086,,0.6830830574035645,0.4938812851905823,0.001107035088352859,,0.6865715980529785,0.4996863603591919,0.0034025481436401606,,0.6910343766212463,0.514500081539154,0.002284548245370388,,0.6933077573776245,0.5265043377876282,0.0002699855831451714,,0.6709251999855042,0.5125320553779602,0.0004402423510327935,,0.6738733053207397,0.5168601274490356,0.0020630275830626488,,0.6788546442985535,0.5291422009468079,0.0023263157345354557,,0.6821814179420471,0.5403167605400085,0.0014518136158585548,,0.6611664891242981,0.5318317413330078,-0.00039868371095508337,,0.6633849143981934,0.5343927145004272,0.00038775443681515753,,0.668541669845581,0.5455816984176636,0.0022050656843930483,,0.6718349456787109,0.5548785924911499,0.003698171116411686,,0.46943604946136475,0.5772660970687866,-1.0993606736064976e-07,,0.47521665692329407,0.5405305624008179,0.002848705742508173,,0.49218103289604187,0.5053073763847351,0.002564365044236183,,0.5046685934066772,0.48075297474861145,0.0013548791175708175,,0.5097666382789612,0.4587898552417755,0.001238516764715314,,0.49670007824897766,0.48159319162368774,0.0010728315683081746,,0.5213697552680969,0.48944932222366333,-0.0030811403412371874,,0.5166728496551514,0.5028201937675476,-0.005502393934875727,,0.5080742835998535,0.5058711767196655,-0.006788700819015503,,0.5001850128173828,0.49528419971466064,-0.0031046599615365267,,0.5248384475708008,0.505000650882721,-0.004231556784361601,,0.518388032913208,0.516818106174469,-0.0033869226463139057,,0.509809136390686,0.5176506042480469,-0.003585271770134568,,0.5036981105804443,0.5136991739273071,-0.007468347903341055,,0.5251087546348572,0.5221299529075623,-0.007506079971790314,,0.518025279045105,0.5330833196640015,-0.0038396958261728287,,0.509986162185669,0.5334398150444031,-0.002468345919623971,,0.5065538883209229,0.5339476466178894,-0.011944258585572243,,0.5227232575416565,0.5388223528862,-0.00960303470492363,,0.5160204172134399,0.5487681031227112,-0.005315176676958799,,0.5091150403022766,0.5497311949729919,-0.0030755065381526947,
-0.050451312214136124,-0.6073152422904968,-0.2329196184873581,0.9996976256370544,-0.03383806720376015,-0.6472293734550476,-0.22793249785900116,0.9994696378707886,-0.034499235451221466,-0.6468068957328796,-0.2294621467590332,0.9994983077049255,-0.03424988314509392,-0.6467801928520203,-0.22706809639930725,0.9994425177574158,-0.06828402727842331,-0.647921085357666,-0.22505997121334076,0.9995025992393494,-0.06622525304555893,-0.6483541131019592,-0.22631271183490753,0.9995504021644592,-0.0669427290558815,-0.6471855640411377,-0.22226421535015106,0.9995102286338806,0.05095275118947029,-0.642584502696991,-0.14775590598583221,0.99947190284729,-0.08819684386253357,-0.6412193775177002,-0.10966319590806961,0.9994412660598755,-0.018622878938913345,-0.5798435807228088,-0.2101554572582245,0.9997939467430115,-0.060560788959264755,-0.5784016251564026,-0.19834235310554504,0.9997951984405518,0.1736489236354828,-0.43465614318847656,-0.08077340573072433,0.9994723200798035,-0.1389511525630951,-0.450647234916687,-0.04307759925723076,0.9995288252830505,0.20536145567893982,-0.1955154985189438,-0.1846374273300171,0.9788508415222168,-0.15434761345386505,-0.22460493445396423,-0.14850223064422607,0.9330753684043884,0.1460106372833252,-0.3125557601451874,-0.35622459650039673,0.8734341263771057,-0.1554282307624817,-0.3358660042285919,-0.3405373692512512,0.8320338726043701,0.11447479575872421,-0.34475430846214294,-0.39947834610939026,0.8409114480018616,-0.15579217672348022,-0.3679916560649872,-0.3864549398422241,0.8081251382827759,0.13067419826984406,-0.39199912548065186,-0.3950939178466797,0.8608477711677551,-0.16732095181941986,-0.40768885612487793,-0.37972983717918396,0.825117826461792,0.1400461196899414,-0.340828001499176,-0.3619121313095093,0.8481582999229431,-0.15063384175300598,-0.3553391396999359,-0.345962792634964,0.8165373206138611,0.11087270826101303,-0.001273240428417921,-0.007198187056928873,0.5630453824996948,-0.11033523827791214,-0.0030809398740530014,0.007061827927827835,0.560728132724762,0.13386256992816925,-0.023608079180121422,-0.08112143725156784,0.06295184791088104,-0.14154554903507233,0.030496932566165924,-0.056057147681713104,0.08824386447668076,0.13995938003063202,0.23854735493659973,0.21714189648628235,0.012929624877870083,-0.07724391669034958,0.4194124639034271,0.2249147891998291,0.027414394542574883,0.1409022957086563,0.24815881252288818,0.23508988320827484,0.007320364937186241,-0.061942122876644135,0.44175097346305847,0.2539551556110382,0.013857084326446056,0.14756302535533905,0.2340857833623886,0.035226065665483475,0.014778006821870804,-0.07133731245994568,0.48028168082237244,0.053561288863420486,0.026425566524267197,16,0.667,0.6903178095817566,0.5968487858772278,-2.078174254904752e-08,,0.7084636092185974,0.5566228628158569,-0.0007517675403505564,,0.7120085954666138,0.5035814642906189,-0.0008517725509591401,,0.7142552733421326,0.47071757912635803,-0.0011654304107651114,,0.7215074300765991,0.45850610733032227,-0.0017485530115664005,,0.6859648823738098,0.4790078103542328,0.001177910016849637,,0.6898598670959473,0.4805893301963806,-0.0004919019411318004,,0.6942844986915588,0.4988662898540497,-0.00447086850181222,,0.6959275007247925,0.5143447518348694,-0.007534189615398645,,0.6711718440055847,0.49108946323394775,0.00032362868660129607,,0.6746852397918701,0.4957199692726135,0.002490665065124631,,0.6800535321235657,0.5098262429237366,0.0011098316172137856,,0.6827510595321655,0.5222633481025696,-0.0012055974220857024,,0.6599315404891968,0.5108210444450378,-0.0006055592093616724,,0.6631578207015991,0.5134499073028564,0.001147454371675849,,0.6685463190078735,0.5248407125473022,0.0014395847683772445,,0.6719976663589478,0.5359647870063782,0.0004810335813090205,,0.6514136791229248,0.5309893488883972,-0.0017851873999461532,,0.6540730595588684,0.5327492356300354,-0.0005037988303229213,,0.659373939037323,0.5429556369781494,0.001576657174155116,,0.6624879837036133,0.5518903136253357,0.0030923911835998297,,0.4716602563858032,0.5742436647415161,-1.1242625674867668e-07,,0.4773314595222473,0.5375052094459534,0.003173642558977008,,0.49403685331344604,0.5020757913589478,0.002926368499174714,,0.5063895583152771,0.4766590893268585,0.0016886384692043066,,0.510906994342804,0.4544197916984558,0.0014946168521419168,,0.4986509382724762,0.47876060009002686,0.001281020580790937,,0.5233106017112732,0.4857524633407593,-0.0026817284524440765,,0.51889568567276,0.499407559633255,-0.005003179889172316,,0.5104280710220337,0.5027061104774475,-0.006288878154009581,,0.5025699138641357,0.49263593554496765,-0.0030932810623198748,,0.5270336270332336,0.5018472671508789,-0.004058686085045338,,0.5210126638412476,0.5139759182929993,-0.003341471077874303,,0.5124298930168152,0.5147395133972168,-0.0036976798437535763,,0.5065209865570068,0.5113664269447327,-0.007579295430332422,,0.5276347398757935,0.5195461511611938,-0.007510866969823837,,0.5210456848144531,0.5305159091949463,-0.003993983380496502,,0.5129581689834595,0.530676007270813,-0.0027884170413017273,,0.5098004937171936,0.5318465232849121,-0.012127245776355267,,0.5259454846382141,0.5363374352455139,-0.009848574176430702,,0.5198079347610474,0.5463780164718628,-0.0056167347356677055,,0.5130215883255005,0.5474186539649963,-0.003413310507312417,
-0.05304088816046715,-0.6069508790969849,-0.2338390350341797,0.9997152090072632,-0.03628213331103325,-0.6468636989593506,-0.22883917391300201,0.9994969367980957,-0.03692353516817093,-0.6464477181434631,-0.23037540912628174,0.9995206594467163,-0.0366787351667881,-0.6464227437973022,-0.22799138724803925,0.9994679093360901,-0.07080629467964172,-0.6475983262062073,-0.2259640395641327,0.9995303750038147,-0.06874969601631165,-0.6480339169502258,-0.22720234096050262,0.9995743036270142,-0.06947562098503113,-0.6468718647956848,-0.22315403819084167,0.9995378255844116,0.05052586644887924,-0.6424132585525513,-0.14821600914001465,0.9994970560073853,-0.08911691606044769,-0.6411349773406982,-0.11039569228887558,0.9994776248931885,-0.020361831411719322,-0.5795257687568665,-0.2110409289598465,0.9998061060905457,-0.062390755861997604,-0.578126847743988,-0.19918537139892578,0.9998083114624023,0.17346759140491486,-0.43480029702186584,-0.08163092285394669,0.9994882345199585,-0.13939321041107178,-0.45104143023490906,-0.04258715733885765,0.9995574951171875,0.20436419546604156,-0.1955932080745697,-0.18542172014713287,0.9808101058006287,-0.1653902381658554,-0.22571271657943726,-0.14710573852062225,0.9394070506095886,0.125870943069458,-0.3091176450252533,-0.3556295931339264,0.8859659433364868,-0.15911604464054108,-0.3375391364097595,-0.33930784463882446,0.8486202359199524,0.08998832106590271,-0.33945441246032715,-0.3990696966648102,0.8557420969009399,-0.15611128509044647,-0.36922359466552734,-0.3851863443851471,0.8258323669433594,0.10273080319166183,-0.3865002393722534,-0.39227816462516785,0.8736559748649597,-0.16762065887451172,-0.4106424152851105,-0.3792921006679535,0.841042697429657,0.11785478889942169,-0.3369365930557251,-0.35978737473487854,0.8621218204498291,-0.15267249941825867,-0.3578207790851593,-0.3455943763256073,0.8330935835838318,0.11090730875730515,-0.0011839177459478378,-0.007749972864985466,0.5769982933998108,-0.11038991063833237,-0.0031260245013982058,0.0075636254623532295,0.5747186541557312,0.13106489181518555,-0.013229780830442905,-0.07981797307729721,0.05901331827044487,-0.1412600576877594,0.03963102772831917,-0.05488547682762146,0.08325397223234177,0.13573236763477325,0.2530209422111511,0.21588440239429474,0.012402549386024475,-0.07848618924617767,0.4234853684902191,0.22545287013053894,0.02549823746085167,0.13669328391551971,0.2640686333179474,0.23341506719589233,0.007157548330724239,-0.06386727094650269,0.446761816740036,0.25399142503738403,0.013172434642910957,0.1422656625509262,0.2568812668323517,0.037025295197963715,0.013992424122989178,-0.07458755373954773,0.48891836404800415,0.057121098041534424,0.024559076875448227,17,0.709,0.6809122562408447,0.5937100052833557,-3.470412579531512e-08,,0.6983080506324768,0.5527374744415283,-0.00117076700553298,,0.7009098529815674,0.5004989504814148,-0.0012358615640550852,,0.7019253373146057,0.4680102467536926,-0.0014484227867797017,,0.7092248797416687,0.45097967982292175,-0.0019490800332278013,,0.6761420965194702,0.4769818186759949,0.0005496348603628576,,0.6790035367012024,0.4808591604232788,-0.0017630279762670398,,0.6829544901847839,0.4982491731643677,-0.006068974267691374,,0.6846545934677124,0.5113608837127686,-0.009357500821352005,,0.6610575318336487,0.4896850287914276,-0.0003206169931218028,,0.6633928418159485,0.4941632151603699,0.0009055687696672976,,0.6683399081230164,0.5077255964279175,-0.0005602159071713686,,0.671368420124054,0.5191869735717773,-0.0028097843751311302,,0.6497936844825745,0.5097246170043945,-0.0013357005082070827,,0.6521099805831909,0.5118963718414307,-0.0007202242268249393,,0.6571155786514282,0.5237360000610352,-0.00013841749751009047,,0.6608673930168152,0.5343589782714844,-0.000692223256919533,,0.6414220929145813,0.5304567813873291,-0.002624369692057371,,0.6437056064605713,0.532021164894104,-0.002416550647467375,,0.6489307284355164,0.5425778031349182,-0.00033102117595262825,,0.6521541476249695,0.5513231754302979,0.0013700886629521847,,0.47352156043052673,0.5722954869270325,-1.1255638554530378e-07,,0.47914549708366394,0.5352667570114136,0.003015850903466344,,0.4961066246032715,0.4993249177932739,0.00262072728946805,,0.5084750056266785,0.47358500957489014,0.0013340263394638896,,0.5135084390640259,0.4511149525642395,0.0010922723449766636,,0.5008331537246704,0.4768070578575134,0.00012525940837804228,,0.5262270569801331,0.4849415421485901,-0.00383362197317183,,0.521544337272644,0.49838608503341675,-0.005915429908782244,,0.5129123330116272,0.5011963248252869,-0.007013389840722084,,0.5046330094337463,0.4919668436050415,-0.004127990920096636,,0.5298857092857361,0.5018703937530518,-0.004959003534168005,,0.5236616730690002,0.5131901502609253,-0.0038836284074932337,,0.5150899887084961,0.5135012269020081,-0.0041100867092609406,,0.5084003210067749,0.5119213461875916,-0.00842911284416914,,0.53021240234375,0.520246684551239,-0.008284378796815872,,0.5235247611999512,0.5304029583930969,-0.004513929132372141,,0.5154494643211365,0.5304263830184937,-0.0032220357097685337,,0.5113567113876343,0.5331262350082397,-0.01276431418955326,,0.52866530418396,0.5369352698326111,-0.010368515737354755,,0.5222527980804443,0.5462437272071838,-0.0059389942325651646,,0.5149785876274109,0.5474187135696411,-0.0036677829921245575,
-0.05302061513066292,-0.6071014404296875,-0.22594699263572693,0.9997325539588928,-0.03620923310518265,-0.6470016837120056,-0.2209169864654541,0.9995274543762207,-0.036849070340394974,-0.6465854644775391,-0.22248005867004395,0.9995480179786682,-0.03660433739423752,-0.6465631723403931,-0.22007618844509125,0.9994998574256897,-0.07076369225978851,-0.6477547287940979,-0.21703805029392242,0.9995580315589905,-0.06870894134044647,-0.648190975189209,-0.21826091408729553,0.9995971322059631,-0.06943706423044205,-0.6470307111740112,-0.2141856998205185,0.9995638132095337,0.051816124469041824,-0.6424254775047302,-0.14028598368167877,0.9995301961898804,-0.08855007588863373,-0.6412272453308105,-0.09914492815732956,0.9995118379592896,-0.02012605033814907,-0.5795784592628479,-0.20352879166603088,0.9998196363449097,-0.062240518629550934,-0.5782296657562256,-0.19033390283584595,0.9998213648796082,0.1742548644542694,-0.43554699420928955,-0.07885336875915527,0.9995155334472656,-0.1379668414592743,-0.45173507928848267,-0.030089285224676132,0.9995859861373901,0.20303431153297424,-0.20050138235092163,-0.17701418697834015,0.9826053977012634,-0.1718769371509552,-0.23030903935432434,-0.12063450366258621,0.9451577067375183,0.10072126239538193,-0.317754864692688,-0.3257412314414978,0.8972598314285278,-0.15356214344501495,-0.3458173871040344,-0.30203115940093994,0.8635698556900024,0.0576874278485775,-0.34863778948783875,-0.36855795979499817,0.8691551089286804,-0.14366725087165833,-0.3769477903842926,-0.3498099148273468,0.8418110609054565,0.06929413229227066,-0.3968474864959717,-0.3566764295101166,0.8852270841598511,-0.14738962054252625,-0.4218887686729431,-0.33370456099510193,0.8553647994995117,0.09079743921756744,-0.3466090261936188,-0.3267107605934143,0.874760091304779,-0.14439533650875092,-0.3677120506763458,-0.3038225471973419,0.8480294346809387,0.11104098707437515,-0.0008676745346747339,-0.009541930630803108,0.5895221829414368,-0.11045105755329132,-0.0033359595108777285,0.009350120089948177,0.5862302780151367,0.1320849359035492,-0.013993874192237854,-0.0799824669957161,0.05550721287727356,-0.14057166874408722,0.0221556443721056,-0.05537823215126991,0.0785735547542572,0.13813617825508118,0.2521609663963318,0.2161203920841217,0.011860251426696777,-0.07222818583250046,0.42014971375465393,0.23316733539104462,0.023717286065220833,0.13958123326301575,0.2629997432231903,0.23365457355976105,0.00690448796376586,-0.05753277614712715,0.44340309500694275,0.2636125385761261,0.012533937580883503,0.14448079466819763,0.2521860897541046,0.038163598626852036,0.013171100057661533,-0.07065454870462418,0.47981953620910645,0.06668470799922943,0.022774461656808853,18,0.75,0.6614603400230408,0.594009280204773,-2.2179451164561215e-08,,0.6824161410331726,0.547478437423706,-0.0014782799407839775,,0.6822364926338196,0.4946908950805664,-0.000981080811470747,,0.6792834997177124,0.46057477593421936,-0.00048787190462462604,,0.680694580078125,0.4368911385536194,-0.00020793503790628165,,0.6537739038467407,0.4731694161891937,0.0006973966956138611,,0.6627861261367798,0.4751652181148529,-0.0016331730876117945,,0.6690187454223633,0.4934372305870056,-0.005952566862106323,,0.6698852777481079,0.5064762234687805,-0.009431019425392151,,0.6388159990310669,0.48815375566482544,4.440589691512287e-05,,0.6488814949989319,0.49045330286026,0.001338027766905725,,0.6550574898719788,0.5044988989830017,-0.0003787693567574024,,0.655373215675354,0.5167569518089294,-0.0030409854371100664,,0.6290567517280579,0.5108629465103149,-0.000741917232517153,,0.6373703479766846,0.510028600692749,-0.00047635260852985084,,0.6430630683898926,0.5222870111465454,0.0007433189894072711,,0.6442128419876099,0.5337737798690796,0.0004943418898619711,,0.6224538087844849,0.5343422889709473,-0.0017708352534100413,,0.6287050843238831,0.5320383906364441,-0.002262533875182271,,0.6345944404602051,0.5416330695152283,0.0002612696262076497,,0.636046290397644,0.5507948994636536,0.002362368628382683,,0.47887489199638367,0.5729573965072632,-1.0705232966756739e-07,,0.4856399893760681,0.5359762907028198,0.0014157160185277462,,0.5039931535720825,0.5011338591575623,0.00033041698043234646,,0.517986536026001,0.47656530141830444,-0.0014427981805056334,,0.5225706696510315,0.4526318311691284,-0.002014240249991417,,0.5077358484268188,0.4790455102920532,-0.0016420024912804365,,0.534497857093811,0.4886126220226288,-0.007158385124057531,,0.5294948816299438,0.5021592974662781,-0.00989370234310627,,0.5207077860832214,0.5041229128837585,-0.011193803511559963,,0.5108128786087036,0.49620237946510315,-0.005334253888577223,,0.5378214120864868,0.5075913071632385,-0.007684743497520685,,0.5311110019683838,0.5187761783599854,-0.006768400315195322,,0.5226646065711975,0.5181430578231812,-0.006878087762743235,,0.5139168500900269,0.5171709060668945,-0.009312117472290993,,0.5380794405937195,0.5274602770805359,-0.01055210642516613,,0.530842661857605,0.536993682384491,-0.006771445740014315,,0.5225479602813721,0.5358283519744873,-0.005173204001039267,,0.5166558623313904,0.5396478772163391,-0.013454660773277283,,0.5364348292350769,0.5452173948287964,-0.012033783830702305,,0.5298089385032654,0.5529265999794006,-0.007946719415485859,,0.521991491317749,0.5522345900535583,-0.005728992633521557,
-0.05324992537498474,-0.6077829599380493,-0.21857930719852448,0.9997517466545105,-0.03625364229083061,-0.647735595703125,-0.2128724902868271,0.9995602369308472,-0.03689046949148178,-0.6473130583763123,-0.2144114226102829,0.9995779395103455,-0.036652617156505585,-0.6472947597503662,-0.211983323097229,0.9995334148406982,-0.07088933140039444,-0.6486117839813232,-0.2090730369091034,0.9995889663696289,-0.06883644312620163,-0.6490244269371033,-0.21034817397594452,0.9996242523193359,-0.0695696622133255,-0.6478712558746338,-0.20627404749393463,0.9995937943458557,0.051902759820222855,-0.6427056789398193,-0.13150380551815033,0.9995638132095337,-0.0886407196521759,-0.6419861316680908,-0.09143317490816116,0.9995492696762085,-0.02023600973188877,-0.580005943775177,-0.1962050348520279,0.9998331069946289,-0.06245845928788185,-0.5787863731384277,-0.18314948678016663,0.9998348951339722,0.17421123385429382,-0.4365587830543518,-0.07552967965602875,0.9995386600494385,-0.13860277831554413,-0.4527509808540344,-0.023335209116339684,0.9996140003204346,0.20154310762882233,-0.20665159821510315,-0.17439161241054535,0.9842432737350464,-0.18291959166526794,-0.23488938808441162,-0.11592967808246613,0.9504247903823853,0.08823897689580917,-0.3235107362270355,-0.318698912858963,0.9074438214302063,-0.15328389406204224,-0.3459493815898895,-0.2992253005504608,0.8770719766616821,0.042541660368442535,-0.35356560349464417,-0.3620729148387909,0.8813178539276123,-0.14123980700969696,-0.3754730820655823,-0.34797871112823486,0.856441080570221,0.052653998136520386,-0.4022825062274933,-0.3494222164154053,0.8957362771034241,-0.1415245682001114,-0.41984906792640686,-0.33082345128059387,0.8685379028320312,0.07729286700487137,-0.3525451123714447,-0.3193938136100769,0.8862408995628357,-0.14309634268283844,-0.3674202263355255,-0.30036553740501404,0.8617963790893555,0.1113470196723938,-0.0008535433444194496,-0.01030513271689415,0.6021780371665955,-0.11072172969579697,-0.003348431084305048,0.01009524054825306,0.5992615818977356,0.13253384828567505,-0.02040540985763073,-0.08116377145051956,0.05232144892215729,-0.1405370682477951,0.021049629896879196,-0.05766618996858597,0.07426048070192337,0.13939478993415833,0.24654030799865723,0.21461543440818787,0.01135247852653265,-0.07241620123386383,0.41996172070503235,0.23249199986457825,0.022090286016464233,0.14101743698120117,0.2566528618335724,0.2321976274251938,0.006636693608015776,-0.05774954706430435,0.4432338774204254,0.2627713680267334,0.011872101575136185,0.14648734033107758,0.24434013664722443,0.03491612896323204,0.012430370785295963,-0.07229740917682648,0.47994840145111084,0.0664614662528038,0.021155185997486115,19,0.792,0.6510230898857117,0.5900660753250122,-2.7516323442000612e-08,,0.6680341362953186,0.5481970906257629,-0.0016038878820836544,,0.6667801141738892,0.49862146377563477,-0.001628484227694571,,0.662753701210022,0.46850112080574036,-0.0018151924014091492,,0.6641733646392822,0.44580888748168945,-0.002154056914150715,,0.6379415392875671,0.4806605875492096,0.00045213117846287787,,0.6423280239105225,0.48295605182647705,-0.002661681268364191,,0.6489314436912537,0.4988340139389038,-0.0072896103374660015,,0.6515932679176331,0.5107033252716064,-0.010744230821728706,,0.6243361234664917,0.497464656829834,-0.0005904199788346887,,0.6286829113960266,0.49916350841522217,-0.0008076232625171542,,0.6353721618652344,0.5116392970085144,-0.0029816501773893833,,0.6385213136672974,0.5224457383155823,-0.005527643021196127,,0.6150975823402405,0.5204753279685974,-0.0018449007766321301,,0.6182481646537781,0.5187728404998779,-0.003059608628973365,,0.6246825456619263,0.5299316048622131,-0.0024134404957294464,,0.6282880902290344,0.5396731495857239,-0.0026591031346470118,,0.6090123653411865,0.5437312722206116,-0.0032734284177422523,,0.611274003982544,0.5420295596122742,-0.0047944593243300915,,0.6177303194999695,0.5512888431549072,-0.0027327495627105236,,0.621259331703186,0.5596327781677246,-0.0008033891208469868,,0.48078110814094543,0.5759006142616272,-1.0708177455853729e-07,,0.4889410734176636,0.5389028787612915,0.0012218207120895386,,0.5069753527641296,0.5035440921783447,3.9150865632109344e-05,,0.5204744338989258,0.47805121541023254,-0.001919279806315899,,0.5259047150611877,0.4542508125305176,-0.0025982025545090437,,0.5104536414146423,0.4844703674316406,-0.0015180790796875954,,0.5368127822875977,0.49196332693099976,-0.007222170941531658,,0.5324556827545166,0.5054067969322205,-0.010058199986815453,,0.5235994458198547,0.5077309608459473,-0.011265103705227375,,0.513330340385437,0.5025495886802673,-0.005366764031350613,,0.5403894782066345,0.5108343362808228,-0.008031107485294342,,0.5348095893859863,0.5221840143203735,-0.007421697955578566,,0.5262238383293152,0.5223339200019836,-0.0075200991705060005,,0.5166479349136353,0.5240086317062378,-0.009515310637652874,,0.5404647588729858,0.5312409400939941,-0.010982654057443142,,0.5343133211135864,0.5411548018455505,-0.007173981051892042,,0.5261051058769226,0.5408384799957275,-0.005349671933799982,,0.5195660591125488,0.5466779470443726,-0.013841555453836918,,0.539719820022583,0.5491580963134766,-0.012737722136080265,,0.5338175892829895,0.5575647354125977,-0.008437893353402615,,0.5263330936431885,0.5582717061042786,-0.005866438150405884,
-0.05276484787464142,-0.6093299388885498,-0.21975603699684143,0.9997710585594177,-0.035260654985904694,-0.6490199565887451,-0.2136545032262802,0.9995937943458557,-0.0358879417181015,-0.6485883593559265,-0.21519792079925537,0.9996092915534973,-0.03566781431436539,-0.6485693454742432,-0.2127612978219986,0.9995683431625366,-0.0703592449426651,-0.6499340534210205,-0.20994669198989868,0.9996204376220703,-0.06830669939517975,-0.6503086686134338,-0.21123477816581726,0.999652087688446,-0.06905098259449005,-0.6491590142250061,-0.2071688175201416,0.9996242523193359,0.05394808202981949,-0.6427267789840698,-0.13044631481170654,0.9995978474617004,-0.08862192928791046,-0.6420440077781677,-0.09106098860502243,0.9995858669281006,-0.019580235704779625,-0.5806896090507507,-0.19704148173332214,0.9998462796211243,-0.06225880980491638,-0.5795338749885559,-0.18409015238285065,0.9998480081558228,0.17420463263988495,-0.4366340935230255,-0.07617001235485077,0.9995611906051636,-0.1395895630121231,-0.45260053873062134,-0.023805493488907814,0.9996402859687805,0.18950049579143524,-0.2099847048521042,-0.17449647188186646,0.9857296347618103,-0.19063661992549896,-0.2350366860628128,-0.11710973083972931,0.9552307724952698,0.05624961853027344,-0.3299145996570587,-0.31507977843284607,0.9166125059127808,-0.15140727162361145,-0.34719741344451904,-0.296206533908844,0.8892582654953003,0.006115312688052654,-0.36026501655578613,-0.35900425910949707,0.8922320008277893,-0.1356879621744156,-0.3769356906414032,-0.3445325791835785,0.8697746396064758,0.014786601066589355,-0.40817713737487793,-0.34449031949043274,0.9051344990730286,-0.1320892572402954,-0.4220556914806366,-0.32605475187301636,0.8805258274078369,0.043721046298742294,-0.3587808310985565,-0.314729243516922,0.8965473771095276,-0.1392441689968109,-0.36893200874328613,-0.2965925633907318,0.8743860125541687,0.11222527921199799,-0.0007880219491198659,-0.010941531509160995,0.6171955466270447,-0.1114434078335762,-0.003362685674801469,0.010701787658035755,0.6155986785888672,0.13291950523853302,-0.030161328613758087,-0.08942236751317978,0.049543559551239014,-0.1415519118309021,0.005073140375316143,-0.06942921876907349,0.07032867521047592,0.13960903882980347,0.24354243278503418,0.2047792226076126,0.01088385283946991,-0.0726286843419075,0.4192820191383362,0.23040415346622467,0.020586149767041206,0.14132575690746307,0.25371047854423523,0.2220611721277237,0.006365289445966482,-0.057986170053482056,0.44291776418685913,0.26141607761383057,0.011223400942981243,0.1466681957244873,0.23883210122585297,0.020787589251995087,0.011731548234820366,-0.07291541248559952,0.4774719774723053,0.05735842511057854,0.019629081711173058,20,0.834,0.6379132270812988,0.5986430644989014,-3.384393210126291e-08,,0.6547272205352783,0.5539584159851074,-0.002376551739871502,,0.6525617837905884,0.5057644248008728,-0.002634015865623951,,0.6464488506317139,0.47573089599609375,-0.002703235484659672,,0.6458711624145508,0.45327261090278625,-0.002983568701893091,,0.6237983107566833,0.48835963010787964,-0.0009937179274857044,,0.6302731037139893,0.48980844020843506,-0.0037422520108520985,,0.6365731954574585,0.5047352313995361,-0.008272117003798485,,0.6384713053703308,0.516429603099823,-0.01184961386024952,,0.6094904541969299,0.5053985118865967,-0.0013771425001323223,,0.6159379482269287,0.5067795515060425,-0.0006760581745766103,,0.6226750612258911,0.5179261565208435,-0.002664150670170784,,0.625105619430542,0.5287343859672546,-0.005495972000062466,,0.600420355796814,0.5291863679885864,-0.0018627638928592205,,0.6051921248435974,0.527143657207489,-0.0022149737924337387,,0.6117985844612122,0.5375090837478638,-0.001623832038603723,,0.6149788498878479,0.5477406978607178,-0.002287243725731969,,0.5946183800697327,0.5533897280693054,-0.0025700500700622797,,0.5979940891265869,0.5512387156486511,-0.003697597421705723,,0.6050272583961487,0.5594289302825928,-0.0016943857772275805,,0.6085718274116516,0.5680457353591919,2.943989420600701e-05,,0.4832584857940674,0.5828884243965149,-1.1491772511362797e-07,,0.49194058775901794,0.5463650226593018,0.0013416459551081061,,0.511370062828064,0.5111443400382996,-0.00019015511497855186,,0.5261192917823792,0.48532646894454956,-0.0026260206941515207,,0.5307421684265137,0.46030592918395996,-0.003805354004725814,,0.5141318440437317,0.4902638792991638,-0.00206330930814147,,0.54217529296875,0.5002068281173706,-0.008910766802728176,,0.5372406244277954,0.5141729116439819,-0.012427544221282005,,0.5279404520988464,0.514981210231781,-0.014024050906300545,,0.5162563920021057,0.5079911351203918,-0.006389756221324205,,0.5446363091468811,0.5195460319519043,-0.009969908744096756,,0.5384039282798767,0.5315252542495728,-0.009655558504164219,,0.5293670892715454,0.5293564796447754,-0.00993389543145895,,0.5188326239585876,0.53011554479599,-0.011066572740674019,,0.5441699028015137,0.5399763584136963,-0.01339627057313919,,0.5376994609832764,0.5509676933288574,-0.009718802757561207,,0.5290896892547607,0.5489583015441895,-0.007954207248985767,,0.5214100480079651,0.5541273355484009,-0.01590409316122532,,0.5431164503097534,0.5602409839630127,-0.015421322546899319,,0.5367579460144043,0.5694215297698975,-0.011325515806674957,,0.5283390879631042,0.5688596367835999,-0.008915587328374386,
-0.050458889454603195,-0.6103565096855164,-0.22045083343982697,0.9997887015342712,-0.032102320343256,-0.649767279624939,-0.21410000324249268,0.9996249675750732,-0.03272515535354614,-0.6493279933929443,-0.21567264199256897,0.9996384382247925,-0.03250701352953911,-0.6493100523948669,-0.21322591602802277,0.9996009469032288,-0.06784290075302124,-0.6508874893188477,-0.21043336391448975,0.9996495246887207,-0.06579907983541489,-0.6512446403503418,-0.21169857680797577,0.9996776580810547,-0.06654851138591766,-0.650097668170929,-0.20763450860977173,0.9996522665023804,0.05820119008421898,-0.6425710320472717,-0.12972672283649445,0.9996292591094971,-0.08729760348796844,-0.6421372890472412,-0.09082195907831192,0.9996191263198853,-0.017291955649852753,-0.5810465216636658,-0.197531595826149,0.9998583197593689,-0.060669589787721634,-0.5800986289978027,-0.18466317653656006,0.9998599290847778,0.17440828680992126,-0.4365989565849304,-0.0766010656952858,0.9995819926261902,-0.1399080455303192,-0.4525575041770935,-0.023645596578717232,0.9996640086174011,0.1805827021598816,-0.21208824217319489,-0.17457447946071625,0.9870391488075256,-0.19240877032279968,-0.23594358563423157,-0.11734986305236816,0.9595125913619995,0.04142444208264351,-0.3306562006473541,-0.31424760818481445,0.9248358607292175,-0.14408151805400848,-0.35111498832702637,-0.29585087299346924,0.9001989364624023,-0.009986172430217266,-0.3603924512863159,-0.35834363102912903,0.9019051194190979,-0.12421638518571854,-0.3818528354167938,-0.34395647048950195,0.8816341757774353,-0.002592839300632477,-0.4073648750782013,-0.34344932436943054,0.9134377837181091,-0.11930658668279648,-0.4280504286289215,-0.3249730169773102,0.8911530375480652,0.028083164244890213,-0.35898199677467346,-0.3136924207210541,0.9056450128555298,-0.13016369938850403,-0.37321871519088745,-0.2959170341491699,0.8855152726173401,0.11286064982414246,-0.0007778690196573734,-0.01116473414003849,0.6255755424499512,-0.11192036420106888,-0.003380347043275833,0.01096897479146719,0.6248893737792969,0.13414400815963745,-0.042911313474178314,-0.08895417302846909,0.04712626338005066,-0.14162631332874298,-0.011124777607619762,-0.07514911144971848,0.06657601147890091,0.14154057204723358,0.2299594283103943,0.20480114221572876,0.010443462058901787,-0.07261496037244797,0.4073585569858551,0.2300572544336319,0.019160982221364975,0.1434316784143448,0.2393133044242859,0.22232381999492645,0.0061048660427331924,-0.058012451976537704,0.42985963821411133,0.26077452301979065,0.0105966217815876,0.1501445174217224,0.21679984033107758,0.01745954528450966,0.011099313385784626,-0.07260026782751083,0.4583333730697632,0.05440102517604828,0.018215298652648926,21,0.875,0.6237646341323853,0.6110970377922058,-1.1614638140144962e-08,,0.6393421292304993,0.560238242149353,-0.0026308554224669933,,0.63416588306427,0.5109658241271973,-0.0027848363388329744,,0.6281521320343018,0.4798628091812134,-0.002766774734482169,,0.6265898942947388,0.45700502395629883,-0.0028225297573953867,,0.6036471128463745,0.5035081505775452,-0.0013223744463175535,,0.6148951053619385,0.4963515102863312,-0.004509731661528349,,0.6233602166175842,0.5096398591995239,-0.009167619980871677,,0.6251564621925354,0.5223763585090637,-0.012762460857629776,,0.5913927555084229,0.5236490368843079,-0.0017333267023786902,,0.6034618616104126,0.5153934359550476,-0.0015894240932539105,,0.6112446784973145,0.5255675911903381,-0.003721347078680992,,0.6124101281166077,0.5386418104171753,-0.006641411688178778,,0.5847036242485046,0.5488699674606323,-0.0023215610999614,,0.5941040515899658,0.5385994911193848,-0.002652423456311226,,0.6010076403617859,0.5475976467132568,-0.0015710851876065135,,0.602825939655304,0.5597602128982544,-0.0019678855314850807,,0.5809444189071655,0.5738986134529114,-0.003214167198166251,,0.5871846675872803,0.5638917088508606,-0.0040022400207817554,,0.5938898921012878,0.5705013275146484,-0.0015376450028270483,,0.5958828330039978,0.5807771682739258,0.00034940431942231953,,0.4871571958065033,0.5924424529075623,-1.2460058940177987e-07,,0.4957233667373657,0.5552773475646973,0.0005840490339323878,,0.5144111514091492,0.5191596150398254,-0.0013806290226057172,,0.5298024415969849,0.49340078234672546,-0.004182886797934771,,0.5352327227592468,0.46778202056884766,-0.0056966557167470455,,0.5181667804718018,0.5027757287025452,-0.0028913861606270075,,0.5455482006072998,0.5099263191223145,-0.010659996420145035,,0.5411449670791626,0.5252110958099365,-0.014834552071988583,,0.5322263240814209,0.5283982157707214,-0.016700711101293564,,0.5204745531082153,0.5217900276184082,-0.007101887837052345,,0.5475027561187744,0.5311154127120972,-0.01141546294093132,,0.5420343279838562,0.5437942147254944,-0.011593028903007507,,0.5334341526031494,0.5428333282470703,-0.012120567262172699,,0.5230614542961121,0.5443716049194336,-0.011762399226427078,,0.5471102595329285,0.5526036024093628,-0.014858238399028778,,0.5412916541099548,0.5635283589363098,-0.011187504045665264,,0.5331377387046814,0.5618825554847717,-0.00925838015973568,,0.5255756378173828,0.5687515139579773,-0.016625119373202324,,0.5467270612716675,0.5732890963554382,-0.017000021412968636,,0.5407955050468445,0.5825557708740234,-0.012821903452277184,,0.5324875116348267,0.582628071308136,-0.010119845159351826,
-0.050565578043460846,-0.6136687994003296,-0.22071446478366852,0.9997998476028442,-0.03225927799940109,-0.6530941724777222,-0.2137879878282547,0.9996443390846252,-0.03287043049931526,-0.6526616215705872,-0.21535895764827728,0.9996554851531982,-0.0326525904238224,-0.6526550650596619,-0.2129288762807846,0.9996201992034912,-0.06811954826116562,-0.6538428068161011,-0.21036165952682495,0.9996687769889832,-0.0660707876086235,-0.6542128920555115,-0.21161606907844543,0.9996944665908813,-0.06682214140892029,-0.6530988216400146,-0.20756110548973083,0.999671459197998,0.058165986090898514,-0.644280195236206,-0.12758485972881317,0.9996487498283386,-0.0882628932595253,-0.6428707242012024,-0.09028942137956619,0.9996442198753357,-0.017344428226351738,-0.5838760137557983,-0.19740504026412964,0.999865710735321,-0.06086288020014763,-0.5823798775672913,-0.18487104773521423,0.999867856502533,0.1730710119009018,-0.4410885274410248,-0.07691783457994461,0.9995913505554199,-0.14152535796165466,-0.4525887966156006,-0.023845503106713295,0.9996817708015442,0.17444579303264618,-0.22414404153823853,-0.17301765084266663,0.9881927967071533,-0.19445392489433289,-0.23780634999275208,-0.11553557962179184,0.9632930159568787,0.0017789637204259634,-0.31959348917007446,-0.2987826466560364,0.9321509599685669,-0.1357121467590332,-0.34055089950561523,-0.2876858711242676,0.9099001288414001,-0.057840701192617416,-0.3378547132015228,-0.343814879655838,0.9099002480506897,-0.11232033371925354,-0.36526522040367126,-0.3360596299171448,0.8913570642471313,-0.059770312160253525,-0.38411200046539307,-0.32902464270591736,0.9201585650444031,-0.10657470673322678,-0.4128214716911316,-0.31744384765625,0.8997030258178711,-0.016376584768295288,-0.3450552523136139,-0.2980773150920868,0.9130011796951294,-0.1209668517112732,-0.3619323670864105,-0.28733715415000916,0.8944112658500671,0.1128905639052391,-0.0008700221078470349,-0.011201005429029465,0.6384948492050171,-0.11200817674398422,-0.003351849503815174,0.011017212644219398,0.6384215950965881,0.13330091536045074,-0.03389573097229004,-0.08546676486730576,0.04535994306206703,-0.14064039289951324,0.01453204546123743,-0.07413875311613083,0.06400240957736969,0.13994579017162323,0.23657387495040894,0.2048873007297516,0.010163205675780773,-0.07536634057760239,0.41258668899536133,0.22684349119663239,0.01809542439877987,0.1417369246482849,0.24672852456569672,0.22244466841220856,0.005966623779386282,-0.06202169880270958,0.43562325835227966,0.25648099184036255,0.010197920724749565,0.1501767933368683,0.2286592274904251,0.019182242453098297,0.010699854232370853,-0.07739324122667313,0.46726733446121216,0.05236673727631569,0.017209544777870178,22,0.917,0.6060541868209839,0.6503201723098755,8.885837843308764e-08,,0.6072510480880737,0.5912167429924011,0.0015689184656366706,,0.5963973999023438,0.5495312809944153,0.002390609821304679,,0.5897887349128723,0.5223841667175293,0.0030176357831805944,,0.589993953704834,0.5044707655906677,0.003483230946585536,,0.5645124912261963,0.5606470704078674,-0.0006404359010048211,,0.5442426204681396,0.530617892742157,-0.002246271586045623,,0.5375036001205444,0.5122522115707397,-0.0040125008672475815,,0.534880518913269,0.49941781163215637,-0.004875223618000746,,0.5539342164993286,0.5855453014373779,-0.001006350968964398,,0.5355082750320435,0.5528956055641174,-0.0012290332233533263,,0.5282984375953674,0.5342175960540771,-0.0014429031871259212,,0.5250551700592041,0.5230455994606018,-0.0016788010252639651,,0.5484730005264282,0.6085764169692993,-0.0008812252199277282,,0.5310858488082886,0.5773955583572388,-0.0008650022791698575,,0.5235844254493713,0.5596664547920227,0.0005986675387248397,,0.5201240181922913,0.5479252338409424,0.0015993696870282292,,0.5467372536659241,0.6282461881637573,-0.0004253597871866077,,0.5306875109672546,0.604424238204956,0.0007432003621943295,,0.523580014705658,0.5900054574012756,0.004218237940222025,,0.5205402374267578,0.5808552503585815,0.0071258763782680035,,0.4884580075740814,0.6206979751586914,-1.707936405637156e-07,,0.49962863326072693,0.5833858847618103,-0.002486197976395488,,0.5217740535736084,0.5480400323867798,-0.005494661163538694,,0.5390183329582214,0.5223609209060669,-0.0085714440792799,,0.5437685251235962,0.4961698353290558,-0.010222682729363441,,0.5250173211097717,0.5341131091117859,-0.007266360335052013,,0.55234295129776,0.5464919209480286,-0.016995377838611603,,0.545499861240387,0.5598846077919006,-0.022142790257930756,,0.5357886552810669,0.555936872959137,-0.02458646520972252,,0.5260916948318481,0.5570429563522339,-0.010369309224188328,,0.5531347990036011,0.5679115056991577,-0.017455078661441803,,0.5461947917938232,0.5790908336639404,-0.018344247713685036,,0.5371647477149963,0.5759050250053406,-0.018697358667850494,,0.5283353328704834,0.5831097960472107,-0.014025132171809673,,0.5519624352455139,0.5893166661262512,-0.01969657465815544,,0.5456358194351196,0.5995304584503174,-0.016045691445469856,,0.5370553135871887,0.599022626876831,-0.013141763396561146,,0.5310301780700684,0.6101206541061401,-0.017992138862609863,,0.5498308539390564,0.6091635227203369,-0.01965804025530815,,0.5439710021018982,0.6165459156036377,-0.015281300991773605,,0.5366740226745605,0.6181520819664001,-0.011838196776807308,
-0.05265410989522934,-0.6124840378761292,-0.2211344689130783,0.9998038411140442,-0.035809289664030075,-0.6525655388832092,-0.21425960958003998,0.999652624130249,-0.036385275423526764,-0.6521368026733398,-0.21583615243434906,0.9996612071990967,-0.03614040091633797,-0.6521350741386414,-0.21341270208358765,0.9996265769004822,-0.07182913273572922,-0.6528889536857605,-0.21079212427139282,0.9996782541275024,-0.06977741420269012,-0.653279721736908,-0.21202726662158966,0.9997020959854126,-0.07051762193441391,-0.6521814465522766,-0.20797494053840637,0.999681293964386,0.05695674568414688,-0.6447031497955322,-0.1283668726682663,0.9996591210365295,-0.09047864377498627,-0.642442524433136,-0.09075641632080078,0.999661386013031,-0.0180825162678957,-0.5835349559783936,-0.19783367216587067,0.9998699426651001,-0.06178111582994461,-0.581475019454956,-0.1852823942899704,0.9998725056648254,0.17321723699569702,-0.4438231885433197,-0.07716402411460876,0.9995943903923035,-0.14158935844898224,-0.4518532454967499,-0.024414099752902985,0.999695897102356,0.1726531833410263,-0.22667399048805237,-0.1712760329246521,0.9891387224197388,-0.19289840757846832,-0.23674607276916504,-0.11477770656347275,0.9665565490722656,-0.00829929020255804,-0.30656304955482483,-0.2932049632072449,0.938603401184082,-0.1255934238433838,-0.3303028345108032,-0.28879284858703613,0.9185134172439575,-0.07006131112575531,-0.32045283913612366,-0.3368430733680725,0.9163975715637207,-0.10303134471178055,-0.3550370931625366,-0.3372507393360138,0.8996870517730713,-0.07258826494216919,-0.367963969707489,-0.32327574491500854,0.9255055785179138,-0.10092313587665558,-0.4034340977668762,-0.31921839714050293,0.9069690704345703,-0.0273304246366024,-0.3312688171863556,-0.29299524426460266,0.918739378452301,-0.11225630342960358,-0.35174089670181274,-0.28865382075309753,0.9017072916030884,0.11291322112083435,-0.0009665107354521751,-0.011183648370206356,0.6394910216331482,-0.11206408590078354,-0.0033587836660444736,0.011022500693798065,0.6397721767425537,0.13088352978229523,-0.02986985817551613,-0.07769212871789932,0.04454522207379341,-0.13987253606319427,0.03552127629518509,-0.07285573333501816,0.06305541843175888,0.13474567234516144,0.23676052689552307,0.20783782005310059,0.010062868706882,-0.08262291550636292,0.4137302339076996,0.22561737895011902,0.01737704500555992,0.13617292046546936,0.24693803489208221,0.22569449245929718,0.00593539560213685,-0.07075917720794678,0.4362230896949768,0.25464150309562683,0.009968210943043232,0.15019817650318146,0.22907939553260803,0.025841595605015755,0.010520449839532375,-0.08574286103248596,0.46965262293815613,0.05199790000915527,0.016561783850193024,23,0.959,0.5978439450263977,0.6718671321868896,1.4272256976255449e-07,,0.5973410606384277,0.6143150329589844,-0.0003628534614108503,,0.5844679474830627,0.5745638608932495,-0.0002734096487984061,,0.5761165022850037,0.5504981279373169,-0.0005977557739242911,,0.5748234391212463,0.5329921841621399,-0.0012184656225144863,,0.5580761432647705,0.5821192860603333,-0.003330663777887821,,0.5458632111549377,0.5489769577980042,-0.006258232053369284,,0.5454643964767456,0.5274485349655151,-0.008879076689481735,,0.5479743480682373,0.5124328136444092,-0.010599237866699696,,0.5476142764091492,0.6078869700431824,-0.004050841089338064,,0.5376259684562683,0.5798446536064148,-0.0049598319455981255,,0.537951648235321,0.567077100276947,-0.0062921661883592606,,0.5398111343383789,0.561701238155365,-0.007894869893789291,,0.5436771512031555,0.634248673915863,-0.004492777865380049,,0.5394715666770935,0.6115418672561646,-0.005412366706877947,,0.5448703169822693,0.602989137172699,-0.005757767241448164,,0.5507979393005371,0.6001896262168884,-0.006578407716006041,,0.5438491106033325,0.6601791381835938,-0.0048962850123643875,,0.5430428981781006,0.6418775916099548,-0.0055115241557359695,,0.5477925539016724,0.6333880424499512,-0.004317202605307102,,0.5523836612701416,0.6318661570549011,-0.0032398002222180367,,0.4929993748664856,0.6428202986717224,-4.674041065300116e-08,,0.5047423839569092,0.6005918383598328,-0.0015807694289833307,,0.5259897112846375,0.5669704675674438,-0.004337398335337639,,0.5439658761024475,0.5459314584732056,-0.00714731914922595,,0.5559195876121521,0.531369149684906,-0.009202495217323303,,0.5308859944343567,0.5619856119155884,-0.007590987253934145,,0.5527595281600952,0.5667628049850464,-0.015586239285767078,,0.5563478469848633,0.570102870464325,-0.021043885499238968,,0.5546428561210632,0.5626118183135986,-0.02424115128815174,,0.5316988825798035,0.5885399580001831,-0.010538758710026741,,0.5540580153465271,0.593393087387085,-0.015627965331077576,,0.5570006370544434,0.5995806455612183,-0.01729929819703102,,0.5557125806808472,0.5983853340148926,-0.018959829583764076,,0.5325512886047363,0.617753267288208,-0.013614480383694172,,0.5514623522758484,0.6198209524154663,-0.01777397096157074,,0.5530439615249634,0.6268673539161682,-0.01528569683432579,,0.5505157113075256,0.6276487708091736,-0.013637292198836803,,0.5332377552986145,0.6469159722328186,-0.016961954534053802,,0.5472326874732971,0.6447753310203552,-0.018825778737664223,,0.548521101474762,0.6500443816184998,-0.015705686062574387,,0.5471560955047607,0.6523522138595581,-0.013185160234570503,
-0.0552864745259285,-0.6114172339439392,-0.2250959426164627,0.9998081922531128,-0.03909557685256004,-0.651888906955719,-0.21788446605205536,0.9996600151062012,-0.03965798392891884,-0.6514672040939331,-0.2194812297821045,0.9996658563613892,-0.0393967404961586,-0.6514633297920227,-0.21706622838974,0.9996316432952881,-0.07543352991342545,-0.6520180702209473,-0.2142890840768814,0.9996883869171143,-0.07337777316570282,-0.6524195671081543,-0.21547220647335052,0.9997111558914185,-0.07411065697669983,-0.6513301730155945,-0.21142230927944183,0.9996926188468933,0.055079489946365356,-0.6447483897209167,-0.1308327615261078,0.9996684193611145,-0.0941968634724617,-0.6420465111732483,-0.09314708411693573,0.9996789693832397,-0.01984231173992157,-0.5830398797988892,-0.20127977430820465,0.9998747110366821,-0.06404602527618408,-0.5806588530540466,-0.1887378841638565,0.9998782277107239,0.17339396476745605,-0.4449560046195984,-0.07945701479911804,0.9996008276939392,-0.14365456998348236,-0.4515610337257385,-0.025636522099375725,0.9997129440307617,0.17338967323303223,-0.22713898122310638,-0.1722569614648819,0.9900678396224976,-0.1929812729358673,-0.23511682450771332,-0.11696560680866241,0.9695824980735779,-0.0023304459173232317,-0.3003659248352051,-0.29617732763290405,0.944532573223114,-0.13325905799865723,-0.3194011151790619,-0.30631551146507263,0.9263787865638733,-0.06512287259101868,-0.31384333968162537,-0.33943864703178406,0.9230024218559265,-0.11205129325389862,-0.3433499038219452,-0.35810405015945435,0.9078609943389893,-0.06848437339067459,-0.363590270280838,-0.32663488388061523,0.9311144948005676,-0.10911135375499725,-0.3910881280899048,-0.3414071500301361,0.9142850041389465,-0.02198873832821846,-0.32575640082359314,-0.29657527804374695,0.9247625470161438,-0.12009534984827042,-0.3402889668941498,-0.30696168541908264,0.9091880917549133,0.11294993758201599,-0.000979953445494175,-0.011132754385471344,0.6457433700561523,-0.11217015236616135,-0.003374791471287608,0.010993731208145618,0.6472516655921936,0.1290803700685501,-0.01873893290758133,-0.07587072998285294,0.04402993619441986,-0.13975754380226135,0.045503877103328705,-0.0701165422797203,0.06226924806833267,0.12936781346797943,0.24206919968128204,0.21039249002933502,0.0099838487803936,-0.08826729655265808,0.4147716164588928,0.224334716796875,0.01683846302330494,0.13037285208702087,0.2529481053352356,0.22853422164916992,0.005945153534412384,-0.07701720297336578,0.43731096386909485,0.25251537561416626,0.009803353808820248,0.1485297828912735,0.23882979154586792,0.03499111160635948,0.01036802213639021,-0.09027236700057983,0.472472220659256,0.052008770406246185,0.016048746183514595,24,1.001,0.590089738368988,0.6923128366470337,-5.992315266212245e-08,,0.5946711897850037,0.6362485885620117,0.001524045830592513,,0.5836066603660583,0.5971340537071228,0.003000702243298292,,0.5720385313034058,0.5734671950340271,0.003477561753243208,,0.5683896541595459,0.5523802042007446,0.0036144591867923737,,0.5542967319488525,0.5948339700698853,0.00020037419744767249,,0.5448281168937683,0.5787564516067505,-0.0013739432906731963,,0.5490788221359253,0.5705545544624329,-0.003641294315457344,,0.5540205240249634,0.5678023099899292,-0.005726823583245277,,0.5454849600791931,0.6207778453826904,-0.00176249910145998,,0.5459185242652893,0.6069933176040649,-0.0016443434869870543,,0.5536131262779236,0.6078628301620483,-0.0022995511535555124,,0.5593858957290649,0.6153525710105896,-0.003943657968193293,,0.5434012413024902,0.6480634212493896,-0.003497906494885683,,0.5457872748374939,0.635563313961029,-0.0036878245882689953,,0.5519146919250488,0.6364631056785583,-0.002667050575837493,,0.5572978854179382,0.6437647938728333,-0.003245909931138158,,0.5440854430198669,0.6743108034133911,-0.005277995485812426,,0.548504650592804,0.6627078056335449,-0.0063486648723483086,,0.554604709148407,0.6629617214202881,-0.005250082816928625,,0.5587307214736938,0.6697066426277161,-0.004489545244723558,,0.49767959117889404,0.663511335849762,7.9671487185351e-08,,0.5053203701972961,0.6199625134468079,-0.002137226751074195,,0.5256185531616211,0.5852633714675903,-0.004621449857950211,,0.5420398116111755,0.559707522392273,-0.007025078404694796,,0.5495527982711792,0.5342145562171936,-0.009037042036652565,,0.53104168176651,0.5847612619400024,-0.008291158825159073,,0.5552586317062378,0.579497754573822,-0.014951929450035095,,0.5695180892944336,0.5833389163017273,-0.019005827605724335,,0.5780788660049438,0.585623562335968,-0.021385854110121727,,0.5336623191833496,0.6096606254577637,-0.010952114127576351,,0.5570994019508362,0.6031644940376282,-0.015259429812431335,,0.5674364566802979,0.6079334020614624,-0.016965292394161224,,0.5738247036933899,0.6104823350906372,-0.01868593879044056,,0.5360162258148193,0.6364095211029053,-0.013544654473662376,,0.556635856628418,0.6310715079307556,-0.017618661746382713,,0.5652674436569214,0.6365593671798706,-0.015957646071910858,,0.5707424283027649,0.6390930414199829,-0.014987459406256676,,0.5379869341850281,0.6624221801757812,-0.016418082639575005,,0.5547756552696228,0.6566724181175232,-0.019058704376220703,,0.5615795850753784,0.6606974005699158,-0.016659125685691833,,0.5663788914680481,0.6636287569999695,-0.014654140919446945,
-0.05713248997926712,-0.6091007590293884,-0.23349985480308533,0.9998112320899963,-0.04173450917005539,-0.6502649784088135,-0.22631850838661194,0.9996639490127563,-0.04228770360350609,-0.6498509645462036,-0.2278883010149002,0.999666690826416,-0.0420195609331131,-0.6498392224311829,-0.22547967731952667,0.9996320605278015,-0.07828616350889206,-0.6500680446624756,-0.22286278009414673,0.9996965527534485,-0.0762169361114502,-0.65047687292099,-0.2240617573261261,0.9997189044952393,-0.07694580405950546,-0.6493946313858032,-0.2200227826833725,0.9997028112411499,0.05309229716658592,-0.6447468996047974,-0.13865435123443604,0.9996739029884338,-0.09731841087341309,-0.6410413980484009,-0.10204394906759262,0.9996955990791321,-0.02106291614472866,-0.581623375415802,-0.20930685102939606,0.9998790621757507,-0.0656009241938591,-0.5786641240119934,-0.19712451100349426,0.9998838305473328,0.1736796498298645,-0.44644245505332947,-0.08497133105993271,0.999603807926178,-0.1452053040266037,-0.4505079388618469,-0.03116663731634617,0.9997288584709167,0.17670446634292603,-0.23058609664440155,-0.17481234669685364,0.9909359216690063,-0.19214457273483276,-0.2330620139837265,-0.12500357627868652,0.972345232963562,0.0003082129987888038,-0.2981592118740082,-0.29697784781455994,0.9498973488807678,-0.1337725818157196,-0.3110141456127167,-0.3279409408569336,0.9334801435470581,-0.06376954913139343,-0.3105417788028717,-0.3408113121986389,0.9290507435798645,-0.11445148289203644,-0.33349812030792236,-0.3820582628250122,0.9152650237083435,-0.06891077756881714,-0.3610265254974365,-0.32906392216682434,0.9362748861312866,-0.11230161041021347,-0.3813919723033905,-0.36652567982673645,0.9209221005439758,-0.020266035571694374,-0.3236822187900543,-0.29735562205314636,0.9302912354469299,-0.12124064564704895,-0.3318555951118469,-0.3291679620742798,0.9159457087516785,0.11297009885311127,-0.0012078216532245278,-0.010943900793790817,0.6467480659484863,-0.11227711290121078,-0.0032756859436631203,0.010825326666235924,0.64898681640625,0.12735500931739807,-0.011695995926856995,-0.06964515894651413,0.04331616312265396,-0.13976454734802246,0.060798078775405884,-0.06538692861795425,0.06101787090301514,0.1260450929403305,0.24428649246692657,0.21364599466323853,0.009845179505646229,-0.09431440383195877,0.41533511877059937,0.22484521567821503,0.016140928491950035,0.12696705758571625,0.25497400760650635,0.23136872053146362,0.00590299628674984,-0.08329874277114868,0.43767812848091125,0.2526327967643738,0.009496056474745274,0.14838111400604248,0.24220344424247742,0.041771385818719864,0.010163738392293453,-0.09398037940263748,0.476421058177948,0.05396174639463425,0.015388927422463894,25,1.042,0.5903224945068359,0.7017036080360413,-1.0185464560663604e-07,,0.5956360697746277,0.6486776471138,-0.00024298571224790066,,0.5842114686965942,0.6074115633964539,-0.0006844514282420278,,0.5716927647590637,0.5807127952575684,-0.0014931353507563472,,0.5675371885299683,0.5579989552497864,-0.002556878374889493,,0.5546326041221619,0.6041693091392517,-0.0030930473003536463,,0.5563148260116577,0.5994128584861755,-0.006645028945058584,,0.5649173259735107,0.6073125004768372,-0.01107940636575222,,0.5696935057640076,0.6150882244110107,-0.014527145773172379,,0.5463933348655701,0.630746066570282,-0.004680630750954151,,0.5517920255661011,0.6251192688941956,-0.00520362239331007,,0.5590590238571167,0.6311447620391846,-0.006935256998986006,,0.5632064342498779,0.6397862434387207,-0.009611605666577816,,0.5434303283691406,0.6580752730369568,-0.006043431349098682,,0.5491199493408203,0.6510545611381531,-0.007140692323446274,,0.555489718914032,0.6548932194709778,-0.006399810779839754,,0.5598372220993042,0.6626355648040771,-0.00695421127602458,,0.5424908399581909,0.6842378377914429,-0.007493757642805576,,0.5484570860862732,0.674246609210968,-0.008755485527217388,,0.5553432703018188,0.676137387752533,-0.007014178205281496,,0.5590336918830872,0.6816942691802979,-0.005633567459881306,,0.49646419286727905,0.6774688363075256,3.913220858464683e-09,,0.5022489428520203,0.634209156036377,-0.002135524060577154,,0.5220497250556946,0.5971927642822266,-0.004340605344623327,,0.5388355255126953,0.5701097846031189,-0.006398581434041262,,0.5442551374435425,0.543295681476593,-0.0076910629868507385,,0.5266414284706116,0.5938169360160828,-0.008543717674911022,,0.5540537238121033,0.5850598216056824,-0.014706844463944435,,0.5603882670402527,0.5952140688896179,-0.017677217721939087,,0.5613341331481934,0.6014492511749268,-0.01895608939230442,,0.5317272543907166,0.6203178763389587,-0.01067802682518959,,0.5570976138114929,0.6108519434928894,-0.013878650963306427,,0.5613182783126831,0.6185243725776672,-0.014151698909699917,,0.5605995059013367,0.6233170032501221,-0.014848918654024601,,0.5361137986183167,0.647681713104248,-0.012828472070395947,,0.5574584007263184,0.6386891007423401,-0.015610853210091591,,0.5599744319915771,0.6461988687515259,-0.012804478406906128,,0.55816251039505,0.6505123376846313,-0.01119164191186428,,0.5397949814796448,0.6717079281806946,-0.01521245576441288,,0.5570927262306213,0.6627157926559448,-0.016465654596686363,,0.5584205389022827,0.669796347618103,-0.013136941008269787,,0.5563676357269287,0.6750500202178955,-0.010626506060361862,
-0.060972366482019424,-0.6069355010986328,-0.23484423756599426,0.9998130798339844,-0.04612839221954346,-0.6486523747444153,-0.22775249183177948,0.9996675252914429,-0.04667682200670242,-0.6482454538345337,-0.22934257984161377,0.9996674060821533,-0.04639611765742302,-0.6482349634170532,-0.22694145143032074,0.9996328353881836,-0.08285333961248398,-0.6483259201049805,-0.22412985563278198,0.9997034668922424,-0.08078525215387344,-0.648750364780426,-0.22529809176921844,0.9997251033782959,-0.08150938153266907,-0.6476771235466003,-0.22126232087612152,0.9997110366821289,0.05027536675333977,-0.6447651982307434,-0.13991396129131317,0.999679684638977,-0.10126984864473343,-0.6407260298728943,-0.10279889404773712,0.9997092485427856,-0.023961974307894707,-0.5804339051246643,-0.21047984063625336,0.9998824596405029,-0.06885500252246857,-0.5772371292114258,-0.19817109405994415,0.9998881816864014,0.1738646775484085,-0.4479997456073761,-0.08602076023817062,0.999606728553772,-0.1476975977420807,-0.4505019783973694,-0.03184914216399193,0.9997431039810181,0.1791674941778183,-0.23306849598884583,-0.17537760734558105,0.9916895031929016,-0.19178493320941925,-0.23279479146003723,-0.12600238621234894,0.9747791290283203,0.001324687385931611,-0.2978827655315399,-0.2977118492126465,0.9546959400177002,-0.13424500823020935,-0.30794164538383484,-0.33132225275039673,0.9398337006568909,-0.06314411014318466,-0.3108557164669037,-0.3416343033313751,0.9344184994697571,-0.11568188667297363,-0.3302042484283447,-0.3854069709777832,0.9218635559082031,-0.06900656223297119,-0.3614217936992645,-0.3303734362125397,0.9408563375473022,-0.11416033655405045,-0.3773210644721985,-0.3702014982700348,0.9268450736999512,-0.019656794145703316,-0.32348692417144775,-0.2981680631637573,0.9351873397827148,-0.12201808393001556,-0.32824817299842834,-0.3327774703502655,0.9219529032707214,0.11307145655155182,-0.001418883795849979,-0.010821421630680561,0.6508890390396118,-0.11247019469738007,-0.003190520452335477,0.01073834951967001,0.6551405191421509,0.12800900638103485,-0.010159473866224289,-0.06932930648326874,0.04320598766207695,-0.13807208836078644,0.06727378815412521,-0.06407421827316284,0.061162177473306656,0.12655778229236603,0.24404333531856537,0.21734732389450073,0.009749701246619225,-0.09393145143985748,0.420723021030426,0.2225511074066162,0.015865331515669823,0.12747126817703247,0.25473594665527344,0.23593229055404663,0.005916595924645662,-0.08281492441892624,0.4429056942462921,0.24953925609588623,0.009413802064955235,0.15276679396629333,0.2422133982181549,0.04956282675266266,0.010056400671601295,-0.09350866079330444,0.482452929019928,0.05286123976111412,0.01513147633522749,26,1.084,0.5998101830482483,0.7058510780334473,6.0555720438060234e-09,,0.5966196060180664,0.6485368013381958,0.004151493776589632,,0.5834153294563293,0.6096717119216919,0.006020463537424803,,0.570176899433136,0.579929769039154,0.006557983346283436,,0.564627468585968,0.5562167167663574,0.006974637974053621,,0.5515031218528748,0.6030267477035522,0.004423081409186125,,0.53255695104599,0.577607274055481,0.005645242054015398,,0.5363966822624207,0.5634511709213257,0.004939491860568523,,0.5424608588218689,0.5560339093208313,0.004356807097792625,,0.544302761554718,0.6292774677276611,0.0027632303535938263,,0.53427654504776,0.6031674146652222,0.006571890786290169,,0.5423868894577026,0.5912240147590637,0.0064600794576108456,,0.5518129467964172,0.5881447196006775,0.004795920103788376,,0.5430768728256226,0.6568171381950378,0.0018049482023343444,,0.5380985140800476,0.636544942855835,0.0065686567686498165,,0.5448523759841919,0.6267862319946289,0.007506378926336765,,0.5537245273590088,0.6264474987983704,0.006060861516743898,,0.5445849895477295,0.6834208369255066,0.0009409008198417723,,0.5426095128059387,0.6685698628425598,0.0054688300006091595,,0.5487228035926819,0.6600194573402405,0.008417505770921707,,0.5560536980628967,0.6597337126731873,0.009815447963774204,,0.4968082308769226,0.6793380379676819,3.269342840894751e-08,,0.503868579864502,0.6380550861358643,-0.003110704245045781,,0.523576557636261,0.6001807451248169,-0.006129046436399221,,0.5400130748748779,0.572797954082489,-0.008600306697189808,,0.546410083770752,0.5456016659736633,-0.010238679125905037,,0.5265052318572998,0.5950905680656433,-0.011692751199007034,,0.5556842684745789,0.5884303450584412,-0.018397236242890358,,0.5622251033782959,0.5965758562088013,-0.02122648060321808,,0.5626396536827087,0.6008782982826233,-0.02226235717535019,,0.5307039618492126,0.6225900650024414,-0.013288420625030994,,0.5577664375305176,0.6140320301055908,-0.016712825745344162,,0.5627115964889526,0.6200259923934937,-0.016275040805339813,,0.5624656677246094,0.6238393783569336,-0.01660705730319023,,0.5344091653823853,0.6504473686218262,-0.014857950620353222,,0.5572609305381775,0.6420117616653442,-0.017757685855031013,,0.5602425932884216,0.6490668654441833,-0.01435517705976963,,0.5586753487586975,0.6526848077774048,-0.012421936728060246,,0.5378433465957642,0.6748663783073425,-0.01670440472662449,,0.5558728575706482,0.6662485003471375,-0.0181456096470356,,0.5575404763221741,0.6732305884361267,-0.014666372910141945,,0.5558286905288696,0.6781906485557556,-0.012018592096865177,
-0.0629136934876442,-0.603560209274292,-0.2360534965991974,0.9998140931129456,-0.04808446392416954,-0.6455559134483337,-0.22941599786281586,0.9996681809425354,-0.048638030886650085,-0.6451562643051147,-0.23101204633712769,0.9996656179428101,-0.048353411257267,-0.6451470255851746,-0.2286074012517929,0.9996310472488403,-0.0847407653927803,-0.6451541185379028,-0.22544525563716888,0.9997075796127319,-0.08267451822757721,-0.6455804705619812,-0.22660325467586517,0.999728798866272,-0.0833989679813385,-0.6445027589797974,-0.2225692719221115,0.9997164011001587,0.049128081649541855,-0.6440160274505615,-0.142489492893219,0.99968421459198,-0.10228689759969711,-0.6390978693962097,-0.10381089895963669,0.9997199773788452,-0.02541385218501091,-0.5778668522834778,-0.21182513236999512,0.9998856782913208,-0.0702957957983017,-0.5745158195495605,-0.19912882149219513,0.9998920559883118,0.17433254420757294,-0.4481407403945923,-0.08745583891868591,0.9996140599250793,-0.1479315310716629,-0.45017367601394653,-0.03221893310546875,0.9997569918632507,0.18285249173641205,-0.23290452361106873,-0.176519513130188,0.9923955202102661,-0.19110703468322754,-0.2318011373281479,-0.12639589607715607,0.9769932627677917,0.004634252283722162,-0.2972719371318817,-0.29965463280677795,0.9590528011322021,-0.13482347130775452,-0.307296484708786,-0.3320773243904114,0.9455956220626831,-0.05903419479727745,-0.31071463227272034,-0.3440171182155609,0.9394685626029968,-0.11637942492961884,-0.3300710916519165,-0.3860594630241394,0.9279879331588745,-0.06456179916858673,-0.361247718334198,-0.3330702483654022,0.9451894164085388,-0.11492771655321121,-0.3768443167209625,-0.37086230516433716,0.9323323369026184,-0.016142450273036957,-0.322983980178833,-0.29995718598365784,0.9398345351219177,-0.1227150410413742,-0.3275366425514221,-0.33365052938461304,0.9275500178337097,0.11311773210763931,-0.0014190857764333487,-0.010832248255610466,0.6542198061943054,-0.11256150901317596,-0.0032205258030444384,0.010759728029370308,0.6589720249176025,0.12774793803691864,-0.008373074233531952,-0.06967469304800034,0.04282671585679054,-0.13765670359134674,0.06366270035505295,-0.06411585211753845,0.06039734184741974,0.12640997767448425,0.24699944257736206,0.21427428722381592,0.009656825102865696,-0.09362931549549103,0.42072224617004395,0.21825408935546875,0.015395306050777435,0.12737631797790527,0.25789427757263184,0.23240818083286285,0.005895280744880438,-0.08243409544229507,0.4429320693016052,0.24462489783763885,0.009252647869288921,0.1525353193283081,0.24571968615055084,0.04648124426603317,0.009906209073960781,-0.09314431995153427,0.4823148548603058,0.049346622079610825,0.014677089639008045,27,1.126,0.5988298058509827,0.7046715021133423,-4.6306443124422e-08,,0.5984585285186768,0.648516058921814,0.003918876405805349,,0.585172712802887,0.6084454655647278,0.006030811928212643,,0.5712571740150452,0.5820631384849548,0.006601338740438223,,0.5655748844146729,0.5596768856048584,0.006645634770393372,,0.5542129278182983,0.6001954078674316,0.0039916867390275,,0.5385898947715759,0.5863736867904663,0.003703222842887044,,0.5391276478767395,0.5759562849998474,0.0020849404390901327,,0.5423937439918518,0.5699967741966248,0.0006366277812048793,,0.545807957649231,0.624209463596344,0.0017919556703418493,,0.5414361953735352,0.6140903830528259,0.0037056305445730686,,0.5484738945960999,0.6135376691818237,0.003150592092424631,,0.5560808777809143,0.6182717680931091,0.001630665734410286,,0.5436091423034668,0.6509974002838135,4.726216502604075e-05,,0.5446749329566956,0.6420326232910156,0.0018703804817050695,,0.550386369228363,0.6414961218833923,0.0025156554765999317,,0.5567620992660522,0.646361231803894,0.0015928674256429076,,0.5435823798179626,0.6778586506843567,-0.0015643156366422772,,0.5475496053695679,0.6691973209381104,0.0002616020501591265,,0.5534114837646484,0.6691356897354126,0.0021802715491503477,,0.5581018924713135,0.673976480960846,0.003346305573359132,,0.4967641234397888,0.6789905428886414,-3.135510340257497e-08,,0.5042932033538818,0.6380325555801392,-0.001988627715036273,,0.5233826041221619,0.6000199913978577,-0.00510960491374135,,0.5394073128700256,0.5729691982269287,-0.00810736883431673,,0.5463125705718994,0.5458541512489319,-0.010030125267803669,,0.5270066857337952,0.5933552980422974,-0.010284148156642914,,0.556670069694519,0.5870053172111511,-0.01833702065050602,,0.55739825963974,0.5996362566947937,-0.022250451147556305,,0.5517851710319519,0.6057053208351135,-0.023549163714051247,,0.53095942735672,0.6193627715110779,-0.012798571027815342,,0.5582859516143799,0.611655592918396,-0.016749167814850807,,0.5589381456375122,0.6205800175666809,-0.01649359054863453,,0.5538315773010254,0.624786376953125,-0.016802925616502762,,0.5344924330711365,0.6468067169189453,-0.015443827956914902,,0.5578277111053467,0.6385570764541626,-0.01832074485719204,,0.5568912029266357,0.6478758454322815,-0.014312614686787128,,0.5506410598754883,0.6521286368370056,-0.011951853521168232,,0.5376725792884827,0.6722565293312073,-0.018313854932785034,,0.5564560890197754,0.6635579466819763,-0.01941373385488987,,0.5556584596633911,0.6721478700637817,-0.015311384573578835,,0.5507194399833679,0.6775550246238708,-0.012248744256794453,
-0.064320869743824,-0.5984115600585938,-0.23603565990924835,0.999811589717865,-0.04964558035135269,-0.6409413814544678,-0.22972874343395233,0.9996639490127563,-0.0502077080309391,-0.640544056892395,-0.23133154213428497,0.999659538269043,-0.049923837184906006,-0.6405403017997742,-0.2289222776889801,0.9996254444122314,-0.08614060282707214,-0.6405591368675232,-0.2255021631717682,0.999705970287323,-0.08408231288194656,-0.6409880518913269,-0.22665606439113617,0.9997267723083496,-0.08480896055698395,-0.6399057507514954,-0.22262054681777954,0.9997158050537109,0.04877978935837746,-0.6426516771316528,-0.1443292796611786,0.9996858835220337,-0.10221196711063385,-0.6373004913330078,-0.10384111851453781,0.9997247457504272,-0.026058249175548553,-0.5738139152526855,-0.21198906004428864,0.9998876452445984,-0.07078871876001358,-0.5705178380012512,-0.19907739758491516,0.9998940825462341,0.17571891844272614,-0.4480959475040436,-0.08905530720949173,0.9996209740638733,-0.14691828191280365,-0.4496755003929138,-0.03182172402739525,0.9997677803039551,0.1850937306880951,-0.23253770172595978,-0.17732909321784973,0.9930323362350464,-0.1869341880083084,-0.2294197529554367,-0.1233987957239151,0.9789161682128906,0.006961336359381676,-0.2957722544670105,-0.3003699481487274,0.9629788398742676,-0.13553716242313385,-0.30515167117118835,-0.3307895064353943,0.9507442712783813,-0.055950429290533066,-0.30927494168281555,-0.3451308608055115,0.9440517425537109,-0.11722210794687271,-0.32729408144950867,-0.38508617877960205,0.9332867860794067,-0.060761403292417526,-0.35957181453704834,-0.33418387174606323,0.9491270780563354,-0.11561674624681473,-0.3738883137702942,-0.37044692039489746,0.9370409846305847,-0.013446555472910404,-0.3215439021587372,-0.30105963349342346,0.9440734386444092,-0.12352756410837173,-0.32529380917549133,-0.33272579312324524,0.9323582053184509,0.1131429374217987,-0.0013758477289229631,-0.011060202494263649,0.6543564200401306,-0.11259318143129349,-0.0032804375514388084,0.011010306887328625,0.6590450406074524,0.1276366412639618,-0.006986529100686312,-0.07196766883134842,0.042368024587631226,-0.13746194541454315,0.0630456805229187,-0.06445446610450745,0.059715636074543,0.1262771338224411,0.2495066523551941,0.21045657992362976,0.009584496729075909,-0.09328407049179077,0.42075982689857483,0.21570485830307007,0.014985037967562675,0.12728345394134521,0.2604635953903198,0.22818785905838013,0.005865851417183876,-0.08199043571949005,0.4429869055747986,0.24214467406272888,0.009112684056162834,0.15190818905830383,0.24761298298835754,0.04073827713727951,0.009753290563821793,-0.09297405928373337,0.4818596839904785,0.04741783067584038,0.014242597855627537,28,1.167,0.5977007150650024,0.7004352807998657,-5.0242974225511716e-08,,0.5981660485267639,0.6446595788002014,0.0031645065173506737,,0.5854275822639465,0.6054295897483826,0.004714815877377987,,0.5714252591133118,0.5803307890892029,0.005263471510261297,,0.5669200420379639,0.559005081653595,0.00550489965826273,,0.5558109283447266,0.6015641689300537,0.0003292928449809551,,0.5430184006690979,0.589991569519043,0.0006277162465266883,,0.5466108918190002,0.5873118042945862,0.0002352274750592187,,0.55161052942276,0.5871124267578125,-0.00048183585749939084,,0.5474207997322083,0.6275807023048401,-0.0013421151088550687,,0.545807421207428,0.6170111298561096,0.0013580747181549668,,0.5530849695205688,0.6190796494483948,0.0020043649710714817,,0.5599477887153625,0.624873697757721,0.0009500772575847805,,0.5450804829597473,0.654861330986023,-0.0022733700461685658,,0.5467014908790588,0.6449843645095825,0.0004371805116534233,,0.5527939796447754,0.6462104320526123,0.0025227065198123455,,0.5592983365058899,0.6529914736747742,0.0022175272461026907,,0.5449298024177551,0.6820459365844727,-0.003097292734310031,,0.5485042333602905,0.6720839142799377,-0.0011952464701607823,,0.5549454689025879,0.6721784472465515,0.001423400710336864,,0.5599708557128906,0.6769266128540039,0.003092041704803705,,0.49755918979644775,0.678498387336731,-4.4294655054955e-08,,0.5055422186851501,0.637441873550415,-0.0019402854377403855,,0.5244300961494446,0.5986855030059814,-0.005088253878057003,,0.5402724742889404,0.5709578394889832,-0.008081925101578236,,0.546684205532074,0.5436796545982361,-0.009949392639100552,,0.5266299247741699,0.5919683575630188,-0.010599642992019653,,0.5561434030532837,0.5852986574172974,-0.018708277493715286,,0.5562776923179626,0.5982979536056519,-0.022570231929421425,,0.5496973991394043,0.6044515371322632,-0.02379719726741314,,0.530617356300354,0.6181684732437134,-0.013074062764644623,,0.5581326484680176,0.6101679801940918,-0.016866253688931465,,0.5583406090736389,0.6195339560508728,-0.016357067972421646,,0.5524330735206604,0.6238282918930054,-0.016577722504734993,,0.5344418883323669,0.6458116173744202,-0.015679161995649338,,0.5580332279205322,0.6371476650238037,-0.018490541726350784,,0.5567391514778137,0.6466333866119385,-0.014393286779522896,,0.5497618317604065,0.6508974432945251,-0.012037277221679688,,0.5379949808120728,0.6713724136352539,-0.018485620617866516,,0.556905210018158,0.6625131368637085,-0.019498800858855247,,0.5557623505592346,0.671260416507721,-0.01535246055573225,,0.5503051280975342,0.6766675114631653,-0.012325975112617016,
-0.06665221601724625,-0.5960599184036255,-0.23611660301685333,0.9998142719268799,-0.052224114537239075,-0.6389394998550415,-0.22995561361312866,0.9996688365936279,-0.052786119282245636,-0.6385337710380554,-0.23155415058135986,0.9996629357337952,-0.05251472070813179,-0.6385260224342346,-0.22913773357868195,0.999629557132721,-0.08880454301834106,-0.6385180354118347,-0.2256021797657013,0.9997121691703796,-0.08674445003271103,-0.6389296650886536,-0.2267654538154602,0.9997321963310242,-0.08747771382331848,-0.6378461122512817,-0.22272799909114838,0.999722421169281,0.04748502001166344,-0.6421545147895813,-0.1449809968471527,0.9996933341026306,-0.10366787016391754,-0.6363695859909058,-0.10386166721582413,0.999735414981842,-0.027531621977686882,-0.5718076229095459,-0.21217221021652222,0.9998912811279297,-0.07236552238464355,-0.5684523582458496,-0.19909144937992096,0.9998977780342102,0.1761966049671173,-0.44808048009872437,-0.08998414874076843,0.9996263384819031,-0.14694418013095856,-0.4491327106952667,-0.03184209391474724,0.9997782111167908,0.185546875,-0.23216526210308075,-0.17914319038391113,0.993618369102478,-0.18586118519306183,-0.22891491651535034,-0.12350798398256302,0.9807400107383728,0.005986745003610849,-0.29545858502388,-0.30178722739219666,0.9665341973304749,-0.13607469201087952,-0.3047282099723816,-0.3296380043029785,0.9554297924041748,-0.05754554271697998,-0.3089848756790161,-0.34643906354904175,0.9482517242431641,-0.11832938343286514,-0.32651832699775696,-0.38326936960220337,0.9382258653640747,-0.06268849968910217,-0.35920581221580505,-0.3352007567882538,0.9527492523193359,-0.11695001274347305,-0.37293946743011475,-0.36855918169021606,0.94146728515625,-0.014654670841991901,-0.32128262519836426,-0.30206626653671265,0.9480017423629761,-0.12417084723711014,-0.3248119354248047,-0.33155393600463867,0.9369567036628723,0.11331869661808014,-0.0013816615100950003,-0.011059497483074665,0.653182327747345,-0.1128106340765953,-0.003282856894657016,0.011011127382516861,0.6578931212425232,0.12759357690811157,-0.008095238357782364,-0.0723261833190918,0.04133494570851326,-0.13774003088474274,0.05927949398756027,-0.06459660828113556,0.05825944244861603,0.12593166530132294,0.24887718260288239,0.21022187173366547,0.009396763518452644,-0.09419917315244675,0.41898995637893677,0.21575118601322174,0.014421249739825726,0.1269657164812088,0.25959229469299316,0.22783297300338745,0.0057653565891087055,-0.08278875052928925,0.44120290875434875,0.24228103458881378,0.008828575722873211,0.15171141922473907,0.2462906539440155,0.039076291024684906,0.00950708519667387,-0.09294867515563965,0.4795016944408417,0.04690943658351898,0.013676637783646584,29,1.209,0.5931465029716492,0.6977614164352417,-6.203595859233246e-08,,0.5973072052001953,0.6430188417434692,0.003686011303216219,,0.5853520035743713,0.6033689379692078,0.005514088552445173,,0.5717284679412842,0.5781552791595459,0.006380218546837568,,0.5680997371673584,0.5554621815681458,0.006764650344848633,,0.5554478764533997,0.5989595055580139,0.000717100512702018,,0.5466164350509644,0.5889348983764648,0.0012409902410581708,,0.5513624548912048,0.5874037742614746,0.0006762934499420226,,0.556371808052063,0.5877664089202881,-0.0003421552828513086,,0.5464872121810913,0.6250025033950806,-0.0012880869908258319,,0.5474758744239807,0.6157984733581543,0.0021434647496789694,,0.5549317002296448,0.6200469732284546,0.003123518079519272,,0.5605357885360718,0.6268549561500549,0.001957731321454048,,0.5439175367355347,0.6523781418800354,-0.002543879207223654,,0.5468551516532898,0.6430033445358276,0.000215263688005507,,0.5528891086578369,0.645817220211029,0.0023650359362363815,,0.5582420229911804,0.6528986096382141,0.001920694368891418,,0.5434709191322327,0.679341197013855,-0.003574542235583067,,0.5478713512420654,0.6688957214355469,-0.0018719085492193699,,0.5547876358032227,0.669626772403717,0.0007480403874069452,,0.5590863227844238,0.6745330095291138,0.0022750417701900005,,0.4980408549308777,0.678561270236969,-1.7547643338389207e-09,,0.5056851506233215,0.6368359327316284,-0.0022448059171438217,,0.5244262218475342,0.5986924767494202,-0.005258272401988506,,0.5404548048973083,0.5708476305007935,-0.0080521609634161,,0.5471181869506836,0.5437749624252319,-0.009908679872751236,,0.5270282030105591,0.5921635031700134,-0.01037560123950243,,0.5562121868133545,0.5853803157806396,-0.01777047850191593,,0.5601668357849121,0.5965427756309509,-0.02130700647830963,,0.5574179887771606,0.6014984846115112,-0.022609325125813484,,0.5313321352005005,0.6183052062988281,-0.012639065273106098,,0.5584293007850647,0.6102389097213745,-0.016067085787653923,,0.5616949200630188,0.618151068687439,-0.01575551927089691,,0.5588327050209045,0.621764063835144,-0.016239546239376068,,0.5352779030799866,0.6457833051681519,-0.014982747845351696,,0.5585289597511292,0.6377288699150085,-0.017762858420610428,,0.5599068403244019,0.6460780501365662,-0.014100377447903156,,0.555668830871582,0.6498154401779175,-0.01204964704811573,,0.5389232635498047,0.6709967851638794,-0.017556365579366684,,0.5574024319648743,0.6628167629241943,-0.018668577075004578,,0.5581703782081604,0.6704972982406616,-0.01479751244187355,,0.5546276569366455,0.6754758954048157,-0.011918416246771812,
-0.06926581263542175,-0.5933619737625122,-0.2362222671508789,0.9998137950897217,-0.055021755397319794,-0.6364774107933044,-0.2302897870540619,0.9996682405471802,-0.0555863082408905,-0.6360702514648438,-0.23188233375549316,0.9996610283851624,-0.05532493814826012,-0.6360622644424438,-0.22945937514305115,0.9996280670166016,-0.09152315557003021,-0.6360485553741455,-0.2257714569568634,0.9997134208679199,-0.08946321159601212,-0.636451780796051,-0.22694316506385803,0.999733030796051,-0.09019962698221207,-0.6353655457496643,-0.22290442883968353,0.9997243881225586,0.045410435646772385,-0.6412588953971863,-0.14608195424079895,0.9996963143348694,-0.10528291761875153,-0.6351449489593506,-0.10401896387338638,0.9997415542602539,-0.02960962988436222,-0.569506824016571,-0.21241869032382965,0.9998936057090759,-0.0743434727191925,-0.5661511421203613,-0.19913823902606964,0.999900221824646,0.17620110511779785,-0.4480198621749878,-0.09149529039859772,0.9996318221092224,-0.14714315533638,-0.4483875632286072,-0.0317956767976284,0.9997875690460205,0.18566788733005524,-0.23055709898471832,-0.1812518686056137,0.994154155254364,-0.18574771285057068,-0.22684045135974884,-0.12305444478988647,0.9823660254478455,0.0058764806017279625,-0.2942713797092438,-0.304854154586792,0.9697455763816833,-0.1383620649576187,-0.30089032649993896,-0.3288375437259674,0.9596427083015442,-0.05749388411641121,-0.3078320324420929,-0.3493638038635254,0.9521234631538391,-0.12201940268278122,-0.32152682542800903,-0.3821377754211426,0.9426535367965698,-0.062457021325826645,-0.3582359254360199,-0.33835503458976746,0.9561054706573486,-0.12083003669977188,-0.3680044412612915,-0.3672213554382324,0.9454408288002014,-0.01468069851398468,-0.3202819526195526,-0.30500805377960205,0.9516432881355286,-0.12648862600326538,-0.32090792059898376,-0.33063074946403503,0.9411036968231201,0.11336149275302887,-0.0013915575109422207,-0.011130516417324543,0.6520326137542725,-0.11287122219800949,-0.0032725255005061626,0.011076921597123146,0.6575610637664795,0.1277214139699936,-0.008266016840934753,-0.07467316091060638,0.04037180170416832,-0.13773684203624725,0.05775117501616478,-0.065064936876297,0.057028912007808685,0.12605464458465576,0.2488405406475067,0.2082027792930603,0.009205158799886703,-0.09399978816509247,0.4190087616443634,0.214392751455307,0.013951745815575123,0.12707827985286713,0.25954556465148926,0.2255791872739792,0.005666515789926052,-0.0825318992137909,0.44126027822494507,0.24090059101581573,0.008604493923485279,0.1517188549041748,0.24625836312770844,0.03707076609134674,0.00925992801785469,-0.09280268847942352,0.4794124662876129,0.04537462070584297,0.013180618174374104,30,1.251,0.5945686101913452,0.6970313787460327,-9.493064823118402e-08,,0.5987479090690613,0.6431268453598022,0.0018151168478652835,,0.5862267017364502,0.6030780673027039,0.002671386580914259,,0.5724012851715088,0.5774366855621338,0.003031752072274685,,0.5672107338905334,0.5547382235527039,0.0031186428386718035,,0.5559993982315063,0.6004339456558228,-0.0004892185679636896,,0.5591436624526978,0.5960181951522827,-0.00139189837500453,,0.5686312913894653,0.6035964488983154,-0.0039105224423110485,,0.5736583471298218,0.6116374135017395,-0.006211854983121157,,0.5474805235862732,0.6268988847732544,-0.0020819769706577063,,0.5546196699142456,0.6206448078155518,0.0006330710020847619,,0.562211275100708,0.6265735626220703,0.00033190494286827743,,0.5663137435913086,0.635235607624054,-0.001827013911679387,,0.544840931892395,0.6542096138000488,-0.0031437305733561516,,0.5518959760665894,0.6467671394348145,-0.0012974649434909225,,0.5584313869476318,0.6501598954200745,-8.490865729982033e-05,,0.5626617074012756,0.6580013036727905,-0.0009693132014945149,,0.5443359017372131,0.6805838942527771,-0.004134036600589752,,0.5513871312141418,0.67194002866745,-0.003291395492851734,,0.5585373044013977,0.6730164289474487,-0.0011188056087121367,,0.5622109174728394,0.6781591176986694,0.00018953879771288484,,0.49809086322784424,0.6786887049674988,-3.133930448484534e-08,,0.5054081082344055,0.6369420289993286,-0.0015465952455997467,,0.5237148404121399,0.5986789464950562,-0.004473179578781128,,0.5396105647087097,0.5709428191184998,-0.0073982891626656055,,0.5466326475143433,0.5439075231552124,-0.009250130504369736,,0.5273357033729553,0.5909611582756042,-0.009125242941081524,,0.5564195513725281,0.5843068361282349,-0.016831213608384132,,0.5577066540718079,0.5964144468307495,-0.02072601392865181,,0.5522287487983704,0.6018770933151245,-0.02207689732313156,,0.5317003130912781,0.6162975430488586,-0.011750626377761364,,0.5585523247718811,0.607722818851471,-0.015380283817648888,,0.5598660707473755,0.6165674328804016,-0.015266227535903454,,0.5550914406776428,0.6206950545310974,-0.015699146315455437,,0.5357100963592529,0.643127977848053,-0.014501197263598442,,0.558960497379303,0.6341280341148376,-0.01710803247988224,,0.5589830875396729,0.6430642008781433,-0.013335774652659893,,0.5532416105270386,0.6471340656280518,-0.011146401055157185,,0.539287269115448,0.6681411862373352,-0.01744651049375534,,0.5579631328582764,0.6591475605964661,-0.01827360689640045,,0.5581746101379395,0.6671103835105896,-0.014257458038628101,,0.5539621114730835,0.6718927025794983,-0.011257372796535492,
-0.07012397795915604,-0.5916376709938049,-0.2383056879043579,0.9998130798339844,-0.0558820404112339,-0.6348113417625427,-0.23307324945926666,0.9996675252914429,-0.05645626038312912,-0.6344015002250671,-0.23470532894134521,0.9996594190597534,-0.05618494376540184,-0.6343961358070374,-0.2322707623243332,0.9996269941329956,-0.09228581190109253,-0.6344258189201355,-0.22802038490772247,0.9997137784957886,-0.09023400396108627,-0.6348411440849304,-0.22915032505989075,0.9997329711914062,-0.09096207469701767,-0.6337552070617676,-0.2251088172197342,0.999725341796875,0.044910356402397156,-0.6403574347496033,-0.15035252273082733,0.9996988773345947,-0.10541102290153503,-0.634247899055481,-0.10604548454284668,0.9997455477714539,-0.030332300812005997,-0.568009614944458,-0.21499979496002197,0.9998956322669983,-0.07492397725582123,-0.5647321343421936,-0.20098289847373962,0.9999020099639893,0.17647048830986023,-0.44758984446525574,-0.09551866352558136,0.9996383786201477,-0.14711499214172363,-0.44800296425819397,-0.03236476331949234,0.9997950792312622,0.18584097921848297,-0.2292044758796692,-0.18427510559558868,0.9946021437644958,-0.18435515463352203,-0.22448375821113586,-0.12281595915555954,0.9836961030960083,0.006125259678810835,-0.2936900854110718,-0.310785174369812,0.9725847244262695,-0.1385953277349472,-0.2985105812549591,-0.32817012071609497,0.9633494019508362,-0.057161178439855576,-0.3075431287288666,-0.3543759286403656,0.9553754925727844,-0.12223174422979355,-0.3192303478717804,-0.3812396228313446,0.9463534355163574,-0.06181706488132477,-0.35799142718315125,-0.3440220057964325,0.9588988423347473,-0.12120853364467621,-0.36545512080192566,-0.3663351833820343,0.9487344622612,-0.014334180392324924,-0.3197515308856964,-0.311160147190094,0.9546170830726624,-0.12674355506896973,-0.31827813386917114,-0.3299868106842041,0.9444200992584229,0.11344677209854126,-0.0013813728000968695,-0.011341419070959091,0.6475422978401184,-0.11294666677713394,-0.0033294486347585917,0.011340786702930927,0.6530133485794067,0.12767080962657928,-0.009679146111011505,-0.07736340910196304,0.04050573334097862,-0.1378362774848938,0.050651613622903824,-0.06662147492170334,0.05694837495684624,0.126170814037323,0.24608378112316132,0.20670002698898315,0.009224015288054943,-0.09386192262172699,0.41597282886505127,0.21292687952518463,0.013732927851378918,0.12721367180347443,0.25651371479034424,0.2243509441614151,0.0056790318340063095,-0.08239597827196121,0.4376893639564514,0.23989859223365784,0.008545298129320145,0.1516573131084442,0.2407936155796051,0.03201619163155556,0.009233646094799042,-0.09263025224208832,0.47457239031791687,0.04378608614206314,0.012958374805748463,31,1.292,0.6010690927505493,0.6977968215942383,1.9323557864936447e-08,,0.5976529717445374,0.6400347352027893,0.004752967040985823,,0.5836618542671204,0.6030136346817017,0.0068841902539134026,,0.5705510973930359,0.5735926032066345,0.008014797233045101,,0.5657144784927368,0.5496507883071899,0.009137616492807865,,0.5519436597824097,0.5969632267951965,0.002310811774805188,,0.5309046506881714,0.5724597573280334,0.004568230826407671,,0.5337929129600525,0.5572083592414856,0.005392069928348064,,0.5391413569450378,0.54837965965271,0.006146495696157217,,0.5448362827301025,0.6235353350639343,0.0017738876631483436,,0.5320374369621277,0.5975107550621033,0.007622359320521355,,0.5395187139511108,0.5834981203079224,0.009584713727235794,,0.5491142868995667,0.5787217617034912,0.00921451486647129,,0.5439825654029846,0.6515797972679138,0.002337054815143347,,0.5384513139724731,0.6307578682899475,0.009119614027440548,,0.5449390411376953,0.6199395060539246,0.010910328477621078,,0.5538012981414795,0.619249701499939,0.00984862819314003,,0.5455206036567688,0.6784289479255676,0.003163078101351857,,0.5437604188919067,0.6623134016990662,0.00973894726485014,,0.5502306222915649,0.6547011733055115,0.013642862439155579,,0.5580992698669434,0.6563811898231506,0.015551947057247162,,0.49816593527793884,0.6787192821502686,7.027291815120407e-08,,0.505309522151947,0.6356340050697327,-0.002191659528762102,,0.5232333540916443,0.5978217720985413,-0.004969766363501549,,0.5388532280921936,0.569479763507843,-0.0075056967325508595,,0.5458279848098755,0.5421534180641174,-0.009441276080906391,,0.5277488827705383,0.5918587446212769,-0.009316990152001381,,0.555491030216217,0.5837151408195496,-0.015440983697772026,,0.5664137005805969,0.588586688041687,-0.018471064046025276,,0.5705554485321045,0.5918296575546265,-0.019915279000997543,,0.532535195350647,0.6174308061599731,-0.011416707187891006,,0.558743953704834,0.6076204776763916,-0.014460869133472443,,0.5668888688087463,0.6126289367675781,-0.014609433710575104,,0.5693097710609436,0.6154953837394714,-0.015487813390791416,,0.5366712212562561,0.6442815065383911,-0.013448638841509819,,0.5599158406257629,0.6350809335708618,-0.01621870882809162,,0.5660631656646729,0.6410525441169739,-0.013237329199910164,,0.5668874979019165,0.643835186958313,-0.011610010638833046,,0.5402743220329285,0.6688527464866638,-0.015715284273028374,,0.5586225390434265,0.6605937480926514,-0.01725422404706478,,0.5630931258201599,0.6657046675682068,-0.014019985683262348,,0.56358402967453,0.668889582157135,-0.011483038775622845,
-0.07097598165273666,-0.5902855396270752,-0.23830989003181458,0.9998120069503784,-0.05696653574705124,-0.6336644887924194,-0.23315492272377014,0.9996671080589294,-0.05754595622420311,-0.633251965045929,-0.23478735983371735,0.9996580481529236,-0.05727427825331688,-0.6332448124885559,-0.23235246539115906,0.999626100063324,-0.09326755255460739,-0.6332388520240784,-0.22808849811553955,0.9997138381004333,-0.09121917188167572,-0.6336567997932434,-0.2292184978723526,0.9997325539588928,-0.09194342792034149,-0.6325684189796448,-0.22517403960227966,0.999725878238678,0.04376818239688873,-0.6399519443511963,-0.15071332454681396,0.9997007250785828,-0.10599774122238159,-0.6336358189582825,-0.10626678913831711,0.9997495412826538,-0.03109486773610115,-0.5668631792068481,-0.21506883203983307,0.9998974204063416,-0.075558140873909,-0.5635568499565125,-0.20100195705890656,0.9999035596847534,0.17647147178649902,-0.4474426805973053,-0.09587739408016205,0.9996436238288879,-0.14712373912334442,-0.4473741054534912,-0.032371386885643005,0.9998011589050293,0.1859704852104187,-0.22764556109905243,-0.18454667925834656,0.995006263256073,-0.18401937186717987,-0.2231668382883072,-0.12191877514123917,0.9849158525466919,0.005452250596135855,-0.2932244837284088,-0.31197020411491394,0.9751488566398621,-0.13878297805786133,-0.2979893982410431,-0.3277435302734375,0.9666882753372192,-0.058134276419878006,-0.3071844279766083,-0.35523542761802673,0.9583064317703247,-0.12256557494401932,-0.31877124309539795,-0.38058802485466003,0.9496198892593384,-0.06266222894191742,-0.35780394077301025,-0.3448718190193176,0.9614176154136658,-0.12143547832965851,-0.3650951683521271,-0.365802139043808,0.9516539573669434,-0.014961282722651958,-0.31940966844558716,-0.31230950355529785,0.9573121070861816,-0.12695986032485962,-0.3178836703300476,-0.3296160101890564,0.9473759531974792,0.11347390711307526,-0.0014154950622469187,-0.0114012211561203,0.6427571773529053,-0.11298421770334244,-0.003318763803690672,0.011413205415010452,0.6476193070411682,0.12756413221359253,-0.010385433211922646,-0.07749919593334198,0.03988335281610489,-0.13801273703575134,0.04780074954032898,-0.06650887429714203,0.05597207695245743,0.12627534568309784,0.24533671140670776,0.20677700638771057,0.009157076478004456,-0.09373889118432999,0.41409382224082947,0.21318931877613068,0.013352559879422188,0.12732376158237457,0.25565633177757263,0.22444087266921997,0.0056645311415195465,-0.08230951428413391,0.43563905358314514,0.24034014344215393,0.008396562188863754,0.15162771940231323,0.2388448715209961,0.03163554146885872,0.009124602191150188,-0.09232265502214432,0.4725358486175537,0.044290266931056976,0.012593983672559261,32,1.334,0.5994163751602173,0.6959795951843262,-6.898365256802208e-08,,0.5986055731773376,0.6398932337760925,0.0039825644344091415,,0.5854718685150146,0.6003965735435486,0.006164730992168188,,0.5711358189582825,0.5732502937316895,0.006940517574548721,,0.5646634101867676,0.551017165184021,0.007220197934657335,,0.5534282922744751,0.5938847661018372,0.003603922203183174,,0.5378343462944031,0.5855556726455688,0.004607441369444132,,0.540482759475708,0.5802553296089172,0.00393647700548172,,0.5446402430534363,0.5769779086112976,0.002937605371698737,,0.5452697277069092,0.6186031699180603,0.0016711050411686301,,0.5428684949874878,0.610368549823761,0.004792650230228901,,0.5501487851142883,0.6097561120986938,0.004412580747157335,,0.5572084784507751,0.6134722232818604,0.0026611387729644775,,0.5435518622398376,0.6458994150161743,0.0004152212059125304,,0.545726478099823,0.6374008655548096,0.003114580875262618,,0.5513885617256165,0.6367197632789612,0.0035632839426398277,,0.5574297904968262,0.6408573389053345,0.0022302581928670406,,0.5436140894889832,0.6729769110679626,-0.0006433431408368051,,0.548111617565155,0.6639376878738403,0.0015510836383327842,,0.5539113879203796,0.6639576554298401,0.0034729796461760998,,0.5584298372268677,0.6682736277580261,0.0045623984187841415,,0.4980572760105133,0.6803648471832275,5.439715788924104e-09,,0.5048553943634033,0.637938916683197,-0.002144389320164919,,0.5229610800743103,0.5995531678199768,-0.0051131099462509155,,0.5387945175170898,0.5705528259277344,-0.007888252846896648,,0.5450758337974548,0.5425261855125427,-0.00977934431284666,,0.5264133214950562,0.5912074446678162,-0.009608736261725426,,0.5551901459693909,0.5843268632888794,-0.016417570412158966,,0.5597952604293823,0.5948657989501953,-0.019684284925460815,,0.557977557182312,0.6001253128051758,-0.020949257537722588,,0.5313258767127991,0.6165570020675659,-0.011739185079932213,,0.5575764775276184,0.6072041988372803,-0.014752864837646484,,0.5611187219619751,0.6150533556938171,-0.014415600337088108,,0.5588103532791138,0.6191288828849792,-0.014937471598386765,,0.535672664642334,0.6433751583099365,-0.013913944363594055,,0.558305561542511,0.6333969235420227,-0.0164358951151371,,0.5597066879272461,0.6417370438575745,-0.012749447487294674,,0.5556791424751282,0.6459813714027405,-0.01070337649434805,,0.5395911931991577,0.6678867340087891,-0.01629890874028206,,0.557514488697052,0.6581441760063171,-0.0173228457570076,,0.5584138035774231,0.6657814383506775,-0.01344546303153038,,0.555137038230896,0.6708477735519409,-0.010532028041779995,
-0.07086403667926788,-0.5900294780731201,-0.2380608767271042,0.9998130202293396,-0.056775499135255814,-0.6334356069564819,-0.23293380439281464,0.9996708035469055,-0.05735524743795395,-0.6330211162567139,-0.23457179963588715,0.9996610879898071,-0.0570838637650013,-0.6330128908157349,-0.23213398456573486,0.9996299147605896,-0.09306748956441879,-0.6330030560493469,-0.22786913812160492,0.9997168779373169,-0.09101884067058563,-0.6334219574928284,-0.22898879647254944,0.9997347593307495,-0.09174329042434692,-0.6323316097259521,-0.22493574023246765,0.999728798866272,0.04379241541028023,-0.6397061944007874,-0.15064851939678192,0.9997066259384155,-0.10593828558921814,-0.6332769393920898,-0.10615616291761398,0.9997551441192627,-0.031008785590529442,-0.5664774775505066,-0.21490947902202606,0.9999005198478699,-0.07544557750225067,-0.5631787180900574,-0.2007960081100464,0.9999061822891235,0.17677460610866547,-0.44715893268585205,-0.09574071317911148,0.9996527433395386,-0.1464281678199768,-0.4465335011482239,-0.03209888935089111,0.9998076558113098,0.1863960176706314,-0.22706645727157593,-0.18409363925457,0.9953719973564148,-0.18226128816604614,-0.22228117287158966,-0.12002531439065933,0.9860305190086365,0.005313470494002104,-0.29317736625671387,-0.3121821880340576,0.9774590730667114,-0.13732147216796875,-0.2984350323677063,-0.32485583424568176,0.9697127342224121,-0.05868154019117355,-0.307203471660614,-0.3553340435028076,0.960963785648346,-0.12115571647882462,-0.31945034861564636,-0.37678539752960205,0.9526656270027161,-0.06292753666639328,-0.3578231632709503,-0.3448646664619446,0.9636979103088379,-0.12092766910791397,-0.3657247722148895,-0.3613559603691101,0.9543862342834473,-0.015094118192791939,-0.3193865418434143,-0.3125656545162201,0.9597460031509399,-0.12572532892227173,-0.31837040185928345,-0.32642313838005066,0.9501045942306519,0.11349551379680634,-0.0014205495826900005,-0.011484024114906788,0.6390618681907654,-0.11300788074731827,-0.0033225947991013527,0.011516006663441658,0.6430814266204834,0.1276913434267044,-0.011498498730361462,-0.07849841564893723,0.039564162492752075,-0.13805356621742249,0.039271458983421326,-0.06647857278585434,0.05553022399544716,0.12658661603927612,0.24289536476135254,0.2086968570947647,0.009128161706030369,-0.09283091127872467,0.41100311279296875,0.21501348912715912,0.013094257563352585,0.12766164541244507,0.252959281206131,0.22685211896896362,0.0056794253177940845,-0.0809299573302269,0.4323926270008087,0.2430032193660736,0.008319932967424393,0.15173350274562836,0.23375365138053894,0.03228699415922165,0.009035092778503895,-0.09064125269651413,0.46778351068496704,0.04678058624267578,0.012313710525631905,33,1.376,0.5961723923683167,0.6932416558265686,-8.527439376848633e-08,,0.5982086062431335,0.6379836201667786,0.0036962185986340046,,0.5858389139175415,0.5993008613586426,0.005664873402565718,,0.5710623860359192,0.5739457607269287,0.00666138157248497,,0.5660603642463684,0.5522568225860596,0.007364052813500166,,0.5546231865882874,0.594582200050354,0.001505867694504559,,0.5457326173782349,0.5899342894554138,0.003011655993759632,,0.5531973242759705,0.5937169194221497,0.003082211595028639,,0.5597678422927856,0.5973629951477051,0.002544108312577009,,0.5468547940254211,0.6213814616203308,-0.00023001173394732177,,0.5456060171127319,0.6148586273193359,0.004092969466000795,,0.5529369711875916,0.6184249520301819,0.0048365904949605465,,0.5595126748085022,0.6245462894439697,0.003550187684595585,,0.5447307229042053,0.649001955986023,-0.0010924162343144417,,0.5461910963058472,0.6417889595031738,0.0024705941323190928,,0.5524100661277771,0.6435012817382812,0.004087638109922409,,0.5587489604949951,0.649965763092041,0.003373518120497465,,0.5445282459259033,0.6759772896766663,-0.001712500350549817,,0.5477782487869263,0.6672911643981934,0.0006052787648513913,,0.5543764233589172,0.6676535606384277,0.003182940650731325,,0.5593082308769226,0.6721342206001282,0.004826046526432037,,0.4979371428489685,0.6816161274909973,2.785320418752235e-09,,0.5045086145401001,0.6384433507919312,-0.002128778723999858,,0.5225002765655518,0.5994659662246704,-0.004895768128335476,,0.5380318760871887,0.5705862641334534,-0.007499032188206911,,0.5446075201034546,0.5429270267486572,-0.009190225042402744,,0.5259577631950378,0.5925583839416504,-0.00925341248512268,,0.5550001263618469,0.5840641260147095,-0.015779173001646996,,0.5599278211593628,0.5939524173736572,-0.01884021796286106,,0.5584847927093506,0.5992005467414856,-0.020016437396407127,,0.5311723351478577,0.6183035373687744,-0.011401518248021603,,0.5576809048652649,0.6077246069908142,-0.014474240131676197,,0.560739278793335,0.6152904033660889,-0.014223586767911911,,0.5577322244644165,0.6195204257965088,-0.014674833044409752,,0.5357765555381775,0.6452311277389526,-0.013582183979451656,,0.558535099029541,0.6340603828430176,-0.016089802607893944,,0.5595912933349609,0.6421747207641602,-0.012484782375395298,,0.5549106001853943,0.6466172933578491,-0.010414056479930878,,0.5397747755050659,0.6694926619529724,-0.015977857634425163,,0.5577215552330017,0.6587144136428833,-0.017031343653798103,,0.5585078597068787,0.6663497686386108,-0.013216426596045494,,0.5547864437103271,0.6717864871025085,-0.010297735221683979,
-0.06987762451171875,-0.590213418006897,-0.24153628945350647,0.9998108744621277,-0.05604436993598938,-0.6335557699203491,-0.23598000407218933,0.9996672868728638,-0.05661729723215103,-0.6331412196159363,-0.23757191002368927,0.9996559619903564,-0.05634419992566109,-0.6331331133842468,-0.23515337705612183,0.9996233582496643,-0.0924554392695427,-0.6331194043159485,-0.23170694708824158,0.9997166395187378,-0.09039495140314102,-0.6335375905036926,-0.23286393284797668,0.9997349381446838,-0.09112060815095901,-0.6324470043182373,-0.22882190346717834,0.9997299313545227,0.04377457872033119,-0.639733076095581,-0.15189439058303833,0.9997046589851379,-0.10617949068546295,-0.6328276991844177,-0.11064682900905609,0.9997601509094238,-0.03060614876449108,-0.5665667653083801,-0.21768292784690857,0.9999015927314758,-0.07517371326684952,-0.563266396522522,-0.20449984073638916,0.9999081492424011,0.17676004767417908,-0.4473879933357239,-0.09566756337881088,0.9996562600135803,-0.14714938402175903,-0.4456736743450165,-0.038211189210414886,0.9998142719268799,0.18667595088481903,-0.2270316481590271,-0.18407376110553741,0.9956983923912048,-0.17872858047485352,-0.21972908079624176,-0.1299286037683487,0.9871272444725037,0.005467084236443043,-0.29339805245399475,-0.3133832514286041,0.9795286059379578,-0.13340827822685242,-0.2986854612827301,-0.33125224709510803,0.972474992275238,-0.05836104974150658,-0.3077539801597595,-0.356986939907074,0.9631979465484619,-0.11715389043092728,-0.31962379813194275,-0.38358861207962036,0.9555721282958984,-0.06260224431753159,-0.35892608761787415,-0.3465234935283661,0.9655787348747253,-0.11856687068939209,-0.366477906703949,-0.368329256772995,0.9569874405860901,-0.014934456907212734,-0.3198077976703644,-0.3140166401863098,0.9617500305175781,-0.12245018035173416,-0.3187221884727478,-0.33269819617271423,0.9527033567428589,0.11353877931833267,-0.0014484589919447899,-0.0110688591375947,0.6407343745231628,-0.11311626434326172,-0.0033080303110182285,0.011079523712396622,0.6450837850570679,0.12772464752197266,-0.008877547457814217,-0.07719406485557556,0.03910224139690399,-0.13778913021087646,0.05224655568599701,-0.06543595343828201,0.05522710084915161,0.12667299807071686,0.24408431351184845,0.21111613512039185,0.009004373103380203,-0.09315524995326996,0.41462621092796326,0.2150481939315796,0.012849417515099049,0.12775367498397827,0.25425463914871216,0.2293187975883484,0.005657751578837633,-0.08134539425373077,0.43682199716567993,0.24294337630271912,0.008213191293179989,0.15230445563793182,0.24016107618808746,0.040484149008989334,0.008912970311939716,-0.0905909314751625,0.4771130383014679,0.04698178544640541,0.012087523005902767,34,1.418,0.5913166403770447,0.7018482089042664,-1.0633775104906817e-07,,0.5976380705833435,0.6482328772544861,-0.0008109915652312338,,0.5849526524543762,0.6053018569946289,-0.0009937211871147156,,0.5705496072769165,0.5782878994941711,-0.001185368513688445,,0.5649635791778564,0.5542972087860107,-0.001572005683556199,,0.5546251535415649,0.6015713810920715,-0.0024745892733335495,,0.5596328973770142,0.5969335436820984,-0.004846191965043545,,0.5689154863357544,0.6053467392921448,-0.008551202714443207,,0.5736440420150757,0.613773763179779,-0.011695761233568192,,0.5458000302314758,0.6280707716941833,-0.0033072875812649727,,0.554211437702179,0.6215736269950867,-0.00243449117988348,,0.5617642998695374,0.6286421418190002,-0.0036539919674396515,,0.5653072595596313,0.6382089257240295,-0.00618433952331543,,0.5426826477050781,0.6551151871681213,-0.003932297229766846,,0.5505524277687073,0.6475807428359985,-0.0038861397188156843,,0.557399570941925,0.6525397896766663,-0.00295793148688972,,0.5611903667449951,0.6608834862709045,-0.003672701073810458,,0.5416950583457947,0.6812875270843506,-0.004700161516666412,,0.5490911602973938,0.6722032427787781,-0.0052918135188519955,,0.5562835931777954,0.6746004819869995,-0.003492681309580803,,0.5593709945678711,0.6804390549659729,-0.0022492799907922745,,0.4944913685321808,0.6864802241325378,-1.560452211890606e-08,,0.5005210041999817,0.6451817750930786,-0.0021055631805211306,,0.5196213126182556,0.6051485538482666,-0.005084436386823654,,0.535696268081665,0.5752471089363098,-0.007835721597075462,,0.5403968095779419,0.545961320400238,-0.009677549824118614,,0.5217164754867554,0.5934745073318481,-0.010522240772843361,,0.5528122782707214,0.5873125791549683,-0.017459021881222725,,0.556148886680603,0.600525975227356,-0.020456921309232712,,0.553978681564331,0.6067938804626465,-0.02157089300453663,,0.5268654227256775,0.6185866594314575,-0.01282934844493866,,0.5551421642303467,0.6114534735679626,-0.01619594916701317,,0.555900514125824,0.6211656928062439,-0.015359005890786648,,0.5516588687896729,0.6259819865226746,-0.015354109928011894,,0.531436026096344,0.6456752419471741,-0.015139053575694561,,0.5547109842300415,0.638180136680603,-0.017393669113516808,,0.5531101226806641,0.6478160619735718,-0.01289499830454588,,0.5472590923309326,0.652559220790863,-0.010414373129606247,,0.535410463809967,0.6705998778343201,-0.017710814252495766,,0.5529956221580505,0.6626158952713013,-0.018032779917120934,,0.5509606599807739,0.6717409491539001,-0.013520552776753902,,0.5460457801818848,0.6776759028434753,-0.01035243645310402,
-0.06970636546611786,-0.5905901789665222,-0.2457810342311859,0.9998067021369934,-0.05591970682144165,-0.6338732242584229,-0.23999741673469543,0.9996604323387146,-0.056489668786525726,-0.6334624886512756,-0.24158847332000732,0.9996473789215088,-0.056212712079286575,-0.6334533095359802,-0.2391873300075531,0.9996139407157898,-0.09237005561590195,-0.6333576440811157,-0.23604407906532288,0.9997134208679199,-0.09031118452548981,-0.6337798833847046,-0.23718804121017456,0.999732255935669,-0.09103834629058838,-0.6326912045478821,-0.23315481841564178,0.9997283816337585,0.04368070140480995,-0.6399201154708862,-0.15431171655654907,0.9996982216835022,-0.10659610480070114,-0.6328305602073669,-0.11467897146940231,0.9997612833976746,-0.030575765296816826,-0.5669254064559937,-0.22144639492034912,0.9999005198478699,-0.07514144480228424,-0.5634978413581848,-0.20866143703460693,0.9999080300331116,0.1765321046113968,-0.4474889039993286,-0.09641671925783157,0.9996531009674072,-0.14818081259727478,-0.44534969329833984,-0.04176383838057518,0.9998162984848022,0.18673771619796753,-0.22675755620002747,-0.18459658324718475,0.9959619641304016,-0.17746445536613464,-0.2172800600528717,-0.13386374711990356,0.9879915714263916,0.005237821489572525,-0.2927376329898834,-0.3154297471046448,0.9813507795333862,-0.13366778194904327,-0.2984149754047394,-0.3351207375526428,0.9748664498329163,-0.05834805592894554,-0.30738598108291626,-0.3590116798877716,0.9650391936302185,-0.11742882430553436,-0.32006821036338806,-0.3873361647129059,0.9578049182891846,-0.06266327947378159,-0.35874223709106445,-0.3490663170814514,0.9671129584312439,-0.11960653215646744,-0.3668501377105713,-0.37266427278518677,0.9589550495147705,-0.015171369537711143,-0.3192704916000366,-0.31648483872413635,0.9633510708808899,-0.1226000189781189,-0.31870776414871216,-0.3367915451526642,0.9545919299125671,0.11357766389846802,-0.0015623848885297775,-0.010767409577965736,0.6389332413673401,-0.11319515854120255,-0.0032508764415979385,0.010794980451464653,0.6428378820419312,0.12772902846336365,-0.007407910190522671,-0.07476353645324707,0.03911593556404114,-0.137270987033844,0.060442764312028885,-0.06434669345617294,0.05525258183479309,0.12674203515052795,0.24549831449985504,0.21237455308437347,0.009028223343193531,-0.09327835589647293,0.4169931411743164,0.21506208181381226,0.012706812471151352,0.1278311163187027,0.2559138238430023,0.23057430982589722,0.005709609016776085,-0.081517294049263,0.439115971326828,0.24281471967697144,0.00815329048782587,0.1528633087873459,0.24351444840431213,0.04213504493236542,0.008944034576416016,-0.09054040163755417,0.48145580291748047,0.04702096804976463,0.011983762495219707,35,1.459,0.5978507995605469,0.7113813757896423,3.009205329362885e-08,,0.5964788794517517,0.6521519422531128,0.0014964125584810972,,0.5833051204681396,0.611836314201355,0.002293609082698822,,0.5699422955513,0.5810000896453857,0.0022372757084667683,,0.5632519721984863,0.557258665561676,0.00171052070800215,,0.5489103198051453,0.6046448945999146,0.003742033615708351,,0.5239189267158508,0.5828268527984619,0.002545879688113928,,0.5149876475334167,0.5714419484138489,-0.0005984622985124588,,0.5096613764762878,0.5615835785865784,-0.002697811694815755,,0.5405248403549194,0.6300050020217896,0.002880366053432226,,0.5173182487487793,0.603600025177002,0.005004155449569225,,0.5055113434791565,0.5903390049934387,0.003819606499746442,,0.4984492361545563,0.5827799439430237,0.00202028825879097,,0.5376555323600769,0.6561946272850037,0.0022010449320077896,,0.5185478925704956,0.6343789100646973,0.0045401002280414104,,0.5068305134773254,0.6221839189529419,0.0049300165846943855,,0.5001739859580994,0.6146339774131775,0.004104620311409235,,0.5386582612991333,0.6815526485443115,0.0014661934692412615,,0.5275166034698486,0.669790506362915,0.0053057437762618065,,0.5225410461425781,0.6639267802238464,0.009280731901526451,,0.5211390852928162,0.6616503596305847,0.011815335601568222,,0.4895387887954712,0.693576991558075,-1.0409986117565495e-07,,0.4959842562675476,0.651195228099823,-0.0009254738106392324,,0.5154396891593933,0.6106336712837219,-0.003950931131839752,,0.5317206978797913,0.5814370512962341,-0.0069542075507342815,,0.5374799966812134,0.5523251295089722,-0.008650817908346653,,0.5161149501800537,0.5990141034126282,-0.010285795666277409,,0.5483260750770569,0.5892067551612854,-0.01881272718310356,,0.5444084405899048,0.6032199859619141,-0.022147463634610176,,0.5350232720375061,0.6102294325828552,-0.02280418761074543,,0.5210036039352417,0.6245689392089844,-0.013458950445055962,,0.5501498579978943,0.6152921915054321,-0.017521709203720093,,0.5449097752571106,0.6263671517372131,-0.015710609033703804,,0.5357334613800049,0.630784809589386,-0.014773387461900711,,0.525652289390564,0.6521621942520142,-0.016805635765194893,,0.5492659211158752,0.6423841714859009,-0.018745500594377518,,0.5436562299728394,0.6523557305335999,-0.012577079236507416,,0.5348720550537109,0.6565426588058472,-0.009136577136814594,,0.5296532511711121,0.6780254244804382,-0.020377961918711662,,0.5473541021347046,0.6666216254234314,-0.01934334821999073,,0.5421218872070312,0.6763963103294373,-0.013203136622905731,,0.535330057144165,0.6820677518844604,-0.009253221563994884,
-0.06852184236049652,-0.5909403562545776,-0.24770943820476532,0.9997962117195129,-0.05491916835308075,-0.6341440081596375,-0.2421550452709198,0.9996433258056641,-0.05548495799303055,-0.6337374448776245,-0.24380284547805786,0.9996289610862732,-0.05518621206283569,-0.6337347030639648,-0.24141733348369598,0.9995951056480408,-0.09126580506563187,-0.6335859298706055,-0.2382684350013733,0.9996997117996216,-0.08921229094266891,-0.6340228319168091,-0.2393379956483841,0.9997192621231079,-0.08992444723844528,-0.6329383850097656,-0.23531581461429596,0.9997169971466064,0.04373941197991371,-0.6400467157363892,-0.15638384222984314,0.9996833801269531,-0.10633950680494308,-0.6328582167625427,-0.11764740198850632,0.999752938747406,-0.03005947358906269,-0.5673060417175293,-0.2234526425600052,0.9998957514762878,-0.07447975128889084,-0.5637965202331543,-0.21082915365695953,0.9999039173126221,0.17622505128383636,-0.4475594460964203,-0.09747688472270966,0.9996470808982849,-0.1482732743024826,-0.4452778398990631,-0.04364769533276558,0.9998136758804321,0.18653295934200287,-0.22629223763942719,-0.18423207104206085,0.996118426322937,-0.17752593755722046,-0.21524447202682495,-0.13338202238082886,0.9885008931159973,0.004416319075971842,-0.28908926248550415,-0.3153735101222992,0.9828504323959351,-0.1347091645002365,-0.2973865866661072,-0.33445531129837036,0.9768021702766418,-0.05890057981014252,-0.3035474419593811,-0.358820378780365,0.9661170840263367,-0.11895030736923218,-0.32010674476623535,-0.3866865336894989,0.9591045379638672,-0.06381916254758835,-0.35458773374557495,-0.3490999639034271,0.9679174423217773,-0.12210307270288467,-0.367075115442276,-0.3718931972980499,0.9599789977073669,-0.01620255596935749,-0.31523188948631287,-0.31653591990470886,0.9640631079673767,-0.12410177290439606,-0.3178979456424713,-0.336124449968338,0.9553212523460388,0.113544762134552,-0.0016340548172593117,-0.010590162128210068,0.6316071152687073,-0.11318986862897873,-0.003253683913499117,0.010680974461138248,0.6332772374153137,0.1274983137845993,-0.005288786720484495,-0.06762205064296722,0.04049140214920044,-0.13401591777801514,0.06394165754318237,-0.06405230611562729,0.05636996403336525,0.12680135667324066,0.2493683099746704,0.21240825951099396,0.009346588514745235,-0.09198670089244843,0.41697514057159424,0.21433420479297638,0.01278478093445301,0.12789560854434967,0.26047009229660034,0.23057836294174194,0.005878889001905918,-0.08044563233852386,0.4388255476951599,0.24181963503360748,0.008246567100286484,0.1541372835636139,0.2469562590122223,0.041556112468242645,0.009291292168200016,-0.08890026062726974,0.48135045170783997,0.04700509458780289,0.01216152124106884,36,1.501,0.5906355977058411,0.7274201512336731,-1.6368634447871955e-08,,0.592669665813446,0.666877031326294,0.001917433924973011,,0.5803402066230774,0.6214673519134521,0.0026999053079634905,,0.569077730178833,0.5894045233726501,0.0020867681596428156,,0.565925121307373,0.5637791156768799,0.0008484682766720653,,0.5468124151229858,0.6156253218650818,0.0034724860452115536,,0.5296870470046997,0.6012120246887207,0.002530630910769105,,0.5262743234634399,0.5934140682220459,-0.00043054675916209817,,0.526020884513855,0.587759792804718,-0.0031131000723689795,,0.5387433767318726,0.6434363126754761,0.0012571699917316437,,0.531462550163269,0.6301830410957336,0.0019179952796548605,,0.5360803604125977,0.6287679076194763,-0.0003035697154700756,,0.54160475730896,0.6319318413734436,-0.002931362483650446,,0.5369443893432617,0.6725102066993713,-0.0005757992621511221,,0.5348443388938904,0.6639274954795837,-0.00033318347414024174,,0.54083251953125,0.6651760935783386,-7.252432260429487e-05,,0.5482403039932251,0.6704339385032654,-0.0009052861132659018,,0.5376288890838623,0.7010571956634521,-0.0024946178309619427,,0.5398924946784973,0.6945768594741821,-0.0024933675304055214,,0.5466870665550232,0.6948017477989197,-0.0008114309166558087,,0.5535754561424255,0.6998130679130554,0.0005660823662765324,,0.4826147258281708,0.7047333121299744,-1.2350034239716479e-07,,0.4891377091407776,0.6621454954147339,-0.000342683051712811,,0.5078661441802979,0.6210073232650757,-0.004102624487131834,,0.5234033465385437,0.5921947956085205,-0.008087582886219025,,0.5291745066642761,0.5633782744407654,-0.010935841128230095,,0.5090451836585999,0.6074060797691345,-0.013001732528209686,,0.5428366661071777,0.5962245464324951,-0.02240263856947422,,0.5378841161727905,0.610623836517334,-0.025916937738656998,,0.5274494290351868,0.6171858310699463,-0.026678090915083885,,0.5126182436943054,0.633304238319397,-0.017120985314249992,,0.5446344017982483,0.6234874725341797,-0.02179238758981228,,0.538324236869812,0.6341044902801514,-0.019561108201742172,,0.5277997255325317,0.6375925540924072,-0.01857917569577694,,0.5161087512969971,0.6622695922851562,-0.021219374611973763,,0.5423734188079834,0.6519064903259277,-0.023450534790754318,,0.5355420112609863,0.6619086861610413,-0.01639758236706257,,0.525844395160675,0.665995717048645,-0.012650446966290474,,0.5193970799446106,0.690483570098877,-0.025467244908213615,,0.5403378009796143,0.6773168444633484,-0.024423612281680107,,0.5332620143890381,0.6863728165626526,-0.017398998141288757,,0.524513840675354,0.6915605068206787,-0.013107366859912872,
-0.06501230597496033,-0.5934116244316101,-0.25090524554252625,0.9997894763946533,-0.051520392298698425,-0.6363146901130676,-0.24468787014484406,0.9996333718299866,-0.052076857537031174,-0.6359185576438904,-0.2463279664516449,0.9996178150177002,-0.05176296457648277,-0.6359155178070068,-0.2439671754837036,0.9995825290679932,-0.08800972253084183,-0.6356019377708435,-0.24158166348934174,0.9996935725212097,-0.08594610542058945,-0.6360666155815125,-0.24262964725494385,0.9997143745422363,-0.08664268255233765,-0.6349949836730957,-0.23860278725624084,0.9997131824493408,0.04420959949493408,-0.6408988833427429,-0.15718142688274384,0.999673068523407,-0.10608238726854324,-0.6332371234893799,-0.12150077521800995,0.9997507333755493,-0.028199072927236557,-0.569244384765625,-0.22606481611728668,0.9998917579650879,-0.07274013012647629,-0.5654968023300171,-0.21444553136825562,0.9999009370803833,0.17578420042991638,-0.4475688934326172,-0.09777896106243134,0.9996331334114075,-0.1483929306268692,-0.4440392255783081,-0.04639517515897751,0.9998031854629517,0.18679232895374298,-0.2231690138578415,-0.18320319056510925,0.9962276220321655,-0.17008303105831146,-0.2070600539445877,-0.134282648563385,0.9887746572494507,0.0029828522820025682,-0.2766752243041992,-0.31418952345848083,0.9841258525848389,-0.13473469018936157,-0.2876514196395874,-0.3339281380176544,0.978317379951477,-0.060424283146858215,-0.28859272599220276,-0.35674867033958435,0.9665343165397644,-0.11910020560026169,-0.3119014799594879,-0.3863752782344818,0.9593445658683777,-0.06657233834266663,-0.33983516693115234,-0.34772157669067383,0.968095600605011,-0.12466206401586533,-0.3579077124595642,-0.3713279366493225,0.9600610136985779,-0.018096916377544403,-0.3022667467594147,-0.31574177742004395,0.964086651802063,-0.12423388659954071,-0.3080260157585144,-0.33560577034950256,0.9549520015716553,0.11351026594638824,-0.0019137277267873287,-0.010222635231912136,0.6268775463104248,-0.11319936811923981,-0.0031439783051609993,0.010363464243710041,0.6261563301086426,0.12689043581485748,0.001962346024811268,-0.06623204052448273,0.04170718044042587,-0.1335717737674713,0.08160196244716644,-0.06244064122438431,0.057974040508270264,0.12679257988929749,0.2545829713344574,0.21303312480449677,0.009672869928181171,-0.09203365445137024,0.4257872998714447,0.21362143754959106,0.013054921291768551,0.12783876061439514,0.26605990529060364,0.2312403917312622,0.0060970070771873,-0.08052671700716019,0.44743970036506653,0.24058403074741364,0.008408400230109692,0.15429696440696716,0.2561405301094055,0.04199271276593208,0.009683910757303238,-0.08912219107151031,0.4957895576953888,0.046868108212947845,0.012527803890407085,37,1.543,0.5828671455383301,0.7548561096191406,-2.4234156015268127e-08,,0.5874620676040649,0.6941882967948914,-0.003430713666602969,,0.577203631401062,0.6452335715293884,-0.0050807371735572815,,0.566250741481781,0.611305296421051,-0.007213653530925512,,0.5630685091018677,0.583378791809082,-0.009209098294377327,,0.5449041724205017,0.6410920023918152,0.0019148894352838397,,0.5329111814498901,0.626571536064148,-0.0015368234599009156,,0.5370964407920837,0.6298323273658752,-0.006719499360769987,,0.5420332551002502,0.6311559081077576,-0.010832024738192558,,0.5360238552093506,0.6696619987487793,0.0013159773079678416,,0.5292373299598694,0.6574873924255371,-0.0008972529321908951,,0.5355163812637329,0.6617244482040405,-0.0050104702822864056,,0.5412809252738953,0.6665664911270142,-0.008493505418300629,,0.5326951742172241,0.6994156241416931,0.00024350314924959093,,0.5282153487205505,0.6886746883392334,-0.0028882708866149187,,0.5350062847137451,0.6927663087844849,-0.0030801440589129925,,0.5416143536567688,0.6983273029327393,-0.0033741502556949854,,0.5323574542999268,0.7287387847900391,-0.0012070377124473453,,0.5298154354095459,0.7177512049674988,-0.0038314529228955507,,0.5370512008666992,0.7196963429450989,-0.0019518554909154773,,0.543414294719696,0.7246694564819336,0.0001656676031416282,,0.47496679425239563,0.7238447666168213,-1.2902621904231637e-07,,0.48090773820877075,0.6814934015274048,-0.0011109987972304225,,0.4986799359321594,0.6359750628471375,-0.005621257238090038,,0.5122752785682678,0.6058770418167114,-0.010638918727636337,,0.5174093842506409,0.576404869556427,-0.014322345145046711,,0.49533623456954956,0.6239299178123474,-0.014979604631662369,,0.5317211151123047,0.6076089143753052,-0.026210615411400795,,0.5282851457595825,0.6257321834564209,-0.03038276545703411,,0.5181435346603394,0.6340065598487854,-0.03113524429500103,,0.4978981018066406,0.6488070487976074,-0.019475560635328293,,0.5352468490600586,0.6353846788406372,-0.02679663896560669,,0.5289036631584167,0.6494755744934082,-0.024922648444771767,,0.5174591541290283,0.6551376581192017,-0.023457445204257965,,0.5015501976013184,0.677221417427063,-0.024117039516568184,,0.5337787866592407,0.6643137335777283,-0.027915650978684425,,0.5268188118934631,0.6763941645622253,-0.0205423254519701,,0.5167766809463501,0.6820337176322937,-0.016051124781370163,,0.5060139298439026,0.7057594060897827,-0.02903805673122406,,0.5323202610015869,0.6886294484138489,-0.02824685536324978,,0.5255398154258728,0.6978111863136292,-0.02087104693055153,,0.5157189965248108,0.7043749094009399,-0.016335036605596542,
-0.06294429302215576,-0.608199417591095,-0.2514195740222931,0.9997619986534119,-0.04789245128631592,-0.6485964059829712,-0.24489183723926544,0.9995830655097961,-0.048429492861032486,-0.6482338309288025,-0.24651925265789032,0.9995618462562561,-0.048091012984514236,-0.6482282280921936,-0.2441796213388443,0.9995208382606506,-0.0842691957950592,-0.6493198275566101,-0.24182167649269104,0.9996617436408997,-0.08221166580915451,-0.6498834490776062,-0.2428489774465561,0.999688982963562,-0.08290458470582962,-0.648865282535553,-0.2388153374195099,0.9996899366378784,0.046551868319511414,-0.6438544392585754,-0.15708966553211212,0.9996185898780823,-0.10310669243335724,-0.6409651637077332,-0.12150212377309799,0.9997239112854004,-0.02743048593401909,-0.5801727771759033,-0.22653363645076752,0.9998665452003479,-0.07181032747030258,-0.5780718326568604,-0.21507953107357025,0.9998824000358582,0.17403589189052582,-0.44742801785469055,-0.0978657528758049,0.9995299577713013,-0.14807909727096558,-0.4460064172744751,-0.04420094937086105,0.9997524619102478,0.18687638640403748,-0.21281546354293823,-0.17546257376670837,0.9960584044456482,-0.16568714380264282,-0.207570418715477,-0.12237280607223511,0.9869344234466553,0.0008994225645437837,-0.23328378796577454,-0.29897117614746094,0.9847031831741333,-0.14732632040977478,-0.27066153287887573,-0.3226288855075836,0.9775761365890503,-0.06193160638213158,-0.23599694669246674,-0.3389212489128113,0.9645911455154419,-0.14029696583747864,-0.28921717405319214,-0.37437310814857483,0.9537971019744873,-0.06973422318696976,-0.2869310975074768,-0.33388638496398926,0.966027021408081,-0.1503656804561615,-0.32987526059150696,-0.36379802227020264,0.9547434449195862,-0.020691033452749252,-0.25676068663597107,-0.30239537358283997,0.9613438248634338,-0.141178160905838,-0.2878212034702301,-0.3260350227355957,0.9482445120811462,0.1122673898935318,-0.002375852782279253,-0.010210748761892319,0.6153878569602966,-0.1123524010181427,-0.002985967556014657,0.010360377840697765,0.6126016974449158,0.12307677417993546,0.01828397810459137,-0.059187423437833786,0.04320891574025154,-0.13082905113697052,0.11304725706577301,-0.053165506571531296,0.05937423184514046,0.124784916639328,0.26718461513519287,0.21302340924739838,0.010174943134188652,-0.09292490780353546,0.432200163602829,0.2123270481824875,0.013464258052408695,0.12518924474716187,0.27982163429260254,0.2311931550502777,0.00648603867739439,-0.0821819007396698,0.45340201258659363,0.237868070602417,0.008814634755253792,0.1516837626695633,0.27857571840286255,0.04319317638874054,0.010302238166332245,-0.09448151290416718,0.5068721771240234,0.04778778553009033,0.013164917007088661,38,1.584,0.5759773850440979,0.8462758660316467,1.8388831790616678e-07,,0.5758553147315979,0.7880212664604187,-0.004050737712532282,,0.5632209181785583,0.7394397258758545,-0.00633671460673213,,0.5513898730278015,0.7038634419441223,-0.008589999750256538,,0.5434733629226685,0.6758667826652527,-0.010953724384307861,,0.5331481099128723,0.7460865378379822,0.00040154356975108385,,0.5170661807060242,0.7156231999397278,-0.004203957039862871,,0.5066114068031311,0.6958289742469788,-0.009644758887588978,,0.49993395805358887,0.6819164156913757,-0.013450133614242077,,0.5231910943984985,0.7747988700866699,-0.00012604001676663756,,0.5069866180419922,0.7419708371162415,-0.003266999963670969,,0.4952462613582611,0.721518874168396,-0.007312384434044361,,0.4866718053817749,0.7064615488052368,-0.010622281581163406,,0.5167001485824585,0.8034107089042664,-0.0013128612190485,,0.5020402073860168,0.7723193764686584,-0.0036286008544266224,,0.49249354004859924,0.7530925869941711,-0.003095518331974745,,0.4868747889995575,0.7392906546592712,-0.0030607760418206453,,0.5131639838218689,0.8312361240386963,-0.0031714169308543205,,0.5004251003265381,0.8033418655395508,-0.0045101819559931755,,0.49301058053970337,0.785716712474823,-0.0021819821558892727,,0.4877350330352783,0.7727367281913757,-0.0001840255717979744,,0.4777979254722595,0.8013206720352173,-1.1869783378415377e-07,,0.48203569650650024,0.7530497908592224,-0.0024489774368703365,,0.4848266541957855,0.6996394395828247,-0.005805489141494036,,0.48517942428588867,0.6649097800254822,-0.009617052040994167,,0.48660245537757874,0.634996771812439,-0.012877080589532852,,0.46620604395866394,0.694115936756134,-0.010894088074564934,,0.496629923582077,0.6774488091468811,-0.02090775966644287,,0.49808722734451294,0.6948736310005188,-0.026027623564004898,,0.4874095618724823,0.7022027373313904,-0.02908000536262989,,0.4640273153781891,0.7214189767837524,-0.014905108138918877,,0.49764788150787354,0.707621693611145,-0.02100149728357792,,0.49647125601768494,0.7218466997146606,-0.020625099539756775,,0.4846547544002533,0.727750301361084,-0.022201064974069595,,0.46587905287742615,0.7523476481437683,-0.01958056539297104,,0.4962332248687744,0.7388395667076111,-0.02547040954232216,,0.4945980906486511,0.7524061799049377,-0.021606383845210075,,0.4845793843269348,0.7580310702323914,-0.020400943234562874,,0.46869251132011414,0.7827742695808411,-0.02459067851305008,,0.492184579372406,0.7699399590492249,-0.028265945613384247,,0.49112844467163086,0.778565526008606,-0.02526961639523506,,0.4815380573272705,0.7852859497070312,-0.0239657424390316,
-0.06410914659500122,-0.6195480823516846,-0.25465068221092224,0.9997459650039673,-0.048479869961738586,-0.6587563753128052,-0.24717527627944946,0.9995501041412354,-0.04900997504591942,-0.6584113240242004,-0.24880914390087128,0.9995237588882446,-0.048666033893823624,-0.6583967208862305,-0.24651244282722473,0.9994809031486511,-0.08506812155246735,-0.6597669124603271,-0.24422457814216614,0.9996441006660461,-0.08301572501659393,-0.6603767275810242,-0.24519219994544983,0.9996761679649353,-0.08369724452495575,-0.6593777537345886,-0.241146519780159,0.999678909778595,0.04543403536081314,-0.6479130387306213,-0.1574190855026245,0.9995795488357544,-0.10532180219888687,-0.6468233466148376,-0.1227838471531868,0.99970543384552,-0.02965353988111019,-0.58948814868927,-0.22932781279087067,0.9998490214347839,-0.07429095357656479,-0.5877376794815063,-0.21828800439834595,0.999870240688324,0.16716745495796204,-0.4474857449531555,-0.09957533329725266,0.9994490146636963,-0.15335187315940857,-0.4467536509037018,-0.0432475209236145,0.9997058510780334,0.18615958094596863,-0.20388051867485046,-0.16756391525268555,0.9959362745285034,-0.16801491379737854,-0.2064950168132782,-0.11634727567434311,0.9850441217422485,-0.0018197470344603062,-0.18712261319160461,-0.28678807616233826,0.9851829409599304,-0.1610437035560608,-0.25556492805480957,-0.31986382603645325,0.9766846299171448,-0.0638352632522583,-0.17955267429351807,-0.32386302947998047,0.9630231857299805,-0.1551733762025833,-0.27024364471435547,-0.37105315923690796,0.9486907124519348,-0.0746813490986824,-0.22778815031051636,-0.3237406313419342,0.9643863439559937,-0.16549046337604523,-0.3108709454536438,-0.36245283484458923,0.9498993158340454,-0.0245216004550457,-0.20748542249202728,-0.2917318046092987,0.9591264128684998,-0.155564546585083,-0.271905779838562,-0.32382485270500183,0.9421143531799316,0.11177841573953629,-0.0033216902520507574,-0.010099442675709724,0.601348876953125,-0.1120540052652359,-0.0025137204211205244,0.010294956155121326,0.5983200073242188,0.12184055149555206,0.02326231636106968,-0.05606090649962425,0.04611121490597725,-0.1297542303800583,0.11405588686466217,-0.05178426206111908,0.062166035175323486,0.12334040552377701,0.26649245619773865,0.21396145224571228,0.01067086961120367,-0.09474693238735199,0.432003915309906,0.20960667729377747,0.014097845181822777,0.12322428822517395,0.27887266874313354,0.23239092528820038,0.006792572792619467,-0.08455146849155426,0.45266345143318176,0.23411422967910767,0.009146091528236866,0.15086129307746887,0.27905523777008057,0.04765867069363594,0.010919176042079926,-0.0980507880449295,0.5044926404953003,0.047791171818971634,0.01392468623816967,39,1.626,0.5663382411003113,0.894839882850647,2.473437064054451e-07,,0.5718979835510254,0.8336275815963745,-0.009939566254615784,,0.5565367937088013,0.7821695804595947,-0.012609530240297318,,0.5421101450920105,0.7498548626899719,-0.013736099004745483,,0.5305920839309692,0.7272206544876099,-0.015068513341248035,,0.5221917629241943,0.7930826544761658,-0.0058647021651268005,,0.5039065480232239,0.7666118741035461,-0.011118289083242416,,0.489376038312912,0.7443283796310425,-0.01696023717522621,,0.47933170199394226,0.7276564836502075,-0.021164536476135254,,0.5124171376228333,0.8247225284576416,-0.003054580884054303,,0.4947611093521118,0.7943980097770691,-0.0065371450036764145,,0.4807795584201813,0.7721276879310608,-0.011293645948171616,,0.4698345363140106,0.7534084916114807,-0.015257789753377438,,0.5075005888938904,0.8539066314697266,-0.0010673661017790437,,0.49179959297180176,0.825356662273407,-0.003550013294443488,,0.4791996479034424,0.8044427633285522,-0.004422591999173164,,0.47003307938575745,0.7871928215026855,-0.005503228399902582,,0.5057332515716553,0.8824249505996704,-0.00030474289087578654,,0.49130964279174805,0.8561184406280518,-0.0025477332528680563,,0.4823702573776245,0.8380701541900635,-0.0018571140244603157,,0.4753943681716919,0.8242723941802979,-0.0010942819062620401,,,,,,,,,,,,,,,,,,,,,,,,,,,,,,,,,,,,,,,,,,,,,,,,,,,,,,,,,,,,,,,,,,,,,,,,,,,,,,,,,,,,,
-0.06415905058383942,-0.6281169652938843,-0.25966882705688477,0.9997373819351196,-0.048589132726192474,-0.6664186716079712,-0.25041693449020386,0.9995326995849609,-0.04911420866847038,-0.6660834550857544,-0.25206321477890015,0.9995024800300598,-0.048767149448394775,-0.6660555005073547,-0.2498251497745514,0.9994592070579529,-0.08525509387254715,-0.6664229035377502,-0.24938087165355682,0.9996377825737,-0.08319898694753647,-0.6670463681221008,-0.25022822618484497,0.9996733069419861,-0.08387542515993118,-0.6660471558570862,-0.24614280462265015,0.9996773600578308,0.03807627782225609,-0.6524184346199036,-0.1573713719844818,0.9995512366294861,-0.11426255106925964,-0.6482452154159546,-0.12954822182655334,0.999698281288147,-0.03215363994240761,-0.5975598096847534,-0.2327173799276352,0.9998384118080139,-0.0769944041967392,-0.5944823026657104,-0.22435134649276733,0.9998645782470703,0.149383082985878,-0.44984009861946106,-0.09949687123298645,0.9994053840637207,-0.17103146016597748,-0.44514963030815125,-0.04560951516032219,0.9996528029441833,0.17365984618663788,-0.20249658823013306,-0.1469123661518097,0.9954833984375,-0.175789937376976,-0.1933167427778244,-0.11613986641168594,0.9826977252960205,-0.014808106236159801,-0.15352512896060944,-0.2693561017513275,0.9849972128868103,-0.17397095263004303,-0.21844211220741272,-0.31775951385498047,0.9746313095092773,-0.07427006959915161,-0.13634207844734192,-0.3066542446613312,0.9601035118103027,-0.16997838020324707,-0.22874808311462402,-0.36768531799316406,0.942456841468811,-0.09101276099681854,-0.18232420086860657,-0.3110541105270386,0.961571455001831,-0.18112100660800934,-0.2674042880535126,-0.36180558800697327,0.944542646408081,-0.039643365889787674,-0.17083439230918884,-0.27644702792167664,0.9555479884147644,-0.16946722567081451,-0.23331794142723083,-0.32234445214271545,0.9352876543998718,0.11118797212839127,-0.005490332376211882,-0.008390850387513638,0.5939255952835083,-0.11161445826292038,-0.0009318598313257098,0.008771554566919804,0.5893387198448181,0.11588183790445328,0.02660522051155567,-0.050961948931217194,0.05011777952313423,-0.12964724004268646,0.11669429391622543,-0.04770591855049133,0.06542987376451492,0.11068157851696014,0.27140840888023376,0.22061046957969666,0.011606712825596333,-0.10305493324995041,0.43135732412338257,0.20806846022605896,0.015339421108365059,0.1092376783490181,0.28501445055007935,0.24011318385601044,0.0074943420477211475,-0.0935780480504036,0.4521241784095764,0.23200350999832153,0.009694055654108524,0.14081870019435883,0.2935754954814911,0.05755671486258507,0.012159719131886959,-0.1038796529173851,0.5092056393623352,0.0477888397872448,0.015392160974442959,40,1.668,0.5695472359657288,0.9540075659751892,1.8978865057306393e-07,,0.5593165159225464,0.9002989530563354,-0.007113143336027861,,0.5397621393203735,0.8617994785308838,-0.011658382602036,,0.5244547724723816,0.8360782861709595,-0.015201650559902191,,0.5154561400413513,0.81769198179245,-0.018668746575713158,,0.5103127956390381,0.8937047719955444,-0.009483365342020988,,0.4977917969226837,0.8682352900505066,-0.01562474574893713,,0.49286794662475586,0.8496268391609192,-0.021538343280553818,,0.49125200510025024,0.8345890045166016,-0.025729186832904816,,0.5069678425788879,0.9283142685890198,-0.008506391197443008,,0.49379923939704895,0.9017201066017151,-0.011848166584968567,,0.4910096824169159,0.8840028047561646,-0.0142219802364707,,0.4901391565799713,0.8706057071685791,-0.01691536419093609,,0.5091074109077454,0.9592108726501465,-0.007861855439841747,,0.4969356656074524,0.9350921511650085,-0.01067495159804821,,0.496613472700119,0.9185365438461304,-0.008696607314050198,,0.4979085326194763,0.905968964099884,-0.008073833771049976,,0.5140116214752197,0.9844270348548889,-0.007993172854185104,,0.5025313496589661,0.9630571603775024,-0.009834247641265392,,0.5027377009391785,0.9485539793968201,-0.0066750976257026196,,0.5046143531799316,0.939778745174408,-0.004217715468257666,,,,,,,,,,,,,,,,,,,,,,,,,,,,,,,,,,,,,,,,,,,,,,,,,,,,,,,,,,,,,,,,,,,,,,,,,,,,,,,,,,,,,
-0.06422265619039536,-0.6353150010108948,-0.25921571254730225,0.999678909778595,-0.04867780953645706,-0.6727056503295898,-0.2502939701080322,0.9994421601295471,-0.049192965030670166,-0.6723902225494385,-0.2518884241580963,0.9994149208068848,-0.04883107915520668,-0.6724292039871216,-0.24961289763450623,0.9993571639060974,-0.08528072386980057,-0.6728417277336121,-0.24908600747585297,0.9995633363723755,-0.08322680741548538,-0.6736608147621155,-0.2500162124633789,0.9996128678321838,-0.08390060067176819,-0.6727192997932434,-0.24597199261188507,0.9996116161346436,0.03703179210424423,-0.6561509966850281,-0.15733076632022858,0.9994204640388489,-0.11400916427373886,-0.6528255343437195,-0.1292787492275238,0.999611496925354,-0.03342829644680023,-0.6050872802734375,-0.23242388665676117,0.9997744560241699,-0.07756900787353516,-0.6020156741142273,-0.22373586893081665,0.9998140335083008,0.14924375712871552,-0.4525841474533081,-0.11068286001682281,0.9992156624794006,-0.17484405636787415,-0.44866329431533813,-0.04980427771806717,0.9994601607322693,0.17439918220043182,-0.20940746366977692,-0.1487702876329422,0.9903486967086792,-0.18766063451766968,-0.19901837408542633,-0.09823889285326004,0.9604443311691284,0.001854388858191669,-0.11660545319318771,-0.26922550797462463,0.9674597382545471,-0.18926256895065308,-0.1476820707321167,-0.2927421033382416,0.9360607862472534,-0.0453457310795784,-0.07808065414428711,-0.30593639612197876,0.9366434216499329,-0.1886884719133377,-0.12419894337654114,-0.33470216393470764,0.9036309719085693,-0.0779239609837532,-0.11335925757884979,-0.31427201628685,0.9415668845176697,-0.19134670495986938,-0.14739245176315308,-0.34944573044776917,0.9118667840957642,-0.026896268129348755,-0.12345360964536667,-0.27956467866897583,0.931218683719635,-0.1826760619878769,-0.14793045818805695,-0.30419930815696716,0.8995476961135864,0.10970806330442429,-0.0067118690349161625,-0.007925841957330704,0.5721458792686462,-0.11035025864839554,-0.0006750992615707219,0.008622610941529274,0.568121612071991,0.09387549012899399,0.0445818193256855,-0.04386645555496216,0.07089585810899734,-0.12202449887990952,0.13578511774539948,-0.08413790911436081,0.08884798735380173,0.09611943364143372,0.29223713278770447,0.20568639039993286,0.01601431332528591,-0.10907583683729172,0.4344443678855896,0.11578786373138428,0.025206493213772774,0.09355224668979645,0.3103095293045044,0.22647275030612946,0.00943082571029663,-0.10320503264665604,0.45422282814979553,0.13759930431842804,0.013206410221755505,0.13067948818206787,0.3172960877418518,0.046963393688201904,0.018161112442612648,-0.1274944692850113,0.51043301820755,-0.029426366090774536,0.026517245918512344,41,1.71,,,,,,,,,,,,,,,,,,,,,,,,,,,,,,,,,,,,,,,,,,,,,,,,,,,,,,,,,,,,,,,,,,,,,,,,,,,,,,,,,,,,,,,,,,,,,,,,,,,,,,,,,,,,,,,,,,,,,,,,,,,,,,,,,,,,,,,,,,,,,,,,,,,,,,,,,,,,,,,,,,,,,,,,
-0.06088831275701523,-0.6348280906677246,-0.2639569342136383,0.9995979070663452,-0.042699363082647324,-0.6717127561569214,-0.2558402121067047,0.9992988705635071,-0.043106094002723694,-0.6713908910751343,-0.25754591822624207,0.9992944002151489,-0.042730674147605896,-0.6714487671852112,-0.2554975152015686,0.9992225170135498,-0.07917579263448715,-0.672334611415863,-0.2539786696434021,0.999407947063446,-0.07710771262645721,-0.6731507182121277,-0.2544444501399994,0.9994766712188721,-0.07772354781627655,-0.6721976399421692,-0.25052571296691895,0.9994565844535828,0.04165669158101082,-0.655877947807312,-0.1661921739578247,0.9992789626121521,-0.1067965030670166,-0.6532132625579834,-0.13453879952430725,0.9994178414344788,-0.032320111989974976,-0.6046188473701477,-0.2380223125219345,0.9997064471244812,-0.07568129152059555,-0.6022757887840271,-0.22847142815589905,0.9997356534004211,0.14977651834487915,-0.45360180735588074,-0.12284941226243973,0.9991745948791504,-0.17393551766872406,-0.4520096778869629,-0.06600559502840042,0.9993646740913391,0.1811114251613617,-0.221169576048851,-0.14688774943351746,0.9861140847206116,-0.18711182475090027,-0.21354877948760986,-0.06445498019456863,0.9463562369346619,0.08550512790679932,-0.07585787773132324,-0.2499474436044693,0.9340110421180725,-0.20353080332279205,-0.07798149436712265,-0.1829434484243393,0.8908486366271973,0.06351123005151749,-0.020319508388638496,-0.28089645504951477,0.8935999870300293,-0.2093430608510971,-0.026207303628325462,-0.204467311501503,0.8551652431488037,0.027162978425621986,-0.03470437601208687,-0.3097696602344513,0.9058147668838501,-0.2088533639907837,-0.02798912674188614,-0.24202150106430054,0.8698630928993225,0.05866390839219093,-0.07001171261072159,-0.2673913836479187,0.8911852240562439,-0.19644756615161896,-0.0636533796787262,-0.20148055255413055,0.8560920357704163,0.10756401717662811,-0.00672262255102396,-0.008574604988098145,0.543486475944519,-0.10823336243629456,-0.0007737634587101638,0.00958965439349413,0.5384697914123535,0.07765377312898636,0.04242432117462158,-0.043125174939632416,0.08351492136716843,-0.10738414525985718,0.1548142284154892,-0.08363957703113556,0.1032232716679573,0.09871600568294525,0.30287253856658936,0.19041503965854645,0.01851794682443142,-0.10845188051462173,0.46956878900527954,0.13786247372627258,0.031418900936841965,0.09637439996004105,0.3218672573566437,0.21151793003082275,0.009819384664297104,-0.10308609902858734,0.491024374961853,0.16335012018680573,0.015112554654479027,0.13193131983280182,0.32451558113098145,0.030138541013002396,0.021313142031431198,-0.14569802582263947,0.5258036255836487,-0.013792662881314754,0.032388459891080856,42,1.751,,,,,,,,,,,,,,,,,,,,,,,,,,,,,,,,,,,,,,,,,,,,,,,,,,,,,,,,,,,,,,,,,,,,,,,,,,,,,,,,,,,,,,,,,,,,,,,,,,,,,,,,,,,,,,,,,,,,,,,,,,,,,,,,,,,,,,,,,,,,,,,,,,,,,,,,,,,,,,,,,,,,,,,,
-0.05703914910554886,-0.6328525543212891,-0.27463749051094055,0.999374508857727,-0.03696966916322708,-0.670493483543396,-0.2683403789997101,0.9989519119262695,-0.037334609776735306,-0.6701539754867554,-0.2701907455921173,0.9989885687828064,-0.036916010081768036,-0.6701808571815491,-0.2682334780693054,0.9989081621170044,-0.07285556942224503,-0.6708062291145325,-0.2655448913574219,0.9990136623382568,-0.07079420238733292,-0.6715778708457947,-0.26572132110595703,0.9991119503974915,-0.07140517234802246,-0.6706121563911438,-0.26184481382369995,0.99906986951828,0.04802143946290016,-0.6529143452644348,-0.18309426307678223,0.998913586139679,-0.09716307371854782,-0.6527754664421082,-0.14731799066066742,0.998874843120575,-0.029760083183646202,-0.6030825972557068,-0.2498350888490677,0.9995001554489136,-0.07198423147201538,-0.6007971167564392,-0.23921896517276764,0.9994936585426331,0.15066353976726532,-0.452494740486145,-0.1365186721086502,0.9990695118904114,-0.169557586312294,-0.45536255836486816,-0.07802402973175049,0.9991742968559265,0.18617889285087585,-0.22095005214214325,-0.14636333286762238,0.98228919506073,-0.18611282110214233,-0.22268976271152496,-0.04447624087333679,0.9306967854499817,0.1076587438583374,-0.04464714601635933,-0.23896315693855286,0.9123432040214539,-0.21227623522281647,-0.05798714607954025,-0.1304536610841751,0.8533850908279419,0.08951441943645477,0.013095437549054623,-0.2704375088214874,0.8646531105041504,-0.22262349724769592,-0.003106992458924651,-0.14968353509902954,0.8150143623352051,0.05448855459690094,0.00036503293085843325,-0.3020680546760559,0.8815537095069885,-0.2211567759513855,-0.004662452731281519,-0.1868365854024887,0.8347649574279785,0.08248046785593033,-0.037293560802936554,-0.25687113404273987,0.8643345236778259,-0.20562373101711273,-0.04226075857877731,-0.14825040102005005,0.8205952048301697,0.10568736493587494,-0.006190963089466095,-0.008970861323177814,0.5185785293579102,-0.1063060536980629,-0.001656071050092578,0.01016038004308939,0.5123996734619141,0.07996125519275665,0.05222697928547859,-0.035596005618572235,0.09094648063182831,-0.10463163256645203,0.15502658486366272,-0.08297992497682571,0.11255243420600891,0.10040680319070816,0.31232666969299316,0.19092708826065063,0.019893357530236244,-0.10671903938055038,0.47445937991142273,0.1439553201198578,0.034716032445430756,0.09859680384397507,0.33135315775871277,0.21156154572963715,0.010043350979685783,-0.10220536589622498,0.49558383226394653,0.16997265815734863,0.01635907031595707,0.1320262849330902,0.3334534764289856,0.03081624023616314,0.02319876104593277,-0.14296384155750275,0.5270584225654602,-0.0073042986914515495,0.035878099501132965,43,1.793,,,,,,,,,,,,,,,,,,,,,,,,,,,,,,,,,,,,,,,,,,,,,,,,,,,,,,,,,,,,,,,,,,,,,,,,,,,,,,,,,,,,,,,,,,,,,,,,,,,,,,,,,,,,,,,,,,,,,,,,,,,,,,,,,,,,,,,,,,,,,,,,,,,,,,,,,,,,,,,,,,,,,,,,
-0.05379464477300644,-0.6318030953407288,-0.28635647892951965,0.9993197917938232,-0.03142693266272545,-0.6697521209716797,-0.2797892391681671,0.998855471611023,-0.03177482262253761,-0.6694008111953735,-0.28164929151535034,0.9989199042320251,-0.03137936443090439,-0.6694195866584778,-0.2798035144805908,0.9988362789154053,-0.06856948882341385,-0.6701939702033997,-0.27587875723838806,0.998882532119751,-0.06653585284948349,-0.6709343194961548,-0.27586206793785095,0.9989912509918213,-0.06713580340147018,-0.6699719429016113,-0.2720104455947876,0.9989245533943176,0.05754053220152855,-0.6479819416999817,-0.1924479454755783,0.9988239407539368,-0.09201076626777649,-0.6523823142051697,-0.15060347318649292,0.9986512660980225,-0.026424620300531387,-0.6027331948280334,-0.2606881260871887,0.9994561672210693,-0.06930612027645111,-0.599822461605072,-0.24801523983478546,0.9994135499000549,0.15105779469013214,-0.44947847723960876,-0.14829586446285248,0.9990770816802979,-0.16587667167186737,-0.4551790654659271,-0.08522302657365799,0.9991043210029602,0.18788868188858032,-0.21660557389259338,-0.1469939649105072,0.97791987657547,-0.1840287446975708,-0.22208352386951447,-0.04308731108903885,0.9167993664741516,0.10852926969528198,-0.037686314433813095,-0.2449032962322235,0.8703139424324036,-0.20666277408599854,-0.045884668827056885,-0.12997202575206757,0.804707944393158,0.08961300551891327,0.021345412358641624,-0.27523696422576904,0.8164520859718323,-0.21311354637145996,0.011748827062547207,-0.1432403177022934,0.764645516872406,0.05231132358312607,0.014407120645046234,-0.3048228919506073,0.8406904339790344,-0.21183738112449646,0.017985273152589798,-0.18407686054706573,0.7899110913276672,0.08196201920509338,-0.02795485407114029,-0.2614777088165283,0.8209816217422485,-0.19918961822986603,-0.027055881917476654,-0.1492227166891098,0.7761021852493286,0.10536704957485199,-0.006196021102368832,-0.01012265495955944,0.4883917272090912,-0.10558807104825974,-0.0016388151561841369,0.011560920625925064,0.482124000787735,0.0782938078045845,0.04754497483372688,-0.05007524788379669,0.09537119418382645,-0.10109157860279083,0.14800971746444702,-0.08416229486465454,0.11704853177070618,0.11869371682405472,0.3126319646835327,0.18056955933570862,0.021220630034804344,-0.10093682259321213,0.4994220733642578,0.14635084569454193,0.03718512877821922,0.11952590197324753,0.33199623227119446,0.20329837501049042,0.010191215202212334,-0.09972760081291199,0.5213611125946045,0.18632464110851288,0.017249420285224915,0.1414678990840912,0.3263097107410431,0.004857342224568129,0.024508783593773842,-0.14119449257850647,0.5356690287590027,0.02306613326072693,0.03744742274284363,44,1.835,,,,,,,,,,,,,,,,,,,,,,,,,,,,,,,,,,,,,,,,,,,,,,,,,,,,,,,,,,,,,,,,,,,,,,,,,,,,,,,,,,,,,,,,,,,,,,,,,,,,,,,,,,,,,,,,,,,,,,,,,,,,,,,,,,,,,,,,,,,,,,,,,,,,,,,,,,,,,,,,,,,,,,,,
-0.050471849739551544,-0.6308786273002625,-0.2869967520236969,0.9993253350257874,-0.026659207418560982,-0.6689274907112122,-0.280221551656723,0.9988582134246826,-0.027016878128051758,-0.6685903668403625,-0.2820952236652374,0.9989343881607056,-0.026646077632904053,-0.6686214208602905,-0.2802518606185913,0.9988519549369812,-0.06458999216556549,-0.6693230867385864,-0.2757799029350281,0.9988661408424377,-0.06259017437696457,-0.6700591444969177,-0.2757464051246643,0.9989755153656006,-0.06317727267742157,-0.6690881252288818,-0.2718910276889801,0.9988949298858643,0.06601085513830185,-0.6457540988922119,-0.1924000233411789,0.9988319873809814,-0.08613076061010361,-0.6521062850952148,-0.14886769652366638,0.9985896944999695,-0.02242746762931347,-0.6019459366798401,-0.26134780049324036,0.9994602203369141,-0.06592775881290436,-0.5991930365562439,-0.2477678656578064,0.9993969202041626,0.15414631366729736,-0.4471552073955536,-0.1515265852212906,0.999106228351593,-0.15998069941997528,-0.4551677405834198,-0.08384260535240173,0.9990720748901367,0.18858186900615692,-0.21305878460407257,-0.15018752217292786,0.9736637473106384,-0.17982815206050873,-0.2215815931558609,-0.044017717242240906,0.9022167325019836,0.10599171370267868,-0.04599146917462349,-0.24773143231868744,0.8269771933555603,-0.2029569298028946,-0.059735257178545,-0.14419683814048767,0.7562569975852966,0.08566760271787643,0.010971028357744217,-0.28069615364074707,0.7689923048019409,-0.2071227878332138,-0.005042653065174818,-0.15741737186908722,0.7155718207359314,0.04826458916068077,0.005554585717618465,-0.31194987893104553,0.8005426526069641,-0.20802879333496094,0.0022544425446540117,-0.19781158864498138,0.7459185719490051,0.07897376269102097,-0.036225199699401855,-0.26477015018463135,0.7785265445709229,-0.19591450691223145,-0.041324201971292496,-0.1637350171804428,0.7326107621192932,0.10534719377756119,-0.006266265641897917,-0.011134755797684193,0.45699092745780945,-0.10530894994735718,-0.0015710560837760568,0.012802418321371078,0.4507439434528351,0.07502210140228271,0.01926031894981861,-0.061924707144498825,0.09779060631990433,-0.10180734097957611,0.1379109025001526,-0.08957154303789139,0.11908990889787674,0.12741416692733765,0.31182804703712463,0.1801794320344925,0.022159842774271965,-0.10078497231006622,0.4987182021141052,0.16398277878761292,0.03883667662739754,0.12899348139762878,0.3294527530670166,0.2039385586977005,0.010258651338517666,-0.09935294091701508,0.5199084281921387,0.21139496564865112,0.017883552238345146,0.14553086459636688,0.3075768053531647,-0.009762044996023178,0.025323985144495964,-0.1452743411064148,0.5325985550880432,0.04274343326687813,0.03820514306426048,45,1.876,,,,,,,,,,,,,,,,,,,,,,,,,,,,,,,,,,,,,,,,,,,,,,,,,,,,,,,,,,,,,,,,,,,,,,,,,,,,,,,,,,,,,,,,,,,,,,,,,,,,,,,,,,,,,,,,,,,,,,,,,,,,,,,,,,,,,,,,,,,,,,,,,,,,,,,,,,,,,,,,,,,,,,,,
