pose_world_0_x,pose_world_0_y,pose_world_0_z,pose_world_0_visibility,pose_world_1_x,pose_world_1_y,pose_world_1_z,pose_world_1_visibility,pose_world_2_x,pose_world_2_y,pose_world_2_z,pose_world_2_visibility,pose_world_3_x,pose_world_3_y,pose_world_3_z,pose_world_3_visibility,pose_world_4_x,pose_world_4_y,pose_world_4_z,pose_world_4_visibility,pose_world_5_x,pose_world_5_y,pose_world_5_z,pose_world_5_visibility,pose_world_6_x,pose_world_6_y,pose_world_6_z,pose_world_6_visibility,pose_world_7_x,pose_world_7_y,pose_world_7_z,pose_world_7_visibility,pose_world_8_x,pose_world_8_y,pose_world_8_z,pose_world_8_visibility,pose_world_9_x,pose_world_9_y,pose_world_9_z,pose_world_9_visibility,pose_world_10_x,pose_world_10_y,pose_world_10_z,pose_world_10_visibility,pose_world_11_x,pose_world_11_y,pose_world_11_z,pose_world_11_visibility,pose_world_12_x,pose_world_12_y,pose_world_12_z,pose_world_12_visibility,pose_world_13_x,pose_world_13_y,pose_world_13_z,pose_world_13_visibility,pose_world_14_x,pose_world_14_y,pose_world_14_z,pose_world_14_visibility,pose_world_15_x,pose_world_15_y,pose_world_15_z,pose_world_15_visibility,pose_world_16_x,pose_world_16_y,pose_world_16_z,pose_world_16_visibility,pose_world_17_x,pose_world_17_y,pose_world_17_z,pose_world_17_visibility,pose_world_18_x,pose_world_18_y,pose_world_18_z,pose_world_18_visibility,pose_world_19_x,pose_world_19_y,pose_world_19_z,pose_world_19_visibility,pose_world_20_x,pose_world_20_y,pose_world_20_z,pose_world_20_visibility,pose_world_21_x,pose_world_21_y,pose_world_21_z,pose_world_21_visibility,pose_world_22_x,pose_world_22_y,pose_world_22_z,pose_world_22_visibility,pose_world_23_x,pose_world_23_y,pose_world_23_z,pose_world_23_visibility,pose_world_24_x,pose_world_24_y,pose_world_24_z,pose_world_24_visibility,pose_world_25_x,pose_world_25_y,pose_world_25_z,pose_world_25_visibility,pose_world_26_x,pose_world_26_y,pose_world_26_z,pose_world_26_visibility,pose_world_27_x,pose_world_27_y,pose_world_27_z,pose_world_27_visibility,pose_world_28_x,pose_world_28_y,pose_world_28_z,pose_world_28_visibility,pose_world_29_x,pose_world_29_y,pose_world_29_z,pose_world_29_visibility,pose_world_30_x,pose_world_30_y,pose_world_30_z,pose_world_30_visibility,pose_world_31_x,pose_world_31_y,pose_world_31_z,pose_world_31_visibility,pose_world_32_x,pose_world_32_y,pose_world_32_z,pose_world_32_visibility,frame,timestamp,right_hand_0_x,right_hand_0_y,right_hand_0_z,right_hand_0_visibility,right_hand_1_x,right_hand_1_y,right_hand_1_z,right_hand_1_visibility,right_hand_2_x,right_hand_2_y,right_hand_2_z,right_hand_2_visibility,right_hand_3_x,right_hand_3_y,right_hand_3_z,right_hand_3_visibility,right_hand_4_x,right_hand_4_y,right_hand_4_z,right_hand_4_visibility,right_hand_5_x,right_hand_5_y,right_hand_5_z,right_hand_5_visibility,right_hand_6_x,right_hand_6_y,right_hand_6_z,right_hand_6_visibility,right_hand_7_x,right_hand_7_y,right_hand_7_z,right_hand_7_visibility,right_hand_8_x,right_hand_8_y,right_hand_8_z,right_hand_8_visibility,right_hand_9_x,right_hand_9_y,right_hand_9_z,right_hand_9_visibility,right_hand_10_x,right_hand_10_y,right_hand_10_z,right_hand_10_visibility,right_hand_11_x,right_hand_11_y,right_hand_11_z,right_hand_11_visibility,right_hand_12_x,right_hand_12_y,right_hand_12_z,right_hand_12_visibility,right_hand_13_x,right_hand_13_y,right_hand_13_z,right_hand_13_visibility,right_hand_14_x,right_hand_14_y,right_hand_14_z,right_hand_14_visibility,right_hand_15_x,right_hand_15_y,right_hand_15_z,right_hand_15_visibility,right_hand_16_x,right_hand_16_y,right_hand_16_z,right_hand_16_visibility,right_hand_17_x,right_hand_17_y,right_hand_17_z,right_hand_17_visibility,right_hand_18_x,right_hand_18_y,right_hand_18_z,right_hand_18_visibility,right_hand_19_x,right_hand_19_y,right_hand_19_z,right_hand_19_visibility,right_hand_20_x,right_hand_20_y,right_hand_20_z,right_hand_20_visibility
-0.048151977360248566,-0.6026039123535156,-0.3212648332118988,0.9936684966087341,-0.03169089928269386,-0.6388339400291443,-0.31953659653663635,0.9915934801101685,-0.032010141760110855,-0.6386216282844543,-0.3215548098087311,0.9921497106552124,-0.03145090118050575,-0.6388022899627686,-0.31965214014053345,0.9916611909866333,-0.06506887078285217,-0.6399504542350769,-0.3158772885799408,0.9912011623382568,-0.06299733370542526,-0.6410015225410461,-0.3160910904407501,0.9915769100189209,-0.06372470408678055,-0.6400538682937622,-0.3121907413005829,0.9912818670272827,0.05297505855560303,-0.6296491622924805,-0.24322070181369781,0.9911214113235474,-0.08318648487329483,-0.6314187049865723,-0.20724453032016754,0.9889405369758606,-0.02001434564590454,-0.5761075019836426,-0.29857534170150757,0.9944319128990173,-0.05910459905862808,-0.5747248530387878,-0.28766897320747375,0.9948829412460327,0.1538258045911789,-0.43310245871543884,-0.1901216059923172,0.9953516721725464,-0.1377086043357849,-0.4490576684474945,-0.1258610486984253,0.9962376356124878,0.1685304194688797,-0.18301819264888763,-0.16495276987552643,0.8901025652885437,-0.14562895894050598,-0.20309673249721527,-0.07384716719388962,0.5735791921615601,0.12431761622428894,0.013663392513990402,-0.2067512720823288,0.6654049158096313,-0.16824199259281158,-0.016665641218423843,-0.14056020975112915,0.405517041683197,0.11916156858205795,0.07372382283210754,-0.23115767538547516,0.5926321148872375,-0.17762687802314758,0.041424576193094254,-0.16528651118278503,0.37971773743629456,0.09843549877405167,0.06126397103071213,-0.26348423957824707,0.6262245774269104,-0.16837351024150848,0.03387436270713806,-0.19296960532665253,0.4192959666252136,0.10847540944814682,0.02092188410460949,-0.2227286398410797,0.603759229183197,-0.15867237746715546,-0.003051928710192442,-0.15443652868270874,0.41324058175086975,0.09584389626979828,-6.824638694524765e-05,-0.013501115143299103,0.45195272564888,-0.09698407351970673,-0.006674072239547968,0.014712024480104446,0.5052725076675415,0.08762843906879425,0.17041383683681488,0.028434988111257553,0.2286442518234253,-0.08686769008636475,0.1979379951953888,-0.0243363119661808,0.35349470376968384,0.0865006297826767,0.41111135482788086,0.26060181856155396,0.053555455058813095,-0.06252622604370117,0.5022352337837219,0.1704016923904419,0.13883695006370544,0.0847533792257309,0.43456390500068665,0.2803150713443756,0.024668870493769646,-0.05888417735695839,0.5262601375579834,0.19016093015670776,0.07279270142316818,0.10091288387775421,0.4599399268627167,0.1514587700366974,0.05883963778614998,-0.09650039672851562,0.5683920383453369,0.06471651047468185,0.1331874579191208,0,0.0,,,,,,,,,,,,,,,,,,,,,,,,,,,,,,,,,,,,,,,,,,,,,,,,,,,,,,,,,,,,,,,,,,,,,,,,,,,,,,,,,,,,
-0.05616046488285065,-0.6024745106697083,-0.31340304017066956,0.9940767288208008,-0.03964804485440254,-0.638895571231842,-0.3111133277416229,0.9920638799667358,-0.04000489413738251,-0.6386787295341492,-0.3130124807357788,0.9925927519798279,-0.03950789198279381,-0.6388508081436157,-0.31113091111183167,0.9921392202377319,-0.07481704652309418,-0.6399585008621216,-0.3053358793258667,0.9916970133781433,-0.07274559885263443,-0.6410035490989685,-0.30549460649490356,0.9920704364776611,-0.07342450320720673,-0.6400562524795532,-0.301646888256073,0.9917959570884705,0.05225043743848801,-0.6320913434028625,-0.2324737310409546,0.9915894269943237,-0.08832406252622604,-0.6322926878929138,-0.1853833943605423,0.9895660281181335,-0.023968929424881935,-0.5761983394622803,-0.29017728567123413,0.9948458671569824,-0.06483273953199387,-0.57472825050354,-0.27634522318840027,0.9952496290206909,0.1574472337961197,-0.4392489790916443,-0.17720527946949005,0.9957088828086853,-0.1446136236190796,-0.4499165713787079,-0.10778287053108215,0.99652099609375,0.16829770803451538,-0.1869678944349289,-0.154798224568367,0.8953323364257812,-0.17581765353679657,-0.20640194416046143,-0.07381198555231094,0.5967743396759033,0.12418369948863983,-0.0015786448493599892,-0.21030424535274506,0.6703121066093445,-0.17213383316993713,-0.0732601061463356,-0.20012235641479492,0.4233939051628113,0.11840836703777313,0.057593151926994324,-0.23706072568893433,0.5965084433555603,-0.17756986618041992,-0.028541887179017067,-0.23099081218242645,0.3944385051727295,0.09660934656858444,0.045142851769924164,-0.2772250473499298,0.6329836249351501,-0.16816836595535278,-0.043641820549964905,-0.2603352963924408,0.43585312366485596,0.10776814818382263,0.00528115825727582,-0.22940164804458618,0.6088375449180603,-0.1607968807220459,-0.06607252359390259,-0.21611353754997253,0.4273568093776703,0.09718029201030731,-0.001641780254431069,-0.013528840616345406,0.4508436918258667,-0.09813961386680603,-0.005318494979292154,0.01475172396749258,0.5026273727416992,0.08791720122098923,0.1177557036280632,-0.008246179670095444,0.23071664571762085,-0.08528287708759308,0.19795173406600952,-0.046716220676898956,0.3492087125778198,0.1087154895067215,0.3834993243217468,0.21433284878730774,0.05459856241941452,-0.06415966153144836,0.5022242069244385,0.1639828085899353,0.137872576713562,0.10947396606206894,0.40640783309936523,0.23367035388946533,0.024715125560760498,-0.060763683170080185,0.5261671543121338,0.18642063438892365,0.07088133692741394,0.1355418711900711,0.420456200838089,0.07388049364089966,0.06033070385456085,-0.09821417927742004,0.5675325989723206,0.048268359154462814,0.1326129138469696,1,0.033,,,,,,,,,,,,,,,,,,,,,,,,,,,,,,,,,,,,,,,,,,,,,,,,,,,,,,,,,,,,,,,,,,,,,,,,,,,,,,,,,,,,
-0.0714646726846695,-0.602516233921051,-0.3014525771141052,0.9943827986717224,-0.05933511257171631,-0.6395732760429382,-0.29912495613098145,0.9924449324607849,-0.059753451496362686,-0.6393550634384155,-0.30107319355010986,0.9929084777832031,-0.059221573173999786,-0.6395193934440613,-0.29912495613098145,0.9925318956375122,-0.09346608817577362,-0.6401623487472534,-0.2931927740573883,0.9921512007713318,-0.09138881415128708,-0.6411893963813782,-0.293347030878067,0.9925161004066467,-0.09205394238233566,-0.6402499675750732,-0.28945598006248474,0.9922887682914734,0.033803541213274,-0.6359896659851074,-0.22036519646644592,0.9919683933258057,-0.10477915406227112,-0.6326231956481934,-0.17594002187252045,0.9901109933853149,-0.037350911647081375,-0.576720118522644,-0.27884846925735474,0.9951630234718323,-0.07760459184646606,-0.5747798681259155,-0.265398234128952,0.9955191612243652,0.15260277688503265,-0.443503201007843,-0.16130326688289642,0.995871901512146,-0.15306632220745087,-0.4497545063495636,-0.0951906219124794,0.9966574311256409,0.16168458759784698,-0.1861313432455063,-0.12938952445983887,0.8972660899162292,-0.17829222977161407,-0.2063608020544052,-0.08588721603155136,0.6071938872337341,0.11794430762529373,-0.0026479989755898714,-0.19985996186733246,0.6826981902122498,-0.17949135601520538,-0.14276587963104248,-0.27041491866111755,0.44730982184410095,0.11037640273571014,0.05333292856812477,-0.228831484913826,0.6120046377182007,-0.1845456063747406,-0.12283095717430115,-0.31654804944992065,0.4192352592945099,0.09003530442714691,0.03659041225910187,-0.2715717852115631,0.6481338739395142,-0.17978107929229736,-0.1521114706993103,-0.3351775109767914,0.45998436212539673,0.10156731307506561,0.002040926134213805,-0.22090846300125122,0.6244071125984192,-0.1703774780035019,-0.14570395648479462,-0.2844241261482239,0.44963034987449646,0.0971783697605133,-0.0038750774692744017,-0.012979644350707531,0.4631722867488861,-0.09813669323921204,-0.0033448259346187115,0.014263968914747238,0.5155426859855652,0.10029029101133347,0.11088373512029648,-0.011004465632140636,0.2354438155889511,-0.08302344381809235,0.2002609670162201,-0.04593425989151001,0.3479851484298706,0.11643902957439423,0.3708159029483795,0.20550304651260376,0.05566437169909477,-0.06240842863917351,0.5008870363235474,0.1629415601491928,0.13838915526866913,0.1167871430516243,0.39335817098617554,0.2233806699514389,0.025806954130530357,-0.05746949464082718,0.5238360166549683,0.18338710069656372,0.07112938910722733,0.1485106348991394,0.40677303075790405,0.07278473675251007,0.06214645877480507,-0.08365581184625626,0.5671252012252808,0.04239102080464363,0.13372789323329926,2,0.066,,,,,,,,,,,,,,,,,,,,,,,,,,,,,,,,,,,,,,,,,,,,,,,,,,,,,,,,,,,,,,,,,,,,,,,,,,,,,,,,,,,,
-0.08009422570466995,-0.6004197597503662,-0.3014201819896698,0.9947789907455444,-0.06830471754074097,-0.63864666223526,-0.2994381785392761,0.9928753972053528,-0.06878767162561417,-0.6384313106536865,-0.3013676702976227,0.993248701095581,-0.06822334975004196,-0.6385698318481445,-0.29939159750938416,0.9929345846176147,-0.10242275148630142,-0.638691246509552,-0.29381024837493896,0.9926984906196594,-0.10036743432283401,-0.6396657228469849,-0.2939753234386444,0.9930524826049805,-0.10099126398563385,-0.6387228965759277,-0.2900661528110504,0.9928700923919678,0.02326439879834652,-0.6364590525627136,-0.2190335988998413,0.9924595952033997,-0.11597893387079239,-0.632374107837677,-0.1763983815908432,0.9907658100128174,-0.04672086611390114,-0.5759759545326233,-0.2783549129962921,0.9955052733421326,-0.08714526891708374,-0.5733003616333008,-0.26526302099227905,0.9958391189575195,0.14495624601840973,-0.4463517963886261,-0.14472252130508423,0.9960572123527527,-0.1580476313829422,-0.4473743140697479,-0.08483747392892838,0.9968501329421997,0.14919839799404144,-0.18619245290756226,-0.10480891168117523,0.9020910859107971,-0.17440880835056305,-0.20504802465438843,-0.11423106491565704,0.6257252097129822,0.11525415629148483,-0.0031613921746611595,-0.18032483756542206,0.7028909921646118,-0.18484875559806824,-0.2192068099975586,-0.32924139499664307,0.491237610578537,0.10676290094852448,0.04894102364778519,-0.19970166683197021,0.6338056921958923,-0.19375154376029968,-0.22999592125415802,-0.3770901560783386,0.46328386664390564,0.08974189311265945,0.03373521566390991,-0.23961949348449707,0.668218731880188,-0.2036767601966858,-0.26081210374832153,-0.380281925201416,0.5005733966827393,0.09952236711978912,0.0010663955472409725,-0.19989442825317383,0.6440927386283875,-0.1807284653186798,-0.2282898724079132,-0.3376578986644745,0.48595860600471497,0.09737060219049454,-0.005773073993623257,-0.011880502104759216,0.46178579330444336,-0.09832670539617538,-0.002022421220317483,0.013268902897834778,0.5156524777412415,0.10544092953205109,0.08588490635156631,-0.018882885575294495,0.24464967846870422,-0.08325542509555817,0.19353249669075012,-0.04555322229862213,0.350753515958786,0.11850479990243912,0.3317565321922302,0.1986764818429947,0.05621198192238808,-0.0629468783736229,0.4810250401496887,0.1561364084482193,0.13850006461143494,0.1182941198348999,0.350813627243042,0.21602991223335266,0.02607862465083599,-0.05749110132455826,0.5006066560745239,0.17419305443763733,0.06967446208000183,0.15464447438716888,0.3602598309516907,0.05704199895262718,0.06395824253559113,-0.07951173931360245,0.5495198369026184,0.021474726498126984,0.13482783734798431,3,0.1,0.37756165862083435,0.874025285243988,7.967241799633484e-08,,0.3652918338775635,0.8339371681213379,-0.00041439925553277135,,0.36309319734573364,0.7793171405792236,-0.0012664214009419084,,0.3665728271007538,0.741284191608429,-0.002333687851205468,,0.37171944975852966,0.7176660895347595,-0.003008282510563731,,0.36322325468063354,0.7677712440490723,-0.005570432171225548,,0.36220911145210266,0.7234057188034058,-0.011082307435572147,,0.3627643287181854,0.6948822736740112,-0.014811373315751553,,0.36494114995002747,0.6722902655601501,-0.017221329733729362,,0.37183818221092224,0.7754244804382324,-0.008972708135843277,,0.36884787678718567,0.7325438857078552,-0.013642724603414536,,0.3677496016025543,0.7016633749008179,-0.016774559393525124,,0.3688243627548218,0.6748906373977661,-0.01886904239654541,,0.3835381865501404,0.7878193259239197,-0.01222670916467905,,0.3817559778690338,0.747329592704773,-0.016290536150336266,,0.38176971673965454,0.7222162485122681,-0.016448935493826866,,0.3834760785102844,0.7011903524398804,-0.016413116827607155,,0.39635539054870605,0.806026816368103,-0.015619800426065922,,0.3975149393081665,0.7775930762290955,-0.01812167838215828,,0.3987685739994049,0.757055938243866,-0.01662670262157917,,0.4017620384693146,0.7398048639297485,-0.01518820971250534,
-0.07739422470331192,-0.5966367721557617,-0.3019889295101166,0.995179295539856,-0.06484457850456238,-0.6361624598503113,-0.2997766137123108,0.9933516979217529,-0.06530959904193878,-0.6359380483627319,-0.3017335832118988,0.9936554431915283,-0.0647459328174591,-0.63604736328125,-0.29979515075683594,0.9933891296386719,-0.0989251434803009,-0.6357995867729187,-0.2943808138370514,0.993248462677002,-0.09686937183141708,-0.6367253661155701,-0.29454171657562256,0.9935824275016785,-0.0975034311413765,-0.6357794404029846,-0.290660560131073,0.9934366345405579,0.02593245357275009,-0.636380136013031,-0.2204415649175644,0.9929971098899841,-0.11322247236967087,-0.6317082643508911,-0.1785489320755005,0.9914527535438538,-0.044702161103487015,-0.5737327933311462,-0.279203861951828,0.9958521127700806,-0.08501128852367401,-0.5704609751701355,-0.26633793115615845,0.9961622357368469,0.14507228136062622,-0.4469435214996338,-0.14234890043735504,0.9962798953056335,-0.15705068409442902,-0.4459841847419739,-0.08289085328578949,0.9970605969429016,0.15002280473709106,-0.1852988302707672,-0.10119648277759552,0.9068607687950134,-0.17362360656261444,-0.20540577173233032,-0.1262660026550293,0.6447429656982422,0.11546020209789276,-0.002754004206508398,-0.17488165199756622,0.7218099236488342,-0.1850426197052002,-0.2547436058521271,-0.34185662865638733,0.5324746370315552,0.10654645413160324,0.047556888312101364,-0.19127950072288513,0.65396648645401,-0.19365915656089783,-0.27405956387519836,-0.38894152641296387,0.5045444369316101,0.09007055312395096,0.03258417546749115,-0.22867944836616516,0.6867387294769287,-0.20528069138526917,-0.30775102972984314,-0.3877296447753906,0.5385738611221313,0.0996939018368721,0.0012082182802259922,-0.19330541789531708,0.6621487736701965,-0.1816420555114746,-0.26657330989837646,-0.34842902421951294,0.5201603174209595,0.09797663986682892,-0.007348340470343828,-0.011049035005271435,0.4532889723777771,-0.09894745796918869,-0.0010759434662759304,0.012542281299829483,0.5062373876571655,0.10872437804937363,0.05855600908398628,-0.015914738178253174,0.24675075709819794,-0.0835675373673439,0.1861354559659958,-0.04430419206619263,0.3454207181930542,0.12674976885318756,0.2955164611339569,0.20209985971450806,0.05532560497522354,-0.0629216730594635,0.4602399170398712,0.1565307080745697,0.13407723605632782,0.12684859335422516,0.3121466636657715,0.21949465572834015,0.025709770619869232,-0.05678923428058624,0.4767175316810608,0.17484550178050995,0.066722571849823,0.1672481894493103,0.3144385814666748,0.05296701937913895,0.06420663744211197,-0.07374414056539536,0.5287090539932251,0.02093883976340294,0.1322038471698761,4,0.133,0.36503663659095764,0.7861520648002625,1.5920223006560263e-07,,0.3891921937465668,0.762941837310791,-0.01101096160709858,,0.4007282257080078,0.7222104668617249,-0.013815471902489662,,0.3982338309288025,0.6810262203216553,-0.013724339194595814,,0.39490076899528503,0.6520576477050781,-0.011998510919511318,,0.37416720390319824,0.6960057020187378,-0.014609704725444317,,0.3731912076473236,0.6409056782722473,-0.01764124259352684,,0.37165501713752747,0.6110728979110718,-0.01781226322054863,,0.3709452450275421,0.5868759155273438,-0.017596280202269554,,0.35847413539886475,0.6896540522575378,-0.009831346571445465,,0.3566102981567383,0.6348245143890381,-0.015234533697366714,,0.35826271772384644,0.600607693195343,-0.016685212031006813,,0.3608897626399994,0.5741438865661621,-0.016636187210679054,,0.34885409474372864,0.6870551705360413,-0.005056311376392841,,0.3531503677368164,0.6401565670967102,-0.01014417503029108,,0.35962167382240295,0.62226802110672,-0.01024424098432064,,0.364474892616272,0.6098171472549438,-0.008827456273138523,,0.3439217209815979,0.687435507774353,-0.0009794015204533935,,0.34965768456459045,0.6498247385025024,-0.0035034327302128077,,0.3562445044517517,0.6366233229637146,-0.0020919139496982098,,0.36163580417633057,0.6302225589752197,0.0001041028808685951,
-0.0762733742594719,-0.5918442606925964,-0.3042666018009186,0.9955623149871826,-0.06347334384918213,-0.6323225498199463,-0.3029107451438904,0.9938095808029175,-0.06395110487937927,-0.6320902109146118,-0.3048150837421417,0.9940517544746399,-0.06338570266962051,-0.6321648359298706,-0.3028387129306793,0.9938251972198486,-0.09760462492704391,-0.6316113471984863,-0.29705265164375305,0.9937691688537598,-0.09555643796920776,-0.6324992775917053,-0.29722362756729126,0.9940834641456604,-0.09617868810892105,-0.6315394043922424,-0.2932926118373871,0.9939682483673096,0.027341995388269424,-0.6358300447463989,-0.22131648659706116,0.993499755859375,-0.1119445264339447,-0.6297456622123718,-0.17972484230995178,0.9920982718467712,-0.043749552220106125,-0.5702127814292908,-0.2809734642505646,0.9961737394332886,-0.08410117030143738,-0.5664361715316772,-0.26755261421203613,0.9964627623558044,0.14539724588394165,-0.4467456042766571,-0.1430874913930893,0.9965115785598755,-0.15656806528568268,-0.44423216581344604,-0.08246710896492004,0.9972763657569885,0.14823593199253082,-0.18254049122333527,-0.10143935680389404,0.9114863276481628,-0.17162634432315826,-0.2072819322347641,-0.1345866620540619,0.6652721762657166,0.11448989063501358,-0.0023058655206114054,-0.174163356423378,0.7395119071006775,-0.19145730137825012,-0.28678104281425476,-0.35174447298049927,0.5720942616462708,0.1041637659072876,0.04695335775613785,-0.18883779644966125,0.672861635684967,-0.19919274747371674,-0.31499218940734863,-0.39748531579971313,0.544382631778717,0.08994309604167938,0.032270532101392746,-0.22508259117603302,0.7040730714797974,-0.21474865078926086,-0.3498893976211548,-0.39369747042655945,0.5752565264701843,0.09905420243740082,0.0016596734058111906,-0.1919032484292984,0.6789347529411316,-0.18948838114738464,-0.30097290873527527,-0.3571164906024933,0.5538529753684998,0.09841351211071014,-0.008344599045813084,-0.01042114570736885,0.4479677379131317,-0.09939630329608917,-0.0004167915612924844,0.011982318945229053,0.5004976987838745,0.10794465243816376,0.057581644505262375,-0.013332241214811802,0.248996764421463,-0.08519421517848969,0.1848526895046234,-0.04335324093699455,0.340875506401062,0.12673847377300262,0.2946212887763977,0.2036462277173996,0.05483350157737732,-0.06414686888456345,0.45584186911582947,0.15825775265693665,0.12997156381607056,0.1268291026353836,0.31121715903282166,0.22087989747524261,0.02546890825033188,-0.057186491787433624,0.47200894355773926,0.1765516996383667,0.06391102075576782,0.1658032387495041,0.3130607306957245,0.04947417229413986,0.06500986218452454,-0.07379812747240067,0.5247095227241516,0.023104287683963776,0.12999294698238373,5,0.166,0.3671635687351227,0.7443299293518066,9.789471278054407e-08,,0.36474716663360596,0.6974267959594727,-5.298220639815554e-05,,0.3676832616329193,0.6469281911849976,-0.0007382259937003255,,0.3750839829444885,0.6126874089241028,-0.002064198488369584,,0.3819383680820465,0.5898252725601196,-0.002117395168170333,,0.352512001991272,0.6249105930328369,-0.002173404907807708,,0.35707196593284607,0.5662471055984497,-0.0051189567893743515,,0.3591386377811432,0.5345407724380493,-0.006642588879913092,,0.3618449568748474,0.5099001526832581,-0.007335439790040255,,0.3599497377872467,0.630331814289093,-0.004272486548870802,,0.3585878312587738,0.5703778862953186,-0.008993434719741344,,0.359459787607193,0.5356810092926025,-0.011189622804522514,,0.36162033677101135,0.5111863017082214,-0.012200301513075829,,0.3723389804363251,0.6417275667190552,-0.005977597087621689,,0.38252195715904236,0.5807309746742249,-0.011479655280709267,,0.3838707506656647,0.589157223701477,-0.009643387980759144,,0.38315215706825256,0.6077348589897156,-0.006287488620728254,,0.3869629204273224,0.6568334698677063,-0.007643392309546471,,0.3944951295852661,0.6106078028678894,-0.00960543006658554,,0.3927884101867676,0.6150594353675842,-0.006040194537490606,,0.3920941650867462,0.629901647567749,-0.0021474251989275217,
-0.07697634398937225,-0.5890416502952576,-0.30388927459716797,0.9958972334861755,-0.06443753838539124,-0.6300135254859924,-0.3030339181423187,0.9941952228546143,-0.06494207680225372,-0.6297828555107117,-0.3049353063106537,0.9943747520446777,-0.0643741562962532,-0.6298462748527527,-0.3029559552669525,0.9941876530647278,-0.09832277148962021,-0.629000186920166,-0.29717594385147095,0.9942151308059692,-0.09629078209400177,-0.6298763155937195,-0.29735907912254333,0.9945119023323059,-0.09690390527248383,-0.6289123892784119,-0.2934124171733856,0.9944280385971069,0.026709141209721565,-0.6357672810554504,-0.22189699113368988,0.9939340353012085,-0.11193589866161346,-0.6290224194526672,-0.17935322225093842,0.9926474094390869,-0.044299133121967316,-0.5685571432113647,-0.28071925044059753,0.9964562654495239,-0.08446967601776123,-0.5644476413726807,-0.26716434955596924,0.9967265725135803,0.1453624963760376,-0.4475080072879791,-0.14091742038726807,0.9967237114906311,-0.15644626319408417,-0.444186270236969,-0.07845427095890045,0.9974715113639832,0.14596030116081238,-0.18229743838310242,-0.10063991695642471,0.916166365146637,-0.17104214429855347,-0.212327241897583,-0.13542033731937408,0.6844556927680969,0.11350727081298828,0.002824119059368968,-0.17282290756702423,0.7572026252746582,-0.19414131343364716,-0.30002763867378235,-0.35117384791374207,0.6090840101242065,0.10274483263492584,0.04987414926290512,-0.18666264414787292,0.6920639276504517,-0.2009831666946411,-0.3302627503871918,-0.39811596274375916,0.5817528367042542,0.08963925391435623,0.03669510781764984,-0.22181160748004913,0.721445620059967,-0.21651621162891388,-0.365767240524292,-0.3914160132408142,0.6095786094665527,0.09833671897649765,0.006589568220078945,-0.1898859292268753,0.6962388157844543,-0.1922920048236847,-0.3146910071372986,-0.3554260730743408,0.5858449339866638,0.0986163467168808,-0.009055146016180515,-0.010142973624169827,0.4459420442581177,-0.09960540384054184,0.00010349733202019706,0.011731692589819431,0.5000587105751038,0.10878045111894608,0.05862739682197571,-0.011416813358664513,0.25016772747039795,-0.08568130433559418,0.1849767416715622,-0.0418519489467144,0.33819779753685,0.1283983439207077,0.29049354791641235,0.20712919533252716,0.05406180024147034,-0.06455560773611069,0.4559825658798218,0.1615975946187973,0.12682917714118958,0.12857013940811157,0.3069520890712738,0.22467750310897827,0.025235412642359734,-0.057238392531871796,0.4724336862564087,0.17958495020866394,0.061688315123319626,0.1672515571117401,0.312400221824646,0.05774592608213425,0.06532169133424759,-0.07293718308210373,0.5260956287384033,0.025456145405769348,0.12848857045173645,6,0.2,0.36324888467788696,0.7055747509002686,1.1760572249386314e-07,,0.34821346402168274,0.656004786491394,0.005222920794039965,,0.35018229484558105,0.6072235107421875,0.002381176222115755,,0.3609289526939392,0.5771809220314026,-0.002356970449909568,,0.374900758266449,0.5587047338485718,-0.006732093635946512,,0.3464818596839905,0.5943264365196228,-0.011064300313591957,,0.35526567697525024,0.5331806540489197,-0.020217081531882286,,0.3613530695438385,0.4982399344444275,-0.024808244779706,,0.3680228292942047,0.4719938635826111,-0.027136795222759247,,0.35946953296661377,0.6020556092262268,-0.018101993948221207,,0.3582875430583954,0.533440351486206,-0.029530679807066917,,0.36008721590042114,0.49413713812828064,-0.032796818763017654,,0.36271122097969055,0.463996559381485,-0.03408199921250343,,0.3762556314468384,0.6130175590515137,-0.02350604720413685,,0.3849855065345764,0.5423544049263,-0.032009150832891464,,0.3841680586338043,0.5500280857086182,-0.025289207696914673,,0.38096147775650024,0.5681037902832031,-0.018104372546076775,,0.39415115118026733,0.628084659576416,-0.02860046923160553,,0.400534451007843,0.5737550854682922,-0.03135712072253227,,0.3960912823677063,0.5781561136245728,-0.023651905357837677,,0.3914983868598938,0.5942232608795166,-0.016183244064450264,
-0.07990855723619461,-0.585529625415802,-0.2817036509513855,0.9961720108985901,-0.06746555119752884,-0.6271034479141235,-0.2828826904296875,0.9944950342178345,-0.06799715757369995,-0.6268808841705322,-0.2847672998905182,0.9946128129959106,-0.06744600832462311,-0.6269509792327881,-0.28277426958084106,0.9944714307785034,-0.10069578140974045,-0.6260889768600464,-0.27585569024086,0.9945551753044128,-0.09869103133678436,-0.626971960067749,-0.27605611085891724,0.9948333501815796,-0.09929598122835159,-0.6260061860084534,-0.2720607817173004,0.9947838187217712,0.025639811530709267,-0.6357142925262451,-0.20755422115325928,0.9942944645881653,-0.1113971471786499,-0.6289282441139221,-0.1580984890460968,0.9930357933044434,-0.04622233286499977,-0.5665018558502197,-0.26042917370796204,0.9966860413551331,-0.08572665601968765,-0.5624399781227112,-0.24516718089580536,0.9969295263290405,0.1453636884689331,-0.44877925515174866,-0.1289675086736679,0.9969271421432495,-0.15614640712738037,-0.44559964537620544,-0.054019082337617874,0.997649610042572,0.14544568955898285,-0.1823010891675949,-0.09284495562314987,0.9212245941162109,-0.1821155846118927,-0.23109407722949982,-0.12797053158283234,0.7027291059494019,0.11564087867736816,0.011963559314608574,-0.16493554413318634,0.7749421000480652,-0.20774494111537933,-0.32670846581459045,-0.32880741357803345,0.6432440876960754,0.10566530376672745,0.06045636534690857,-0.17788320779800415,0.7117550373077393,-0.21298587322235107,-0.3579900562763214,-0.37419116497039795,0.6163057088851929,0.09391272813081741,0.05060562118887901,-0.21197441220283508,0.739274799823761,-0.22755497694015503,-0.3948092460632324,-0.3690246641635895,0.6413909196853638,0.10116403549909592,0.017023207619786263,-0.18123766779899597,0.7144274711608887,-0.20531822741031647,-0.34213125705718994,-0.3334663510322571,0.6160596609115601,0.09862750768661499,-0.009491809643805027,-0.010400625877082348,0.447946161031723,-0.09961428493261337,0.0004722718440461904,0.012002510018646717,0.5044777393341064,0.11003945767879486,0.06468143314123154,-0.015025186352431774,0.2489137053489685,-0.08574235439300537,0.18521371483802795,-0.04138101264834404,0.3345877230167389,0.13129335641860962,0.292425274848938,0.20398788154125214,0.052811797708272934,-0.06451510637998581,0.45949089527130127,0.16025897860527039,0.12396597862243652,0.1316952407360077,0.3086778223514557,0.22150810062885284,0.024816496297717094,-0.056998830288648605,0.4769088923931122,0.17802585661411285,0.05983318015933037,0.16897569596767426,0.3154960572719574,0.05496254190802574,0.0649537742137909,-0.07312014698982239,0.5289644002914429,0.022573688998818398,0.12718869745731354,7,0.233,0.3612564504146576,0.6791462898254395,1.3625522399252077e-07,,0.34701865911483765,0.6282159686088562,0.00815621204674244,,0.3491463363170624,0.5827704668045044,0.00589351262897253,,0.3584701716899872,0.5545774102210999,0.0013025141088292003,,0.37033453583717346,0.5350695848464966,-0.002839011372998357,,0.34517595171928406,0.5645263195037842,-0.010230949148535728,,0.3543607294559479,0.5045299530029297,-0.019777685403823853,,0.3602585196495056,0.4698246121406555,-0.024843284860253334,,0.3664223849773407,0.44262969493865967,-0.02754729427397251,,0.35866206884384155,0.5722246170043945,-0.018422845751047134,,0.35924071073532104,0.504664421081543,-0.02967827208340168,,0.3625776767730713,0.46465620398521423,-0.03287142515182495,,0.36607903242111206,0.4341697096824646,-0.03446560353040695,,0.3752796947956085,0.5835505723953247,-0.024538222700357437,,0.3849714994430542,0.5178094506263733,-0.03093613311648369,,0.3844611644744873,0.5294502377510071,-0.02186306193470955,,0.38111481070518494,0.5486161708831787,-0.013734368607401848,,0.39236176013946533,0.5987862348556519,-0.03034958429634571,,0.39949220418930054,0.5497182607650757,-0.031113293021917343,,0.39557793736457825,0.556378185749054,-0.021798012778162956,,0.39063841104507446,0.5718210935592651,-0.013494993560016155,
-0.08185112476348877,-0.5848497152328491,-0.2760585844516754,0.996414303779602,-0.06912627816200256,-0.6264068484306335,-0.27769961953163147,0.9947503805160522,-0.0696672797203064,-0.6261882781982422,-0.279588907957077,0.9948089122772217,-0.06912337988615036,-0.6262589693069458,-0.27759483456611633,0.9947080612182617,-0.10210147500038147,-0.6254744529724121,-0.27029991149902344,0.9948540329933167,-0.10011092573404312,-0.6263604760169983,-0.27050846815109253,0.9951164126396179,-0.10071467608213425,-0.625394344329834,-0.2665107250213623,0.9950995445251465,0.025235554203391075,-0.6357134580612183,-0.20399677753448486,0.9946060180664062,-0.11102070659399033,-0.6289573907852173,-0.15232785046100616,0.9933742880821228,-0.04767468571662903,-0.5660671591758728,-0.2552979290485382,0.9968846440315247,-0.08684802800416946,-0.5620983839035034,-0.23953773081302643,0.997107982635498,0.14537030458450317,-0.44947418570518494,-0.12690015137195587,0.9970942735671997,-0.156032994389534,-0.4474563002586365,-0.04813568294048309,0.997809886932373,0.14125774800777435,-0.18235652148723602,-0.09225461632013321,0.9255421161651611,-0.187198668718338,-0.24162864685058594,-0.12641125917434692,0.7194415330886841,0.1141120120882988,0.012855243869125843,-0.1629999876022339,0.7906307578086853,-0.21319490671157837,-0.33806532621383667,-0.32556551694869995,0.6742343902587891,0.10395573079586029,0.06131235137581825,-0.17602042853832245,0.7291321754455566,-0.21799282729625702,-0.3704645037651062,-0.37119075655937195,0.6477227210998535,0.09306495636701584,0.05158967152237892,-0.20948003232479095,0.7549700140953064,-0.23164573311805725,-0.4070950746536255,-0.36391499638557434,0.6703017354011536,0.099973164498806,0.01786959357559681,-0.17891694605350494,0.7302923202514648,-0.2103378176689148,-0.3536163568496704,-0.3295172452926636,0.6436052918434143,0.09869784861803055,-0.009855899028480053,-0.010599247179925442,0.4499916136264801,-0.0996818095445633,0.0007959648501127958,0.012209783308207989,0.5101823210716248,0.11158732324838638,0.0638987347483635,-0.016279835253953934,0.24977824091911316,-0.08577631413936615,0.1858859807252884,-0.04105813428759575,0.33398494124412537,0.13404622673988342,0.28829827904701233,0.20460137724876404,0.05195998027920723,-0.06452803313732147,0.4615309536457062,0.1602824628353119,0.1224287897348404,0.13457755744457245,0.3043654263019562,0.22229152917861938,0.0244984682649374,-0.056975238025188446,0.4796120822429657,0.1780572086572647,0.05833236500620842,0.1708770990371704,0.311929315328598,0.05687345564365387,0.06504442542791367,-0.07359170913696289,0.5306702256202698,0.022420734167099,0.12703898549079895,8,0.266,0.35818833112716675,0.6585036516189575,2.3601637622050475e-07,,0.34542331099510193,0.6125960946083069,0.004147829953581095,,0.34757471084594727,0.5672999024391174,0.0009789001196622849,,0.35932689905166626,0.5404043197631836,-0.003910238388925791,,0.371456116437912,0.522462785243988,-0.008421866223216057,,0.3423489034175873,0.547614336013794,-0.009717063046991825,,0.3523794412612915,0.48979344964027405,-0.01861804910004139,,0.3598856031894684,0.4553091526031494,-0.02400226518511772,,0.36719489097595215,0.42841947078704834,-0.026926422491669655,,0.35513076186180115,0.5539772510528564,-0.016217567026615143,,0.3563614785671234,0.4879239499568939,-0.02434719353914261,,0.36000174283981323,0.4484953284263611,-0.027891449630260468,,0.3638758957386017,0.4163677394390106,-0.030454903841018677,,0.37112680077552795,0.5650011301040649,-0.021417059004306793,,0.38463178277015686,0.5022376775741577,-0.02808254584670067,,0.38551008701324463,0.5174514651298523,-0.022817812860012054,,0.38219720125198364,0.5379501581192017,-0.01755552738904953,,0.38799965381622314,0.5792244672775269,-0.026488175615668297,,0.3988727629184723,0.5342388153076172,-0.029422789812088013,,0.39613643288612366,0.5447219014167786,-0.023314520716667175,,0.3906584680080414,0.5607630014419556,-0.017446713522076607,
-0.0834050178527832,-0.5796116590499878,-0.26193100214004517,0.9966751933097839,-0.0704253613948822,-0.6214674115180969,-0.2644849717617035,0.995062530040741,-0.07098262757062912,-0.6212453246116638,-0.26631537079811096,0.9950830340385437,-0.07045770436525345,-0.621315598487854,-0.2643030285835266,0.9950082898139954,-0.10312896966934204,-0.620756208896637,-0.25700807571411133,0.9951775670051575,-0.1011437475681305,-0.6216294169425964,-0.2572450339794159,0.9954190254211426,-0.10174224525690079,-0.6206549406051636,-0.2532276213169098,0.9954204559326172,0.023893296718597412,-0.6346284747123718,-0.19284690916538239,0.9949737191200256,-0.11098919808864594,-0.6282411813735962,-0.14010311663150787,0.9937583804130554,-0.04937051981687546,-0.5622372031211853,-0.2415856271982193,0.9971120357513428,-0.08811946213245392,-0.5585609078407288,-0.22565820813179016,0.9973101615905762,0.14427897334098816,-0.4502243995666504,-0.1168711706995964,0.9972975850105286,-0.15660637617111206,-0.4481251537799835,-0.032312408089637756,0.9979646801948547,0.14077237248420715,-0.18234051764011383,-0.08682049065828323,0.9301225543022156,-0.1896197348833084,-0.24746355414390564,-0.11141420155763626,0.7352214455604553,0.11510299891233444,0.014673249796032906,-0.1600916087627411,0.8054711222648621,-0.21208490431308746,-0.3535689115524292,-0.31758740544319153,0.7024658918380737,0.10553903877735138,0.06375394761562347,-0.17264559864997864,0.7450547814369202,-0.2158801108598709,-0.38809752464294434,-0.36223742365837097,0.6759855151176453,0.09569091349840164,0.05540088191628456,-0.20479582250118256,0.7693833708763123,-0.22875666618347168,-0.425116628408432,-0.35611432790756226,0.6962575316429138,0.10138004273176193,0.020124057307839394,-0.17541982233524323,0.7447268962860107,-0.20882032811641693,-0.370077908039093,-0.3216099739074707,0.6679841876029968,0.09873958677053452,-0.010493829846382141,-0.011945984326303005,0.44896161556243896,-0.0997190773487091,0.0013350804802030325,0.013568677939474583,0.5084409713745117,0.11135222762823105,0.05759293958544731,-0.02360350638628006,0.25089165568351746,-0.08577297627925873,0.183925598859787,-0.041345249861478806,0.3289547860622406,0.13834792375564575,0.28763771057128906,0.18886102735996246,0.05171864107251167,-0.06184082105755806,0.46200472116470337,0.1595332771539688,0.11950377374887466,0.13938573002815247,0.3034308850765228,0.2050635814666748,0.02419055439531803,-0.05349777638912201,0.47978827357292175,0.17745110392570496,0.05657661333680153,0.1734718680381775,0.31060755252838135,0.029242629185318947,0.06552857160568237,-0.07339578866958618,0.5316522717475891,0.018338600173592567,0.12538942694664001,9,0.3,0.35819488763809204,0.6453270316123962,2.397790694885771e-07,,0.34511277079582214,0.5988885760307312,0.0054396060295403,,0.34724581241607666,0.5548710227012634,0.00222504953853786,,0.357746422290802,0.5275976657867432,-0.002870323369279504,,0.3694460988044739,0.5096737146377563,-0.007515345234423876,,0.34120994806289673,0.5345966815948486,-0.010713942348957062,,0.3521633446216583,0.4783663749694824,-0.02026042528450489,,0.3605915606021881,0.4449317455291748,-0.02559277042746544,,0.3689686059951782,0.41993415355682373,-0.028274497017264366,,0.3540254235267639,0.5417952537536621,-0.01793700084090233,,0.3549477458000183,0.4757132828235626,-0.027724120765924454,,0.35866978764533997,0.4349406361579895,-0.031237266957759857,,0.3622334599494934,0.4030580520629883,-0.03319067135453224,,0.37011659145355225,0.5537722110748291,-0.023581860587000847,,0.38374847173690796,0.49142101407051086,-0.030629513785243034,,0.385855108499527,0.5032817125320435,-0.02442908100783825,,0.3831893801689148,0.5213955640792847,-0.018093537539243698,,0.3868601620197296,0.5692592859268188,-0.028953665867447853,,0.3982246518135071,0.5225523710250854,-0.031048983335494995,,0.3952432870864868,0.5308892726898193,-0.02382129430770874,,0.3893589675426483,0.5463053584098816,-0.01690402440726757,
-0.08803694695234299,-0.5744355320930481,-0.25715821981430054,0.9968947172164917,-0.0756555050611496,-0.6170128583908081,-0.2604316174983978,0.9953224062919617,-0.07623283565044403,-0.61678147315979,-0.26230984926223755,0.9953048825263977,-0.07571607828140259,-0.6168625950813293,-0.2602807581424713,0.9952623248100281,-0.10778694599866867,-0.6163691282272339,-0.25267741084098816,0.9954475164413452,-0.10582844913005829,-0.617249608039856,-0.25289520621299744,0.9956687092781067,-0.10641483217477798,-0.6162761449813843,-0.24886998534202576,0.9956909418106079,0.019720252603292465,-0.633923351764679,-0.19057832658290863,0.9952898621559143,-0.1126309409737587,-0.6277138590812683,-0.13682031631469727,0.9940583109855652,-0.05333249270915985,-0.5584859848022461,-0.23735091090202332,0.9973020553588867,-0.09137307107448578,-0.5549427270889282,-0.2211027592420578,0.9974693655967712,0.14288902282714844,-0.4510553181171417,-0.11739573627710342,0.9974721670150757,-0.15712715685367584,-0.44892799854278564,-0.027919461950659752,0.9980946779251099,0.14074040949344635,-0.1827506721019745,-0.08903974294662476,0.9342654943466187,-0.18964116275310516,-0.2498578578233719,-0.10178898274898529,0.7467097640037537,0.11449379473924637,0.014834324829280376,-0.16159240901470184,0.8191981315612793,-0.21275639533996582,-0.3531489372253418,-0.3136291801929474,0.7274888753890991,0.1044619232416153,0.06422299891710281,-0.1745130866765976,0.7604084610939026,-0.21615192294120789,-0.3864350914955139,-0.35811367630958557,0.701300323009491,0.094340980052948,0.0560976006090641,-0.20611374080181122,0.7832582592964172,-0.22965320944786072,-0.4235492944717407,-0.35185420513153076,0.7195414900779724,0.10068609565496445,0.020415786653757095,-0.17678296566009521,0.7587857842445374,-0.20955350995063782,-0.36920759081840515,-0.31754130125045776,0.6898989081382751,0.09881362318992615,-0.010853744111955166,-0.013056183233857155,0.4461174011230469,-0.0997702032327652,0.0015919094439595938,0.014740131795406342,0.506368100643158,0.1110738217830658,0.054418906569480896,-0.025243425741791725,0.25304850935935974,-0.08832219243049622,0.18065258860588074,-0.04109427332878113,0.3273099660873413,0.13692200183868408,0.27649781107902527,0.19070972502231598,0.05119755491614342,-0.06318468600511551,0.46108508110046387,0.15961652994155884,0.11776944249868393,0.13771629333496094,0.29104599356651306,0.2074562907218933,0.023886915296316147,-0.054520536214113235,0.47811850905418396,0.17755892872810364,0.055305495858192444,0.17112120985984802,0.2950590252876282,0.03211109712719917,0.06589726358652115,-0.0764939934015274,0.5300564169883728,0.018379971385002136,0.12508271634578705,10,0.333,0.35905757546424866,0.629301905632019,2.512996672976442e-07,,0.34724265336990356,0.584084689617157,0.003886191872879863,,0.35061389207839966,0.5385380387306213,0.00025939210900105536,,0.36439189314842224,0.5119323134422302,-0.0053832316771149635,,0.37791356444358826,0.4965221881866455,-0.010740568861365318,,0.3425905108451843,0.5195484161376953,-0.008738058619201183,,0.35336703062057495,0.4612591862678528,-0.017278660088777542,,0.36107930541038513,0.42606648802757263,-0.02240246720612049,,0.3681795299053192,0.39860865473747253,-0.02539907954633236,,0.35510748624801636,0.5250116586685181,-0.01602192223072052,,0.3565988540649414,0.4593052864074707,-0.024232322350144386,,0.3603179156780243,0.4196966886520386,-0.027978766709566116,,0.3635324537754059,0.3870062232017517,-0.030605800449848175,,0.3710585832595825,0.5360955595970154,-0.022197691723704338,,0.3849456310272217,0.4720127582550049,-0.029749007895588875,,0.3884179890155792,0.4867713749408722,-0.025246331468224525,,0.38623175024986267,0.5064597725868225,-0.020281413570046425,,0.38813021779060364,0.5504266023635864,-0.028225429356098175,,0.3987983763217926,0.5047169923782349,-0.0319763608276844,,0.39731526374816895,0.5146527886390686,-0.026469876989722252,,0.3924117386341095,0.5302456021308899,-0.020983785390853882,
-0.08827211707830429,-0.571678102016449,-0.24801097810268402,0.9971069693565369,-0.07626356929540634,-0.6146544218063354,-0.25134626030921936,0.9955977201461792,-0.0768408253788948,-0.6144082546234131,-0.2532649338245392,0.9955564141273499,-0.0763261541724205,-0.6144983172416687,-0.25123172998428345,0.9955373406410217,-0.10818953067064285,-0.6135944724082947,-0.2439441680908203,0.9957144856452942,-0.10623251646757126,-0.6144658327102661,-0.2441491037607193,0.9959127902984619,-0.10682150721549988,-0.6134942770004272,-0.2401072382926941,0.9959456920623779,0.01839422434568405,-0.6335140466690063,-0.18288812041282654,0.995621383190155,-0.11290356516838074,-0.6261446475982666,-0.12979820370674133,0.9943679571151733,-0.0536402091383934,-0.5563516616821289,-0.22848083078861237,0.997488796710968,-0.09149228036403656,-0.5523163080215454,-0.21254383027553558,0.9976215362548828,0.1425340622663498,-0.45284539461135864,-0.11119982600212097,0.9976407289505005,-0.15703484416007996,-0.4489578604698181,-0.02387922815978527,0.9982025027275085,0.14114321768283844,-0.18532443046569824,-0.08411121368408203,0.9372929334640503,-0.18869802355766296,-0.25501012802124023,-0.09716235101222992,0.756672203540802,0.11491363495588303,0.01477415207773447,-0.15649254620075226,0.8301011323928833,-0.21148011088371277,-0.3693561553955078,-0.31108909845352173,0.7495304942131042,0.10475775599479675,0.0647154450416565,-0.1687452495098114,0.7721441984176636,-0.21564991772174835,-0.4056181311607361,-0.3551871180534363,0.7234474420547485,0.09450937807559967,0.05738960579037666,-0.19898578524589539,0.7938701510429382,-0.2275666892528534,-0.4436298608779907,-0.3495420813560486,0.7398661971092224,0.10104791820049286,0.020605990663170815,-0.1710924655199051,0.7693547606468201,-0.2078821063041687,-0.3863151967525482,-0.31484460830688477,0.7086570858955383,0.09886942058801651,-0.011084326542913914,-0.013580146245658398,0.44473373889923096,-0.0997975766658783,0.0017461474053561687,0.015308487229049206,0.5048708319664001,0.11112158745527267,0.04478161036968231,-0.025786425918340683,0.2544882893562317,-0.08874546736478806,0.1680711805820465,-0.04088075831532478,0.32628196477890015,0.13647109270095825,0.2706180214881897,0.19308586418628693,0.05090884864330292,-0.06320364028215408,0.4577185809612274,0.16003671288490295,0.11735199391841888,0.13714784383773804,0.2853917181491852,0.210031196475029,0.023660439997911453,-0.05455584451556206,0.47440046072006226,0.17841395735740662,0.0546419583261013,0.1705556958913803,0.28897029161453247,0.03584897518157959,0.06652148067951202,-0.07727517932653427,0.5260182619094849,0.018565617501735687,0.1260939985513687,11,0.367,0.3631841540336609,0.6153040528297424,2.438634112422733e-07,,0.3515128493309021,0.5698482990264893,0.0065452237613499165,,0.35444194078445435,0.5267507433891296,0.0035379091277718544,,0.3665219843387604,0.5011330842971802,-0.0020045076962560415,,0.37943777441978455,0.4852728247642517,-0.007192566059529781,,0.3467409014701843,0.5059067010879517,-0.006810416933149099,,0.35689952969551086,0.4479973316192627,-0.01569421961903572,,0.3641497492790222,0.41186636686325073,-0.0209412332624197,,0.3710281252861023,0.3837665319442749,-0.023919738829135895,,0.35869091749191284,0.5102277994155884,-0.015015284530818462,,0.36078548431396484,0.44484421610832214,-0.02415143884718418,,0.3653068542480469,0.4056132435798645,-0.027761118486523628,,0.36895236372947693,0.3740959167480469,-0.02988763153553009,,0.37416014075279236,0.5204631686210632,-0.021828845143318176,,0.38949042558670044,0.46030232310295105,-0.02834531106054783,,0.39284712076187134,0.47583484649658203,-0.021657776087522507,,0.3899792730808258,0.4945024847984314,-0.015162549912929535,,0.3906465768814087,0.5352902412414551,-0.0284324511885643,,0.40283870697021484,0.4900737404823303,-0.02980043739080429,,0.4020669162273407,0.5015262961387634,-0.021985992789268494,,0.39741742610931396,0.5167431831359863,-0.014940015971660614,
-0.08984562754631042,-0.571892261505127,-0.23368152976036072,0.9972831606864929,-0.07816347479820251,-0.6148288249969482,-0.23712408542633057,0.9958197474479675,-0.07875003665685654,-0.6145806908607483,-0.23903284966945648,0.9957546591758728,-0.0782478079199791,-0.614677906036377,-0.23696525394916534,0.9957625865936279,-0.10978309065103531,-0.6136981248855591,-0.2293429672718048,0.9959204196929932,-0.10783226042985916,-0.6145716905593872,-0.2295486479997635,0.9960954189300537,-0.10841014236211777,-0.6136003136634827,-0.22550241649150848,0.9961414337158203,0.016914265230298042,-0.6335428953170776,-0.17110532522201538,0.9958949089050293,-0.11312074959278107,-0.6260608434677124,-0.11584310978651047,0.9945720434188843,-0.054724160581827164,-0.5563580989837646,-0.2151704877614975,0.9976385235786438,-0.09221165627241135,-0.5522421002388,-0.19856375455856323,0.9977276921272278,0.14198991656303406,-0.45488807559013367,-0.10262475907802582,0.9977819323539734,-0.1564856916666031,-0.449097603559494,-0.011953585781157017,0.9982759952545166,0.14111049473285675,-0.18618737161159515,-0.08083527535200119,0.9400981664657593,-0.18847808241844177,-0.2573152184486389,-0.08406607061624527,0.7648075222969055,0.11495606601238251,0.014905230142176151,-0.15352033078670502,0.8402000665664673,-0.21046434342861176,-0.374286413192749,-0.3059382736682892,0.769324004650116,0.10481584072113037,0.06576571613550186,-0.16491323709487915,0.78284752368927,-0.21489526331424713,-0.41016656160354614,-0.3498181402683258,0.7431329488754272,0.09460975974798203,0.059188321232795715,-0.19409063458442688,0.8035146594047546,-0.22655755281448364,-0.44823089241981506,-0.33674776554107666,0.7578995823860168,0.10108421742916107,0.021101534366607666,-0.16762496531009674,0.7788921594619751,-0.20670947432518005,-0.39128148555755615,-0.30769434571266174,0.725170373916626,0.09887638688087463,-0.011190217919647694,-0.0146581856533885,0.4416221082210541,-0.09979188442230225,0.0018045788165181875,0.016427429392933846,0.4986359179019928,0.10870294272899628,0.04380525276064873,-0.030961036682128906,0.2552332878112793,-0.09157072007656097,0.16114959120750427,-0.04367096722126007,0.3221915066242218,0.13425467908382416,0.2733272910118103,0.17958030104637146,0.05101519078016281,-0.06562530994415283,0.4540231227874756,0.15618522465229034,0.11503496021032333,0.13483044505119324,0.2880687415599823,0.195331871509552,0.023383190855383873,-0.05682055279612541,0.4701548218727112,0.17501090466976166,0.053282320499420166,0.16841749846935272,0.28802746534347534,0.01171016599982977,0.067324697971344,-0.08259943872690201,0.5202420949935913,0.010976690798997879,0.1251024603843689,12,0.4,0.36366572976112366,0.6104817986488342,2.3065858556492458e-07,,0.3522629737854004,0.5623595118522644,0.00875598844140768,,0.35499173402786255,0.5205531120300293,0.006951472256332636,,0.3656836748123169,0.4960496127605438,0.002186377299949527,,0.3775450587272644,0.48069342970848083,-0.0022342230658978224,,0.3497292697429657,0.49780023097991943,-0.004821048118174076,,0.3606266379356384,0.4409749209880829,-0.013290654867887497,,0.36851420998573303,0.4066201448440552,-0.018081024289131165,,0.37569284439086914,0.3804113268852234,-0.0207140501588583,,0.36187586188316345,0.5022220611572266,-0.013807172887027264,,0.36485254764556885,0.4358481168746948,-0.023321442306041718,,0.3699253499507904,0.3974720239639282,-0.027000615373253822,,0.37357819080352783,0.3683556318283081,-0.028945235535502434,,0.37680038809776306,0.5139350295066833,-0.021145399659872055,,0.39254358410835266,0.4536104202270508,-0.02753269299864769,,0.3964085578918457,0.4710254967212677,-0.02023448795080185,,0.39358144998550415,0.49016326665878296,-0.013148542493581772,,0.3928832411766052,0.5308210253715515,-0.028058769181370735,,0.406512051820755,0.4863450527191162,-0.029491214081645012,,0.4052882790565491,0.49785926938056946,-0.02152460627257824,,0.3988678753376007,0.5128440260887146,-0.014142485335469246,
-0.08967268466949463,-0.5721485018730164,-0.23304153978824615,0.9974565505981445,-0.07779461145401001,-0.6149641871452332,-0.2360285371541977,0.9960466623306274,-0.07838168740272522,-0.6147123575210571,-0.23793260753154755,0.9959636926651001,-0.07788264006376266,-0.6148101091384888,-0.23584319651126862,0.99599289894104,-0.10952859371900558,-0.6138450503349304,-0.2284616380929947,0.996138870716095,-0.10757812112569809,-0.614711582660675,-0.22868888080120087,0.996294379234314,-0.10815765708684921,-0.6137363314628601,-0.2246299386024475,0.9963493943214417,0.017110727727413177,-0.6335259079933167,-0.16856813430786133,0.9961647391319275,-0.11313959956169128,-0.6259867548942566,-0.11406920105218887,0.9948141574859619,-0.05461594834923744,-0.556374728679657,-0.21389038860797882,0.9977937340736389,-0.09219814836978912,-0.5522879362106323,-0.19747750461101532,0.9978512525558472,0.142014741897583,-0.4561256468296051,-0.0997210294008255,0.9979304671287537,-0.1563921719789505,-0.4495468735694885,-0.01174903940409422,0.9983700513839722,0.14178425073623657,-0.18790537118911743,-0.07751044631004333,0.9435133934020996,-0.18775781989097595,-0.2590009868144989,-0.08131476491689682,0.7764763832092285,0.11534775793552399,0.014031576924026012,-0.14994437992572784,0.8512017726898193,-0.21018947660923004,-0.37237706780433655,-0.30369865894317627,0.7886984348297119,0.10496605187654495,0.06543967872858047,-0.16138869524002075,0.7947298884391785,-0.21456117928028107,-0.40670567750930786,-0.34766533970832825,0.7625601291656494,0.0946492999792099,0.059043582528829575,-0.18966570496559143,0.8141703605651855,-0.22559861838817596,-0.44346553087234497,-0.33139538764953613,0.7757701277732849,0.1013336032629013,0.020556673407554626,-0.16341018676757812,0.790165364742279,-0.20606555044651031,-0.3885757625102997,-0.30445244908332825,0.7427914142608643,0.09911980479955673,-0.011194959282875061,-0.015057513490319252,0.4456343650817871,-0.09992719441652298,0.001828680862672627,0.016817377880215645,0.5004590153694153,0.10876866430044174,0.03890181705355644,-0.03779590129852295,0.25237929821014404,-0.09402074664831161,0.1429014503955841,-0.04772590845823288,0.3141063153743744,0.13375942409038544,0.27239906787872314,0.1758110225200653,0.0503399558365345,-0.06562837213277817,0.4488808810710907,0.1545296311378479,0.11133304983377457,0.134284108877182,0.28690391778945923,0.19163379073143005,0.022941263392567635,-0.05674431845545769,0.4650076627731323,0.1739620566368103,0.051487430930137634,0.16764774918556213,0.2828456461429596,0.005318483337759972,0.06669393926858902,-0.08198478072881699,0.511528491973877,0.006655540782958269,0.12187518179416656,13,0.433,0.36361929774284363,0.615520179271698,2.0919551957376825e-07,,0.35281723737716675,0.5666370391845703,0.01296174991875887,,0.3566044867038727,0.5254490971565247,0.012245744466781616,,0.3670840263366699,0.49968236684799194,0.00806640088558197,,0.37936562299728394,0.4835715889930725,0.004493525717407465,,0.34937435388565063,0.5010789632797241,-0.004480813164263964,,0.3609428107738495,0.4412021338939667,-0.011910541914403439,,0.3701261878013611,0.40699756145477295,-0.014570660889148712,,0.3786850571632385,0.3819294571876526,-0.015613495372235775,,0.36240535974502563,0.5050740242004395,-0.015055032446980476,,0.364805668592453,0.43591243028640747,-0.026173120364546776,,0.37055596709251404,0.3963374197483063,-0.028671104460954666,,0.3755013048648834,0.368669331073761,-0.02918272092938423,,0.3776046633720398,0.5164074897766113,-0.023203613236546516,,0.3930990695953369,0.45915672183036804,-0.027983561158180237,,0.39617085456848145,0.4754679799079895,-0.017040375620126724,,0.39291414618492126,0.4934377372264862,-0.007501543499529362,,0.39409828186035156,0.5336729288101196,-0.030756836757063866,,0.4066200256347656,0.4902377426624298,-0.028916724026203156,,0.4052899181842804,0.4996897876262665,-0.01808079704642296,,0.399112343788147,0.5126751661300659,-0.008843081071972847,
-0.0899941623210907,-0.5725635886192322,-0.2383904755115509,0.9976388812065125,-0.077876515686512,-0.615240752696991,-0.24054308235645294,0.9962882995605469,-0.0784594714641571,-0.6149916648864746,-0.2424187809228897,0.9961914420127869,-0.07796710729598999,-0.6150926351547241,-0.24034875631332397,0.9962291121482849,-0.11002557724714279,-0.6141718626022339,-0.2334970086812973,0.9963866472244263,-0.1080697700381279,-0.6150439977645874,-0.23372945189476013,0.9965300559997559,-0.10864302515983582,-0.6140711903572083,-0.2296883761882782,0.9965893626213074,0.016210637986660004,-0.6335097551345825,-0.1698409467935562,0.996427059173584,-0.11613640934228897,-0.6259223222732544,-0.1181429773569107,0.9951297640800476,-0.05538162216544151,-0.5565562844276428,-0.21837756037712097,0.9979537129402161,-0.0935438796877861,-0.5525119304656982,-0.20266588032245636,0.9979971051216125,0.14041465520858765,-0.4566102623939514,-0.09920023381710052,0.9980700612068176,-0.15959550440311432,-0.44949325919151306,-0.016596155241131783,0.9984721541404724,0.1420748084783554,-0.18981841206550598,-0.07734937220811844,0.946678638458252,-0.18759819865226746,-0.2574528455734253,-0.0823000818490982,0.7897641062736511,0.11493270844221115,0.011867557652294636,-0.15111039578914642,0.8599434494972229,-0.20941081643104553,-0.3697569966316223,-0.3057831823825836,0.8061549663543701,0.10370174795389175,0.0632333904504776,-0.1629130095243454,0.8030010461807251,-0.21426814794540405,-0.4057277739048004,-0.34919974207878113,0.7797567844390869,0.09224599599838257,0.056680839508771896,-0.19168978929519653,0.8217294216156006,-0.22501754760742188,-0.4422360360622406,-0.33392298221588135,0.7916032671928406,0.100385881960392,0.018395068123936653,-0.16481517255306244,0.7975735068321228,-0.2054523229598999,-0.38621264696121216,-0.30692172050476074,0.7578555941581726,0.09939520061016083,-0.011493396013975143,-0.015075834468007088,0.44285714626312256,-0.10017088800668716,0.0021229807753115892,0.016832003369927406,0.496696412563324,0.10850832611322403,0.03473374992609024,-0.038757119327783585,0.2517130672931671,-0.09549777954816818,0.14746053516864777,-0.051338985562324524,0.3083937466144562,0.13362233340740204,0.26784852147102356,0.17699109017848969,0.049821581691503525,-0.06812114268541336,0.4493844211101532,0.15468016266822815,0.10809823870658875,0.13418307900428772,0.2818749248981476,0.193228080868721,0.02255852147936821,-0.059346698224544525,0.4656953811645508,0.17435283958911896,0.04972337186336517,0.16782699525356293,0.2782023549079895,0.006601213477551937,0.06624386459589005,-0.08428864926099777,0.5130150318145752,0.007180864457041025,0.11888878792524338,14,0.467,0.3615370988845825,0.6253260970115662,1.9089854674803064e-07,,0.350518137216568,0.5773000717163086,0.007967288605868816,,0.3538893163204193,0.5326130390167236,0.006511373445391655,,0.36514899134635925,0.5072036981582642,0.002229551784694195,,0.37777185440063477,0.49170780181884766,-0.0016280588461086154,,0.3469877243041992,0.5094168186187744,-0.005404429975897074,,0.35711362957954407,0.4510013461112976,-0.014096510596573353,,0.36476823687553406,0.4153854250907898,-0.018839359283447266,,0.37184032797813416,0.3891218304634094,-0.021381940692663193,,0.35952648520469666,0.5127241611480713,-0.013770329765975475,,0.3621425926685333,0.4454987049102783,-0.02316337451338768,,0.3680587410926819,0.406136691570282,-0.026458587497472763,,0.3729516267776489,0.3772472143173218,-0.028212251141667366,,0.3747163712978363,0.523000955581665,-0.020700760185718536,,0.390303373336792,0.46530961990356445,-0.026572968810796738,,0.39435699582099915,0.47971031069755554,-0.019607173278927803,,0.3917396366596222,0.4975467920303345,-0.012933210469782352,,0.3908713161945343,0.538836658000946,-0.02741094119846821,,0.403554767370224,0.4951065480709076,-0.028410445898771286,,0.40311431884765625,0.5032177567481995,-0.02101484313607216,,0.39787667989730835,0.5160675048828125,-0.014272693544626236,
-0.09020095318555832,-0.572928786277771,-0.23025472462177277,0.9977905750274658,-0.07800377160310745,-0.6154880523681641,-0.2320917844772339,0.9964885711669922,-0.07858538627624512,-0.6152399182319641,-0.23392270505428314,0.9963780045509338,-0.07810501009225845,-0.6153407096862793,-0.23183953762054443,0.9964315891265869,-0.11015284806489944,-0.6144471168518066,-0.22505679726600647,0.9965846538543701,-0.10819686204195023,-0.6153203845024109,-0.22534321248531342,0.9967133402824402,-0.10877447575330734,-0.6143475770950317,-0.2212856113910675,0.9967787861824036,0.016049331054091454,-0.6335259675979614,-0.16235649585723877,0.996658980846405,-0.11609052121639252,-0.6259174942970276,-0.11009682714939117,0.9953663349151611,-0.05553228780627251,-0.5567063689231873,-0.2105800360441208,0.9980899691581726,-0.09366466850042343,-0.5526768565177917,-0.19471949338912964,0.998111367225647,0.14030881226062775,-0.45700645446777344,-0.09492774307727814,0.9981981515884399,-0.15923729538917542,-0.44938379526138306,-0.01012174692004919,0.9985582232475281,0.14265991747379303,-0.1901349127292633,-0.0751047432422638,0.9500653743743896,-0.18640321493148804,-0.25650328397750854,-0.07965197414159775,0.8013964891433716,0.1149611696600914,0.011968988925218582,-0.14703163504600525,0.8698205947875977,-0.20895971357822418,-0.36528679728507996,-0.30057498812675476,0.8224318027496338,0.10371299088001251,0.06394984573125839,-0.15798863768577576,0.813452422618866,-0.2137276828289032,-0.3989292085170746,-0.34337469935417175,0.7959157228469849,0.09193912893533707,0.057776838541030884,-0.1857387274503708,0.8310743570327759,-0.22462987899780273,-0.435012549161911,-0.3270111680030823,0.8064619898796082,0.10036662966012955,0.018640080466866493,-0.15998268127441406,0.8075799345970154,-0.20497719943523407,-0.38139986991882324,-0.3012898862361908,0.7727565169334412,0.09947198629379272,-0.011505166999995708,-0.01549949124455452,0.4506475031375885,-0.10021572560071945,0.002198077505454421,0.017200229689478874,0.5024045705795288,0.10736465454101562,0.037803079932928085,-0.04119688645005226,0.24812252819538116,-0.09740563482046127,0.14490105211734772,-0.0514671690762043,0.3007567524909973,0.13110186159610748,0.27081817388534546,0.17547065019607544,0.04897028207778931,-0.06926773488521576,0.44965288043022156,0.15479141473770142,0.10452089458703995,0.13164961338043213,0.28514766693115234,0.19142717123031616,0.022031007334589958,-0.06045203655958176,0.46634596586227417,0.17471538484096527,0.047886211425065994,0.16275759041309357,0.2824806272983551,0.0066754757426679134,0.06516624987125397,-0.08533165603876114,0.5131901502609253,0.008076958358287811,0.11528117209672928,15,0.5,0.3603787124156952,0.6296759247779846,1.9065846856847202e-07,,0.3489121198654175,0.5821939706802368,0.00900780688971281,,0.3516921103000641,0.5378955006599426,0.007674669846892357,,0.3622809648513794,0.5120241641998291,0.003479043021798134,,0.3748628497123718,0.49589863419532776,-0.00024006089370232075,,0.34480127692222595,0.5155483484268188,-0.005834061652421951,,0.35398516058921814,0.45591750741004944,-0.014277507551014423,,0.3617059290409088,0.42044946551322937,-0.01849423535168171,,0.3689653277397156,0.39422401785850525,-0.020749665796756744,,0.3572476804256439,0.5197547674179077,-0.014615478925406933,,0.3586004674434662,0.45166006684303284,-0.02491336315870285,,0.36400526762008667,0.4124915599822998,-0.02839670144021511,,0.3684847354888916,0.38352170586586,-0.030183671042323112,,0.37239202857017517,0.530483067035675,-0.021664073690772057,,0.38711297512054443,0.47046661376953125,-0.02785910852253437,,0.39108604192733765,0.4852713942527771,-0.020259972661733627,,0.38847672939300537,0.5028324127197266,-0.013157662004232407,,0.3888673186302185,0.5466883182525635,-0.028339872136712074,,0.40070804953575134,0.5018560886383057,-0.029129689559340477,,0.39992573857307434,0.5108146667480469,-0.021178366616368294,,0.39461466670036316,0.5240426063537598,-0.014096259139478207,
-0.09071432054042816,-0.5732072591781616,-0.2284877747297287,0.9979297518730164,-0.0784965232014656,-0.6156927943229675,-0.23027899861335754,0.9966687560081482,-0.0790778174996376,-0.6154447793960571,-0.2320903092622757,0.9965463876724243,-0.0786089077591896,-0.6155450940132141,-0.2300032526254654,0.9966130256652832,-0.11057635396718979,-0.614662766456604,-0.22329531610012054,0.9967637658119202,-0.1086178794503212,-0.6155341863632202,-0.22360023856163025,0.9968810081481934,-0.10919860750436783,-0.6145601868629456,-0.21954406797885895,0.9969513416290283,0.015392029657959938,-0.6335235834121704,-0.16100023686885834,0.9968703389167786,-0.11627163738012314,-0.6257790923118591,-0.10879819095134735,0.9955876469612122,-0.05602969601750374,-0.5568172931671143,-0.20897552371025085,0.9982143044471741,-0.09406425058841705,-0.5527702569961548,-0.19315394759178162,0.9982181787490845,0.13992221653461456,-0.4573920965194702,-0.09377443790435791,0.998310923576355,-0.15916313230991364,-0.4488676190376282,-0.008684868924319744,0.9986340403556824,0.14363853633403778,-0.1906634420156479,-0.07369700819253922,0.9532012939453125,-0.1860482096672058,-0.25559428334236145,-0.07917739450931549,0.811920166015625,0.1158861592411995,0.011944151483476162,-0.14422452449798584,0.878716766834259,-0.20876826345920563,-0.3628499209880829,-0.29978328943252563,0.8370262980461121,0.10450506210327148,0.06411022692918777,-0.1549614816904068,0.8227054476737976,-0.2132362723350525,-0.39584922790527344,-0.3425236642360687,0.8103810548782349,0.09231541305780411,0.05809721723198891,-0.18289518356323242,0.8393878936767578,-0.22541622817516327,-0.43194982409477234,-0.3261236548423767,0.8197935223579407,0.10101725906133652,0.01863567717373371,-0.1571766883134842,0.8164184093475342,-0.20514357089996338,-0.37893739342689514,-0.30042797327041626,0.7860799431800842,0.09948757290840149,-0.011586225591599941,-0.015711234882473946,0.45511630177497864,-0.10022911429405212,0.0023515671491622925,0.017379552125930786,0.5049984455108643,0.10732803493738174,0.03891618922352791,-0.04269213601946831,0.24513232707977295,-0.09730157256126404,0.14660227298736572,-0.051899105310440063,0.2944072186946869,0.1310296654701233,0.27293291687965393,0.172031432390213,0.04836750030517578,-0.06893987208604813,0.44981661438941956,0.1542525738477707,0.10183428227901459,0.131618469953537,0.2875796854496002,0.18740734457969666,0.021567022427916527,-0.06006281077861786,0.46670594811439514,0.17418646812438965,0.04634489491581917,0.16273708641529083,0.2859826385974884,0.002869498450309038,0.06443960219621658,-0.08505558222532272,0.5139533281326294,0.006438415963202715,0.1125866249203682,16,0.533,0.35977795720100403,0.6298858523368835,2.045736238187601e-07,,0.34753212332725525,0.5820692181587219,0.009481745772063732,,0.350260466337204,0.5379108190536499,0.007695005275309086,,0.36095356941223145,0.5113986730575562,0.003178701503202319,,0.3738536536693573,0.49564704298973083,-0.0009307742002420127,,0.3434300124645233,0.5160048604011536,-0.007965668104588985,,0.3531893789768219,0.45500198006629944,-0.015980126336216927,,0.36127719283103943,0.42042386531829834,-0.019380806013941765,,0.3688246011734009,0.3947904706001282,-0.021022159606218338,,0.35624825954437256,0.5212022066116333,-0.01693650893867016,,0.3572540581226349,0.4511908292770386,-0.026632098481059074,,0.36242517828941345,0.4126183092594147,-0.029098233208060265,,0.3669007420539856,0.3841521441936493,-0.030261320993304253,,0.3716455101966858,0.5325462222099304,-0.02388705313205719,,0.3861214518547058,0.47203943133354187,-0.029173769056797028,,0.3891969919204712,0.4878866374492645,-0.020893627777695656,,0.38618820905685425,0.506399929523468,-0.013587827794253826,,0.38829413056373596,0.5485872626304626,-0.030402908101677895,,0.40007010102272034,0.5051596164703369,-0.03049209527671337,,0.3980969488620758,0.5143231153488159,-0.022350972518324852,,0.39168012142181396,0.5274418592453003,-0.015286572277545929,
-0.09069883078336716,-0.5734198093414307,-0.23049728572368622,0.9980348348617554,-0.07858724147081375,-0.6158263087272644,-0.2322545051574707,0.9967958927154541,-0.0791686475276947,-0.6155781149864197,-0.23408743739128113,0.9966573715209961,-0.07869765907526016,-0.6156765818595886,-0.23200318217277527,0.9967405200004578,-0.11063258349895477,-0.6148326992988586,-0.22535093128681183,0.9968924522399902,-0.1086738258600235,-0.6157031059265137,-0.2256333827972412,0.9970005750656128,-0.10925288498401642,-0.614728569984436,-0.22158533334732056,0.997080385684967,0.015105078928172588,-0.6336495876312256,-0.16270743310451508,0.9970270395278931,-0.11630470305681229,-0.6257408857345581,-0.11108653992414474,0.9957336783409119,-0.05604417622089386,-0.5569006204605103,-0.21092495322227478,0.9983053803443909,-0.09404365718364716,-0.5528768301010132,-0.19529591500759125,0.9982911348342896,0.13984331488609314,-0.45773929357528687,-0.09468983113765717,0.9983956813812256,-0.15903833508491516,-0.448722243309021,-0.01065752375870943,0.9986883997917175,0.14434747397899628,-0.19128617644309998,-0.07327830046415329,0.9554903507232666,-0.18563565611839294,-0.25491997599601746,-0.07940500229597092,0.8193362355232239,0.11756973713636398,0.012009062804281712,-0.1440732628107071,0.8859426975250244,-0.20898082852363586,-0.36028292775154114,-0.29953986406326294,0.849628210067749,0.10648977011442184,0.06448701024055481,-0.15509693324565887,0.830572247505188,-0.21334894001483917,-0.3932175934314728,-0.3421776294708252,0.8231318593025208,0.0939210057258606,0.058431364595890045,-0.1836095005273819,0.8464497327804565,-0.22681857645511627,-0.430048406124115,-0.32618606090545654,0.8315598964691162,0.10258939862251282,0.018791459500789642,-0.1573915183544159,0.8237765431404114,-0.20578084886074066,-0.37642648816108704,-0.3003575801849365,0.7975527048110962,0.09950274974107742,-0.011645227670669556,-0.0157253947108984,0.45683279633522034,-0.10024181753396988,0.0024036765098571777,0.017394086346030235,0.5054303407669067,0.10750032216310501,0.04040781408548355,-0.04191788658499718,0.24605633318424225,-0.09718400985002518,0.14814792573451996,-0.052048519253730774,0.2933710217475891,0.13102948665618896,0.27417537569999695,0.1724242866039276,0.048244863748550415,-0.06849532574415207,0.4504334628582001,0.15122804045677185,0.1008584126830101,0.13161329925060272,0.2888749837875366,0.18791496753692627,0.0213750209659338,-0.059495460242033005,0.46740299463272095,0.17058348655700684,0.0454745776951313,0.16381648182868958,0.28743842244148254,0.005288579035550356,0.06468971818685532,-0.08405368775129318,0.5147731900215149,0.0030398478265851736,0.11221684515476227,17,0.567,0.3594895601272583,0.6309831142425537,2.0556070978727803e-07,,0.3476390540599823,0.5814431309700012,0.012256798334419727,,0.35040727257728577,0.5390574336051941,0.01112745888531208,,0.36060380935668945,0.5127823352813721,0.0068985652178525925,,0.3730882704257965,0.4958139657974243,0.003319093259051442,,0.3435560166835785,0.5168089866638184,-0.006585252936929464,,0.3541438579559326,0.4578472971916199,-0.014122380875051022,,0.36320650577545166,0.4246909022331238,-0.016963299363851547,,0.37203744053840637,0.4000801742076874,-0.01829267106950283,,0.3563987612724304,0.5213311314582825,-0.01667441613972187,,0.35686466097831726,0.45195940136909485,-0.028170490637421608,,0.3617265224456787,0.4119170010089874,-0.031077411025762558,,0.3663061857223511,0.38286975026130676,-0.032158784568309784,,0.3717137277126312,0.5322390198707581,-0.024179581552743912,,0.38634639978408813,0.4729297161102295,-0.029350703582167625,,0.38920196890830994,0.4881307780742645,-0.01903601922094822,,0.38597071170806885,0.5064470767974854,-0.010166055522859097,,0.38851216435432434,0.5482017993927002,-0.031091779470443726,,0.399763286113739,0.5043300986289978,-0.02972470037639141,,0.39793968200683594,0.5136855840682983,-0.01945112831890583,,0.39169684052467346,0.5270755290985107,-0.010803638026118279,
-0.0921878069639206,-0.5735316872596741,-0.236505925655365,0.9981564283370972,-0.0801209956407547,-0.6159189343452454,-0.23812557756900787,0.9969512820243835,-0.08069895207881927,-0.6156681180000305,-0.2399260699748993,0.9968037605285645,-0.08022497594356537,-0.6157639026641846,-0.23785468935966492,0.996890127658844,-0.11244222521781921,-0.614869236946106,-0.2312234789133072,0.9970575571060181,-0.11048199981451035,-0.6157361268997192,-0.23148953914642334,0.9971611499786377,-0.11105135083198547,-0.6147587299346924,-0.22745992243289948,0.9972438812255859,0.013626707717776299,-0.6335343718528748,-0.16706210374832153,0.9971924424171448,-0.11869034916162491,-0.6252697706222534,-0.11524021625518799,0.9959526062011719,-0.057531487196683884,-0.5569050908088684,-0.2164897620677948,0.9984123706817627,-0.09581484645605087,-0.5528053641319275,-0.2007804811000824,0.9983919858932495,0.13887491822242737,-0.45770078897476196,-0.09597491472959518,0.9984841346740723,-0.1604723334312439,-0.4480886459350586,-0.014257178641855717,0.9987596273422241,0.14446277916431427,-0.19128765165805817,-0.07373848557472229,0.9573609828948975,-0.18663042783737183,-0.25346216559410095,-0.08595377951860428,0.8274319171905518,0.11725357174873352,0.01097631361335516,-0.14564386010169983,0.8906857371330261,-0.2097899317741394,-0.35845205187797546,-0.30732229351997375,0.8604894280433655,0.10599975287914276,0.06300824880599976,-0.1561174988746643,0.8345311880111694,-0.2133558690547943,-0.3922911584377289,-0.34990742802619934,0.8336926102638245,0.09307993203401566,0.056564368307590485,-0.18537591397762299,0.850244402885437,-0.22786463797092438,-0.4286639392375946,-0.33647918701171875,0.841314971446991,0.10205807536840439,0.017654864117503166,-0.1592954844236374,0.8271280527114868,-0.20687222480773926,-0.37455952167510986,-0.3090779781341553,0.8064356446266174,0.0995459109544754,-0.011820417828857899,-0.01569202169775963,0.4482535123825073,-0.10028687864542007,0.0025431597605347633,0.01736414059996605,0.49628928303718567,0.10523992031812668,0.03699477016925812,-0.0412047915160656,0.24482344090938568,-0.09773758053779602,0.14888820052146912,-0.052982546389102936,0.289221853017807,0.13055838644504547,0.2727799117565155,0.1732824742794037,0.04785032197833061,-0.07154709100723267,0.45075884461402893,0.15138627588748932,0.09859514236450195,0.13115370273590088,0.2873002886772156,0.1889953315258026,0.02111242152750492,-0.06302925944328308,0.4676583409309387,0.1711278259754181,0.0442429780960083,0.16373278200626373,0.2844695746898651,0.004631368443369865,0.06439275294542313,-0.08767886459827423,0.5152146220207214,0.0037057886365801096,0.11014707386493683,18,0.6,0.3596757650375366,0.6328486800193787,2.033620205565967e-07,,0.34782981872558594,0.5834998488426208,0.012135965749621391,,0.3509446382522583,0.5403153300285339,0.011124193668365479,,0.36162155866622925,0.5139816403388977,0.006993303075432777,,0.3744542598724365,0.49720925092697144,0.0034869913943111897,,0.34374839067459106,0.5178653597831726,-0.006179549731314182,,0.35448628664016724,0.4584577679634094,-0.013558444567024708,,0.3635617196559906,0.4247378706932068,-0.016336966305971146,,0.3722456097602844,0.3996952772140503,-0.017656981945037842,,0.3568096458911896,0.522351861000061,-0.01628801040351391,,0.3573983609676361,0.4527825117111206,-0.027339652180671692,,0.36251306533813477,0.41322946548461914,-0.030041126534342766,,0.3672143518924713,0.3846691846847534,-0.031038209795951843,,0.37213438749313354,0.5333090424537659,-0.023911675438284874,,0.386793315410614,0.4739721119403839,-0.028993936255574226,,0.3897090256214142,0.4896981716156006,-0.018710259348154068,,0.3863758146762848,0.5081498026847839,-0.009876498021185398,,0.3888721466064453,0.5493759512901306,-0.030960841104388237,,0.4002135694026947,0.505046546459198,-0.02964550256729126,,0.3985498547554016,0.5148844122886658,-0.019403448328375816,,0.3923130929470062,0.5286000967025757,-0.01078934594988823,
-0.0934809222817421,-0.5736624002456665,-0.23713527619838715,0.9982566237449646,-0.08181194216012955,-0.616019606590271,-0.23881801962852478,0.9970836639404297,-0.08238603174686432,-0.6157688498497009,-0.24061895906925201,0.9969273209571838,-0.08192087709903717,-0.6158642172813416,-0.23854704201221466,0.9970210790634155,-0.11403084546327591,-0.6149696707725525,-0.23196478188037872,0.9971914887428284,-0.11206373572349548,-0.6158351898193359,-0.23224826157093048,0.997288167476654,-0.11263814568519592,-0.6148569583892822,-0.2282184362411499,0.9973748922348022,0.011710661463439465,-0.6338269114494324,-0.16789919137954712,0.9973400235176086,-0.1201493963599205,-0.6252220869064331,-0.1163661926984787,0.9961283206939697,-0.05862288922071457,-0.5569687485694885,-0.217142254114151,0.9985013008117676,-0.09683232009410858,-0.552839457988739,-0.20152948796749115,0.998470664024353,0.13816408812999725,-0.4582826495170593,-0.09697683155536652,0.9985612630844116,-0.16054081916809082,-0.44781771302223206,-0.01536387950181961,0.9988144040107727,0.14453920722007751,-0.1914592832326889,-0.07447391003370285,0.9596515893936157,-0.18635642528533936,-0.2533244490623474,-0.08601514995098114,0.8358385562896729,0.11722294986248016,0.010460159741342068,-0.14577533304691315,0.8975178003311157,-0.2100551277399063,-0.35823896527290344,-0.30697187781333923,0.8713803291320801,0.10599800199270248,0.06251455843448639,-0.15675003826618195,0.8419491648674011,-0.21360093355178833,-0.39229077100753784,-0.3495352566242218,0.8445644974708557,0.09304697811603546,0.05582825839519501,-0.18591582775115967,0.8568467497825623,-0.22865252196788788,-0.4294505715370178,-0.3358798623085022,0.8513237237930298,0.10203751176595688,0.017040565609931946,-0.15943977236747742,0.8343401551246643,-0.2073332518339157,-0.37479493021965027,-0.30850282311439514,0.816754162311554,0.09956429153680801,-0.01185733824968338,-0.015722215175628662,0.4520088732242584,-0.10031652450561523,0.0026094154454767704,0.017381323501467705,0.4990258812904358,0.10433314740657806,0.038046643137931824,-0.040679607540369034,0.24124984443187714,-0.09937354922294617,0.1498437076807022,-0.05286693200469017,0.2838817536830902,0.12768657505512238,0.27359479665756226,0.1733483374118805,0.04702623933553696,-0.07286051660776138,0.45107394456863403,0.1515713334083557,0.09594574570655823,0.12812650203704834,0.2882061004638672,0.18883155286312103,0.020696092396974564,-0.06424447894096375,0.4680097997188568,0.1712699681520462,0.04296084865927696,0.15988944470882416,0.2858395576477051,0.006114749703556299,0.06352601945400238,-0.08873625099658966,0.5155184268951416,0.004122606944292784,0.10771122574806213,19,0.633,0.3597154915332794,0.6363778114318848,1.9924785021885327e-07,,0.34742414951324463,0.5877576470375061,0.01094595156610012,,0.3504413962364197,0.5450880527496338,0.00966610573232174,,0.3611491918563843,0.5185489654541016,0.005353659391403198,,0.3738246560096741,0.5015543699264526,0.001592525513842702,,0.34327924251556396,0.5225337147712708,-0.0058415415696799755,,0.35402965545654297,0.4635573625564575,-0.013281558640301228,,0.3629630208015442,0.4293128550052643,-0.016494957730174065,,0.3713645040988922,0.40363597869873047,-0.018181955441832542,,0.3565186858177185,0.5263356566429138,-0.015575799159705639,,0.3578360676765442,0.45768189430236816,-0.025912601500749588,,0.3631397485733032,0.4172845482826233,-0.028863469138741493,,0.36793795228004456,0.3879808485507965,-0.03033072128891945,,0.372057169675827,0.5368006825447083,-0.023097271099686623,,0.3867397904396057,0.4782595932483673,-0.028029467910528183,,0.38929903507232666,0.4938427805900574,-0.018561672419309616,,0.38582754135131836,0.5124247670173645,-0.010525909252464771,,0.38883987069129944,0.5523567199707031,-0.030171256512403488,,0.39958441257476807,0.5087352395057678,-0.02933431789278984,,0.3978632986545563,0.5183548331260681,-0.019765565171837807,,0.39179810881614685,0.5319691896438599,-0.011760306544601917,
-0.09505169838666916,-0.5737422704696655,-0.2389887571334839,0.9983296394348145,-0.08372137695550919,-0.6161118745803833,-0.24102512001991272,0.9971652626991272,-0.08429030328989029,-0.6158614754676819,-0.24283353984355927,0.996993362903595,-0.08381156623363495,-0.6159570813179016,-0.2407846301794052,0.9970983862876892,-0.11576128005981445,-0.6150006651878357,-0.2341359555721283,0.9972822070121765,-0.11379080265760422,-0.6158686876296997,-0.23439954221248627,0.9973730444908142,-0.11436466127634048,-0.6148898601531982,-0.23037634789943695,0.9974694848060608,0.009302924387156963,-0.6338974237442017,-0.17042993009090424,0.9974352121353149,-0.12173537164926529,-0.6251000761985779,-0.11906620860099792,0.9962348937988281,-0.06035627797245979,-0.5570259690284729,-0.21909470856189728,0.9985632300376892,-0.09832093864679337,-0.5528467297554016,-0.20351675152778625,0.9985255002975464,0.13616342842578888,-0.45846104621887207,-0.09805285185575485,0.998624324798584,-0.1614614874124527,-0.4476405680179596,-0.016442446038126945,0.9988625049591064,0.14400190114974976,-0.19166222214698792,-0.07470285147428513,0.9609254002571106,-0.18691818416118622,-0.25146353244781494,-0.08742356300354004,0.8398331999778748,0.11721110343933105,0.010476465336978436,-0.14708717167377472,0.90207839012146,-0.21143779158592224,-0.35649341344833374,-0.30753764510154724,0.8800156116485596,0.10612822324037552,0.062475234270095825,-0.15843278169631958,0.8472862243652344,-0.2150145322084427,-0.3900725841522217,-0.3509294390678406,0.8534343242645264,0.09317262470722198,0.05565027520060539,-0.18793469667434692,0.8616126179695129,-0.2307257056236267,-0.42735591530799866,-0.33771300315856934,0.8594508171081543,0.10204889625310898,0.017038781195878983,-0.16103100776672363,0.8391129374504089,-0.20898936688899994,-0.3727920651435852,-0.30929088592529297,0.8243049383163452,0.09950628131628036,-0.01202683337032795,-0.015726232901215553,0.4568134546279907,-0.10028839856386185,0.002763196360319853,0.017385032027959824,0.5046249032020569,0.10416734218597412,0.04350193217396736,-0.03679069131612778,0.24239932000637054,-0.09911748766899109,0.1673523634672165,-0.04988224431872368,0.2846471667289734,0.1276341825723648,0.2740744352340698,0.17520564794540405,0.04689919576048851,-0.07277005910873413,0.4560372233390808,0.15172041952610016,0.09586376696825027,0.1280566155910492,0.2887271046638489,0.19084432721138,0.020716752856969833,-0.0641561970114708,0.4730466604232788,0.17133815586566925,0.04291630536317825,0.1598227322101593,0.2876579463481903,0.013510370627045631,0.06401436775922775,-0.0886528342962265,0.5246392488479614,0.004969315137714148,0.10860844701528549,20,0.667,0.3593323230743408,0.6464658379554749,1.909522637788541e-07,,0.3471086919307709,0.5981449484825134,0.009901361539959908,,0.3499615788459778,0.5547618865966797,0.008442439138889313,,0.3611668348312378,0.5277418494224548,0.004045214504003525,,0.3737567067146301,0.5103013515472412,0.00014037700020708144,,0.3430822491645813,0.5331460237503052,-0.005978265777230263,,0.3540557324886322,0.47520846128463745,-0.01377891656011343,,0.3627300262451172,0.44066211581230164,-0.017543643712997437,,0.37082651257514954,0.4145306944847107,-0.019556961953639984,,0.3565416932106018,0.5365223288536072,-0.0154637536033988,,0.35794156789779663,0.46867629885673523,-0.025349263101816177,,0.3630111515522003,0.42775842547416687,-0.0283679012209177,,0.3676290512084961,0.3981267511844635,-0.029990825802087784,,0.3723630905151367,0.546504020690918,-0.022989556193351746,,0.3859872817993164,0.4876973628997803,-0.028353432193398476,,0.38838350772857666,0.5021440386772156,-0.019761763513088226,,0.3850192725658417,0.5208662748336792,-0.012255136854946613,,0.3892582058906555,0.5615677833557129,-0.030124202370643616,,0.3992474675178528,0.5163107514381409,-0.030114855617284775,,0.39767926931381226,0.5253197550773621,-0.021143635734915733,,0.39208537340164185,0.5395141839981079,-0.013475451618432999,
-0.09553767740726471,-0.5738214254379272,-0.2459205985069275,0.998395562171936,-0.08417540788650513,-0.6161869764328003,-0.24793384969234467,0.99722820520401,-0.08474085479974747,-0.6159361004829407,-0.24972501397132874,0.9970408082008362,-0.08425940573215485,-0.61603182554245,-0.247687429189682,0.9971559643745422,-0.11630869656801224,-0.6150633096694946,-0.24102100729942322,0.9973662495613098,-0.11433597654104233,-0.6159310936927795,-0.24129074811935425,0.9974571466445923,-0.11491094529628754,-0.6149518489837646,-0.2372809201478958,0.9975633025169373,0.008908170275390148,-0.6339173913002014,-0.17626281082630157,0.9975083470344543,-0.12242692708969116,-0.6250479817390442,-0.12520980834960938,0.9963449835777283,-0.06085110455751419,-0.557069718837738,-0.22562645375728607,0.9986216425895691,-0.09890338778495789,-0.552882194519043,-0.2101125419139862,0.9985834360122681,0.13577671349048615,-0.4584973454475403,-0.10156510025262833,0.9986822009086609,-0.16188299655914307,-0.44749194383621216,-0.021082071587443352,0.9989168047904968,0.1441127508878708,-0.1919439733028412,-0.07586172968149185,0.9627036452293396,-0.18742194771766663,-0.24783937633037567,-0.08990157395601273,0.8457515835762024,0.11719710379838943,0.008385851979255676,-0.14829912781715393,0.9071381092071533,-0.2132929563522339,-0.3505622446537018,-0.3094763159751892,0.8882591724395752,0.1061103418469429,0.05906956270337105,-0.1599828004837036,0.8529950976371765,-0.21710877120494843,-0.3847598433494568,-0.35356834530830383,0.8617443442344666,0.09312497079372406,0.050579845905303955,-0.1900964230298996,0.8667595982551575,-0.23298059403896332,-0.42280662059783936,-0.3416142463684082,0.8671141266822815,0.10203604400157928,0.014203955419361591,-0.16247554123401642,0.8444453477859497,-0.21090631186962128,-0.3674137592315674,-0.31170201301574707,0.8317844867706299,0.09949861466884613,-0.012104092165827751,-0.015657939016819,0.4583453834056854,-0.10029253363609314,0.002871321514248848,0.01730373315513134,0.5068689584732056,0.10414519160985947,0.04883895814418793,-0.03616514429450035,0.24176324903964996,-0.09878420829772949,0.1734960526227951,-0.049361854791641235,0.28321972489356995,0.12761421501636505,0.2773713767528534,0.17536714673042297,0.04654267057776451,-0.072688527405262,0.45880022644996643,0.15184162557125092,0.09487982094287872,0.12803389132022858,0.29212766885757446,0.19098715484142303,0.02064051665365696,-0.06410211324691772,0.47605714201927185,0.17141093313694,0.042407575994729996,0.1598459780216217,0.2936899960041046,0.015564939938485622,0.06382735073566437,-0.08795219659805298,0.5284218788146973,0.0052747237496078014,0.10790524631738663,21,0.7,0.3593060076236725,0.6640342473983765,1.7811447605708963e-07,,0.346301406621933,0.6140475869178772,0.012163576669991016,,0.3495110869407654,0.569090723991394,0.011216738261282444,,0.3600456118583679,0.54139643907547,0.007260546553879976,,0.3726497292518616,0.5228756666183472,0.003747469512745738,,0.3430253863334656,0.5460044145584106,-0.007257772609591484,,0.35355430841445923,0.4863012135028839,-0.015756821259856224,,0.3604097068309784,0.4507894814014435,-0.02033792808651924,,0.3671111762523651,0.4237560033798218,-0.023039301857352257,,0.35646289587020874,0.5521393418312073,-0.017506053671240807,,0.3582485318183899,0.4833613634109497,-0.02777085453271866,,0.36332938075065613,0.4427184462547302,-0.03073514625430107,,0.3679313063621521,0.41406840085983276,-0.03249727189540863,,0.3724541962146759,0.5638047456741333,-0.02529866062104702,,0.38531145453453064,0.5010245442390442,-0.029223622754216194,,0.38756510615348816,0.5135351419448853,-0.0188110563904047,,0.3845992982387543,0.5317865610122681,-0.010588596574962139,,0.3893985450267792,0.5802303552627563,-0.03259905427694321,,0.39926186203956604,0.5327519178390503,-0.031204821541905403,,0.3972443640232086,0.5414540767669678,-0.02083287388086319,,0.3917749524116516,0.556383490562439,-0.012300216592848301,
-0.0955592691898346,-0.5738012790679932,-0.25775253772735596,0.9984521269798279,-0.08434433490037918,-0.6161832213401794,-0.25906801223754883,0.9972869157791138,-0.08490647375583649,-0.6159342527389526,-0.2609061002731323,0.9970855116844177,-0.08441498130559921,-0.6160297393798828,-0.25888416171073914,0.9972065687179565,-0.11666391044855118,-0.6148959994316101,-0.2527647614479065,0.9974461793899536,-0.11468770354986191,-0.6157703995704651,-0.252982497215271,0.9975374341011047,-0.11525765806436539,-0.6147886514663696,-0.24898552894592285,0.9976527690887451,0.008338947780430317,-0.6338598728179932,-0.18428538739681244,0.9975654482841492,-0.12431105971336365,-0.6239264011383057,-0.1362466663122177,0.9964599609375,-0.060960523784160614,-0.5570505857467651,-0.23640964925289154,0.9986711740493774,-0.09920584410429001,-0.5526425242424011,-0.2218056470155716,0.9986361861228943,0.13525399565696716,-0.45848357677459717,-0.10573364049196243,0.9987306594848633,-0.16430503129959106,-0.4449559450149536,-0.03203031048178673,0.9989641308784485,0.14455851912498474,-0.19199904799461365,-0.07769379019737244,0.9634776711463928,-0.18940912187099457,-0.23509399592876434,-0.0971887931227684,0.8501444458961487,0.1162240207195282,0.007761052343994379,-0.15455888211727142,0.9097640514373779,-0.21338608860969543,-0.3327782452106476,-0.3160679340362549,0.8948963284492493,0.1043974906206131,0.05766332149505615,-0.16788317263126373,0.8558257818222046,-0.21692968904972076,-0.36747902631759644,-0.360969215631485,0.8685358166694641,0.09036890417337418,0.048040539026260376,-0.19847585260868073,0.8693129420280457,-0.23278740048408508,-0.4071747958660126,-0.35019993782043457,0.8733644485473633,0.10063699632883072,0.013230078853666782,-0.16929800808429718,0.8465756177902222,-0.2109355330467224,-0.35019969940185547,-0.3185335099697113,0.8372214436531067,0.09949182718992233,-0.012364654801785946,-0.014830426312983036,0.4540872871875763,-0.10029830783605576,0.0030770341400057077,0.01650814525783062,0.5037739276885986,0.10415040701627731,0.049616489559412,-0.03115599788725376,0.24224421381950378,-0.0982486754655838,0.1788410246372223,-0.04899328202009201,0.2834148108959198,0.12755915522575378,0.2775019109249115,0.180173859000206,0.04622381180524826,-0.072720468044281,0.4594886004924774,0.15146660804748535,0.09424681216478348,0.12797583639621735,0.2922804653644562,0.1963312327861786,0.020713508129119873,-0.0641840472817421,0.4765675961971283,0.17061655223369598,0.0420311763882637,0.16125695407390594,0.29394882917404175,0.02314334362745285,0.06397544592618942,-0.08708259463310242,0.5292871594429016,0.005521023645997047,0.10789915919303894,22,0.734,0.3572016954421997,0.689891517162323,1.8098883458605997e-07,,0.3438539505004883,0.6400705575942993,0.005213531199842691,,0.34553053975105286,0.5910329222679138,0.003149432362988591,,0.35665464401245117,0.5625399947166443,-0.0007308737840503454,,0.36848747730255127,0.5431505441665649,-0.004218656569719315,,0.34182873368263245,0.5730262994766235,-0.009456612169742584,,0.3531945049762726,0.5107807517051697,-0.01780175231397152,,0.36117827892303467,0.47417330741882324,-0.022065544500947,,0.3687637448310852,0.4468695819377899,-0.02413363941013813,,0.35631227493286133,0.5796154737472534,-0.016480298712849617,,0.357280433177948,0.5081168413162231,-0.025833847001194954,,0.3602181077003479,0.4669191539287567,-0.028649495914578438,,0.3640308380126953,0.43532460927963257,-0.02994958870112896,,0.37304434180259705,0.5910592675209045,-0.022036517038941383,,0.38350316882133484,0.5216200947761536,-0.029994266107678413,,0.3824932873249054,0.5306828022003174,-0.02445542812347412,,0.37838903069496155,0.5488483905792236,-0.018252700567245483,,0.38992395997047424,0.6076721549034119,-0.027237582951784134,,0.39890578389167786,0.5568639636039734,-0.030625231564044952,,0.39430534839630127,0.5618950128555298,-0.02401687763631344,,0.3877957761287689,0.5772446990013123,-0.017343005165457726,
-0.09541163593530655,-0.5739735960960388,-0.26831141114234924,0.9984910488128662,-0.08420134335756302,-0.6162636876106262,-0.268481582403183,0.9973063468933105,-0.08475836366415024,-0.6160169243812561,-0.27031221985816956,0.9970894455909729,-0.08426236361265182,-0.6161092519760132,-0.2683083117008209,0.9972156286239624,-0.11657222360372543,-0.6149316430091858,-0.2626989185810089,0.9974997043609619,-0.1145961806178093,-0.6158082485198975,-0.2628999650478363,0.9975973963737488,-0.11516686528921127,-0.6148248910903931,-0.258926123380661,0.9977214932441711,0.008436760865151882,-0.633633017539978,-0.19012686610221863,0.9975753426551819,-0.12542827427387238,-0.6232463717460632,-0.14476722478866577,0.9965420365333557,-0.06090667471289635,-0.5570796132087708,-0.24573959410190582,0.9987048506736755,-0.09922752529382706,-0.5526611804962158,-0.23191969096660614,0.9986764788627625,0.13488106429576874,-0.45808398723602295,-0.11029530316591263,0.9987593293190002,-0.16620242595672607,-0.4425242245197296,-0.042585354298353195,0.99900221824646,0.1446603387594223,-0.19174496829509735,-0.08012969046831131,0.9640265107154846,-0.18979611992835999,-0.22443434596061707,-0.10628398507833481,0.8543497920036316,0.112567238509655,0.006827109958976507,-0.15910084545612335,0.91086745262146,-0.21302442252635956,-0.30930522084236145,-0.32542574405670166,0.899976372718811,0.09908228367567062,0.056511908769607544,-0.17290370166301727,0.856063723564148,-0.21597759425640106,-0.3389189839363098,-0.37024620175361633,0.8732635378837585,0.08324263989925385,0.04573064297437668,-0.20504045486450195,0.8696474432945251,-0.23137980699539185,-0.3767049014568329,-0.36261051893234253,0.8777250647544861,0.09583485871553421,0.011845496483147144,-0.17438066005706787,0.8461892604827881,-0.21027755737304688,-0.325353741645813,-0.328912615776062,0.8405218124389648,0.09947556257247925,-0.012514512985944748,-0.013745755888521671,0.45126253366470337,-0.10029718279838562,0.0033054400701075792,0.015396698378026485,0.5013335347175598,0.10323446244001389,0.056196559220552444,-0.029206518083810806,0.2449781745672226,-0.09659037739038467,0.18362674117088318,-0.04899422079324722,0.28457146883010864,0.1262993961572647,0.2963781952857971,0.18019410967826843,0.047135237604379654,-0.0726667046546936,0.4632747769355774,0.1505391001701355,0.09464208781719208,0.12677976489067078,0.31355589628219604,0.1962670385837555,0.021103112027049065,-0.06415800005197525,0.4809116721153259,0.16935905814170837,0.04176514968276024,0.16124233603477478,0.3168472349643707,0.023133831098675728,0.06520368903875351,-0.08539722114801407,0.5328900814056396,0.005658793728798628,0.10819192975759506,23,0.767,0.3596758544445038,0.7235917448997498,1.4403893544567836e-07,,0.3445974886417389,0.6689594984054565,0.014135608449578285,,0.34853795170783997,0.6212828755378723,0.013273213990032673,,0.3589622676372528,0.5920918583869934,0.009386078454554081,,0.37220504879951477,0.5714390277862549,0.005935952067375183,,0.34309640526771545,0.6025536060333252,-0.009698068723082542,,0.35371389985084534,0.5420936942100525,-0.018933681771159172,,0.360475093126297,0.5071226358413696,-0.02297847531735897,,0.3682282269001007,0.4807596206665039,-0.024866748601198196,,0.3572976887226105,0.6116634607315063,-0.02083531953394413,,0.3592694401741028,0.5419652462005615,-0.0343356728553772,,0.36226823925971985,0.49745628237724304,-0.037484169006347656,,0.36622849106788635,0.46699798107147217,-0.03829488530755043,,0.3742946684360504,0.6243289113044739,-0.028771165758371353,,0.38458964228630066,0.5553527474403381,-0.03364286571741104,,0.38391879200935364,0.5603063702583313,-0.020625246688723564,,0.3812858462333679,0.5752925872802734,-0.009760614484548569,,0.39214345812797546,0.6409425139427185,-0.03599635139107704,,0.398369699716568,0.5889505743980408,-0.033492814749479294,,0.39417779445648193,0.5924858450889587,-0.020338844507932663,,0.3899260461330414,0.6061453223228455,-0.009178473614156246,
-0.09503127634525299,-0.573663055896759,-0.2713467478752136,0.9985454082489014,-0.08386880159378052,-0.6159188747406006,-0.2714458703994751,0.9973586201667786,-0.08442079275846481,-0.6156712174415588,-0.27326181530952454,0.9971342086791992,-0.08392269164323807,-0.6157565116882324,-0.271250456571579,0.9972590208053589,-0.11645570397377014,-0.6144309639930725,-0.2656334936618805,0.9975792169570923,-0.1144770160317421,-0.6153093576431274,-0.26584112644195557,0.9976817965507507,-0.11504539847373962,-0.6143195033073425,-0.26187118887901306,0.9978103041648865,0.008536647073924541,-0.6327959299087524,-0.1932230442762375,0.9976273775100708,-0.12548574805259705,-0.621651828289032,-0.14798438549041748,0.9966744184494019,-0.06066245958209038,-0.5566315054893494,-0.24894239008426666,0.998760998249054,-0.09916016459465027,-0.5519714951515198,-0.23511125147342682,0.9987372159957886,0.1351224184036255,-0.4573899209499359,-0.11343370378017426,0.9988014698028564,-0.1663438230752945,-0.43970364332199097,-0.04665409028530121,0.9990484714508057,0.14621087908744812,-0.1916327327489853,-0.08104687184095383,0.9647842645645142,-0.1896275132894516,-0.2164376676082611,-0.11046425253152847,0.8588229417800903,0.11166249215602875,0.0038029756397008896,-0.15945377945899963,0.9117823839187622,-0.20832733809947968,-0.29632309079170227,-0.33031517267227173,0.9046187400817871,0.09721653163433075,0.05334361270070076,-0.17300845682621002,0.855526864528656,-0.2090499997138977,-0.32314950227737427,-0.3743782043457031,0.8773155808448792,0.08093185722827911,0.041358545422554016,-0.20542626082897186,0.8693460822105408,-0.22389717400074005,-0.35985231399536133,-0.36783063411712646,0.881449818611145,0.09446036070585251,0.00819935742765665,-0.17480018734931946,0.8449825048446655,-0.2047336995601654,-0.3117027282714844,-0.33409467339515686,0.8430312275886536,0.09950772672891617,-0.01264286506921053,-0.013370954431593418,0.4433988630771637,-0.10035315155982971,0.0034632079768925905,0.01501568965613842,0.4926735758781433,0.099134162068367,0.05609891936182976,-0.029181350022554398,0.24911852180957794,-0.09667747467756271,0.18333400785923004,-0.049654874950647354,0.2858567535877228,0.12056750804185867,0.29695549607276917,0.17925482988357544,0.048117272555828094,-0.0758906900882721,0.46329960227012634,0.1505960375070572,0.09468723833560944,0.12078554183244705,0.31402894854545593,0.19512954354286194,0.021321367472410202,-0.06827512383460999,0.48093730211257935,0.16942454874515533,0.04114346578717232,0.15710170567035675,0.31704121828079224,0.019903389737010002,0.06634745001792908,-0.08861496299505234,0.5331094861030579,0.005798288155347109,0.10794126987457275,24,0.8,0.3605474531650543,0.7526806592941284,1.2968679641289782e-07,,0.3508499562740326,0.7035852670669556,-0.0028212054166942835,,0.35444825887680054,0.6521421074867249,-0.005759664811193943,,0.36691585183143616,0.6195973753929138,-0.007934728637337685,,0.3770454525947571,0.597290575504303,-0.00911285262554884,,0.3486825227737427,0.6348012685775757,-0.01539885438978672,,0.3582937717437744,0.5740066170692444,-0.019396740943193436,,0.36330410838127136,0.5424625277519226,-0.01962362788617611,,0.3683888018131256,0.5188642144203186,-0.01899770461022854,,0.3618762195110321,0.6448222398757935,-0.016516055911779404,,0.36432206630706787,0.5780972242355347,-0.021683089435100555,,0.36519548296928406,0.541892409324646,-0.021530747413635254,,0.3678693473339081,0.5188871622085571,-0.020890289917588234,,0.37812498211860657,0.6591802835464478,-0.01659039966762066,,0.38795942068099976,0.5952571630477905,-0.0222251545637846,,0.3848571479320526,0.6041295528411865,-0.018972449004650116,,0.38202211260795593,0.6236480474472046,-0.014765854924917221,,0.394745409488678,0.6761716604232788,-0.01657366007566452,,0.40001827478408813,0.6281135678291321,-0.018353261053562164,,0.3945745825767517,0.6351021528244019,-0.01370158325880766,,0.3921278715133667,0.6523671746253967,-0.009098591282963753,
-0.08991893380880356,-0.5724024772644043,-0.27782320976257324,0.998573899269104,-0.07901501655578613,-0.6146536469459534,-0.2772173583507538,0.997379720211029,-0.07954404503107071,-0.6143999099731445,-0.2790051996707916,0.9971495270729065,-0.07904402166604996,-0.6144742369651794,-0.2769641876220703,0.997269332408905,-0.11255299299955368,-0.6130445003509521,-0.2719499170780182,0.9976316094398499,-0.1105518639087677,-0.6139105558395386,-0.2722303867340088,0.9977411031723022,-0.1111326590180397,-0.6129164099693298,-0.2682478725910187,0.9978718757629395,0.012159153819084167,-0.6308220624923706,-0.19731812179088593,0.9976561665534973,-0.12452729791402817,-0.6191540956497192,-0.1546604335308075,0.9967931509017944,-0.055908285081386566,-0.5550310611724854,-0.2547191381454468,0.9988041520118713,-0.09551235288381577,-0.5501415729522705,-0.24171820282936096,0.9987872838973999,0.1389515995979309,-0.45567336678504944,-0.11685574799776077,0.9988124966621399,-0.1655205935239792,-0.43687498569488525,-0.056458260864019394,0.9990831017494202,0.15180866420269012,-0.1899053156375885,-0.08478870242834091,0.9654300808906555,-0.18559713661670685,-0.20965740084648132,-0.11782906204462051,0.864686131477356,0.11217068135738373,0.001893424428999424,-0.1620934158563614,0.9129226803779602,-0.19758087396621704,-0.26507237553596497,-0.3332793116569519,0.9088370203971863,0.0973973423242569,0.051673028618097305,-0.1761636734008789,0.8545171022415161,-0.19734856486320496,-0.28194376826286316,-0.3772365152835846,0.8802631497383118,0.08127185702323914,0.03845291957259178,-0.20917898416519165,0.8685757517814636,-0.20849992334842682,-0.31668519973754883,-0.3731331527233124,0.884183943271637,0.09474747627973557,0.00569468317553401,-0.17763732373714447,0.8439392447471619,-0.19235631823539734,-0.27794700860977173,-0.3379446268081665,0.8453375697135925,0.09965385496616364,-0.012661894783377647,-0.012299565598368645,0.43341439962387085,-0.10053776949644089,0.0035219057463109493,0.013857695274055004,0.48134779930114746,0.09872262179851532,0.05575054511427879,-0.0294793751090765,0.24677853286266327,-0.09667250514030457,0.18135711550712585,-0.051464200019836426,0.28179043531417847,0.11852645874023438,0.29950663447380066,0.17812736332416534,0.04768095910549164,-0.07618673890829086,0.4624524712562561,0.15046043694019318,0.0925087183713913,0.11885466426610947,0.31676650047302246,0.1936436891555786,0.021089620888233185,-0.06860752403736115,0.4803536534309387,0.1693098545074463,0.03982675448060036,0.15651477873325348,0.3192509412765503,0.01878589577972889,0.06527330726385117,-0.08809076994657516,0.532088041305542,0.005579011049121618,0.10479920357465744,25,0.834,0.36181309819221497,0.7912245988845825,-2.7177678774137348e-08,,0.35391896963119507,0.7474890947341919,-0.006507047452032566,,0.35863810777664185,0.6923241019248962,-0.009540584869682789,,0.3698672652244568,0.652926504611969,-0.010018957778811455,,0.3776790499687195,0.6233247518539429,-0.00934748724102974,,0.35596153140068054,0.6769963502883911,-0.01971321739256382,,0.36755606532096863,0.6170344948768616,-0.022816043347120285,,0.3715358078479767,0.5899127125740051,-0.021702788770198822,,0.37315699458122253,0.570186972618103,-0.020280243828892708,,0.36935436725616455,0.6929196119308472,-0.017451750114560127,,0.3854374587535858,0.6361186504364014,-0.02212824486196041,,0.383760005235672,0.6432070732116699,-0.018502937629818916,,0.3795855641365051,0.6603943109512329,-0.014331445097923279,,0.3833625018596649,0.7135266661643982,-0.014188011176884174,,0.3948553502559662,0.6599447727203369,-0.018013983964920044,,0.38906311988830566,0.67274010181427,-0.011590526439249516,,0.38440701365470886,0.6907092332839966,-0.00571667542681098,,0.39660030603408813,0.7352861166000366,-0.010886435396969318,,0.40364110469818115,0.689250111579895,-0.00947214849293232,,0.39663442969322205,0.698065459728241,-0.0019100018544122577,,0.39245468378067017,0.715219259262085,0.0039844028651714325,
-0.09025465697050095,-0.5710625052452087,-0.2787647247314453,0.9984641075134277,-0.07980488240718842,-0.6135372519493103,-0.27900493144989014,0.9971862435340881,-0.0803212895989418,-0.6132864356040955,-0.2808420956134796,0.9969524145126343,-0.07981056720018387,-0.6133714914321899,-0.2788099944591522,0.9970698356628418,-0.11333908140659332,-0.611680269241333,-0.2729785144329071,0.9974643588066101,-0.11133555322885513,-0.6125723123550415,-0.27321991324424744,0.9975975751876831,-0.11192005127668381,-0.61158686876297,-0.26925140619277954,0.9977400302886963,0.012136370874941349,-0.630435049533844,-0.20252864062786102,0.9974969029426575,-0.12448199838399887,-0.6181864142417908,-0.15645188093185425,0.9966408014297485,-0.05592691898345947,-0.5541237592697144,-0.25657740235328674,0.9987602233886719,-0.09551533311605453,-0.5489446520805359,-0.24267330765724182,0.9987329840660095,0.14113137125968933,-0.45547276735305786,-0.12648452818393707,0.9987664222717285,-0.16396218538284302,-0.43680793046951294,-0.061268895864486694,0.9990611672401428,0.15665578842163086,-0.1898340880870819,-0.09680450707674026,0.9639479517936707,-0.18203724920749664,-0.20702436566352844,-0.11678643524646759,0.8611571192741394,0.1122165396809578,-0.0005465804715640843,-0.1715293973684311,0.9073847532272339,-0.19536109268665314,-0.22986580431461334,-0.32441678643226624,0.9050304293632507,0.09755419939756393,0.05036138370633125,-0.1882178783416748,0.8469605445861816,-0.19623062014579773,-0.23438958823680878,-0.36756178736686707,0.8750377893447876,0.08105376362800598,0.03624216839671135,-0.22284331917762756,0.8621301054954529,-0.20526979863643646,-0.2659624516963959,-0.37208712100982666,0.8795325756072998,0.09479469060897827,0.00323710055090487,-0.18795105814933777,0.8364691138267517,-0.1897665113210678,-0.2387108951807022,-0.3321947753429413,0.8389256000518799,0.09958777576684952,-0.012483146041631699,-0.012305612675845623,0.42368432879447937,-0.1004953682422638,0.0034351670183241367,0.013864327222108841,0.46934741735458374,0.09621480107307434,0.06632789969444275,-0.029919136315584183,0.2502470314502716,-0.09606892615556717,0.18220198154449463,-0.05141386017203331,0.28441107273101807,0.11613105237483978,0.32049351930618286,0.1709660291671753,0.04886290431022644,-0.07481025904417038,0.4636368751525879,0.14713941514492035,0.0935608446598053,0.11637694388628006,0.339982807636261,0.18594546616077423,0.0215157438069582,-0.06751704961061478,0.4818885028362274,0.16549985110759735,0.040206532925367355,0.15217190980911255,0.34440091252326965,0.015673205256462097,0.06631480157375336,-0.08787281811237335,0.532677173614502,0.005674953106790781,0.10543832927942276,26,0.867,0.36502769589424133,0.8750435709953308,9.37334760919839e-08,,0.3615879714488983,0.8235591650009155,-0.001223390456289053,,0.36436253786087036,0.7652422785758972,-0.003966875374317169,,0.3720478415489197,0.7266395688056946,-0.006404739338904619,,0.3801953196525574,0.7025222778320312,-0.008695568889379501,,0.361492782831192,0.758969247341156,-0.01311499159783125,,0.367940217256546,0.7121737003326416,-0.02129375748336315,,0.37294307351112366,0.68271803855896,-0.026602214202284813,,0.37748584151268005,0.6581066250801086,-0.03046039491891861,,0.369646817445755,0.7770380973815918,-0.0175474900752306,,0.3738643527030945,0.7306964993476868,-0.024723410606384277,,0.37775710225105286,0.70047926902771,-0.028365913778543472,,0.3813492953777313,0.6733315587043762,-0.031149109825491905,,0.380382239818573,0.8007140159606934,-0.02140820026397705,,0.38354969024658203,0.7562875151634216,-0.028753940016031265,,0.3863275349140167,0.7282209992408752,-0.029160451143980026,,0.3892328441143036,0.7039486169815063,-0.029152873903512955,,0.3932752311229706,0.8278440237045288,-0.02512957714498043,,0.3979451358318329,0.7964977025985718,-0.031077463179826736,,0.40073660016059875,0.7748299837112427,-0.030070623382925987,,0.40398091077804565,0.7566367983818054,-0.028700396418571472,
-0.09319725632667542,-0.5716708898544312,-0.28158605098724365,0.9982942938804626,-0.08339039981365204,-0.6140511631965637,-0.2823016345500946,0.9969577193260193,-0.0838702842593193,-0.6138081550598145,-0.2842019200325012,0.9967259764671326,-0.08334758132696152,-0.6139105558395386,-0.2821861207485199,0.9968646764755249,-0.1169988214969635,-0.6121110916137695,-0.27543750405311584,0.9972383379936218,-0.11498019099235535,-0.6130257248878479,-0.2756441831588745,0.9973880648612976,-0.11559363454580307,-0.6120531558990479,-0.27169477939605713,0.9975427985191345,0.010974138043820858,-0.6307950019836426,-0.20738716423511505,0.997255265712738,-0.12573570013046265,-0.6183667778968811,-0.15864811837673187,0.9963367581367493,-0.05737559497356415,-0.5547080039978027,-0.25974416732788086,0.9986677765846252,-0.09693931043148041,-0.5494349598884583,-0.24502746760845184,0.9986153841018677,0.14108212292194366,-0.456086665391922,-0.14045672118663788,0.9986770749092102,-0.16391845047473907,-0.4374011754989624,-0.0654246136546135,0.9989609122276306,0.155951127409935,-0.19246163964271545,-0.11599374562501907,0.9624584317207336,-0.1807967573404312,-0.2048596888780594,-0.10854116082191467,0.8501404523849487,0.0983673483133316,-0.006667336914688349,-0.1927213966846466,0.903589129447937,-0.1955638974905014,-0.1754787117242813,-0.30245375633239746,0.8932249546051025,0.0838519036769867,0.0465506836771965,-0.21747873723506927,0.8437893986701965,-0.196775421500206,-0.16210344433784485,-0.3473120629787445,0.8626427054405212,0.06299252063035965,0.03082878701388836,-0.2531442642211914,0.8595375418663025,-0.2047286182641983,-0.19068987667560577,-0.3619287610054016,0.8685805797576904,0.0798477828502655,-0.002958574565127492,-0.21022263169288635,0.834017276763916,-0.18971161544322968,-0.17974868416786194,-0.3141978979110718,0.8278157114982605,0.0993286669254303,-0.012311208061873913,-0.012722983956336975,0.43443870544433594,-0.10026159882545471,0.0034327625762671232,0.01425147894769907,0.47790855169296265,0.09629718959331512,0.09699272364377975,-0.029882410541176796,0.2580540180206299,-0.09383940696716309,0.19182516634464264,-0.04485504329204559,0.29250743985176086,0.11211584508419037,0.3555874824523926,0.17109417915344238,0.051841165870428085,-0.07104862481355667,0.4784766137599945,0.14725810289382935,0.0988921970129013,0.11166159808635712,0.3779554069042206,0.18618857860565186,0.02286509983241558,-0.06418803334236145,0.4992773234844208,0.16549575328826904,0.04286694526672363,0.1423654407262802,0.39421916007995605,0.024605590850114822,0.06897704303264618,-0.08656816929578781,0.5506566762924194,0.013436131179332733,0.10973874479532242,27,0.9,,,,,,,,,,,,,,,,,,,,,,,,,,,,,,,,,,,,,,,,,,,,,,,,,,,,,,,,,,,,,,,,,,,,,,,,,,,,,,,,,,,,
-0.09449521452188492,-0.5761691927909851,-0.288594126701355,0.9982678890228271,-0.08397562801837921,-0.6183052062988281,-0.28817465901374817,0.9969348311424255,-0.08442532271146774,-0.6180315017700195,-0.2900521457195282,0.9967461228370667,-0.08392425626516342,-0.6181421279907227,-0.28811854124069214,0.9968715906143188,-0.11827532202005386,-0.616237461566925,-0.28044724464416504,0.9971736073493958,-0.11624936014413834,-0.6171596646308899,-0.28060486912727356,0.9973408579826355,-0.1168675646185875,-0.6162071824073792,-0.2767289876937866,0.9974791407585144,0.012193829752504826,-0.6329865455627441,-0.21258404850959778,0.9971857666969299,-0.1258692443370819,-0.6203091144561768,-0.1596546471118927,0.9963002800941467,-0.057573892176151276,-0.5584511756896973,-0.26648059487342834,0.9986875653266907,-0.09764549136161804,-0.5529953241348267,-0.2503450810909271,0.9986176490783691,0.1448526531457901,-0.45696038007736206,-0.15634912252426147,0.9987143874168396,-0.16517260670661926,-0.4390964210033417,-0.0759832039475441,0.9989725947380066,0.1602252870798111,-0.19896413385868073,-0.13858218491077423,0.9620933532714844,-0.19755969941616058,-0.205509215593338,-0.09310588985681534,0.8485921025276184,0.09932839870452881,-0.02003130502998829,-0.21717672049999237,0.890522301197052,-0.1957555115222931,-0.12652333080768585,-0.266252338886261,0.8693268299102783,0.08511248975992203,0.036754947155714035,-0.2475830465555191,0.8282098770141602,-0.1967739760875702,-0.09374821931123734,-0.30340829491615295,0.8357487916946411,0.06161441653966904,0.021543148905038834,-0.28943493962287903,0.8481337428092957,-0.1964341253042221,-0.11536211520433426,-0.3325037956237793,0.8465359210968018,0.08024916052818298,-0.01484039705246687,-0.23782896995544434,0.8215636014938354,-0.18941575288772583,-0.12470568716526031,-0.28287020325660706,0.8066964149475098,0.09942203015089035,-0.012296084314584732,-0.013369416818022728,0.4298359453678131,-0.10034335404634476,0.0034626100677996874,0.014880247414112091,0.4699384272098541,0.0917763039469719,0.0908665731549263,-0.03486630320549011,0.25712424516677856,-0.09145025908946991,0.2022196650505066,-0.04548155516386032,0.2912508547306061,0.11289852857589722,0.3570879399776459,0.17026697099208832,0.052968673408031464,-0.0714254379272461,0.5000594854354858,0.15523143112659454,0.10026746988296509,0.11274618655443192,0.37948551774024963,0.18623283505439758,0.02309858612716198,-0.06583584100008011,0.52228844165802,0.17782047390937805,0.04328521341085434,0.14324341714382172,0.39090579748153687,0.023332662880420685,0.06941395252943039,-0.09810683876276016,0.5666170120239258,0.031145455315709114,0.1098078042268753,28,0.934,,,,,,,,,,,,,,,,,,,,,,,,,,,,,,,,,,,,,,,,,,,,,,,,,,,,,,,,,,,,,,,,,,,,,,,,,,,,,,,,,,,,
-0.0930785983800888,-0.5777589678764343,-0.2992396950721741,0.9982346296310425,-0.08071108162403107,-0.619487464427948,-0.29867056012153625,0.996882975101471,-0.08110401779413223,-0.6191895604133606,-0.3005247414112091,0.9967532753944397,-0.08064721524715424,-0.6192916035652161,-0.29865899682044983,0.9968537092208862,-0.11575224250555038,-0.6177912354469299,-0.290600061416626,0.9970480799674988,-0.11373157054185867,-0.6186895370483398,-0.29069313406944275,0.997231662273407,-0.11436264216899872,-0.6177277565002441,-0.2868572175502777,0.9973436594009399,0.01981021650135517,-0.6329677700996399,-0.2249758094549179,0.9970971345901489,-0.12133210897445679,-0.6209276914596558,-0.16732507944107056,0.9962056875228882,-0.05543849989771843,-0.5593066811561584,-0.277477890253067,0.998711109161377,-0.09604841470718384,-0.5542672276496887,-0.2601875066757202,0.99862140417099,0.1504766196012497,-0.4559110105037689,-0.17126064002513885,0.9987800717353821,-0.16470801830291748,-0.44092392921447754,-0.09413173794746399,0.9990187287330627,0.166416198015213,-0.2010437399148941,-0.15826037526130676,0.9615283608436584,-0.21259550750255585,-0.20673230290412903,-0.08088328689336777,0.8517083525657654,0.10150861740112305,-0.026957817375659943,-0.23354192078113556,0.8706343770027161,-0.19556522369384766,-0.08516014367341995,-0.2120429277420044,0.8449615240097046,0.08688505738973618,0.03069772943854332,-0.26240086555480957,0.802806556224823,-0.19150923192501068,-0.03847527503967285,-0.2367316633462906,0.8052014708518982,0.06342404335737228,0.01751095987856388,-0.3035393953323364,0.8283134698867798,-0.1809828281402588,-0.05187847092747688,-0.2696681618690491,0.8211968541145325,0.08062291145324707,-0.02052084356546402,-0.2535403370857239,0.7994523644447327,-0.18506889045238495,-0.07743573188781738,-0.22869454324245453,0.7816305160522461,0.09955542534589767,-0.011641088873147964,-0.013807423412799835,0.41068845987319946,-0.10039771348237991,0.003087033750489354,0.015320664271712303,0.4479503333568573,0.08083352446556091,0.08258038759231567,-0.03671203553676605,0.24917805194854736,-0.09154631942510605,0.1980430781841278,-0.04627317562699318,0.2835519313812256,0.11303848773241043,0.34830787777900696,0.17634768784046173,0.05222751200199127,-0.07955021411180496,0.49895384907722473,0.1775239109992981,0.09793906658887863,0.11304865777492523,0.36950361728668213,0.19572168588638306,0.022463692352175713,-0.0773761197924614,0.5207915306091309,0.20759746432304382,0.04213875159621239,0.1422308385372162,0.3775869309902191,0.024312200024724007,0.0676940456032753,-0.1214989498257637,0.5628952383995056,0.06071732938289642,0.10623462498188019,29,0.967,,,,,,,,,,,,,,,,,,,,,,,,,,,,,,,,,,,,,,,,,,,,,,,,,,,,,,,,,,,,,,,,,,,,,,,,,,,,,,,,,,,,
-0.08640802651643753,-0.5782247185707092,-0.30132877826690674,0.9979578256607056,-0.07189974933862686,-0.6196537017822266,-0.3013532757759094,0.9964686632156372,-0.07224870473146439,-0.6193564534187317,-0.30319494009017944,0.9964480400085449,-0.0718165785074234,-0.6194630265235901,-0.30133122205734253,0.9965192079544067,-0.10697698593139648,-0.618229866027832,-0.29350247979164124,0.9964478611946106,-0.10494712740182877,-0.619123637676239,-0.29357877373695374,0.9966685771942139,-0.1055951938033104,-0.6181532144546509,-0.28974297642707825,0.9967427849769592,0.028867848217487335,-0.6324816942214966,-0.22951823472976685,0.996644914150238,-0.11160729080438614,-0.6213412880897522,-0.17146046459674835,0.9955065250396729,-0.04911644756793976,-0.5594878196716309,-0.2799479365348816,0.9985981583595276,-0.08959746360778809,-0.5548256039619446,-0.262688547372818,0.9984441995620728,0.1543896645307541,-0.4539787173271179,-0.17370249330997467,0.9988133311271667,-0.15993328392505646,-0.44323107600212097,-0.09945274144411087,0.9990237951278687,0.171993225812912,-0.2020043432712555,-0.1626945585012436,0.9605299234390259,-0.2103269100189209,-0.20699599385261536,-0.057837799191474915,0.8534404635429382,0.10710235685110092,-0.028242014348506927,-0.23721477389335632,0.852956235408783,-0.20054073631763458,-0.0564892441034317,-0.14921140670776367,0.821617066860199,0.09357950836420059,0.02960258536040783,-0.2657834589481354,0.7801131010055542,-0.19768951833248138,-0.002059315098449588,-0.1671934574842453,0.7763943076133728,0.06563657522201538,0.01703888177871704,-0.30410537123680115,0.809938371181488,-0.1839064657688141,-0.010286351665854454,-0.20296694338321686,0.7969162464141846,0.08515460044145584,-0.02142384834587574,-0.25600507855415344,0.7790104150772095,-0.18770572543144226,-0.04480382427573204,-0.1662220060825348,0.7580835223197937,0.09950879961252213,-0.009333395399153233,-0.014366590417921543,0.3950101435184479,-0.10029073059558868,0.0013946734834462404,0.01584428921341896,0.42775624990463257,0.06805990636348724,0.08915688842535019,-0.0402633473277092,0.24271419644355774,-0.09315623342990875,0.19493156671524048,-0.047118641436100006,0.27771657705307007,0.09960649907588959,0.3682664632797241,0.17369943857192993,0.052080318331718445,-0.08614037930965424,0.502587616443634,0.17529384791851044,0.09616043418645859,0.09982128441333771,0.3910108804702759,0.1932113766670227,0.02207760512828827,-0.08546827733516693,0.5255854725837708,0.20369839668273926,0.041380625218153,0.12151742726564407,0.3935092091560364,0.022589560598134995,0.06669442355632782,-0.13430742919445038,0.560221254825592,0.05992283672094345,0.10340213775634766,30,1.001,,,,,,,,,,,,,,,,,,,,,,,,,,,,,,,,,,,,,,,,,,,,,,,,,,,,,,,,,,,,,,,,,,,,,,,,,,,,,,,,,,,,
-0.08397430926561356,-0.5790311694145203,-0.30540433526039124,0.9977802634239197,-0.06825385242700577,-0.62004154920578,-0.3055226802825928,0.9962041974067688,-0.06859176605939865,-0.6197417378425598,-0.3073675036430359,0.9962759017944336,-0.0681675598025322,-0.6198483109474182,-0.3055232763290405,0.9963216185569763,-0.10343345254659653,-0.6189666390419006,-0.2978101670742035,0.996032178401947,-0.1014120802283287,-0.6198447346687317,-0.2978622317314148,0.9962740540504456,-0.10207254439592361,-0.6188647150993347,-0.294019490480423,0.9962990880012512,0.03240137919783592,-0.6318381428718567,-0.23402486741542816,0.9963935613632202,-0.10851220786571503,-0.6216176152229309,-0.1755581796169281,0.9949986338615417,-0.047119151800870895,-0.559787929058075,-0.28391826152801514,0.9985427260398865,-0.08770374208688736,-0.5555505752563477,-0.2665586471557617,0.9983385801315308,0.15607111155986786,-0.4516192376613617,-0.17797411978244781,0.9988575577735901,-0.1586536467075348,-0.44470274448394775,-0.10564307868480682,0.9990383386611938,0.17480580508708954,-0.20190419256687164,-0.16811932623386383,0.9595145583152771,-0.2085884064435959,-0.2073901891708374,-0.055123284459114075,0.8547788858413696,0.1119161993265152,-0.026620425283908844,-0.24323788285255432,0.8346178531646729,-0.20207466185092926,-0.04530344903469086,-0.14371204376220703,0.7989904284477234,0.0992424488067627,0.03074515238404274,-0.27189144492149353,0.7569882273674011,-0.20014208555221558,0.011684550903737545,-0.16083699464797974,0.7490332722663879,0.06819029152393341,0.017812542617321014,-0.30970677733421326,0.7913891673088074,-0.18688200414180756,0.0074346004985272884,-0.19657880067825317,0.7740768194198608,0.0891791507601738,-0.019832564517855644,-0.2616986334323883,0.7587440013885498,-0.1881376951932907,-0.031300999224185944,-0.16081006824970245,0.7362568974494934,0.09961268305778503,-0.007977164350450039,-0.014742786064743996,0.3827894926071167,-0.10031221061944962,0.0004414441355038434,0.01620667241513729,0.4134017527103424,0.06680622696876526,0.08686082810163498,-0.042092304676771164,0.23511777818202972,-0.09392663836479187,0.19059720635414124,-0.04931418225169182,0.27221447229385376,0.10038945823907852,0.3622075617313385,0.17845119535923004,0.0511167012155056,-0.08973303437232971,0.5099846720695496,0.1761501431465149,0.09480458498001099,0.10081706196069717,0.3843289315700531,0.1995011866092682,0.02147151157259941,-0.0897090882062912,0.5336867570877075,0.20580103993415833,0.040692321956157684,0.12162180244922638,0.38546520471572876,0.027445022016763687,0.06492923945188522,-0.13950379192829132,0.5603185892105103,0.06279755383729935,0.1008068099617958,31,1.034,,,,,,,,,,,,,,,,,,,,,,,,,,,,,,,,,,,,,,,,,,,,,,,,,,,,,,,,,,,,,,,,,,,,,,,,,,,,,,,,,,,,
-0.06173213571310043,-0.6149125099182129,-0.2818818688392639,0.9997590184211731,-0.04546002298593521,-0.6533880829811096,-0.27292463183403015,0.9995736479759216,-0.045930974185466766,-0.6529877185821533,-0.27495765686035156,0.9995946288108826,-0.04553687572479248,-0.6529722213745117,-0.27289512753486633,0.9994959831237793,-0.08403777331113815,-0.6543769240379333,-0.26981374621391296,0.9996059536933899,-0.08200498670339584,-0.6552072763442993,-0.2700255513191223,0.9996538162231445,-0.0824889987707138,-0.6542120575904846,-0.26611828804016113,0.9996215105056763,0.04683208465576172,-0.6411123275756836,-0.18178239464759827,0.9994827508926392,-0.10956404358148575,-0.6425101161003113,-0.147406205534935,0.9996784925460815,-0.030233100056648254,-0.5867407321929932,-0.25698336958885193,0.999858021736145,-0.07563649117946625,-0.5849789381027222,-0.24594919383525848,0.9998643398284912,0.16339215636253357,-0.4415997266769409,-0.14673027396202087,0.9993491768836975,-0.18574242293834686,-0.44840317964553833,-0.07395187765359879,0.9994783997535706,0.2039542943239212,-0.22089959681034088,-0.19321882724761963,0.9728975892066956,-0.26331615447998047,-0.21551069617271423,-0.08392737060785294,0.934809684753418,0.015714380890130997,-0.1198163628578186,-0.33514636754989624,0.8025605082511902,-0.21697162091732025,-0.11160516738891602,-0.25905510783195496,0.7358484864234924,-0.04037695750594139,-0.0788227766752243,-0.374116986989975,0.6620669960975647,-0.19629861414432526,-0.07574909925460815,-0.2921885550022125,0.6086167693138123,-0.07753192633390427,-0.10957744717597961,-0.3918737769126892,0.7144780158996582,-0.1850348562002182,-0.09395435452461243,-0.3130757510662079,0.6712373495101929,-0.01693432778120041,-0.12401587516069412,-0.3472694754600525,0.6562764048576355,-0.20042867958545685,-0.10729917883872986,-0.27106693387031555,0.6289426684379578,0.11037469655275345,-0.013170544058084488,-0.011675819754600525,0.17454195022583008,-0.1104084923863411,0.0034870877861976624,0.013763271272182465,0.16493138670921326,0.07111145555973053,-0.021788766607642174,-0.07429007440805435,0.19442898035049438,-0.13803896307945251,0.1137097105383873,-0.10049998015165329,0.17486433684825897,0.10446885228157043,0.2401486337184906,0.1655821055173874,0.0399530865252018,-0.12867271900177002,0.4347161650657654,0.16326822340488434,0.046044256538152695,0.10367001593112946,0.25547364354133606,0.1875075101852417,0.01684531569480896,-0.12410827726125717,0.4509745240211487,0.19661737978458405,0.01971638947725296,0.1345537155866623,0.23745179176330566,-0.03422651067376137,0.0440051443874836,-0.16201701760292053,0.4932553172111511,0.012915569357573986,0.04490406811237335,0,0.0,,,,,,,,,,,,,,,,,,,,,,,,,,,,,,,,,,,,,,,,,,,,,,,,,,,,,,,,,,,,,,,,,,,,,,,,,,,,,,,,,,,,,,,,,,,,,,,,,,,,,,,,,,,,,,,,,,,,,,,,,,,,,,,,,,,,,,,,,,,,,,,,,,,,,,,,,,,,,,,,,,,,,,,,
-0.04700789600610733,-0.6206068992614746,-0.26481083035469055,0.9997655749320984,-0.03201787918806076,-0.6595293879508972,-0.2528254985809326,0.9995877146720886,-0.03260233253240585,-0.6591431498527527,-0.2549341917037964,0.9996073842048645,-0.032167501747608185,-0.6591882705688477,-0.25269123911857605,0.9995160698890686,-0.06946368515491486,-0.6598183512687683,-0.2524862587451935,0.9996172189712524,-0.06746505200862885,-0.6606283187866211,-0.25284484028816223,0.9996619820594788,-0.06799627840518951,-0.6596323847770691,-0.24878330528736115,0.9996321797370911,0.05251321941614151,-0.645683228969574,-0.15493811666965485,0.9995042085647583,-0.10182793438434601,-0.6441652774810791,-0.1344783753156662,0.999687910079956,-0.018027888610959053,-0.5912642478942871,-0.2384510338306427,0.9998629689216614,-0.06306307017803192,-0.5887654423713684,-0.23103691637516022,0.9998687505722046,0.16563795506954193,-0.4428957998752594,-0.10954035818576813,0.9993767142295837,-0.17908383905887604,-0.4484233558177948,-0.05743725970387459,0.9994933605194092,0.21708081662654877,-0.22137975692749023,-0.16903916001319885,0.9749244451522827,-0.2634795606136322,-0.21303850412368774,-0.08341717720031738,0.9391476511955261,0.02305757999420166,-0.16983239352703094,-0.33376380801200867,0.8207263946533203,-0.20781119167804718,-0.15345266461372375,-0.278963565826416,0.7584917545318604,-0.03863706812262535,-0.1555117964744568,-0.3755514621734619,0.6911787986755371,-0.1864641159772873,-0.14287467300891876,-0.3298328220844269,0.6389594674110413,-0.06759847700595856,-0.20301847159862518,-0.38925644755363464,0.7386690378189087,-0.17368091642856598,-0.18611498177051544,-0.33145925402641296,0.6965063810348511,-0.00627015670761466,-0.18590517342090607,-0.3442108929157257,0.6851246953010559,-0.19068323075771332,-0.1637236326932907,-0.2859663665294647,0.6567612886428833,0.1102839782834053,-0.01280614361166954,-0.010698574595153332,0.20231205224990845,-0.11024505645036697,0.0032761949114501476,0.01268927101045847,0.1909116804599762,0.10401377081871033,-0.020906629040837288,-0.07428691536188126,0.18846099078655243,-0.1358768194913864,0.09039608389139175,-0.09818008542060852,0.17199818789958954,0.11835367232561111,0.23670154809951782,0.19674426317214966,0.03835608810186386,-0.10318484902381897,0.4292357861995697,0.16363073885440826,0.04504828527569771,0.1174982413649559,0.25103917717933655,0.2203109711408615,0.016910376027226448,-0.09258858114480972,0.44518253207206726,0.19657160341739655,0.02025430090725422,0.1552797108888626,0.22976599633693695,0.014291176572442055,0.042368970811367035,-0.11018304526805878,0.4868800640106201,0.012510918080806732,0.04426618292927742,1,0.033,0.6323997974395752,0.9212690591812134,1.214282860928506e-07,,0.6014290452003479,0.9062020182609558,-0.008197221904993057,,0.5720294117927551,0.9098042249679565,-0.015722598880529404,,0.5512756705284119,0.921194314956665,-0.023341646417975426,,0.5363881587982178,0.9311254620552063,-0.029994288459420204,,0.5521056056022644,0.973801851272583,-0.012173129245638847,,0.5413510799407959,0.9370356202125549,-0.02756521664559841,,0.5470440983772278,0.9048578143119812,-0.03947514668107033,,0.5548657774925232,0.8829025626182556,-0.04615803435444832,,0.5624621510505676,0.9786438941955566,-0.013820786029100418,,0.5540717244148254,0.9266553521156311,-0.028234383091330528,,0.5608004927635193,0.8922894597053528,-0.035146381705999374,,0.5707454681396484,0.8715724945068359,-0.038671914488077164,,0.5760714411735535,0.9742442965507507,-0.016752280294895172,,0.5672774910926819,0.9176216125488281,-0.029738899320364,,0.5740374326705933,0.8939421772956848,-0.029889103025197983,,0.5829864740371704,0.8848530054092407,-0.027805011719465256,,0.5907665491104126,0.9658928513526917,-0.020541539415717125,,0.5822361707687378,0.9155988693237305,-0.029314422979950905,,0.5845891237258911,0.8931683301925659,-0.028141429647803307,,0.5885051488876343,0.8821021914482117,-0.025280741974711418,,,,,,,,,,,,,,,,,,,,,,,,,,,,,,,,,,,,,,,,,,,,,,,,,,,,,,,,,,,,,,,,,,,,,,,,,,,,,,,,,,,,,
-0.03333486244082451,-0.6205167770385742,-0.2660924196243286,0.999783992767334,-0.017922580242156982,-0.659379243850708,-0.254623144865036,0.9996175169944763,-0.018573831766843796,-0.658989667892456,-0.25671613216400146,0.9996354579925537,-0.018165968358516693,-0.6590311527252197,-0.2544862627983093,0.9995521306991577,-0.05496145039796829,-0.6597388386726379,-0.2537139654159546,0.9996460676193237,-0.05297818407416344,-0.660533607006073,-0.25397056341171265,0.9996872544288635,-0.053552500903606415,-0.6595342755317688,-0.24994753301143646,0.9996601939201355,0.0611279122531414,-0.6445335149765015,-0.1572372019290924,0.9995423555374146,-0.092202328145504,-0.6433832049369812,-0.13649576902389526,0.9997119307518005,-0.006097511388361454,-0.5909650921821594,-0.23999248445034027,0.9998738765716553,-0.05126718804240227,-0.5886089205741882,-0.23172390460968018,0.9998795986175537,0.16948963701725006,-0.44040969014167786,-0.1088675782084465,0.9994203448295593,-0.16898734867572784,-0.44816431403160095,-0.0589340440928936,0.9995340704917908,0.22861088812351227,-0.21969692409038544,-0.1702551394701004,0.9772939085960388,-0.25986847281455994,-0.21311165392398834,-0.12363231182098389,0.9448439478874207,0.04725643992424011,-0.20631618797779083,-0.3337476849555969,0.8383426666259766,-0.1940285563468933,-0.20784905552864075,-0.33513137698173523,0.782055139541626,-0.016360191628336906,-0.20329289138317108,-0.37687841057777405,0.720179557800293,-0.1695968210697174,-0.2080845981836319,-0.3916900157928467,0.6721790432929993,-0.03503917530179024,-0.2484796941280365,-0.38621899485588074,0.7629057168960571,-0.1537216305732727,-0.25332537293434143,-0.383158415555954,0.7239720225334167,0.021326864138245583,-0.22484895586967468,-0.34288397431373596,0.7144289016723633,-0.1749245524406433,-0.2215021699666977,-0.3389757573604584,0.6879055500030518,0.11099520325660706,-0.010536535643041134,-0.007143675349652767,0.23653292655944824,-0.1106724813580513,0.0021029366180300713,0.008636699058115482,0.2292078733444214,0.12596015632152557,-0.026491058990359306,-0.0779137909412384,0.17619624733924866,-0.13637329638004303,0.014666986651718616,-0.13241110742092133,0.16324591636657715,0.13483072817325592,0.2323942929506302,0.1960887461900711,0.035740192979574203,-0.08312969654798508,0.40858757495880127,0.14260132610797882,0.042547497898340225,0.13522928953170776,0.24436569213867188,0.21793188154697418,0.01609417051076889,-0.0684421956539154,0.4263778328895569,0.1729908138513565,0.01961028017103672,0.17196139693260193,0.21357379853725433,0.007180012296885252,0.03932373970746994,-0.06598381698131561,0.4559521973133087,-0.03561965376138687,0.04163835942745209,2,0.066,0.6389892101287842,0.8609055280685425,2.508735690298636e-07,,0.6065965890884399,0.8327186107635498,-0.006152902264147997,,0.5750253796577454,0.8242874145507812,-0.010291298851370811,,0.5520954728126526,0.8260441422462463,-0.014875653199851513,,0.5347939133644104,0.8265321850776672,-0.018638527020812035,,0.5511285066604614,0.8820321559906006,-0.005396466702222824,,0.5312544703483582,0.875968337059021,-0.01672196388244629,,0.5197783708572388,0.8564505577087402,-0.025436848402023315,,0.5140008330345154,0.8342207670211792,-0.03033175878226757,,0.5604320764541626,0.8949099779129028,-0.008368508890271187,,0.5361959934234619,0.8790194988250732,-0.02078326605260372,,0.5234734416007996,0.8529239892959595,-0.027869805693626404,,0.518528938293457,0.8269521594047546,-0.031148003414273262,,0.5753973126411438,0.8975709080696106,-0.01280207559466362,,0.5649912357330322,0.8414378762245178,-0.030136045068502426,,0.5696015954017639,0.8078517317771912,-0.0359920859336853,,0.5770923495292664,0.7881277799606323,-0.03582007437944412,,0.5934759378433228,0.892299473285675,-0.017267543822526932,,0.586283266544342,0.8349770307540894,-0.030279487371444702,,0.5870474576950073,0.8050390481948853,-0.03368483483791351,,0.588741660118103,0.7877839803695679,-0.033403269946575165,,,,,,,,,,,,,,,,,,,,,,,,,,,,,,,,,,,,,,,,,,,,,,,,,,,,,,,,,,,,,,,,,,,,,,,,,,,,,,,,,,,,,
-0.02198687195777893,-0.6103588938713074,-0.273029088973999,0.9998021125793457,-0.006685751024633646,-0.6490878462791443,-0.26077762246131897,0.9996476769447327,-0.0074433269910514355,-0.648595929145813,-0.26307040452957153,0.9996644258499146,-0.006984011270105839,-0.6486199498176575,-0.26048773527145386,0.9995890855789185,-0.04358018934726715,-0.6500771045684814,-0.26055872440338135,0.9996740221977234,-0.0416523776948452,-0.6506876945495605,-0.2610073685646057,0.9997115135192871,-0.042223233729600906,-0.6496110558509827,-0.2568838894367218,0.9996867179870605,0.07325363904237747,-0.6306502819061279,-0.1622454822063446,0.9995819926261902,-0.07959700375795364,-0.6312617063522339,-0.14551939070224762,0.9997352361679077,0.006286013871431351,-0.5786051154136658,-0.2471674680709839,0.9998852610588074,-0.03892932087182999,-0.5773090124130249,-0.23960347473621368,0.9998905062675476,0.18069088459014893,-0.4223421514034271,-0.1130925789475441,0.9994696378707886,-0.15508396923542023,-0.44167399406433105,-0.06799787282943726,0.9995763897895813,0.2321544587612152,-0.2054533213376999,-0.17532438039779663,0.9794496297836304,-0.26043838262557983,-0.2134065479040146,-0.1508600413799286,0.9501670598983765,0.05358938127756119,-0.23737832903862,-0.34538692235946655,0.8542680740356445,-0.1619945764541626,-0.24469740688800812,-0.361705482006073,0.8035460710525513,-0.013753685168921947,-0.24547873437404633,-0.39027145504951477,0.7466214895248413,-0.12524648010730743,-0.2490401715040207,-0.41458722949028015,0.7030681371688843,-0.026981141418218613,-0.29046961665153503,-0.3879362642765045,0.7850086092948914,-0.101397305727005,-0.2956998646259308,-0.3987063467502594,0.7495816946029663,0.02852015383541584,-0.2577115595340729,-0.34881356358528137,0.7411250472068787,-0.13702848553657532,-0.25835853815078735,-0.3628375232219696,0.7169010043144226,0.11274924874305725,-0.006529681850224733,-0.005343577358871698,0.2542726695537567,-0.11134251952171326,-0.0006167981773614883,0.006799212656915188,0.2544794976711273,0.1363406628370285,-0.06345675140619278,-0.11004603654146194,0.1655564308166504,-0.14220602810382843,-0.09942469000816345,-0.1860235333442688,0.1566363424062729,0.14238092303276062,0.2135157734155655,0.1932985931634903,0.0334189273416996,-0.07037298381328583,0.36828288435935974,0.10997547209262848,0.040612269192934036,0.1434999406337738,0.2239525318145752,0.21512506902217865,0.015425204299390316,-0.05272209644317627,0.38481494784355164,0.14497460424900055,0.019310947507619858,0.17577581107616425,0.16103196144104004,-0.01318754255771637,0.03648968040943146,-0.04188638925552368,0.38402464985847473,-0.08333489298820496,0.03926754370331764,3,0.1,0.6380072832107544,0.8194903135299683,2.113338268827647e-07,,0.6174739599227905,0.7775642275810242,-0.004579958971589804,,0.5940738916397095,0.7470552325248718,-0.006423864979296923,,0.581379234790802,0.7285564541816711,-0.009550952352583408,,0.5815648436546326,0.7191985249519348,-0.012089172378182411,,0.5595024228096008,0.7856796979904175,-8.284045179607347e-05,,0.536764919757843,0.7745325565338135,-0.009732132777571678,,0.5304442048072815,0.7471683621406555,-0.018290571868419647,,0.5319989323616028,0.7205882668495178,-0.023380078375339508,,0.563382625579834,0.7990689873695374,-0.003526231972500682,,0.5355361700057983,0.7911658883094788,-0.013925183564424515,,0.5270428657531738,0.7588198184967041,-0.020632527768611908,,0.5295374393463135,0.7314161062240601,-0.024256788194179535,,0.572663426399231,0.8114388585090637,-0.008721713908016682,,0.5617778897285461,0.7769588232040405,-0.022596007212996483,,0.571261465549469,0.7540276646614075,-0.027944428846240044,,0.5839352011680603,0.7470149993896484,-0.02817763201892376,,0.5858860611915588,0.8206311464309692,-0.014331243932247162,,0.5780311822891235,0.7834889888763428,-0.025423936545848846,,0.5841293931007385,0.7672988772392273,-0.028715327382087708,,0.5918794274330139,0.7653752565383911,-0.028883878141641617,,0.444682776927948,0.8689790368080139,-2.5278776405457393e-08,,0.4783504009246826,0.8761863112449646,-0.0013039972400292754,,0.5072901844978333,0.8556283116340637,0.0028675298672169447,,0.519819974899292,0.8241090774536133,0.005443285219371319,,0.5245660543441772,0.7973992824554443,0.008489307947456837,,0.5117323994636536,0.7820255160331726,0.01747378520667553,,0.5258752107620239,0.7466908097267151,0.01813381537795067,,0.5344943404197693,0.7353591918945312,0.01573033817112446,,0.5413405895233154,0.7262352705001831,0.014395813457667828,,0.502569317817688,0.7732943296432495,0.015590987168252468,,0.5168165564537048,0.7543246150016785,0.012248536571860313,,0.5204856395721436,0.7687951922416687,0.00529949925839901,,0.5209792256355286,0.778802216053009,0.00234688026830554,,0.4945896863937378,0.769915759563446,0.012288765050470829,,0.5079770684242249,0.7608409523963928,0.0061788917519152164,,0.5119112730026245,0.7804705500602722,0.0010629032040014863,,0.5133451223373413,0.793724000453949,0.0005662136245518923,,0.4874395728111267,0.7683116793632507,0.008892862126231194,,0.5056498050689697,0.7439634799957275,0.006993317976593971,,0.518042802810669,0.735343337059021,0.007452639285475016,,0.5281851887702942,0.728597104549408,0.009170856326818466,
-0.014777523465454578,-0.6077580451965332,-0.2741508185863495,0.9998193979263306,0.001052194507792592,-0.6463358998298645,-0.26147913932800293,0.9996771812438965,0.0002828683936968446,-0.6458179950714111,-0.26377779245376587,0.9996925592422485,0.0007057749899104238,-0.645818293094635,-0.26106956601142883,0.9996244311332703,-0.03597122058272362,-0.6474889516830444,-0.2619000971317291,0.9997014999389648,-0.034020766615867615,-0.6479963064193726,-0.2625126540660858,0.9997355341911316,-0.034633737057447433,-0.6468878388404846,-0.25834548473358154,0.9997129440307617,0.07934889197349548,-0.6264830231666565,-0.1631256341934204,0.9996196627616882,-0.0737810954451561,-0.6273401975631714,-0.14782224595546722,0.9997584223747253,0.012916169129312038,-0.5750036835670471,-0.2480909377336502,0.9998959302902222,-0.03253471106290817,-0.5740089416503906,-0.24110573530197144,0.9999006986618042,0.18421193957328796,-0.4184655547142029,-0.11527357995510101,0.9995156526565552,-0.1507282257080078,-0.43838000297546387,-0.07031946629285812,0.9996151924133301,0.2310994267463684,-0.20636583864688873,-0.181118905544281,0.9814392328262329,-0.261533260345459,-0.2151642143726349,-0.16143310070037842,0.9550479054450989,0.05095074325799942,-0.27499106526374817,-0.35250356793403625,0.8687101602554321,-0.16133463382720947,-0.26690539717674255,-0.36639684438705444,0.8230400085449219,-0.015766587108373642,-0.28907153010368347,-0.3990451395511627,0.7708284258842468,-0.12483371794223785,-0.27474042773246765,-0.41857609152793884,0.7315057516098022,-0.029670363292098045,-0.3344649374485016,-0.3895878195762634,0.8052958250045776,-0.10136949270963669,-0.3210732042789459,-0.4005212187767029,0.7732508778572083,0.025853192433714867,-0.2973842918872833,-0.3529646396636963,0.7656747102737427,-0.13651704788208008,-0.2817493975162506,-0.366750568151474,0.7437330484390259,0.1141759604215622,-0.00407130504027009,-0.005315517075359821,0.2864188551902771,-0.1121075376868248,-0.0019720911514014006,0.0067059374414384365,0.2907593846321106,0.1389435976743698,-0.06729746609926224,-0.12436448037624359,0.15498949587345123,-0.14763276278972626,-0.10215841233730316,-0.17206892371177673,0.14788688719272614,0.1452556997537613,0.21207647025585175,0.1916811317205429,0.03115827776491642,-0.06448642164468765,0.36563703417778015,0.12113935500383377,0.038067907094955444,0.14666113257408142,0.22226183116436005,0.21378940343856812,0.014642152935266495,-0.04609402269124985,0.38373181223869324,0.16055716574192047,0.01855533756315708,0.17268317937850952,0.16336752474308014,-0.02094082534313202,0.033704206347465515,-0.03918398544192314,0.38756105303764343,-0.061231255531311035,0.03644735366106033,4,0.133,0.6327897310256958,0.8035311698913574,7.957542891290359e-08,,0.6329799890518188,0.7464432120323181,-0.017031149938702583,,0.6149813532829285,0.703034520149231,-0.02215038612484932,,0.5938281416893005,0.6796120405197144,-0.023786909878253937,,0.5860006809234619,0.686369001865387,-0.023814314976334572,,0.5771729946136475,0.7468394041061401,-0.013805861584842205,,0.5677893161773682,0.7058464884757996,-0.01939973048865795,,0.5720367431640625,0.6869369149208069,-0.02482539787888527,,0.5778292417526245,0.6829860210418701,-0.0272761732339859,,0.5689736604690552,0.7649633288383484,-0.006183127406984568,,0.5446571707725525,0.7347224354743958,-0.010967534966766834,,0.5377792716026306,0.7083435654640198,-0.0161739569157362,,0.5391982793807983,0.6932094693183899,-0.019289210438728333,,0.5659666657447815,0.7749658823013306,0.00039604678750038147,,0.5416603088378906,0.7414253950119019,-0.004706669598817825,,0.538498044013977,0.7162966728210449,-0.010686604306101799,,0.5422297120094299,0.7027267217636108,-0.013559856452047825,,0.5659420490264893,0.7774277925491333,0.006015400867909193,,0.5447747111320496,0.7487378120422363,0.0037420166190713644,,0.5386841893196106,0.72932368516922,0.0017954993527382612,,0.538595974445343,0.715395450592041,0.0009346711449325085,,0.46357256174087524,0.8360819816589355,2.588898340150081e-08,,0.4883708953857422,0.8323920369148254,-0.0044105760753154755,,0.5104683041572571,0.8178879022598267,-0.009691890329122543,,0.5244141221046448,0.8047619462013245,-0.01671662926673889,,0.5328201651573181,0.7855390310287476,-0.023070046678185463,,0.5113046765327454,0.7392878532409668,-0.006137500982731581,,0.5266316533088684,0.6996369361877441,-0.0168306827545166,,0.5373005270957947,0.6870548129081726,-0.02397187054157257,,0.5461239218711853,0.6827148795127869,-0.02830306813120842,,0.49825024604797363,0.7309600114822388,-0.01002631988376379,,0.5173007249832153,0.7482982873916626,-0.025192823261022568,,0.5163659453392029,0.7872230410575867,-0.02970956452190876,,0.5113420486450195,0.8114708065986633,-0.030104245990514755,,0.48421910405158997,0.7320054173469543,-0.014845929108560085,,0.502739429473877,0.75489342212677,-0.02793225087225437,,0.49953752756118774,0.7875953912734985,-0.024795977398753166,,0.49318796396255493,0.8045278787612915,-0.019871002063155174,,0.46925976872444153,0.7395474314689636,-0.020359382033348083,,0.4857477843761444,0.7575830221176147,-0.028027622029185295,,0.4868341386318207,0.7801030278205872,-0.024557149037718773,,0.48406869173049927,0.7916716933250427,-0.019939320161938667,
-0.008800636045634747,-0.6073970794677734,-0.2736775577068329,0.9998345971107483,0.007535235956311226,-0.64579838514328,-0.26114821434020996,0.9997029900550842,0.006779832765460014,-0.6452813148498535,-0.26339441537857056,0.9997171759605408,0.0071759759448468685,-0.6452785730361938,-0.2606992721557617,0.9996553659439087,-0.02939963899552822,-0.6470843553543091,-0.2616274952888489,0.9997254014015198,-0.02742272987961769,-0.6475692391395569,-0.2622920870780945,0.9997563362121582,-0.02805018052458763,-0.6464559435844421,-0.25813809037208557,0.9997356534004211,0.0844377800822258,-0.6253570914268494,-0.16310912370681763,0.9996528625488281,-0.06797497719526291,-0.6268000602722168,-0.14773981273174286,0.999778687953949,0.01808927394449711,-0.5743356347084045,-0.2476612627506256,0.9999052882194519,-0.027168836444616318,-0.5735315084457397,-0.24079670011997223,0.9999096989631653,0.1858939379453659,-0.4169626533985138,-0.11461641639471054,0.9995551705360413,-0.1479295939207077,-0.43759259581565857,-0.07040014117956161,0.9996493458747864,0.23063252866268158,-0.20672589540481567,-0.18412116169929504,0.9832178354263306,-0.26302987337112427,-0.21823421120643616,-0.16027165949344635,0.9594325423240662,0.049921222031116486,-0.2822207808494568,-0.3552258610725403,0.8816874027252197,-0.164915531873703,-0.27857470512390137,-0.3601974546909332,0.8405743837356567,-0.01647306978702545,-0.2972050905227661,-0.4021397531032562,0.7924870252609253,-0.12959960103034973,-0.28810399770736694,-0.4109344780445099,0.7570275664329529,-0.026482542976737022,-0.34168609976768494,-0.39048972725868225,0.8234220147132874,-0.1073085144162178,-0.3343036472797394,-0.39429330825805664,0.7944676876068115,0.025934169068932533,-0.3045377731323242,-0.355083167552948,0.7876278162002563,-0.1408630609512329,-0.2938559651374817,-0.3608410954475403,0.7677887082099915,0.11476676166057587,-0.0026713903062045574,-0.005366725381463766,0.3162840008735657,-0.11246521025896072,-0.0028447918593883514,0.006753974594175816,0.32485491037368774,0.13960376381874084,-0.06393375247716904,-0.12654262781143188,0.14608874917030334,-0.1486898958683014,-0.08450163155794144,-0.1653357893228531,0.1412680745124817,0.14691635966300964,0.21289505064487457,0.19115006923675537,0.02915666624903679,-0.06343838572502136,0.3719545304775238,0.12621425092220306,0.0359780453145504,0.1484803855419159,0.22318798303604126,0.21249820291996002,0.013896137475967407,-0.04577281326055527,0.39059123396873474,0.1664252132177353,0.017933113500475883,0.1715298593044281,0.17076626420021057,-0.0230720192193985,0.03124280273914337,-0.04418102279305458,0.39997172355651855,-0.050277695059776306,0.03405807539820671,5,0.166,0.6342461109161377,0.7758497595787048,1.4922154889518424e-07,,0.6346820592880249,0.7170127630233765,-0.016187436878681183,,0.618118405342102,0.672840416431427,-0.019214782863855362,,0.6008812785148621,0.6465697288513184,-0.01796511746942997,,0.5903884768486023,0.637898862361908,-0.014097747392952442,,0.5811595916748047,0.7130810022354126,-0.01755739375948906,,0.5671820640563965,0.6831387281417847,-0.019546814262866974,,0.5748653411865234,0.6618496179580688,-0.019150666892528534,,0.5818316340446472,0.6545076370239258,-0.017123259603977203,,0.5762103199958801,0.733151376247406,-0.00859853159636259,,0.5538005232810974,0.6996064186096191,-0.009828245267271996,,0.543611466884613,0.6700912117958069,-0.010995686985552311,,0.5376733541488647,0.6546036005020142,-0.0112818144261837,,0.5763043761253357,0.7460615038871765,-4.6656608901685104e-05,,0.570354700088501,0.703125536441803,-0.002934450516477227,,0.579595148563385,0.6846644878387451,-0.005815917160362005,,0.5883762240409851,0.6812270879745483,-0.005992318969219923,,0.579292893409729,0.7525244355201721,0.007620523683726788,,0.577479898929596,0.7155287265777588,0.006620990578085184,,0.5856049656867981,0.704068660736084,0.006816509645432234,,0.5951539278030396,0.7034156918525696,0.00826317723840475,,0.4726583957672119,0.8113750219345093,4.426509647714738e-08,,0.4976128935813904,0.806858479976654,-0.004709844943135977,,0.5189914703369141,0.792055606842041,-0.010496536269783974,,0.5324044823646545,0.7802459597587585,-0.017726972699165344,,0.5392268896102905,0.7625961303710938,-0.024279702454805374,,0.5187768340110779,0.7120339870452881,-0.0059543028473854065,,0.5297418832778931,0.6707403659820557,-0.01736265979707241,,0.5398786664009094,0.6606850624084473,-0.02525443583726883,,0.5480149984359741,0.6612747311592102,-0.029272615909576416,,0.5053954720497131,0.7027026414871216,-0.00909255538135767,,0.5223885774612427,0.715403139591217,-0.023584090173244476,,0.5216695666313171,0.7521625757217407,-0.02763121761381626,,0.5166948437690735,0.7772119641304016,-0.0273584071546793,,0.4911971390247345,0.7047101259231567,-0.0133074801415205,,0.5067693591117859,0.7269834876060486,-0.02534591406583786,,0.5048573017120361,0.7572455406188965,-0.022886278107762337,,0.4999021291732788,0.7743374109268188,-0.018264394253492355,,0.4775560796260834,0.7141573429107666,-0.018331578001379967,,0.49253007769584656,0.7313124537467957,-0.024863705039024353,,0.49310043454170227,0.7542000412940979,-0.021464817225933075,,0.4896813929080963,0.7662239670753479,-0.0167606882750988,
-0.0035318939480930567,-0.6073774695396423,-0.2725093364715576,0.9998473525047302,0.013220269232988358,-0.6456120610237122,-0.2599742114543915,0.9997246861457825,0.012476886622607708,-0.6451022028923035,-0.26217547059059143,0.9997377991676331,0.012872501276433468,-0.6451008319854736,-0.25949400663375854,0.9996816515922546,-0.023635879158973694,-0.6470032334327698,-0.2607068419456482,0.99974524974823,-0.02164047211408615,-0.6474881768226624,-0.26140886545181274,0.9997733235359192,-0.022261185571551323,-0.6463757157325745,-0.25727641582489014,0.9997544288635254,0.08832217007875443,-0.624607503414154,-0.1615995168685913,0.9996811151504517,-0.06337112933397293,-0.6266725659370422,-0.14727726578712463,0.9997954964637756,0.022140638902783394,-0.5741798281669617,-0.24640285968780518,0.9999133348464966,-0.022846991196274757,-0.5735116004943848,-0.23994165658950806,0.9999173879623413,0.1860310137271881,-0.41555798053741455,-0.1117435023188591,0.9995881915092468,-0.1468779444694519,-0.4370317757129669,-0.07047098875045776,0.999678373336792,0.2238660752773285,-0.20624947547912598,-0.18488618731498718,0.9847673773765564,-0.2626587450504303,-0.21910035610198975,-0.16162137687206268,0.9633351564407349,0.05189644172787666,-0.2876918315887451,-0.3576563596725464,0.8932785987854004,-0.15787823498249054,-0.28984254598617554,-0.35956791043281555,0.8562992215156555,-0.011776954866945744,-0.30653470754623413,-0.40482670068740845,0.8115822076797485,-0.1210794672369957,-0.30435454845428467,-0.41001200675964355,0.7797453999519348,-0.015791988000273705,-0.3510496914386749,-0.3924560248851776,0.8393366932868958,-0.10024284571409225,-0.3521463871002197,-0.3926902711391449,0.8132932782173157,0.030395353212952614,-0.31054508686065674,-0.3578384816646576,0.8069313764572144,-0.13420337438583374,-0.30656251311302185,-0.35979872941970825,0.7890769839286804,0.11487387865781784,-0.0022479707840830088,-0.005409094505012035,0.3402414619922638,-0.11251964420080185,-0.003182352054864168,0.006806167308241129,0.35145846009254456,0.14396348595619202,-0.06474406272172928,-0.13023976981639862,0.13889272511005402,-0.14753763377666473,-0.07003483176231384,-0.15981189906597137,0.1355004757642746,0.15661638975143433,0.2104843705892563,0.17923979461193085,0.02741391398012638,-0.05505203455686569,0.3755086362361908,0.13090547919273376,0.03403935953974724,0.15871234238147736,0.22074361145496368,0.19973647594451904,0.013270334340631962,-0.03737027198076248,0.39421215653419495,0.17077429592609406,0.017410103231668472,0.18000032007694244,0.17174969613552094,-0.0320410393178463,0.029116181656718254,-0.03925864025950432,0.40610072016716003,-0.045009415596723557,0.03193804249167442,6,0.2,0.632689893245697,0.7602665424346924,1.480225222394438e-07,,0.6348719596862793,0.7068360447883606,-0.015236016362905502,,0.6219018697738647,0.6603783369064331,-0.021137993782758713,,0.6054356694221497,0.635183572769165,-0.022217903286218643,,0.590563952922821,0.6212689876556396,-0.021854007616639137,,0.5860036015510559,0.7020922303199768,-0.02827334590256214,,0.554132878780365,0.6816920042037964,-0.03354924917221069,,0.5405986905097961,0.6554844975471497,-0.03454752266407013,,0.5329801440238953,0.6351677179336548,-0.033954352140426636,,0.5775157809257507,0.7231258153915405,-0.01915483921766281,,0.5696523189544678,0.6668812036514282,-0.024174677208065987,,0.5816991925239563,0.6464585065841675,-0.02292575128376484,,0.5932340621948242,0.6485173106193542,-0.020791618153452873,,0.5759970545768738,0.734372079372406,-0.009558102115988731,,0.5715157985687256,0.6838400959968567,-0.013663227669894695,,0.5824676156044006,0.6657079458236694,-0.0126147186383605,,0.5921896696090698,0.6649350523948669,-0.010771998204290867,,0.5770378112792969,0.740272045135498,-0.0006120632751844823,,0.5746833086013794,0.7005097270011902,-0.003921106923371553,,0.5826274752616882,0.6853070259094238,-0.003523361636325717,,0.5902128219604492,0.6842179298400879,-0.0017770632402971387,,0.48204338550567627,0.7999361753463745,3.9153942310576895e-08,,0.5044260621070862,0.7966995239257812,-0.006140636745840311,,0.5249040126800537,0.7800649404525757,-0.01352889183908701,,0.5371672511100769,0.7678180932998657,-0.022123221307992935,,0.5410454869270325,0.7472851872444153,-0.02995426580309868,,0.5237681865692139,0.6945697069168091,-0.009211510419845581,,0.5354427099227905,0.6507603526115417,-0.02305871807038784,,0.5476459860801697,0.6484392285346985,-0.03222555294632912,,0.5560306906700134,0.6593990325927734,-0.03658806160092354,,0.5092372298240662,0.6864492297172546,-0.012480314821004868,,0.5290924906730652,0.7003915905952454,-0.028676195070147514,,0.5285073518753052,0.7422693967819214,-0.033092182129621506,,0.5230571627616882,0.7663345336914062,-0.03284772112965584,,0.49411237239837646,0.6901976466178894,-0.016952499747276306,,0.5127173662185669,0.7124740481376648,-0.03125496953725815,,0.5111080408096313,0.7477607131004333,-0.028572289273142815,,0.5059062838554382,0.7640461921691895,-0.02333945594727993,,0.48003849387168884,0.7013237476348877,-0.02218339592218399,,0.4975276291370392,0.7161961197853088,-0.03042459674179554,,0.4987189769744873,0.7440478801727295,-0.02620246261358261,,0.49476081132888794,0.7571921348571777,-0.020511485636234283,
0.0008448585867881775,-0.6071128845214844,-0.27257099747657776,0.9998577237129211,0.017519112676382065,-0.645156979560852,-0.26016584038734436,0.999741792678833,0.01678316481411457,-0.6446563601493835,-0.262358695268631,0.9997540712356567,0.017197299748659134,-0.6446601152420044,-0.2597004473209381,0.9997027516365051,-0.019283102825284004,-0.6466798186302185,-0.2608162462711334,0.9997609853744507,-0.017291618511080742,-0.647173285484314,-0.2615097463130951,0.9997866749763489,-0.01789921522140503,-0.6460656523704529,-0.25738826394081116,0.9997693300247192,0.09227841347455978,-0.6242952346801758,-0.16195785999298096,0.9997040629386902,-0.05898118391633034,-0.6267963647842407,-0.14731036126613617,0.9998090267181396,0.02609841711819172,-0.574035108089447,-0.24647676944732666,0.9999200105667114,-0.018671002238988876,-0.5734778046607971,-0.23998725414276123,0.9999238848686218,0.18768614530563354,-0.41537216305732727,-0.1118893027305603,0.9996152520179749,-0.14541542530059814,-0.4371393024921417,-0.07079967856407166,0.9997036457061768,0.21795491874217987,-0.2064448595046997,-0.18568354845046997,0.9861127138137817,-0.2636587917804718,-0.22103288769721985,-0.16035763919353485,0.9667871594429016,0.05087829753756523,-0.2873084247112274,-0.3606509268283844,0.9036111235618591,-0.15953047573566437,-0.28371939063072205,-0.36086708307266235,0.870344877243042,-0.01219827588647604,-0.3057521879673004,-0.40829360485076904,0.8284486532211304,-0.1233472004532814,-0.295519083738327,-0.41164112091064453,0.7997798323631287,-0.01588735543191433,-0.35126808285713196,-0.3967511057853699,0.8533555269241333,-0.10224880278110504,-0.34274354577064514,-0.39487558603286743,0.8298373222351074,0.029533760622143745,-0.31023603677749634,-0.36168578267097473,0.823893666267395,-0.13600030541419983,-0.2994201183319092,-0.36131608486175537,0.8077528476715088,0.11500197649002075,-0.00182308629155159,-0.005405782721936703,0.3568516969680786,-0.11261608451604843,-0.00368015025742352,0.006791809573769569,0.3719443380832672,0.14237602055072784,-0.062269359827041626,-0.12821093201637268,0.13448171317577362,-0.14700733125209808,-0.05894069746136665,-0.16134871542453766,0.13371923565864563,0.15437522530555725,0.21018651127815247,0.17741535604000092,0.026121610775589943,-0.05900811403989792,0.3778364956378937,0.13245639204978943,0.033085111528635025,0.15606746077537537,0.22070416808128357,0.1981745958328247,0.012892273254692554,-0.04249126836657524,0.3964102268218994,0.169950932264328,0.017369545996189117,0.17931631207466125,0.1751440018415451,-0.032180894166231155,0.02750883251428604,-0.04597160220146179,0.4110012650489807,-0.04560857266187668,0.030705414712429047,7,0.233,0.6266611814498901,0.7663319110870361,1.2112263902963605e-07,,0.6311355829238892,0.7083268165588379,-0.0127388471737504,,0.615839421749115,0.6609886884689331,-0.017452873289585114,,0.597728431224823,0.6321563720703125,-0.01868887059390545,,0.5824298858642578,0.6270878911018372,-0.018748989328742027,,0.5815367102622986,0.7032867670059204,-0.023359430953860283,,0.5499269366264343,0.68361496925354,-0.027973854914307594,,0.5380684733390808,0.6576740145683289,-0.02816087193787098,,0.5331522226333618,0.6386547088623047,-0.027212755754590034,,0.5737125277519226,0.7263878583908081,-0.016831450164318085,,0.5663992762565613,0.6734685897827148,-0.023066313937306404,,0.5786458849906921,0.6566556692123413,-0.022102274000644684,,0.589912474155426,0.6604912281036377,-0.019928686320781708,,0.5728648900985718,0.7405735850334167,-0.009897870942950249,,0.569312334060669,0.6930875182151794,-0.015572648495435715,,0.5803873538970947,0.6778167486190796,-0.013919252902269363,,0.5905288457870483,0.6796309947967529,-0.011480160057544708,,0.5744655132293701,0.7486160397529602,-0.003524256171658635,,0.5723742246627808,0.7090728282928467,-0.008027619682252407,,0.5809486508369446,0.6960595846176147,-0.006950404495000839,,0.5895898342132568,0.6982530951499939,-0.004633682314306498,,0.47961270809173584,0.8071070909500122,-2.5975698036972972e-08,,0.5034981966018677,0.8005937337875366,-0.005832671653479338,,0.5247969627380371,0.781421422958374,-0.011554181575775146,,0.5378139019012451,0.7660237550735474,-0.01845077984035015,,0.5401548743247986,0.7452772259712219,-0.02468843199312687,,0.5215286016464233,0.6972317099571228,-0.006030971650034189,,0.5337477922439575,0.6581067442893982,-0.0166945680975914,,0.5423285365104675,0.649980902671814,-0.023788517341017723,,0.5483356714248657,0.6480077505111694,-0.027722757309675217,,0.5076034069061279,0.6896975040435791,-0.00895004067569971,,0.5268573760986328,0.6959541440010071,-0.0228318702429533,,0.5277280211448669,0.7364235520362854,-0.026573853567242622,,0.5233746767044067,0.761756956577301,-0.026320340111851692,,0.49324893951416016,0.6930289268493652,-0.013030542992055416,,0.5123717784881592,0.7099151611328125,-0.025789322331547737,,0.5117613673210144,0.744542121887207,-0.02331198751926422,,0.506755530834198,0.7630178332328796,-0.018636904656887054,,0.4796430468559265,0.7034478187561035,-0.01789557933807373,,0.497818261384964,0.7156059145927429,-0.025404278188943863,,0.49890682101249695,0.7424014806747437,-0.021928861737251282,,0.4944075644016266,0.7572283744812012,-0.017190631479024887,
0.0015304639237001538,-0.603582501411438,-0.27287665009498596,0.9998636841773987,0.017718585208058357,-0.6417896151542664,-0.2608422040939331,0.9997511506080627,0.016987895593047142,-0.6413062214851379,-0.26304805278778076,0.9997629523277283,0.01741034723818302,-0.64131098985672,-0.2603684365749359,0.9997159838676453,-0.019138244912028313,-0.6437578201293945,-0.2613263726234436,0.9997693300247192,-0.017166471108794212,-0.6442520618438721,-0.2620384991168976,0.9997929334640503,-0.017778199166059494,-0.6431486010551453,-0.25791987776756287,0.9997772574424744,0.09485612064599991,-0.6231100559234619,-0.16330227255821228,0.9997186064720154,-0.05617107078433037,-0.6267105937004089,-0.14809851348400116,0.9998165965080261,0.02801542729139328,-0.5714037418365479,-0.24689257144927979,0.9999246001243591,-0.0166541188955307,-0.5713989734649658,-0.24032466113567352,0.9999282956123352,0.19112452864646912,-0.41411229968070984,-0.11276593059301376,0.9996306300163269,-0.14124155044555664,-0.43816444277763367,-0.07188896089792252,0.9997245073318481,0.2113180309534073,-0.20159654319286346,-0.18661053478717804,0.9872769713401794,-0.2636966407299042,-0.22190585732460022,-0.15725013613700867,0.9698623418807983,0.051177989691495895,-0.28147798776626587,-0.3633187711238861,0.9129104614257812,-0.1622498780488968,-0.27629193663597107,-0.36541929841041565,0.8830077052116394,-0.010692760348320007,-0.2984945476055145,-0.41123273968696594,0.8436996936798096,-0.1276920735836029,-0.2847973108291626,-0.41853785514831543,0.8180259466171265,-0.011293232440948486,-0.3455241918563843,-0.4023752808570862,0.8660710453987122,-0.10657362639904022,-0.332755446434021,-0.4040928781032562,0.8449839353561401,0.031256988644599915,-0.30507346987724304,-0.36547234654426575,0.8393134474754333,-0.13894952833652496,-0.2918655276298523,-0.3671330511569977,0.8249184489250183,0.11503180116415024,-0.001334065105766058,-0.005050013307482004,0.36537012457847595,-0.11262737214565277,-0.004087504930794239,0.006379443686455488,0.3850157558917999,0.14320625364780426,-0.06163899227976799,-0.1258038729429245,0.1294097602367401,-0.1453332155942917,-0.050797514617443085,-0.15849271416664124,0.130776047706604,0.15375518798828125,0.2137932926416397,0.17904293537139893,0.02502482570707798,-0.05930662527680397,0.3799611032009125,0.1443377137184143,0.031987518072128296,0.15547548234462738,0.22469818592071533,0.19957232475280762,0.012601462192833424,-0.04271788150072098,0.3983204960823059,0.18054698407649994,0.01710524410009384,0.18117405474185944,0.1760365515947342,-0.0286141037940979,0.026036327704787254,-0.040575455874204636,0.41403359174728394,-0.0354507751762867,0.029284382238984108,8,0.266,0.6178265810012817,0.7832721471786499,1.643475258106264e-07,,0.6221452355384827,0.7219038605690002,-0.014140973798930645,,0.6043458580970764,0.6721036434173584,-0.017875807359814644,,0.5836913585662842,0.6499069929122925,-0.01734315976500511,,0.570780336856842,0.6556651592254639,-0.015625154599547386,,0.5679619908332825,0.7240423560142517,-0.021883975714445114,,0.5403940677642822,0.7088750600814819,-0.023113206028938293,,0.5324813723564148,0.6793851852416992,-0.021810045465826988,,0.5324225425720215,0.656474232673645,-0.020567160099744797,,0.5629322528839111,0.7513688206672668,-0.013702274300158024,,0.5563495755195618,0.7008748650550842,-0.0165469441562891,,0.5694165229797363,0.6814616918563843,-0.01571107655763626,,0.5811151266098022,0.682785153388977,-0.014676661230623722,,0.5646151900291443,0.7670890688896179,-0.005008192732930183,,0.5605250597000122,0.7197009325027466,-0.008191033266484737,,0.5709238648414612,0.7005056142807007,-0.0076681324280798435,,0.5802096724510193,0.698693573474884,-0.006903225556015968,,0.5683934092521667,0.7754999995231628,0.003150898963212967,,0.5642150044441223,0.7352268099784851,-6.773592758690938e-06,,0.5724199414253235,0.7193575501441956,0.0003422371519263834,,0.5809733271598816,0.7186322808265686,0.0015024961903691292,,0.47663742303848267,0.8319939374923706,-5.476810827076406e-08,,0.4981551170349121,0.8277888894081116,-0.008426936343312263,,0.5184866786003113,0.8041034936904907,-0.014882042072713375,,0.5301682353019714,0.78162682056427,-0.02204987034201622,,0.5353952646255493,0.7534748315811157,-0.02839009091258049,,0.515826940536499,0.7224243879318237,-0.00767264561727643,,0.526602029800415,0.6785411834716797,-0.019398106262087822,,0.5329076647758484,0.6672155857086182,-0.027304749935865402,,0.5371106863021851,0.6642829179763794,-0.03148524835705757,,0.5018346309661865,0.716316819190979,-0.009398220106959343,,0.5192949771881104,0.7153570652008057,-0.024313395842909813,,0.5190315246582031,0.7528091073036194,-0.028620878234505653,,0.5138885974884033,0.7786803841590881,-0.02866249345242977,,0.4874700903892517,0.7188397645950317,-0.012624373659491539,,0.5039193630218506,0.7262222170829773,-0.02627354860305786,,0.5029409527778625,0.7602822184562683,-0.02389419451355934,,0.4976300597190857,0.7805832624435425,-0.019314168021082878,,0.4731869697570801,0.7277055382728577,-0.016834784299135208,,0.48964640498161316,0.7342208623886108,-0.02535104937851429,,0.4905327558517456,0.7605942487716675,-0.022411350160837173,,0.48589110374450684,0.7762035131454468,-0.018099719658493996,
0.0017924726707860827,-0.6023014187812805,-0.27298593521118164,0.9998680353164673,0.017669836059212685,-0.6407839059829712,-0.26095205545425415,0.999758780002594,0.016948595643043518,-0.6403144001960754,-0.2631547749042511,0.9997701048851013,0.01737792044878006,-0.6403148770332336,-0.2604896128177643,0.9997265338897705,-0.01910027116537094,-0.642793595790863,-0.2613913118839264,0.9997759461402893,-0.017133232206106186,-0.643297016620636,-0.26209548115730286,0.9997977018356323,-0.017750302329659462,-0.6421993970870972,-0.2579811215400696,0.9997837543487549,0.09586195647716522,-0.6231906414031982,-0.1638336479663849,0.9997299909591675,-0.05452955514192581,-0.626860499382019,-0.14842863380908966,0.9998232126235962,0.02882808819413185,-0.570639431476593,-0.24698762595653534,0.9999282956123352,-0.015664273872971535,-0.5706465840339661,-0.24036353826522827,0.9999319314956665,0.19275936484336853,-0.4141356647014618,-0.1132463589310646,0.9996434450149536,-0.138157919049263,-0.43839362263679504,-0.0720287561416626,0.9997422695159912,0.20496822893619537,-0.20046764612197876,-0.1866386979818344,0.9882487654685974,-0.2623436152935028,-0.2206403613090515,-0.15420490503311157,0.9725092649459839,0.04857892915606499,-0.2763107120990753,-0.3632134795188904,0.9211685657501221,-0.16181738674640656,-0.26490575075149536,-0.3672148287296295,0.8942670226097107,-0.013483804650604725,-0.29165205359458923,-0.41129234433174133,0.857039749622345,-0.12851744890213013,-0.27027884125709534,-0.42169901728630066,0.8340364694595337,-0.014731078408658504,-0.34050828218460083,-0.40400657057762146,0.8771605491638184,-0.10710734128952026,-0.3176482617855072,-0.4083203673362732,0.8582883477210999,0.03075319342315197,-0.3004099428653717,-0.366138756275177,0.8526779413223267,-0.13839669525623322,-0.27940404415130615,-0.36932268738746643,0.8398556709289551,0.1149461567401886,-0.0012439730344340205,-0.0047696237452328205,0.3698907196521759,-0.11256258189678192,-0.0042675393633544445,0.006075568962842226,0.392507404088974,0.14195899665355682,-0.0535677894949913,-0.11149905622005463,0.1242842972278595,-0.14437322318553925,-0.044242072850465775,-0.13642947375774384,0.12731797993183136,0.1523696482181549,0.21516257524490356,0.19718101620674133,0.023987887427210808,-0.06192237511277199,0.38217782974243164,0.1686554104089737,0.030866187065839767,0.1539267599582672,0.22585146129131317,0.21838003396987915,0.012362800538539886,-0.04592639207839966,0.4003106355667114,0.2036675065755844,0.016850918531417847,0.18101471662521362,0.17641547322273254,-0.0037893943954259157,0.024753108620643616,-0.04573472961783409,0.41702908277511597,-0.005571572110056877,0.028055142611265182,9,0.3,0.6078118681907654,0.8061435222625732,2.5447451434956747e-07,,0.6120288372039795,0.7512491941452026,-0.022052370011806488,,0.5950208902359009,0.7081617116928101,-0.028685443103313446,,0.575319766998291,0.6839017868041992,-0.029833514243364334,,0.5610467195510864,0.6804676651954651,-0.029363393783569336,,0.5557013154029846,0.7578223347663879,-0.0216661486774683,,0.5365803241729736,0.7355342507362366,-0.024109214544296265,,0.532243013381958,0.7062333226203918,-0.024851545691490173,,0.5338917970657349,0.686999499797821,-0.02442237176001072,,0.5506154298782349,0.7763932347297668,-0.009975897148251534,,0.5290178656578064,0.7471280097961426,-0.01369920652359724,,0.5282532572746277,0.7123986482620239,-0.01584494672715664,,0.5343670845031738,0.691356897354126,-0.016321195289492607,,0.5489971041679382,0.7852978706359863,0.0008769443957135081,,0.5319713950157166,0.750825047492981,-0.003996900282800198,,0.5348448753356934,0.7188705801963806,-0.008280378766357899,,0.541755199432373,0.7011646628379822,-0.009875312447547913,,0.5490863919258118,0.7890894412994385,0.010495077818632126,,0.5340424180030823,0.7593631148338318,0.005150786135345697,,0.5345554351806641,0.7345269918441772,0.001356385531835258,,0.5398667454719543,0.7195102572441101,4.7915866161929443e-05,,0.47478193044662476,0.8734308481216431,-5.1748205720514306e-08,,0.4931561052799225,0.8706322908401489,-0.01069003064185381,,0.5128968954086304,0.8427519798278809,-0.017248569056391716,,0.5221078395843506,0.8142996430397034,-0.023665757849812508,,0.524933397769928,0.7860708236694336,-0.029527239501476288,,0.510903537273407,0.7704770565032959,-0.012990685179829597,,0.522000253200531,0.7213895916938782,-0.024070195853710175,,0.5281818509101868,0.6984372138977051,-0.030737483873963356,,0.5327886939048767,0.6812317967414856,-0.03478148952126503,,0.4959072768688202,0.7643911838531494,-0.013431405648589134,,0.5086298584938049,0.7543206810951233,-0.029401365667581558,,0.508529007434845,0.7947371006011963,-0.03260593116283417,,0.5053640007972717,0.824109673500061,-0.031676050275564194,,0.48056912422180176,0.7662760615348816,-0.015151756815612316,,0.4939277768135071,0.7625046372413635,-0.029360266402363777,,0.49355077743530273,0.7964913845062256,-0.025660712271928787,,0.4893645644187927,0.8195183873176575,-0.020234502851963043,,0.4641817808151245,0.7733252048492432,-0.017966562882065773,,0.4780220687389374,0.7722241282463074,-0.027659965679049492,,0.4807611107826233,0.7964664697647095,-0.024936040863394737,,0.4786894917488098,0.8121089935302734,-0.020737843587994576,
0.010702422820031643,-0.5992396473884583,-0.28148841857910156,0.9998630881309509,0.025983670726418495,-0.6374217867851257,-0.27030402421951294,0.9997496008872986,0.025287041440606117,-0.6369897127151489,-0.2724936604499817,0.9997621774673462,0.02575601637363434,-0.6369927525520325,-0.26990923285484314,0.9997206330299377,-0.010589245706796646,-0.6390336155891418,-0.2711692452430725,0.9997652173042297,-0.008615347556769848,-0.6395456790924072,-0.27185264229774475,0.9997854828834534,-0.009245721623301506,-0.6384472250938416,-0.26775693893432617,0.9997734427452087,0.10113660991191864,-0.6201897859573364,-0.17414776980876923,0.9997254610061646,-0.04860614985227585,-0.6218303442001343,-0.1603262722492218,0.9998165965080261,0.036486539989709854,-0.5678765773773193,-0.2555413246154785,0.9999277591705322,-0.00771763501688838,-0.5672209858894348,-0.24955223500728607,0.9999317526817322,0.1945115029811859,-0.41188594698905945,-0.11639425903558731,0.9996476769447327,-0.1342177391052246,-0.4351198673248291,-0.08488136529922485,0.9997533559799194,0.19862474501132965,-0.19221581518650055,-0.18892352283000946,0.9890247583389282,-0.2607153356075287,-0.20542827248573303,-0.15958371758460999,0.9748291373252869,0.03943660110235214,-0.2726670205593109,-0.3668462932109833,0.9283732771873474,-0.15811234712600708,-0.25356507301330566,-0.3728117048740387,0.9042847752571106,-0.022903699427843094,-0.28274843096733093,-0.41578438878059387,0.8681069612503052,-0.12463898956775665,-0.26953232288360596,-0.4269371032714844,0.8480680584907532,-0.020935475826263428,-0.3273814916610718,-0.40923669934272766,0.8861316442489624,-0.10237990319728851,-0.30818334221839905,-0.4140489399433136,0.8698137998580933,0.02203225903213024,-0.2966702878475189,-0.37034571170806885,0.8634253740310669,-0.13417713344097137,-0.275321900844574,-0.3747006356716156,0.8526379466056824,0.11442065984010696,-0.0008982585859484971,-0.0037057185545563698,0.36896878480911255,-0.11213333159685135,-0.004646602552384138,0.004947757814079523,0.39488694071769714,0.14053943753242493,-0.03271040692925453,-0.10295586287975311,0.12014204263687134,-0.13852989673614502,-0.026339471340179443,-0.13546651601791382,0.12564991414546967,0.14991876482963562,0.2362821251153946,0.1983359456062317,0.023061975836753845,-0.06354352831840515,0.3930744528770447,0.16646213829517365,0.030174365267157555,0.15181241929531097,0.24936145544052124,0.21926379203796387,0.012154950760304928,-0.047824207693338394,0.41286006569862366,0.19960153102874756,0.016718508675694466,0.18011099100112915,0.21097595989704132,0.006318572908639908,0.023622838780283928,-0.04865496605634689,0.43174758553504944,-0.006649430375546217,0.02716141566634178,10,0.333,0.6004671454429626,0.8368022441864014,2.250549329119167e-07,,0.6062957644462585,0.792228102684021,-0.022697314620018005,,0.5929369926452637,0.7468011975288391,-0.03164402022957802,,0.5735470056533813,0.7204883098602295,-0.03434289991855621,,0.5568256378173828,0.7147840261459351,-0.035015445202589035,,0.5616437792778015,0.8053460717201233,-0.03247097134590149,,0.5351954102516174,0.7956719994544983,-0.038747698068618774,,0.5280336141586304,0.7614125609397888,-0.039413269609212875,,0.5292268991470337,0.7372211813926697,-0.03794987127184868,,0.5512388348579407,0.814900815486908,-0.020168369635939598,,0.5259933471679688,0.7788591384887695,-0.027465473860502243,,0.5309044122695923,0.741757869720459,-0.028410734608769417,,0.5427296161651611,0.7270536422729492,-0.026753615587949753,,0.5443143248558044,0.8142471313476562,-0.008060642518103123,,0.5251237750053406,0.7766798138618469,-0.01376554649323225,,0.5329228639602661,0.7440449595451355,-0.01600971445441246,,0.544780433177948,0.7309125661849976,-0.015604572370648384,,0.5410150289535522,0.8112165331840515,0.0029110026080161333,,0.5277783870697021,0.7847165465354919,-0.0024157045409083366,,0.5275099277496338,0.7544365525245667,-0.006368373520672321,,0.5318576097488403,0.7366335988044739,-0.00734464218840003,,,,,,,,,,,,,,,,,,,,,,,,,,,,,,,,,,,,,,,,,,,,,,,,,,,,,,,,,,,,,,,,,,,,,,,,,,,,,,,,,,,,,
0.019016671925783157,-0.5999473333358765,-0.27817803621292114,0.9998610615730286,0.03384043648838997,-0.6379804015159607,-0.26694411039352417,0.9997467994689941,0.03313609957695007,-0.6375651359558105,-0.2692079246044159,0.999760091304779,0.033640049397945404,-0.6375835537910461,-0.2666601240634918,0.9997196793556213,-0.0030105076730251312,-0.6398235559463501,-0.2677760124206543,0.999760091304779,-0.0010604888666421175,-0.6403764486312866,-0.26831817626953125,0.9997791647911072,-0.0016541496152058244,-0.639295756816864,-0.26423001289367676,0.9997669458389282,0.10924281179904938,-0.6212199926376343,-0.16913053393363953,0.9997245073318481,-0.042027201503515244,-0.6244533061981201,-0.15659551322460175,0.9998098015785217,0.04464832693338394,-0.5690052509307861,-0.2516704499721527,0.9999281764030457,9.954914276022464e-05,-0.5686968564987183,-0.2459651529788971,0.9999326467514038,0.20038695633411407,-0.4132501780986786,-0.11031428724527359,0.9996562600135803,-0.1308431178331375,-0.44023948907852173,-0.08125192672014236,0.9997618794441223,0.2004331797361374,-0.19300316274166107,-0.1744007170200348,0.9895240068435669,-0.2596789598464966,-0.20634569227695465,-0.13869966566562653,0.9764499068260193,0.039753157645463943,-0.2463512420654297,-0.3609500825405121,0.9344375133514404,-0.1617070883512497,-0.2333468198776245,-0.3618011176586151,0.9126379489898682,-0.02222609519958496,-0.2519310414791107,-0.4112215042114258,0.8777160048484802,-0.13182754814624786,-0.2390420287847519,-0.4199768900871277,0.8593536019325256,-0.022103119641542435,-0.29847094416618347,-0.4074457287788391,0.8939852118492126,-0.10782269388437271,-0.28551429510116577,-0.41078755259513855,0.878980815410614,0.021756064146757126,-0.268462598323822,-0.3661135137081146,0.8727766871452332,-0.13806326687335968,-0.25158655643463135,-0.3652092218399048,0.8627643585205078,0.11430690437555313,-0.0004930665600113571,-0.00265433918684721,0.37245047092437744,-0.11200814694166183,-0.005352091044187546,0.004036447033286095,0.4004952907562256,0.1393803060054779,-0.017611639574170113,-0.09583994001150131,0.12149235606193542,-0.1335568130016327,-0.02516845427453518,-0.16013455390930176,0.1327608972787857,0.14547759294509888,0.24474479258060455,0.20109710097312927,0.022999586537480354,-0.06469109654426575,0.39268818497657776,0.11235904693603516,0.03208843618631363,0.14690692722797394,0.2588658332824707,0.2230277955532074,0.01263720728456974,-0.04921597242355347,0.412030965089798,0.14312098920345306,0.018209749832749367,0.17957252264022827,0.22326622903347015,0.011518377810716629,0.02340186946094036,-0.04816962778568268,0.43097546696662903,-0.05941125378012657,0.02856074459850788,11,0.367,0.5951231718063354,0.8527986407279968,2.2702202784330439e-07,,0.6026545166969299,0.8136696815490723,-0.026714900508522987,,0.5908747911453247,0.775160014629364,-0.03821834176778793,,0.5712966322898865,0.7491491436958313,-0.04262963682413101,,0.5518714785575867,0.7418340444564819,-0.04481097683310509,,0.5553723573684692,0.8386133909225464,-0.0403718426823616,,0.533498227596283,0.8268257975578308,-0.04913293942809105,,0.525821328163147,0.7980397343635559,-0.05135251209139824,,0.5252186059951782,0.7776899337768555,-0.0515119805932045,,0.5440426468849182,0.8400087356567383,-0.026931682601571083,,0.5274141430854797,0.7876654863357544,-0.037022314965724945,,0.5392835140228271,0.7552716135978699,-0.03866619989275932,,0.5548324584960938,0.749708354473114,-0.03780209273099899,,0.5388087630271912,0.8344957828521729,-0.013746689073741436,,0.5266482830047607,0.7840502262115479,-0.022905772551894188,,0.5401264429092407,0.7591838240623474,-0.02518087439239025,,0.5548037886619568,0.757806122303009,-0.024685166776180267,,0.5378373265266418,0.8301493525505066,-0.0017695347778499126,,0.5308160781860352,0.7896233201026917,-0.010108170099556446,,0.5395863652229309,0.7650100588798523,-0.013988230377435684,,0.5506312251091003,0.7591906785964966,-0.014715611934661865,,,,,,,,,,,,,,,,,,,,,,,,,,,,,,,,,,,,,,,,,,,,,,,,,,,,,,,,,,,,,,,,,,,,,,,,,,,,,,,,,,,,,
0.021179474890232086,-0.6052307486534119,-0.2635084390640259,0.9998596906661987,0.036910589784383774,-0.6428869366645813,-0.25151923298835754,0.999748170375824,0.036191437393426895,-0.6424804925918579,-0.25381848216056824,0.9997619390487671,0.03668181598186493,-0.6425207853317261,-0.2512786388397217,0.9997233152389526,-0.0002163754979846999,-0.6452452540397644,-0.2520084083080292,0.999758243560791,0.0017250613309442997,-0.6458337903022766,-0.2524420917034149,0.9997759461402893,0.001136933104135096,-0.6447736024856567,-0.24831697344779968,0.9997633695602417,0.11354051530361176,-0.624904215335846,-0.15228618681430817,0.9997286200523376,-0.03945734724402428,-0.6308096647262573,-0.13774830102920532,0.9998055696487427,0.04695061966776848,-0.5741499066352844,-0.23649023473262787,0.9999289512634277,0.0019486343953758478,-0.5745453238487244,-0.23030900955200195,0.9999330043792725,0.20447316765785217,-0.41636279225349426,-0.09668820351362228,0.9996660351753235,-0.13004976511001587,-0.44733160734176636,-0.06319595128297806,0.9997668266296387,0.20446525514125824,-0.19330286979675293,-0.15564389526844025,0.9899864792823792,-0.2573075294494629,-0.21160098910331726,-0.10102304816246033,0.9778649806976318,0.03962840139865875,-0.23464375734329224,-0.3470374643802643,0.9400221109390259,-0.1816205382347107,-0.2164805680513382,-0.32316848635673523,0.9201231598854065,-0.0224680844694376,-0.23558661341667175,-0.3999873995780945,0.8867092728614807,-0.16374245285987854,-0.21177871525287628,-0.3796617388725281,0.8695486187934875,-0.024326777085661888,-0.28370529413223267,-0.39922982454299927,0.9014949202537537,-0.14102782309055328,-0.2559979557991028,-0.3787245750427246,0.8875175714492798,0.020940516144037247,-0.25561830401420593,-0.3538801670074463,0.8818174600601196,-0.16116759181022644,-0.2292838990688324,-0.32995879650115967,0.8724387288093567,0.1143781915307045,1.0936207218037453e-05,-0.00259250751696527,0.3803206980228424,-0.11204080283641815,-0.00613203551620245,0.004009210970252752,0.40649810433387756,0.13862180709838867,-0.019608518108725548,-0.09794832020998001,0.11866044253110886,-0.13370399177074432,-0.03543366491794586,-0.16311247646808624,0.131000816822052,0.14184609055519104,0.24354474246501923,0.20035438239574432,0.022396273910999298,-0.06768004596233368,0.38366612792015076,0.10693084448575974,0.03175361454486847,0.1426980197429657,0.2573646306991577,0.22246596217155457,0.012797003611922264,-0.05174344778060913,0.4011753499507904,0.13891959190368652,0.018585052341222763,0.17848680913448334,0.2195427119731903,0.00900238286703825,0.022732838988304138,-0.04987240582704544,0.41738298535346985,-0.06614834070205688,0.028328165411949158,12,0.4,0.5930758714675903,0.8537875413894653,2.2287287038125214e-07,,0.5997201204299927,0.8203555345535278,-0.028023745864629745,,0.5874879956245422,0.7867825627326965,-0.039425287395715714,,0.569853663444519,0.7610317468643188,-0.04436948522925377,,0.5517900586128235,0.7439828515052795,-0.04690069705247879,,0.5476681590080261,0.8432126641273499,-0.033213261514902115,,0.5219306945800781,0.8417544960975647,-0.04110245779156685,,0.5123484134674072,0.8182468414306641,-0.04228799790143967,,0.513465940952301,0.8037273287773132,-0.04137803986668587,,0.5401620268821716,0.842330276966095,-0.02030818536877632,,0.5220438241958618,0.7938704490661621,-0.03381873294711113,,0.5355309247970581,0.7660191655158997,-0.03678319603204727,,0.5533016920089722,0.7641270756721497,-0.034825652837753296,,0.5385300517082214,0.8360141515731812,-0.008572069928050041,,0.5263308882713318,0.7871706485748291,-0.02328108623623848,,0.5415876507759094,0.7679446339607239,-0.026520291343331337,,0.5569883584976196,0.768049418926239,-0.02444598823785782,,0.5397590398788452,0.8307310342788696,0.0019951360300183296,,0.5327494144439697,0.7914677858352661,-0.010577372275292873,,0.5439178347587585,0.7738953232765198,-0.014587927609682083,,0.55617755651474,0.7714531421661377,-0.013979815877974033,,0.44245994091033936,0.973408579826355,1.5397812092032837e-07,,0.4758526384830475,0.9776467680931091,-0.008481036871671677,,0.5003026723861694,0.961069643497467,-0.01693849451839924,,0.5126743912696838,0.9434470534324646,-0.02602974884212017,,0.5109508037567139,0.9227762222290039,-0.034377627074718475,,0.4972796142101288,0.8644191026687622,-0.01088039018213749,,0.5046659111976624,0.8312190771102905,-0.02263917401432991,,0.5131556987762451,0.8149152994155884,-0.031807541847229004,,0.5166213512420654,0.7992432117462158,-0.03831184282898903,,0.4813741147518158,0.8565145134925842,-0.01405248325318098,,0.49873048067092896,0.8731607794761658,-0.02825726941227913,,0.4998115599155426,0.9145589470863342,-0.03260102495551109,,0.4959895610809326,0.9343046545982361,-0.03383948653936386,,0.4648396372795105,0.8649089336395264,-0.01837233081459999,,0.48276421427726746,0.893656313419342,-0.031028730794787407,,0.4833705425262451,0.9285252690315247,-0.028124993667006493,,0.47855421900749207,0.9396069049835205,-0.02414734847843647,,0.4492800533771515,0.8834800720214844,-0.023882552981376648,,0.4663875997066498,0.9080665111541748,-0.03142844885587692,,0.4677458107471466,0.9302079081535339,-0.02817498706281185,,0.46350935101509094,0.9356269836425781,-0.02451922744512558,
0.020648183301091194,-0.6059510111808777,-0.26107993721961975,0.9998601675033569,0.03694530203938484,-0.643577516078949,-0.24886159598827362,0.999751627445221,0.036238864064216614,-0.6431748270988464,-0.2510973811149597,0.9997654557228088,0.036700211465358734,-0.6432106494903564,-0.2485617697238922,0.9997287392616272,-0.00047542829997837543,-0.6461613178253174,-0.24933770298957825,0.9997599720954895,0.0014846805715933442,-0.6467326879501343,-0.2498597502708435,0.9997764229774475,0.0008769136038608849,-0.6456765532493591,-0.24574436247348785,0.9997639656066895,0.11426129192113876,-0.625157356262207,-0.14921687543392181,0.9997336864471436,-0.039930250495672226,-0.6320614814758301,-0.13416637480258942,0.9998058676719666,0.04658569023013115,-0.5746482014656067,-0.23392531275749207,0.9999295473098755,0.0012359546963125467,-0.5752944946289062,-0.22769732773303986,0.9999332427978516,0.20496995747089386,-0.4165128171443939,-0.09565825760364532,0.9996663928031921,-0.13074028491973877,-0.44754257798194885,-0.060221120715141296,0.9997679591178894,0.20514336228370667,-0.19004738330841064,-0.15835300087928772,0.990514874458313,-0.252783864736557,-0.21104711294174194,-0.10320841521024704,0.9793752431869507,0.039879366755485535,-0.22830601036548615,-0.34727513790130615,0.9452475309371948,-0.18192550539970398,-0.20558160543441772,-0.319902241230011,0.9271416664123535,-0.021833863109350204,-0.23040685057640076,-0.4001237452030182,0.8948427438735962,-0.16326090693473816,-0.19942718744277954,-0.37529927492141724,0.8788278698921204,-0.02489088848233223,-0.27860209345817566,-0.3993105888366699,0.9082231521606445,-0.14092917740345,-0.24380187690258026,-0.3748118281364441,0.8951626420021057,0.020806681364774704,-0.24957279860973358,-0.35401010513305664,0.8901091814041138,-0.16141365468502045,-0.21743039786815643,-0.32674577832221985,0.8813362717628479,0.11449658870697021,0.00012999253522139043,-0.0024213455617427826,0.38806670904159546,-0.11215383559465408,-0.00626591918990016,0.0038229385390877724,0.41279348731040955,0.14128652215003967,-0.02020128443837166,-0.10000213235616684,0.11370040476322174,-0.1329105943441391,-0.03351940959692001,-0.1620187610387802,0.1258583515882492,0.14475539326667786,0.24229156970977783,0.19137801229953766,0.02146420069038868,-0.0677582323551178,0.3842584788799286,0.11202917993068695,0.03039555996656418,0.14593160152435303,0.25583603978157043,0.21236039698123932,0.01254492998123169,-0.05182012543082237,0.40175771713256836,0.14470814168453217,0.018093477934598923,0.1826222538948059,0.21760541200637817,-0.003826987463980913,0.02170424908399582,-0.04758979380130768,0.4183148741722107,-0.05994996801018715,0.0270735751837492,13,0.433,0.5931930541992188,0.8514894843101501,1.8854153438496724e-07,,0.6017846465110779,0.8146272301673889,-0.0287404153496027,,0.5892968773841858,0.7798883318901062,-0.041067399084568024,,0.5713122487068176,0.7546489834785461,-0.04591428488492966,,0.5543497204780579,0.7372342944145203,-0.048333410173654556,,0.5484607815742493,0.8341144323348999,-0.041440002620220184,,0.5211496353149414,0.8301589488983154,-0.0497249998152256,,0.5110781788825989,0.8014979958534241,-0.05026717111468315,,0.5117384791374207,0.7797762751579285,-0.04898889735341072,,0.5397206544876099,0.8342300653457642,-0.0269294623285532,,0.5269700288772583,0.7759606838226318,-0.03944215551018715,,0.5421863794326782,0.7475004196166992,-0.040209654718637466,,0.5594766736030579,0.7454221844673157,-0.03719145804643631,,0.5371484160423279,0.8287573456764221,-0.012900551781058311,,0.5299646854400635,0.7731103897094727,-0.02642805501818657,,0.5452561974525452,0.7520372271537781,-0.02771492674946785,,0.5601257681846619,0.7514127492904663,-0.024634268134832382,,0.5380292534828186,0.8233317732810974,1.2033997336402535e-05,,0.5336151123046875,0.7789348363876343,-0.01193144079297781,,0.5447092652320862,0.7586015462875366,-0.01490871887654066,,0.5564098954200745,0.7555943727493286,-0.013448623940348625,,0.4649089276790619,0.9793802499771118,4.6437769185558864e-08,,0.48729681968688965,0.9714117050170898,-0.006353258620947599,,0.5068848729133606,0.9471198320388794,-0.013854783959686756,,0.5181044340133667,0.9284565448760986,-0.02236218750476837,,0.515460729598999,0.9074710011482239,-0.02988915890455246,,0.49917781352996826,0.8544644117355347,-0.00872044824063778,,0.5063291192054749,0.8123268485069275,-0.020918838679790497,,0.5134348273277283,0.7966327667236328,-0.029127130284905434,,0.5174869894981384,0.7908019423484802,-0.034104522317647934,,0.4830394983291626,0.8474546670913696,-0.012517156079411507,,0.5018570423126221,0.8639751672744751,-0.02840805985033512,,0.5016482472419739,0.9070326089859009,-0.03195858374238014,,0.49617812037467957,0.9277018308639526,-0.03150678798556328,,0.46735724806785583,0.8551871180534363,-0.01757320575416088,,0.48579832911491394,0.8841537833213806,-0.03162413835525513,,0.4863310754299164,0.9190505743026733,-0.028441693633794785,,0.4817501902580261,0.9301303625106812,-0.02354772947728634,,0.4535723924636841,0.8729513883590698,-0.02352232299745083,,0.47052299976348877,0.8964206576347351,-0.03151175379753113,,0.4722829759120941,0.9214173555374146,-0.028077641502022743,,0.46803566813468933,0.9270777106285095,-0.02376617304980755,
0.020236214622855186,-0.6059943437576294,-0.26275721192359924,0.9998594522476196,0.0366375707089901,-0.6436216831207275,-0.2502986490726471,0.9997509717941284,0.03594744950532913,-0.6432222127914429,-0.252502977848053,0.999764621257782,0.03640074282884598,-0.6432569622993469,-0.24998916685581207,0.9997292160987854,-0.0008669645176269114,-0.6462526321411133,-0.2511272132396698,0.9997597932815552,0.0011081204283982515,-0.6468225121498108,-0.25168198347091675,0.999775767326355,0.0004938740748912096,-0.6457701325416565,-0.24759042263031006,0.9997645020484924,0.11333360522985458,-0.625271737575531,-0.14998815953731537,0.9997331500053406,-0.04086606577038765,-0.6325181722640991,-0.13600237667560577,0.99980628490448,0.04574907198548317,-0.5747116804122925,-0.2350543588399887,0.9999291300773621,0.00038044244865886867,-0.5754002332687378,-0.22949375212192535,0.9999331831932068,0.20419234037399292,-0.41660913825035095,-0.09698478132486343,0.9996625781059265,-0.13156753778457642,-0.4474552571773529,-0.06122861057519913,0.9997702240943909,0.20462173223495483,-0.19004839658737183,-0.15998557209968567,0.9909815192222595,-0.2517412602901459,-0.20692048966884613,-0.10861334949731827,0.9806882739067078,0.039445072412490845,-0.22856709361076355,-0.34880316257476807,0.949893057346344,-0.1812661737203598,-0.20646695792675018,-0.33257558941841125,0.9334895610809326,-0.021973056718707085,-0.23192299902439117,-0.401907354593277,0.9020765423774719,-0.16273120045661926,-0.20265895128250122,-0.3899722099304199,0.8874759078025818,-0.025128202512860298,-0.2811689078807831,-0.40150871872901917,0.9141848683357239,-0.14016398787498474,-0.24695664644241333,-0.38787931203842163,0.902267336845398,0.020361781120300293,-0.24991628527641296,-0.3559444546699524,0.8973633646965027,-0.16087254881858826,-0.21913206577301025,-0.3389521539211273,0.8893517851829529,0.1144842877984047,0.00011505855218274519,-0.0022436738945543766,0.39053645730018616,-0.11216334253549576,-0.006277210079133511,0.003639007918536663,0.41467490792274475,0.1433361917734146,-0.021689504384994507,-0.09443717449903488,0.11235979199409485,-0.13028879463672638,-0.007992299273610115,-0.14144836366176605,0.12430167943239212,0.1489933729171753,0.24140022695064545,0.19193024933338165,0.020967235788702965,-0.06744168698787689,0.38764840364456177,0.13645039498806,0.02969716303050518,0.15027861297130585,0.254765123128891,0.21286289393901825,0.012402942404150963,-0.05170195922255516,0.4051707684993744,0.16757789254188538,0.01782803423702717,0.18923328816890717,0.21958445012569427,-0.002056300872936845,0.021142367273569107,-0.0479721762239933,0.4305395781993866,-0.03323182463645935,0.026421526446938515,14,0.467,0.5956994891166687,0.844505786895752,2.1022705709583533e-07,,0.604415774345398,0.8072723150253296,-0.02655721828341484,,0.5922887325286865,0.7678191065788269,-0.037008076906204224,,0.5749545693397522,0.7420925498008728,-0.04069038853049278,,0.556951105594635,0.7285711765289307,-0.04254889488220215,,0.5555877685546875,0.8211779594421387,-0.03762853518128395,,0.5270162224769592,0.8266892433166504,-0.04657866805791855,,0.5146013498306274,0.797431230545044,-0.048719119280576706,,0.5122209191322327,0.7721685171127319,-0.04818319156765938,,0.5470834970474243,0.8206021785736084,-0.023812446743249893,,0.5301934480667114,0.770428478717804,-0.03545326367020607,,0.5420190095901489,0.7389979958534241,-0.036560360342264175,,0.5583521127700806,0.7350113391876221,-0.033638447523117065,,0.544723629951477,0.8159511089324951,-0.010609612800180912,,0.5346155166625977,0.7623655200004578,-0.023281369358301163,,0.549103319644928,0.7396741509437561,-0.02593257464468479,,0.5639173984527588,0.740722119808197,-0.02357460930943489,,0.5453717112541199,0.8115171790122986,0.0016419460298493505,,0.5395099520683289,0.7684928178787231,-0.010014083236455917,,0.550167977809906,0.7463086843490601,-0.01402075495570898,,0.5625234246253967,0.7442862391471863,-0.013230041600763798,,0.4633300304412842,0.9651097059249878,8.274414931008778e-09,,0.48823282122612,0.9561464190483093,-0.008735977113246918,,0.5089640021324158,0.9322972893714905,-0.01637406274676323,,0.5206339359283447,0.9099479913711548,-0.024711621925234795,,0.5162323117256165,0.8885842561721802,-0.032399799674749374,,0.500758707523346,0.8421220183372498,-0.008627617731690407,,0.5082300901412964,0.802514910697937,-0.020510714501142502,,0.513870358467102,0.7818976640701294,-0.028153765946626663,,0.5181936621665955,0.7678959965705872,-0.032693032175302505,,0.48379698395729065,0.835137128829956,-0.010966264642775059,,0.5026354193687439,0.8445660471916199,-0.027304669842123985,,0.5046402215957642,0.8870256543159485,-0.03159555792808533,,0.5012769103050232,0.9119313955307007,-0.03097211942076683,,0.46806320548057556,0.8421466946601868,-0.014678834937512875,,0.4866756498813629,0.8655473589897156,-0.0295012965798378,,0.4878670275211334,0.9007545113563538,-0.027296636253595352,,0.48452645540237427,0.9172366857528687,-0.022282347083091736,,0.4542877674102783,0.8581681847572327,-0.019506247714161873,,0.4717765152454376,0.876708447933197,-0.02844212017953396,,0.4746931791305542,0.9043123722076416,-0.025953873991966248,,0.471966028213501,0.9167177081108093,-0.021692125126719475,
0.01967410184442997,-0.6054790616035461,-0.265006422996521,0.9998565316200256,0.03621453791856766,-0.6431571841239929,-0.25258034467697144,0.9997460246086121,0.03553608059883118,-0.642765462398529,-0.25466716289520264,0.9997591376304626,0.0359707809984684,-0.6427931189537048,-0.25216570496559143,0.9997244477272034,-0.0013954410096630454,-0.645793616771698,-0.25379928946495056,0.9997571706771851,0.0005972444196231663,-0.6463438272476196,-0.2544972896575928,0.9997732639312744,-3.112233025603928e-05,-0.6452916264533997,-0.25041842460632324,0.9997633695602417,0.1124560758471489,-0.625328540802002,-0.1506529599428177,0.9997289180755615,-0.04188213124871254,-0.6324724555015564,-0.1385630965232849,0.9998064041137695,0.045018844306468964,-0.5743937492370605,-0.23661568760871887,0.99992835521698,-0.00046632267185486853,-0.575042188167572,-0.23160095512866974,0.9999333620071411,0.20365047454833984,-0.41678106784820557,-0.09802889078855515,0.999658465385437,-0.1320175975561142,-0.44734084606170654,-0.06266147643327713,0.9997755885124207,0.20453844964504242,-0.19035565853118896,-0.1629732847213745,0.9916110634803772,-0.24927516281604767,-0.2050575613975525,-0.11695310473442078,0.9821763634681702,0.038526296615600586,-0.23533879220485687,-0.3529514670372009,0.9544702172279358,-0.1811239868402481,-0.20655064284801483,-0.342656672000885,0.939577043056488,-0.02273961529135704,-0.24336346983909607,-0.4074448049068451,0.9095796942710876,-0.16165058314800262,-0.20435914397239685,-0.4010024070739746,0.8961287140846252,-0.026115160435438156,-0.2940782606601715,-0.40641656517982483,0.920491635799408,-0.13990437984466553,-0.24918729066848755,-0.3984506130218506,0.9094886183738708,0.019285712391138077,-0.2587467133998871,-0.3600522577762604,0.9050331711769104,-0.16069822013378143,-0.21988356113433838,-0.3490436375141144,0.8975859880447388,0.11448722332715988,0.00010042771464213729,-0.0020517671946436167,0.3976311683654785,-0.11223277449607849,-0.006244293879717588,0.00335035752505064,0.4228343963623047,0.14416471123695374,-0.02166914753615856,-0.09425573796033859,0.10702425241470337,-0.13036279380321503,0.009807968512177467,-0.12988874316215515,0.11919043213129044,0.14876827597618103,0.24078407883644104,0.19192543625831604,0.019840097054839134,-0.07100656628608704,0.3980658948421478,0.14721064269542694,0.028239864856004715,0.15008001029491425,0.25402283668518066,0.2127607762813568,0.011917863972485065,-0.055820878595113754,0.4175083637237549,0.176718071103096,0.017076149582862854,0.18863262236118317,0.2226456105709076,0.003744405461475253,0.01996988244354725,-0.0501808300614357,0.4493303596973419,-0.022460071370005608,0.02504686824977398,15,0.5,0.5985749959945679,0.8385757803916931,2.2777508945637237e-07,,0.6075438261032104,0.7977878451347351,-0.022753320634365082,,0.5946584343910217,0.7553817629814148,-0.03076128102838993,,0.5758558511734009,0.728062093257904,-0.032818328589200974,,0.5574313402175903,0.7167869806289673,-0.03328715264797211,,0.5611831545829773,0.811811089515686,-0.031626589596271515,,0.532368540763855,0.8197672963142395,-0.037098608911037445,,0.5198148488998413,0.7943365573883057,-0.03733476251363754,,0.5164912939071655,0.7750803828239441,-0.03605520725250244,,0.5520546436309814,0.817103385925293,-0.019351407885551453,,0.5320380330085754,0.7700750827789307,-0.02819976396858692,,0.5420358180999756,0.7355411648750305,-0.029468946158885956,,0.5578535795211792,0.7292711138725281,-0.027367902919650078,,0.5486072301864624,0.8171172738075256,-0.007352759595960379,,0.5346662402153015,0.7654826045036316,-0.017233004793524742,,0.5482966899871826,0.740696370601654,-0.021016161888837814,,0.56283038854599,0.7401983737945557,-0.02041655033826828,,0.5477700233459473,0.8161498308181763,0.003968207631260157,,0.5399143099784851,0.7719465494155884,-0.00571315735578537,,0.5504385828971863,0.7486385107040405,-0.010315734893083572,,0.5628194212913513,0.7460059523582458,-0.010825530625879765,,0.4663906693458557,0.9551880955696106,1.9136198403657545e-08,,0.48992496728897095,0.9478908777236938,-0.010094276629388332,,0.5109351873397827,0.9239538908004761,-0.019289996474981308,,0.5237045884132385,0.8993564248085022,-0.029185689985752106,,0.517511785030365,0.879131019115448,-0.0382571741938591,,0.5031826496124268,0.833666980266571,-0.011049184016883373,,0.5108931064605713,0.7882969379425049,-0.02527690678834915,,0.5196474194526672,0.7762131094932556,-0.033514149487018585,,0.5261039733886719,0.7760156393051147,-0.03749892860651016,,0.4859619140625,0.8265753388404846,-0.013298941776156425,,0.5059192180633545,0.8322468400001526,-0.0308605395257473,,0.5067617297172546,0.8795758485794067,-0.03398003429174423,,0.5026282668113708,0.9045910835266113,-0.031893689185380936,,0.4700026214122772,0.8331724405288696,-0.017277775332331657,,0.4893423616886139,0.8560466766357422,-0.033196523785591125,,0.4900888502597809,0.8945826292037964,-0.029761454090476036,,0.48649778962135315,0.911961555480957,-0.02339128591120243,,0.45577770471572876,0.8486768007278442,-0.02252432331442833,,0.47237980365753174,0.8671242594718933,-0.03194040060043335,,0.47637200355529785,0.8968472480773926,-0.028489621356129646,,0.47475773096084595,0.9106572866439819,-0.023168552666902542,
0.019172482192516327,-0.6054832339286804,-0.2673267126083374,0.9998546242713928,0.035851091146469116,-0.6431808471679688,-0.25496920943260193,0.9997438192367554,0.03517267480492592,-0.642788827419281,-0.25701484084129333,0.9997556209564209,0.035607583820819855,-0.642815113067627,-0.254535436630249,0.9997218251228333,-0.0018095469567924738,-0.6458153128623962,-0.2565171420574188,0.9997575283050537,0.0001841329940361902,-0.6463637351989746,-0.25724828243255615,0.9997735619544983,-0.00044803257333114743,-0.6453116536140442,-0.25315573811531067,0.9997652173042297,0.11185532808303833,-0.6256132125854492,-0.15146860480308533,0.9997256994247437,-0.0426022969186306,-0.6331609487533569,-0.14106756448745728,0.9998086094856262,0.04433991014957428,-0.574411928653717,-0.2383560836315155,0.9999281764030457,-0.0012003715382888913,-0.5750963687896729,-0.2338068038225174,0.9999340772628784,0.2032477706670761,-0.4169986844062805,-0.09907227754592896,0.9996532797813416,-0.13304473459720612,-0.4474802315235138,-0.06297628581523895,0.9997799396514893,0.20375539362430573,-0.1909371316432953,-0.1644541174173355,0.992016613483429,-0.24809175729751587,-0.20508769154548645,-0.12030067294836044,0.9832772612571716,0.03843141719698906,-0.24543288350105286,-0.35306188464164734,0.9584178328514099,-0.1789768487215042,-0.20736593008041382,-0.3531639873981476,0.9448066353797913,-0.02280890941619873,-0.257581889629364,-0.4074288010597229,0.9159684777259827,-0.15979400277137756,-0.20823325216770172,-0.41161489486694336,0.9033746719360352,-0.02640732191503048,-0.3097464144229889,-0.40646272897720337,0.9258757829666138,-0.13945235311985016,-0.2548481822013855,-0.40712907910346985,0.9155808091163635,0.019183706492185593,-0.27051040530204773,-0.36024507880210876,0.9114992618560791,-0.15895994007587433,-0.22190919518470764,-0.3587358295917511,0.9043366312980652,0.11456125974655151,-0.00017542725254315883,-0.0016850235406309366,0.39728453755378723,-0.11238022893667221,-0.006065082736313343,0.002960528712719679,0.4223410487174988,0.14433549344539642,-0.022516772150993347,-0.08841068297624588,0.10262583941221237,-0.13050498068332672,0.016086110845208168,-0.11537475883960724,0.11447091400623322,0.14850008487701416,0.23153673112392426,0.20943774282932281,0.018921270966529846,-0.07702799886465073,0.39798441529273987,0.16951358318328857,0.02686392515897751,0.14981421828269958,0.24332478642463684,0.23176012933254242,0.011650129221379757,-0.06193877011537552,0.41738948225975037,0.20055601000785828,0.016406308859586716,0.18812838196754456,0.21472732722759247,0.023157114163041115,0.019059060141444206,-0.05412456765770912,0.44896650314331055,0.0007723121671006083,0.02386249415576458,16,0.533,0.6020732522010803,0.8352877497673035,2.4600490178272594e-07,,0.6097182631492615,0.7920814752578735,-0.023823995143175125,,0.5959222316741943,0.7521676421165466,-0.033207159489393234,,0.5778650045394897,0.7242482900619507,-0.036897458136081696,,0.5597099661827087,0.7123537063598633,-0.03889346122741699,,0.5650164484977722,0.8103777170181274,-0.033594172447919846,,0.5333847403526306,0.8154100775718689,-0.04107280820608139,,0.5207388997077942,0.7894126772880554,-0.04315619915723801,,0.5183005928993225,0.7705066204071045,-0.043010883033275604,,0.5572869777679443,0.8206346035003662,-0.02192622236907482,,0.5336201190948486,0.7725247144699097,-0.03253341466188431,,0.542148232460022,0.7374505996704102,-0.03514425456523895,,0.5579835772514343,0.7302581667900085,-0.03422873467206955,,0.5546020269393921,0.822709321975708,-0.01068924367427826,,0.5352791547775269,0.772807240486145,-0.02055118978023529,,0.5461040735244751,0.7466904520988464,-0.0233459509909153,,0.5602229237556458,0.7445095777511597,-0.022605856880545616,,0.5540239214897156,0.8218163251876831,-0.000496869208291173,,0.5410385131835938,0.7797834873199463,-0.009508000686764717,,0.5483506917953491,0.7558244466781616,-0.013055982999503613,,0.5596199035644531,0.7516424655914307,-0.013335926458239555,,0.4653245806694031,0.9535225033760071,-9.900433362020067e-09,,0.49018508195877075,0.9452992677688599,-0.008930180221796036,,0.5117877125740051,0.9220513105392456,-0.01811361312866211,,0.5248061418533325,0.8989858627319336,-0.028509043157100677,,0.5197912454605103,0.8772756457328796,-0.03786779195070267,,0.5043507218360901,0.8297547698020935,-0.009706436656415462,,0.5120947360992432,0.7837238311767578,-0.025737406685948372,,0.5229626893997192,0.7793407440185547,-0.03499568626284599,,0.5308451056480408,0.788877010345459,-0.039119165390729904,,0.48699599504470825,0.8230752944946289,-0.013065241277217865,,0.5074048042297363,0.8266264796257019,-0.0321306474506855,,0.5083913803100586,0.8763929009437561,-0.0359250009059906,,0.504095196723938,0.9020620584487915,-0.03383461758494377,,0.4707769751548767,0.8296741247177124,-0.01831367053091526,,0.49126994609832764,0.8547446131706238,-0.03560073673725128,,0.4909975230693817,0.8961971402168274,-0.032237712293863297,,0.486424058675766,0.9123595356941223,-0.02537829801440239,,0.4566706418991089,0.8450784087181091,-0.024711085483431816,,0.4747634530067444,0.8656142950057983,-0.03418745473027229,,0.47711217403411865,0.8960849046707153,-0.030235594138503075,,0.47357693314552307,0.9074533581733704,-0.024380041286349297,
0.018518226221203804,-0.6044917106628418,-0.2687665522098541,0.9998523592948914,0.03512512147426605,-0.6424745917320251,-0.2566247284412384,0.9997404217720032,0.03444686904549599,-0.6420844197273254,-0.25861886143684387,0.999751091003418,0.034879498183727264,-0.6420974135398865,-0.25614699721336365,0.9997178316116333,-0.002506881719455123,-0.6450850963592529,-0.25841400027275085,0.9997566342353821,-0.0005123594892211258,-0.6456166505813599,-0.25920426845550537,0.9997727870941162,-0.001145120826549828,-0.6445629596710205,-0.25510549545288086,0.999765932559967,0.1113056018948555,-0.625673234462738,-0.15292377769947052,0.9997209310531616,-0.04306437820196152,-0.6331434845924377,-0.14374101161956787,0.9998104572296143,0.04370677471160889,-0.5738891363143921,-0.23964199423789978,0.9999281167984009,-0.0018175349105149508,-0.5745005011558533,-0.23541191220283508,0.9999349117279053,0.20304752886295319,-0.41724976897239685,-0.09978698194026947,0.999651312828064,-0.13397769629955292,-0.4474329948425293,-0.06471817195415497,0.9997857213020325,0.20255117118358612,-0.19182348251342773,-0.16509905457496643,0.9924724102020264,-0.24789316952228546,-0.2048853486776352,-0.12683717906475067,0.9844408631324768,0.03793984651565552,-0.2538870871067047,-0.3540964424610138,0.962106466293335,-0.17527005076408386,-0.20944899320602417,-0.36060577630996704,0.9497021436691284,-0.023325156420469284,-0.2678913474082947,-0.4084005653858185,0.9220195412635803,-0.15404874086380005,-0.21282267570495605,-0.4188085198402405,0.9102911949157715,-0.026608366519212723,-0.3206426203250885,-0.40729549527168274,0.9309858679771423,-0.1346755027770996,-0.26166200637817383,-0.4129735827445984,0.9214028120040894,0.018916767090559006,-0.2799122631549835,-0.36127132177352905,0.9176598787307739,-0.15499551594257355,-0.2256181687116623,-0.3655085861682892,0.9108447432518005,0.11459944397211075,-0.00036583756445907056,-0.0012470813235267997,0.39690151810646057,-0.11248580366373062,-0.005887891631573439,0.002451538573950529,0.42240145802497864,0.14475427567958832,-0.023018304258584976,-0.08530586957931519,0.09772700816392899,-0.1307697892189026,0.01808391883969307,-0.1087714359164238,0.10953382402658463,0.14827537536621094,0.22865311801433563,0.21544376015663147,0.017995107918977737,-0.08068184554576874,0.39817294478416443,0.17823253571987152,0.02550913207232952,0.14956910908222198,0.2397966831922531,0.23758365213871002,0.01131620816886425,-0.06557028740644455,0.4174034595489502,0.20933665335178375,0.01569562964141369,0.18799495697021484,0.21322773396968842,0.029662156477570534,0.018118055537343025,-0.05610137805342674,0.4508208632469177,0.0078010899014770985,0.022654764354228973,17,0.567,0.6004438996315002,0.8350539803504944,2.417804125798284e-07,,0.6094123721122742,0.7909327745437622,-0.026115762069821358,,0.5961954593658447,0.7517667412757874,-0.037319909781217575,,0.5780338048934937,0.7233020067214966,-0.04218784347176552,,0.5595182180404663,0.7108696103096008,-0.045240260660648346,,0.5642200112342834,0.810310959815979,-0.03899546340107918,,0.5335192680358887,0.811248779296875,-0.04783454164862633,,0.5202004313468933,0.7847830057144165,-0.04937608167529106,,0.5180287957191467,0.7676773071289062,-0.04842907190322876,,0.5554326772689819,0.8188386559486389,-0.026339052245020866,,0.5343652367591858,0.7631828784942627,-0.03823614493012428,,0.5460563898086548,0.7320550680160522,-0.039082303643226624,,0.5630838871002197,0.7308055758476257,-0.03638511523604393,,0.5525234341621399,0.819591224193573,-0.014147569425404072,,0.5363630056381226,0.765355110168457,-0.025995997712016106,,0.5493963360786438,0.742609441280365,-0.026982171460986137,,0.5639672875404358,0.7435474991798401,-0.024326633661985397,,0.5524739623069763,0.8183758854866028,-0.00299171544611454,,0.5413569211959839,0.7747468948364258,-0.012615777552127838,,0.5497385859489441,0.7530264854431152,-0.014619583263993263,,0.5612748265266418,0.7510327696800232,-0.013465180061757565,,0.46685466170310974,0.9523242712020874,-9.700325875883209e-09,,0.49154913425445557,0.9442156553268433,-0.008931496180593967,,0.5133512020111084,0.920217752456665,-0.018508031964302063,,0.5261110067367554,0.8966966271400452,-0.02942185290157795,,0.5208618640899658,0.8754323124885559,-0.03918782249093056,,0.5048702359199524,0.8279846906661987,-0.010883142240345478,,0.5129757523536682,0.7767168879508972,-0.02761523425579071,,0.5241794586181641,0.7749849557876587,-0.03701847791671753,,0.5310539603233337,0.7888414859771729,-0.04090436175465584,,0.4874899983406067,0.8222843408584595,-0.014344250783324242,,0.507962703704834,0.8251336216926575,-0.033315062522888184,,0.5097192525863647,0.8749774694442749,-0.03669152408838272,,0.5051855444908142,0.8991787433624268,-0.03450826555490494,,0.4714183807373047,0.8293745517730713,-0.019711248576641083,,0.4921097159385681,0.85317063331604,-0.03688523545861244,,0.49276596307754517,0.894931972026825,-0.032982029020786285,,0.48815634846687317,0.9102950096130371,-0.02592170052230358,,0.45762595534324646,0.8448026776313782,-0.026217453181743622,,0.47627386450767517,0.8633665442466736,-0.035360187292099,,0.4792446494102478,0.8940094709396362,-0.030673982575535774,,0.47545841336250305,0.9056104421615601,-0.024360667914152145,
0.018076078966259956,-0.6026144027709961,-0.27059322595596313,0.9998515248298645,0.034759316593408585,-0.6410723328590393,-0.25873708724975586,0.9997393488883972,0.03408164530992508,-0.6406810879707336,-0.2606918215751648,0.9997488260269165,0.0345187671482563,-0.6406773924827576,-0.25821858644485474,0.9997162818908691,-0.0028534734155982733,-0.6435337066650391,-0.2605922222137451,0.999757707118988,-0.0008620703010819852,-0.6440404057502747,-0.2614300847053528,0.9997737407684326,-0.001487982226535678,-0.6429812908172607,-0.2573230564594269,0.9997683167457581,0.11096719652414322,-0.6256780028343201,-0.1556576043367386,0.9997186660766602,-0.04348233342170715,-0.6326708197593689,-0.14653198421001434,0.9998136758804321,0.04332119971513748,-0.5726268887519836,-0.24160198867321014,0.9999288320541382,-0.002164204604923725,-0.5729937553405762,-0.23740734159946442,0.9999362826347351,0.20285660028457642,-0.41730424761772156,-0.10002720355987549,0.9996525049209595,-0.1347033828496933,-0.44671547412872314,-0.06697903573513031,0.999792754650116,0.2017235904932022,-0.1921699196100235,-0.16559016704559326,0.9929124116897583,-0.24741387367248535,-0.20393909513950348,-0.1326022446155548,0.9855483770370483,0.037449296563863754,-0.2581225633621216,-0.3553771376609802,0.9654781222343445,-0.16872581839561462,-0.21149590611457825,-0.3666137754917145,0.9541816711425781,-0.024006709456443787,-0.27264636754989624,-0.4094953238964081,0.9276129603385925,-0.144209623336792,-0.21684199571609497,-0.4246298372745514,0.9166975021362305,-0.026755640283226967,-0.3255043625831604,-0.4081304669380188,0.9357209801673889,-0.1255200058221817,-0.2675642669200897,-0.4176744818687439,0.926805853843689,0.018575027585029602,-0.2844821810722351,-0.36241424083709717,0.923355221748352,-0.1478322446346283,-0.22909311950206757,-0.3709714114665985,0.9168636798858643,0.11463606357574463,-0.0005964881274849176,-0.0007261768914759159,0.3941418528556824,-0.11257412284612656,-0.005663497373461723,0.0018637054599821568,0.42028042674064636,0.14544717967510223,-0.02537386305630207,-0.08285108208656311,0.09268414974212646,-0.13120485842227936,0.016847040504217148,-0.10555488616228104,0.10447148233652115,0.14809979498386383,0.22389769554138184,0.22105735540390015,0.017076309770345688,-0.08380091935396194,0.39788275957107544,0.1844019740819931,0.024139907211065292,0.1493813544511795,0.2342994213104248,0.24311260879039764,0.010967151261866093,-0.06856565922498703,0.4169767200946808,0.21579408645629883,0.014956288039684296,0.18860657513141632,0.20758646726608276,0.034281518310308456,0.017183255404233932,-0.057193927466869354,0.450225293636322,0.012133476324379444,0.02142881229519844,18,0.6,0.6013258695602417,0.834627628326416,2.405134580385493e-07,,0.6104186773300171,0.7912254929542542,-0.02649354189634323,,0.5973213911056519,0.7516278028488159,-0.03814411908388138,,0.578918993473053,0.7234007120132446,-0.04332173988223076,,0.5602478981018066,0.7096813917160034,-0.04664255306124687,,0.5669333934783936,0.8093785643577576,-0.03983393311500549,,0.5367807745933533,0.8108078837394714,-0.04892504960298538,,0.5230579376220703,0.786253035068512,-0.0509977787733078,,0.5203108191490173,0.7700505256652832,-0.05068804696202278,,0.5571544170379639,0.8186450600624084,-0.027148474007844925,,0.5361947417259216,0.7634557485580444,-0.03899797797203064,,0.5468305945396423,0.7330062389373779,-0.04005739092826843,,0.5633836984634399,0.7321000695228577,-0.03786511346697807,,0.5532210469245911,0.8196266293525696,-0.014958144165575504,,0.5362650156021118,0.7658217549324036,-0.026139408349990845,,0.5486974120140076,0.7425723075866699,-0.026993677020072937,,0.5634469389915466,0.7428500652313232,-0.02473738230764866,,0.5524135828018188,0.8184707760810852,-0.003976260311901569,,0.5414460897445679,0.7752767205238342,-0.013672366738319397,,0.5497430562973022,0.7531381845474243,-0.016224661841988564,,0.5610822439193726,0.7502910494804382,-0.015677940100431442,,0.46646344661712646,0.9533677697181702,-1.6677903502682057e-08,,0.4916084110736847,0.9430158138275146,-0.008728423155844212,,0.513648271560669,0.9189858436584473,-0.01801237463951111,,0.5265722870826721,0.8961984515190125,-0.028582463040947914,,0.5217680335044861,0.8762356638908386,-0.038250308483839035,,0.50446617603302,0.8260706663131714,-0.010659662075340748,,0.5142986178398132,0.7774233222007751,-0.02555985562503338,,0.5252373218536377,0.7703183889389038,-0.033894892781972885,,0.5323411226272583,0.7758947014808655,-0.03781775385141373,,0.48743975162506104,0.8210026025772095,-0.01414678804576397,,0.5093199014663696,0.8243935108184814,-0.032240692526102066,,0.5106582641601562,0.8748326301574707,-0.035336684435606,,0.5059152841567993,0.8993266224861145,-0.033236198127269745,,0.47174862027168274,0.8286707401275635,-0.019289478659629822,,0.4934162497520447,0.8515951633453369,-0.036241259425878525,,0.493663489818573,0.8934426307678223,-0.0324120931327343,,0.48875609040260315,0.9091746807098389,-0.02550816908478737,,0.4582023322582245,0.8442484736442566,-0.025484129786491394,,0.4775862395763397,0.8601698279380798,-0.03480171784758568,,0.4805821180343628,0.8908665180206299,-0.0301345307379961,,0.47664201259613037,0.9031944870948792,-0.023945387452840805,
0.01741921342909336,-0.6010397672653198,-0.2717324495315552,0.9998517036437988,0.03380810469388962,-0.6397966146469116,-0.2600245177745819,0.9997392296791077,0.033132120966911316,-0.6394057273864746,-0.2619490623474121,0.9997478723526001,0.03355605527758598,-0.6393905878067017,-0.2594728171825409,0.9997158050537109,-0.003811957547441125,-0.6421469449996948,-0.26190653443336487,0.999759316444397,-0.0018116720020771027,-0.6426336765289307,-0.262780100107193,0.9997752904891968,-0.0024521758314222097,-0.6415743827819824,-0.2586747109889984,0.9997709393501282,0.1093362346291542,-0.6255805492401123,-0.15735529363155365,0.9997179508209229,-0.04517737030982971,-0.6320769190788269,-0.14833328127861023,0.9998171925544739,0.042616259306669235,-0.5714543461799622,-0.24282971024513245,0.9999297261238098,-0.0029548369348049164,-0.5716356635093689,-0.238676056265831,0.9999377727508545,0.2021520435810089,-0.417391300201416,-0.10017907619476318,0.9996530413627625,-0.13619546592235565,-0.44626665115356445,-0.06893549859523773,0.9997996091842651,0.20014354586601257,-0.19238582253456116,-0.16719436645507812,0.9933316707611084,-0.24757641553878784,-0.2038903534412384,-0.13794919848442078,0.9866083860397339,0.03639739379286766,-0.2594153881072998,-0.3562910556793213,0.968532145023346,-0.16631773114204407,-0.2142322063446045,-0.37137824296951294,0.9582767486572266,-0.025245796889066696,-0.2736247777938843,-0.4102531671524048,0.9326562285423279,-0.13986629247665405,-0.22031693160533905,-0.4295680820941925,0.922639787197113,-0.027387643232941628,-0.326297402381897,-0.4087490737438202,0.9399785995483398,-0.12044578790664673,-0.2720390260219574,-0.4221111536026001,0.9318111538887024,0.017672788351774216,-0.2857057452201843,-0.36321139335632324,0.928491473197937,-0.14476943016052246,-0.23265275359153748,-0.37550950050354004,0.9224807620048523,0.1146588996052742,-0.0007377506117336452,-0.00041842879727482796,0.3945368826389313,-0.11264456063508987,-0.005498866550624371,0.001497039687819779,0.42219915986061096,0.14593884348869324,-0.025942614302039146,-0.08264045417308807,0.08877642452716827,-0.1312951147556305,0.018158167600631714,-0.10602587461471558,0.10075876861810684,0.14802168309688568,0.22406327724456787,0.21935053169727325,0.016395343467593193,-0.08464709669351578,0.3994312286376953,0.18322546780109406,0.023140674456954002,0.14933963119983673,0.23457929491996765,0.24104942381381989,0.010709808208048344,-0.06946946680545807,0.41862887144088745,0.21436470746994019,0.014400914311408997,0.18931354582309723,0.20794515311717987,0.03183603659272194,0.01645917072892189,-0.057875748723745346,0.45364752411842346,0.010014710947871208,0.020491408184170723,19,0.633,0.6004473567008972,0.8385501503944397,2.566908392509504e-07,,0.6108779311180115,0.7935694456100464,-0.023956188932061195,,0.5982621908187866,0.753118634223938,-0.034640178084373474,,0.579356849193573,0.7236489057540894,-0.03925051912665367,,0.5613417029380798,0.7116050124168396,-0.04217598959803581,,0.5723471641540527,0.813708484172821,-0.0390525683760643,,0.5402563214302063,0.8148282170295715,-0.04767468944191933,,0.5243968963623047,0.7891764640808105,-0.04916136711835861,,0.5197759866714478,0.7714202404022217,-0.04833943396806717,,0.5608624219894409,0.823585033416748,-0.027217449620366096,,0.5373598337173462,0.7697232961654663,-0.03835909441113472,,0.5449293255805969,0.7363982200622559,-0.03906361013650894,,0.5601288676261902,0.731060266494751,-0.036681607365608215,,0.5553202033042908,0.8233712315559387,-0.015522154048085213,,0.5361009836196899,0.7708644270896912,-0.02600574679672718,,0.5459790825843811,0.7445641756057739,-0.027994459494948387,,0.5605711936950684,0.7419585585594177,-0.026617953553795815,,0.5529261231422424,0.8203444480895996,-0.004707569722086191,,0.5411704778671265,0.7777149677276611,-0.013907862827181816,,0.5475285649299622,0.7527374625205994,-0.017396442592144012,,0.5586480498313904,0.7469903230667114,-0.01767823100090027,,0.46835124492645264,0.9535388946533203,-1.6367692978747073e-08,,0.49322032928466797,0.9428560733795166,-0.009114772081375122,,0.5145871043205261,0.9190324544906616,-0.01885620318353176,,0.5271382927894592,0.8966487646102905,-0.029881786555051804,,0.5227265357971191,0.8761739134788513,-0.039891116321086884,,0.5049443244934082,0.8252344131469727,-0.011511634103953838,,0.5147491693496704,0.7749911546707153,-0.02727951854467392,,0.5256706476211548,0.7708232998847961,-0.03613608330488205,,0.5326283574104309,0.7801306843757629,-0.04014541953802109,,0.48773592710494995,0.8207462430000305,-0.014915809035301208,,0.5095182061195374,0.8244130611419678,-0.03330600634217262,,0.5110971331596375,0.8748344779014587,-0.03654510900378227,,0.5066103935241699,0.8994050621986389,-0.0345878079533577,,0.4718923270702362,0.8290531039237976,-0.02006622962653637,,0.4936527609825134,0.8518340587615967,-0.036971550434827805,,0.4944028854370117,0.8932945132255554,-0.03306867182254791,,0.48990485072135925,0.9088735580444336,-0.026217365637421608,,0.45833098888397217,0.845206081867218,-0.02633802220225334,,0.47764813899993896,0.8610273003578186,-0.035483285784721375,,0.48114013671875,0.8913525938987732,-0.030666755512356758,,0.47768378257751465,0.9036233425140381,-0.024390993639826775,
0.01498945988714695,-0.6003316044807434,-0.2718030512332916,0.9998522996902466,0.0311888437718153,-0.6391850113868713,-0.26011183857917786,0.9997397065162659,0.030517984181642532,-0.6387957334518433,-0.2620232105255127,0.9997473359107971,0.030927488580346107,-0.6387749314308167,-0.2595460116863251,0.9997157454490662,-0.006567582953721285,-0.6415892839431763,-0.26197415590286255,0.9997615218162537,-0.00455553038045764,-0.6420691609382629,-0.26285868883132935,0.9997773170471191,-0.005210616625845432,-0.6410104632377625,-0.25875425338745117,0.9997736811637878,0.107152558863163,-0.6255069375038147,-0.15764324367046356,0.9997178912162781,-0.04795217514038086,-0.6319929361343384,-0.14835621416568756,0.9998202323913574,0.04050491377711296,-0.5708469152450562,-0.24297085404396057,0.9999303221702576,-0.005294846836477518,-0.5710816979408264,-0.2387399524450302,0.9999389052391052,0.20113101601600647,-0.4174754321575165,-0.10071402788162231,0.9996480345726013,-0.13798955082893372,-0.44621410965919495,-0.069073386490345,0.9998040795326233,0.19952723383903503,-0.19254979491233826,-0.16788049042224884,0.9937014579772949,-0.24764566123485565,-0.20399786531925201,-0.13933135569095612,0.9875500202178955,0.036027293652296066,-0.2584957182407379,-0.3568965792655945,0.9712698459625244,-0.16671578586101532,-0.21548204123973846,-0.3720012903213501,0.9619579911231995,-0.0255202017724514,-0.2718016803264618,-0.41069963574409485,0.9371662735939026,-0.14044365286827087,-0.22144633531570435,-0.4302002191543579,0.9279726147651672,-0.027726516127586365,-0.32372212409973145,-0.4091677963733673,0.9437781572341919,-0.12102550268173218,-0.2727496922016144,-0.42325443029403687,0.9362809658050537,0.017223859205842018,-0.28421810269355774,-0.36371931433677673,0.9331108927726746,-0.1451636701822281,-0.233774796128273,-0.3763582706451416,0.9275568723678589,0.11467885971069336,-0.0008453301852568984,-0.0002034818026004359,0.3967463970184326,-0.11270266771316528,-0.005353614687919617,0.0012389998883008957,0.4257631301879883,0.14624403417110443,-0.02619226835668087,-0.08268558979034424,0.08541253954172134,-0.1313466727733612,0.019176959991455078,-0.10733263939619064,0.09750665724277496,0.14805196225643158,0.22557654976844788,0.2182491570711136,0.015813546255230904,-0.0846613347530365,0.40147194266319275,0.18060894310474396,0.02225833758711815,0.14943206310272217,0.23633605241775513,0.2405540943145752,0.010486156679689884,-0.06952821463346481,0.4207884669303894,0.21181167662143707,0.013905255123972893,0.18974491953849792,0.21070261299610138,0.029492612928152084,0.015819625928997993,-0.05798738822340965,0.4558083415031433,0.007493826560676098,0.019635576754808426,20,0.667,0.5995218753814697,0.8408347964286804,2.4663393105583964e-07,,0.6104544401168823,0.7973204255104065,-0.023376377299427986,,0.5981903672218323,0.756068766117096,-0.0338427796959877,,0.5793794989585876,0.7262454032897949,-0.038322318345308304,,0.5615003705024719,0.7138155698776245,-0.04128994047641754,,0.5702793598175049,0.815925121307373,-0.03899582102894783,,0.5377587676048279,0.8157150745391846,-0.0476713553071022,,0.5227631330490112,0.7879387736320496,-0.04896239936351776,,0.5182952284812927,0.7684006690979004,-0.04794603958725929,,0.5590990781784058,0.8241385817527771,-0.027454322203993797,,0.5367900729179382,0.7675951719284058,-0.03901495039463043,,0.5468172430992126,0.7379736304283142,-0.03933366388082504,,0.5622329711914062,0.737488865852356,-0.036391716450452805,,0.5541423559188843,0.8232621550559998,-0.015956386923789978,,0.5366546511650085,0.7685307860374451,-0.027278825640678406,,0.5485962629318237,0.7459189891815186,-0.028738800436258316,,0.5630457401275635,0.7471824288368225,-0.026574870571494102,,0.5521666407585144,0.8210064768791199,-0.005175551865249872,,0.5414082407951355,0.7773756384849548,-0.014512226916849613,,0.5495536923408508,0.754332959651947,-0.017143450677394867,,0.5611943006515503,0.751157283782959,-0.01658640243113041,,0.4695560932159424,0.955912172794342,-1.8551705949221287e-08,,0.4945637881755829,0.9439653754234314,-0.00909563060849905,,0.5157116055488586,0.9196498394012451,-0.018717918545007706,,0.5278181433677673,0.8965044021606445,-0.02956940419971943,,0.5225412249565125,0.8797520399093628,-0.039433084428310394,,0.5059570670127869,0.8271046876907349,-0.011712429113686085,,0.514860987663269,0.7766464948654175,-0.027164071798324585,,0.5250887870788574,0.7711865305900574,-0.03584229573607445,,0.5319921970367432,0.7779353857040405,-0.039934415370225906,,0.48858150839805603,0.8225975632667542,-0.015025422908365726,,0.5102006793022156,0.8262766003608704,-0.03286447748541832,,0.5121396780014038,0.8749348521232605,-0.03590492159128189,,0.5080386400222778,0.8984642624855042,-0.03409382700920105,,0.47279566526412964,0.831125795841217,-0.020043162629008293,,0.4946560263633728,0.8549898862838745,-0.03626523166894913,,0.49533164501190186,0.8946568369865417,-0.032533325254917145,,0.49092477560043335,0.9095593094825745,-0.026102082803845406,,0.45925667881965637,0.8471819162368774,-0.026243086904287338,,0.4786835014820099,0.8649988770484924,-0.03485248237848282,,0.4823860228061676,0.8942872881889343,-0.030361611396074295,,0.47917768359184265,0.9058032035827637,-0.024555999785661697,
0.00896732322871685,-0.600494921207428,-0.2697138786315918,0.9998539090156555,0.025308668613433838,-0.6393656730651855,-0.2580655813217163,0.9997423887252808,0.024649614468216896,-0.6389779448509216,-0.2599971294403076,0.9997487664222717,0.0250510573387146,-0.6389560103416443,-0.25752100348472595,0.9997179508209229,-0.012700755149126053,-0.64189213514328,-0.25951164960861206,0.999765932559967,-0.010687638074159622,-0.6423742175102234,-0.2603667378425598,0.9997813701629639,-0.011335824616253376,-0.6413186192512512,-0.25627413392066956,0.9997784495353699,0.10271016508340836,-0.6260673403739929,-0.15587568283081055,0.9997185468673706,-0.05353707820177078,-0.6334186792373657,-0.1448257714509964,0.9998237490653992,0.03490591421723366,-0.571100115776062,-0.24107687175273895,0.9999297857284546,-0.011191925033926964,-0.5714990496635437,-0.23637908697128296,0.9999391436576843,0.1984548419713974,-0.4180428683757782,-0.10000239312648773,0.9996333718299866,-0.14309567213058472,-0.44752049446105957,-0.066169872879982,0.9998041987419128,0.19652873277664185,-0.19265036284923553,-0.16822311282157898,0.9938782453536987,-0.24798305332660675,-0.20701873302459717,-0.137252077460289,0.9882025122642517,0.03168205916881561,-0.25591984391212463,-0.3555820882320404,0.9735382795333862,-0.17361553013324738,-0.21595340967178345,-0.3715544044971466,0.9650412797927856,-0.029721219092607498,-0.26782041788101196,-0.4087839424610138,0.9406973719596863,-0.1510915756225586,-0.221583291888237,-0.4296722710132599,0.9321830868721008,-0.033541519194841385,-0.31984856724739075,-0.40754568576812744,0.9467276334762573,-0.13333530724048615,-0.27241724729537964,-0.42200833559036255,0.9398040175437927,0.012242423370480537,-0.2814251780509949,-0.36246246099472046,0.9366834759712219,-0.15343070030212402,-0.2338138073682785,-0.3758985996246338,0.9315479397773743,0.11480265855789185,-0.001102931797504425,4.182045449852012e-05,0.3957367539405823,-0.11290905624628067,-0.005214523524045944,0.0010061583016067743,0.424916535615921,0.14612959325313568,-0.028589919209480286,-0.08033217489719391,0.08347973227500916,-0.13136310875415802,0.020671488717198372,-0.10799560695886612,0.09509635716676712,0.1480233073234558,0.2247963547706604,0.21709668636322021,0.015493600629270077,-0.08538361638784409,0.40016886591911316,0.1797100156545639,0.021592890843749046,0.14939092099666595,0.23561663925647736,0.2385486215353012,0.010363681241869926,-0.07040722668170929,0.4187934994697571,0.21141625940799713,0.013464199379086494,0.1907223016023636,0.20999687910079956,0.02584940195083618,0.015527124516665936,-0.05899576097726822,0.4556031823158264,0.005503210239112377,0.01909618079662323,21,0.7,0.6004058122634888,0.8480303883552551,2.3889461431281234e-07,,0.6106820106506348,0.8047608137130737,-0.02129530720412731,,0.5977473258972168,0.7618196606636047,-0.03003847599029541,,0.5790289640426636,0.7328191995620728,-0.033342380076646805,,0.5617417693138123,0.7193143367767334,-0.03508114814758301,,0.572165310382843,0.8196755647659302,-0.033211857080459595,,0.5383732914924622,0.8187750577926636,-0.04024304077029228,,0.5237329602241516,0.7916870713233948,-0.04161957651376724,,0.5187993049621582,0.7718458771705627,-0.0410134494304657,,0.5616737604141235,0.8316608667373657,-0.022754499688744545,,0.5361975431442261,0.7854398488998413,-0.03305896744132042,,0.5404108762741089,0.7537511587142944,-0.03474849462509155,,0.5528479814529419,0.7475343346595764,-0.03333963081240654,,0.555894672870636,0.8334701061248779,-0.012471785768866539,,0.5344604253768921,0.7870873212814331,-0.021959152072668076,,0.5416444540023804,0.7621244788169861,-0.024544335901737213,,0.5536057949066162,0.759169340133667,-0.02372010238468647,,0.5518090724945068,0.8332446217536926,-0.0029704077169299126,,0.5369240641593933,0.7947374582290649,-0.011093036271631718,,0.5408583879470825,0.7698982954025269,-0.014458189718425274,,0.5497123003005981,0.7627461552619934,-0.014863550662994385,,0.47156450152397156,0.9586008787155151,-2.891173345176412e-08,,0.49673986434936523,0.9456721544265747,-0.008828441612422466,,0.5172590613365173,0.922175943851471,-0.01805790141224861,,0.5285276770591736,0.9011013507843018,-0.028410745784640312,,0.5232580304145813,0.8841369152069092,-0.03775061294436455,,0.5066612362861633,0.8304448127746582,-0.012095462530851364,,0.5143612027168274,0.7812617421150208,-0.027197398245334625,,0.5230047106742859,0.7754753232002258,-0.03608781099319458,,0.5290540456771851,0.7796581387519836,-0.04057738557457924,,0.4894334673881531,0.8251858949661255,-0.015306762419641018,,0.5097565650939941,0.832228422164917,-0.03274958208203316,,0.5124836564064026,0.878734827041626,-0.03647527098655701,,0.509270429611206,0.9031516313552856,-0.03557528555393219,,0.4735700488090515,0.8341652750968933,-0.02005699649453163,,0.4942837059497833,0.859045147895813,-0.035370878875255585,,0.4959014654159546,0.8963514566421509,-0.03225142881274223,,0.4926609992980957,0.9114680886268616,-0.026712985709309578,,0.4599217176437378,0.8507647514343262,-0.02602042444050312,,0.478477418422699,0.8701996207237244,-0.03415333479642868,,0.48295238614082336,0.8978379368782043,-0.03025856241583824,,0.48098647594451904,0.9091430306434631,-0.02512880228459835,
0.009475313127040863,-0.6005308032035828,-0.2703648805618286,0.9998540878295898,0.025902336463332176,-0.6393921375274658,-0.2588813900947571,0.9997434020042419,0.025236178189516068,-0.6390040516853333,-0.2608470618724823,0.9997493624687195,0.02564636431634426,-0.638982355594635,-0.2583668529987335,0.9997196793556213,-0.012096362188458443,-0.6419129967689514,-0.260071337223053,0.999767005443573,-0.010088980197906494,-0.6423957943916321,-0.2608902156352997,0.9997819662094116,-0.010733307339251041,-0.6413407325744629,-0.25679507851600647,0.9997795820236206,0.10396894812583923,-0.6260949373245239,-0.15689717233181,0.9997195601463318,-0.052358150482177734,-0.6335709095001221,-0.14490345120429993,0.9998235702514648,0.035617295652627945,-0.5711196064949036,-0.24179232120513916,0.999929666519165,-0.010492432862520218,-0.5715286731719971,-0.23676954209804535,0.99993896484375,0.1993318349123001,-0.4180966317653656,-0.10026929527521133,0.9996334314346313,-0.14182360470294952,-0.4477047324180603,-0.06635603308677673,0.9998059272766113,0.19742451608181,-0.19275933504104614,-0.16862204670906067,0.9940503835678101,-0.24534165859222412,-0.20716886222362518,-0.135597825050354,0.9887030720710754,0.03323313966393471,-0.24858233332633972,-0.3556114733219147,0.9755718111991882,-0.17377939820289612,-0.21581223607063293,-0.3685411214828491,0.9677653908729553,-0.02775758132338524,-0.25804322957992554,-0.4087366759777069,0.9439839124679565,-0.1520403027534485,-0.22055381536483765,-0.42609015107154846,0.9359655380249023,-0.03226028382778168,-0.3082277178764343,-0.40753668546676636,0.9494859576225281,-0.13433937728405,-0.26993459463119507,-0.41966506838798523,0.9429641366004944,0.013505766168236732,-0.27263641357421875,-0.3625055253505707,0.9400070309638977,-0.1537432223558426,-0.23270897567272186,-0.37343448400497437,0.9350779056549072,0.11484231799840927,-0.0010972493328154087,0.00016202298866119236,0.39625340700149536,-0.11293788999319077,-0.005261273588985205,0.0009129685931839049,0.42523613572120667,0.14618273079395294,-0.03104776330292225,-0.08052784204483032,0.0817539244890213,-0.13127446174621582,0.014746319502592087,-0.10833381861448288,0.09350856393575668,0.14798082411289215,0.2245602309703827,0.21651914715766907,0.0152122238650918,-0.0853084847331047,0.3988508880138397,0.1771421730518341,0.021216003224253654,0.14932379126548767,0.2355295866727829,0.2378123253583908,0.010346675291657448,-0.0703551173210144,0.4170292615890503,0.20884349942207336,0.013299801386892796,0.19062818586826324,0.206930473446846,0.023873990401625633,0.015260682441294193,-0.05878758430480957,0.44949883222579956,0.001917811343446374,0.01877954974770546,22,0.734,0.5993965268135071,0.8578101396560669,2.723157024320244e-07,,0.6109408736228943,0.809763491153717,-0.022170962765812874,,0.5980017781257629,0.7654709815979004,-0.032088734209537506,,0.577979326248169,0.7383213043212891,-0.036066196858882904,,0.5593014359474182,0.7253965735435486,-0.03861726447939873,,0.5723375082015991,0.8301827907562256,-0.03851765766739845,,0.5387765169143677,0.8274750113487244,-0.04740298166871071,,0.5221576690673828,0.7987501621246338,-0.0501222237944603,,0.5153372287750244,0.7754374146461487,-0.05030367523431778,,0.560713529586792,0.8448780179023743,-0.02719344198703766,,0.5348684787750244,0.7953959107398987,-0.03769487887620926,,0.5390114784240723,0.7625755071640015,-0.038785409182310104,,0.5506312847137451,0.7553221583366394,-0.03715530037879944,,0.5540784597396851,0.8476774096488953,-0.015749575570225716,,0.5337154269218445,0.7960599064826965,-0.024740533903241158,,0.5422617197036743,0.7684892416000366,-0.02647305838763714,,0.5551117062568665,0.7660462856292725,-0.025239471346139908,,0.549344003200531,0.8472501635551453,-0.005116411950439215,,0.535500168800354,0.8047999739646912,-0.012781132943928242,,0.5405804514884949,0.7777818441390991,-0.015677355229854584,,0.5502605438232422,0.7713232040405273,-0.015745380893349648,,0.4718340039253235,0.9602970480918884,-3.141779814086476e-08,,0.4966927766799927,0.9485757946968079,-0.008427227847278118,,0.5171229839324951,0.9248458743095398,-0.017210401594638824,,0.5285582542419434,0.9042809009552002,-0.02716952934861183,,0.5233058929443359,0.89104163646698,-0.036178700625896454,,0.5065398216247559,0.8346251249313354,-0.012262864969670773,,0.5132983326911926,0.7851404547691345,-0.027400553226470947,,0.5221099853515625,0.7806801795959473,-0.03629907965660095,,0.5292449593544006,0.7854626178741455,-0.04079563915729523,,0.4893406629562378,0.8291270136833191,-0.015611712820827961,,0.509548544883728,0.8386472463607788,-0.03361408784985542,,0.5123873949050903,0.8846279382705688,-0.03768184408545494,,0.5095099210739136,0.909142017364502,-0.03691310063004494,,0.4736550748348236,0.8380956053733826,-0.02038973942399025,,0.49427488446235657,0.8642680048942566,-0.036041077226400375,,0.49580127000808716,0.9018327593803406,-0.03330449014902115,,0.49274736642837524,0.917690634727478,-0.027920451015233994,,0.46008291840553284,0.8544549942016602,-0.026345301419496536,,0.4783685505390167,0.8762551546096802,-0.034838344901800156,,0.4831428527832031,0.9045960903167725,-0.031407855451107025,,0.48212453722953796,0.9167336821556091,-0.02650364488363266,
0.008697795681655407,-0.6030063629150391,-0.2676784098148346,0.999853253364563,0.02535463124513626,-0.6417422890663147,-0.2562360465526581,0.9997438788414001,0.024684950709342957,-0.6413514018058777,-0.25826507806777954,0.9997496008872986,0.025101497769355774,-0.6413371562957764,-0.2557859420776367,0.9997210502624512,-0.012600832618772984,-0.6446007490158081,-0.25693854689598083,0.9997671246528625,-0.010602316819131374,-0.6451029777526855,-0.2576671540737152,0.999781608581543,-0.01124351006001234,-0.6440584063529968,-0.2535615861415863,0.999779462814331,0.10393153876066208,-0.6275777220726013,-0.15499137341976166,0.9997209310531616,-0.052410632371902466,-0.6362885236740112,-0.14063124358654022,0.9998223781585693,0.03502025082707405,-0.5732133388519287,-0.23946547508239746,0.999928891658783,-0.01106689777225256,-0.5740576982498169,-0.23375540971755981,0.9999380111694336,0.19927747547626495,-0.4184240698814392,-0.09881030768156052,0.9996300339698792,-0.1418331116437912,-0.45035603642463684,-0.06260296702384949,0.9998042583465576,0.19753332436084747,-0.19272738695144653,-0.1656779646873474,0.9940409660339355,-0.2446071207523346,-0.2123718559741974,-0.12402378022670746,0.9889039397239685,0.03334920108318329,-0.24302910268306732,-0.35088491439819336,0.977207362651825,-0.17909716069698334,-0.21668843924999237,-0.35383665561676025,0.9699338674545288,-0.02755444310605526,-0.2507643401622772,-0.4031505584716797,0.9464909434318542,-0.16172067821025848,-0.22065797448158264,-0.4100840985774994,0.938746452331543,-0.032141707837581635,-0.3009631037712097,-0.4030592739582062,0.9515926241874695,-0.1450471431016922,-0.2694687843322754,-0.40634652972221375,0.9453169107437134,0.013592883013188839,-0.26646047830581665,-0.35815930366516113,0.9425342082977295,-0.16050288081169128,-0.23279324173927307,-0.359931081533432,0.9377255439758301,0.11496949195861816,-0.0010677274549379945,0.0001679486595094204,0.3972023129463196,-0.11304208636283875,-0.0053860824555158615,0.0009245216497220099,0.4249160587787628,0.14612171053886414,-0.03816405311226845,-0.08086294680833817,0.08077804744243622,-0.1311924159526825,0.008035220205783844,-0.10899650305509567,0.09214188158512115,0.14793676137924194,0.21956966817378998,0.21550770103931427,0.015071995556354523,-0.08523491024971008,0.3928472101688385,0.17614811658859253,0.02096727304160595,0.14923861622810364,0.23082096874713898,0.23689691722393036,0.010411769151687622,-0.07028571516275406,0.4098181128501892,0.2076864391565323,0.01325012557208538,0.19054995477199554,0.1967310607433319,0.02343527041375637,0.015175873413681984,-0.05912475660443306,0.4385082721710205,0.00105795927811414,0.018679101020097733,23,0.767,0.5980926156044006,0.8740924000740051,2.804594032568275e-07,,0.6096512079238892,0.8235794901847839,-0.020926162600517273,,0.5964499711990356,0.777755081653595,-0.0298233013600111,,0.5751878023147583,0.753465473651886,-0.03336850181221962,,0.5562417507171631,0.7388077974319458,-0.035427697002887726,,0.5734858512878418,0.8389790058135986,-0.03192223235964775,,0.5433443784713745,0.8367899656295776,-0.03919144347310066,,0.5247976183891296,0.8113046884536743,-0.04115867242217064,,0.5151298642158508,0.7874215841293335,-0.041290417313575745,,0.5599281787872314,0.8545926809310913,-0.021802473813295364,,0.5350976586341858,0.8115338087081909,-0.030042748898267746,,0.5360830426216125,0.7796715497970581,-0.030912289395928383,,0.5455355048179626,0.768057644367218,-0.029501503333449364,,0.551831841468811,0.8590208292007446,-0.011804893612861633,,0.5309385061264038,0.814078688621521,-0.018510431051254272,,0.5370131731033325,0.7849236130714417,-0.0197819322347641,,0.5489037036895752,0.7775366306304932,-0.01868336647748947,,0.5470643639564514,0.8594411611557007,-0.00284104747697711,,0.5331637263298035,0.820594310760498,-0.00870465487241745,,0.5356297492980957,0.7923551201820374,-0.01121398527175188,,0.5432453155517578,0.7815953493118286,-0.011218305677175522,,0.47255682945251465,0.9661939740180969,-4.747240822666754e-08,,0.4964018166065216,0.9546196460723877,-0.0073790112510323524,,0.5148192644119263,0.929304301738739,-0.015226262621581554,,0.5250601768493652,0.910526692867279,-0.024300964549183846,,0.5235332250595093,0.8988377451896667,-0.03217598795890808,,0.5045994520187378,0.8391628265380859,-0.010946717113256454,,0.5114957690238953,0.7903644442558289,-0.02625965140759945,,0.5209686756134033,0.793362021446228,-0.03544488176703453,,0.5280545353889465,0.8035744428634644,-0.03991370648145676,,0.48816192150115967,0.8342769742012024,-0.014483507722616196,,0.5090603232383728,0.8436335325241089,-0.03225066140294075,,0.5131630301475525,0.8893166184425354,-0.036578238010406494,,0.510583758354187,0.9148174524307251,-0.035988498479127884,,0.47314828634262085,0.8440843820571899,-0.01947092078626156,,0.4936690628528595,0.8713977336883545,-0.034497011452913284,,0.4965013861656189,0.9082170724868774,-0.03243004530668259,,0.49428263306617737,0.9240673780441284,-0.027542343363165855,,0.4607572853565216,0.8613806962966919,-0.025549687445163727,,0.47849249839782715,0.8849522471427917,-0.03340853750705719,,0.4838707149028778,0.912369430065155,-0.030312152579426765,,0.4835774004459381,0.9242647886276245,-0.025658167898654938,
0.008238028734922409,-0.6059926152229309,-0.2636603116989136,0.9998475909233093,0.024928856641054153,-0.6448080539703369,-0.2520767152309418,0.9997387528419495,0.024258200079202652,-0.6444235444068909,-0.2541848123073578,0.9997442960739136,0.02468794398009777,-0.6444147825241089,-0.25174713134765625,0.99971604347229,-0.01297786459326744,-0.647626519203186,-0.25271862745285034,0.9997613430023193,-0.010984702035784721,-0.6481745839118958,-0.2533118426799774,0.9997753500938416,-0.011618837714195251,-0.6471452713012695,-0.2491895705461502,0.999773383140564,0.10372090339660645,-0.6305153965950012,-0.15092097222805023,0.999716579914093,-0.05260593444108963,-0.6389203071594238,-0.1357877254486084,0.9998162388801575,0.03452224284410477,-0.5762830972671509,-0.23554621636867523,0.9999253153800964,-0.011514760553836823,-0.577021598815918,-0.229639932513237,0.9999346137046814,0.19907067716121674,-0.42036131024360657,-0.09460805356502533,0.9996207356452942,-0.14215853810310364,-0.45122960209846497,-0.056590255349874496,0.9997928142547607,0.19739553332328796,-0.1929187923669815,-0.15875011682510376,0.9935169219970703,-0.242827907204628,-0.2128681242465973,-0.1136685460805893,0.9880448579788208,0.030579794198274612,-0.2356305718421936,-0.3458804786205292,0.977931022644043,-0.17903734743595123,-0.21675434708595276,-0.3453148901462555,0.9706610441207886,-0.031077373772859573,-0.24169549345970154,-0.39736294746398926,0.9472398161888123,-0.161663219332695,-0.2206643968820572,-0.400623619556427,0.9389704465866089,-0.03701009601354599,-0.2922934591770172,-0.3977499008178711,0.9521376490592957,-0.14642037451267242,-0.2688891291618347,-0.396501749753952,0.9455407857894897,0.010191754437983036,-0.258465439081192,-0.3536176383495331,0.942986011505127,-0.16082511842250824,-0.23242510855197906,-0.351175993680954,0.937536895275116,0.11497561633586884,-0.0014581993455067277,0.00018648964760359377,0.392194002866745,-0.11305654793977737,-0.005300613585859537,0.0009223694214597344,0.4177064001560211,0.14767836034297943,-0.04079089313745499,-0.07645534723997116,0.08075113594532013,-0.12686605751514435,0.012932623736560345,-0.10627391189336777,0.09204032272100449,0.15443195402622223,0.21257136762142181,0.222568541765213,0.015095431357622147,-0.08185835927724838,0.39175641536712646,0.17538972198963165,0.021133407950401306,0.1556529700756073,0.22403980791568756,0.24579468369483948,0.010676160454750061,-0.06673911958932877,0.4076947867870331,0.20684821903705597,0.01353321224451065,0.2008480280637741,0.18945489823818207,0.02838718704879284,0.015437544323503971,-0.05782875418663025,0.4378858804702759,0.0006864493479952216,0.019196737557649612,24,0.8,0.6038689613342285,0.88707035779953,3.192006374774792e-07,,0.6122230887413025,0.8362337946891785,-0.025171101093292236,,0.5962008237838745,0.7944245338439941,-0.0370345264673233,,0.5740461349487305,0.7709701061248779,-0.04250615835189819,,0.5545941591262817,0.7524726986885071,-0.04668639600276947,,0.5752893686294556,0.8601693511009216,-0.04140297695994377,,0.5438037514686584,0.8517705202102661,-0.05172945559024811,,0.5255042910575867,0.8299025893211365,-0.054852016270160675,,0.5168750286102295,0.8121045231819153,-0.05467791110277176,,0.5650665163993835,0.8793943524360657,-0.028745533898472786,,0.5334731340408325,0.846813976764679,-0.035695888102054596,,0.5246680378913879,0.8123713731765747,-0.034747734665870667,,0.524568498134613,0.792127788066864,-0.032607000321149826,,0.5584946274757385,0.8850321173667908,-0.016476616263389587,,0.5356830954551697,0.8367273807525635,-0.02231733500957489,,0.5405686497688293,0.8031555414199829,-0.02289355732500553,,0.5496362447738647,0.7874570488929749,-0.021674852818250656,,0.5542484521865845,0.8839460015296936,-0.005591514054685831,,0.539599597454071,0.8422659635543823,-0.01135177444666624,,0.5428268909454346,0.8124688863754272,-0.013686517253518105,,0.5497391223907471,0.7981923222541809,-0.01361614465713501,,0.4755769371986389,0.9741856455802917,-3.429519424003047e-08,,0.49754446744918823,0.9582282304763794,-0.0067582339979708195,,0.5135627388954163,0.9323115348815918,-0.014955196529626846,,0.522329568862915,0.9129554033279419,-0.024531211704015732,,0.5205828547477722,0.901709794998169,-0.03298913314938545,,0.5001803636550903,0.8439951539039612,-0.011367308907210827,,0.5071913599967957,0.7955430746078491,-0.027809161692857742,,0.5195437669754028,0.7996166944503784,-0.0387384369969368,,0.5296056270599365,0.816699743270874,-0.04381176084280014,,0.4838547706604004,0.8430643677711487,-0.015135098248720169,,0.5043497085571289,0.8513016700744629,-0.03278912976384163,,0.5101358294487,0.8918468952178955,-0.03773210942745209,,0.5087383985519409,0.9183708429336548,-0.037670161575078964,,0.46968287229537964,0.8563382029533386,-0.020324936136603355,,0.4900265336036682,0.8808090686798096,-0.03429029509425163,,0.4938279986381531,0.9140952825546265,-0.032513346523046494,,0.49169236421585083,0.9310629367828369,-0.028000598773360252,,0.458594411611557,0.8766430020332336,-0.026631638407707214,,0.47626715898513794,0.8962320685386658,-0.03305119648575783,,0.481395423412323,0.9195395708084106,-0.029510654509067535,,0.48056042194366455,0.930776059627533,-0.02466258779168129,
0.008055382408201694,-0.6093413233757019,-0.2638496160507202,0.9998428225517273,0.024837477132678032,-0.6479305028915405,-0.2522905170917511,0.999731719493866,0.02416812628507614,-0.6475614309310913,-0.25438639521598816,0.9997370839118958,0.02460363693535328,-0.6475579738616943,-0.25193431973457336,0.9997086524963379,-0.013128075748682022,-0.6507354378700256,-0.25302761793136597,0.9997557401657104,-0.01113600842654705,-0.651324450969696,-0.2536390423774719,0.9997702836990356,-0.011766181327402592,-0.6503129005432129,-0.24951891601085663,0.9997684955596924,0.10410290211439133,-0.6329579949378967,-0.1513661891222,0.9997088313102722,-0.052532970905303955,-0.6411811709403992,-0.1359376311302185,0.9998098015785217,0.034492332488298416,-0.5794129967689514,-0.23580822348594666,0.9999216198921204,-0.011583012528717518,-0.5800836682319641,-0.22999219596385956,0.9999313354492188,0.1996648907661438,-0.4215395748615265,-0.09498950093984604,0.9996061325073242,-0.14175550639629364,-0.45224982500076294,-0.05626301094889641,0.9997807741165161,0.19745339453220367,-0.19302931427955627,-0.15836264193058014,0.993175745010376,-0.2342689484357834,-0.21283166110515594,-0.11166632920503616,0.9873191118240356,0.030140895396471024,-0.22432297468185425,-0.34472787380218506,0.9786603450775146,-0.1778257191181183,-0.21428242325782776,-0.3433803617954254,0.9713480472564697,-0.03140762075781822,-0.22760960459709167,-0.3956109583377838,0.9481787085533142,-0.16118119657039642,-0.21740248799324036,-0.3986414670944214,0.9393267035484314,-0.03781208395957947,-0.2777646481990814,-0.3970467448234558,0.9528616070747375,-0.14581432938575745,-0.26328253746032715,-0.3951515257358551,0.9458063244819641,0.00949881598353386,-0.246297687292099,-0.3528503477573395,0.9436259865760803,-0.16056285798549652,-0.22857211530208588,-0.349393367767334,0.9373725652694702,0.11495567858219147,-0.001481087994761765,0.00017459939408581704,0.3905918002128601,-0.11306370794773102,-0.005341110751032829,0.0009752885671332479,0.4131735861301422,0.14568983018398285,-0.03559286147356033,-0.07634478807449341,0.08397946506738663,-0.12647734582424164,0.025210166350007057,-0.1057988777756691,0.09564711153507233,0.1493554413318634,0.21690833568572998,0.2212570458650589,0.015673361718654633,-0.08357099443674088,0.39186590909957886,0.17390835285186768,0.0220483485609293,0.14964395761489868,0.229441836476326,0.24425707757472992,0.011177249252796173,-0.06911849975585938,0.4078315198421478,0.20491263270378113,0.014089414849877357,0.19599798321723938,0.20076769590377808,0.027919964864850044,0.01620691828429699,-0.06431782245635986,0.4400303065776825,0.00027562284958548844,0.020330609753727913,25,0.834,0.6055741906166077,0.9063053727149963,3.512987518661248e-07,,0.612852156162262,0.8579846024513245,-0.02815888077020645,,0.5966172218322754,0.8136299252510071,-0.04175879806280136,,0.5743275284767151,0.7930697798728943,-0.04752790182828903,,0.5567850470542908,0.7740946412086487,-0.05165715888142586,,0.5784823298454285,0.8902663588523865,-0.050293684005737305,,0.5455737113952637,0.8821873068809509,-0.0640803724527359,,0.5263059139251709,0.8545814156532288,-0.06979265064001083,,0.5165379047393799,0.8271689414978027,-0.07168315351009369,,0.5666041970252991,0.9089009761810303,-0.03621228411793709,,0.5395655632019043,0.8561403155326843,-0.04761578515172005,,0.5383359789848328,0.8161157369613647,-0.0480412021279335,,0.5450050234794617,0.7969123721122742,-0.04665858671069145,,0.5587109923362732,0.9127957224845886,-0.02223626896739006,,0.5382325649261475,0.8584276437759399,-0.030770961195230484,,0.5425388216972351,0.8230807185173035,-0.030481060966849327,,0.5514764785766602,0.808493971824646,-0.02864217385649681,,0.5542134046554565,0.9129334688186646,-0.009718028828501701,,0.5401216149330139,0.8693462610244751,-0.01721719466149807,,0.5420859456062317,0.8378140330314636,-0.018970122560858727,,0.5476269125938416,0.8220071792602539,-0.018251994624733925,,0.4761355221271515,0.98652583360672,-2.3510844826546418e-08,,0.49580174684524536,0.967605471611023,-0.007233648560941219,,0.5089718103408813,0.94377201795578,-0.015195340849459171,,0.5157834887504578,0.9253856539726257,-0.02437037229537964,,0.5165174603462219,0.9068399667739868,-0.03250911831855774,,0.4945257008075714,0.8565503358840942,-0.010545395314693451,,0.5005536079406738,0.8104447722434998,-0.02523796819150448,,0.5114585161209106,0.8020182847976685,-0.035148393362760544,,0.5224897265434265,0.8063774704933167,-0.0400603786110878,,0.47850197553634644,0.8574970960617065,-0.013922805897891521,,0.49683231115341187,0.862095057964325,-0.031276460736989975,,0.5031255483627319,0.8991963863372803,-0.03662330284714699,,0.5042228102684021,0.9271718859672546,-0.036676328629255295,,0.4651550352573395,0.8716531991958618,-0.01860003173351288,,0.48428207635879517,0.8930973410606384,-0.03258877620100975,,0.4890681803226471,0.9241534471511841,-0.03126879036426544,,0.4889485239982605,0.9425925016403198,-0.026916274800896645,,0.4546506404876709,0.8929685950279236,-0.024388976395130157,,0.47150784730911255,0.9114550352096558,-0.031241025775671005,,0.4771445691585541,0.9327797889709473,-0.02836035192012787,,0.47762471437454224,0.9438901543617249,-0.023806696757674217,
0.005317178554832935,-0.6119508147239685,-0.2634694576263428,0.999825119972229,0.02164614573121071,-0.6508155465126038,-0.2518974542617798,0.999708890914917,0.02099572867155075,-0.6504718661308289,-0.25401538610458374,0.9997156858444214,0.021470794454216957,-0.6504910588264465,-0.25160351395606995,0.9996857047080994,-0.016585158184170723,-0.6531122326850891,-0.2521964907646179,0.9997334480285645,-0.014589066617190838,-0.6537633538246155,-0.2527231276035309,0.9997498393058777,-0.01519456971436739,-0.6527665257453918,-0.24862292408943176,0.9997474551200867,0.10344456136226654,-0.6372230052947998,-0.150614395737648,0.9996820092201233,-0.054120294749736786,-0.6430916786193848,-0.13282495737075806,0.9997863173484802,0.033056870102882385,-0.5826824307441711,-0.23531585931777954,0.9999102354049683,-0.013245691545307636,-0.5826258063316345,-0.228927344083786,0.9999208450317383,0.20001769065856934,-0.42647382616996765,-0.09339894354343414,0.9995917677879333,-0.1416827291250229,-0.4529419243335724,-0.05314986780285835,0.999758243560791,0.20349320769309998,-0.19390183687210083,-0.15422354638576508,0.9924358129501343,-0.22370748221874237,-0.21065351366996765,-0.0983182042837143,0.9849472045898438,0.030591025948524475,-0.21026372909545898,-0.343226820230484,0.978408694267273,-0.17815081775188446,-0.19307975471019745,-0.3290632665157318,0.9693442583084106,-0.030470721423625946,-0.20994381606578827,-0.39504358172416687,0.9478221535682678,-0.16453593969345093,-0.19178617000579834,-0.3848440945148468,0.9360788464546204,-0.03811977803707123,-0.2604540288448334,-0.3971986770629883,0.9525140523910522,-0.15308770537376404,-0.2347315400838852,-0.38591060042381287,0.943169891834259,0.009549111127853394,-0.23103898763656616,-0.35221850872039795,0.9428824782371521,-0.16225966811180115,-0.20454366505146027,-0.337022066116333,0.9339147806167603,0.11469092220067978,-0.0014960378175601363,0.0001577092771185562,0.39638805389404297,-0.11291990429162979,-0.005418522283434868,0.0010408008238300681,0.41627705097198486,0.14045755565166473,-0.007906977087259293,-0.07055467367172241,0.08699329197406769,-0.12572865188121796,0.05498569458723068,-0.1060708612203598,0.1011294424533844,0.14114448428153992,0.23858852684497833,0.2208743691444397,0.016301870346069336,-0.08682777732610703,0.4041859805583954,0.14704309403896332,0.024019088596105576,0.14054079353809357,0.2530563771724701,0.24404053390026093,0.012011655606329441,-0.07363267987966537,0.4204612970352173,0.17507073283195496,0.015651820227503777,0.18737003207206726,0.23229417204856873,0.035258032381534576,0.017305653542280197,-0.07211419194936752,0.4584696590900421,-0.014572329819202423,0.02295844443142414,26,0.867,0.6136723160743713,0.929320216178894,3.231909602163796e-07,,0.6142394542694092,0.8785179257392883,-0.022331248968839645,,0.598242998123169,0.8373595476150513,-0.03415583074092865,,0.5778888463973999,0.82308030128479,-0.04023806378245354,,0.5608452558517456,0.8173301219940186,-0.04471873492002487,,0.5839092135429382,0.916391134262085,-0.03757592290639877,,0.5543040037155151,0.9084279537200928,-0.04838216304779053,,0.5342318415641785,0.8860475420951843,-0.052882663905620575,,0.5229407548904419,0.8631734848022461,-0.054519835859537125,,0.5744801163673401,0.9391066431999207,-0.027116406708955765,,0.5468345284461975,0.9017819762229919,-0.036696165800094604,,0.5409078598022461,0.8655607104301453,-0.03813372179865837,,0.5441431999206543,0.8430418372154236,-0.03790365904569626,,0.5678161382675171,0.9459225535392761,-0.016840387135744095,,0.5436260104179382,0.9073700904846191,-0.023817429319024086,,0.5408018231391907,0.8745626211166382,-0.024413539096713066,,0.5450847148895264,0.8546444773674011,-0.023758018389344215,,0.5641899108886719,0.9464222192764282,-0.007803653366863728,,0.5455381274223328,0.913826584815979,-0.013464969582855701,,0.5410627722740173,0.8858752846717834,-0.015485014766454697,,0.5422175526618958,0.8667759895324707,-0.015681035816669464,,0.4751597046852112,1.0040181875228882,-4.3301746188717516e-08,,0.49243399500846863,0.9820563793182373,-0.00620186235755682,,0.5034220218658447,0.9573282599449158,-0.013682450167834759,,0.5093732476234436,0.9394211769104004,-0.02270427532494068,,0.5114256143569946,0.9208241105079651,-0.031194420531392097,,0.48945868015289307,0.8780974745750427,-0.009677130728960037,,0.4931040108203888,0.833686888217926,-0.022012395784258842,,0.5016955733299255,0.8216514587402344,-0.030543824657797813,,0.5111888647079468,0.8209394216537476,-0.03502340242266655,,0.47353264689445496,0.8805310130119324,-0.013062660582363605,,0.4899902939796448,0.8914530873298645,-0.027659816667437553,,0.49632740020751953,0.9240084290504456,-0.03305131569504738,,0.4983408451080322,0.9462811946868896,-0.03404879942536354,,0.46012261509895325,0.8962559700012207,-0.0173510555177927,,0.47821056842803955,0.9185670614242554,-0.0301041379570961,,0.4837251603603363,0.9468604326248169,-0.029405832290649414,,0.48487594723701477,0.9632724523544312,-0.02602064609527588,,0.4483959674835205,0.9181973934173584,-0.022510018199682236,,0.4635904133319855,0.9324858784675598,-0.029531588777899742,,0.4712098240852356,0.953484058380127,-0.026738442480564117,,0.4741361141204834,0.9663623571395874,-0.022271785885095596,
-0.009679032489657402,-0.6167739033699036,-0.259965181350708,0.9997917413711548,0.005658783484250307,-0.6558798551559448,-0.24791833758354187,0.999661922454834,0.005104908719658852,-0.6555765867233276,-0.24995768070220947,0.9996675848960876,0.005561696365475655,-0.6556060910224915,-0.24766498804092407,0.9996306300163269,-0.03299194574356079,-0.6577351093292236,-0.24830563366413116,0.9996955990791321,-0.030938657000660896,-0.6584339141845703,-0.24885743856430054,0.9997170567512512,-0.03153632581233978,-0.6574723720550537,-0.24480415880680084,0.9997148513793945,0.08841809630393982,-0.6438987851142883,-0.14495410025119781,0.9996128082275391,-0.07111712545156479,-0.6476469039916992,-0.12836505472660065,0.9997573494911194,0.018660912290215492,-0.5880681872367859,-0.23124977946281433,0.9998814463615417,-0.02805764228105545,-0.5872911214828491,-0.22524870932102203,0.9998999834060669,0.19127464294433594,-0.433331698179245,-0.09086886793375015,0.9994946122169495,-0.1542651504278183,-0.45398852229118347,-0.04992292448878288,0.9996957182884216,0.20342515408992767,-0.19435696303844452,-0.15495182573795319,0.9912688732147217,-0.22464661300182343,-0.209586501121521,-0.09712711721658707,0.982354998588562,0.02469019964337349,-0.1942889541387558,-0.3425579369068146,0.9769843816757202,-0.17910946905612946,-0.17727969586849213,-0.32087239623069763,0.9648498296737671,-0.03572862967848778,-0.18989969789981842,-0.3948986828327179,0.9443379044532776,-0.16487765312194824,-0.17176616191864014,-0.37651076912879944,0.9275912642478943,-0.04922831058502197,-0.2416948676109314,-0.3973298668861389,0.9492735862731934,-0.1540958285331726,-0.21466001868247986,-0.3791481852531433,0.9359129071235657,0.002150685526430607,-0.214905247092247,-0.3520086109638214,0.938764750957489,-0.16379952430725098,-0.18842607736587524,-0.32882440090179443,0.9255033731460571,0.11404005438089371,-0.002638136735185981,0.00016187134315259755,0.39701640605926514,-0.11273913085460663,-0.004798784852027893,0.0010419526370242238,0.4138227105140686,0.13193172216415405,0.018258998170495033,-0.05517150089144707,0.08946835249662399,-0.12422699481248856,0.12229001522064209,-0.08622053265571594,0.10413794964551926,0.13348910212516785,0.26426100730895996,0.2191990464925766,0.016875753179192543,-0.09438816457986832,0.4250304400920868,0.1486925184726715,0.024909326806664467,0.13276538252830505,0.2800224721431732,0.2413250058889389,0.012493143789470196,-0.08375724405050278,0.4428327977657318,0.17652152478694916,0.01615380123257637,0.1810646653175354,0.27944523096084595,0.04004782810807228,0.018367664888501167,-0.09049130976200104,0.4987049996852875,-0.00844877865165472,0.024483779445290565,27,0.9,0.6110782623291016,0.9481163024902344,2.607577869184752e-07,,0.6102581024169922,0.9031520485877991,-0.023775620386004448,,0.5941659212112427,0.8718751072883606,-0.03518801927566528,,0.5762171149253845,0.8616322875022888,-0.040594879537820816,,0.5616394877433777,0.8670384287834167,-0.04399862885475159,,0.5814704298973083,0.9456928968429565,-0.03881378844380379,,0.5541957020759583,0.9407364726066589,-0.04851192235946655,,0.5428036451339722,0.9138906598091125,-0.05109989270567894,,0.5404506325721741,0.8926037549972534,-0.0511675588786602,,0.5748263597488403,0.9648562073707581,-0.027373043820261955,,0.5458858609199524,0.9464010000228882,-0.03560779616236687,,0.538986086845398,0.9148450493812561,-0.035960543900728226,,0.5414591431617737,0.8968129754066467,-0.0353982113301754,,0.5693500638008118,0.9705566763877869,-0.016368597745895386,,0.5435138940811157,0.9504089951515198,-0.023473942652344704,,0.5393234491348267,0.9208883047103882,-0.024233214557170868,,0.5421628355979919,0.9044214487075806,-0.023777401074767113,,0.5661417841911316,0.9709179401397705,-0.0066839237697422504,,0.5475218296051025,0.9497764110565186,-0.013316158205270767,,0.5421925783157349,0.9264971613883972,-0.01625031605362892,,0.543113112449646,0.9111354947090149,-0.017238451167941093,,,,,,,,,,,,,,,,,,,,,,,,,,,,,,,,,,,,,,,,,,,,,,,,,,,,,,,,,,,,,,,,,,,,,,,,,,,,,,,,,,,,,
-0.014986958354711533,-0.6180277466773987,-0.26026490330696106,0.9997467994689941,9.951415268005803e-05,-0.6569673418998718,-0.24830278754234314,0.9995981454849243,-0.00043340917909517884,-0.6566897034645081,-0.25034937262535095,0.9996018409729004,3.109349199803546e-05,-0.6567188501358032,-0.24803830683231354,0.999552845954895,-0.03873937204480171,-0.6586083173751831,-0.24865347146987915,0.9996446967124939,-0.0366586297750473,-0.659334123134613,-0.24921445548534393,0.9996735453605652,-0.0372348427772522,-0.6583846807479858,-0.24515469372272491,0.999671995639801,0.08117363601922989,-0.6458536982536316,-0.14538121223449707,0.9995103478431702,-0.07950060069561005,-0.6485175490379333,-0.12899647653102875,0.9997185468673706,0.012408619746565819,-0.5899034738540649,-0.2316700518131256,0.9998438358306885,-0.03448988124728203,-0.5887044668197632,-0.22560836374759674,0.9998747706413269,0.18447475135326385,-0.4381684362888336,-0.09104795008897781,0.9993918538093567,-0.16440452635288239,-0.4546296298503876,-0.05037318915128708,0.9996464252471924,0.20159266889095306,-0.19556839764118195,-0.1553000956773758,0.9896044135093689,-0.2259882390499115,-0.2089310735464096,-0.0990566611289978,0.9799042344093323,0.01375666819512844,-0.15992508828639984,-0.34213492274284363,0.9739548563957214,-0.17722588777542114,-0.15173804759979248,-0.32012391090393066,0.9597725868225098,-0.046328648924827576,-0.14389503002166748,-0.39461973309516907,0.9386640191078186,-0.16123341023921967,-0.13852813839912415,-0.37547728419303894,0.9195136427879333,-0.06680984795093536,-0.19349461793899536,-0.39777272939682007,0.9441187381744385,-0.1495514065027237,-0.17975802719593048,-0.3792147934436798,0.9292727112770081,-0.011255563236773014,-0.17712153494358063,-0.35203951597213745,0.9322933554649353,-0.16167980432510376,-0.16065290570259094,-0.3280090391635895,0.9174489378929138,0.11322903633117676,-0.004231496714055538,0.00020352000137791038,0.3987858295440674,-0.11243214458227158,-0.0037744524888694286,0.0010163888800889254,0.4170188009738922,0.12419591099023819,0.02681386098265648,-0.05413612350821495,0.09373662620782852,-0.12411054223775864,0.14990004897117615,-0.08434654027223587,0.10964368283748627,0.1271502673625946,0.27205216884613037,0.20359887182712555,0.017574787139892578,-0.10532259196043015,0.4434092044830322,0.13364513218402863,0.026631437242031097,0.1264621466398239,0.2886320650577545,0.22421157360076904,0.01310735009610653,-0.09644340723752975,0.4622660279273987,0.15559642016887665,0.016948329284787178,0.1747499704360962,0.29119083285331726,0.038458917289972305,0.0197533518075943,-0.10738065093755722,0.5208438038825989,-0.016051242128014565,0.026933487504720688,28,0.934,0.6091790795326233,0.95866858959198,1.8557801695351372e-07,,0.6013758778572083,0.9211676120758057,-0.015685416758060455,,0.5790818333625793,0.9033945798873901,-0.0212298221886158,,0.5597264766693115,0.905989408493042,-0.023171644657850266,,0.5459998250007629,0.9198727011680603,-0.02376934513449669,,0.5739908218383789,0.9604092836380005,-0.020115505903959274,,0.5497264266014099,0.9669291973114014,-0.026886867359280586,,0.5384575724601746,0.9520535469055176,-0.02998257800936699,,0.5350005030632019,0.9386312961578369,-0.030636241659522057,,0.5718281269073486,0.976736843585968,-0.01247815228998661,,0.5452906489372253,0.9762043952941895,-0.018155407160520554,,0.5365474820137024,0.955946147441864,-0.020057499408721924,,0.5358706116676331,0.9414587020874023,-0.02050580456852913,,0.5710102915763855,0.9845783114433289,-0.0055024209432303905,,0.5463451743125916,0.9767928719520569,-0.010747227817773819,,0.5424826741218567,0.9560167789459229,-0.011831563897430897,,0.5453103184700012,0.9434616565704346,-0.011260407976806164,,0.5715164542198181,0.9884886741638184,0.0005603975150734186,,0.5519384145736694,0.9779486060142517,-0.003732421901077032,,0.5460825562477112,0.9618940949440002,-0.00504783121868968,,0.5477256774902344,0.9505301713943481,-0.0048280758783221245,,,,,,,,,,,,,,,,,,,,,,,,,,,,,,,,,,,,,,,,,,,,,,,,,,,,,,,,,,,,,,,,,,,,,,,,,,,,,,,,,,,,,
-0.014982807449996471,-0.6199169158935547,-0.2563232481479645,0.9996718168258667,-0.00100067222956568,-0.6590733528137207,-0.24340854585170746,0.9995085597038269,-0.0015296315541490912,-0.6588075757026672,-0.2454799860715866,0.9995071291923523,-0.0010432908311486244,-0.6588390469551086,-0.24324341118335724,0.9994397759437561,-0.03974243253469467,-0.6602124571800232,-0.2449418008327484,0.9995753169059753,-0.03765707090497017,-0.6609697341918945,-0.24542902410030365,0.9996135830879211,-0.038205504417419434,-0.6600409150123596,-0.24139802157878876,0.999611496925354,0.07676222175359726,-0.6487272381782532,-0.13842694461345673,0.9993675351142883,-0.0838472917675972,-0.6492260694503784,-0.12749755382537842,0.999663770198822,0.011575237847864628,-0.5922529101371765,-0.22702032327651978,0.9997724294662476,-0.035189200192689896,-0.5902589559555054,-0.22271357476711273,0.9998273253440857,0.1797005832195282,-0.4435264468193054,-0.0881575495004654,0.999069333076477,-0.16859170794487,-0.4539774954319,-0.05092550069093704,0.9994772672653198,0.19347652792930603,-0.19651590287685394,-0.15526245534420013,0.9825444221496582,-0.22402018308639526,-0.20137883722782135,-0.10138633102178574,0.9713487029075623,-0.006724602542817593,-0.14261674880981445,-0.34173154830932617,0.9608864188194275,-0.1648244708776474,-0.1333099603652954,-0.32639777660369873,0.9426366686820984,-0.0688396468758583,-0.12092199176549911,-0.3934633135795593,0.920661449432373,-0.14750173687934875,-0.11853200942277908,-0.3813437521457672,0.8991975784301758,-0.09264098852872849,-0.1686916947364807,-0.3978292942047119,0.9278957843780518,-0.13743099570274353,-0.15885747969150543,-0.3875635862350464,0.9122713804244995,-0.03373924270272255,-0.1576789766550064,-0.3520549535751343,0.9125890731811523,-0.14996670186519623,-0.14105801284313202,-0.3348340690135956,0.8968716263771057,0.11247125267982483,-0.006892901845276356,0.0021425862796604633,0.38278448581695557,-0.11207745224237442,-0.0022012335248291492,-0.0006636622129008174,0.40168496966362,0.12316149473190308,0.019482342526316643,-0.04908071830868721,0.09698119014501572,-0.1210491806268692,0.14720234274864197,-0.08678404986858368,0.1147957444190979,0.12694168090820312,0.26633909344673157,0.20049108564853668,0.01793583296239376,-0.11096159368753433,0.4371921718120575,0.1123390644788742,0.02813507616519928,0.1265323907136917,0.28173965215682983,0.2212403565645218,0.013518886640667915,-0.10246782749891281,0.4553529918193817,0.13231432437896729,0.017389515414834023,0.1803423911333084,0.2758388817310333,0.03741265460848808,0.020963357761502266,-0.10752540081739426,0.5089076161384583,-0.04059600457549095,0.029341472312808037,29,0.967,,,,,,,,,,,,,,,,,,,,,,,,,,,,,,,,,,,,,,,,,,,,,,,,,,,,,,,,,,,,,,,,,,,,,,,,,,,,,,,,,,,,,,,,,,,,,,,,,,,,,,,,,,,,,,,,,,,,,,,,,,,,,,,,,,,,,,,,,,,,,,,,,,,,,,,,,,,,,,,,,,,,,,,,
-0.014493315480649471,-0.6224492788314819,-0.265345960855484,0.9996480345726013,4.820592948817648e-05,-0.6604109406471252,-0.25388002395629883,0.9994547963142395,-0.0004648996109608561,-0.6601048707962036,-0.2557734549045563,0.9994638562202454,1.5130878637137357e-05,-0.6601317524909973,-0.25378119945526123,0.9993829727172852,-0.038392987102270126,-0.6612170338630676,-0.25523462891578674,0.9995255470275879,-0.0363149419426918,-0.6619621515274048,-0.25545915961265564,0.9995734095573425,-0.03687335178256035,-0.6610421538352966,-0.25157099962234497,0.9995604157447815,0.07682459056377411,-0.6481492519378662,-0.15667344629764557,0.9993170499801636,-0.08170309662818909,-0.6482328176498413,-0.1403813660144806,0.9996104836463928,0.010969153605401516,-0.5939580202102661,-0.23760077357292175,0.9997525215148926,-0.0347234345972538,-0.5914484262466431,-0.2324463427066803,0.9998084306716919,0.17534232139587402,-0.44693881273269653,-0.10320261120796204,0.9990125894546509,-0.16735808551311493,-0.45133617520332336,-0.08345723897218704,0.9994020462036133,0.19391626119613647,-0.2074487954378128,-0.13442619144916534,0.9694307446479797,-0.20246319472789764,-0.20160682499408722,-0.10188066959381104,0.9552825689315796,0.12487513571977615,-0.06941300630569458,-0.25742220878601074,0.8985064625740051,-0.1659158617258072,-0.08284251391887665,-0.2829471528530121,0.8860892057418823,0.11119519919157028,-0.01705416664481163,-0.2893582284450531,0.8563966155052185,-0.15554270148277283,-0.04099489748477936,-0.3155972957611084,0.8421574234962463,0.08312416821718216,-0.028934989124536514,-0.3279583156108856,0.870848536491394,-0.14829698204994202,-0.05147837474942207,-0.34481367468833923,0.8609113097190857,0.10297749191522598,-0.06295248121023178,-0.2800668179988861,0.8531140089035034,-0.15320274233818054,-0.07330041378736496,-0.29919663071632385,0.8435420393943787,0.110288105905056,-0.008080210536718369,0.0021516140550374985,0.3554803729057312,-0.11022432148456573,-0.0014608765486627817,-0.0006563357310369611,0.37470194697380066,0.11234783381223679,0.009145721793174744,-0.041684892028570175,0.0995829626917839,-0.09767944365739822,0.13805414736270905,-0.10756197571754456,0.12067876756191254,0.1411324292421341,0.2642977237701416,0.2011280357837677,0.018262535333633423,-0.10672008991241455,0.4439840018749237,0.1182752251625061,0.03133507817983627,0.1433473825454712,0.27853551506996155,0.22304397821426392,0.013231133110821247,-0.10028071701526642,0.46221548318862915,0.14212550222873688,0.018268339335918427,0.2011440098285675,0.26784220337867737,0.03668632730841637,0.021623725071549416,-0.11228552460670471,0.5048440098762512,-0.03679397702217102,0.032259467989206314,30,1.001,,,,,,,,,,,,,,,,,,,,,,,,,,,,,,,,,,,,,,,,,,,,,,,,,,,,,,,,,,,,,,,,,,,,,,,,,,,,,,,,,,,,,,,,,,,,,,,,,,,,,,,,,,,,,,,,,,,,,,,,,,,,,,,,,,,,,,,,,,,,,,,,,,,,,,,,,,,,,,,,,,,,,,,,
-0.014385671354830265,-0.6222288608551025,-0.27443552017211914,0.9996446371078491,0.0008177079143933952,-0.6599986553192139,-0.2646109163761139,0.9994397759437561,0.000310220435494557,-0.65966796875,-0.2664029598236084,0.9994587302207947,0.0007884823717176914,-0.6596937775611877,-0.26452916860580444,0.9993703961372375,-0.03746494650840759,-0.6607435345649719,-0.2655807435512543,0.9995012283325195,-0.035392679274082184,-0.661485493183136,-0.26565492153167725,0.9995517730712891,-0.03595671430230141,-0.6605664491653442,-0.2618105709552765,0.9995236396789551,0.07776844501495361,-0.6454834342002869,-0.17318138480186462,0.9993153214454651,-0.0813988447189331,-0.6450595259666443,-0.1510796993970871,0.9995688199996948,0.010586453601717949,-0.5938119292259216,-0.24795246124267578,0.999750018119812,-0.03443511575460434,-0.5911486148834229,-0.2414199709892273,0.9998024702072144,0.17459765076637268,-0.4459867477416992,-0.11528925597667694,0.9990128874778748,-0.16339163482189178,-0.44699642062187195,-0.09674997627735138,0.9993329048156738,0.19933763146400452,-0.20202027261257172,-0.1281602382659912,0.9516369104385376,-0.1885567307472229,-0.20086610317230225,-0.09747391939163208,0.9302380084991455,0.18404951691627502,-0.015425699763000011,-0.24101604521274567,0.829625129699707,-0.18180741369724274,-0.045023299753665924,-0.2306368201971054,0.8177030682563782,0.18316501379013062,0.04542932286858559,-0.26958832144737244,0.7886165380477905,-0.1831928938627243,0.008162016980350018,-0.2506582736968994,0.7759163975715637,0.15534672141075134,0.04416883736848831,-0.31196239590644836,0.8086629509925842,-0.18087150156497955,0.010552654974162579,-0.28879842162132263,0.7985591888427734,0.16442717611789703,-0.00230397772975266,-0.2651230990886688,0.7894688844680786,-0.17319729924201965,-0.02753632701933384,-0.2504015564918518,0.7809062004089355,0.10936661809682846,-0.008612663485109806,0.00212973915040493,0.3264909088611603,-0.10925114154815674,-0.0011652449611574411,-0.0005827790009789169,0.3454864025115967,0.10497177392244339,-0.014794252812862396,-0.03571132570505142,0.09737388789653778,-0.09159854799509048,0.12347780913114548,-0.14346490800380707,0.12229995429515839,0.15040472149848938,0.24342381954193115,0.21759405732154846,0.01793607510626316,-0.10648494958877563,0.44461846351623535,0.10805056244134903,0.033375345170497894,0.15376219153404236,0.2570721507072449,0.24294023215770721,0.012720482423901558,-0.09852483123540878,0.46249479055404663,0.13933880627155304,0.018849853426218033,0.21145448088645935,0.2433217465877533,0.03970937430858612,0.02150428108870983,-0.12047573924064636,0.5008220076560974,-0.0465598963201046,0.034048955887556076,31,1.034,,,,,,,,,,,,,,,,,,,,,,,,,,,,,,,,,,,,,,,,,,,,,,,,,,,,,,,,,,,,,,,,,,,,,,,,,,,,,,,,,,,,,,,,,,,,,,,,,,,,,,,,,,,,,,,,,,,,,,,,,,,,,,,,,,,,,,,,,,,,,,,,,,,,,,,,,,,,,,,,,,,,,,,,
