pose_world_0_x,pose_world_0_y,pose_world_0_z,pose_world_0_visibility,pose_world_1_x,pose_world_1_y,pose_world_1_z,pose_world_1_visibility,pose_world_2_x,pose_world_2_y,pose_world_2_z,pose_world_2_visibility,pose_world_3_x,pose_world_3_y,pose_world_3_z,pose_world_3_visibility,pose_world_4_x,pose_world_4_y,pose_world_4_z,pose_world_4_visibility,pose_world_5_x,pose_world_5_y,pose_world_5_z,pose_world_5_visibility,pose_world_6_x,pose_world_6_y,pose_world_6_z,pose_world_6_visibility,pose_world_7_x,pose_world_7_y,pose_world_7_z,pose_world_7_visibility,pose_world_8_x,pose_world_8_y,pose_world_8_z,pose_world_8_visibility,pose_world_9_x,pose_world_9_y,pose_world_9_z,pose_world_9_visibility,pose_world_10_x,pose_world_10_y,pose_world_10_z,pose_world_10_visibility,pose_world_11_x,pose_world_11_y,pose_world_11_z,pose_world_11_visibility,pose_world_12_x,pose_world_12_y,pose_world_12_z,pose_world_12_visibility,pose_world_13_x,pose_world_13_y,pose_world_13_z,pose_world_13_visibility,pose_world_14_x,pose_world_14_y,pose_world_14_z,pose_world_14_visibility,pose_world_15_x,pose_world_15_y,pose_world_15_z,pose_world_15_visibility,pose_world_16_x,pose_world_16_y,pose_world_16_z,pose_world_16_visibility,pose_world_17_x,pose_world_17_y,pose_world_17_z,pose_world_17_visibility,pose_world_18_x,pose_world_18_y,pose_world_18_z,pose_world_18_visibility,pose_world_19_x,pose_world_19_y,pose_world_19_z,pose_world_19_visibility,pose_world_20_x,pose_world_20_y,pose_world_20_z,pose_world_20_visibility,pose_world_21_x,pose_world_21_y,pose_world_21_z,pose_world_21_visibility,pose_world_22_x,pose_world_22_y,pose_world_22_z,pose_world_22_visibility,pose_world_23_x,pose_world_23_y,pose_world_23_z,pose_world_23_visibility,pose_world_24_x,pose_world_24_y,pose_world_24_z,pose_world_24_visibility,pose_world_25_x,pose_world_25_y,pose_world_25_z,pose_world_25_visibility,pose_world_26_x,pose_world_26_y,pose_world_26_z,pose_world_26_visibility,pose_world_27_x,pose_world_27_y,pose_world_27_z,pose_world_27_visibility,pose_world_28_x,pose_world_28_y,pose_world_28_z,pose_world_28_visibility,pose_world_29_x,pose_world_29_y,pose_world_29_z,pose_world_29_visibility,pose_world_30_x,pose_world_30_y,pose_world_30_z,pose_world_30_visibility,pose_world_31_x,pose_world_31_y,pose_world_31_z,pose_world_31_visibility,pose_world_32_x,pose_world_32_y,pose_world_32_z,pose_world_32_visibility,frame,timestamp,left_hand_0_x,left_hand_0_y,left_hand_0_z,left_hand_0_visibility,left_hand_1_x,left_hand_1_y,left_hand_1_z,left_hand_1_visibility,left_hand_2_x,left_hand_2_y,left_hand_2_z,left_hand_2_visibility,left_hand_3_x,left_hand_3_y,left_hand_3_z,left_hand_3_visibility,left_hand_4_x,left_hand_4_y,left_hand_4_z,left_hand_4_visibility,left_hand_5_x,left_hand_5_y,left_hand_5_z,left_hand_5_visibility,left_hand_6_x,left_hand_6_y,left_hand_6_z,left_hand_6_visibility,left_hand_7_x,left_hand_7_y,left_hand_7_z,left_hand_7_visibility,left_hand_8_x,left_hand_8_y,left_hand_8_z,left_hand_8_visibility,left_hand_9_x,left_hand_9_y,left_hand_9_z,left_hand_9_visibility,left_hand_10_x,left_hand_10_y,left_hand_10_z,left_hand_10_visibility,left_hand_11_x,left_hand_11_y,left_hand_11_z,left_hand_11_visibility,left_hand_12_x,left_hand_12_y,left_hand_12_z,left_hand_12_visibility,left_hand_13_x,left_hand_13_y,left_hand_13_z,left_hand_13_visibility,left_hand_14_x,left_hand_14_y,left_hand_14_z,left_hand_14_visibility,left_hand_15_x,left_hand_15_y,left_hand_15_z,left_hand_15_visibility,left_hand_16_x,left_hand_16_y,left_hand_16_z,left_hand_16_visibility,left_hand_17_x,left_hand_17_y,left_hand_17_z,left_hand_17_visibility,left_hand_18_x,left_hand_18_y,left_hand_18_z,left_hand_18_visibility,left_hand_19_x,left_hand_19_y,left_hand_19_z,left_hand_19_visibility,left_hand_20_x,left_hand_20_y,left_hand_20_z,left_hand_20_visibility,right_hand_0_x,right_hand_0_y,right_hand_0_z,right_hand_0_visibility,right_hand_1_x,right_hand_1_y,right_hand_1_z,right_hand_1_visibility,right_hand_2_x,right_hand_2_y,right_hand_2_z,right_hand_2_visibility,right_hand_3_x,right_hand_3_y,right_hand_3_z,right_hand_3_visibility,right_hand_4_x,right_hand_4_y,right_hand_4_z,right_hand_4_visibility,right_hand_5_x,right_hand_5_y,right_hand_5_z,right_hand_5_visibility,right_hand_6_x,right_hand_6_y,right_hand_6_z,right_hand_6_visibility,right_hand_7_x,right_hand_7_y,right_hand_7_z,right_hand_7_visibility,right_hand_8_x,right_hand_8_y,right_hand_8_z,right_hand_8_visibility,right_hand_9_x,right_hand_9_y,right_hand_9_z,right_hand_9_visibility,right_hand_10_x,right_hand_10_y,right_hand_10_z,right_hand_10_visibility,right_hand_11_x,right_hand_11_y,right_hand_11_z,right_hand_11_visibility,right_hand_12_x,right_hand_12_y,right_hand_12_z,right_hand_12_visibility,right_hand_13_x,right_hand_13_y,right_hand_13_z,right_hand_13_visibility,right_hand_14_x,right_hand_14_y,right_hand_14_z,right_hand_14_visibility,right_hand_15_x,right_hand_15_y,right_hand_15_z,right_hand_15_visibility,right_hand_16_x,right_hand_16_y,right_hand_16_z,right_hand_16_visibility,right_hand_17_x,right_hand_17_y,right_hand_17_z,right_hand_17_visibility,right_hand_18_x,right_hand_18_y,right_hand_18_z,right_hand_18_visibility,right_hand_19_x,right_hand_19_y,right_hand_19_z,right_hand_19_visibility,right_hand_20_x,right_hand_20_y,right_hand_20_z,right_hand_20_visibility
-0.054904766380786896,-0.6186208724975586,-0.31157323718070984,0.9975516200065613,-0.03353969752788544,-0.6536638140678406,-0.30794596672058105,0.9960303902626038,-0.03385016694664955,-0.6532772183418274,-0.3099255859851837,0.996515154838562,-0.03338273614645004,-0.6533302068710327,-0.3081454634666443,0.9962526559829712,-0.06941814720630646,-0.6563887596130371,-0.30257511138916016,0.99565589427948,-0.06749015301465988,-0.6573703289031982,-0.30262961983680725,0.9958546757698059,-0.06811357289552689,-0.6563722491264343,-0.2987608015537262,0.9952914714813232,0.062487922608852386,-0.6338207721710205,-0.23161284625530243,0.9957161545753479,-0.08113741874694824,-0.6433985233306885,-0.18319156765937805,0.9934444427490234,-0.02388567104935646,-0.5877830386161804,-0.2896518409252167,0.9981433153152466,-0.06525363773107529,-0.5888320803642273,-0.27512088418006897,0.9978097081184387,0.16410356760025024,-0.42674756050109863,-0.18783290684223175,0.9968453049659729,-0.14079447090625763,-0.45564785599708557,-0.11973816901445389,0.9965973496437073,0.1758839339017868,-0.15921762585639954,-0.16834604740142822,0.799040675163269,-0.16122838854789734,-0.21953190863132477,-0.06187358498573303,0.48133718967437744,0.16131852567195892,0.0240610521286726,-0.22635944187641144,0.23209472000598907,-0.1669197529554367,-0.05142898112535477,-0.13121391832828522,0.12617015838623047,0.16422143578529358,0.08791353553533554,-0.24473795294761658,0.20856712758541107,-0.16361308097839355,0.010854884050786495,-0.14178544282913208,0.12005871534347534,0.14467743039131165,0.08651673793792725,-0.2860540747642517,0.2715458273887634,-0.15425585210323334,0.016809063032269478,-0.1788530796766281,0.15382793545722961,0.14626215398311615,0.03669985011219978,-0.24546054005622864,0.25118929147720337,-0.1544312983751297,-0.03233868628740311,-0.14868058264255524,0.15378797054290771,0.10222319513559341,-0.005956928711384535,-0.013494834303855896,0.10665333271026611,-0.10169395059347153,-0.0012618466280400753,0.015138220973312855,0.1299474686384201,0.06923192739486694,0.05024328455328941,-0.019790148362517357,0.11646478623151779,-0.09655627608299255,0.1439075618982315,-0.07415451109409332,0.20253334939479828,0.10761895775794983,0.30872011184692383,0.26125937700271606,0.031399283558130264,-0.08793888986110687,0.5040701031684875,0.20006507635116577,0.07753022015094757,0.10727665573358536,0.32874158024787903,0.2882465422153473,0.014742625877261162,-0.08861986547708511,0.5258557796478271,0.2376571148633957,0.036891087889671326,0.11996832489967346,0.3225307762622833,0.09875047951936722,0.02888139709830284,-0.1362578272819519,0.5420494675636292,0.07889164239168167,0.05901913717389107,0,0.0,,,,,,,,,,,,,,,,,,,,,,,,,,,,,,,,,,,,,,,,,,,,,,,,,,,,,,,,,,,,,,,,,,,,,,,,,,,,,,,,,,,,,,,,,,,,,,,,,,,,,,,,,,,,,,,,,,,,,,,,,,,,,,,,,,,,,,,,,,,,,,,,,,,,,,,,,,,,,,,,,,,,,,,,
-0.047716036438941956,-0.6105648875236511,-0.31175532937049866,0.9974269270896912,-0.029376016929745674,-0.6473264098167419,-0.30812543630599976,0.9959005117416382,-0.029690051451325417,-0.6469865441322327,-0.3100888729095459,0.9963960647583008,-0.0291986595839262,-0.6470534801483154,-0.30830103158950806,0.9961313009262085,-0.06495705991983414,-0.6494484543800354,-0.30338162183761597,0.9955523610115051,-0.06295665353536606,-0.6503120064735413,-0.30348557233810425,0.9957645535469055,-0.06364288926124573,-0.6493681073188782,-0.29960963129997253,0.9952287077903748,0.06269118934869766,-0.6337587833404541,-0.2306818962097168,0.9955793023109436,-0.0809318944811821,-0.6418285369873047,-0.18523898720741272,0.9934490919113159,-0.018122179433703423,-0.5836771130561829,-0.289579302072525,0.9980338215827942,-0.059397388249635696,-0.5837390422821045,-0.2754851281642914,0.9977098107337952,0.16438934206962585,-0.42966577410697937,-0.1756839156150818,0.9967484474182129,-0.14097125828266144,-0.4557151794433594,-0.12052695453166962,0.9965491890907288,0.1758558452129364,-0.1666470617055893,-0.15715481340885162,0.7928101420402527,-0.16050902009010315,-0.21494899690151215,-0.07319848984479904,0.4910608232021332,0.15577690303325653,0.01578928530216217,-0.22624848783016205,0.23748725652694702,-0.16524548828601837,-0.03783836588263512,-0.15604189038276672,0.13506439328193665,0.15506479144096375,0.07349712401628494,-0.24736545979976654,0.2140752077102661,-0.16360637545585632,0.019301431253552437,-0.1774955689907074,0.12850216031074524,0.1350836157798767,0.06637147068977356,-0.2870165705680847,0.27728405594825745,-0.15431401133537292,0.02071862295269966,-0.20951856672763824,0.16342559456825256,0.1407078057527542,0.02502826228737831,-0.24545928835868835,0.2569466233253479,-0.15359720587730408,-0.021078765392303467,-0.17255157232284546,0.16274890303611755,0.10226617008447647,-0.005955887492746115,-0.011456595733761787,0.10918141156435013,-0.10183746367692947,-0.0013738026609644294,0.013094448484480381,0.132812961935997,0.08199642598628998,0.049009159207344055,-0.019275952130556107,0.11486338078975677,-0.09655877947807312,0.16785594820976257,-0.06137585639953613,0.1982879489660263,0.11542857438325882,0.2960357069969177,0.24811480939388275,0.030205553397536278,-0.09185285866260529,0.49857568740844727,0.19924983382225037,0.07468642294406891,0.11555477231740952,0.3140556216239929,0.2733239233493805,0.014360985718667507,-0.0912267416715622,0.5193127989768982,0.2334568053483963,0.03582683578133583,0.143633171916008,0.31934624910354614,0.09477350860834122,0.028504211455583572,-0.13581275939941406,0.5445959568023682,0.07638376206159592,0.058003708720207214,1,0.033,,,,,,,,,,,,,,,,,,,,,,,,,,,,,,,,,,,,,,,,,,,,,,,,,,,,,,,,,,,,,,,,,,,,,,,,,,,,,,,,,,,,,,,,,,,,,,,,,,,,,,,,,,,,,,,,,,,,,,,,,,,,,,,,,,,,,,,,,,,,,,,,,,,,,,,,,,,,,,,,,,,,,,,,
-0.047936830669641495,-0.6091506481170654,-0.31078216433525085,0.9973962306976318,-0.029717491939663887,-0.6465045213699341,-0.306992769241333,0.995888888835907,-0.03003164567053318,-0.6461673974990845,-0.30890095233917236,0.9963852167129517,-0.029544711112976074,-0.6462317109107971,-0.307107150554657,0.9961245656013489,-0.06541217863559723,-0.6483525633811951,-0.30272454023361206,0.9955621957778931,-0.06339158862829208,-0.6491705179214478,-0.3028511703014374,0.9957836270332336,-0.06408698111772537,-0.6482363343238831,-0.29897478222846985,0.9952716827392578,0.06146107241511345,-0.6344394683837891,-0.22679883241653442,0.9955798387527466,-0.08335373550653458,-0.6416635513305664,-0.18410825729370117,0.9935770630836487,-0.018233228474855423,-0.5831189751625061,-0.2875732183456421,0.9980282783508301,-0.05954078957438469,-0.5827547907829285,-0.27436092495918274,0.9977132678031921,0.16425377130508423,-0.4345557689666748,-0.16612787544727325,0.9967887997627258,-0.14352989196777344,-0.45570966601371765,-0.11934715509414673,0.9966055154800415,0.1752994805574417,-0.17533928155899048,-0.14801208674907684,0.788541853427887,-0.16289262473583221,-0.2141246646642685,-0.07286588847637177,0.5028687119483948,0.14975933730602264,0.003073550760746002,-0.2232147455215454,0.23749208450317383,-0.16471973061561584,-0.038653790950775146,-0.15820983052253723,0.13986386358737946,0.14620858430862427,0.05948209390044212,-0.24667802453041077,0.21380649507045746,-0.16324080526828766,0.01886124536395073,-0.1784060150384903,0.1325642168521881,0.12530240416526794,0.051538363099098206,-0.28631144762039185,0.27740156650543213,-0.15430955588817596,0.01832580752670765,-0.2112770974636078,0.16848984360694885,0.1338995397090912,0.011276246048510075,-0.24334417283535004,0.256594717502594,-0.1533045619726181,-0.021513158455491066,-0.17495784163475037,0.16683721542358398,0.10241127759218216,-0.006176456343382597,-0.010394223034381866,0.10798792541027069,-0.10207574814558029,-0.001335042528808117,0.012046790681779385,0.13124623894691467,0.08268018811941147,0.034174662083387375,-0.02131173387169838,0.1124744862318039,-0.09660052508115768,0.17393335700035095,-0.061131417751312256,0.19298155605793,0.11732292175292969,0.2803877592086792,0.23792770504951477,0.02908632718026638,-0.10414309799671173,0.49725815653800964,0.1985558420419693,0.07195114344358444,0.11787869036197662,0.2972448170185089,0.2628967761993408,0.013906060717999935,-0.10397204011678696,0.5176485776901245,0.2320253700017929,0.03449263423681259,0.15223126113414764,0.3012389540672302,0.0812562108039856,0.028068022802472115,-0.14385564625263214,0.5448764562606812,0.07320098578929901,0.056729722768068314,2,0.066,,,,,,,,,,,,,,,,,,,,,,,,,,,,,,,,,,,,,,,,,,,,,,,,,,,,,,,,,,,,,,,,,,,,,,,,,,,,,,,,,,,,,,,,,,,,,,,,,,,,,,,,,,,,,,,,,,,,,,,,,,,,,,,,,,,,,,,,,,,,,,,,,,,,,,,,,,,,,,,,,,,,,,,,
-0.04698065295815468,-0.6089820265769958,-0.3097471594810486,0.9973098039627075,-0.029349403455853462,-0.646324634552002,-0.30563414096832275,0.9957826137542725,-0.02966764196753502,-0.6459980607032776,-0.3074975311756134,0.9962905049324036,-0.02917967364192009,-0.6460708379745483,-0.3056732714176178,0.9960294365882874,-0.06487901508808136,-0.6479132175445557,-0.3020417392253876,0.9954683184623718,-0.06283082067966461,-0.6487182378768921,-0.3021862208843231,0.9957098960876465,-0.06353052705526352,-0.6477867960929871,-0.29830965399742126,0.9952226281166077,0.06035102903842926,-0.6345391273498535,-0.22394059598445892,0.9955101609230042,-0.08383958041667938,-0.640150249004364,-0.1840835064649582,0.9935941696166992,-0.017898783087730408,-0.5829582214355469,-0.2860551178455353,0.9979990720748901,-0.059133801609277725,-0.5821753144264221,-0.2738214135169983,0.9976983666419983,0.1630071997642517,-0.43609049916267395,-0.15938201546669006,0.9968840479850769,-0.1451246738433838,-0.4539983868598938,-0.11818020045757294,0.9966830611228943,0.1754913628101349,-0.17978352308273315,-0.1418488472700119,0.7922961115837097,-0.1649414300918579,-0.20848746597766876,-0.07246337831020355,0.5189608931541443,0.143975168466568,0.00014693888078909367,-0.22124826908111572,0.2510337829589844,-0.17668645083904266,-0.03476446494460106,-0.15790167450904846,0.1540074646472931,0.1375706046819687,0.05631447210907936,-0.24659839272499084,0.22393976151943207,-0.18162034451961517,0.020173268392682076,-0.1788535863161087,0.14489439129829407,0.11577029526233673,0.04554826766252518,-0.2858181297779083,0.28808921575546265,-0.17730413377285004,0.01833576336503029,-0.21219690144062042,0.1825147122144699,0.12689529359340668,0.007299421820789576,-0.24167035520076752,0.26585090160369873,-0.1680578738451004,-0.019469108432531357,-0.1748042106628418,0.17901477217674255,0.10231064260005951,-0.006099999882280827,-0.010251863859593868,0.11751937121152878,-0.10206104815006256,-0.0015427878824993968,0.011891435831785202,0.14017003774642944,0.08317151665687561,0.04128320887684822,-0.02281639538705349,0.1158653050661087,-0.09574159979820251,0.1823285073041916,-0.057825323194265366,0.19393348693847656,0.11714939028024673,0.2905283272266388,0.22058682143688202,0.0293278805911541,-0.10328122228384018,0.49720698595046997,0.1912659853696823,0.07189510762691498,0.11760901659727097,0.3080397844314575,0.24303728342056274,0.0139674823731184,-0.10311753302812576,0.5177836418151855,0.2203083485364914,0.034554775804281235,0.15026715397834778,0.3202582597732544,0.06949177384376526,0.02918907441198826,-0.14359799027442932,0.5498303174972534,0.0657404214143753,0.05818818137049675,3,0.1,,,,,,,,,,,,,,,,,,,,,,,,,,,,,,,,,,,,,,,,,,,,,,,,,,,,,,,,,,,,,,,,,,,,,,,,,,,,,,,,,,,,,,,,,,,,,,,,,,,,,,,,,,,,,,,,,,,,,,,,,,,,,,,,,,,,,,,,,,,,,,,,,,,,,,,,,,,,,,,,,,,,,,,,
-0.05082008242607117,-0.6126371026039124,-0.29840245842933655,0.997376024723053,-0.03597797080874443,-0.6505262851715088,-0.29263344407081604,0.9959255456924438,-0.03633793443441391,-0.6502551436424255,-0.29457995295524597,0.996385931968689,-0.03580393269658089,-0.650375247001648,-0.29264065623283386,0.996155321598053,-0.07075013965368271,-0.6508751511573792,-0.2898397147655487,0.995671808719635,-0.06864152103662491,-0.6516878008842468,-0.2900542616844177,0.9959043860435486,-0.06937490403652191,-0.6507936716079712,-0.28612908720970154,0.9954639673233032,0.04862189292907715,-0.6409019827842712,-0.20635145902633667,0.9957027435302734,-0.09431883692741394,-0.6408323049545288,-0.1744348108768463,0.9939481019973755,-0.022380966693162918,-0.5869807004928589,-0.27373677492141724,0.9980639815330505,-0.06351684778928757,-0.5845960378646851,-0.26372504234313965,0.9977949261665344,0.15951436758041382,-0.44288796186447144,-0.14467938244342804,0.9968892335891724,-0.15240979194641113,-0.45402243733406067,-0.10244563221931458,0.9967332482337952,0.17150439321994781,-0.1923859715461731,-0.11808612197637558,0.8012784719467163,-0.16677367687225342,-0.2089129537343979,-0.08819713443517685,0.5386078953742981,0.1402704119682312,-0.00626361882314086,-0.20059490203857422,0.29934972524642944,-0.20234093070030212,-0.08186893910169601,-0.25045233964920044,0.20107628405094147,0.13469655811786652,0.04824655503034592,-0.23275136947631836,0.2716190218925476,-0.22267472743988037,-0.04911573603749275,-0.2948382794857025,0.19233863055706024,0.11441020667552948,0.03304694592952728,-0.2731407582759857,0.33373820781707764,-0.21901476383209229,-0.06507521867752075,-0.3187273442745209,0.23086754977703094,0.12396329641342163,-0.0008816777844913304,-0.22291141748428345,0.31228137016296387,-0.19753265380859375,-0.0752599835395813,-0.2669212818145752,0.22659189999103546,0.10237093269824982,-0.006106210872530937,-0.010099782608449459,0.16379357874393463,-0.10224724560976028,-0.0015561113832518458,0.011727807112038136,0.18855105340480804,0.09696659445762634,0.057651642709970474,-0.021564515307545662,0.12726537883281708,-0.09529264271259308,0.1798456758260727,-0.054509930312633514,0.20300094783306122,0.11692888289690018,0.2936423420906067,0.2239542454481125,0.029908573254942894,-0.09368117898702621,0.47740909457206726,0.17322011291980743,0.07492690533399582,0.11683396250009537,0.3116806149482727,0.24665381014347076,0.014599716290831566,-0.08935312926769257,0.49751612544059753,0.19470731914043427,0.03648363798856735,0.14819997549057007,0.33353573083877563,0.08400636166334152,0.03084697388112545,-0.11745751649141312,0.5468498468399048,0.04794666916131973,0.06294170767068863,4,0.133,,,,,,,,,,,,,,,,,,,,,,,,,,,,,,,,,,,,,,,,,,,,,,,,,,,,,,,,,,,,,,,,,,,,,,,,,,,,,,,,,,,,,,,,,,,,,,,,,,,,,,,,,,,,,,,,,,,,,,,,,,,,,,,,,,,,,,,,,,,,,,,,,,,,,,,,,,,,,,,,,,,,,,,,
-0.05357694998383522,-0.6118128299713135,-0.2986074686050415,0.9975490570068359,-0.03970539569854736,-0.6498944759368896,-0.2932553291320801,0.9961817264556885,-0.040108807384967804,-0.6496476531028748,-0.2952108383178711,0.9965792298316956,-0.03955213725566864,-0.6497699618339539,-0.2932787537574768,0.9963811635971069,-0.07425499707460403,-0.6504200100898743,-0.2900483310222626,0.9959890246391296,-0.07213959097862244,-0.6512476205825806,-0.2902666926383972,0.9962064623832703,-0.07287582755088806,-0.6503583788871765,-0.2863437533378601,0.9958168268203735,0.04659568518400192,-0.6410338282585144,-0.20704811811447144,0.9959675073623657,-0.09597280621528625,-0.6412124037742615,-0.1737263947725296,0.9944028258323669,-0.024423381313681602,-0.586572527885437,-0.27393850684165955,0.9981759190559387,-0.0654195249080658,-0.5843086838722229,-0.2635698914527893,0.9979444742202759,0.1588870882987976,-0.44441384077072144,-0.14567029476165771,0.996942937374115,-0.15286877751350403,-0.4564835727214813,-0.09848657250404358,0.9969298243522644,0.1674492359161377,-0.19611254334449768,-0.11987867206335068,0.8163847923278809,-0.16716276109218597,-0.21888655424118042,-0.11929111182689667,0.5688261389732361,0.1387423425912857,-0.009167124517261982,-0.20280423760414124,0.35972538590431213,-0.20641665160655975,-0.1464346945285797,-0.3266547620296478,0.2665969729423523,0.1335529237985611,0.04320969432592392,-0.23347049951553345,0.33151528239250183,-0.22595810890197754,-0.12885281443595886,-0.37904632091522217,0.25668469071388245,0.11406378448009491,0.028921281918883324,-0.2738202214241028,0.38941022753715515,-0.22198285162448883,-0.1473979949951172,-0.3946296274662018,0.2932281792163849,0.12296214699745178,-0.00413851672783494,-0.2246876060962677,0.3693055808544159,-0.20146360993385315,-0.14431197941303253,-0.340515673160553,0.28758713603019714,0.10222667455673218,-0.006517970003187656,-0.009259128011763096,0.2162947803735733,-0.10220153629779816,-0.0010442942148074508,0.010814503766596317,0.24523884057998657,0.12336830794811249,0.07871125638484955,-0.01783779449760914,0.1417444944381714,-0.0815114974975586,0.2033279985189438,-0.03885257989168167,0.21935205161571503,0.1387661248445511,0.30157408118247986,0.22613829374313354,0.0312211737036705,-0.06373360753059387,0.47947242856025696,0.1704065352678299,0.08136751502752304,0.13883289694786072,0.32071101665496826,0.24898752570152283,0.015825970098376274,-0.056421246379613876,0.4999026656150818,0.1901683509349823,0.03907373547554016,0.17604078352451324,0.3495946526527405,0.10192253440618515,0.03273481875658035,-0.06993909925222397,0.5522427558898926,0.047647397965192795,0.06863296777009964,5,0.166,,,,,,,,,,,,,,,,,,,,,,,,,,,,,,,,,,,,,,,,,,,,,,,,,,,,,,,,,,,,,,,,,,,,,,,,,,,,,,,,,,,,,,,,,,,,,,,,,,,,,,,,,,,,,,,,,,,,,,,,,,,,,,,,,,,,,,,,,,,,,,,,,,,,,,,,,,,,,,,,,,,,,,,,
-0.04722714051604271,-0.6100019216537476,-0.2823066711425781,0.9977053999900818,-0.031521886587142944,-0.6479517817497253,-0.2775753438472748,0.9964136481285095,-0.032049767673015594,-0.6477084755897522,-0.27971556782722473,0.9967655539512634,-0.0314457081258297,-0.6478188037872314,-0.27759867906570435,0.9965865015983582,-0.06620408594608307,-0.6489498019218445,-0.27130183577537537,0.9962596297264099,-0.06415285170078278,-0.6497837901115417,-0.27138566970825195,0.9964613914489746,-0.06485593318939209,-0.6488903164863586,-0.26735785603523254,0.9961074590682983,0.06363024562597275,-0.6384088397026062,-0.1940699964761734,0.9962477684020996,-0.08020633459091187,-0.6403287649154663,-0.14884546399116516,0.9947684407234192,-0.015209972858428955,-0.5841718316078186,-0.25910571217536926,0.9982934594154358,-0.05678539350628853,-0.5826156735420227,-0.2450375258922577,0.9980872869491577,0.175118550658226,-0.4424601197242737,-0.1377575844526291,0.9970811009407043,-0.1368420124053955,-0.4559953808784485,-0.06283712387084961,0.9971356391906738,0.16752171516418457,-0.19436015188694,-0.11084204167127609,0.8298845887184143,-0.16547337174415588,-0.2251659780740738,-0.11294811964035034,0.5916651487350464,0.1267791986465454,-0.00797572173178196,-0.18556351959705353,0.4131471812725067,-0.2039361447095871,-0.18645939230918884,-0.30534079670906067,0.3267773389816284,0.11364928632974625,0.04589802399277687,-0.20853465795516968,0.3835982382297516,-0.2212996929883957,-0.1740550994873047,-0.3513416647911072,0.31554603576660156,0.0964718759059906,0.03360722213983536,-0.2444455325603485,0.4374091923236847,-0.21654526889324188,-0.1936343014240265,-0.36128920316696167,0.34981319308280945,0.10950341075658798,-0.0019740082789212465,-0.20317229628562927,0.4177052080631256,-0.19795137643814087,-0.18496008217334747,-0.3169201612472534,0.34198352694511414,0.10252542048692703,-0.005558710545301437,-0.009637996554374695,0.24979658424854279,-0.10231450200080872,-0.0019121571676805615,0.011261779814958572,0.28425779938697815,0.11931966990232468,0.07066629827022552,-0.04292462021112442,0.1544623076915741,-0.0822424665093422,0.08160378783941269,-0.0995568186044693,0.23229974508285522,0.13434350490570068,0.30188024044036865,0.20299340784549713,0.03316681459546089,-0.0597604438662529,0.4290963411331177,0.0896732434630394,0.08877943456172943,0.13323846459388733,0.3213513493537903,0.22393730282783508,0.017026253044605255,-0.05090983211994171,0.4484817385673523,0.1100114956498146,0.0423407256603241,0.16591526567935944,0.3382488787174225,0.05702802911400795,0.03513459861278534,-0.06366422772407532,0.4765871465206146,-0.05512349680066109,0.07593870908021927,6,0.2,,,,,,,,,,,,,,,,,,,,,,,,,,,,,,,,,,,,,,,,,,,,,,,,,,,,,,,,,,,,,,,,,,,,,,,,,,,,,,,,,,,,,,,,,,,,,,,,,,,,,,,,,,,,,,,,,,,,,,,,,,,,,,,,,,,,,,,,,,,,,,,,,,,,,,,,,,,,,,,,,,,,,,,,
-0.037730272859334946,-0.6086947917938232,-0.2440677136182785,0.9978692531585693,-0.01738535240292549,-0.6454290747642517,-0.23885758221149445,0.9966327548027039,-0.017867952585220337,-0.6452254056930542,-0.24091441929340363,0.9969539642333984,-0.017284641042351723,-0.6453487277030945,-0.2388557493686676,0.9967744946479797,-0.0514846071600914,-0.6475854516029358,-0.23034293949604034,0.9965241551399231,-0.04940733313560486,-0.6484338045120239,-0.2306155264377594,0.9967134594917297,-0.05010993033647537,-0.6475326418876648,-0.22666753828525543,0.9963866472244263,0.08244115114212036,-0.6296812295913696,-0.15745194256305695,0.9965112209320068,-0.058028772473335266,-0.6377032995223999,-0.10544410347938538,0.9951642751693726,-0.005814729258418083,-0.5809509754180908,-0.22238130867481232,0.9983978867530823,-0.0466858334839344,-0.5807559490203857,-0.20612476766109467,0.998234212398529,0.18364280462265015,-0.43198734521865845,-0.12767213582992554,0.9972275495529175,-0.1281164437532425,-0.45805397629737854,-0.02440725825726986,0.9973762035369873,0.16087691485881805,-0.20104466378688812,-0.1312377154827118,0.8447728157043457,-0.19795703887939453,-0.25347843766212463,-0.1031191349029541,0.6229400038719177,-0.05039435997605324,-0.11812195181846619,-0.21907593309879303,0.4660956859588623,-0.2014104127883911,-0.20757387578487396,-0.299252986907959,0.3799714148044586,-0.11224805563688278,-0.0994952917098999,-0.2633802592754364,0.4349454641342163,-0.2186070829629898,-0.20224672555923462,-0.3532811105251312,0.366157591342926,-0.14048686623573303,-0.1441221535205841,-0.2675003111362457,0.4837312698364258,-0.20275163650512695,-0.23024538159370422,-0.3544444441795349,0.3979165852069855,-0.07963013648986816,-0.13192877173423767,-0.22483357787132263,0.4630557596683502,-0.19501270353794098,-0.21054981648921967,-0.3075803220272064,0.38800010085105896,0.10175628215074539,-0.003306361846625805,-0.011910553090274334,0.31702110171318054,-0.10179542005062103,-0.003562777768820524,0.01333662774413824,0.351246178150177,0.04246562346816063,0.0461568608880043,-0.0948646068572998,0.17922601103782654,-0.11006424576044083,0.06098748371005058,-0.18981152772903442,0.2604917883872986,0.09486600011587143,0.2913481891155243,0.15236763656139374,0.03569250926375389,-0.06853862851858139,0.3810368776321411,-0.03909680247306824,0.10421236604452133,0.10133373737335205,0.3159642219543457,0.1776481717824936,0.02043943665921688,-0.05745575204491615,0.406837522983551,-0.023142753168940544,0.0522640086710453,0.12469177693128586,0.3541805148124695,0.06180427595973015,0.039767198264598846,-0.06921269744634628,0.4646769165992737,-0.1533546894788742,0.09323228150606155,7,0.233,,,,,,,,,,,,,,,,,,,,,,,,,,,,,,,,,,,,,,,,,,,,,,,,,,,,,,,,,,,,,,,,,,,,,,,,,,,,,,,,,,,,,,,,,,,,,,,,,,,,,,,,,,,,,,,,,,,,,,,,,,,,,,,,,,,,,,,,,,,,,,,,,,,,,,,,,,,,,,,,,,,,,,,,
-0.040129344910383224,-0.6067585349082947,-0.2536110579967499,0.9980114102363586,-0.01801147684454918,-0.6428971886634827,-0.2495674043893814,0.9968258142471313,-0.018552588298916817,-0.6427029967308044,-0.25165098905563354,0.9971095323562622,-0.017957070842385292,-0.6427949070930481,-0.24960753321647644,0.9969307780265808,-0.05175776407122612,-0.6460924744606018,-0.24136345088481903,0.9967644214630127,-0.04966221749782562,-0.6469037532806396,-0.24166721105575562,0.9969473481178284,-0.05036189407110214,-0.6459836959838867,-0.23772761225700378,0.9966518878936768,0.07987427711486816,-0.6266554594039917,-0.16871720552444458,0.9967647790908813,-0.06121791899204254,-0.6373525261878967,-0.11637986451387405,0.9955386519432068,-0.0077718510292470455,-0.5784667730331421,-0.23214934766292572,0.9985033869743347,-0.04817619547247887,-0.5793126821517944,-0.21568238735198975,0.9983723163604736,0.18218854069709778,-0.4290435016155243,-0.1307646483182907,0.9974049925804138,-0.129648819565773,-0.45838961005210876,-0.027585603296756744,0.9976089596748352,0.14348578453063965,-0.19981780648231506,-0.1577717661857605,0.8597880601882935,-0.21497996151447296,-0.2488720715045929,-0.10058224946260452,0.6562049984931946,-0.10040924698114395,-0.1193697527050972,-0.23913799226284027,0.5177916288375854,-0.2047642171382904,-0.24934355914592743,-0.32304781675338745,0.4388032555580139,-0.17322003841400146,-0.10162191838026047,-0.2769964635372162,0.48678404092788696,-0.2140793651342392,-0.2629488706588745,-0.3762960731983185,0.42397910356521606,-0.1986997425556183,-0.14394456148147583,-0.2721925973892212,0.5306690335273743,-0.20026567578315735,-0.29860028624534607,-0.3661433160305023,0.4525025188922882,-0.13104774057865143,-0.13360923528671265,-0.23936858773231506,0.5107035636901855,-0.19525958597660065,-0.2603868544101715,-0.32612481713294983,0.4418419301509857,0.10184565931558609,-0.0027415563818067312,-0.015554508194327354,0.35520586371421814,-0.10188979655504227,-0.004007501527667046,0.016875537112355232,0.3954869508743286,0.06126172095537186,0.046449996531009674,-0.08370859175920486,0.19688884913921356,-0.10888711363077164,0.08339709788560867,-0.1537580043077469,0.27242511510849,0.11159958690404892,0.28270187973976135,0.1597195267677307,0.03568364307284355,-0.06989756971597672,0.3891339898109436,0.0378921702504158,0.10506021231412888,0.11747634410858154,0.3051098585128784,0.1846226453781128,0.020523149520158768,-0.06069890782237053,0.4108494818210602,0.060155756771564484,0.05275746062397957,0.13787062466144562,0.3435865044593811,0.058851901441812515,0.03930274769663811,-0.0786859393119812,0.45666754245758057,-0.07990420609712601,0.09259804338216782,8,0.266,0.49532610177993774,0.9551845192909241,-5.990413143308615e-08,,0.4648469388484955,0.9420136213302612,-0.00435123685747385,,0.4427446126937866,0.9080056548118591,-0.009738465771079063,,0.42984771728515625,0.8807763457298279,-0.015674186870455742,,0.4220927357673645,0.8629917502403259,-0.022031113505363464,,0.4524388611316681,0.8391197323799133,-0.0106439758092165,,0.44182464480400085,0.8085628747940063,-0.023852545768022537,,0.42710068821907043,0.8046068549156189,-0.034710660576820374,,0.41520896553993225,0.8076815605163574,-0.04184360429644585,,0.46344509720802307,0.8397875428199768,-0.015373197384178638,,0.44237539172172546,0.8345385193824768,-0.02894280105829239,,0.42667850852012634,0.8651103973388672,-0.03633714094758034,,0.41991299390792847,0.8964421153068542,-0.040297213941812515,,0.47439613938331604,0.854698121547699,-0.020610619336366653,,0.45163753628730774,0.8600327968597412,-0.03343991935253143,,0.4427811801433563,0.8897556066513062,-0.03556269407272339,,0.4421963095664978,0.9149765968322754,-0.03484345227479935,,0.4846026301383972,0.8793190121650696,-0.026224685832858086,,0.46568506956100464,0.8936728239059448,-0.036184053868055344,,0.4609913229942322,0.9119487404823303,-0.03675476089119911,,0.4628986120223999,0.9250407218933105,-0.03518049791455269,,0.44352632761001587,0.7198699116706848,9.258010180701604e-08,,0.4281873106956482,0.6886439323425293,-0.004353197291493416,,0.42369499802589417,0.6517379879951477,-0.006998637691140175,,0.4302384555339813,0.6234705448150635,-0.01073857955634594,,0.4395771622657776,0.6060076355934143,-0.014324781484901905,,0.4418272376060486,0.6202116012573242,-0.0002862370456568897,,0.4480574429035187,0.5924584269523621,-0.00662907725200057,,0.45121172070503235,0.5774585604667664,-0.011218113824725151,,0.4538997709751129,0.5668017268180847,-0.013953089714050293,,0.45470479130744934,0.628394365310669,-0.0030244854278862476,,0.4626459777355194,0.5981617569923401,-0.01000414602458477,,0.46573406457901,0.5811313986778259,-0.014247293584048748,,0.4681869447231293,0.5685344934463501,-0.016225608065724373,,0.46527546644210815,0.6440690159797668,-0.00691259978339076,,0.4683389663696289,0.6218942999839783,-0.017966605722904205,,0.4584500193595886,0.642204761505127,-0.018689293414354324,,0.4515722393989563,0.6604161262512207,-0.016001326963305473,,0.474534809589386,0.6655296087265015,-0.010937665589153767,,0.47570469975471497,0.6441510915756226,-0.019061749801039696,,0.466596782207489,0.6582859754562378,-0.017428399994969368,,0.4601663649082184,0.6735804080963135,-0.014170532114803791,
-0.040554024279117584,-0.602337658405304,-0.25919848680496216,0.9981227517127991,-0.018898749724030495,-0.6393968462944031,-0.25559309124946594,0.9969719648361206,-0.01940878853201866,-0.6391757726669312,-0.25764042139053345,0.9972180724143982,-0.01880696415901184,-0.639236569404602,-0.25559675693511963,0.9970406293869019,-0.05273328721523285,-0.6426266431808472,-0.24782970547676086,0.9969577193260193,-0.050647471100091934,-0.6433514952659607,-0.2481490820646286,0.9971370100975037,-0.05133723467588425,-0.642412006855011,-0.24420760571956635,0.9968762993812561,0.07905802130699158,-0.6266829967498779,-0.17472869157791138,0.9969695806503296,-0.06298927962779999,-0.6370653510093689,-0.12278598546981812,0.9958711862564087,-0.008520623669028282,-0.5753357410430908,-0.2373306006193161,0.9986007213592529,-0.04910300299525261,-0.5761935710906982,-0.22104664146900177,0.9984930157661438,0.18297681212425232,-0.42911410331726074,-0.13343219459056854,0.9975727796554565,-0.13053451478481293,-0.45837536454200745,-0.027271416038274765,0.9978204369544983,0.13464973866939545,-0.19927099347114563,-0.1675640195608139,0.8729586601257324,-0.21684153378009796,-0.24582716822624207,-0.09852860122919083,0.6864466667175293,-0.11502926051616669,-0.15325777232646942,-0.24952992796897888,0.5636939406394958,-0.20496617257595062,-0.2793821692466736,-0.3145034611225128,0.4920692443847656,-0.190399169921875,-0.14803175628185272,-0.28601157665252686,0.5311316251754761,-0.21198971569538116,-0.3052782416343689,-0.36529597640037537,0.47506362199783325,-0.20548230409622192,-0.19575850665569305,-0.2786532938480377,0.5705583095550537,-0.19912663102149963,-0.3471218943595886,-0.354216992855072,0.5004803538322449,-0.1428421288728714,-0.173430934548378,-0.2491336464881897,0.5502249598503113,-0.19540753960609436,-0.2959029972553253,-0.3168742060661316,0.4883253574371338,0.10226066410541534,-0.002397302770987153,-0.01814081147313118,0.3665805757045746,-0.1023837998509407,-0.004621875938028097,0.019418394193053246,0.40743303298950195,0.07879060506820679,0.03290320932865143,-0.07824894040822983,0.19949667155742645,-0.10986819118261337,0.09204492717981339,-0.10046996176242828,0.2659609615802765,0.11090615391731262,0.2786409258842468,0.16901355981826782,0.03493524342775345,-0.07658760994672775,0.397299587726593,0.13765618205070496,0.09910428524017334,0.11490838974714279,0.2981392741203308,0.19182294607162476,0.019852543249726295,-0.06699302047491074,0.41753876209259033,0.16040875017642975,0.05030566453933716,0.13122506439685822,0.3211333453655243,0.03803207352757454,0.03869875520467758,-0.09848891198635101,0.46278148889541626,0.003897649236023426,0.08827150613069534,9,0.3,0.4932703971862793,0.9264869093894958,-5.1433310943593824e-08,,0.46492332220077515,0.9072895646095276,-0.002186717465519905,,0.4475303888320923,0.8731319904327393,-0.0049637905322015285,,0.43637925386428833,0.8481654524803162,-0.009818150661885738,,0.4287923574447632,0.8309885263442993,-0.014716831967234612,,0.460088312625885,0.8021575212478638,0.0014373634476214647,,0.44865918159484863,0.7687589526176453,-0.008821215480566025,,0.43748939037323,0.7507674694061279,-0.017268672585487366,,0.42950692772865295,0.7384584546089172,-0.022502904757857323,,0.46916288137435913,0.8013780117034912,-0.0038182251155376434,,0.4476264417171478,0.7891719937324524,-0.01636694371700287,,0.4335871934890747,0.817988932132721,-0.021214038133621216,,0.42938512563705444,0.8432511687278748,-0.021353736519813538,,0.47720709443092346,0.8130794763565063,-0.010384396649897099,,0.45524585247039795,0.8127820491790771,-0.020928464829921722,,0.4463869631290436,0.8420950174331665,-0.01943855918943882,,0.44632306694984436,0.8639756441116333,-0.015401688404381275,,0.48449352383613586,0.8348141312599182,-0.01774384267628193,,0.4665563106536865,0.8444019556045532,-0.0236650463193655,,0.46094632148742676,0.8642504811286926,-0.02095869928598404,,0.4623289704322815,0.8771201372146606,-0.01669558882713318,,0.456818163394928,0.6747249960899353,1.0068252720429882e-07,,0.4421972930431366,0.6446758508682251,-0.0044548120349645615,,0.4391894042491913,0.6061545014381409,-0.006123360246419907,,0.44690749049186707,0.5765131711959839,-0.008738094009459019,,0.4563490152359009,0.5582882761955261,-0.010961394757032394,,0.45491841435432434,0.5795958638191223,0.002408514032140374,,0.46218809485435486,0.55222088098526,-0.0027129887603223324,,0.4659528434276581,0.5373039841651917,-0.007140803150832653,,0.4688122868537903,0.5257043242454529,-0.009928586892783642,,0.466607004404068,0.5857998132705688,0.0006209860439412296,,0.47460830211639404,0.5574887990951538,-0.005208028480410576,,0.47920843958854675,0.5382913947105408,-0.00977978017181158,,0.4821653664112091,0.5237398147583008,-0.012359862215816975,,0.4758714437484741,0.598590075969696,-0.0024928473867475986,,0.4797712564468384,0.5740453004837036,-0.01255627442151308,,0.4712448716163635,0.5889816880226135,-0.014616616070270538,,0.46367114782333374,0.6062489748001099,-0.013154511339962482,,0.48400697112083435,0.6163332462310791,-0.005772090516984463,,0.48662588000297546,0.595282256603241,-0.013306749053299427,,0.47814884781837463,0.6060352325439453,-0.012900733388960361,,0.4707621932029724,0.621261715888977,-0.010799321345984936,
-0.04054410755634308,-0.6008374094963074,-0.2625785171985626,0.9982538223266602,-0.01885671354830265,-0.6381659507751465,-0.2590590715408325,0.9971591830253601,-0.019371142610907555,-0.6379062533378601,-0.26107925176620483,0.9973757266998291,-0.018843697383999825,-0.6379383206367493,-0.25902777910232544,0.9972087144851685,-0.053189292550086975,-0.6417463421821594,-0.25161898136138916,0.9971722960472107,-0.05111997202038765,-0.6423826813697815,-0.25195837020874023,0.9973437190055847,-0.0518396720290184,-0.6414276361465454,-0.2480151653289795,0.997113049030304,0.08051691949367523,-0.626777708530426,-0.17804107069969177,0.9971941113471985,-0.0632341206073761,-0.6372918486595154,-0.12698160111904144,0.9962106943130493,-0.007828712463378906,-0.5738343000411987,-0.24037086963653564,0.9987119436264038,-0.04917203262448311,-0.5751996040344238,-0.2243812531232834,0.9986212849617004,0.1838352531194687,-0.4291394352912903,-0.1348213106393814,0.997757613658905,-0.13085301220417023,-0.46074771881103516,-0.029313471168279648,0.9980233311653137,0.1300179809331894,-0.19290728867053986,-0.17081160843372345,0.8854137659072876,-0.2237595170736313,-0.2453700304031372,-0.09850010275840759,0.7165414690971375,-0.11119664460420609,-0.16061894595623016,-0.25097835063934326,0.6067333221435547,-0.20462767779827118,-0.2926810681819916,-0.3171639144420624,0.5419349074363708,-0.18590371310710907,-0.15535734593868256,-0.28932878375053406,0.5748617053031921,-0.210018128156662,-0.3125137388706207,-0.37091225385665894,0.5239040851593018,-0.19606031477451324,-0.2041446417570114,-0.28226110339164734,0.6102462410926819,-0.19700732827186584,-0.35579317808151245,-0.35821250081062317,0.5465421676635742,-0.13677111268043518,-0.1823800802230835,-0.25116264820098877,0.5911933183670044,-0.19418536126613617,-0.30985820293426514,-0.3197038769721985,0.5348435640335083,0.10368488729000092,-0.0015791482292115688,-0.01928004063665867,0.3794334828853607,-0.10377250611782074,-0.005128889810293913,0.020280059427022934,0.4220551550388336,0.10492850840091705,0.028638888150453568,-0.07430057227611542,0.1892991065979004,-0.11229266971349716,0.07218298316001892,-0.06933922320604324,0.2481583058834076,0.11509624123573303,0.27921178936958313,0.17578555643558502,0.03308596834540367,-0.07692604511976242,0.40504348278045654,0.19602704048156738,0.09141754359006882,0.11762042343616486,0.29989686608314514,0.19915889203548431,0.018690090626478195,-0.06788879632949829,0.4262721538543701,0.22077994048595428,0.046798452734947205,0.1315232515335083,0.3171010911464691,0.03291328623890877,0.03641493618488312,-0.09929825365543365,0.4679372310638428,0.04364204406738281,0.08150845021009445,10,0.333,0.48758232593536377,0.8990944623947144,-8.559248954043142e-08,,0.4637567698955536,0.8793128728866577,-0.002273531863465905,,0.4450432062149048,0.8413621783256531,-0.0038529138546437025,,0.43373826146125793,0.8154473304748535,-0.007537284400314093,,0.4222574234008789,0.7987079620361328,-0.010933673940598965,,0.45776402950286865,0.7735034227371216,0.002504536183550954,,0.45058339834213257,0.7332655787467957,-0.006394100375473499,,0.4394419491291046,0.712727427482605,-0.012842497788369656,,0.4300250709056854,0.6971594095230103,-0.016901927068829536,,0.46831080317497253,0.7732711434364319,-0.0025657261721789837,,0.4482370615005493,0.7557108402252197,-0.016034414991736412,,0.43401700258255005,0.7872727513313293,-0.01966884173452854,,0.4305167496204376,0.8126846551895142,-0.018165990710258484,,0.4779529571533203,0.7839850187301636,-0.009013439528644085,,0.4585559368133545,0.7778353691101074,-0.020653102546930313,,0.44882962107658386,0.8092279434204102,-0.01796679198741913,,0.44881296157836914,0.8306498527526855,-0.01231156475841999,,0.48767733573913574,0.802738606929779,-0.016229640692472458,,0.47239893674850464,0.8041031360626221,-0.02218063361942768,,0.4634259045124054,0.8237497806549072,-0.01872589997947216,,0.4630875885486603,0.8384780287742615,-0.01362017635256052,,0.466467946767807,0.6365922689437866,6.610211755742057e-08,,0.45030176639556885,0.6078897714614868,-0.00382202654145658,,0.4480738937854767,0.566076934337616,-0.006000183522701263,,0.46157413721084595,0.5391979217529297,-0.009272532537579536,,0.4763880968093872,0.5302278995513916,-0.012430097907781601,,0.47019079327583313,0.5406216382980347,-0.001580568728968501,,0.4787757992744446,0.511299729347229,-0.0074835531413555145,,0.4805166721343994,0.5031326413154602,-0.011866155080497265,,0.48021963238716125,0.5009679794311523,-0.014452924951910973,,0.4827791452407837,0.5506284236907959,-0.0038534130435436964,,0.4930726885795593,0.5217147469520569,-0.009342416189610958,,0.496884286403656,0.5062829256057739,-0.012980920262634754,,0.4985990822315216,0.4955994188785553,-0.015237669460475445,,0.49276596307754517,0.5668327212333679,-0.007122517097741365,,0.4948869049549103,0.5430211424827576,-0.015778018161654472,,0.4829419255256653,0.5571232438087463,-0.016897084191441536,,0.4733441472053528,0.5737117528915405,-0.015524142421782017,,0.5017350316047668,0.5869502425193787,-0.010592740960419178,,0.5031508207321167,0.5632330179214478,-0.01722799241542816,,0.4923781752586365,0.5728118419647217,-0.016314879059791565,,0.4827030599117279,0.5874496102333069,-0.01430405955761671,
-0.04013112932443619,-0.6017202734947205,-0.2537825107574463,0.9983862042427063,-0.01799430511891842,-0.6391907930374146,-0.2506924569606781,0.9973500370979309,-0.01851625181734562,-0.6388981342315674,-0.25253674387931824,0.9975407123565674,-0.018067799508571625,-0.6389127969741821,-0.25030869245529175,0.9973914623260498,-0.05258406326174736,-0.6432471871376038,-0.24251677095890045,0.9973835349082947,-0.050530806183815,-0.6437875032424927,-0.24321791529655457,0.9975453615188599,-0.05128956213593483,-0.6428248882293701,-0.23920859396457672,0.9973424673080444,0.08410648256540298,-0.6282503008842468,-0.17072439193725586,0.9974148869514465,-0.059902872890233994,-0.640980064868927,-0.11622214317321777,0.9965311288833618,-0.006386637222021818,-0.5743929147720337,-0.231809601187706,0.9988168478012085,-0.048168789595365524,-0.5763206481933594,-0.21483631432056427,0.9987404346466064,0.18579699099063873,-0.42945796251296997,-0.1308068186044693,0.9979314804077148,-0.1275050789117813,-0.46494799852371216,-0.014848358929157257,0.9982083439826965,0.12588870525360107,-0.19046714901924133,-0.16866040229797363,0.896656334400177,-0.22851057350635529,-0.25842905044555664,-0.09572988748550415,0.7437617182731628,-0.10586176812648773,-0.16383543610572815,-0.24301452934741974,0.6455433368682861,-0.2038009762763977,-0.3175586462020874,-0.3051019608974457,0.5867965817451477,-0.179023876786232,-0.15769828855991364,-0.28385934233665466,0.6144874095916748,-0.20204205811023712,-0.33581414818763733,-0.355677992105484,0.5674123167991638,-0.18634052574634552,-0.20432554185390472,-0.26880982518196106,0.646238386631012,-0.18934130668640137,-0.3773960769176483,-0.3472517728805542,0.5875042080879211,-0.12974247336387634,-0.18470600247383118,-0.23907606303691864,0.6284714341163635,-0.1937461644411087,-0.3336511254310608,-0.30886539816856384,0.5763829946517944,0.10472296178340912,-0.0012739677913486958,-0.02052915096282959,0.39066317677497864,-0.10469777137041092,-0.005291798617690802,0.021329523995518684,0.43497708439826965,0.1192501038312912,0.01873912289738655,-0.07115213572978973,0.17974327504634857,-0.11232084035873413,0.06007373332977295,-0.052651651203632355,0.23189912736415863,0.12182361632585526,0.27933740615844727,0.17864982783794403,0.03151046484708786,-0.07642515748739243,0.40640172362327576,0.22175966203212738,0.08452747762203217,0.12313709408044815,0.29729294776916504,0.20131069421768188,0.0176162738353014,-0.06691919267177582,0.4277423024177551,0.2484181970357895,0.04356355220079422,0.13311558961868286,0.30390051007270813,0.03348433971405029,0.03442971780896187,-0.09847040474414825,0.465859591960907,0.06565681844949722,0.07544948160648346,11,0.367,0.48101839423179626,0.8868651986122131,-6.47155502520036e-08,,0.4596681296825409,0.8665143847465515,-0.0045685297809541225,,0.4436962604522705,0.825532078742981,-0.008444799110293388,,0.4323662519454956,0.8012293577194214,-0.014212314039468765,,0.4203665256500244,0.7862851023674011,-0.019717544317245483,,0.45747217535972595,0.761415421962738,-0.0032234839163720608,,0.44918474555015564,0.7126929759979248,-0.01368801947683096,,0.43738996982574463,0.6878072023391724,-0.020237915217876434,,0.4274471402168274,0.6688490509986877,-0.024290353059768677,,0.46912363171577454,0.765453040599823,-0.008605476468801498,,0.4514446258544922,0.7318146824836731,-0.025105591863393784,,0.4348081946372986,0.7647030353546143,-0.02895602397620678,,0.43056172132492065,0.7921672463417053,-0.026794537901878357,,0.47981998324394226,0.780163586139679,-0.015273679979145527,,0.4623894691467285,0.7560364603996277,-0.030000193044543266,,0.44885748624801636,0.7879289984703064,-0.027010438963770866,,0.4475259780883789,0.8102608323097229,-0.020252399146556854,,0.48947790265083313,0.8027005195617676,-0.0226887259632349,,0.4785618185997009,0.7823892831802368,-0.03105563297867775,,0.4668201506137848,0.7971568703651428,-0.027404561638832092,,0.4650695323944092,0.8117427825927734,-0.02172952890396118,,0.483803391456604,0.6212859153747559,2.187130689890182e-07,,0.5051851272583008,0.5980166792869568,-0.005619320552796125,,0.5164967179298401,0.5603439211845398,-0.006852113641798496,,0.5097166895866394,0.5316647291183472,-0.00885000079870224,,0.49413564801216125,0.5331931710243225,-0.01112554781138897,,0.4991094172000885,0.5254930257797241,0.002521826885640621,,0.5035484433174133,0.5029011368751526,-0.002628557849675417,,0.5091599822044373,0.4891873896121979,-0.008028963580727577,,0.516018271446228,0.47957780957221985,-0.011688712984323502,,0.4850129187107086,0.5267232060432434,0.0010577954817563295,,0.48820436000823975,0.502802848815918,-0.004988012835383415,,0.496196448802948,0.48891666531562805,-0.010197814553976059,,0.5035023093223572,0.4816652536392212,-0.013291947543621063,,0.47142618894577026,0.5343330502510071,-0.0017959793331101537,,0.4805831015110016,0.5189104676246643,-0.01182606816291809,,0.48701176047325134,0.5350635051727295,-0.01493418961763382,,0.48874032497406006,0.5539063811302185,-0.014350604265928268,,0.45959776639938354,0.5472828149795532,-0.00510422233492136,,0.4709603488445282,0.5332338809967041,-0.012698041275143623,,0.47755032777786255,0.5462622046470642,-0.01318346243351698,,0.47923651337623596,0.5624233484268188,-0.011919097974896431,
-0.039804309606552124,-0.6020396947860718,-0.2457607090473175,0.9984720945358276,-0.01747618429362774,-0.6395053267478943,-0.24349062144756317,0.997451901435852,-0.018000628799200058,-0.639202356338501,-0.24533183872699738,0.9976177215576172,-0.01758650131523609,-0.6392136216163635,-0.2430664598941803,0.9974880218505859,-0.05176703631877899,-0.6437692642211914,-0.23446542024612427,0.9975119233131409,-0.049731601029634476,-0.6442815661430359,-0.23518922924995422,0.9976696372032166,-0.05051199719309807,-0.64332115650177,-0.23116376996040344,0.997496485710144,0.08568204194307327,-0.6286314725875854,-0.1667925864458084,0.9975662231445312,-0.055175650864839554,-0.6421759724617004,-0.10902947187423706,0.9967576861381531,-0.005612981040030718,-0.5746094584465027,-0.2249799519777298,0.9988884329795837,-0.046959999948740005,-0.5768096446990967,-0.2070174664258957,0.9988263249397278,0.1860029697418213,-0.42964574694633484,-0.1297588050365448,0.9980659484863281,-0.12186285853385925,-0.4673213064670563,-0.008266217075288296,0.9983673095703125,0.1240554079413414,-0.1901427060365677,-0.16740600764751434,0.9066601395606995,-0.23177336156368256,-0.2646941542625427,-0.08862722665071487,0.7674781084060669,-0.10380635410547256,-0.15950416028499603,-0.23370172083377838,0.6801485419273376,-0.2033945769071579,-0.31934183835983276,-0.29865187406539917,0.626616358757019,-0.1759980022907257,-0.15187163650989532,-0.2732422947883606,0.6492894887924194,-0.1948048174381256,-0.33699020743370056,-0.3482789397239685,0.6055228114128113,-0.183721661567688,-0.19797669351100922,-0.25947150588035583,0.6777693629264832,-0.18128840625286102,-0.37981507182121277,-0.3420928716659546,0.62334144115448,-0.1274554431438446,-0.17937196791172028,-0.22971856594085693,0.6608243584632874,-0.19145932793617249,-0.3354242146015167,-0.3030241131782532,0.6123620867729187,0.10469371825456619,-0.0009588542743586004,-0.02209853008389473,0.39540398120880127,-0.10464499890804291,-0.005555760581046343,0.0228455550968647,0.44165194034576416,0.1186823695898056,0.019522150978446007,-0.07042784243822098,0.1744891256093979,-0.11167711764574051,0.060629088431596756,-0.0489240325987339,0.22027017176151276,0.12127669900655746,0.2818140387535095,0.1815425157546997,0.030732259154319763,-0.07663030922412872,0.4089014232158661,0.21244613826274872,0.0794983059167862,0.1219315454363823,0.2988087236881256,0.20281264185905457,0.01693461276590824,-0.06748273223638535,0.4303658902645111,0.23857952654361725,0.041437868028879166,0.12906798720359802,0.30590957403182983,0.027109727263450623,0.033309731632471085,-0.09975418448448181,0.4660030007362366,0.06252573430538177,0.07113335281610489,12,0.4,0.4805353581905365,0.8839143514633179,-1.0406090922288058e-07,,0.4577121436595917,0.8609495162963867,-0.004892369732260704,,0.4414030909538269,0.8187751173973083,-0.008980939164757729,,0.43023213744163513,0.7932219505310059,-0.014769187197089195,,0.4183637499809265,0.7779118418693542,-0.02015072852373123,,0.458055317401886,0.7564616203308105,-0.003778292564675212,,0.4496248662471771,0.7055686116218567,-0.01436484046280384,,0.4381124973297119,0.6788085699081421,-0.021306559443473816,,0.4284205734729767,0.657197117805481,-0.02594803459942341,,0.4699321985244751,0.7617782950401306,-0.009096971713006496,,0.4530431032180786,0.72684645652771,-0.026416219770908356,,0.4341275990009308,0.7575786113739014,-0.031067712232470512,,0.42759889364242554,0.7850230932235718,-0.02966322936117649,,0.48043256998062134,0.7764816284179688,-0.015711674466729164,,0.46354737877845764,0.75063157081604,-0.03104337491095066,,0.44974055886268616,0.77988201379776,-0.02838025614619255,,0.44834408164024353,0.8012173175811768,-0.02205771394073963,,0.48980826139450073,0.7983512282371521,-0.02311018854379654,,0.4776565432548523,0.7773045897483826,-0.031602274626493454,,0.46604084968566895,0.7917721271514893,-0.027975285425782204,,0.4652612507343292,0.8068481087684631,-0.02259586565196514,,0.49207985401153564,0.6075366139411926,1.713225543653607e-07,,0.511579692363739,0.5882835388183594,-0.005728385876864195,,0.5248605608940125,0.5525944232940674,-0.007145930081605911,,0.5187239050865173,0.5241010785102844,-0.008654497563838959,,0.5042269229888916,0.5195494890213013,-0.010159543715417385,,0.5126057267189026,0.512476921081543,0.0003090286045335233,,0.51876300573349,0.4929589033126831,-0.0061091831885278225,,0.5246724486351013,0.47906312346458435,-0.011095297522842884,,0.5311967730522156,0.4684755504131317,-0.01354427170008421,,0.49779969453811646,0.5071485042572021,-0.0005988752236589789,,0.5002703666687012,0.4811251163482666,-0.007915269583463669,,0.5063923597335815,0.4746277630329132,-0.01187716331332922,,0.5130859017372131,0.475188672542572,-0.012186912819743156,,0.4834895133972168,0.5116363167762756,-0.0026535089127719402,,0.49023064970970154,0.5135154724121094,-0.013569042086601257,,0.49544647336006165,0.5393801927566528,-0.015216927975416183,,0.4988698661327362,0.5602846145629883,-0.012132210657000542,,0.4698669910430908,0.5243736505508423,-0.005026784725487232,,0.4781321585178375,0.5262148380279541,-0.012342073954641819,,0.4857514500617981,0.545722246170044,-0.01118191797286272,,0.4902479648590088,0.5615705251693726,-0.007627999410033226,
-0.03997790068387985,-0.6020780801773071,-0.23675070703029633,0.9985712170600891,-0.017842136323451996,-0.6395398378372192,-0.23534458875656128,0.9975841045379639,-0.018360024318099022,-0.6392289400100708,-0.23713459074497223,0.9977292418479919,-0.01794140227138996,-0.6392402052879333,-0.23483465611934662,0.9976175427436829,-0.05213739722967148,-0.6437641978263855,-0.22591745853424072,0.9976614713668823,-0.050106462091207504,-0.6442711353302002,-0.2267206311225891,0.9978125095367432,-0.0508914552628994,-0.6433098912239075,-0.22265949845314026,0.997663676738739,0.08503555506467819,-0.6287070512771606,-0.1619245857000351,0.9977395534515381,-0.054320577532052994,-0.6423349976539612,-0.10197489708662033,0.9970015287399292,-0.005887710489332676,-0.5746545791625977,-0.21689900755882263,0.9989715218544006,-0.04709198325872421,-0.5768388509750366,-0.1982927918434143,0.9989194273948669,0.18553565442562103,-0.4302659034729004,-0.12810391187667847,0.9982170462608337,-0.11872564256191254,-0.46812903881073,-0.0014835726469755173,0.9985184073448181,0.12192752212285995,-0.189737930893898,-0.16552554070949554,0.9158079624176025,-0.23280414938926697,-0.26994580030441284,-0.08405189216136932,0.7896258234977722,-0.10949911922216415,-0.1594744771718979,-0.21269036829471588,0.7116267681121826,-0.19874878227710724,-0.33067843317985535,-0.29612472653388977,0.6630483269691467,-0.18341636657714844,-0.1508367955684662,-0.24743108451366425,0.6814150214195251,-0.18281690776348114,-0.34848567843437195,-0.34312573075294495,0.640903651714325,-0.1910342425107956,-0.1953900307416916,-0.23713921010494232,0.7069011330604553,-0.1688564419746399,-0.3905828893184662,-0.3300028145313263,0.656587541103363,-0.13332317769527435,-0.17878052592277527,-0.20912981033325195,0.6910314559936523,-0.18431521952152252,-0.3467400372028351,-0.29933086037635803,0.6461055278778076,0.10472771525382996,-0.000676613359246403,-0.02432076260447502,0.4053982198238373,-0.10464939475059509,-0.005680084228515625,0.024928798899054527,0.4531629681587219,0.11916695535182953,0.02006283774971962,-0.07194972038269043,0.16716839373111725,-0.1121603325009346,0.05347803980112076,-0.04460282623767853,0.20689216256141663,0.12115731090307236,0.2867428660392761,0.182845801115036,0.029677651822566986,-0.07633819431066513,0.411350280046463,0.2226579785346985,0.07402929663658142,0.12173699587583542,0.30240103602409363,0.20284050703048706,0.016136109828948975,-0.06698597967624664,0.4329227805137634,0.24982726573944092,0.03904299437999725,0.1257762461900711,0.3072577714920044,0.019627489149570465,0.03180468827486038,-0.10027914494276047,0.46769291162490845,0.0706595629453659,0.0662725493311882,13,0.433,0.47860732674598694,0.8874323964118958,-1.1583468051412638e-07,,0.45574185252189636,0.8644991517066956,-0.004832431208342314,,0.4396982192993164,0.8229122757911682,-0.008663012646138668,,0.4289191961288452,0.7973735928535461,-0.014271926134824753,,0.41661614179611206,0.7808545231819153,-0.01953173242509365,,0.4552050828933716,0.7573986649513245,-0.0021251568105071783,,0.44789689779281616,0.706650972366333,-0.012425869703292847,,0.43809348344802856,0.6788278222084045,-0.019358718767762184,,0.4298582077026367,0.6562824845314026,-0.02397654950618744,,0.4673127233982086,0.7621300220489502,-0.007363455835729837,,0.4502791166305542,0.7271574139595032,-0.02437490038573742,,0.43267789483070374,0.7596462368965149,-0.02888101153075695,,0.42666324973106384,0.7877367734909058,-0.0272701233625412,,0.4780329167842865,0.7767905592918396,-0.013977710157632828,,0.46197542548179626,0.7528741359710693,-0.02888013795018196,,0.44856521487236023,0.7834314107894897,-0.02611895650625229,,0.44633617997169495,0.8055254220962524,-0.019715216010808945,,0.4874229431152344,0.7989468574523926,-0.021442407742142677,,0.47583407163619995,0.7808589339256287,-0.029380301013588905,,0.46397116780281067,0.7967520356178284,-0.025678299367427826,,0.46200162172317505,0.8122501373291016,-0.02028362825512886,,0.49750813841819763,0.6030787825584412,1.3779275320757733e-07,,0.5171960592269897,0.5837383270263672,-0.005561453755944967,,0.530512809753418,0.5491273999214172,-0.007106712553650141,,0.5267961621284485,0.5187487006187439,-0.008813466876745224,,0.5133741497993469,0.5118227601051331,-0.01040741428732872,,0.5194684863090515,0.509627640247345,-0.0008096476085484028,,0.5256466269493103,0.4910420775413513,-0.007274650037288666,,0.53121417760849,0.47904205322265625,-0.01183259952813387,,0.537190318107605,0.4708749055862427,-0.0138554060831666,,0.504932165145874,0.5031789541244507,-0.0017510367324575782,,0.5076923966407776,0.47923484444618225,-0.008975524455308914,,0.512749433517456,0.47159257531166077,-0.012593891471624374,,0.518578290939331,0.47071024775505066,-0.012806013226509094,,0.4905465543270111,0.5059311985969543,-0.003739109495654702,,0.4966917037963867,0.5120881795883179,-0.014811460860073566,,0.502350389957428,0.5378276705741882,-0.01665925234556198,,0.5067642331123352,0.5595627427101135,-0.01364610530436039,,0.4766765832901001,0.5163317918777466,-0.006081335246562958,,0.48412251472473145,0.5217029452323914,-0.013470983132719994,,0.49170297384262085,0.5410352349281311,-0.012803085148334503,,0.4973684549331665,0.5572862029075623,-0.009558332152664661,
-0.04009674862027168,-0.602130115032196,-0.23657658696174622,0.9985789656639099,-0.018116751685738564,-0.6395642757415771,-0.2353808879852295,0.9975320100784302,-0.018631650134921074,-0.6392528414726257,-0.23725005984306335,0.9976549744606018,-0.018215404823422432,-0.6392669081687927,-0.23498405516147614,0.9975622892379761,-0.05223092809319496,-0.6437656879425049,-0.22600719332695007,0.9976592659950256,-0.05020846426486969,-0.644280731678009,-0.22669021785259247,0.9978191256523132,-0.050998423248529434,-0.6433222889900208,-0.22265131771564484,0.9977037906646729,0.08446113765239716,-0.628773033618927,-0.16289538145065308,0.9977759122848511,-0.053244054317474365,-0.642501711845398,-0.10401325672864914,0.9971033334732056,-0.006005713250488043,-0.574746310710907,-0.2170860767364502,0.9989976286888123,-0.04677926003932953,-0.576896607875824,-0.19881319999694824,0.998962938785553,0.1852790117263794,-0.43033891916275024,-0.1287359893321991,0.998297393321991,-0.11745093762874603,-0.4699939787387848,-0.00659024715423584,0.9986429214477539,0.12297654896974564,-0.18943656980991364,-0.16448485851287842,0.9236868023872375,-0.23910900950431824,-0.2699049413204193,-0.08327782154083252,0.8080999255180359,-0.10320756584405899,-0.15823324024677277,-0.21136242151260376,0.7390141487121582,-0.19762317836284637,-0.3082493841648102,-0.2953738570213318,0.6944718360900879,-0.17594966292381287,-0.148808091878891,-0.24533206224441528,0.7078859210014343,-0.17981195449829102,-0.31919437646865845,-0.34435930848121643,0.6701856851577759,-0.18436259031295776,-0.19517359137535095,-0.240456223487854,0.7307330369949341,-0.1633676141500473,-0.35971349477767944,-0.33000150322914124,0.6840479969978333,-0.12709647417068481,-0.17760781943798065,-0.2102421522140503,0.7150633335113525,-0.18142840266227722,-0.3219003677368164,-0.2980174124240875,0.6733575463294983,0.10450058430433273,-0.0004148674488533288,-0.024437986314296722,0.40792661905288696,-0.10436791926622391,-0.005940803326666355,0.025105619803071022,0.4591313302516937,0.11780281364917755,0.025004595518112183,-0.07110195606946945,0.1683710515499115,-0.11180179566144943,0.05753716453909874,-0.046060893684625626,0.20294605195522308,0.1132732704281807,0.30442094802856445,0.1798403412103653,0.03015006333589554,-0.07923045754432678,0.4199913740158081,0.21024031937122345,0.07214390486478806,0.11243702471256256,0.3224733769893646,0.19877028465270996,0.016051199287176132,-0.07047915458679199,0.44204655289649963,0.23736906051635742,0.038405679166316986,0.11627911776304245,0.3247652053833008,0.017686722800135612,0.03199044242501259,-0.1080760583281517,0.47347623109817505,0.06396731734275818,0.06468552350997925,14,0.467,0.4774196445941925,0.8940929770469666,-1.1043120196063683e-07,,0.45341676473617554,0.8692174553871155,-0.00437342282384634,,0.43773752450942993,0.8280985355377197,-0.00821358896791935,,0.4273959994316101,0.8048612475395203,-0.013916370458900928,,0.41605326533317566,0.7894012331962585,-0.019535735249519348,,0.45375537872314453,0.7625904679298401,-0.002158362651243806,,0.4464290142059326,0.7138878107070923,-0.012046871706843376,,0.4377618432044983,0.6850072145462036,-0.01882276125252247,,0.4310220777988434,0.6608606576919556,-0.02352377213537693,,0.466591477394104,0.767831027507782,-0.007740990724414587,,0.4497607350349426,0.7349457144737244,-0.024631384760141373,,0.43242567777633667,0.7667861580848694,-0.029405152425169945,,0.42650455236434937,0.794793426990509,-0.028102189302444458,,0.4776015877723694,0.7832841873168945,-0.014555571600794792,,0.4604610800743103,0.7620387673377991,-0.02939777262508869,,0.4470503628253937,0.7918453216552734,-0.027058187872171402,,0.44506189227104187,0.813485860824585,-0.021059749647974968,,0.48692771792411804,0.8064483404159546,-0.02211834117770195,,0.47264528274536133,0.7928629517555237,-0.030009683221578598,,0.4617411196231842,0.8097137212753296,-0.026317089796066284,,0.4613000750541687,0.825000524520874,-0.020997125655412674,,0.5030520558357239,0.6021743416786194,1.1819388134881592e-07,,0.522596538066864,0.5829436779022217,-0.005491836927831173,,0.5356095433235168,0.5504239797592163,-0.007133610546588898,,0.5334411859512329,0.5212299823760986,-0.009016139432787895,,0.5206372737884521,0.514650285243988,-0.010634110309183598,,0.5257006883621216,0.5100025534629822,-0.0006142337806522846,,0.5310820937156677,0.49339187145233154,-0.007302535232156515,,0.5357012748718262,0.48344147205352783,-0.011934765614569187,,0.5408532619476318,0.4770386517047882,-0.013959403149783611,,0.5110577940940857,0.5018055438995361,-0.0016219747485592961,,0.5129259824752808,0.48171791434288025,-0.00886812899261713,,0.5172574520111084,0.4742280840873718,-0.012331919744610786,,0.5226190686225891,0.47287577390670776,-0.012481559067964554,,0.49637049436569214,0.5034255385398865,-0.0037502681370824575,,0.5023652911186218,0.5149657726287842,-0.014569264836609364,,0.5084036588668823,0.5404001474380493,-0.01644781418144703,,0.5133576393127441,0.5614644289016724,-0.013569721020758152,,0.4825246334075928,0.5132274031639099,-0.006329716183245182,,0.4898066222667694,0.5254144668579102,-0.013319360092282295,,0.4971957206726074,0.5447619557380676,-0.012988697737455368,,0.5029457211494446,0.5599533915519714,-0.01010617334395647,
-0.040212374180555344,-0.6011298298835754,-0.23369920253753662,0.9986011385917664,-0.018329862505197525,-0.6387290954589844,-0.232609361410141,0.9975265264511108,-0.018842415884137154,-0.6384149789810181,-0.23451775312423706,0.9976333379745483,-0.018427323549985886,-0.6384356617927551,-0.23226679861545563,0.9975622296333313,-0.05237959325313568,-0.6428274512290955,-0.22291891276836395,0.9976781010627747,-0.05036069080233574,-0.6433473229408264,-0.22354769706726074,0.9978379607200623,-0.05115438252687454,-0.642397403717041,-0.21950753033161163,0.9977508187294006,0.08424291759729385,-0.6288214325904846,-0.16097311675548553,0.9978391528129578,-0.052584923803806305,-0.6423539519309998,-0.10092279314994812,0.9972130060195923,-0.005994441919028759,-0.5742205381393433,-0.2144051194190979,0.9990344643592834,-0.04650718346238136,-0.5763071775436401,-0.19583743810653687,0.9990102648735046,0.18563354015350342,-0.4305862784385681,-0.12816791236400604,0.9983913898468018,-0.11661883443593979,-0.4705096483230591,-0.004715883173048496,0.9987595677375793,0.12332111597061157,-0.1891823709011078,-0.16186930239200592,0.9308077692985535,-0.24672366678714752,-0.2717685103416443,-0.07901151478290558,0.8252020478248596,-0.10087447613477707,-0.15252666175365448,-0.2091781198978424,0.7637602686882019,-0.19486506283283234,-0.300348699092865,-0.29346391558647156,0.7230045795440674,-0.17280931770801544,-0.1408240646123886,-0.2435944825410843,0.7320674061775208,-0.1744692176580429,-0.3087489604949951,-0.3432617783546448,0.696999192237854,-0.1816551387310028,-0.18641136586666107,-0.24169112741947174,0.7525786757469177,-0.15377795696258545,-0.35033118724823,-0.32908985018730164,0.7092791795730591,-0.12463883310556412,-0.17087571322917938,-0.20951323211193085,0.7372398972511292,-0.17613187432289124,-0.31367847323417664,-0.29632633924484253,0.6986406445503235,0.10432027280330658,-0.00031038818997330964,-0.024944115430116653,0.4114687740802765,-0.10412046313285828,-0.006025117821991444,0.025664905086159706,0.4661460518836975,0.11534011363983154,0.0249827578663826,-0.07171788066625595,0.16702549159526825,-0.11214973032474518,0.06336915493011475,-0.04706651344895363,0.1963740438222885,0.10298994928598404,0.30767759680747986,0.17571093142032623,0.03026941604912281,-0.08590232580900192,0.4210704565048218,0.20352551341056824,0.06964099407196045,0.10134787857532501,0.3266935348510742,0.19402481615543365,0.015936823561787605,-0.07803773134946823,0.4434082806110382,0.23020446300506592,0.0376460961997509,0.103275366127491,0.3268101215362549,0.013307741843163967,0.03186527267098427,-0.11972085386514664,0.47461608052253723,0.059546131640672684,0.0625942051410675,15,0.5,0.47668927907943726,0.9027475714683533,-1.1274370592673222e-07,,0.4524158239364624,0.8774789571762085,-0.0037150338757783175,,0.43665647506713867,0.8368075489997864,-0.007296429947018623,,0.426447331905365,0.8137226104736328,-0.012894854880869389,,0.41503721475601196,0.7994223237037659,-0.018490325659513474,,0.45305177569389343,0.7716955542564392,-0.002214508131146431,,0.445682168006897,0.7232239246368408,-0.012024227529764175,,0.4372333884239197,0.6941624879837036,-0.01874128170311451,,0.4309558570384979,0.6697432994842529,-0.02346501313149929,,0.4661063551902771,0.777437150478363,-0.008098218590021133,,0.44987282156944275,0.7463464736938477,-0.0246133916079998,,0.43219512701034546,0.7763883471488953,-0.029393130913376808,,0.4258248805999756,0.8026132583618164,-0.02842595800757408,,0.477273553609848,0.793549120426178,-0.015115074813365936,,0.4607388377189636,0.7736173272132874,-0.02967207506299019,,0.44747403264045715,0.8026891350746155,-0.0274679996073246,,0.4457201361656189,0.8235519528388977,-0.021825257688760757,,0.4867005944252014,0.8173131942749023,-0.022824345156550407,,0.4726691246032715,0.8051237463951111,-0.030642539262771606,,0.4619021713733673,0.8211482167243958,-0.02716202288866043,,0.46167922019958496,0.8352279663085938,-0.022132644429802895,,0.5057076811790466,0.605230987071991,1.0217971890824629e-07,,0.5245200395584106,0.5877090096473694,-0.0058652558363974094,,0.5381015539169312,0.5571250319480896,-0.007885397411882877,,0.536275327205658,0.5290789604187012,-0.01001645252108574,,0.5233994126319885,0.5200297236442566,-0.011847530491650105,,0.5285115242004395,0.5160917639732361,-0.0022210548631846905,,0.5344252586364746,0.49964338541030884,-0.009263759478926659,,0.5387863516807556,0.490323543548584,-0.013869760558009148,,0.5437130928039551,0.4841878116130829,-0.01583973318338394,,0.5139487981796265,0.5069509148597717,-0.002938332734629512,,0.5158206820487976,0.4880492091178894,-0.010701366700232029,,0.5190652012825012,0.4812362790107727,-0.014143393374979496,,0.5233476758003235,0.4802991449832916,-0.014198620803654194,,0.4994172751903534,0.5073844790458679,-0.004716780502349138,,0.5042216181755066,0.5214159488677979,-0.015318511053919792,,0.510197103023529,0.5463175773620605,-0.017022762447595596,,0.5153518915176392,0.5662194490432739,-0.014190781861543655,,0.4860175549983978,0.5160440802574158,-0.007025471888482571,,0.49210837483406067,0.5304259061813354,-0.013671609573066235,,0.4984986186027527,0.5501693487167358,-0.013431967236101627,,0.503633975982666,0.5649521350860596,-0.010753924027085304,
-0.040031157433986664,-0.6007997989654541,-0.2364322692155838,0.9986526966094971,-0.018220631405711174,-0.6383540630340576,-0.23500138521194458,0.9975768327713013,-0.01873553916811943,-0.6380359530448914,-0.23692160844802856,0.997664749622345,-0.01833193190395832,-0.6380525827407837,-0.23469290137290955,0.9976083636283875,-0.05217361822724342,-0.6422666311264038,-0.22569715976715088,0.997749924659729,-0.05015581101179123,-0.6427731513977051,-0.22628989815711975,0.9979087710380554,-0.050960786640644073,-0.6418203711509705,-0.2222653180360794,0.9978415369987488,0.0842466726899147,-0.6287845969200134,-0.16228367388248444,0.9979360103607178,-0.05281059816479683,-0.6414161920547485,-0.10358938574790955,0.9973601698875427,-0.005707933101803064,-0.5739284753799438,-0.21673493087291718,0.9990869760513306,-0.04621961712837219,-0.5758252739906311,-0.1986139416694641,0.9990714192390442,0.18553359806537628,-0.43067577481269836,-0.12868867814540863,0.9984959959983826,-0.11671126633882523,-0.47007670998573303,-0.008420097641646862,0.998867928981781,0.12351179122924805,-0.18874453008174896,-0.16028085350990295,0.9374191761016846,-0.24259436130523682,-0.27109959721565247,-0.08303070068359375,0.8414403796195984,-0.0998593121767044,-0.1472541242837906,-0.20241643488407135,0.7865152359008789,-0.17775805294513702,-0.3216966390609741,-0.2935170531272888,0.7495801448822021,-0.17119453847408295,-0.13342638313770294,-0.2350803166627884,0.7547115087509155,-0.15398263931274414,-0.3386474847793579,-0.34322163462638855,0.7228718996047974,-0.18117108941078186,-0.17680169641971588,-0.2339026927947998,0.7730101943016052,-0.13674627244472504,-0.38264256715774536,-0.32843226194381714,0.7335542440414429,-0.12421510368585587,-0.16424709558486938,-0.20271550118923187,0.7583233714103699,-0.15916380286216736,-0.33795735239982605,-0.29553017020225525,0.7230702638626099,0.10430464893579483,-0.00023793535365257412,-0.025061924010515213,0.4175875186920166,-0.10408466309309006,-0.006040508858859539,0.025768427178263664,0.4747341275215149,0.11447586119174957,0.024070804938673973,-0.0720025897026062,0.16269871592521667,-0.11249659210443497,0.0632849857211113,-0.046596184372901917,0.18813440203666687,0.1024962067604065,0.30875149369239807,0.17680583894252777,0.029729148373007774,-0.08737564831972122,0.4213475286960602,0.2039511352777481,0.06607598066329956,0.10105035454034805,0.3276861011981964,0.19507454335689545,0.015532798133790493,-0.07944519072771072,0.44411030411720276,0.22995053231716156,0.03609984368085861,0.10327468067407608,0.32726630568504333,0.015210215002298355,0.030981501564383507,-0.12002863734960556,0.4754185974597931,0.058239828795194626,0.05934608355164528,16,0.533,0.477536141872406,0.9135504961013794,-1.079676934523377e-07,,0.4533330798149109,0.8880918025970459,-0.004087913781404495,,0.4375244677066803,0.8483178615570068,-0.007935835048556328,,0.4267343282699585,0.8254810571670532,-0.013782357797026634,,0.41469982266426086,0.8113965392112732,-0.01952109858393669,,0.45385080575942993,0.7843185067176819,-0.002650853479281068,,0.44570600986480713,0.7352269291877747,-0.01260739378631115,,0.4369004964828491,0.7055608630180359,-0.01915050484240055,,0.43086230754852295,0.6804983019828796,-0.023797642439603806,,0.46654418110847473,0.7897530794143677,-0.00840756669640541,,0.44850948452949524,0.7590605020523071,-0.02467486821115017,,0.43210598826408386,0.7885918617248535,-0.029133981093764305,,0.4278016984462738,0.8120375275611877,-0.02810050919651985,,0.47759827971458435,0.805562436580658,-0.015335049480199814,,0.4595993161201477,0.7864252924919128,-0.03005080297589302,,0.4472200870513916,0.8152491450309753,-0.027584459632635117,,0.4471021890640259,0.8339275121688843,-0.021807588636875153,,0.4869494140148163,0.828982412815094,-0.023006612434983253,,0.4726066291332245,0.8187084794044495,-0.031183956190943718,,0.46211180090904236,0.83433997631073,-0.027821235358715057,,0.4624859094619751,0.8471807837486267,-0.022840790450572968,,0.5034329891204834,0.6101036071777344,7.876171537191112e-08,,0.5226037502288818,0.5943674445152283,-0.005567118991166353,,0.5373729467391968,0.5658907294273376,-0.007717546075582504,,0.5350427627563477,0.5393887758255005,-0.010079535655677319,,0.5214230418205261,0.5360573530197144,-0.012026951648294926,,0.5285795331001282,0.5216943621635437,-0.0020664064213633537,,0.5338928699493408,0.5020217895507812,-0.010642806999385357,,0.5359362363815308,0.4965740442276001,-0.016271056607365608,,0.5372677445411682,0.5007158517837524,-0.018092453479766846,,0.5136938095092773,0.5117678642272949,-0.002995662158355117,,0.5155912041664124,0.49203214049339294,-0.01102721318602562,,0.5182437300682068,0.4899825155735016,-0.014701297506690025,,0.5208943486213684,0.49673667550086975,-0.014422846026718616,,0.4990972578525543,0.5125181674957275,-0.0051239351741969585,,0.5035730004310608,0.5303909182548523,-0.014471248723566532,,0.50865638256073,0.5528813004493713,-0.01646009460091591,,0.5126493573188782,0.5712918639183044,-0.013954713009297848,,0.4856501519680023,0.5220495462417603,-0.007880669087171555,,0.4908011555671692,0.5397130250930786,-0.012882804498076439,,0.49732986092567444,0.5574580430984497,-0.012422608211636543,,0.5026343464851379,0.5708902478218079,-0.009693670086562634,
-0.039099354296922684,-0.5986953377723694,-0.23788855969905853,0.9987276196479797,-0.0171692855656147,-0.636330246925354,-0.23649026453495026,0.9976904988288879,-0.017700064927339554,-0.6359931230545044,-0.23838283121585846,0.9977656006813049,-0.017325524240732193,-0.6359961628913879,-0.2361472100019455,0.9977197051048279,-0.05101152881979942,-0.6400321125984192,-0.22734089195728302,0.9978625774383545,-0.0489950031042099,-0.6404922604560852,-0.22796452045440674,0.9980136156082153,-0.04982392489910126,-0.6395250558853149,-0.22392527759075165,0.9979585409164429,0.08524076640605927,-0.6279057860374451,-0.16332003474235535,0.9980737566947937,-0.05216188728809357,-0.6395436525344849,-0.10488823056221008,0.9975334405899048,-0.0046009193174541,-0.5720483064651489,-0.21791113913059235,0.9991543889045715,-0.04519621282815933,-0.5737782120704651,-0.19985821843147278,0.9991418123245239,0.18590576946735382,-0.43073004484176636,-0.12886451184749603,0.9986156225204468,-0.11610149592161179,-0.4686499536037445,-0.008932831697165966,0.9989701509475708,0.12378264218568802,-0.18524804711341858,-0.1550094485282898,0.9434846043586731,-0.23761898279190063,-0.26981133222579956,-0.08302859216928482,0.8563984036445618,-0.09982957690954208,-0.14174610376358032,-0.1908920854330063,0.8073073029518127,-0.15972478687763214,-0.32948747277259827,-0.29112377762794495,0.773874819278717,-0.17097869515419006,-0.12629151344299316,-0.22169072926044464,0.776025116443634,-0.13450190424919128,-0.34685859084129333,-0.34050387144088745,0.7470606565475464,-0.18219256401062012,-0.1682707816362381,-0.22048822045326233,0.792336106300354,-0.11917448043823242,-0.3904415965080261,-0.3198775053024292,0.7563191652297974,-0.12487979978322983,-0.15891911089420319,-0.19048456847667694,0.7785732746124268,-0.14141333103179932,-0.3461228907108307,-0.29080408811569214,0.7462688684463501,0.10446964204311371,-0.00020885509729851037,-0.025757094845175743,0.42628103494644165,-0.10414950549602509,-0.006025019101798534,0.02639877423644066,0.48391270637512207,0.11793727427721024,0.013492399826645851,-0.07700875401496887,0.15592600405216217,-0.1126224547624588,0.044198017567396164,-0.0474897176027298,0.17721763253211975,0.1085817739367485,0.30789047479629517,0.17525416612625122,0.028727538883686066,-0.08415722101926804,0.4210544526576996,0.20882827043533325,0.06172249838709831,0.1079786941409111,0.32627901434898376,0.1927618682384491,0.014898864552378654,-0.07483088225126266,0.4438522756099701,0.23562759160995483,0.03408848121762276,0.10419415682554245,0.31946951150894165,0.006965210195630789,0.029573142528533936,-0.11316525936126709,0.4729962944984436,0.05856560170650482,0.05533352494239807,17,0.567,0.47769129276275635,0.9232743978500366,-1.0960157226236333e-07,,0.4531039297580719,0.8978607654571533,-0.004060541745275259,,0.4371926188468933,0.8583377003669739,-0.007828963920474052,,0.42618507146835327,0.8359654545783997,-0.013566398061811924,,0.4138907790184021,0.8224790096282959,-0.019224992021918297,,0.4542069733142853,0.7946162223815918,-0.0028755227103829384,,0.4460766911506653,0.7458927035331726,-0.012602833099663258,,0.43732181191444397,0.7164749503135681,-0.019031794741749763,,0.43132445216178894,0.6917232871055603,-0.023654364049434662,,0.46690070629119873,0.8001497983932495,-0.008518722839653492,,0.4480602443218231,0.7711667418479919,-0.02466600574553013,,0.431282639503479,0.8004311919212341,-0.02915756031870842,,0.4265994727611542,0.8238945007324219,-0.028244709596037865,,0.47794219851493835,0.8162518739700317,-0.015273168683052063,,0.4592726528644562,0.7984596490859985,-0.029807355254888535,,0.44720569252967834,0.8273144960403442,-0.02735455147922039,,0.4472174048423767,0.8459736704826355,-0.021670026704669,,0.4873221516609192,0.8399800062179565,-0.022766361013054848,,0.47308382391929626,0.8304295539855957,-0.030925067141652107,,0.46285057067871094,0.8457431793212891,-0.02767191082239151,,0.4633735418319702,0.8580469489097595,-0.022793933749198914,,0.5005574822425842,0.6173453330993652,1.0236933078999755e-08,,0.5187637209892273,0.6022894978523254,-0.006683404091745615,,0.5327172875404358,0.5765082240104675,-0.010182523168623447,,0.529060423374176,0.5501818656921387,-0.013809137977659702,,0.5138052701950073,0.5458753705024719,-0.01683756895363331,,0.5252802968025208,0.5276013612747192,-0.0036139395087957382,,0.5317302346229553,0.5070437788963318,-0.015073376707732677,,0.5256041884422302,0.5103983283042908,-0.022728459909558296,,0.5195078253746033,0.5226946473121643,-0.025792516767978668,,0.5098100900650024,0.5181721448898315,-0.004906013607978821,,0.5128762125968933,0.49883005023002625,-0.015030278824269772,,0.5097090005874634,0.5039106607437134,-0.01957131177186966,,0.5081949830055237,0.5161837339401245,-0.019771281629800797,,0.495425283908844,0.5202739238739014,-0.007701894734054804,,0.4974815547466278,0.5389903783798218,-0.01820415072143078,,0.49969157576560974,0.5602622628211975,-0.02026386372745037,,0.5030810236930847,0.5753442049026489,-0.018130548298358917,,0.48269718885421753,0.5306680798530579,-0.011297757737338543,,0.4859975278377533,0.5515669584274292,-0.017565468326210976,,0.49087557196617126,0.5703917741775513,-0.017644356936216354,,0.49611929059028625,0.5817633271217346,-0.01538689061999321,
-0.036934319883584976,-0.5962058305740356,-0.23696963489055634,0.9987180829048157,-0.014985108748078346,-0.6337445974349976,-0.2361350953578949,0.9976492524147034,-0.015527371317148209,-0.6334171295166016,-0.23800601065158844,0.9977092742919922,-0.015163485892117023,-0.6334189772605896,-0.23576602339744568,0.9976728558540344,-0.04814598709344864,-0.637100100517273,-0.22679081559181213,0.9978223443031311,-0.046136274933815,-0.6375596523284912,-0.22742371261119843,0.9979690909385681,-0.04697674885392189,-0.6365883350372314,-0.22336514294147491,0.9979340434074402,0.08670586347579956,-0.6263183951377869,-0.1639641523361206,0.9981167316436768,-0.04840642586350441,-0.636375367641449,-0.10476121306419373,0.9975495934486389,-0.002686532912775874,-0.5700057744979858,-0.21745388209819794,0.9991788864135742,-0.04259001836180687,-0.5713640451431274,-0.19899609684944153,0.9991661310195923,0.18622149527072906,-0.4307674467563629,-0.12912055850028992,0.9986997246742249,-0.11255758255720139,-0.4671386778354645,-0.008917774073779583,0.999053418636322,0.12381759285926819,-0.18530696630477905,-0.15430471301078796,0.9488268494606018,-0.23385606706142426,-0.26889464259147644,-0.08143194764852524,0.8692643642425537,-0.10183344781398773,-0.1396983116865158,-0.19094325602054596,0.8256574869155884,-0.15943728387355804,-0.3299390375614166,-0.2877448499202728,0.7954727411270142,-0.17296995222568512,-0.12447664141654968,-0.2212156057357788,0.7940628528594971,-0.1371578723192215,-0.3506205379962921,-0.33703136444091797,0.7685597538948059,-0.184846892952919,-0.16732606291770935,-0.22059223055839539,0.808534562587738,-0.1225181519985199,-0.3967263400554657,-0.3138580024242401,0.7765482664108276,-0.12723031640052795,-0.15737144649028778,-0.19086289405822754,0.7951919436454773,-0.14198917150497437,-0.34793174266815186,-0.28605759143829346,0.7664976119995117,0.10424460470676422,-0.00020372077415231615,-0.026859713718295097,0.4297160804271698,-0.10383880138397217,-0.006005266681313515,0.027506178244948387,0.4914875030517578,0.11719141900539398,0.0023329146206378937,-0.08924099057912827,0.1510964035987854,-0.11343367397785187,0.04891127720475197,-0.05074276402592659,0.1697615534067154,0.10868977755308151,0.29251629114151,0.16096316277980804,0.02772781439125538,-0.08775203675031662,0.42617788910865784,0.19645904004573822,0.05859474837779999,0.10808533430099487,0.310585081577301,0.1784563660621643,0.014394779689610004,-0.07910076528787613,0.44973188638687134,0.22206905484199524,0.03290334343910217,0.10536498576402664,0.30265012383461,-0.002145991660654545,0.028399161994457245,-0.12069638818502426,0.47466519474983215,0.04490659013390541,0.05246353894472122,18,0.6,0.47806403040885925,0.9334489107131958,-1.1382079634358888e-07,,0.4539329707622528,0.9077421426773071,-0.004526427481323481,,0.43784013390541077,0.8686322569847107,-0.008650231175124645,,0.42629149556159973,0.8466683030128479,-0.014679836109280586,,0.4138369858264923,0.8343738317489624,-0.0205051451921463,,0.45497068762779236,0.8053644299507141,-0.003238867735490203,,0.4475793242454529,0.7574951648712158,-0.013285346329212189,,0.43839776515960693,0.7294532656669617,-0.019638607278466225,,0.4319973886013031,0.7055591344833374,-0.024155646562576294,,0.4674109220504761,0.811339259147644,-0.00880453921854496,,0.4474906027317047,0.7826968431472778,-0.02501756139099598,,0.4312994182109833,0.8131516575813293,-0.028959641233086586,,0.42796027660369873,0.8355750441551208,-0.027623381465673447,,0.4784014821052551,0.8278394937515259,-0.01560843177139759,,0.45862358808517456,0.810609757900238,-0.03032390959560871,,0.4473927319049835,0.8405115008354187,-0.02718917839229107,,0.4488879144191742,0.8577080368995667,-0.020960774272680283,,0.4879733920097351,0.8517295122146606,-0.023239819332957268,,0.4739728271961212,0.841041088104248,-0.03140459209680557,,0.4638257622718811,0.856370210647583,-0.027796650305390358,,0.4648764431476593,0.8678501844406128,-0.022667324170470238,,0.4930148124694824,0.6261844635009766,-6.418099474103656e-08,,0.5125085711479187,0.6126296520233154,-0.008925377391278744,,0.5260705351829529,0.5862213969230652,-0.013775648549199104,,0.5210888981819153,0.5648021697998047,-0.01809200830757618,,0.5055331587791443,0.5597477555274963,-0.021759839728474617,,0.5133334398269653,0.5277462601661682,-0.00688083004206419,,0.521094024181366,0.5251283049583435,-0.017859747633337975,,0.5174494981765747,0.5421835780143738,-0.02522849291563034,,0.5121676325798035,0.5509344339370728,-0.029135899618268013,,0.49793753027915955,0.5247493982315063,-0.007399355061352253,,0.5026456117630005,0.5248764753341675,-0.017440984025597572,,0.501721978187561,0.5486483573913574,-0.02149396575987339,,0.49920448660850525,0.5583007335662842,-0.022283008322119713,,0.4844176769256592,0.5321412086486816,-0.009381457231938839,,0.487380713224411,0.5458990335464478,-0.018156690523028374,,0.4903169274330139,0.5685378909111023,-0.01779777742922306,,0.49112552404403687,0.5741152763366699,-0.015657564625144005,,0.47343653440475464,0.5457311868667603,-0.012374027632176876,,0.4759940803050995,0.5587229132652283,-0.01657327078282833,,0.48037999868392944,0.5756979584693909,-0.014415555633604527,,0.4829193353652954,0.5800223350524902,-0.01162246335297823,
-0.03334413096308708,-0.5904006361961365,-0.24321457743644714,0.9987337589263916,-0.012280421331524849,-0.628581166267395,-0.2434082180261612,0.9976679086685181,-0.012838149443268776,-0.6282622218132019,-0.24528439342975616,0.9977181553840637,-0.012467614375054836,-0.628262460231781,-0.24301739037036896,0.9976814985275269,-0.0454283133149147,-0.6313287615776062,-0.23412305116653442,0.9978355765342712,-0.043417997658252716,-0.6318045854568481,-0.23473121225833893,0.9979796409606934,-0.04424411430954933,-0.630829930305481,-0.23065964877605438,0.9979593753814697,0.08839696645736694,-0.6243390440940857,-0.17225907742977142,0.9981803894042969,-0.04710410162806511,-0.6321158409118652,-0.11292463541030884,0.9976178407669067,0.0008065518923103809,-0.5655709505081177,-0.22369223833084106,0.9992140531539917,-0.039140425622463226,-0.5661938786506653,-0.20521321892738342,0.9992020726203918,0.18798647820949554,-0.4307597577571869,-0.13289660215377808,0.9987842440605164,-0.11170827597379684,-0.46387699246406555,-0.013974878005683422,0.9991301894187927,0.12416476011276245,-0.18482659757137299,-0.1542397290468216,0.953599214553833,-0.23205837607383728,-0.26078546047210693,-0.08307471871376038,0.8808398246765137,-0.10250391066074371,-0.13412804901599884,-0.19276244938373566,0.8420366048812866,-0.1619488149881363,-0.32351452112197876,-0.28843632340431213,0.8149615526199341,-0.17381471395492554,-0.11690828949213028,-0.22323913872241974,0.8099436163902283,-0.141778826713562,-0.34409433603286743,-0.33730819821357727,0.7883137464523315,-0.18646998703479767,-0.15972504019737244,-0.2239593118429184,0.8228105902671814,-0.12723693251609802,-0.3905700445175171,-0.3152649402618408,0.7952467799186707,-0.12850084900856018,-0.1514519602060318,-0.19348233938217163,0.8097456693649292,-0.14490684866905212,-0.3414094150066376,-0.2870401442050934,0.7851769924163818,0.10424544662237167,-0.00018046349578071386,-0.02692778781056404,0.42902982234954834,-0.10383151471614838,-0.006028232630342245,0.02760341204702854,0.4925505816936493,0.11707525700330734,0.002355352509766817,-0.08967353403568268,0.1502423733472824,-0.11342217773199081,0.052166491746902466,-0.05377138406038284,0.16600508987903595,0.11149131506681442,0.29142555594444275,0.15647956728935242,0.027503132820129395,-0.08755088597536087,0.426810085773468,0.1894964873790741,0.05646023526787758,0.11132276058197021,0.30947911739349365,0.17351488769054413,0.014115176163613796,-0.07867991924285889,0.45020627975463867,0.2143869549036026,0.031947389245033264,0.10975543409585953,0.30105429887771606,-0.009471212513744831,0.02802249789237976,-0.11973291635513306,0.4749374985694885,0.03670545667409897,0.050559934228658676,19,0.633,0.4789475202560425,0.9442937970161438,-1.1690730161717511e-07,,0.4556106626987457,0.9180881381034851,-0.004676876589655876,,0.4392067492008209,0.8793683052062988,-0.008941050618886948,,0.4273449778556824,0.8583966493606567,-0.01508596632629633,,0.41511157155036926,0.8452779650688171,-0.020939884707331657,,0.45660239458084106,0.8159496188163757,-0.0031967302784323692,,0.4496777057647705,0.7691386342048645,-0.013061584904789925,,0.44025132060050964,0.7416356205940247,-0.01914072223007679,,0.4335538446903229,0.7185716032981873,-0.023465046659111977,,0.4685167968273163,0.8222706913948059,-0.008699617348611355,,0.44792598485946655,0.7943114638328552,-0.024495072662830353,,0.4318068325519562,0.8254380822181702,-0.027990488335490227,,0.4288436472415924,0.8473778963088989,-0.0264141708612442,,0.479303240776062,0.8392460942268372,-0.015501056797802448,,0.45972177386283875,0.822421133518219,-0.030040977522730827,,0.4481068253517151,0.8520224094390869,-0.026612546294927597,,0.44921159744262695,0.8687214851379395,-0.02022397704422474,,0.4888764023780823,0.8638213872909546,-0.023162977769970894,,0.4759732186794281,0.8522957563400269,-0.031258270144462585,,0.46522408723831177,0.8673327565193176,-0.027505697682499886,,0.46530264616012573,0.8793172240257263,-0.02228456176817417,,0.4885922074317932,0.6343135833740234,-7.9198528624147e-08,,0.5053974986076355,0.6267468929290771,-0.012178145349025726,,0.5181921124458313,0.6048461198806763,-0.018757911399006844,,0.5089991688728333,0.5865533947944641,-0.02390553243458271,,0.4924944341182709,0.5821033716201782,-0.02791461907327175,,0.5096988081932068,0.5429969429969788,-0.011176391504704952,,0.5075209140777588,0.5409648418426514,-0.02505335956811905,,0.5020596981048584,0.5559353828430176,-0.033845096826553345,,0.4967924654483795,0.5648013353347778,-0.03795529901981354,,0.49329665303230286,0.5358659625053406,-0.00999754760414362,,0.48540380597114563,0.5513370037078857,-0.021693209186196327,,0.4862172305583954,0.5754102468490601,-0.025267498567700386,,0.48803573846817017,0.5815799236297607,-0.02547929808497429,,0.47860124707221985,0.5416462421417236,-0.010703261941671371,,0.47168734669685364,0.5658822059631348,-0.020298004150390625,,0.47619006037712097,0.586330771446228,-0.018785206601023674,,0.4802735447883606,0.5879419445991516,-0.015907276421785355,,0.4663086533546448,0.5552069544792175,-0.01281756442040205,,0.46238040924072266,0.5753777027130127,-0.018187865614891052,,0.46748262643814087,0.5912113189697266,-0.016126329079270363,,0.47228318452835083,0.5915318727493286,-0.012867734767496586,
-0.030649684369564056,-0.581959068775177,-0.2504946291446686,0.99875408411026,-0.010590246878564358,-0.62120121717453,-0.25114890933036804,0.9977017045021057,-0.011168244294822216,-0.620886504650116,-0.2531200647354126,0.9977480173110962,-0.010778054594993591,-0.6208959817886353,-0.2508215308189392,0.9977145195007324,-0.04381859302520752,-0.6237030029296875,-0.24180011451244354,0.9978542923927307,-0.04181568697094917,-0.6242114901542664,-0.24231387674808502,0.9979926347732544,-0.04262150079011917,-0.6232448220252991,-0.23822586238384247,0.9979854226112366,0.09016738831996918,-0.6208820343017578,-0.18025431036949158,0.9982443451881409,-0.04583008959889412,-0.6275725364685059,-0.12097840756177902,0.9976848363876343,0.003946838900446892,-0.5586794018745422,-0.23103711009025574,0.9992503523826599,-0.03609439358115196,-0.5589510202407837,-0.2125859409570694,0.999238133430481,0.19120138883590698,-0.4293520450592041,-0.13791295886039734,0.9988600611686707,-0.1114114448428154,-0.4601708650588989,-0.018221378326416016,0.9991997480392456,0.12529657781124115,-0.18194788694381714,-0.1550799161195755,0.9577929377555847,-0.2343597710132599,-0.2521784007549286,-0.08268062770366669,0.8908783793449402,-0.09975649416446686,-0.1290702372789383,-0.20199507474899292,0.8565545082092285,-0.16454583406448364,-0.31532737612724304,-0.29036760330200195,0.8321913480758667,-0.1709437519311905,-0.11078257113695145,-0.23239727318286896,0.824087381362915,-0.14281222224235535,-0.3378223478794098,-0.33954277634620667,0.8056089878082275,-0.1837945282459259,-0.15450435876846313,-0.23496465384960175,0.8356139063835144,-0.1302437037229538,-0.3842010200023651,-0.3204580545425415,0.8117151260375977,-0.1257525533437729,-0.14630752801895142,-0.20333682000637054,0.8225991725921631,-0.14545558393001556,-0.3368024528026581,-0.2898552715778351,0.8015410900115967,0.10424431413412094,-0.00021107889187987894,-0.026775140315294266,0.4166807234287262,-0.1038067638874054,-0.006032261531800032,0.027512485161423683,0.48160234093666077,0.11745288223028183,-0.009459148161113262,-0.08876300603151321,0.15082253515720367,-0.1129133403301239,0.048133838921785355,-0.060718223452568054,0.1641518622636795,0.11452750116586685,0.2835635840892792,0.15603993833065033,0.027651892974972725,-0.08691509068012238,0.42450833320617676,0.17741788923740387,0.055399347096681595,0.11479056626558304,0.3019377291202545,0.17314118146896362,0.014042067341506481,-0.07761315256357193,0.44674697518348694,0.2022884637117386,0.03139283508062363,0.12087489664554596,0.2872922122478485,-0.015030615963041782,0.028159569948911667,-0.11572599411010742,0.46965035796165466,0.022575359791517258,0.04961676523089409,20,0.667,0.47919321060180664,0.9526768922805786,-1.1081826301051478e-07,,0.4556845426559448,0.9263446927070618,-0.005388116929680109,,0.4388607442378998,0.8884246349334717,-0.010197343304753304,,0.4261229634284973,0.8684250116348267,-0.016655120998620987,,0.41380587220191956,0.8575931191444397,-0.022817665711045265,,0.45741286873817444,0.825175404548645,-0.005057079717516899,,0.4500700831413269,0.7774772047996521,-0.015457412227988243,,0.441089391708374,0.7498086094856262,-0.021980302408337593,,0.4342481195926666,0.7269080877304077,-0.026619983837008476,,0.4694974422454834,0.8320693373680115,-0.010402688756585121,,0.4472596347332001,0.805695652961731,-0.02708212472498417,,0.43065863847732544,0.8372639417648315,-0.03100326471030712,,0.427120566368103,0.8608843684196472,-0.029650026932358742,,0.4800843894481659,0.8503171801567078,-0.017030837014317513,,0.45941323041915894,0.834716260433197,-0.03243600204586983,,0.4480062425136566,0.863893985748291,-0.02947085350751877,,0.4489179253578186,0.8815268874168396,-0.023207711055874825,,0.48931246995925903,0.8761764168739319,-0.024525748565793037,,0.4765881896018982,0.865067183971405,-0.033580679446458817,,0.4654998779296875,0.8792043924331665,-0.030382629483938217,,0.4647290110588074,0.891538143157959,-0.025377387180924416,,0.4783192276954651,0.6420767307281494,-1.3712767099605117e-07,,0.49498996138572693,0.639491856098175,-0.01382280420511961,,0.5066541433334351,0.6240072846412659,-0.021300358697772026,,0.4965721070766449,0.6097114682197571,-0.026787010952830315,,0.4817427396774292,0.6044490933418274,-0.030847778543829918,,0.5020623207092285,0.554611325263977,-0.013265259563922882,,0.4964033365249634,0.5674572587013245,-0.026273097842931747,,0.4881022274494171,0.5957847833633423,-0.03421960771083832,,0.4821489155292511,0.6112430691719055,-0.03794034570455551,,0.48608502745628357,0.5472773909568787,-0.011191467754542828,,0.472322940826416,0.5737342834472656,-0.02183512970805168,,0.47217369079589844,0.6025619506835938,-0.024984415620565414,,0.474477082490921,0.6100553870201111,-0.02531699277460575,,0.47176456451416016,0.5527887940406799,-0.010887007229030132,,0.459603488445282,0.5820748209953308,-0.02019096352159977,,0.4634012281894684,0.604931652545929,-0.01905117742717266,,0.4676373302936554,0.6082273721694946,-0.016588246449828148,,0.4601139724254608,0.5658940672874451,-0.011946271173655987,,0.4516322910785675,0.5883014798164368,-0.01814575493335724,,0.4562889337539673,0.6074238419532776,-0.016135942190885544,,0.46138882637023926,0.6110790967941284,-0.012613428756594658,
-0.0308101586997509,-0.5764943957328796,-0.2518911361694336,0.998714804649353,-0.010791188105940819,-0.6161653995513916,-0.25292879343032837,0.9976341724395752,-0.01136471051722765,-0.6158696413040161,-0.2549586892127991,0.9976730346679688,-0.010976409539580345,-0.6158891916275024,-0.25266316533088684,0.9976522922515869,-0.04405020922422409,-0.6186268329620361,-0.24313679337501526,0.9977775812149048,-0.0420471616089344,-0.6191793084144592,-0.24358709156513214,0.9979114532470703,-0.0428529717028141,-0.6182171702384949,-0.23949278891086578,0.9979273080825806,0.09029781818389893,-0.6177324056625366,-0.18312667310237885,0.9982390403747559,-0.04559890180826187,-0.6241491436958313,-0.12203811854124069,0.9976486563682556,0.004121341276913881,-0.5539718866348267,-0.23276053369045258,0.9992566108703613,-0.03581691533327103,-0.5541938543319702,-0.21382205188274384,0.9992417097091675,0.19320102035999298,-0.4278283715248108,-0.14118199050426483,0.9989097118377686,-0.11082037538290024,-0.45797470211982727,-0.01901499181985855,0.9992577433586121,0.12665554881095886,-0.180613175034523,-0.15569332242012024,0.9614241123199463,-0.23668934404850006,-0.24848780035972595,-0.08045467734336853,0.899308443069458,-0.0984317809343338,-0.12248377501964569,-0.2071271389722824,0.8693020939826965,-0.16997826099395752,-0.30258798599243164,-0.2909121811389923,0.8473729491233826,-0.16978806257247925,-0.10246796160936356,-0.23728340864181519,0.8363357186317444,-0.1485292613506317,-0.32168886065483093,-0.3404656946659088,0.8207964301109314,-0.18382760882377625,-0.14602385461330414,-0.24135975539684296,0.8466796278953552,-0.1311357319355011,-0.3731164038181305,-0.3230392634868622,0.8261857628822327,-0.12477349489927292,-0.1388251632452011,-0.20889216661453247,0.8335502743721008,-0.1494789719581604,-0.3233107626438141,-0.2909437119960785,0.8157771825790405,0.10415096580982208,-0.00022725544113200158,-0.02667342498898506,0.4060266315937042,-0.10361087322235107,-0.006034325808286667,0.02746370993554592,0.47314363718032837,0.11695590615272522,-0.011741571128368378,-0.09149309992790222,0.1517513543367386,-0.11232227087020874,0.04758987948298454,-0.06816736608743668,0.1629389077425003,0.11365807801485062,0.28196215629577637,0.14578743278980255,0.027831001207232475,-0.0874188020825386,0.42364564538002014,0.15516023337841034,0.05471622198820114,0.11393281817436218,0.30107200145721436,0.16277772188186646,0.014153948053717613,-0.07822573930025101,0.4454021453857422,0.17914539575576782,0.031069666147232056,0.1208837702870369,0.28414028882980347,-0.024728072807192802,0.02842629700899124,-0.11545074731111526,0.46540284156799316,0.0038999179378151894,0.049068279564380646,21,0.7,0.4789208173751831,0.9612901210784912,-1.204451507419435e-07,,0.45583218336105347,0.9342740178108215,-0.005045643541961908,,0.4391331076622009,0.8972658514976501,-0.00984493363648653,,0.4262957274913788,0.8788379430770874,-0.01626458391547203,,0.4133109450340271,0.8673622608184814,-0.022545618936419487,,0.45759281516075134,0.8351680636405945,-0.006082584615796804,,0.4500008821487427,0.7876523733139038,-0.016726041212677956,,0.44175997376441956,0.760169267654419,-0.023667562752962112,,0.43509212136268616,0.7366976737976074,-0.028584904968738556,,0.46980372071266174,0.8424726724624634,-0.011557379737496376,,0.4473653733730316,0.8170996904373169,-0.028194569051265717,,0.4303100109100342,0.8480104804039001,-0.03245418891310692,,0.42557552456855774,0.8714917898178101,-0.031561028212308884,,0.48048797249794006,0.8613191843032837,-0.018155323341488838,,0.4604600965976715,0.8455380201339722,-0.033594392240047455,,0.44841092824935913,0.8748043179512024,-0.030780714005231857,,0.4480254352092743,0.8930807113647461,-0.024672267958521843,,0.48995330929756165,0.8877075910568237,-0.025516653433442116,,0.47825708985328674,0.8748853206634521,-0.03469567000865936,,0.4665635824203491,0.8887488842010498,-0.031423795968294144,,0.4644659459590912,0.9014864563941956,-0.026347722858190536,,0.4737369120121002,0.6562919616699219,-1.0433624453298762e-07,,0.4891040325164795,0.6539980173110962,-0.01236687507480383,,0.49990156292915344,0.6411933898925781,-0.019549468532204628,,0.488424152135849,0.6280860900878906,-0.0248518418520689,,0.4743138253688812,0.6210900545120239,-0.029077796265482903,,0.49257829785346985,0.5752831697463989,-0.014707295224070549,,0.4891931712627411,0.5867797136306763,-0.026501065120100975,,0.4811617434024811,0.6076447367668152,-0.034095652401447296,,0.4749711751937866,0.6209288835525513,-0.03813214227557182,,0.4759427309036255,0.5668723583221436,-0.013661954551935196,,0.46642014384269714,0.5901203155517578,-0.022441497072577477,,0.4625970721244812,0.6101956367492676,-0.02605235017836094,,0.4604087471961975,0.6161187887191772,-0.027513179928064346,,0.4612528085708618,0.5723698139190674,-0.013887785375118256,,0.4540225863456726,0.607463538646698,-0.021387428045272827,,0.45815402269363403,0.6254564523696899,-0.020593861117959023,,0.4623182415962219,0.6255025267601013,-0.019053060561418533,,0.4490257501602173,0.5854941606521606,-0.015380491502583027,,0.4453270137310028,0.6115152835845947,-0.020436327904462814,,0.4505222737789154,0.6270380020141602,-0.01819470152258873,,0.45528700947761536,0.6269310712814331,-0.015138375572860241,
-0.030830029398202896,-0.5717370510101318,-0.25345784425735474,0.9987231492996216,-0.010944969952106476,-0.612040102481842,-0.2543291747570038,0.9976597428321838,-0.011513188481330872,-0.6117469668388367,-0.25642064213752747,0.997692346572876,-0.011128617450594902,-0.6117752194404602,-0.25411736965179443,0.9976794123649597,-0.0441746711730957,-0.6143856644630432,-0.24448847770690918,0.9977870583534241,-0.04216879978775978,-0.6149677634239197,-0.24486781656742096,0.9979117512702942,-0.042981430888175964,-0.6140158772468567,-0.24077259004116058,0.9979369044303894,0.09042799472808838,-0.6157745122909546,-0.1838942915201187,0.9982771873474121,-0.04585573449730873,-0.6218195557594299,-0.12283430248498917,0.9976701140403748,0.0046263569965958595,-0.5501283407211304,-0.23415715992450714,0.9992757439613342,-0.03551608696579933,-0.5502179861068726,-0.2152205854654312,0.9992578029632568,0.19544239342212677,-0.4267670214176178,-0.1413143128156662,0.9989495277404785,-0.11101076751947403,-0.456136554479599,-0.020420709624886513,0.9993062615394592,0.12779641151428223,-0.177834153175354,-0.1549261510372162,0.9644110202789307,-0.2400463968515396,-0.2453608214855194,-0.07894880324602127,0.9065675735473633,-0.0923672467470169,-0.10722631961107254,-0.21175150573253632,0.8802241683006287,-0.1736864298582077,-0.28681114315986633,-0.29251524806022644,0.8607107996940613,-0.1623229682445526,-0.08292379975318909,-0.24180878698825836,0.8465078473091125,-0.15239262580871582,-0.29993951320648193,-0.34197521209716797,0.8339819312095642,-0.17831486463546753,-0.12269143760204315,-0.24888618290424347,0.8559278845787048,-0.13156327605247498,-0.3502129018306732,-0.32725271582603455,0.8388240337371826,-0.11946341395378113,-0.12071923911571503,-0.21496467292308807,0.8425970673561096,-0.15220418572425842,-0.30464038252830505,-0.2934621572494507,0.8280982375144958,0.10416219383478165,-0.0004217536188662052,-0.02521616406738758,0.39169251918792725,-0.10358894616365433,-0.0059699988923966885,0.026270532980561256,0.46124812960624695,0.11936992406845093,-0.023174190893769264,-0.09489700198173523,0.1539164036512375,-0.10966853052377701,0.04279060289263725,-0.08231237530708313,0.16562294960021973,0.1155514121055603,0.274058073759079,0.1423470377922058,0.028309810906648636,-0.08749081194400787,0.4228963851928711,0.1310400813817978,0.05577988177537918,0.11595485359430313,0.29376140236854553,0.15981966257095337,0.014390920288860798,-0.07826763391494751,0.44397369027137756,0.1545868217945099,0.031158016994595528,0.1336902230978012,0.2735837996006012,-0.031679823994636536,0.029136771336197853,-0.1112021878361702,0.4614928066730499,-0.025859370827674866,0.04990866780281067,22,0.734,0.4786463975906372,0.9673082828521729,-1.1008391709310672e-07,,0.4556403160095215,0.9399377703666687,-0.005349644459784031,,0.4387263059616089,0.9038376808166504,-0.010577059350907803,,0.42550966143608093,0.8862138390541077,-0.017331067472696304,,0.4122301936149597,0.8772098422050476,-0.024040600284934044,,0.45714330673217773,0.8412089347839355,-0.006590916775166988,,0.4494267404079437,0.794593870639801,-0.01761271432042122,,0.44167909026145935,0.7669571042060852,-0.024691937491297722,,0.435176819562912,0.7437390089035034,-0.02964838407933712,,0.470021516084671,0.8484551310539246,-0.012067602016031742,,0.446208119392395,0.8248369693756104,-0.029306011274456978,,0.42960602045059204,0.8576145172119141,-0.033527571707963943,,0.42537903785705566,0.8814908266067505,-0.032389380037784576,,0.4811050295829773,0.8676584362983704,-0.0187314935028553,,0.46011635661125183,0.8546605110168457,-0.034727588295936584,,0.44735535979270935,0.8836685419082642,-0.03207288309931755,,0.4463639259338379,0.9011322259902954,-0.025913361459970474,,0.4904288947582245,0.894374430179596,-0.02613759972155094,,0.4770839810371399,0.8850866556167603,-0.035587988793849945,,0.465297669172287,0.8993749618530273,-0.03241060674190521,,0.46345028281211853,0.9112741947174072,-0.027339329943060875,,0.4707314968109131,0.6698243021965027,-1.0750313350627039e-07,,0.4862939715385437,0.6693284511566162,-0.014006171375513077,,0.498264878988266,0.6553937792778015,-0.02153313159942627,,0.4911114275455475,0.6397652626037598,-0.027356786653399467,,0.47773581743240356,0.6303739547729492,-0.032345715910196304,,0.4919280707836151,0.5920161604881287,-0.014011681079864502,,0.48865917325019836,0.5941763520240784,-0.028072291985154152,,0.4796648323535919,0.6147785782814026,-0.03737922012805939,,0.47325554490089417,0.6311741471290588,-0.041946396231651306,,0.4755166471004486,0.5849838256835938,-0.01245398260653019,,0.4670116901397705,0.5884305238723755,-0.025053733959794044,,0.4583736062049866,0.6104258298873901,-0.030070489272475243,,0.45391494035720825,0.6246452927589417,-0.030936473980545998,,0.4609867334365845,0.5894035696983337,-0.01268945075571537,,0.4528486430644989,0.6063008308410645,-0.0234448853880167,,0.45244717597961426,0.6270638704299927,-0.02316231280565262,,0.45494338870048523,0.6345407366752625,-0.02056989073753357,,0.4493001401424408,0.6022071838378906,-0.014268241822719574,,0.44241946935653687,0.6169138550758362,-0.021521173417568207,,0.445693701505661,0.6334357261657715,-0.02003924734890461,,0.45135635137557983,0.6382448673248291,-0.016822094097733498,
-0.02559482865035534,-0.5689268708229065,-0.26305660605430603,0.9987331032752991,-0.006932641379535198,-0.6093554496765137,-0.26287898421287537,0.9976948499679565,-0.007540488615632057,-0.6090605854988098,-0.2650667428970337,0.9977269768714905,-0.007100957911461592,-0.6090821027755737,-0.262747198343277,0.9977201819419861,-0.04101590812206268,-0.611670970916748,-0.25358885526657104,0.9978001117706299,-0.03903033956885338,-0.6122492551803589,-0.2538936138153076,0.9979145526885986,-0.03981020301580429,-0.6112964749336243,-0.2497856765985489,0.9979436993598938,0.09535802900791168,-0.6134260892868042,-0.18866495788097382,0.9983227849006653,-0.0447038933634758,-0.6192839741706848,-0.12951871752738953,0.9976919293403625,0.010640744119882584,-0.5473585724830627,-0.24227666854858398,0.9992983341217041,-0.030685793608427048,-0.5474683046340942,-0.22393497824668884,0.9992755651473999,0.20142491161823273,-0.42434588074684143,-0.14226453006267548,0.998992919921875,-0.11092257499694824,-0.4543297588825226,-0.02846045233309269,0.9993495345115662,0.13277003169059753,-0.17222380638122559,-0.15489062666893005,0.9670925736427307,-0.23975278437137604,-0.24173735082149506,-0.07967174798250198,0.9135013222694397,-0.081660695374012,-0.09742829203605652,-0.22251349687576294,0.8901305794715881,-0.1739455759525299,-0.27521657943725586,-0.2964531481266022,0.8729044198989868,-0.15037581324577332,-0.0725887343287468,-0.2542695701122284,0.8558019995689392,-0.15334443747997284,-0.2856517434120178,-0.3462287187576294,0.8461396098136902,-0.16684232652187347,-0.11109261959791183,-0.26265087723731995,0.8643690347671509,-0.13252395391464233,-0.3345239758491516,-0.33341044187545776,0.8504695892333984,-0.10895958542823792,-0.10999118536710739,-0.22664107382297516,0.8510485887527466,-0.15285137295722961,-0.29131022095680237,-0.2982180118560791,0.8396406769752502,0.10455162823200226,-0.00038239569403231144,-0.023539217188954353,0.38229474425315857,-0.10373138636350632,-0.006028937175869942,0.02478075586259365,0.4539816379547119,0.12077223509550095,-0.02867874875664711,-0.10458457469940186,0.15330451726913452,-0.10951048135757446,0.02715049497783184,-0.097753144800663,0.1654563546180725,0.11562228202819824,0.27299416065216064,0.13725237548351288,0.02839450165629387,-0.08831906318664551,0.42174482345581055,0.11808987706899643,0.0557810515165329,0.11603883653879166,0.2930408716201782,0.1551932394504547,0.014623568393290043,-0.07879123091697693,0.4424891769886017,0.1425788700580597,0.03108607418835163,0.1360258311033249,0.26978597044944763,-0.041814398020505905,0.029355844482779503,-0.10602249950170517,0.45654481649398804,-0.04210963472723961,0.04978300258517265,23,0.767,0.47810548543930054,0.9705680012702942,-1.0381581461160749e-07,,0.4553256034851074,0.9438794255256653,-0.005452820099890232,,0.43859243392944336,0.9088025093078613,-0.010756587609648705,,0.4254557192325592,0.8924323320388794,-0.017492521554231644,,0.4124707877635956,0.8831669688224792,-0.02412460371851921,,0.456585556268692,0.8460834622383118,-0.007184543646872044,,0.4495540261268616,0.798919677734375,-0.018203312531113625,,0.4421464204788208,0.7719252109527588,-0.025035137310624123,,0.43576332926750183,0.7494564056396484,-0.02974902093410492,,0.46994712948799133,0.8535441756248474,-0.01252316776663065,,0.44619232416152954,0.8300745487213135,-0.029932493343949318,,0.4294080138206482,0.8628587126731873,-0.03409917652606964,,0.42473340034484863,0.8869927525520325,-0.032779987901449203,,0.4813312590122223,0.8730983734130859,-0.019033102318644524,,0.46104496717453003,0.8616487979888916,-0.03502808138728142,,0.44771629571914673,0.8888410925865173,-0.03261123225092888,,0.4454646408557892,0.9043684601783752,-0.02661123313009739,,0.49083948135375977,0.9001708030700684,-0.026237763464450836,,0.4782441258430481,0.8933519124984741,-0.03555488958954811,,0.46687811613082886,0.9059883952140808,-0.032533932477235794,,0.46459510922431946,0.9153000712394714,-0.027601351961493492,,0.4705352783203125,0.6800487041473389,-9.57541459456479e-08,,0.4857425093650818,0.6762574911117554,-0.012114550918340683,,0.49811840057373047,0.6624209880828857,-0.01946306601166725,,0.4892125129699707,0.647517204284668,-0.02546662837266922,,0.4744054973125458,0.6397306323051453,-0.030326057225465775,,0.4905273914337158,0.5989872813224792,-0.013277466408908367,,0.48961469531059265,0.5981990098953247,-0.027528339996933937,,0.4813362956047058,0.6176958680152893,-0.036807067692279816,,0.474721759557724,0.6336654424667358,-0.04152253642678261,,0.4735090732574463,0.5902238488197327,-0.012850589118897915,,0.46639907360076904,0.6018145084381104,-0.025594651699066162,,0.45863914489746094,0.6220850944519043,-0.030800992622971535,,0.45410940051078796,0.6316323280334473,-0.032057177275419235,,0.458785742521286,0.5941441059112549,-0.014012699015438557,,0.45432350039482117,0.6277210712432861,-0.024132493883371353,,0.45845258235931396,0.6477221250534058,-0.0231353547424078,,0.4637542963027954,0.6507945656776428,-0.02041836455464363,,0.44683364033699036,0.6063465476036072,-0.016596369445323944,,0.4441659450531006,0.6320861577987671,-0.02295604906976223,,0.4499252140522003,0.6478719711303711,-0.020980969071388245,,0.45652279257774353,0.6482139825820923,-0.01762198843061924,
-0.02326580323278904,-0.568391740322113,-0.2637886703014374,0.99876469373703,-0.005063381977379322,-0.6088786125183105,-0.2632765769958496,0.99776291847229,-0.005689589306712151,-0.6085793972015381,-0.26546287536621094,0.9977942705154419,-0.005239116959273815,-0.6085919737815857,-0.26314249634742737,0.9977922439575195,-0.03955012187361717,-0.6112993359565735,-0.2541746199131012,0.9978517293930054,-0.03757742792367935,-0.6118664741516113,-0.25448569655418396,0.9979569911956787,-0.038351092487573624,-0.6109086275100708,-0.25037142634391785,0.9979902505874634,0.09728860855102539,-0.6130706667900085,-0.18844330310821533,0.9983919858932495,-0.0444241426885128,-0.6192607283592224,-0.13006740808486938,0.9977626800537109,0.0130212577059865,-0.5467885732650757,-0.24271239340305328,0.9993331432342529,-0.028789658099412918,-0.5470742583274841,-0.22465844452381134,0.9993081092834473,0.20411638915538788,-0.4229790270328522,-0.14176248013973236,0.9990512132644653,-0.1110040619969368,-0.4543772339820862,-0.0301534291356802,0.9993970394134521,0.13337624073028564,-0.16730158030986786,-0.14885051548480988,0.9696603417396545,-0.23915830254554749,-0.24131475389003754,-0.080194391310215,0.9203404188156128,-0.07953551411628723,-0.09507470577955246,-0.22201672196388245,0.8995329737663269,-0.1733148992061615,-0.2756538689136505,-0.30148860812187195,0.8844431042671204,-0.14859327673912048,-0.07053849846124649,-0.25366148352622986,0.8651713728904724,-0.15318211913108826,-0.2860991954803467,-0.3520970940589905,0.8582440614700317,-0.16416780650615692,-0.10969442874193192,-0.2614654302597046,0.8729369044303894,-0.1318480670452118,-0.3342418968677521,-0.34017831087112427,0.8620843887329102,-0.10667238384485245,-0.10816336423158646,-0.2259453982114792,0.8599322438240051,-0.1522732675075531,-0.29151058197021484,-0.30370375514030457,0.8514910340309143,0.10545340180397034,-0.000272376521024853,-0.022298559546470642,0.3824869692325592,-0.10429175198078156,-0.006113766692578793,0.023622408509254456,0.4558999240398407,0.12758195400238037,-0.024591226130723953,-0.1027190238237381,0.1562652885913849,-0.1074238270521164,0.02805621549487114,-0.09417451918125153,0.16738292574882507,0.12574148178100586,0.2765708565711975,0.14116665720939636,0.029352296143770218,-0.08005388081073761,0.4227120280265808,0.1258750855922699,0.05646352097392082,0.12691916525363922,0.2970672845840454,0.15921956300735474,0.015004144050180912,-0.06857439875602722,0.44314610958099365,0.14957056939601898,0.03104645386338234,0.15044622123241425,0.27315232157707214,-0.035573553293943405,0.030177006497979164,-0.08407783508300781,0.4578053057193756,-0.02893821708858013,0.050029002130031586,24,0.8,0.4787941873073578,0.973248302936554,-1.0079168788479365e-07,,0.4556603729724884,0.9466485977172852,-0.0050696199759840965,,0.4386296272277832,0.9118391871452332,-0.010344935581088066,,0.42544910311698914,0.8962683081626892,-0.01709020510315895,,0.41276365518569946,0.8864505887031555,-0.02377256751060486,,0.4570810794830322,0.8492163419723511,-0.007531479932367802,,0.45005473494529724,0.8022928237915039,-0.018541526049375534,,0.4427203834056854,0.7753124833106995,-0.02545967325568199,,0.43652406334877014,0.7527289390563965,-0.030265195295214653,,0.47022178769111633,0.8572641611099243,-0.013097641989588737,,0.4466741979122162,0.8345211744308472,-0.030347317457199097,,0.4295943081378937,0.8664839267730713,-0.03461113199591637,,0.42487412691116333,0.8896052241325378,-0.03352336958050728,,0.48148444294929504,0.8773497939109802,-0.01974446512758732,,0.4616307318210602,0.8657758235931396,-0.03556610643863678,,0.44781771302223206,0.8920340538024902,-0.03323962166905403,,0.4453165531158447,0.9065250158309937,-0.027475951239466667,,0.49106064438819885,0.9049691557884216,-0.027027783915400505,,0.4790540933609009,0.8975064158439636,-0.03622023016214371,,0.46766209602355957,0.909967303276062,-0.0330742672085762,,0.4654722809791565,0.919246256351471,-0.028131678700447083,,0.4719600975513458,0.6790763139724731,-8.092358427802537e-08,,0.48737770318984985,0.6774401664733887,-0.01311972551047802,,0.4985353648662567,0.6677156090736389,-0.021468311548233032,,0.4857976734638214,0.6574375629425049,-0.027932709082961082,,0.46889176964759827,0.6503465175628662,-0.033356908708810806,,0.4912649989128113,0.6001908183097839,-0.016262397170066833,,0.4898744523525238,0.6100584864616394,-0.030423330143094063,,0.48252731561660767,0.6277299523353577,-0.040384791791439056,,0.4757835566997528,0.6417564749717712,-0.04586632922291756,,0.4735005795955658,0.5891398191452026,-0.01509056519716978,,0.4649823009967804,0.6159066557884216,-0.026874857023358345,,0.4574423134326935,0.633516788482666,-0.03266504034399986,,0.45239490270614624,0.6393101811408997,-0.03511388227343559,,0.4582973122596741,0.5936344265937805,-0.015211518853902817,,0.45432719588279724,0.6367432475090027,-0.02430807799100876,,0.46029266715049744,0.6543934345245361,-0.023356687277555466,,0.46616530418395996,0.6549382209777832,-0.02127891592681408,,0.4461282193660736,0.606825053691864,-0.016828574240207672,,0.44418731331825256,0.6377289295196533,-0.023212939500808716,,0.4510212242603302,0.65236496925354,-0.02122756466269493,,0.45790863037109375,0.6515269875526428,-0.01792328432202339,
-0.020974071696400642,-0.5680755376815796,-0.2699754238128662,0.9987810850143433,-0.0032461583614349365,-0.6085783839225769,-0.26924699544906616,0.997805655002594,-0.0038897946942597628,-0.6082798838615417,-0.271506667137146,0.9978359341621399,-0.003414168953895569,-0.6082907915115356,-0.26918357610702515,0.9978389739990234,-0.038036685436964035,-0.6110629439353943,-0.26015704870224,0.9978776574134827,-0.03607671707868576,-0.6116383671760559,-0.2603883147239685,0.9979754090309143,-0.03683163970708847,-0.610680878162384,-0.25626814365386963,0.9980139136314392,0.09981813281774521,-0.6125677227973938,-0.19328565895557404,0.998438835144043,-0.043424297124147415,-0.6190052032470703,-0.13562074303627014,0.9978006482124329,0.015638239681720734,-0.5463395118713379,-0.24864113330841064,0.9993603229522705,-0.02649465575814247,-0.5467175245285034,-0.23071229457855225,0.9993318915367126,0.20765464007854462,-0.4215955436229706,-0.1438845694065094,0.999098539352417,-0.1106121838092804,-0.4542354643344879,-0.036719199270009995,0.9994364976882935,0.13786138594150543,-0.166510671377182,-0.14890851080417633,0.9718378782272339,-0.23868821561336517,-0.24034638702869415,-0.08238507807254791,0.9259405136108398,-0.07380852103233337,-0.0946950912475586,-0.22595342993736267,0.907588005065918,-0.17249539494514465,-0.27412542700767517,-0.3068406283855438,0.8944762945175171,-0.1434008628129959,-0.06979138404130936,-0.25695809721946716,0.8729990720748901,-0.15242484211921692,-0.2834721505641937,-0.35714349150657654,0.8686451315879822,-0.15888230502605438,-0.10883934050798416,-0.26624614000320435,0.8800813555717468,-0.13075150549411774,-0.33105742931365967,-0.3462907075881958,0.8720746636390686,-0.10125254839658737,-0.10766954720020294,-0.23035220801830292,0.8670841455459595,-0.15145182609558105,-0.28948312997817993,-0.30933433771133423,0.8613983988761902,0.10591234266757965,-7.976806227816269e-05,-0.021252788603305817,0.3782914876937866,-0.10452333837747574,-0.006338523700833321,0.022709954530000687,0.4524165093898773,0.12880803644657135,-0.022883964702486992,-0.10130606591701508,0.16395659744739532,-0.10605146735906601,0.02761727198958397,-0.0927569791674614,0.17448607087135315,0.12616558372974396,0.28031888604164124,0.14437344670295715,0.03122081607580185,-0.0784073919057846,0.42275017499923706,0.1319936215877533,0.0589936226606369,0.12721486389636993,0.3013840913772583,0.16290830075740814,0.01576180011034012,-0.06666669249534607,0.4430675208568573,0.1562885195016861,0.031644683331251144,0.1520386040210724,0.27555492520332336,-0.03185616806149483,0.03191422298550606,-0.07971525937318802,0.4573480486869812,-0.022864267230033875,0.05180194973945618,25,0.834,0.4787743389606476,0.9736676216125488,-9.346155849243587e-08,,0.45515957474708557,0.9469148516654968,-0.004830585792660713,,0.43773820996284485,0.9123134016990662,-0.00996024627238512,,0.4245069921016693,0.896176278591156,-0.016545388847589493,,0.41206952929496765,0.889109194278717,-0.023147067055106163,,0.45688149333000183,0.8497111201286316,-0.0074430545791983604,,0.4502648413181305,0.8036981225013733,-0.017917366698384285,,0.44311007857322693,0.7768746018409729,-0.024536604061722755,,0.43692928552627563,0.7544147968292236,-0.02927274815738201,,0.4704488515853882,0.8577271103858948,-0.012964006513357162,,0.4465363025665283,0.8370452523231506,-0.029785392805933952,,0.4291616976261139,0.8676208257675171,-0.03400520235300064,,0.4239311218261719,0.8910362720489502,-0.03305228427052498,,0.4817010462284088,0.8781934976577759,-0.019499771296977997,,0.46083298325538635,0.8694437742233276,-0.03483465313911438,,0.44685599207878113,0.893875002861023,-0.032955002039670944,,0.4439297616481781,0.9081336259841919,-0.027695465832948685,,0.4910036623477936,0.9060359001159668,-0.02664477936923504,,0.47802871465682983,0.900863528251648,-0.03557126224040985,,0.4665223956108093,0.9125523567199707,-0.03287522867321968,,0.4639585316181183,0.9214808940887451,-0.02840319089591503,,0.4723888337612152,0.6792783737182617,-8.36603746279252e-08,,0.4880351722240448,0.6784287095069885,-0.013998881913721561,,0.49939993023872375,0.66899573802948,-0.02274828404188156,,0.4872679114341736,0.6597738265991211,-0.029333757236599922,,0.47089430689811707,0.6535980105400085,-0.03476470336318016,,0.4919862151145935,0.6005144715309143,-0.018031831830739975,,0.4906434118747711,0.6131773591041565,-0.03235619515180588,,0.483209490776062,0.6329725384712219,-0.04198654741048813,,0.4761512279510498,0.6469032764434814,-0.047264158725738525,,0.4740571677684784,0.5906912684440613,-0.01656126230955124,,0.4651634097099304,0.6189924478530884,-0.027823811396956444,,0.4587157070636749,0.6360111832618713,-0.03289404511451721,,0.4545091390609741,0.6395657658576965,-0.035236503928899765,,0.45885518193244934,0.5964549779891968,-0.016436953097581863,,0.4541887640953064,0.6402426362037659,-0.02520829439163208,,0.4604458212852478,0.6559122800827026,-0.02366882562637329,,0.4660208821296692,0.6542368531227112,-0.02154056541621685,,0.4467468857765198,0.610465407371521,-0.017892947420477867,,0.44440343976020813,0.6413388848304749,-0.02407681941986084,,0.4512953758239746,0.6547334790229797,-0.0217338427901268,,0.45796769857406616,0.6525066494941711,-0.018380679190158844,
-0.01999748684465885,-0.567771852016449,-0.26927441358566284,0.9988027215003967,-0.002272565383464098,-0.6082615852355957,-0.26853275299072266,0.9978534579277039,-0.0029226953629404306,-0.6079621315002441,-0.2707649767398834,0.9978833794593811,-0.0024474048987030983,-0.6079737544059753,-0.2684483826160431,0.9978898167610168,-0.03700491040945053,-0.6108675003051758,-0.259448379278183,0.9979111552238464,-0.03504905477166176,-0.6114413142204285,-0.2597067356109619,0.9980034232139587,-0.035801902413368225,-0.6104826927185059,-0.25559201836586,0.9980449080467224,0.10113286972045898,-0.6123433113098145,-0.19293920695781708,0.9984905123710632,-0.04194626957178116,-0.6191518306732178,-0.1351185441017151,0.9978457689285278,0.016671529039740562,-0.5460876226425171,-0.24802829325199127,0.999387264251709,-0.025273863226175308,-0.5466213226318359,-0.2301006019115448,0.9993558526039124,0.20949074625968933,-0.4210469126701355,-0.1438794583082199,0.999146044254303,-0.1095912903547287,-0.45427849888801575,-0.03638294339179993,0.9994736909866333,0.13910061120986938,-0.1652982532978058,-0.14795610308647156,0.9739294648170471,-0.23577480018138885,-0.23986037075519562,-0.08161671459674835,0.9310510754585266,-0.06870594620704651,-0.09320136904716492,-0.22529354691505432,0.9151623845100403,-0.17240914702415466,-0.27053767442703247,-0.30587124824523926,0.9036417007446289,-0.13691741228103638,-0.06734627485275269,-0.25648075342178345,0.8806162476539612,-0.15282687544822693,-0.2774926424026489,-0.35602131485939026,0.8781623840332031,-0.15149427950382233,-0.10597112774848938,-0.26518648862838745,0.8870927691459656,-0.13157564401626587,-0.32309526205062866,-0.3450281620025635,0.8812310695648193,-0.0956496074795723,-0.10596062988042831,-0.22955170273780823,0.8742958903312683,-0.1516643464565277,-0.28477758169174194,-0.30833303928375244,0.8706405758857727,0.10630466043949127,0.0002594914403744042,-0.021162541583180428,0.3776912987232208,-0.10477010160684586,-0.0066904341802001,0.022637996822595596,0.4512840211391449,0.12856744229793549,-0.012869937345385551,-0.10028915107250214,0.1706470251083374,-0.1058642640709877,0.02874227613210678,-0.09130603075027466,0.17889979481697083,0.12594571709632874,0.29141002893447876,0.14592315256595612,0.03285877779126167,-0.07715912163257599,0.4228072166442871,0.13520048558712006,0.06038999557495117,0.12689949572086334,0.31202709674835205,0.1643519252538681,0.016218112781643867,-0.06526351720094681,0.4431273341178894,0.15950405597686768,0.03180063143372536,0.15054890513420105,0.28399550914764404,-0.03334881737828255,0.03335006535053253,-0.07975282520055771,0.45801475644111633,-0.019053619354963303,0.05275680124759674,26,0.867,0.4740462303161621,0.9669320583343506,1.0164973929249754e-07,,0.45212361216545105,0.9463844299316406,-0.005395074840635061,,0.4373628497123718,0.9141622185707092,-0.010842690244317055,,0.4259929656982422,0.8980469703674316,-0.016275901347398758,,0.41262853145599365,0.8918153047561646,-0.022036511451005936,,0.4514295756816864,0.8594774603843689,-0.014758250676095486,,0.45149844884872437,0.8093023896217346,-0.026094255968928337,,0.44456472992897034,0.7789354920387268,-0.03364939242601395,,0.4388379156589508,0.7555155158042908,-0.039070241153240204,,0.46409761905670166,0.8664371371269226,-0.019666826352477074,,0.4504604637622833,0.8371918797492981,-0.034526173025369644,,0.433266282081604,0.8624365329742432,-0.03959960117936134,,0.42440882325172424,0.8854758739471436,-0.040722087025642395,,0.4761093854904175,0.8866414427757263,-0.024914445355534554,,0.4663230776786804,0.8641399145126343,-0.03997229412198067,,0.44963517785072327,0.8862752914428711,-0.04188741743564606,,0.4406338632106781,0.9037995338439941,-0.039932552725076675,,0.48690903186798096,0.9139904379844666,-0.03028089366853237,,0.4820246696472168,0.8954963088035583,-0.043021079152822495,,0.46974432468414307,0.9087659120559692,-0.04482198879122734,,0.4616921544075012,0.922916829586029,-0.04349750280380249,,0.47139015793800354,0.6809425950050354,-9.065515627071363e-08,,0.48751917481422424,0.6810555458068848,-0.014728234149515629,,0.49960917234420776,0.6728405356407166,-0.024072691798210144,,0.490255206823349,0.6622768640518188,-0.03120151348412037,,0.4755634367465973,0.6550517678260803,-0.03713977336883545,,0.4929509162902832,0.6027146577835083,-0.019392263144254684,,0.49049338698387146,0.6160984635353088,-0.03434902802109718,,0.4828338325023651,0.6362496018409729,-0.04427711293101311,,0.47576847672462463,0.6506563425064087,-0.04964079707860947,,0.47543662786483765,0.592970609664917,-0.017852921038866043,,0.4664909541606903,0.6184995770454407,-0.029976405203342438,,0.45924264192581177,0.637316882610321,-0.03493209928274155,,0.45456328988075256,0.64422208070755,-0.036950260400772095,,0.4601440131664276,0.5981254577636719,-0.017743444070219994,,0.4539199769496918,0.637909471988678,-0.02683744952082634,,0.4580029547214508,0.6543693542480469,-0.02500917576253414,,0.4623512923717499,0.6543734669685364,-0.022642772644758224,,0.44745510816574097,0.6121562719345093,-0.019326621666550636,,0.44364020228385925,0.641443133354187,-0.02570587582886219,,0.44954535365104675,0.6543093919754028,-0.02347390353679657,,0.4558778405189514,0.6518015265464783,-0.020238611847162247,
-0.020281773060560226,-0.56767737865448,-0.2688829004764557,0.9987298846244812,-0.0023638608399778605,-0.6079851984977722,-0.26839420199394226,0.9977442026138306,-0.003014002228155732,-0.6077060699462891,-0.2706386148929596,0.9977707862854004,-0.002556140534579754,-0.6077266335487366,-0.2683540880680084,0.9977797269821167,-0.037133604288101196,-0.6105843782424927,-0.2590654194355011,0.9977948069572449,-0.035178110003471375,-0.6111981272697449,-0.2593039870262146,0.9978886842727661,-0.035937003791332245,-0.6102481484413147,-0.25519895553588867,0.9979403018951416,0.10084544867277145,-0.6118262410163879,-0.1937306970357895,0.9984407424926758,-0.04161902517080307,-0.6186458468437195,-0.13481992483139038,0.9977249503135681,0.01626015268266201,-0.5460297465324402,-0.24789679050445557,0.999360978603363,-0.02560291811823845,-0.5464931130409241,-0.2297625094652176,0.9993271827697754,0.2089642435312271,-0.42074859142303467,-0.14627963304519653,0.9991499185562134,-0.10924919694662094,-0.4534543454647064,-0.03616814315319061,0.9994926452636719,0.13934995234012604,-0.1662471443414688,-0.14868324995040894,0.974885106086731,-0.2349245399236679,-0.2370988130569458,-0.08032986521720886,0.9314537048339844,-0.07033640146255493,-0.09380459040403366,-0.22482043504714966,0.9191144108772278,-0.17248348891735077,-0.26688605546951294,-0.3051772117614746,0.9091959595680237,-0.13892708718776703,-0.06857126951217651,-0.25593101978302,0.8834766745567322,-0.15348637104034424,-0.2756723165512085,-0.3551831841468811,0.8835418224334717,-0.15567299723625183,-0.10746652632951736,-0.26454880833625793,0.8895595669746399,-0.13275675475597382,-0.321038156747818,-0.3441316485404968,0.8864073157310486,-0.09813234210014343,-0.10660146176815033,-0.2291857749223709,0.8753551244735718,-0.1519920378923416,-0.2810368835926056,-0.3076399266719818,0.8743740916252136,0.10548124462366104,0.00023721547040622681,-0.021195149049162865,0.372502863407135,-0.1039717048406601,-0.006710558198392391,0.02271629124879837,0.4483342170715332,0.11964881420135498,-0.004826572723686695,-0.09761840105056763,0.18882571160793304,-0.10149736702442169,0.04692484065890312,-0.0903053879737854,0.1978616714477539,0.1221606433391571,0.2947467565536499,0.14659175276756287,0.03617767617106438,-0.07718978822231293,0.4237917959690094,0.11848297715187073,0.06964173167943954,0.1231166273355484,0.3172574043273926,0.1651853621006012,0.017712289467453957,-0.06560030579566956,0.4440428912639618,0.1406048685312271,0.03541094809770584,0.14783814549446106,0.3012976050376892,-0.027045302093029022,0.03754495456814766,-0.0826033502817154,0.46015000343322754,-0.026607252657413483,0.06130198761820793,27,0.9,0.47226080298423767,0.9705565571784973,-6.436258104258741e-08,,0.4520104229450226,0.9455438852310181,-0.005499419290572405,,0.4358220398426056,0.9128198027610779,-0.011524043045938015,,0.42384839057922363,0.8979061841964722,-0.01868494786322117,,0.41270798444747925,0.8903045654296875,-0.02597520872950554,,0.4563046097755432,0.8528060913085938,-0.011117544025182724,,0.4512965679168701,0.8060444593429565,-0.022496497258543968,,0.44424763321876526,0.7777254581451416,-0.03002435714006424,,0.4375750422477722,0.7546764016151428,-0.03545854240655899,,0.4693073630332947,0.8628528118133545,-0.016702814027667046,,0.447680801153183,0.8371486663818359,-0.03386799618601799,,0.42988505959510803,0.8662323355674744,-0.038497935980558395,,0.42368531227111816,0.8896679878234863,-0.03809640184044838,,0.4801330268383026,0.8850340843200684,-0.023116441443562508,,0.46447134017944336,0.8654660582542419,-0.03959958627820015,,0.44834184646606445,0.8879803419113159,-0.03842399641871452,,0.44266173243522644,0.904854416847229,-0.033463723957538605,,0.4890243113040924,0.9143861532211304,-0.030015576630830765,,0.4821866452693939,0.8969914317131042,-0.04152350500226021,,0.468223512172699,0.9062230587005615,-0.040014803409576416,,0.4611717164516449,0.9174543619155884,-0.03600234538316727,,0.47080257534980774,0.6853165626525879,-9.158652858332061e-08,,0.4864339530467987,0.6847686171531677,-0.014011969789862633,,0.4980145990848541,0.677003026008606,-0.02317601814866066,,0.4887491464614868,0.6655794978141785,-0.030354425311088562,,0.47304195165634155,0.658248782157898,-0.036674223840236664,,0.4927217662334442,0.6067933440208435,-0.018475597724318504,,0.4906008839607239,0.6176290512084961,-0.03272797539830208,,0.48315852880477905,0.6368638873100281,-0.04236052930355072,,0.4760664105415344,0.6519936323165894,-0.04744202643632889,,0.4757637083530426,0.596871554851532,-0.01704459823668003,,0.466630220413208,0.6167451739311218,-0.028925515711307526,,0.4590076506137848,0.6373663544654846,-0.03381417691707611,,0.4540286958217621,0.649476945400238,-0.03558313101530075,,0.4606699049472809,0.6012747883796692,-0.01693691685795784,,0.4525415301322937,0.6328557133674622,-0.02584834210574627,,0.45429590344429016,0.651035487651825,-0.024468420073390007,,0.4573289453983307,0.6559865474700928,-0.022287681698799133,,0.4480612277984619,0.6145698428153992,-0.018377097323536873,,0.44276162981987,0.6400977969169617,-0.02471187151968479,,0.44725942611694336,0.6547172665596008,-0.02280961535871029,,0.4528788924217224,0.6563226580619812,-0.01977253146469593,
-0.020463727414608,-0.5668871402740479,-0.26785868406295776,0.9987075924873352,-0.0026382000651210546,-0.6073386669158936,-0.2678002119064331,0.9977229833602905,-0.0032912171445786953,-0.6070639491081238,-0.270068496465683,0.9977489709854126,-0.002825377508997917,-0.6070864796638489,-0.2677849531173706,0.997765302658081,-0.0373104102909565,-0.6099687218666077,-0.25811946392059326,0.9977579712867737,-0.03535614162683487,-0.6105883717536926,-0.2583109736442566,0.9978464841842651,-0.03611064702272415,-0.6096400618553162,-0.25421208143234253,0.9979065656661987,0.10061589628458023,-0.6115521192550659,-0.19345970451831818,0.9984400272369385,-0.041529372334480286,-0.6185778379440308,-0.13408954441547394,0.9976876974105835,0.01591874659061432,-0.5454604625701904,-0.24724295735359192,0.9993618726730347,-0.02585345134139061,-0.5459747910499573,-0.22872118651866913,0.9993199706077576,0.20876601338386536,-0.4205544590950012,-0.1463470309972763,0.9991707801818848,-0.10814186185598373,-0.4534151554107666,-0.03534771502017975,0.9995160102844238,0.13929900527000427,-0.1659838855266571,-0.14871521294116974,0.9762681126594543,-0.23289251327514648,-0.23610147833824158,-0.07890643924474716,0.9344190359115601,-0.07048466056585312,-0.09350498020648956,-0.22378508746623993,0.924412190914154,-0.17252518236637115,-0.26535093784332275,-0.30497872829437256,0.9159660339355469,-0.13908743858337402,-0.06831379234790802,-0.25361236929893494,0.8881415724754333,-0.15367865562438965,-0.273688405752182,-0.35489362478256226,0.8902395963668823,-0.15577661991119385,-0.10734173655509949,-0.26336944103240967,0.8937724232673645,-0.13324442505836487,-0.3186776638031006,-0.34356898069381714,0.8928317427635193,-0.09828408062458038,-0.10632810741662979,-0.22831419110298157,0.8792867660522461,-0.15224981307983398,-0.27928707003593445,-0.30731695890426636,0.8805571794509888,0.10541842132806778,0.00027528792270459235,-0.021324478089809418,0.3692837357521057,-0.10387464612722397,-0.006772079039365053,0.022875336930155754,0.44527101516723633,0.11820255219936371,-0.00392950652167201,-0.09743759036064148,0.19632218778133392,-0.10156728327274323,0.04670242965221405,-0.08961247652769089,0.20275083184242249,0.1190396174788475,0.29683786630630493,0.13757002353668213,0.0380941666662693,-0.0776539146900177,0.42373397946357727,0.12244036048650742,0.07143749296665192,0.11957985162734985,0.3192913234233856,0.1549830138683319,0.018365148454904556,-0.06625710427761078,0.4439086318016052,0.1455599069595337,0.03615037351846695,0.14154675602912903,0.30132949352264404,-0.03948277607560158,0.039507023990154266,-0.08440621942281723,0.4598958492279053,-0.024794280529022217,0.06299015879631042,28,0.934,0.4754772186279297,0.9680763483047485,1.1062872573575078e-07,,0.4519939422607422,0.9469473361968994,-0.004828826989978552,,0.4375016987323761,0.9130141735076904,-0.010021540336310863,,0.4272092878818512,0.8951142430305481,-0.015316134318709373,,0.4145362675189972,0.8881174325942993,-0.020849714055657387,,0.4516080915927887,0.8606671094894409,-0.01481110230088234,,0.45318350195884705,0.8098097443580627,-0.02661171928048134,,0.44642171263694763,0.7794980406761169,-0.0343906469643116,,0.440961092710495,0.7558077573776245,-0.039929911494255066,,0.46472230553627014,0.8679583072662354,-0.020260682329535484,,0.4528830349445343,0.835487961769104,-0.03601943328976631,,0.43495792150497437,0.8607085943222046,-0.04127208888530731,,0.42574095726013184,0.8838712573051453,-0.042386461049318314,,0.4767330586910248,0.8886796832084656,-0.026109546422958374,,0.46864941716194153,0.8631554841995239,-0.041756030172109604,,0.4510326087474823,0.8861377835273743,-0.04401781037449837,,0.4415185749530792,0.9039822220802307,-0.04221218451857567,,0.48711881041526794,0.9170842170715332,-0.03206643834710121,,0.48442351818084717,0.8954398036003113,-0.045556653290987015,,0.471868097782135,0.9074369072914124,-0.048260755836963654,,0.4636778235435486,0.920870840549469,-0.04757985100150108,,0.46970421075820923,0.6879591941833496,-9.269097489550404e-08,,0.48575833439826965,0.6876945495605469,-0.013807041570544243,,0.4974476397037506,0.681136965751648,-0.022997822612524033,,0.4881858825683594,0.6701182723045349,-0.030230022966861725,,0.4724538326263428,0.6631282567977905,-0.03671852871775627,,0.49228817224502563,0.6103543043136597,-0.01874474436044693,,0.48961883783340454,0.6236071586608887,-0.03301304951310158,,0.4816611409187317,0.6422010064125061,-0.04278024658560753,,0.47416844964027405,0.6560325026512146,-0.04806457459926605,,0.4751136004924774,0.600183367729187,-0.017541643232107162,,0.46552351117134094,0.621589720249176,-0.02943936549127102,,0.45733240246772766,0.6423130631446838,-0.0344073586165905,,0.4518411159515381,0.6543771624565125,-0.036294855177402496,,0.45983582735061646,0.6044962406158447,-0.01758124865591526,,0.4516837000846863,0.6375395655632019,-0.026587828993797302,,0.45362499356269836,0.6560528874397278,-0.025038741528987885,,0.4568430483341217,0.6611476540565491,-0.022745026275515556,,0.44720470905303955,0.6178227663040161,-0.019155852496623993,,0.44196563959121704,0.6437155604362488,-0.02552563138306141,,0.44653457403182983,0.6589066386222839,-0.023358704522252083,,0.4522477090358734,0.6611152291297913,-0.020132368430495262,
-0.021516764536499977,-0.5663301348686218,-0.2665138840675354,0.9987130165100098,-0.004111155401915312,-0.606940746307373,-0.2667563259601593,0.9977431893348694,-0.004758827388286591,-0.606671154499054,-0.2690218389034271,0.9977656006813049,-0.004288220778107643,-0.6066936254501343,-0.2667429447174072,0.9977846145629883,-0.03870322182774544,-0.609630286693573,-0.2568575143814087,0.9977732300758362,-0.03674114868044853,-0.6102493405342102,-0.25703635811805725,0.9978576302528381,-0.03749049827456474,-0.609302818775177,-0.25294825434684753,0.997922420501709,0.10006148368120193,-0.6115291118621826,-0.19304145872592926,0.9984595775604248,-0.04187370464205742,-0.6186802387237549,-0.13306133449077606,0.9977107048034668,0.015381439588963985,-0.5450988411903381,-0.24607491493225098,0.9993717074394226,-0.026279326528310776,-0.5456827878952026,-0.2273613065481186,0.9993277192115784,0.2085094004869461,-0.4205431342124939,-0.1462876796722412,0.9991905689239502,-0.10817106813192368,-0.45344793796539307,-0.03443349525332451,0.9995406866073608,0.1392727494239807,-0.1659913808107376,-0.14875183999538422,0.9776082634925842,-0.23237034678459167,-0.23581388592720032,-0.07869178801774979,0.9375912547111511,-0.07075828313827515,-0.09400840103626251,-0.22361858189105988,0.9295032024383545,-0.17259462177753448,-0.2640405297279358,-0.30468490719795227,0.9223166704177856,-0.13934321701526642,-0.06908147782087326,-0.2529781460762024,0.8928015232086182,-0.15406368672847748,-0.2715986669063568,-0.3546074330806732,0.8965957760810852,-0.15587390959262848,-0.1081964522600174,-0.26320353150367737,0.8979982137680054,-0.13345851004123688,-0.31605952978134155,-0.3437293469905853,0.8989213109016418,-0.09846044331789017,-0.10691103339195251,-0.22815418243408203,0.8833968043327332,-0.1524142473936081,-0.2777707576751709,-0.3071692883968353,0.8865545988082886,0.10539878904819489,0.0002902895794250071,-0.02133898250758648,0.3719579875469208,-0.10385500639677048,-0.0067901574075222015,0.022892208769917488,0.44900983572006226,0.11748980730772018,0.003980571404099464,-0.09661263227462769,0.20417000353336334,-0.10160908102989197,0.05294029787182808,-0.08895312994718552,0.20883455872535706,0.11758740991353989,0.3058887720108032,0.13583998382091522,0.040345389395952225,-0.07795733958482742,0.42754805088043213,0.12516222894191742,0.07396254688501358,0.11803384870290756,0.328459769487381,0.15254485607147217,0.019035521894693375,-0.06677170842885971,0.4478699564933777,0.14849114418029785,0.03690311685204506,0.13955360651016235,0.3107818365097046,-0.04065880551934242,0.04176846519112587,-0.0853537917137146,0.4647546708583832,-0.023216912522912025,0.0651901364326477,29,0.967,0.4709567129611969,0.9714800715446472,-5.8246907741477116e-08,,0.4509449303150177,0.9448142647743225,-0.004776793532073498,,0.43538784980773926,0.9121527671813965,-0.010418351739645004,,0.42408841848373413,0.8969163298606873,-0.017325647175312042,,0.4133005142211914,0.8874149918556213,-0.024420086294412613,,0.4570591151714325,0.8528110384941101,-0.010262870229780674,,0.45315706729888916,0.80576092004776,-0.021130641922354698,,0.4466186463832855,0.7776914238929749,-0.0282465610653162,,0.4400956332683563,0.7552819848060608,-0.033377159386873245,,0.4697713553905487,0.8631451725959778,-0.016052793711423874,,0.4489332139492035,0.8366506695747375,-0.03258511796593666,,0.430727481842041,0.8642728924751282,-0.03725419193506241,,0.42359963059425354,0.8875942230224609,-0.03698122873902321,,0.4805058538913727,0.8854768872261047,-0.02255597710609436,,0.4655299782752991,0.8662068843841553,-0.03849723935127258,,0.44911783933639526,0.8879887461662292,-0.037471476942300797,,0.4427405893802643,0.904740035533905,-0.032715294510126114,,0.4893183708190918,0.9149220585823059,-0.029463637620210648,,0.4827815294265747,0.8986263275146484,-0.04062272608280182,,0.4690169095993042,0.90790855884552,-0.039125461131334305,,0.46189045906066895,0.9189233183860779,-0.03514419123530388,,0.4697922468185425,0.6906736493110657,-8.83004105389773e-08,,0.4852786958217621,0.6909019947052002,-0.014201289974153042,,0.49685466289520264,0.6843191385269165,-0.02378816530108452,,0.48649922013282776,0.6724721193313599,-0.0314861498773098,,0.4697895646095276,0.6645745038986206,-0.038403138518333435,,0.4913289248943329,0.6154090166091919,-0.01918134093284607,,0.48955661058425903,0.6249123811721802,-0.03433329612016678,,0.48110678791999817,0.6440066695213318,-0.044472865760326385,,0.4733937084674835,0.6581907868385315,-0.04990461468696594,,0.4740205705165863,0.6051100492477417,-0.018066933378577232,,0.4652590751647949,0.62193763256073,-0.031499817967414856,,0.456296443939209,0.6434034705162048,-0.03694944828748703,,0.450431764125824,0.6560670733451843,-0.03867229074239731,,0.45874646306037903,0.6090130805969238,-0.018287984654307365,,0.45180001854896545,0.6405810713768005,-0.028705675154924393,,0.4543651342391968,0.6607441902160645,-0.02738933078944683,,0.4582720696926117,0.6663561463356018,-0.024720821529626846,,0.44619929790496826,0.6219449043273926,-0.020003899931907654,,0.44157615303993225,0.6473883986473083,-0.027028420940041542,,0.446406751871109,0.6622898578643799,-0.025080909952521324,,0.4525185227394104,0.6633374094963074,-0.0218377485871315,
-0.021658817306160927,-0.5655558109283447,-0.268180787563324,0.9987189173698425,-0.0042712208814918995,-0.6063567399978638,-0.2686222791671753,0.9977599382400513,-0.004916124511510134,-0.6060919761657715,-0.2708606421947479,0.9977773427963257,-0.004445970524102449,-0.6061149835586548,-0.2685979902744293,0.997799277305603,-0.038831356912851334,-0.6090595126152039,-0.25912392139434814,0.9977928996086121,-0.03686850517988205,-0.6096802353858948,-0.25931406021118164,0.9978758096694946,-0.037617988884449005,-0.6087379455566406,-0.25524330139160156,0.9979462027549744,0.09986261278390884,-0.6115641593933105,-0.19466303288936615,0.9984683394432068,-0.0420360304415226,-0.6187674403190613,-0.136607825756073,0.9977357387542725,0.015174114145338535,-0.544731616973877,-0.24739262461662292,0.9993783235549927,-0.026375889778137207,-0.545328676700592,-0.22922591865062714,0.9993345737457275,0.2083715796470642,-0.4206624925136566,-0.1464899480342865,0.9992058277130127,-0.10817749798297882,-0.4544020891189575,-0.03957352042198181,0.9995622634887695,0.13941451907157898,-0.16611981391906738,-0.14876770973205566,0.978551983833313,-0.2284313589334488,-0.23595274984836578,-0.08585739135742188,0.9402990341186523,-0.06789390742778778,-0.09204407781362534,-0.22378823161125183,0.9337068796157837,-0.17263861000537872,-0.26001596450805664,-0.3129933178424835,0.9278916716575623,-0.13416501879692078,-0.06629378348588943,-0.25318673253059387,0.8965672254562378,-0.1548144370317459,-0.2662413716316223,-0.3642214238643646,0.9022790193557739,-0.1501835435628891,-0.10489139705896378,-0.264447420835495,0.9014904499053955,-0.13408024609088898,-0.3086423873901367,-0.3554089069366455,0.9044105410575867,-0.0948096364736557,-0.10462624579668045,-0.22885721921920776,0.8867954015731812,-0.15259334444999695,-0.27264711260795593,-0.3163457214832306,0.8919322490692139,0.10542359948158264,0.0003757779486477375,-0.020639868453145027,0.3779185116291046,-0.10388510674238205,-0.006906227208673954,0.022216860204935074,0.45618921518325806,0.117301806807518,0.015618791803717613,-0.09054297208786011,0.21040479838848114,-0.10172589123249054,0.06770849227905273,-0.08719354122877121,0.21577708423137665,0.11640942841768265,0.3107653558254242,0.13763000071048737,0.04207036271691322,-0.08067402988672256,0.4346669018268585,0.12706096470355988,0.07681788504123688,0.11669108271598816,0.3328675329685211,0.15418627858161926,0.01971364952623844,-0.07008985430002213,0.4548480808734894,0.15066377818584442,0.037780772894620895,0.13940170407295227,0.3174990117549896,-0.03733891248703003,0.04383598268032074,-0.08631528913974762,0.47593677043914795,-0.02194875106215477,0.0679764673113823,30,1.001,0.47218191623687744,0.9689295887947083,1.3237200846560881e-07,,0.4499722123146057,0.9470646381378174,-0.006026668474078178,,0.43605318665504456,0.9126023054122925,-0.012040812522172928,,0.4247084856033325,0.8953395485877991,-0.017902711406350136,,0.41187813878059387,0.8895782232284546,-0.024056192487478256,,0.4506370425224304,0.8633937835693359,-0.016320955008268356,,0.4524848759174347,0.812484085559845,-0.02869873307645321,,0.4455181658267975,0.7815765142440796,-0.03693227097392082,,0.4398458003997803,0.7586995959281921,-0.042698606848716736,,0.46299228072166443,0.8716602325439453,-0.0213912483304739,,0.45387426018714905,0.8387033343315125,-0.03762677684426308,,0.4350251853466034,0.8614904880523682,-0.043317679315805435,,0.424752414226532,0.8836639523506165,-0.04490441083908081,,0.47444966435432434,0.892145037651062,-0.02692227251827717,,0.4688567519187927,0.8657534122467041,-0.042990732938051224,,0.4511617422103882,0.8868621587753296,-0.045271873474121094,,0.4412393569946289,0.9028563499450684,-0.04348025098443031,,0.4843849241733551,0.9199075698852539,-0.03263057768344879,,0.4809446930885315,0.9002106189727783,-0.04628242552280426,,0.46816951036453247,0.9121639728546143,-0.04863618686795235,,0.4603758454322815,0.9245202541351318,-0.04765915498137474,,0.46939578652381897,0.6941847801208496,-9.284748614390992e-08,,0.48462140560150146,0.6955358386039734,-0.013731605373322964,,0.496377557516098,0.6891743540763855,-0.023040326312184334,,0.48649728298187256,0.676812469959259,-0.03063928708434105,,0.4700789451599121,0.6671323776245117,-0.037480175495147705,,0.4913693368434906,0.6203795075416565,-0.018215937539935112,,0.4891364276409149,0.6271519660949707,-0.03277871012687683,,0.4809826910495758,0.645414412021637,-0.04270923137664795,,0.47395068407058716,0.6600054502487183,-0.048060014843940735,,0.4738980531692505,0.6098745465278625,-0.01733325980603695,,0.46409401297569275,0.6238774657249451,-0.03034658543765545,,0.45484957098960876,0.6447896957397461,-0.036162324249744415,,0.44911956787109375,0.6575048565864563,-0.038206279277801514,,0.458758145570755,0.6136871576309204,-0.017689300701022148,,0.4515237510204315,0.6421826481819153,-0.028030291199684143,,0.45559272170066833,0.6637909412384033,-0.02698384039103985,,0.4609315097332001,0.671150803565979,-0.024473652243614197,,0.44666486978530884,0.6265575289726257,-0.01945340447127819,,0.4413951635360718,0.6486009359359741,-0.026552967727184296,,0.446445107460022,0.6647710204124451,-0.024455152451992035,,0.4531592130661011,0.6680179834365845,-0.02100524865090847,
-0.01972765289247036,-0.5657634735107422,-0.27490919828414917,0.9986088871955872,-0.0028912804555147886,-0.6064954400062561,-0.2753227651119232,0.9976001381874084,-0.0035131231416016817,-0.6062323451042175,-0.27757951617240906,0.9976159930229187,-0.002999782795086503,-0.6062564849853516,-0.275386780500412,0.9976389408111572,-0.03728963062167168,-0.6091963052749634,-0.26623666286468506,0.9976388812065125,-0.03531062230467796,-0.6098224520683289,-0.2663441002368927,0.9977284669876099,-0.03604545071721077,-0.6088817715644836,-0.26231521368026733,0.9978141784667969,0.1003231555223465,-0.6116029024124146,-0.2001221925020218,0.9983395934104919,-0.04111427068710327,-0.6188380122184753,-0.14403431117534637,0.9975820183753967,0.01657227799296379,-0.544853687286377,-0.25359034538269043,0.9993141293525696,-0.02464207075536251,-0.545462429523468,-0.2361452877521515,0.9992704391479492,0.20847705006599426,-0.421030193567276,-0.14902132749557495,0.9991596341133118,-0.1076539158821106,-0.45480313897132874,-0.04780301824212074,0.9995564222335815,0.14045225083827972,-0.168514683842659,-0.14942970871925354,0.9777693152427673,-0.22352568805217743,-0.23527784645557404,-0.09079356491565704,0.9380718469619751,-0.05769837275147438,-0.09145636111497879,-0.22702500224113464,0.9329624772071838,-0.17219974100589752,-0.24587948620319366,-0.31733810901641846,0.9287763833999634,-0.11828415095806122,-0.06553258001804352,-0.25742700695991516,0.8942692875862122,-0.15494859218597412,-0.2501221299171448,-0.3688293993473053,0.9025045037269592,-0.13489842414855957,-0.1036686897277832,-0.27176138758659363,0.899433434009552,-0.13435125350952148,-0.2907317280769348,-0.36241626739501953,0.9047946929931641,-0.08350034803152084,-0.10351408272981644,-0.23405970633029938,0.8833070397377014,-0.15264712274074554,-0.2567019462585449,-0.3216235041618347,0.8907831311225891,0.10494262725114822,0.00035608423058874905,-0.020082980394363403,0.3762137293815613,-0.10350169986486435,-0.006931893993169069,0.021746985614299774,0.45453447103500366,0.10974357277154922,0.020728515461087227,-0.085362508893013,0.2189243733882904,-0.10139194875955582,0.08902876079082489,-0.08641242980957031,0.22372615337371826,0.11640825122594833,0.3122832775115967,0.13826414942741394,0.04383410885930061,-0.08069285750389099,0.43625402450561523,0.11907871067523956,0.08010229468345642,0.11679956316947937,0.334826797246933,0.15522196888923645,0.020861197263002396,-0.0701713040471077,0.45587584376335144,0.14076843857765198,0.03962679207324982,0.14224794507026672,0.3257034718990326,-0.03366394340991974,0.04659625142812729,-0.08711231499910355,0.4813556969165802,-0.024950889870524406,0.07209210842847824,31,1.034,0.4697204828262329,0.9748138189315796,-9.422442559525734e-08,,0.4496658742427826,0.9485529661178589,-0.004971744958311319,,0.43446967005729675,0.9175782203674316,-0.010743236169219017,,0.42239245772361755,0.902326762676239,-0.017533525824546814,,0.40976670384407043,0.8952160477638245,-0.024592597037553787,,0.4547155499458313,0.8553115129470825,-0.010486533865332603,,0.4484690725803375,0.8147842884063721,-0.02155301161110401,,0.4400356709957123,0.7902379631996155,-0.02945849299430847,,0.43127620220184326,0.7711925506591797,-0.03496112301945686,,0.4673348665237427,0.8652086853981018,-0.015691008418798447,,0.4448447823524475,0.8503131866455078,-0.030809082090854645,,0.4271930754184723,0.8745414018630981,-0.03543436899781227,,0.41952618956565857,0.8955332636833191,-0.03585275635123253,,0.4769088625907898,0.8882283568382263,-0.021646279841661453,,0.45686617493629456,0.8797314167022705,-0.03560933470726013,,0.44256728887557983,0.8993059992790222,-0.03467123582959175,,0.4372705817222595,0.9140525460243225,-0.030864452943205833,,0.4844403862953186,0.9181652665138245,-0.028148021548986435,,0.47258108854293823,0.9106168150901794,-0.037879571318626404,,0.4607018828392029,0.9204253554344177,-0.036179572343826294,,0.455384761095047,0.9309848546981812,-0.032446809113025665,,0.46893417835235596,0.70215904712677,-8.928627437398973e-08,,0.4856468439102173,0.6983665823936462,-0.012063841335475445,,0.4990646541118622,0.6864358186721802,-0.020005859434604645,,0.4893215298652649,0.6727030277252197,-0.026673028245568275,,0.4733264148235321,0.6648498773574829,-0.03262537717819214,,0.4903733730316162,0.6243962049484253,-0.015299594029784203,,0.4896562397480011,0.628512442111969,-0.02972971647977829,,0.48205095529556274,0.6463025808334351,-0.03938668221235275,,0.4750538170337677,0.6603894233703613,-0.044545188546180725,,0.4719918370246887,0.6161172389984131,-0.015376470051705837,,0.46481388807296753,0.629176676273346,-0.02892351523041725,,0.4552595615386963,0.6488033533096313,-0.035058315843343735,,0.448062002658844,0.6584581732749939,-0.036977268755435944,,0.45643535256385803,0.6212683320045471,-0.016766536980867386,,0.45279988646507263,0.6525589823722839,-0.027955953031778336,,0.4584640562534332,0.6727733612060547,-0.027608167380094528,,0.464516282081604,0.6758600473403931,-0.025223147124052048,,0.44429945945739746,0.6349568963050842,-0.019393591210246086,,0.441789835691452,0.6596643924713135,-0.026623595505952835,,0.4483895003795624,0.6756735444068909,-0.0247710719704628,,0.4558599591255188,0.6765913367271423,-0.021504810079932213,
-0.01989266648888588,-0.5665475726127625,-0.27365821599960327,0.9984450340270996,-0.002987656509503722,-0.6070579290390015,-0.27432048320770264,0.9973608255386353,-0.0036013093777000904,-0.6068108677864075,-0.2765437364578247,0.9973756670951843,-0.003088559489697218,-0.6068457961082458,-0.27439117431640625,0.9973909258842468,-0.0373566597700119,-0.6099686622619629,-0.26485496759414673,0.9974356293678284,-0.03537194803357124,-0.6106204390525818,-0.2649758756160736,0.9975482821464539,-0.036107879132032394,-0.609695315361023,-0.26100507378578186,0.997654378414154,0.10039754211902618,-0.6127247214317322,-0.1989712417125702,0.9981309175491333,-0.040837179869413376,-0.6213451027870178,-0.14169354736804962,0.9973922371864319,0.01643918640911579,-0.5461196303367615,-0.25215548276901245,0.9991883039474487,-0.024774961173534393,-0.5469714999198914,-0.23450444638729095,0.9991625547409058,0.20835816860198975,-0.42265135049819946,-0.14912280440330505,0.9990807175636292,-0.10773775726556778,-0.4578298032283783,-0.04455263540148735,0.9995506405830383,0.13697510957717896,-0.169890359044075,-0.15265941619873047,0.977340579032898,-0.21980398893356323,-0.2336674928665161,-0.08722331374883652,0.9345442652702332,-0.07271453738212585,-0.10490655153989792,-0.2286130040884018,0.9328444004058838,-0.17489594221115112,-0.23114913702011108,-0.3157608211040497,0.9279778003692627,-0.13492991030216217,-0.08464884012937546,-0.26157906651496887,0.8923872113227844,-0.16406866908073425,-0.23385657370090485,-0.36835017800331116,0.9004420042037964,-0.15146493911743164,-0.1288335621356964,-0.27552330493927,0.8977216482162476,-0.14524681866168976,-0.2735866904258728,-0.3604024648666382,0.9031122326850891,-0.09817502647638321,-0.12016713619232178,-0.23613156378269196,0.8803155422210693,-0.15722927451133728,-0.24137930572032928,-0.32098057866096497,0.8881838321685791,0.10475017875432968,0.00034752293140627444,-0.02018614113330841,0.3841373920440674,-0.10345634073019028,-0.0069588059559464455,0.021848555654287338,0.4633108079433441,0.10321594029664993,0.04938339814543724,-0.07513374090194702,0.228549063205719,-0.10142498463392258,0.13451938331127167,-0.0706014409661293,0.23094573616981506,0.11386824399232864,0.34037914872169495,0.13776695728302002,0.04633503407239914,-0.08245959877967834,0.45896124839782715,0.1210799366235733,0.08411689102649689,0.11426784843206406,0.3640158176422119,0.1545146107673645,0.021844640374183655,-0.07336723804473877,0.47945937514305115,0.1425396203994751,0.041592787951231,0.13793061673641205,0.3710281550884247,-0.02990245819091797,0.05040009319782257,-0.09867515414953232,0.5155805349349976,-0.023156512528657913,0.07746638357639313,32,1.067,0.47910839319229126,0.9687106609344482,2.7290147031067136e-08,,0.4511908292770386,0.9471299052238464,-0.004584253765642643,,0.4318838119506836,0.9210817813873291,-0.0109653165563941,,0.4185488522052765,0.9087412357330322,-0.01724519021809101,,0.4029397666454315,0.9060653448104858,-0.024044359102845192,,0.446897953748703,0.8590364456176758,-0.01728886552155018,,0.4411839246749878,0.8235268592834473,-0.028649860993027687,,0.42988264560699463,0.8078771829605103,-0.03669150173664093,,0.4181525707244873,0.7986061573028564,-0.04247205704450607,,0.4585537314414978,0.8674415349960327,-0.02190026454627514,,0.4387669563293457,0.8615968227386475,-0.03437560051679611,,0.4227031469345093,0.8866759538650513,-0.039703451097011566,,0.41253769397735596,0.909298837184906,-0.04285280406475067,,0.46879589557647705,0.8915048241615295,-0.02640068158507347,,0.4490026533603668,0.9023370146751404,-0.037914831191301346,,0.44091638922691345,0.9228072762489319,-0.037962451577186584,,0.4380834102630615,0.9355886578559875,-0.036274272948503494,,0.477460652589798,0.9224074482917786,-0.031106790527701378,,0.46297428011894226,0.9281819462776184,-0.040426239371299744,,0.45500698685646057,0.9409803152084351,-0.040557656437158585,,0.45197293162345886,0.947944700717926,-0.03913768008351326,,,,,,,,,,,,,,,,,,,,,,,,,,,,,,,,,,,,,,,,,,,,,,,,,,,,,,,,,,,,,,,,,,,,,,,,,,,,,,,,,,,,,
-0.024424228817224503,-0.5767002105712891,-0.2643863558769226,0.9981942176818848,-0.005524034146219492,-0.6155291795730591,-0.2661052942276001,0.9969602823257446,-0.0060862223617732525,-0.6153044104576111,-0.2681964635848999,0.9969581365585327,-0.005601197015494108,-0.6153630018234253,-0.26608267426490784,0.9969881176948547,-0.03922753036022186,-0.6190027594566345,-0.25536268949508667,0.9970889091491699,-0.0372164212167263,-0.6196712255477905,-0.2556302547454834,0.9972338080406189,-0.03796655684709549,-0.6187809705734253,-0.2517063617706299,0.9973804950714111,0.09851305931806564,-0.617502748966217,-0.19443084299564362,0.9977978467941284,-0.04087007790803909,-0.6281220316886902,-0.13157708942890167,0.9970154762268066,0.01111894752830267,-0.5549649000167847,-0.24417942762374878,0.9989607930183411,-0.028848348185420036,-0.5563163757324219,-0.2249627560377121,0.9989543557167053,0.20202414691448212,-0.42873698472976685,-0.15000604093074799,0.9989254474639893,-0.10794222354888916,-0.46101638674736023,-0.029811711981892586,0.9995056390762329,0.12992297112941742,-0.1764151006937027,-0.1599765419960022,0.9777317643165588,-0.2160208523273468,-0.23391342163085938,-0.07845702022314072,0.9287706017494202,-0.09336752444505692,-0.11584218591451645,-0.2283066064119339,0.9340493083000183,-0.18327122926712036,-0.23585401475429535,-0.3019566833972931,0.9260097742080688,-0.15803012251853943,-0.09695509076118469,-0.261050283908844,0.8913240432739258,-0.1781304031610489,-0.23989421129226685,-0.3530525267124176,0.8959866166114807,-0.17555122077465057,-0.14152656495571136,-0.2746361792087555,0.8965499401092529,-0.16405834257602692,-0.2807966470718384,-0.34890708327293396,0.8989299535751343,-0.1191570982336998,-0.13176409900188446,-0.2356511354446411,0.8780879974365234,-0.16887424886226654,-0.2469174563884735,-0.3085218667984009,0.8831517100334167,0.10410413146018982,9.664016397437081e-05,-0.022008532658219337,0.38780829310417175,-0.10313410311937332,-0.006831577513366938,0.023556208238005638,0.4673565626144409,0.10020306706428528,0.060305580496788025,-0.07065343111753464,0.23185104131698608,-0.1021275743842125,0.15301576256752014,-0.05599414184689522,0.23071277141571045,0.10309678316116333,0.3470882177352905,0.13337914645671844,0.047308336943387985,-0.09325921535491943,0.4734369218349457,0.124300517141819,0.08477331697940826,0.10168470442295074,0.36976781487464905,0.14882735908031464,0.021977733820676804,-0.08749466389417648,0.4948701858520508,0.14287658035755157,0.04214787855744362,0.11738776415586472,0.37675395607948303,-0.029503261670470238,0.05214516818523407,-0.12489256262779236,0.5315600633621216,-0.014585179276764393,0.0794028714299202,33,1.101,0.47218436002731323,0.9580576419830322,3.4177951135916373e-08,,0.45019567012786865,0.9374486804008484,-0.003827192820608616,,0.4276061952114105,0.922951340675354,-0.010276030749082565,,0.4106907248497009,0.921434223651886,-0.015969816595315933,,0.3962242007255554,0.9287517070770264,-0.022207224741578102,,0.43972867727279663,0.8679046630859375,-0.021199233829975128,,0.4214790165424347,0.848383367061615,-0.030904341489076614,,0.4043344259262085,0.8495776057243347,-0.03651212528347969,,0.39071598649024963,0.8576189875602722,-0.040405090898275375,,0.448398232460022,0.879071831703186,-0.02540406957268715,,0.4239167869091034,0.8855060935020447,-0.035324566066265106,,0.40597963333129883,0.9074937701225281,-0.038752950727939606,,0.395583838224411,0.9268320202827454,-0.04141654819250107,,0.4572910666465759,0.9036887884140015,-0.02883186563849449,,0.42858365178108215,0.9246096014976501,-0.03818909451365471,,0.4241408407688141,0.9414394497871399,-0.03598784655332565,,0.42658260464668274,0.9497436285018921,-0.033534903079271317,,0.465421587228775,0.934780478477478,-0.03221498802304268,,0.44488078355789185,0.9519027471542358,-0.04115461930632591,,0.4396616816520691,0.9614595174789429,-0.03996654972434044,,0.44015300273895264,0.9637587666511536,-0.037794217467308044,,0.45913273096084595,0.7373864650726318,-7.887942388151714e-08,,0.4760633409023285,0.7376891374588013,-0.015425175428390503,,0.49087584018707275,0.7253696918487549,-0.02520648017525673,,0.48831385374069214,0.7087558507919312,-0.033467475324869156,,0.4756428003311157,0.695374071598053,-0.04039314016699791,,0.49132040143013,0.6526176333427429,-0.013726331293582916,,0.49127084016799927,0.6531130075454712,-0.030893146991729736,,0.4876505136489868,0.6813297867774963,-0.04157738387584686,,0.4848819971084595,0.7022644877433777,-0.046141210943460464,,0.47365355491638184,0.646132230758667,-0.012307869270443916,,0.46799686551094055,0.6444957852363586,-0.028978511691093445,,0.46438083052635193,0.6815375089645386,-0.033972080796957016,,0.4637049436569214,0.7025914788246155,-0.0336604081094265,,0.45720621943473816,0.6488813757896423,-0.01332125160843134,,0.4521539807319641,0.6483142971992493,-0.029428860172629356,,0.45159560441970825,0.6844587922096252,-0.028215870261192322,,0.4534776508808136,0.7023148536682129,-0.023367909714579582,,0.44333377480506897,0.6600065231323242,-0.015564545057713985,,0.43911629915237427,0.6642225980758667,-0.02674088068306446,,0.4404924809932709,0.6928018927574158,-0.025072773918509483,,0.44401365518569946,0.7059873342514038,-0.020697571337223053,
-0.03242133557796478,-0.5790029764175415,-0.2513450086116791,0.9980261325836182,-0.012799038551747799,-0.6174777150154114,-0.2543409466743469,0.9967492818832397,-0.013267472386360168,-0.6172611117362976,-0.25642257928848267,0.9967564940452576,-0.012768215499818325,-0.6173650622367859,-0.25433817505836487,0.9967594742774963,-0.04529497027397156,-0.621107280254364,-0.24235518276691437,0.9969026446342468,-0.043233174830675125,-0.6218161582946777,-0.2426293045282364,0.9970598816871643,-0.04398699849843979,-0.6209348440170288,-0.23876668512821198,0.9971885085105896,0.0939907357096672,-0.6184813976287842,-0.18856041133403778,0.9975937604904175,-0.04156893491744995,-0.6296170353889465,-0.12064333260059357,0.9967146515846252,0.003918555099517107,-0.5569741129875183,-0.232960045337677,0.9987283945083618,-0.034557972103357315,-0.558323323726654,-0.2122931033372879,0.9988008141517639,0.19775418937206268,-0.430020272731781,-0.15274931490421295,0.9987578392028809,-0.10792165994644165,-0.4635462760925293,-0.02451879344880581,0.9994675517082214,0.11451162397861481,-0.19344037771224976,-0.1664239764213562,0.9766616821289062,-0.20535829663276672,-0.2427566945552826,-0.05971238389611244,0.9136571884155273,-0.12384563684463501,-0.13896922767162323,-0.22738347947597504,0.9321439862251282,-0.19897490739822388,-0.20872877538204193,-0.2652762532234192,0.9098642468452454,-0.18770001828670502,-0.11871607601642609,-0.26087573170661926,0.8882763385772705,-0.20736800134181976,-0.19878022372722626,-0.3132401704788208,0.879792332649231,-0.21267548203468323,-0.16437804698944092,-0.273997962474823,0.8939517140388489,-0.1929987519979477,-0.22858934104442596,-0.32188481092453003,0.8849512338638306,-0.1520259827375412,-0.1545335203409195,-0.2352500706911087,0.8738762140274048,-0.18795457482337952,-0.2123536467552185,-0.2763657569885254,0.8691376447677612,0.10255212336778641,0.00026737412554211915,-0.022001616656780243,0.40811336040496826,-0.10209136456251144,-0.007100746501237154,0.02354850247502327,0.4931280314922333,0.06871122866868973,0.07215773314237595,-0.05418265983462334,0.2320089042186737,-0.10261980444192886,0.134868785738945,-0.09902122616767883,0.2410673201084137,0.08546868711709976,0.34953752160072327,0.14384248852729797,0.047299303114414215,-0.10381392389535904,0.47194352746009827,0.028581030666828156,0.0947491005063057,0.08636433631181717,0.37342721223831177,0.16148518025875092,0.02239273488521576,-0.10028722882270813,0.49069640040397644,0.04143910855054855,0.04644128307700157,0.10375231504440308,0.39644166827201843,0.025661500170826912,0.05407514423131943,-0.1370985507965088,0.5221338868141174,-0.10493198037147522,0.09198065102100372,34,1.134,0.4656776189804077,0.9528970718383789,-1.048630604572054e-08,,0.44800955057144165,0.9272006154060364,-0.0029277121648192406,,0.4215414524078369,0.9194552898406982,-0.007531362120062113,,0.4007419943809509,0.9313356280326843,-0.011550087481737137,,0.3869096636772156,0.951698362827301,-0.016446994617581367,,0.42185178399086,0.8862982988357544,-0.016184881329536438,,0.3953540325164795,0.8967869281768799,-0.02358131855726242,,0.3788905739784241,0.9114120006561279,-0.02755756862461567,,0.3674013316631317,0.9247300028800964,-0.030124720185995102,,0.42859286069869995,0.9050191640853882,-0.019039327278733253,,0.40221142768859863,0.9297522902488708,-0.025602396577596664,,0.39070719480514526,0.9525582790374756,-0.027214350178837776,,0.38552600145339966,0.9689742922782898,-0.02862861007452011,,0.43758994340896606,0.9310930967330933,-0.021368147805333138,,0.41029709577560425,0.9582313895225525,-0.027455782517790794,,0.40728050470352173,0.9728649854660034,-0.02420852892100811,,0.4091315269470215,0.9787589311599731,-0.02144826389849186,,0.44653579592704773,0.9608152508735657,-0.02363787591457367,,0.4264533519744873,0.982612669467926,-0.02934507466852665,,0.42327621579170227,0.9910786747932434,-0.02693783864378929,,0.42392048239707947,0.992413341999054,-0.02421477437019348,,,,,,,,,,,,,,,,,,,,,,,,,,,,,,,,,,,,,,,,,,,,,,,,,,,,,,,,,,,,,,,,,,,,,,,,,,,,,,,,,,,,,
-0.03937169909477234,-0.5782075524330139,-0.25199177861213684,0.9981939792633057,-0.018453897908329964,-0.6150048971176147,-0.2546825110912323,0.9970000386238098,-0.018889566883444786,-0.6148257851600647,-0.256795197725296,0.9970065355300903,-0.018310796469449997,-0.6149390935897827,-0.25467005372047424,0.9969943165779114,-0.04989189654588699,-0.6187599301338196,-0.24289387464523315,0.9971529841423035,-0.047805625945329666,-0.6195661425590515,-0.24316653609275818,0.9972994923591614,-0.04854767024517059,-0.6186694502830505,-0.23928047716617584,0.9974093437194824,0.09019672870635986,-0.6073010563850403,-0.18990419805049896,0.9977847933769226,-0.0416092611849308,-0.6190490126609802,-0.1199536919593811,0.9969737529754639,-0.0033137609716504812,-0.5541085600852966,-0.2333499789237976,0.9988271594047546,-0.04030979797244072,-0.5555919408798218,-0.2130139321088791,0.9989023804664612,0.18851710855960846,-0.41634830832481384,-0.17082417011260986,0.9988172054290771,-0.1063179224729538,-0.45910748839378357,-0.020910140126943588,0.9994944334030151,0.10892631113529205,-0.18661750853061676,-0.19574910402297974,0.9779391884803772,-0.1991514414548874,-0.24278800189495087,-0.07023490220308304,0.9106707572937012,-0.11736197024583817,-0.045506302267313004,-0.24989677965641022,0.9346268773078918,-0.20414695143699646,-0.20324280858039856,-0.29483041167259216,0.9080209732055664,-0.18040792644023895,-0.006388743873685598,-0.2859761416912079,0.8912728428840637,-0.21087795495986938,-0.19633552432060242,-0.3476462960243225,0.8783143758773804,-0.20384757220745087,-0.03403085842728615,-0.29677751660346985,0.8966121077537537,-0.19325216114521027,-0.22021810710430145,-0.3499596118927002,0.8831444382667542,-0.14560015499591827,-0.04811283200979233,-0.256028950214386,0.8765119910240173,-0.19226156175136566,-0.2043183296918869,-0.3035658001899719,0.8661167025566101,0.09894164651632309,0.0037529754918068647,-0.03076920285820961,0.46328607201576233,-0.09908294677734375,-0.00952854473143816,0.03189869597554207,0.5422776341438293,-0.055783238261938095,0.07974761724472046,-0.14394141733646393,0.27542781829833984,-0.21287842094898224,0.051615647971630096,-0.20112758874893188,0.29195958375930786,0.006518795154988766,0.32117995619773865,0.09895043820142746,0.05210288241505623,-0.13189080357551575,0.39287808537483215,-0.1108621284365654,0.13247588276863098,0.0143644530326128,0.34549272060394287,0.12520721554756165,0.03020142763853073,-0.12149956822395325,0.4222908318042755,-0.10154423117637634,0.07322954386472702,0.017115535214543343,0.4019962251186371,0.039521973580121994,0.06079781427979469,-0.14863328635692596,0.5068497657775879,-0.21189269423484802,0.12541563808918,35,1.167,0.44803425669670105,0.980682373046875,1.955746569137773e-07,,0.42723754048347473,0.9442320466041565,-0.019380560144782066,,0.3957482874393463,0.9371355175971985,-0.025111151859164238,,0.3712182641029358,0.9548808932304382,-0.028277769684791565,,0.3570255637168884,0.9920637607574463,-0.030618831515312195,,0.37660330533981323,1.021886944770813,-0.005843866150826216,,0.3535030782222748,1.0459305047988892,-0.012673075310885906,,0.34030982851982117,1.0619515180587769,-0.02058473974466324,,0.3311864137649536,1.0755879878997803,-0.02616698294878006,,0.38615331053733826,1.0550256967544556,-0.00017417178605683148,,0.36449551582336426,1.0765960216522217,-0.004790967795997858,,0.35132354497909546,1.090692162513733,-0.011827848851680756,,0.3418915271759033,1.1047589778900146,-0.017339050769805908,,0.3990144729614258,1.0802998542785645,0.00274035451002419,,0.3798021674156189,1.1006535291671753,-0.00267390301451087,,0.36764290928840637,1.1137025356292725,-0.005567885469645262,,0.35742729902267456,1.1265430450439453,-0.007761277724057436,,0.4132946729660034,1.0976444482803345,0.003663279814645648,,0.3984055519104004,1.1196236610412598,-0.001069176010787487,,0.3899625837802887,1.132222056388855,-0.0015931471716612577,,0.3820742070674896,1.1428576707839966,-0.0017559839179739356,,,,,,,,,,,,,,,,,,,,,,,,,,,,,,,,,,,,,,,,,,,,,,,,,,,,,,,,,,,,,,,,,,,,,,,,,,,,,,,,,,,,,
-0.04281967878341675,-0.5837438106536865,-0.2509457468986511,0.9983446598052979,-0.024847280234098434,-0.6210612654685974,-0.2518196702003479,0.9972466826438904,-0.0252621341496706,-0.6208682656288147,-0.25385957956314087,0.9972512722015381,-0.024646401405334473,-0.6210015416145325,-0.25181421637535095,0.9972310662269592,-0.05662490427494049,-0.624177098274231,-0.24129994213581085,0.9973863959312439,-0.05452515929937363,-0.6250242590904236,-0.24155475199222565,0.997520387172699,-0.05522596091032028,-0.6241408586502075,-0.2376502901315689,0.9976149201393127,0.07978940010070801,-0.6143374443054199,-0.18318042159080505,0.997961163520813,-0.05285036563873291,-0.6237841248512268,-0.1200215145945549,0.9972243309020996,-0.007052866276353598,-0.5596151947975159,-0.23166048526763916,0.9989203810691833,-0.04483085498213768,-0.5603470802307129,-0.2126866728067398,0.9989945292472839,0.188370481133461,-0.42034241557121277,-0.1632961481809616,0.998873233795166,-0.11634738743305206,-0.45955124497413635,-0.022642754018306732,0.9995136857032776,0.13047783076763153,-0.18602822721004486,-0.1568049043416977,0.9777308702468872,-0.2026061713695526,-0.24321185052394867,-0.06870166212320328,0.9064590930938721,0.018957272171974182,-0.025537613779306412,-0.20291800796985626,0.9333783388137817,-0.2111997902393341,-0.18083523213863373,-0.29102692008018494,0.9006784558296204,-0.0039013377390801907,0.022424841299653053,-0.23716293275356293,0.8904981017112732,-0.21740801632404327,-0.15979965031147003,-0.34178152680397034,0.8710198998451233,-0.029688863083720207,0.0032402274664491415,-0.266045480966568,0.8967568874359131,-0.19632363319396973,-0.18162506818771362,-0.3497074842453003,0.8774833083152771,-0.001928376266732812,-0.02319839596748352,-0.21797527372837067,0.8770300149917603,-0.19803665578365326,-0.17875950038433075,-0.3016453683376312,0.8608870506286621,0.09920712560415268,0.003474116325378418,-0.02970963343977928,0.502704918384552,-0.09948276728391647,-0.009435496293008327,0.03088093362748623,0.5798176527023315,-0.004627675283700228,0.07657171040773392,-0.09594912827014923,0.28612765669822693,-0.2067740559577942,0.09263481944799423,-0.1830751895904541,0.3124642074108124,0.033649101853370667,0.31278663873672485,0.1560644507408142,0.05175391212105751,-0.12506799399852753,0.40299665927886963,-0.04855625703930855,0.14293546974658966,0.03689515218138695,0.3348642885684967,0.18269650638103485,0.031176181510090828,-0.11835524439811707,0.42926618456840515,-0.034392308443784714,0.07864406704902649,0.019302045926451683,0.3924151659011841,0.09324570000171661,0.061588749289512634,-0.1364099234342575,0.5113106966018677,-0.16522537171840668,0.13748182356357574,36,1.201,,,,,,,,,,,,,,,,,,,,,,,,,,,,,,,,,,,,,,,,,,,,,,,,,,,,,,,,,,,,,,,,,,,,,,,,,,,,,,,,,,,,,0.4349488615989685,0.8462359309196472,1.2709294594515086e-07,,0.4491681754589081,0.8685894012451172,-0.007001793943345547,,0.46016430854797363,0.9032021164894104,-0.011374413967132568,,0.46530795097351074,0.9358198642730713,-0.014497310854494572,,0.4684826731681824,0.9626467227935791,-0.0176667720079422,,0.4530332088470459,0.8994957208633423,-0.016100971028208733,,0.45425596833229065,0.9383232593536377,-0.024886686354875565,,0.4553740322589874,0.9677902460098267,-0.03061203472316265,,0.45716410875320435,0.9923362731933594,-0.03427686542272568,,0.4413473308086395,0.8981473445892334,-0.016164451837539673,,0.4403553605079651,0.9320700764656067,-0.023250339552760124,,0.441485732793808,0.9609809517860413,-0.026677250862121582,,0.44297879934310913,0.9862939715385437,-0.029198016971349716,,0.42928963899612427,0.893934965133667,-0.016317497938871384,,0.4278256297111511,0.926079273223877,-0.022470565512776375,,0.42855581641197205,0.9517765641212463,-0.022257493808865547,,0.42967018485069275,0.9720275402069092,-0.021590841934084892,,0.4180946946144104,0.889078676700592,-0.01694481447339058,,0.41657349467277527,0.9161500334739685,-0.022470397874712944,,0.41721588373184204,0.9374561905860901,-0.022180097177624702,,0.41832634806632996,0.9543880224227905,-0.021142227575182915,
-0.047869469970464706,-0.5891445875167847,-0.2537936866283417,0.9983952045440674,-0.033131860196590424,-0.6291677355766296,-0.25343814492225647,0.9973530173301697,-0.03355703502893448,-0.6289207935333252,-0.25548216700553894,0.9973564147949219,-0.03299087658524513,-0.6290607452392578,-0.2534412145614624,0.9973371028900146,-0.06562135368585587,-0.6309145092964172,-0.24527260661125183,0.9974684119224548,-0.06351636350154877,-0.6317196488380432,-0.2454725205898285,0.9975910782814026,-0.06424017995595932,-0.6308892369270325,-0.2415650337934494,0.9976733326911926,0.0658448114991188,-0.6295595169067383,-0.18360476195812225,0.9979956150054932,-0.06942843645811081,-0.6328839659690857,-0.13038954138755798,0.9973047971725464,-0.012454510666429996,-0.5665538311004639,-0.23371119797229767,0.9989516735076904,-0.051163338124752045,-0.5658086538314819,-0.21780823171138763,0.999011218547821,0.18451841175556183,-0.43527841567993164,-0.15106526017189026,0.9988236427307129,-0.12783442437648773,-0.4618775248527527,-0.052890293300151825,0.9994522929191589,0.15862667560577393,-0.19144633412361145,-0.1253298968076706,0.9729740619659424,-0.20394812524318695,-0.24316497147083282,-0.0709121897816658,0.9007663726806641,0.13875623047351837,-0.005544126965105534,-0.1897764652967453,0.923601508140564,-0.2146841138601303,-0.1391967087984085,-0.2726050019264221,0.891273021697998,0.1346261352300644,0.05529177933931351,-0.2191489189863205,0.8800085783004761,-0.22169055044651031,-0.09934777021408081,-0.31706875562667847,0.8598237037658691,0.11663325130939484,0.04526437819004059,-0.2606971561908722,0.8893062472343445,-0.20220500230789185,-0.11756584793329239,-0.33678677678108215,0.8690582513809204,0.12391683459281921,0.002816526684910059,-0.2106456309556961,0.8704344034194946,-0.2015594244003296,-0.1320517659187317,-0.2867615818977356,0.8528277277946472,0.09967177361249924,0.001235809875652194,-0.022063858807086945,0.4942151606082916,-0.09988023340702057,-0.008238062262535095,0.023620910942554474,0.5699384808540344,0.09043052047491074,0.06602903455495834,-0.03613636642694473,0.2799202799797058,-0.1248946413397789,0.13736781477928162,-0.08538397401571274,0.3097262382507324,0.10589738935232162,0.31120502948760986,0.1928016096353531,0.051426004618406296,-0.10056497901678085,0.438627153635025,0.10913807898759842,0.14024311304092407,0.10575845092535019,0.3322453498840332,0.21341603994369507,0.030198436230421066,-0.09410920739173889,0.45807352662086487,0.12962622940540314,0.07567882537841797,0.1392764300107956,0.35648512840270996,0.06843288987874985,0.06149730458855629,-0.11627818644046783,0.5155861973762512,-0.02864551730453968,0.13573355972766876,37,1.234,,,,,,,,,,,,,,,,,,,,,,,,,,,,,,,,,,,,,,,,,,,,,,,,,,,,,,,,,,,,,,,,,,,,,,,,,,,,,,,,,,,,,,,,,,,,,,,,,,,,,,,,,,,,,,,,,,,,,,,,,,,,,,,,,,,,,,,,,,,,,,,,,,,,,,,,,,,,,,,,,,,,,,,,
-0.05076730251312256,-0.5897879004478455,-0.28011488914489746,0.998375415802002,-0.0354892835021019,-0.629940390586853,-0.2805478870868683,0.9973698258399963,-0.03591139614582062,-0.6296635270118713,-0.2824857831001282,0.9973968267440796,-0.03538276627659798,-0.6297916769981384,-0.2805098593235016,0.997380256652832,-0.06854414939880371,-0.6316550374031067,-0.27404505014419556,0.9974040985107422,-0.06644827127456665,-0.6324173212051392,-0.2741592526435852,0.997505784034729,-0.06717859208583832,-0.6315694451332092,-0.27023378014564514,0.9975723028182983,0.06284978240728378,-0.6309601068496704,-0.21010664105415344,0.9979568123817444,-0.07342325150966644,-0.6341564059257507,-0.15785713493824005,0.9971755146980286,-0.015646370127797127,-0.5674711465835571,-0.25921982526779175,0.9989483952522278,-0.05483875423669815,-0.5666707158088684,-0.24384601414203644,0.9989674687385559,0.17863565683364868,-0.4400911033153534,-0.1564573347568512,0.9988390803337097,-0.13325287401676178,-0.462268590927124,-0.07866726070642471,0.9993513822555542,0.16843846440315247,-0.1946200281381607,-0.13061197102069855,0.9662423729896545,-0.204779714345932,-0.24288257956504822,-0.05793340504169464,0.8827970623970032,0.1397339403629303,-0.016803907230496407,-0.19178608059883118,0.8925318717956543,-0.21842099726200104,-0.1099340170621872,-0.18032808601856232,0.847666323184967,0.1345580518245697,0.038766831159591675,-0.22064341604709625,0.846006453037262,-0.22409270703792572,-0.06430573016405106,-0.2061672955751419,0.8140371441841125,0.11426454782485962,0.028466323390603065,-0.27108195424079895,0.8616677522659302,-0.21186818182468414,-0.07645761221647263,-0.23561881482601166,0.8286193609237671,0.12393645942211151,-0.009921756573021412,-0.21956747770309448,0.8412694334983826,-0.20713041722774506,-0.09971147030591965,-0.19663646817207336,0.8121763467788696,0.10012894868850708,-0.0006298735970631242,-0.020753178745508194,0.46074149012565613,-0.10021823644638062,-0.00734326709061861,0.022471193224191666,0.5292956233024597,0.10918945074081421,0.02859901264309883,-0.029137978330254555,0.2614186108112335,-0.10428275167942047,0.14560337364673615,-0.05800280719995499,0.2892104387283325,0.15011125802993774,0.272948682308197,0.20016179978847504,0.04837283119559288,-0.09083544462919235,0.4476108253002167,0.1793207824230194,0.12960276007652283,0.15162885189056396,0.28786700963974,0.22111192345619202,0.028213173151016235,-0.08529787510633469,0.46392208337783813,0.20863468945026398,0.07030174136161804,0.18765780329704285,0.2807575762271881,0.058708418160676956,0.058180052787065506,-0.11582060158252716,0.5137634873390198,0.04383924975991249,0.12628121674060822,38,1.267,,,,,,,,,,,,,,,,,,,,,,,,,,,,,,,,,,,,,,,,,,,,,,,,,,,,,,,,,,,,,,,,,,,,,,,,,,,,,,,,,,,,,,,,,,,,,,,,,,,,,,,,,,,,,,,,,,,,,,,,,,,,,,,,,,,,,,,,,,,,,,,,,,,,,,,,,,,,,,,,,,,,,,,,
-0.053958460688591,-0.5893727540969849,-0.28654733300209045,0.9981614947319031,-0.03739476203918457,-0.6293338537216187,-0.2887907922267914,0.9971415400505066,-0.037816308438777924,-0.6290549039840698,-0.2907288074493408,0.9972239136695862,-0.03729664534330368,-0.6291810274124146,-0.2887338399887085,0.9972109198570251,-0.07009496539831161,-0.6312743425369263,-0.28150826692581177,0.9969871044158936,-0.06801185756921768,-0.6320251822471619,-0.2816084921360016,0.9970478415489197,-0.06875219941139221,-0.6311676502227783,-0.27765539288520813,0.9970659613609314,0.061814434826374054,-0.6302616000175476,-0.2226218283176422,0.9977102875709534,-0.07253377884626389,-0.6347222924232483,-0.16525112092494965,0.9964454174041748,-0.018917541950941086,-0.5670725703239441,-0.2667333781719208,0.9988072514533997,-0.05750591307878494,-0.5666247010231018,-0.24996353685855865,0.9987301826477051,0.17342357337474823,-0.4398636519908905,-0.1630161851644516,0.9988047480583191,-0.13227809965610504,-0.4633162319660187,-0.08040986955165863,0.9991306662559509,0.16916272044181824,-0.1934022307395935,-0.13508737087249756,0.958043098449707,-0.19811266660690308,-0.242831751704216,-0.028687141835689545,0.8504257202148438,0.13215592503547668,-0.00806340854614973,-0.20580217242240906,0.8607569932937622,-0.23256319761276245,-0.08643405884504318,-0.11033934354782104,0.7937341332435608,0.12720830738544464,0.04841891676187515,-0.23373904824256897,0.8121567368507385,-0.2464420050382614,-0.03517645224928856,-0.12850157916545868,0.7608051300048828,0.10723302513360977,0.03950951248407364,-0.28136691451072693,0.8330347537994385,-0.24322175979614258,-0.04170318320393562,-0.16144245862960815,0.7794247269630432,0.11645933985710144,-0.0001837113668443635,-0.23238781094551086,0.8109050989151001,-0.22599324584007263,-0.07263784110546112,-0.12757742404937744,0.7639230489730835,0.10017994791269302,-0.0006870576180517673,-0.02063896134495735,0.42848390340805054,-0.10024474561214447,-0.007366962730884552,0.022389503195881844,0.49077558517456055,0.10662099719047546,0.029057353734970093,-0.026580801233649254,0.24330922961235046,-0.10290922224521637,0.14096227288246155,-0.05293392762541771,0.2707822322845459,0.14035794138908386,0.2761257588863373,0.20516914129257202,0.04549921303987503,-0.09170527756214142,0.4561244249343872,0.1755462884902954,0.12034565210342407,0.14142949879169464,0.2911912798881531,0.22613760828971863,0.026418330147862434,-0.08716071397066116,0.4718486964702606,0.20412790775299072,0.06594071537256241,0.1716092824935913,0.2839787006378174,0.050651274621486664,0.05501154437661171,-0.1275341510772705,0.5124354958534241,0.04211825132369995,0.11813528090715408,39,1.301,,,,,,,,,,,,,,,,,,,,,,,,,,,,,,,,,,,,,,,,,,,,,,,,,,,,,,,,,,,,,,,,,,,,,,,,,,,,,,,,,,,,,,,,,,,,,,,,,,,,,,,,,,,,,,,,,,,,,,,,,,,,,,,,,,,,,,,,,,,,,,,,,,,,,,,,,,,,,,,,,,,,,,,,
-0.059042688459157944,-0.5896510481834412,-0.29335838556289673,0.9980582594871521,-0.04035789147019386,-0.6292932033538818,-0.2954372465610504,0.9969779849052429,-0.040753789246082306,-0.6290028691291809,-0.2972589433193207,0.9971096515655518,-0.04028748720884323,-0.6291154026985168,-0.29533660411834717,0.9970848560333252,-0.0742773711681366,-0.6315418481826782,-0.2870408892631531,0.9967251420021057,-0.0722033679485321,-0.6322668194770813,-0.28710657358169556,0.9967964887619019,-0.07292766869068146,-0.6313921213150024,-0.2832021713256836,0.996776282787323,0.06212504208087921,-0.6298621296882629,-0.2275579571723938,0.9975205063819885,-0.07501131296157837,-0.635498583316803,-0.1649530827999115,0.9960471391677856,-0.022962359711527824,-0.5672287344932556,-0.27288952469825745,0.9987606406211853,-0.06275548785924911,-0.5671599507331848,-0.2544015049934387,0.9986375570297241,0.17269302904605865,-0.4410842955112457,-0.1700480729341507,0.9988297820091248,-0.13520929217338562,-0.46347132325172424,-0.08117558062076569,0.9990829825401306,0.1679016351699829,-0.1936229020357132,-0.15029370784759521,0.9544201493263245,-0.1992364227771759,-0.24148327112197876,-0.025179266929626465,0.835241436958313,0.11552976816892624,-0.01611400954425335,-0.22501100599765778,0.824382483959198,-0.2388506978750229,-0.0781119242310524,-0.12154700607061386,0.7457264065742493,0.10524331033229828,0.04039381816983223,-0.25071945786476135,0.7708949446678162,-0.24957230687141418,-0.02280423603951931,-0.1371263563632965,0.7114049196243286,0.08125799894332886,0.031544674187898636,-0.2983761429786682,0.79878830909729,-0.2461944818496704,-0.024887070059776306,-0.1743531972169876,0.7347492575645447,0.09653253853321075,-0.008905930444598198,-0.24976162612438202,0.7735874652862549,-0.2315436452627182,-0.06269724667072296,-0.14015208184719086,0.7189562916755676,0.10031525790691376,-0.0013886408414691687,-0.020814739167690277,0.3965085446834564,-0.10032778233289719,-0.0068368976935744286,0.022572878748178482,0.4530232846736908,0.10578115284442902,0.02544747106730938,-0.03299281373620033,0.2294168919324875,-0.1006322056055069,0.1612507849931717,-0.05272632837295532,0.25525179505348206,0.1350899189710617,0.2783982753753662,0.19784674048423767,0.04374278709292412,-0.10245051234960556,0.4831450581550598,0.18877854943275452,0.11266320943832397,0.13638566434383392,0.2952288091182709,0.21833035349845886,0.024857431650161743,-0.1022232249379158,0.5008739829063416,0.22098414599895477,0.06162310391664505,0.1639809012413025,0.29517126083374023,0.02401610277593136,0.05283987522125244,-0.15613389015197754,0.5240679383277893,0.06072481721639633,0.11080619692802429,40,1.334,,,,,,,,,,,,,,,,,,,,,,,,,,,,,,,,,,,,,,,,,,,,,,,,,,,,,,,,,,,,,,,,,,,,,,,,,,,,,,,,,,,,,,,,,,,,,,,,,,,,,,,,,,,,,,,,,,,,,,,,,,,,,,,,,,,,,,,,,,,,,,,,,,,,,,,,,,,,,,,,,,,,,,,,
-0.061052508652210236,-0.5901604890823364,-0.29486310482025146,0.9979487061500549,-0.0417395755648613,-0.6295999884605408,-0.2968730926513672,0.9967978596687317,-0.04211561009287834,-0.6292994618415833,-0.2986353933811188,0.9969738721847534,-0.04167373105883598,-0.6293999552726746,-0.2967602014541626,0.9969322085380554,-0.07594458013772964,-0.6320932507514954,-0.288191556930542,0.9964726567268372,-0.07387135922908783,-0.6328060030937195,-0.2882820963859558,0.996566891670227,-0.07459709793329239,-0.6319282054901123,-0.28439778089523315,0.9965083003044128,0.0621848963201046,-0.6297794580459595,-0.22860969603061676,0.9973190426826477,-0.07546176761388779,-0.6363989114761353,-0.16482196748256683,0.9956988096237183,-0.02465984970331192,-0.5675699710845947,-0.2742941677570343,0.9987102150917053,-0.06462744623422623,-0.5677720308303833,-0.25548234581947327,0.99854975938797,0.1717783659696579,-0.4414427876472473,-0.17309249937534332,0.9988276958465576,-0.13526001572608948,-0.46349045634269714,-0.08099120855331421,0.9990031719207764,0.16648907959461212,-0.19327324628829956,-0.15579545497894287,0.949798583984375,-0.19688360393047333,-0.2378188669681549,-0.02753554657101631,0.8129945993423462,0.1142633780837059,-0.009194456972181797,-0.22779054939746857,0.7856780886650085,-0.2345525622367859,-0.08043844997882843,-0.13252446055412292,0.6943045258522034,0.10579784959554672,0.0516338087618351,-0.2525995373725891,0.7289834022521973,-0.24276341497898102,-0.026379037648439407,-0.14944541454315186,0.6606031656265259,0.08111879229545593,0.04558906704187393,-0.2993074059486389,0.7629431486129761,-0.23566558957099915,-0.029450904577970505,-0.18575608730316162,0.6870431900024414,0.09536861628293991,6.224762910278514e-05,-0.25146159529685974,0.7354583740234375,-0.22549714148044586,-0.06621162593364716,-0.1508401483297348,0.6712492108345032,0.100364089012146,-0.0021262674126774073,-0.021099990233778954,0.3691847622394562,-0.10035526752471924,-0.0062257954850792885,0.022841056808829308,0.4204580783843994,0.09950559586286545,0.02867658995091915,-0.03677434101700783,0.2180355340242386,-0.09985724836587906,0.19268417358398438,-0.04770803824067116,0.24347171187400818,0.13119152188301086,0.29137009382247925,0.19267986714839935,0.04249502718448639,-0.1120082214474678,0.506258487701416,0.19540247321128845,0.10670094937086105,0.1327294260263443,0.30807697772979736,0.21310436725616455,0.02359798364341259,-0.1139024943113327,0.5256450176239014,0.2269299179315567,0.058224134147167206,0.1599871665239334,0.30301547050476074,0.02003721334040165,0.05124451592564583,-0.17226487398147583,0.5506842732429504,0.07052542269229889,0.10511840879917145,41,1.368,,,,,,,,,,,,,,,,,,,,,,,,,,,,,,,,,,,,,,,,,,,,,,,,,,,,,,,,,,,,,,,,,,,,,,,,,,,,,,,,,,,,,,,,,,,,,,,,,,,,,,,,,,,,,,,,,,,,,,,,,,,,,,,,,,,,,,,,,,,,,,,,,,,,,,,,,,,,,,,,,,,,,,,,
-0.0599987730383873,-0.5900564789772034,-0.2957511842250824,0.9976840019226074,-0.040969815105199814,-0.629395604133606,-0.29798659682273865,0.9964642524719238,-0.04135299474000931,-0.6291013360023499,-0.29979729652404785,0.9967167973518372,-0.040903616696596146,-0.6292019486427307,-0.29790666699409485,0.9966705441474915,-0.07505109161138535,-0.6319526433944702,-0.2892628312110901,0.9959805607795715,-0.07298499345779419,-0.6326684355735779,-0.28934165835380554,0.996077299118042,-0.07371331751346588,-0.6317902207374573,-0.2854444682598114,0.9959660768508911,0.06304187327623367,-0.6295182108879089,-0.23128779232501984,0.9970078468322754,-0.07439262419939041,-0.6363227963447571,-0.16680927574634552,0.9949843287467957,-0.02359561249613762,-0.567414402961731,-0.27565354108810425,0.9985708594322205,-0.06349582225084305,-0.5676876306533813,-0.2566503882408142,0.9983066916465759,0.17259609699249268,-0.44128867983818054,-0.17626135051250458,0.9987820386886597,-0.13328559696674347,-0.4621751010417938,-0.085994191467762,0.9988282918930054,0.16774089634418488,-0.19266390800476074,-0.15926727652549744,0.9420741200447083,-0.18229961395263672,-0.22783023118972778,-0.02907390333712101,0.7860621809959412,0.11958642303943634,-0.007763579487800598,-0.228484109044075,0.7468017935752869,-0.2256776988506317,-0.06000223383307457,-0.12329485267400742,0.6459600925445557,0.11199574172496796,0.0534549281001091,-0.25277674198150635,0.6888771653175354,-0.23737695813179016,-0.0020106055308133364,-0.13820981979370117,0.6136619448661804,0.0879930928349495,0.04825213924050331,-0.29741719365119934,0.7274888157844543,-0.23308567702770233,-0.003910391125828028,-0.17438443005084991,0.6424685120582581,0.10123346000909805,0.0021542797330766916,-0.2508668005466461,0.6989549994468689,-0.21892164647579193,-0.04403595253825188,-0.1416010558605194,0.6273900270462036,0.10039818286895752,-0.0022678247187286615,-0.021048154681921005,0.34178104996681213,-0.10037852823734283,-0.006114451680332422,0.022797545418143272,0.388467937707901,0.09739287197589874,0.028718873858451843,-0.038808707147836685,0.20533809065818787,-0.10027358680963516,0.17735160887241364,-0.051466431468725204,0.2311544567346573,0.12891514599323273,0.2924703359603882,0.19187432527542114,0.04068870097398758,-0.11314880847930908,0.500746488571167,0.18926763534545898,0.1003299206495285,0.13036298751831055,0.3095298707485199,0.21270351111888885,0.022315064445137978,-0.11393630504608154,0.5196308493614197,0.22117890417575836,0.05483410134911537,0.15713883936405182,0.30212411284446716,0.019147617742419243,0.04904722794890404,-0.16590209305286407,0.5437654852867126,0.06197303906083107,0.09901317209005356,42,1.401,,,,,,,,,,,,,,,,,,,,,,,,,,,,,,,,,,,,,,,,,,,,,,,,,,,,,,,,,,,,,,,,,,,,,,,,,,,,,,,,,,,,,,,,,,,,,,,,,,,,,,,,,,,,,,,,,,,,,,,,,,,,,,,,,,,,,,,,,,,,,,,,,,,,,,,,,,,,,,,,,,,,,,,,
