pose_world_0_x,pose_world_0_y,pose_world_0_z,pose_world_0_visibility,pose_world_1_x,pose_world_1_y,pose_world_1_z,pose_world_1_visibility,pose_world_2_x,pose_world_2_y,pose_world_2_z,pose_world_2_visibility,pose_world_3_x,pose_world_3_y,pose_world_3_z,pose_world_3_visibility,pose_world_4_x,pose_world_4_y,pose_world_4_z,pose_world_4_visibility,pose_world_5_x,pose_world_5_y,pose_world_5_z,pose_world_5_visibility,pose_world_6_x,pose_world_6_y,pose_world_6_z,pose_world_6_visibility,pose_world_7_x,pose_world_7_y,pose_world_7_z,pose_world_7_visibility,pose_world_8_x,pose_world_8_y,pose_world_8_z,pose_world_8_visibility,pose_world_9_x,pose_world_9_y,pose_world_9_z,pose_world_9_visibility,pose_world_10_x,pose_world_10_y,pose_world_10_z,pose_world_10_visibility,pose_world_11_x,pose_world_11_y,pose_world_11_z,pose_world_11_visibility,pose_world_12_x,pose_world_12_y,pose_world_12_z,pose_world_12_visibility,pose_world_13_x,pose_world_13_y,pose_world_13_z,pose_world_13_visibility,pose_world_14_x,pose_world_14_y,pose_world_14_z,pose_world_14_visibility,pose_world_15_x,pose_world_15_y,pose_world_15_z,pose_world_15_visibility,pose_world_16_x,pose_world_16_y,pose_world_16_z,pose_world_16_visibility,pose_world_17_x,pose_world_17_y,pose_world_17_z,pose_world_17_visibility,pose_world_18_x,pose_world_18_y,pose_world_18_z,pose_world_18_visibility,pose_world_19_x,pose_world_19_y,pose_world_19_z,pose_world_19_visibility,pose_world_20_x,pose_world_20_y,pose_world_20_z,pose_world_20_visibility,pose_world_21_x,pose_world_21_y,pose_world_21_z,pose_world_21_visibility,pose_world_22_x,pose_world_22_y,pose_world_22_z,pose_world_22_visibility,pose_world_23_x,pose_world_23_y,pose_world_23_z,pose_world_23_visibility,pose_world_24_x,pose_world_24_y,pose_world_24_z,pose_world_24_visibility,pose_world_25_x,pose_world_25_y,pose_world_25_z,pose_world_25_visibility,pose_world_26_x,pose_world_26_y,pose_world_26_z,pose_world_26_visibility,pose_world_27_x,pose_world_27_y,pose_world_27_z,pose_world_27_visibility,pose_world_28_x,pose_world_28_y,pose_world_28_z,pose_world_28_visibility,pose_world_29_x,pose_world_29_y,pose_world_29_z,pose_world_29_visibility,pose_world_30_x,pose_world_30_y,pose_world_30_z,pose_world_30_visibility,pose_world_31_x,pose_world_31_y,pose_world_31_z,pose_world_31_visibility,pose_world_32_x,pose_world_32_y,pose_world_32_z,pose_world_32_visibility,frame,timestamp,right_hand_0_x,right_hand_0_y,right_hand_0_z,right_hand_0_visibility,right_hand_1_x,right_hand_1_y,right_hand_1_z,right_hand_1_visibility,right_hand_2_x,right_hand_2_y,right_hand_2_z,right_hand_2_visibility,right_hand_3_x,right_hand_3_y,right_hand_3_z,right_hand_3_visibility,right_hand_4_x,right_hand_4_y,right_hand_4_z,right_hand_4_visibility,right_hand_5_x,right_hand_5_y,right_hand_5_z,right_hand_5_visibility,right_hand_6_x,right_hand_6_y,right_hand_6_z,right_hand_6_visibility,right_hand_7_x,right_hand_7_y,right_hand_7_z,right_hand_7_visibility,right_hand_8_x,right_hand_8_y,right_hand_8_z,right_hand_8_visibility,right_hand_9_x,right_hand_9_y,right_hand_9_z,right_hand_9_visibility,right_hand_10_x,right_hand_10_y,right_hand_10_z,right_hand_10_visibility,right_hand_11_x,right_hand_11_y,right_hand_11_z,right_hand_11_visibility,right_hand_12_x,right_hand_12_y,right_hand_12_z,right_hand_12_visibility,right_hand_13_x,right_hand_13_y,right_hand_13_z,right_hand_13_visibility,right_hand_14_x,right_hand_14_y,right_hand_14_z,right_hand_14_visibility,right_hand_15_x,right_hand_15_y,right_hand_15_z,right_hand_15_visibility,right_hand_16_x,right_hand_16_y,right_hand_16_z,right_hand_16_visibility,right_hand_17_x,right_hand_17_y,right_hand_17_z,right_hand_17_visibility,right_hand_18_x,right_hand_18_y,right_hand_18_z,right_hand_18_visibility,right_hand_19_x,right_hand_19_y,right_hand_19_z,right_hand_19_visibility,right_hand_20_x,right_hand_20_y,right_hand_20_z,right_hand_20_visibility
-0.08366271108388901,-0.5741628408432007,-0.31384703516960144,0.9983678460121155,-0.06112557649612427,-0.6126030683517456,-0.3151971399784088,0.9971354007720947,-0.06155246123671532,-0.6121647953987122,-0.3172398805618286,0.9976592063903809,-0.061066411435604095,-0.6121662259101868,-0.3155205547809601,0.9973879456520081,-0.09604848176240921,-0.6153758764266968,-0.3015703558921814,0.9958257675170898,-0.09418447315692902,-0.6162175536155701,-0.3013976812362671,0.9957133531570435,-0.09481572359800339,-0.6151842474937439,-0.2974222004413605,0.9942209720611572,0.061166826635599136,-0.6061078906059265,-0.25657403469085693,0.9982690811157227,-0.07925839722156525,-0.6152805685997009,-0.16741548478603363,0.992834210395813,-0.040882643312215805,-0.5483190417289734,-0.2980404496192932,0.999545156955719,-0.08163147419691086,-0.5495092272758484,-0.271379292011261,0.9993287324905396,0.18813680112361908,-0.40013694763183594,-0.2260674089193344,0.9995787739753723,-0.12470252811908722,-0.43599453568458557,-0.09760952740907669,0.9992305040359497,0.20747244358062744,-0.12909819185733795,-0.2242477983236313,0.9486244320869446,-0.1598166823387146,-0.22322162985801697,-0.028712831437587738,0.5770903825759888,0.19129931926727295,0.08927217870950699,-0.27999037504196167,0.46598365902900696,-0.20249657332897186,-0.06751544773578644,-0.1141766682267189,0.18511943519115448,0.19316792488098145,0.16448955237865448,-0.29805055260658264,0.3637961447238922,-0.20946505665779114,-0.00604654336348176,-0.11683377623558044,0.16687066853046417,0.16020622849464417,0.17602665722370148,-0.3393903076648712,0.465567022562027,-0.20286114513874054,0.009052318520843983,-0.1613801270723343,0.2225128412246704,0.16979540884494781,0.11006136983633041,-0.2968458831310272,0.419358491897583,-0.19258838891983032,-0.04425933584570885,-0.13576821982860565,0.22120414674282074,0.10628343373537064,0.0005534798838198185,-0.027600688859820366,0.11464130878448486,-0.10358128696680069,-0.006422265432775021,0.02936568856239319,0.1728796660900116,0.060994409024715424,0.03337956219911575,-0.06168602034449577,0.060487039387226105,-0.08548712730407715,0.05329295992851257,-0.14866849780082703,0.18312090635299683,0.12275556474924088,0.289291650056839,0.28462761640548706,0.016260717064142227,-0.08055385947227478,0.4852662980556488,0.14013895392417908,0.09657815843820572,0.12617234885692596,0.3085953891277313,0.3174268901348114,0.009730441495776176,-0.08283866941928864,0.5085325241088867,0.18457229435443878,0.04757526144385338,0.12452392280101776,0.27991342544555664,0.10824965685606003,0.014920157380402088,-0.13713154196739197,0.4905994236469269,0.014875663444399834,0.06151270121335983,0,0.0,,,,,,,,,,,,,,,,,,,,,,,,,,,,,,,,,,,,,,,,,,,,,,,,,,,,,,,,,,,,,,,,,,,,,,,,,,,,,,,,,,,,
-0.08295311778783798,-0.5776945948600769,-0.3132031559944153,0.9983079433441162,-0.060218892991542816,-0.6153913736343384,-0.31473246216773987,0.9970447421073914,-0.060640525072813034,-0.6150055527687073,-0.3167111277580261,0.9975833892822266,-0.06017263978719711,-0.615017294883728,-0.31499403715133667,0.9973042607307434,-0.09485279768705368,-0.6186986565589905,-0.30147045850753784,0.9957402348518372,-0.092935711145401,-0.6194945573806763,-0.3013190031051636,0.9956693053245544,-0.09360060840845108,-0.6185147166252136,-0.2973470687866211,0.9942064881324768,0.06017943099141121,-0.6076040863990784,-0.2546662390232086,0.9981811046600342,-0.07934899628162384,-0.6185522675514221,-0.16791336238384247,0.9928534626960754,-0.040959328413009644,-0.5517130494117737,-0.29676276445388794,0.9995037913322449,-0.08162928372621536,-0.5533950328826904,-0.27114906907081604,0.9992666244506836,0.18043601512908936,-0.4033677279949188,-0.21690090000629425,0.9995421171188354,-0.12971636652946472,-0.4428812861442566,-0.09557409584522247,0.9991490840911865,0.20747287571430206,-0.13254348933696747,-0.21490482985973358,0.946982741355896,-0.16199222207069397,-0.2257644236087799,-0.032452113926410675,0.5734694600105286,0.18918417394161224,0.0812336653470993,-0.2799757122993469,0.46392160654067993,-0.2014477401971817,-0.08314384520053864,-0.13051627576351166,0.18525028228759766,0.19050931930541992,0.15062479674816132,-0.30028656125068665,0.3629603385925293,-0.20685474574565887,-0.030767731368541718,-0.14296522736549377,0.16723839938640594,0.15712614357471466,0.15443794429302216,-0.34184539318084717,0.4640633761882782,-0.20226626098155975,-0.023632926866412163,-0.18364731967449188,0.22245720028877258,0.16794709861278534,0.09755522757768631,-0.2971954941749573,0.41848254203796387,-0.19211959838867188,-0.06468460708856583,-0.15097685158252716,0.22062769532203674,0.10537289083003998,0.00024191359989345074,-0.028026210144162178,0.11646755039691925,-0.10317879915237427,-0.006361103616654873,0.029758255928754807,0.16976337134838104,0.06715825945138931,0.04047638550400734,-0.06201324239373207,0.064019575715065,-0.08566654473543167,0.1435803771018982,-0.08679352700710297,0.17807883024215698,0.13185617327690125,0.30400457978248596,0.20948107540607452,0.016807936131954193,-0.08160968124866486,0.5013152956962585,0.1708211451768875,0.09212859719991684,0.13444246351718903,0.32277733087539673,0.23387059569358826,0.00975706335157156,-0.08348244428634644,0.5230805277824402,0.20765984058380127,0.0460398830473423,0.1374235451221466,0.31668028235435486,0.036988046020269394,0.01570567488670349,-0.1419314593076706,0.5359212756156921,0.05346480384469032,0.05974834784865379,1,0.033,,,,,,,,,,,,,,,,,,,,,,,,,,,,,,,,,,,,,,,,,,,,,,,,,,,,,,,,,,,,,,,,,,,,,,,,,,,,,,,,,,,,
-0.08200359344482422,-0.5794121026992798,-0.31287115812301636,0.998315155506134,-0.05944523960351944,-0.6170156598091125,-0.31421077251434326,0.9970587491989136,-0.0598609633743763,-0.6166520714759827,-0.31613531708717346,0.9975898861885071,-0.0594019740819931,-0.6166658997535706,-0.31441041827201843,0.997305691242218,-0.09409796446561813,-0.6204313039779663,-0.30142614245414734,0.9958128333091736,-0.09214423596858978,-0.6212027072906494,-0.30128762125968933,0.9957754015922546,-0.0928233414888382,-0.6202495098114014,-0.29731911420822144,0.994377851486206,0.059235576540231705,-0.608789324760437,-0.25145798921585083,0.9981552362442017,-0.08033853769302368,-0.6200041174888611,-0.16855937242507935,0.9931114315986633,-0.040949348360300064,-0.5533950328826904,-0.2957283556461334,0.9994895458221436,-0.08161008358001709,-0.5550479292869568,-0.2711028456687927,0.999252200126648,0.17716218531131744,-0.4057130813598633,-0.20757149159908295,0.9995139837265015,-0.13558197021484375,-0.44441986083984375,-0.09520917385816574,0.9991113543510437,0.20720183849334717,-0.13491930067539215,-0.2055242508649826,0.9448526501655579,-0.1668175309896469,-0.225483238697052,-0.042155101895332336,0.5748135447502136,0.18767961859703064,0.07612624764442444,-0.27973106503486633,0.4605805277824402,-0.20023302733898163,-0.08403043448925018,-0.15738768875598907,0.18721090257167816,0.1886182278394699,0.1438283622264862,-0.3011901378631592,0.36114102602005005,-0.2035335898399353,-0.032531388103961945,-0.1747056394815445,0.16898266971111298,0.1551966369152069,0.14537924528121948,-0.34341922402381897,0.4617377519607544,-0.20018184185028076,-0.02724837325513363,-0.21399065852165222,0.22414802014827728,0.16656655073165894,0.09085097908973694,-0.29731282591819763,0.4165078401565552,-0.19105671346187592,-0.06648404151201248,-0.1773523986339569,0.22137120366096497,0.10496865957975388,-0.00037641485687345266,-0.027896471321582794,0.11785484850406647,-0.10306339710950851,-0.0061355093494057655,0.029621141031384468,0.16677388548851013,0.07134145498275757,0.04026671499013901,-0.0619373619556427,0.06753619015216827,-0.08569315820932388,0.15716736018657684,-0.07975465804338455,0.1738114058971405,0.135752871632576,0.30634158849716187,0.19475474953651428,0.017401715740561485,-0.08343908190727234,0.5032462477684021,0.173992320895195,0.08825943619012833,0.13809902966022491,0.325092613697052,0.21816852688789368,0.009823350235819817,-0.08488276600837708,0.5245913863182068,0.20946799218654633,0.04451175779104233,0.14681376516819,0.3220963776111603,0.02074076235294342,0.01656682975590229,-0.14460107684135437,0.5427436232566833,0.05425899475812912,0.05834537744522095,2,0.066,,,,,,,,,,,,,,,,,,,,,,,,,,,,,,,,,,,,,,,,,,,,,,,,,,,,,,,,,,,,,,,,,,,,,,,,,,,,,,,,,,,,
-0.08173423260450363,-0.5801213383674622,-0.31203997135162354,0.998300313949585,-0.05927817523479462,-0.6177358031272888,-0.31326282024383545,0.9970308542251587,-0.05969315394759178,-0.6173807978630066,-0.31512945890426636,0.9975656270980835,-0.05923818051815033,-0.6173968315124512,-0.3133998215198517,0.9972707629203796,-0.09388358891010284,-0.6211407780647278,-0.3010641932487488,0.995823860168457,-0.0919172465801239,-0.6219001412391663,-0.300956130027771,0.9958226084709167,-0.09260132163763046,-0.6209573745727539,-0.2969954013824463,0.994467556476593,0.05783769488334656,-0.6098317503929138,-0.2491881549358368,0.9981078505516052,-0.08128033578395844,-0.6208544969558716,-0.16866368055343628,0.9932612180709839,-0.04104910045862198,-0.5543441772460938,-0.2943476736545563,0.9994727373123169,-0.08165402710437775,-0.5558924078941345,-0.2706994414329529,0.9992361068725586,0.17478600144386292,-0.40826886892318726,-0.20309288799762726,0.9994967579841614,-0.13861608505249023,-0.4457090497016907,-0.09470784664154053,0.9990906715393066,0.20719961822032928,-0.13767318427562714,-0.20119145512580872,0.9435589909553528,-0.17044863104820251,-0.22537004947662354,-0.04424799233675003,0.5769736766815186,0.1871432363986969,0.07316544651985168,-0.279363751411438,0.45819106698036194,-0.19959717988967896,-0.0838472992181778,-0.15982656180858612,0.18879595398902893,0.18788444995880127,0.13985376060009003,-0.3016217350959778,0.3596973717212677,-0.201594740152359,-0.03257524222135544,-0.17653807997703552,0.17027147114276886,0.15423738956451416,0.1410718858242035,-0.34403306245803833,0.46000009775161743,-0.1987268179655075,-0.027730504050850868,-0.21560144424438477,0.22541867196559906,0.16604037582874298,0.0874733179807663,-0.29732248187065125,0.41485509276390076,-0.19046281278133392,-0.06646693497896194,-0.17972011864185333,0.2216854989528656,0.10463888943195343,-0.0008634579135105014,-0.027780381962656975,0.11677701771259308,-0.10294254869222641,-0.0059596518985927105,0.029502181336283684,0.16251371800899506,0.07496201246976852,0.03956037759780884,-0.062373965978622437,0.06873450428247452,-0.08578940480947495,0.15258751809597015,-0.08811277896165848,0.1689281016588211,0.14123404026031494,0.30407294631004333,0.1968388855457306,0.017280390486121178,-0.08537989854812622,0.5025513172149658,0.17059044539928436,0.08423183858394623,0.14366772770881653,0.3216375708580017,0.22168847918510437,0.009678861126303673,-0.08656159043312073,0.5238825678825378,0.2088761180639267,0.042974140495061874,0.15671035647392273,0.31678009033203125,0.024166300892829895,0.01672299951314926,-0.1460985541343689,0.5401155352592468,0.049815502017736435,0.05663132295012474,3,0.1,,,,,,,,,,,,,,,,,,,,,,,,,,,,,,,,,,,,,,,,,,,,,,,,,,,,,,,,,,,,,,,,,,,,,,,,,,,,,,,,,,,,
-0.08164382725954056,-0.5802106261253357,-0.3118315637111664,0.9982909560203552,-0.058871131390333176,-0.6178063750267029,-0.3130246698856354,0.9970029592514038,-0.05929017812013626,-0.6174549460411072,-0.3148547112941742,0.9975447058677673,-0.058841947466135025,-0.6174691319465637,-0.3131278157234192,0.997238039970398,-0.09348265081644058,-0.6213212609291077,-0.30098310112953186,0.9958283305168152,-0.09149903804063797,-0.6220735907554626,-0.3008810579776764,0.9958632588386536,-0.09218401461839676,-0.6211296916007996,-0.2969270944595337,0.9945385456085205,0.05776913836598396,-0.6098074913024902,-0.2485826462507248,0.9980535507202148,-0.08132025599479675,-0.6211206316947937,-0.16866374015808105,0.9933717846870422,-0.0412571094930172,-0.55436110496521,-0.2939355671405792,0.9994592666625977,-0.08181352913379669,-0.556010901927948,-0.27054938673973083,0.9992204904556274,0.17281445860862732,-0.40834110975265503,-0.20302754640579224,0.9994822144508362,-0.14014583826065063,-0.44577473402023315,-0.09338296949863434,0.9990747570991516,0.20713046193122864,-0.13795161247253418,-0.20214249193668365,0.9424328207969666,-0.1730097383260727,-0.22450414299964905,-0.04389604181051254,0.5784158110618591,0.18671759963035583,0.07143376767635345,-0.2808283865451813,0.45186182856559753,-0.19960734248161316,-0.08250822126865387,-0.15792232751846313,0.18797986209392548,0.18733593821525574,0.13779978454113007,-0.3058512508869171,0.3542020618915558,-0.20141379535198212,-0.03218505159020424,-0.17294950783252716,0.16897937655448914,0.15294793248176575,0.14005757868289948,-0.34891650080680847,0.4543990194797516,-0.19862449169158936,-0.025701317936182022,-0.21321901679039001,0.2238713651895523,0.16547176241874695,0.08611860871315002,-0.30010494589805603,0.4091659188270569,-0.19046086072921753,-0.0656045451760292,-0.17831166088581085,0.21931324899196625,0.10417869687080383,-0.0013157137436792254,-0.02797941118478775,0.11398547142744064,-0.10265173017978668,-0.005723616108298302,0.029703324660658836,0.15610727667808533,0.07452519983053207,0.03550958260893822,-0.07113096863031387,0.06973078101873398,-0.08666689693927765,0.1458565890789032,-0.09359663724899292,0.16180045902729034,0.14275787770748138,0.30365604162216187,0.17550277709960938,0.017264848574995995,-0.08704826235771179,0.5020290017127991,0.16859127581119537,0.07948806136846542,0.1451837569475174,0.32123833894729614,0.19906364381313324,0.009538047946989536,-0.08850167691707611,0.5233331322669983,0.20844674110412598,0.041042860597372055,0.15848760306835175,0.31565627455711365,-0.006113795097917318,0.01695992238819599,-0.149372860789299,0.5352055430412292,0.04706520214676857,0.054143138229846954,4,0.133,,,,,,,,,,,,,,,,,,,,,,,,,,,,,,,,,,,,,,,,,,,,,,,,,,,,,,,,,,,,,,,,,,,,,,,,,,,,,,,,,,,,
-0.08171825855970383,-0.5813223719596863,-0.31183764338493347,0.9982594847679138,-0.05883501097559929,-0.6186553239822388,-0.3130201995372772,0.9969354271888733,-0.05925283953547478,-0.6183186173439026,-0.3148442804813385,0.9974871873855591,-0.05880632996559143,-0.6183295845985413,-0.3131181001663208,0.9971616268157959,-0.09345404803752899,-0.6223586201667786,-0.30103448033332825,0.9957943558692932,-0.09146502614021301,-0.6231012940406799,-0.3009422719478607,0.9958678483963013,-0.09215095639228821,-0.6221601366996765,-0.2969950735569,0.9945728182792664,0.057138994336128235,-0.6099297404289246,-0.2484394758939743,0.9979652762413025,-0.08202142268419266,-0.6217098832130432,-0.16896206140518188,0.9934567213058472,-0.04216393455862999,-0.5551580190658569,-0.2939104735851288,0.9994326829910278,-0.08268053829669952,-0.556967556476593,-0.27059346437454224,0.9991926550865173,0.17025260627269745,-0.40868592262268066,-0.20347945392131805,0.999458909034729,-0.14354507625102997,-0.4458801746368408,-0.09300121665000916,0.9990552067756653,0.20736941695213318,-0.13915212452411652,-0.20293085277080536,0.9417753219604492,-0.1754097193479538,-0.22336019575595856,-0.04377325624227524,0.5811622142791748,0.1867000162601471,0.07044180482625961,-0.281345933675766,0.44790592789649963,-0.20060941576957703,-0.07624562084674835,-0.15528012812137604,0.18820632994174957,0.18727274239063263,0.13686788082122803,-0.3077918589115143,0.35023462772369385,-0.20197108387947083,-0.025298023596405983,-0.16929404437541962,0.16856078803539276,0.1523788720369339,0.1390349566936493,-0.35081982612609863,0.4501035809516907,-0.19968387484550476,-0.019584840163588524,-0.2104768306016922,0.22327037155628204,0.16537603735923767,0.08516667038202286,-0.3011628985404968,0.40488702058792114,-0.19153764843940735,-0.05907696858048439,-0.1758800446987152,0.2180543690919876,0.1038273349404335,-0.0017670337110757828,-0.02810806967318058,0.11364676058292389,-0.1024913564324379,-0.005458023864775896,0.029821813106536865,0.15294089913368225,0.07422641664743423,0.037128716707229614,-0.07080382853746414,0.07187103480100632,-0.08703505247831345,0.1647874116897583,-0.08629853278398514,0.15657499432563782,0.14308162033557892,0.30641239881515503,0.1757616549730301,0.017525985836982727,-0.08873825520277023,0.5087759494781494,0.16917482018470764,0.07570666819810867,0.14548195898532867,0.3239632844924927,0.19875027239322662,0.009480352513492107,-0.09052573889493942,0.5297239422798157,0.2073642909526825,0.03946126997470856,0.15871739387512207,0.31747928261756897,-0.0025493053253740072,0.01748153753578663,-0.15274599194526672,0.5434125065803528,0.0485883392393589,0.05238407105207443,5,0.166,,,,,,,,,,,,,,,,,,,,,,,,,,,,,,,,,,,,,,,,,,,,,,,,,,,,,,,,,,,,,,,,,,,,,,,,,,,,,,,,,,,,
-0.08183293044567108,-0.5819821953773499,-0.3119979500770569,0.9982044100761414,-0.058781206607818604,-0.6190184950828552,-0.3132573664188385,0.9968370795249939,-0.059197016060352325,-0.6186893582344055,-0.31505677103996277,0.997408926486969,-0.05875267833471298,-0.6187008023262024,-0.3133333623409271,0.9970663189888,-0.09336213767528534,-0.6228830814361572,-0.30135661363601685,0.9956900477409363,-0.09136582165956497,-0.6236217021942139,-0.3012818396091461,0.9957966804504395,-0.09205538034439087,-0.6226800680160522,-0.2973434031009674,0.9945082664489746,0.05680707469582558,-0.6098791360855103,-0.24877765774726868,0.9978629946708679,-0.0820564553141594,-0.6219239234924316,-0.1696361005306244,0.993408739566803,-0.0429796427488327,-0.5555437803268433,-0.29404422640800476,0.9993956089019775,-0.08327239006757736,-0.5575372576713562,-0.27081385254859924,0.9991438388824463,0.16805577278137207,-0.4086238443851471,-0.20390833914279938,0.9994392991065979,-0.1442190557718277,-0.44598737359046936,-0.09269844740629196,0.9990236163139343,0.2073902189731598,-0.13955150544643402,-0.20325051248073578,0.9415484666824341,-0.1756133884191513,-0.22299368679523468,-0.04220538213849068,0.5814168453216553,0.18664595484733582,0.07071992754936218,-0.2819238603115082,0.4462641775608063,-0.20194658637046814,-0.06855149567127228,-0.14524774253368378,0.1877172291278839,0.18727605044841766,0.13745884597301483,-0.3092278838157654,0.34811854362487793,-0.20364265143871307,-0.0153715331107378,-0.15856525301933289,0.16764196753501892,0.15204334259033203,0.1402018815279007,-0.3515951335430145,0.44759705662727356,-0.20202384889125824,-0.007740422617644072,-0.20108360052108765,0.221995010972023,0.16526077687740326,0.08573181927204132,-0.30184322595596313,0.4024204611778259,-0.19316145777702332,-0.05004790052771568,-0.16596414148807526,0.2164817750453949,0.10332409292459488,-0.0018567332299426198,-0.028666043654084206,0.11385174095630646,-0.10216870903968811,-0.005415325053036213,0.03035029023885727,0.15019115805625916,0.07382342964410782,0.04147125408053398,-0.07058649510145187,0.07350894063711166,-0.08764132112264633,0.1654789298772812,-0.07980495691299438,0.15135881304740906,0.14263497292995453,0.31179720163345337,0.1746719926595688,0.017765020951628685,-0.08966934680938721,0.5105745792388916,0.17134033143520355,0.07210972905158997,0.14517705142498016,0.329611212015152,0.19729168713092804,0.009401843883097172,-0.09165601432323456,0.5316392779350281,0.20812605321407318,0.03803049027919769,0.1575903445482254,0.323655366897583,-0.0013683824799954891,0.017913969233632088,-0.15568506717681885,0.545184850692749,0.05378495901823044,0.05066819489002228,6,0.2,,,,,,,,,,,,,,,,,,,,,,,,,,,,,,,,,,,,,,,,,,,,,,,,,,,,,,,,,,,,,,,,,,,,,,,,,,,,,,,,,,,,
-0.08244004100561142,-0.582278311252594,-0.3108431100845337,0.9981141686439514,-0.05903156101703644,-0.619204044342041,-0.3124123215675354,0.9966835379600525,-0.05944688990712166,-0.6188820600509644,-0.3141869604587555,0.9972820281982422,-0.05900244787335396,-0.6188988089561462,-0.31245821714401245,0.9969192743301392,-0.09345240145921707,-0.6231462955474854,-0.30054500699043274,0.9954971075057983,-0.09145088493824005,-0.6238892078399658,-0.3004959523677826,0.9956308007240295,-0.09214375168085098,-0.6229493021965027,-0.29656291007995605,0.9943203330039978,0.05581297725439072,-0.6098884344100952,-0.24861007928848267,0.9977283477783203,-0.08212099224328995,-0.622255265712738,-0.16950589418411255,0.993182897567749,-0.04423720762133598,-0.5557965636253357,-0.29307904839515686,0.9993414282798767,-0.08410066366195679,-0.5578891038894653,-0.2699359655380249,0.9990780353546143,0.166331484913826,-0.4086899161338806,-0.20435220003128052,0.9994112253189087,-0.14411762356758118,-0.44647154211997986,-0.08967646956443787,0.9989787936210632,0.20732301473617554,-0.1396673619747162,-0.2037036418914795,0.9419542551040649,-0.17580130696296692,-0.22325117886066437,-0.036104753613471985,0.5806910991668701,0.18662495911121368,0.07102923840284348,-0.2799628674983978,0.4527735412120819,-0.2034355252981186,-0.06793216615915298,-0.13210918009281158,0.18975646793842316,0.1872922033071518,0.13806916773319244,-0.3079722225666046,0.3530992865562439,-0.20584018528461456,-0.014487541280686855,-0.1454889178276062,0.16897733509540558,0.15207327902317047,0.14098556339740753,-0.34904932975769043,0.45191317796707153,-0.20444224774837494,-0.007308754604309797,-0.1868494302034378,0.22317813336849213,0.16526097059249878,0.08626757562160492,-0.29963451623916626,0.40647822618484497,-0.19488419592380524,-0.049429524689912796,-0.15229898691177368,0.21730758249759674,0.10282998532056808,-0.0019081791397184134,-0.02900114469230175,0.115097776055336,-0.10182305425405502,-0.005392992869019508,0.030661925673484802,0.1500520557165146,0.07414259761571884,0.04818135127425194,-0.06833670288324356,0.07557064294815063,-0.08764394372701645,0.16480474174022675,-0.0832979753613472,0.14967814087867737,0.14222554862499237,0.31530770659446716,0.1807120144367218,0.018087279051542282,-0.08963077515363693,0.5130165815353394,0.16154368221759796,0.07029630988836288,0.14485350251197815,0.3332967758178711,0.20360808074474335,0.009419439360499382,-0.09161241352558136,0.5342875123023987,0.1942700445652008,0.03750801086425781,0.15626120567321777,0.3284790813922882,0.007591900881379843,0.018484320491552353,-0.15530167520046234,0.5478879809379578,0.04455270245671272,0.0503978356719017,7,0.233,,,,,,,,,,,,,,,,,,,,,,,,,,,,,,,,,,,,,,,,,,,,,,,,,,,,,,,,,,,,,,,,,,,,,,,,,,,,,,,,,,,,
-0.08253302425146103,-0.5834037065505981,-0.3107161819934845,0.9980112910270691,-0.05905762314796448,-0.6201975345611572,-0.3123556077480316,0.9965312480926514,-0.05947210267186165,-0.6198901534080505,-0.31412604451179504,0.997150182723999,-0.05902799963951111,-0.6199194192886353,-0.31239593029022217,0.9967849254608154,-0.09344650059938431,-0.6240990161895752,-0.3005145490169525,0.9953035712242126,-0.09144332259893417,-0.6248493790626526,-0.30047181248664856,0.9954584836959839,-0.09213750064373016,-0.6239168047904968,-0.2965390384197235,0.9941561222076416,0.055214788764715195,-0.6107019186019897,-0.2486477941274643,0.9975963830947876,-0.08218526840209961,-0.6230475902557373,-0.16970500349998474,0.9929900765419006,-0.04462295025587082,-0.5569791197776794,-0.2929649353027344,0.9992820620536804,-0.0843227282166481,-0.5589895844459534,-0.2698928415775299,0.9989987015724182,0.16556595265865326,-0.40986698865890503,-0.20458973944187164,0.9993849992752075,-0.14424383640289307,-0.44732385873794556,-0.0886671170592308,0.9989266991615295,0.2072606384754181,-0.14101919531822205,-0.2026376724243164,0.9424450993537903,-0.17578135430812836,-0.22364288568496704,-0.034222111105918884,0.5809061527252197,0.1867491602897644,0.07091474533081055,-0.2763749361038208,0.4621223509311676,-0.20343922078609467,-0.06944029778242111,-0.12932248413562775,0.19418174028396606,0.18763229250907898,0.13767112791538239,-0.3053210377693176,0.3612237870693207,-0.205915167927742,-0.01727268286049366,-0.1436016708612442,0.17271853983402252,0.15270087122917175,0.13969402015209198,-0.34579455852508545,0.4592970907688141,-0.2046300619840622,-0.012432174757122993,-0.18426162004470825,0.2270997017621994,0.16557623445987701,0.08585146069526672,-0.29616206884384155,0.41397637128829956,-0.19492366909980774,-0.051973987370729446,-0.14925087988376617,0.2207716405391693,0.10259155184030533,-0.0020526123698800802,-0.029243258759379387,0.11970183998346329,-0.1017032042145729,-0.005312527995556593,0.030883314087986946,0.15241168439388275,0.07896064966917038,0.05607429891824722,-0.0638740286231041,0.07884673029184341,-0.08598679304122925,0.18038517236709595,-0.06688748300075531,0.14829625189304352,0.14558233320713043,0.3198353350162506,0.18414011597633362,0.018672959879040718,-0.08415436744689941,0.5176945924758911,0.1701635867357254,0.06854546070098877,0.1480608582496643,0.33796390891075134,0.20684699714183807,0.009518961422145367,-0.085191510617733,0.5388624668121338,0.2012804001569748,0.03692768141627312,0.16100645065307617,0.33629652857780457,0.012714231386780739,0.019353773444890976,-0.1476173996925354,0.5575389266014099,0.05427113547921181,0.05025959014892578,8,0.266,,,,,,,,,,,,,,,,,,,,,,,,,,,,,,,,,,,,,,,,,,,,,,,,,,,,,,,,,,,,,,,,,,,,,,,,,,,,,,,,,,,,
-0.08253608644008636,-0.5847777724266052,-0.3110104501247406,0.9979407787322998,-0.05904591828584671,-0.6216238737106323,-0.31263935565948486,0.9964333772659302,-0.05945808067917824,-0.6213255524635315,-0.31440556049346924,0.9970688819885254,-0.05901462584733963,-0.6213616728782654,-0.31267598271369934,0.9967109560966492,-0.09343457221984863,-0.6252709031105042,-0.30092915892601013,0.9951596856117249,-0.09142955392599106,-0.6260135173797607,-0.30089959502220154,0.9953151345252991,-0.09212575852870941,-0.6250736117362976,-0.29696860909461975,0.9940252304077148,0.05507827177643776,-0.6119548082351685,-0.24883991479873657,0.9974933862686157,-0.08242933452129364,-0.6234892010688782,-0.17019619047641754,0.9928163886070251,-0.04464123398065567,-0.5583387613296509,-0.29314926266670227,0.9992247223854065,-0.08435136079788208,-0.5600259900093079,-0.27015918493270874,0.9989112019538879,0.16552284359931946,-0.4120839834213257,-0.20486445724964142,0.9993764758110046,-0.144402414560318,-0.44727951288223267,-0.08882354199886322,0.9988912343978882,0.20691533386707306,-0.14821213483810425,-0.20297151803970337,0.9435473084449768,-0.17798690497875214,-0.22301779687404633,-0.030970130115747452,0.5864486694335938,0.1858186274766922,0.06695705652236938,-0.27643659710884094,0.4724770486354828,-0.2074311226606369,-0.05409519001841545,-0.11015118658542633,0.19939690828323364,0.1865752935409546,0.1335504949092865,-0.30545637011528015,0.3691471517086029,-0.2117244303226471,0.0025452054105699062,-0.119562067091465,0.17625762522220612,0.1511937975883484,0.1363002210855484,-0.34568658471107483,0.466732919216156,-0.2103116363286972,0.009518016129732132,-0.16222794353961945,0.23099659383296967,0.16459889709949493,0.08218410611152649,-0.29614365100860596,0.4212818145751953,-0.19905705749988556,-0.0350055918097496,-0.13011673092842102,0.2244553118944168,0.10253998637199402,-0.0020908236037939787,-0.029239356517791748,0.12439777702093124,-0.10167820006608963,-0.005274623166769743,0.03087371215224266,0.155259907245636,0.07856820523738861,0.06141265481710434,-0.056873757392168045,0.0806059017777443,-0.08639110624790192,0.18393129110336304,-0.0588412843644619,0.14651177823543549,0.14266937971115112,0.3246329426765442,0.1848299205303192,0.019024647772312164,-0.0880349725484848,0.5257071256637573,0.1826910376548767,0.06664704531431198,0.14480188488960266,0.34320464730262756,0.2086736559867859,0.009506534785032272,-0.08953405171632767,0.5474679470062256,0.21507881581783295,0.0359438993036747,0.15743763744831085,0.34127500653266907,0.020947659388184547,0.019952520728111267,-0.15242765843868256,0.5641348958015442,0.06859642267227173,0.04973185807466507,9,0.3,,,,,,,,,,,,,,,,,,,,,,,,,,,,,,,,,,,,,,,,,,,,,,,,,,,,,,,,,,,,,,,,,,,,,,,,,,,,,,,,,,,,
-0.08120186626911163,-0.5868104100227356,-0.31151172518730164,0.9979676604270935,-0.058086369186639786,-0.6238880753517151,-0.3128872513771057,0.9964869618415833,-0.058470115065574646,-0.6235937476158142,-0.31463930010795593,0.9971060156822205,-0.05803955718874931,-0.6236314177513123,-0.31291162967681885,0.9967609643936157,-0.09277360886335373,-0.6271669864654541,-0.3016704022884369,0.9952499270439148,-0.09074825793504715,-0.6279012560844421,-0.30166923999786377,0.9954045414924622,-0.09144901484251022,-0.6269536018371582,-0.2977532744407654,0.9941814541816711,0.05507917329668999,-0.6147944927215576,-0.24849170446395874,0.9974820613861084,-0.08312221616506577,-0.6248397827148438,-0.17128247022628784,0.992999792098999,-0.04371887817978859,-0.5605859160423279,-0.29323679208755493,0.9992008209228516,-0.08378487080335617,-0.5617592930793762,-0.27072733640670776,0.9988786578178406,0.16574719548225403,-0.41690993309020996,-0.2035241425037384,0.999373197555542,-0.14545390009880066,-0.4473331570625305,-0.09124819934368134,0.9988841414451599,0.20707905292510986,-0.15636202692985535,-0.20172357559204102,0.9440323114395142,-0.18040511012077332,-0.22199679911136627,-0.03247249498963356,0.5956581234931946,0.1859102100133896,0.06034703180193901,-0.27614977955818176,0.47769829630851746,-0.21636676788330078,-0.046764060854911804,-0.11205379664897919,0.205001100897789,0.18685166537761688,0.12775960564613342,-0.30514898896217346,0.3726623058319092,-0.22350922226905823,0.011504063382744789,-0.12122833728790283,0.18021459877490997,0.15124407410621643,0.13058575987815857,-0.345441609621048,0.47019362449645996,-0.2230767458677292,0.01978006772696972,-0.16443604230880737,0.2356119602918625,0.1646571308374405,0.07561839371919632,-0.2959551215171814,0.42473870515823364,-0.20890149474143982,-0.027065621688961983,-0.1322413831949234,0.22884613275527954,0.10252660512924194,-0.0024213790893554688,-0.028365684673190117,0.13267002999782562,-0.10169011354446411,-0.0049846176989376545,0.02994426153600216,0.1613716036081314,0.07807034999132156,0.0624079667031765,-0.047611430287361145,0.08228182792663574,-0.08673427253961563,0.2066563218832016,-0.04961129277944565,0.1451481133699417,0.14056913554668427,0.32631543278694153,0.18811215460300446,0.019516224041581154,-0.09433575719594955,0.5356217622756958,0.19246649742126465,0.0650588646531105,0.14273221790790558,0.3453189730644226,0.2122879922389984,0.009496702812612057,-0.09653646498918533,0.5582150816917419,0.22493907809257507,0.03482622653245926,0.1550692319869995,0.3472922444343567,0.023266077041625977,0.02077549882233143,-0.16124260425567627,0.5799797773361206,0.078975610435009,0.04952039197087288,10,0.333,,,,,,,,,,,,,,,,,,,,,,,,,,,,,,,,,,,,,,,,,,,,,,,,,,,,,,,,,,,,,,,,,,,,,,,,,,,,,,,,,,,,
-0.07968742400407791,-0.587836742401123,-0.3114394545555115,0.9979325532913208,-0.05682091414928436,-0.6249464750289917,-0.3127170205116272,0.9964407086372375,-0.05718783289194107,-0.6246622800827026,-0.31445592641830444,0.9970558881759644,-0.05676692724227905,-0.62470942735672,-0.312722772359848,0.9967162013053894,-0.09162116050720215,-0.6280996799468994,-0.301656037569046,0.9952007532119751,-0.08956996351480484,-0.6288384199142456,-0.3016589879989624,0.995360255241394,-0.09026993066072464,-0.6278883814811707,-0.2977449297904968,0.9941889047622681,0.05514969304203987,-0.6161234974861145,-0.24746555089950562,0.9973913431167603,-0.08315259963274002,-0.6256751418113708,-0.1714390367269516,0.9930030107498169,-0.042666323482990265,-0.5617323517799377,-0.29297786951065063,0.9991515278816223,-0.08288080245256424,-0.5627055764198303,-0.27071791887283325,0.9988138675689697,0.16593660414218903,-0.4192909598350525,-0.2010386437177658,0.9993616342544556,-0.1458999067544937,-0.4480558931827545,-0.09134773910045624,0.9988798499107361,0.2070467323064804,-0.1614416241645813,-0.1999867558479309,0.945206880569458,-0.18569855391979218,-0.22419634461402893,-0.03241293877363205,0.608721137046814,0.18614989519119263,0.0559021420776844,-0.2758144438266754,0.4894595742225647,-0.23126934468746185,-0.04843558743596077,-0.11285147815942764,0.21784967184066772,0.18743488192558289,0.12329850345849991,-0.30500563979148865,0.3819549083709717,-0.24146708846092224,0.00958366971462965,-0.12224075198173523,0.1900343894958496,0.15212419629096985,0.12491581588983536,-0.3453466296195984,0.47912701964378357,-0.2417566180229187,0.01856004074215889,-0.1658705621957779,0.24678128957748413,0.16500622034072876,0.07070700079202652,-0.29576733708381653,0.4333959221839905,-0.22479213774204254,-0.028571393340826035,-0.1332530677318573,0.23924881219863892,0.10238513350486755,-0.0025442708283662796,-0.0281500443816185,0.14123061299324036,-0.10166282206773758,-0.004902757704257965,0.029699014499783516,0.16799882054328918,0.07781634479761124,0.06387980282306671,-0.04704557731747627,0.08517948538064957,-0.08679722249507904,0.21382568776607513,-0.04479837790131569,0.14497792720794678,0.1399381011724472,0.32690566778182983,0.18489940464496613,0.020088138058781624,-0.0949503555893898,0.5361782312393188,0.19238339364528656,0.06380931288003922,0.1421409398317337,0.3460281789302826,0.20702403783798218,0.00952010229229927,-0.0971246212720871,0.558955729007721,0.22423909604549408,0.03397026285529137,0.1545225828886032,0.34968945384025574,0.023939793929457664,0.021689871326088905,-0.16316057741641998,0.5813696384429932,0.08003497123718262,0.04960281401872635,11,0.367,,,,,,,,,,,,,,,,,,,,,,,,,,,,,,,,,,,,,,,,,,,,,,,,,,,,,,,,,,,,,,,,,,,,,,,,,,,,,,,,,,,,
-0.0789831206202507,-0.5878346562385559,-0.3114510774612427,0.9978911876678467,-0.05606720224022865,-0.6249188184738159,-0.31271594762802124,0.9963875412940979,-0.05643818899989128,-0.6246344447135925,-0.3144550621509552,0.9969979524612427,-0.05601394921541214,-0.624683141708374,-0.3127185106277466,0.9966748356819153,-0.09087739139795303,-0.6280915141105652,-0.3016892373561859,0.9951309561729431,-0.08881592005491257,-0.6288322806358337,-0.3016929030418396,0.9952875971794128,-0.0895102322101593,-0.6278812885284424,-0.2977786362171173,0.9941635131835938,0.055228132754564285,-0.6160740852355957,-0.2470971941947937,0.9973030090332031,-0.08315321803092957,-0.6257584095001221,-0.17153559625148773,0.9928947687149048,-0.042185600847005844,-0.5617357492446899,-0.2929518520832062,0.9990983009338379,-0.08245684951543808,-0.5627593398094177,-0.2707419991493225,0.9987329244613647,0.16591033339500427,-0.419650673866272,-0.19998247921466827,0.9993497729301453,-0.14608624577522278,-0.44868773221969604,-0.09069707244634628,0.998866081237793,0.20697787404060364,-0.16328410804271698,-0.19840770959854126,0.9469758868217468,-0.19249384105205536,-0.22846730053424835,-0.029156295582652092,0.6209860444068909,0.18641190230846405,0.05548809468746185,-0.27506023645401,0.507882297039032,-0.25364580750465393,-0.0540965311229229,-0.11119356751441956,0.23507283627986908,0.188008114695549,0.12283052504062653,-0.30446770787239075,0.39869484305381775,-0.2691204845905304,0.001127195660956204,-0.12129590660333633,0.20410513877868652,0.15320390462875366,0.12384801357984543,-0.34470513463020325,0.4946407079696655,-0.2702798545360565,0.007241150829941034,-0.16534167528152466,0.2624211609363556,0.16540634632110596,0.07017461955547333,-0.2950369417667389,0.44908225536346436,-0.24871906638145447,-0.03520186245441437,-0.1318807154893875,0.2544298470020294,0.10204506665468216,-0.0025574290193617344,-0.028145305812358856,0.14760835468769073,-0.10141193121671677,-0.0048970007337629795,0.029693935066461563,0.17256365716457367,0.07778218388557434,0.06306689232587814,-0.0516914427280426,0.08746033906936646,-0.08764414489269257,0.20298081636428833,-0.0487249419093132,0.14331133663654327,0.1367625594139099,0.32824569940567017,0.16946864128112793,0.020644091069698334,-0.09483867138624191,0.5353758931159973,0.18957552313804626,0.062390100210905075,0.13856229186058044,0.34751638770103455,0.1897122710943222,0.00964002963155508,-0.09695926308631897,0.5579639077186584,0.2185858190059662,0.03343307599425316,0.14828895032405853,0.3486689329147339,0.009265834465622902,0.022420542314648628,-0.16266889870166779,0.5780389904975891,0.07814135402441025,0.049308426678180695,12,0.4,,,,,,,,,,,,,,,,,,,,,,,,,,,,,,,,,,,,,,,,,,,,,,,,,,,,,,,,,,,,,,,,,,,,,,,,,,,,,,,,,,,,
-0.0789167732000351,-0.5874356627464294,-0.31146836280822754,0.9978548288345337,-0.05588532239198685,-0.6243684887886047,-0.3129420280456543,0.9963705539703369,-0.05626923218369484,-0.6240888833999634,-0.3146982192993164,0.996971070766449,-0.05583987012505531,-0.6241633892059326,-0.31292563676834106,0.9966906309127808,-0.09034296870231628,-0.6276240348815918,-0.3017323315143585,0.9950698614120483,-0.08827876299619675,-0.6283779144287109,-0.30173420906066895,0.995205283164978,-0.08896864950656891,-0.6274263262748718,-0.2978159785270691,0.9941408038139343,0.05536826327443123,-0.6155886650085449,-0.24831974506378174,0.9972835779190063,-0.08128251135349274,-0.6256609559059143,-0.17165440320968628,0.9926860928535461,-0.042114295065402985,-0.5614297389984131,-0.29317134618759155,0.9990606904029846,-0.08211863040924072,-0.5625714659690857,-0.2707834839820862,0.9986456036567688,0.16594499349594116,-0.41927996277809143,-0.2015817016363144,0.9993559718132019,-0.1447170227766037,-0.44907906651496887,-0.08330215513706207,0.9988330006599426,0.20685356855392456,-0.16264429688453674,-0.19864483177661896,0.9499122500419617,-0.1915660798549652,-0.23229219019412994,-0.016234545037150383,0.6261698007583618,0.18640589714050293,0.056170765310525894,-0.27499550580978394,0.5393965840339661,-0.28406819701194763,-0.09032974392175674,-0.1071590930223465,0.25889715552330017,0.18808071315288544,0.12289676815271378,-0.3045195937156677,0.43210992217063904,-0.3122236132621765,-0.05006437003612518,-0.11931068450212479,0.22655200958251953,0.15402284264564514,0.12156511098146439,-0.34461456537246704,0.5241151452064514,-0.32156455516815186,-0.05034215375781059,-0.1636074185371399,0.28653484582901,0.1654801070690155,0.07075738161802292,-0.29488605260849,0.4798414409160614,-0.2848265469074249,-0.07586764544248581,-0.12873971462249756,0.27868497371673584,0.10179619491100311,-0.002244713716208935,-0.030139952898025513,0.15777860581874847,-0.10117576271295547,-0.005335355177521706,0.03175217658281326,0.17935344576835632,0.07773611694574356,0.06274842470884323,-0.060616809874773026,0.09180228412151337,-0.09434753656387329,0.18792854249477386,-0.047436509281396866,0.14243163168430328,0.12580379843711853,0.3269788920879364,0.15988275408744812,0.021461402997374535,-0.09517977386713028,0.5223467350006104,0.18875652551651,0.061405446380376816,0.12564685940742493,0.34525156021118164,0.1793779879808426,0.009954186156392097,-0.09682459384202957,0.5432230234146118,0.21657031774520874,0.03365686908364296,0.12780296802520752,0.34306684136390686,-0.003950921818614006,0.02353464625775814,-0.1626933068037033,0.5649859309196472,0.0770849883556366,0.049712590873241425,13,0.433,,,,,,,,,,,,,,,,,,,,,,,,,,,,,,,,,,,,,,,,,,,,,,,,,,,,,,,,,,,,,,,,,,,,,,,,,,,,,,,,,,,,
-0.07865652441978455,-0.5820424556732178,-0.31180599331855774,0.9976657032966614,-0.05574958398938179,-0.6190657615661621,-0.31382834911346436,0.9961190223693848,-0.05614479258656502,-0.6188002228736877,-0.31559133529663086,0.9967489242553711,-0.05571086332201958,-0.6189296245574951,-0.31375619769096375,0.9965025782585144,-0.08977558463811874,-0.6223179697990417,-0.3022068440914154,0.9946693181991577,-0.08770940452814102,-0.6231130957603455,-0.3021949231624603,0.9947959780693054,-0.08838891983032227,-0.6221603155136108,-0.2982620298862457,0.9937597513198853,0.05539562925696373,-0.6123194694519043,-0.2511393129825592,0.9970859885215759,-0.07866125553846359,-0.622551679611206,-0.17269346117973328,0.9920216798782349,-0.04175921529531479,-0.556971549987793,-0.2941322922706604,0.998989462852478,-0.08107243478298187,-0.5582501292228699,-0.2713262438774109,0.9985107183456421,0.16592679917812347,-0.4173913300037384,-0.20272082090377808,0.9993599057197571,-0.1410224586725235,-0.4489371180534363,-0.08138449490070343,0.9988319873809814,0.20096701383590698,-0.16154582798480988,-0.19851061701774597,0.9524270296096802,-0.1946059763431549,-0.23589226603507996,-0.009196761064231396,0.6386697292327881,0.1851038634777069,0.05636957660317421,-0.27336785197257996,0.5662322640419006,-0.304576575756073,-0.10202153027057648,-0.10273648053407669,0.28754591941833496,0.18777234852313995,0.12335330992937088,-0.30309468507766724,0.4604841470718384,-0.33455708622932434,-0.06330929696559906,-0.11579553037881851,0.2525949776172638,0.1546269655227661,0.12120521813631058,-0.34321120381355286,0.5492658615112305,-0.3428044617176056,-0.0650174468755722,-0.1601385772228241,0.3139796257019043,0.16510646045207977,0.07135609537363052,-0.29333198070526123,0.5058441162109375,-0.3056403696537018,-0.08836784213781357,-0.1246945708990097,0.30564066767692566,0.10085178911685944,-0.001593650202266872,-0.03224990516901016,0.16269253194332123,-0.1002657487988472,-0.0060576568357646465,0.03389253839850426,0.18097247183322906,0.07192417234182358,0.06486696004867554,-0.08812925219535828,0.09508194774389267,-0.10206419229507446,0.16736994683742523,-0.050706010311841965,0.14070981740951538,0.10741977393627167,0.3265637755393982,0.12391426414251328,0.021800091490149498,-0.09683090448379517,0.509765088558197,0.1628289669752121,0.05972751975059509,0.10624298453330994,0.34469884634017944,0.14206087589263916,0.010196196846663952,-0.09750975668430328,0.5305624008178711,0.18942885100841522,0.033719200640916824,0.10217688232660294,0.3408872187137604,-0.039034999907016754,0.023980120196938515,-0.16506564617156982,0.5478912591934204,0.05091611668467522,0.04917284846305847,14,0.467,,,,,,,,,,,,,,,,,,,,,,,,,,,,,,,,,,,,,,,,,,,,,,,,,,,,,,,,,,,,,,,,,,,,,,,,,,,,,,,,,,,,
-0.07776296883821487,-0.5734649896621704,-0.30451929569244385,0.997590959072113,-0.05562388896942139,-0.6117757558822632,-0.30861833691596985,0.9960712194442749,-0.05603305250406265,-0.6115186214447021,-0.31045618653297424,0.9966810345649719,-0.055587850511074066,-0.6117261648178101,-0.30849796533584595,0.9964789152145386,-0.08898068219423294,-0.6148549914360046,-0.29609906673431396,0.9945325255393982,-0.08691494911909103,-0.6157060861587524,-0.29608839750289917,0.9946199059486389,-0.08758758753538132,-0.6147626042366028,-0.29211482405662537,0.993644654750824,0.055445581674575806,-0.6113147139549255,-0.24934767186641693,0.9970728158950806,-0.07499076426029205,-0.6215136647224426,-0.16987891495227814,0.9918180704116821,-0.040200863033533096,-0.5514557957649231,-0.28853169083595276,0.9989473223686218,-0.07812320441007614,-0.5527651906013489,-0.2650734782218933,0.9984021186828613,0.16797658801078796,-0.41732078790664673,-0.2014922797679901,0.9993501305580139,-0.13358928263187408,-0.45052099227905273,-0.07022791355848312,0.9988138675689697,0.20074856281280518,-0.15959516167640686,-0.19524192810058594,0.955039381980896,-0.19649918377399445,-0.24439431726932526,-0.006311744451522827,0.6526821851730347,0.18888604640960693,0.05851789563894272,-0.2688090205192566,0.5997458100318909,-0.33397239446640015,-0.13506293296813965,-0.11201640963554382,0.3324407935142517,0.1955818235874176,0.12358743697404861,-0.299588680267334,0.49931207299232483,-0.37407591938972473,-0.1048797145485878,-0.13466805219650269,0.2964509427547455,0.16809454560279846,0.12168948352336884,-0.33930858969688416,0.5824397206306458,-0.3807395100593567,-0.11075601726770401,-0.17446155846118927,0.35710203647613525,0.17147871851921082,0.07209016382694244,-0.288961797952652,0.5418434739112854,-0.3367997705936432,-0.12362343817949295,-0.13419906795024872,0.3492680490016937,0.09981849789619446,-0.00020631481311284006,-0.034622687846422195,0.17235416173934937,-0.09924452751874924,-0.007644465658813715,0.03630950301885605,0.1871291548013687,0.054947301745414734,0.0644567534327507,-0.09220634400844574,0.09825156629085541,-0.14268271625041962,0.14138293266296387,-0.05260131508111954,0.13906344771385193,0.07309968769550323,0.32621249556541443,0.115522600710392,0.022039329633116722,-0.111161008477211,0.4803941547870636,0.14771761000156403,0.058033157140016556,0.07069701701402664,0.3438108563423157,0.13310404121875763,0.010517293587327003,-0.10710934549570084,0.49881118535995483,0.17191912233829498,0.03404804691672325,0.06621219962835312,0.3403085768222809,-0.03979457914829254,0.024424711242318153,-0.17190048098564148,0.5224911570549011,0.03638472780585289,0.048716820776462555,15,0.5,,,,,,,,,,,,,,,,,,,,,,,,,,,,,,,,,,,,,,,,,,,,,,,,,,,,,,,,,,,,,,,,,,,,,,,,,,,,,,,,,,,,
-0.07595662027597427,-0.5711191296577454,-0.2940945327281952,0.9976385831832886,-0.05521899089217186,-0.6103152632713318,-0.2975562512874603,0.9961966872215271,-0.0556551031768322,-0.6100423336029053,-0.2994946241378784,0.9967688322067261,-0.05519934743642807,-0.6102564930915833,-0.2974643111228943,0.9966100454330444,-0.08826053142547607,-0.6129858493804932,-0.28583380579948425,0.9946715235710144,-0.08619756996631622,-0.613833487033844,-0.2857920825481415,0.9947313070297241,-0.0868639275431633,-0.6128866672515869,-0.2818012833595276,0.9938251376152039,0.055280651897192,-0.6114307045936584,-0.2359759360551834,0.9971953630447388,-0.07514197379350662,-0.6213053464889526,-0.16175059974193573,0.991999089717865,-0.03833303228020668,-0.5501763820648193,-0.2774001359939575,0.9989711046218872,-0.07614477723836899,-0.5510925650596619,-0.25518161058425903,0.9983983635902405,0.17103154957294464,-0.4185211956501007,-0.18863463401794434,0.9993618726730347,-0.13269515335559845,-0.4521217346191406,-0.06334695219993591,0.9988226890563965,0.20341424643993378,-0.15832127630710602,-0.17708110809326172,0.9572753310203552,-0.20477361977100372,-0.25521016120910645,-0.017665892839431763,0.6687813997268677,0.1930185705423355,0.05904892832040787,-0.2570916414260864,0.6296117305755615,-0.3571071922779083,-0.20172618329524994,-0.18887852132320404,0.3793724477291107,0.1993560492992401,0.12392739206552505,-0.2864636778831482,0.5341567397117615,-0.40161797404289246,-0.18589375913143158,-0.22273075580596924,0.3435649871826172,0.1728968769311905,0.12065395712852478,-0.3299107849597931,0.6124950051307678,-0.40938228368759155,-0.19792024791240692,-0.25701597332954407,0.4028683006763458,0.17564965784549713,0.07247432321310043,-0.2788296341896057,0.5746058225631714,-0.3616255223751068,-0.19534923136234283,-0.21138960123062134,0.39535659551620483,0.09972044825553894,0.00010129827569471672,-0.0348077192902565,0.189848855137825,-0.09908013790845871,-0.007933972403407097,0.03652195632457733,0.20154622197151184,0.05725764483213425,0.06394615769386292,-0.08947618305683136,0.10132333636283875,-0.13529877364635468,0.13481098413467407,-0.05395877733826637,0.13804563879966736,0.08094480633735657,0.325930655002594,0.12289263308048248,0.02273009903728962,-0.110476054251194,0.4813978672027588,0.1492721140384674,0.05752396211028099,0.07888761907815933,0.3435432016849518,0.14091767370700836,0.01097144279628992,-0.10659674555063248,0.49993225932121277,0.1750563681125641,0.03495939075946808,0.07587529718875885,0.337090402841568,-0.040709398686885834,0.02528279647231102,-0.17144569754600525,0.5196139216423035,0.0340128093957901,0.0491851270198822,16,0.533,0.3535870313644409,0.8350688219070435,-1.9291448438707448e-07,,0.32774195075035095,0.8847650289535522,-0.010986369103193283,,0.30099156498908997,0.9223800897598267,-0.022101635113358498,,0.28650060296058655,0.9581182599067688,-0.03193505480885506,,0.2732585668563843,0.9900883436203003,-0.04254482313990593,,0.2859035134315491,0.8648233413696289,-0.035429250448942184,,0.2806616723537445,0.9087857007980347,-0.058216433972120285,,0.28454041481018066,0.9443982243537903,-0.07479295879602432,,0.2891516089439392,0.9827761054039001,-0.08541443198919296,,0.2997129559516907,0.8353572487831116,-0.04012254998087883,,0.29538071155548096,0.8760272860527039,-0.061090487986803055,,0.29849910736083984,0.9082014560699463,-0.07109570503234863,,0.30212846398353577,0.9388706088066101,-0.07876989990472794,,0.317800909280777,0.8093953132629395,-0.0451689250767231,,0.3135565519332886,0.8426503539085388,-0.06473872065544128,,0.31407663226127625,0.8663967847824097,-0.06818970292806625,,0.31490135192871094,0.8908118605613708,-0.06992146372795105,,0.3370097875595093,0.7852492928504944,-0.050605177879333496,,0.32991641759872437,0.804926335811615,-0.0679493099451065,,0.32792526483535767,0.8229112029075623,-0.07057701796293259,,0.3272944986820221,0.8426182866096497,-0.07127782702445984,
-0.0759764239192009,-0.5709489583969116,-0.2727690637111664,0.997825026512146,-0.056371983140707016,-0.6106317043304443,-0.2752247750759125,0.9964825510978699,-0.05683433637022972,-0.6103594303131104,-0.2770547866821289,0.9969862699508667,-0.05636226385831833,-0.6105590462684631,-0.2750069797039032,0.9968475103378296,-0.08943577855825424,-0.6132205128669739,-0.26542484760284424,0.9951087236404419,-0.0873502641916275,-0.6140574216842651,-0.2655850946903229,0.9951603412628174,-0.08801950514316559,-0.6131125092506409,-0.2615588903427124,0.9943444132804871,0.052683088928461075,-0.6164589524269104,-0.20599953830242157,0.9974032044410706,-0.08021470159292221,-0.62335604429245,-0.14195571839809418,0.9926575422286987,-0.03827947378158569,-0.5503463745117188,-0.2533392012119293,0.9990323781967163,-0.07620389759540558,-0.5511395335197449,-0.23405809700489044,0.9985076189041138,0.17113953828811646,-0.43071213364601135,-0.1412018984556198,0.9993395209312439,-0.13291320204734802,-0.45319631695747375,-0.03985486924648285,0.9988694190979004,0.19606974720954895,-0.1605013608932495,-0.12888897955417633,0.9588195085525513,-0.20337869226932526,-0.25736090540885925,-0.06146054342389107,0.6883698105812073,0.19294388592243195,0.06543127447366714,-0.21841204166412354,0.6603377461433411,-0.33884572982788086,-0.2548474073410034,-0.2870160937309265,0.433966726064682,0.19920651614665985,0.13053326308727264,-0.23947511613368988,0.5699398517608643,-0.3771093785762787,-0.2593804597854614,-0.33090731501579285,0.39853528141975403,0.17553290724754333,0.1283528357744217,-0.281168133020401,0.6422751545906067,-0.38898441195487976,-0.2751006782054901,-0.34416383504867554,0.4530734717845917,0.1761614978313446,0.07844053208827972,-0.23920953273773193,0.606840193271637,-0.34272927045822144,-0.25463804602622986,-0.30154770612716675,0.44385233521461487,0.0996762290596962,-0.0014647021889686584,-0.028957972303032875,0.22369177639484406,-0.09907585382461548,-0.006592827383428812,0.030561143532395363,0.23596614599227905,0.0850786343216896,0.06617088615894318,-0.052690912038087845,0.10620100051164627,-0.11355384439229965,0.16159234941005707,-0.042343635112047195,0.1420993059873581,0.09807882457971573,0.32726702094078064,0.13855493068695068,0.024136725813150406,-0.08940408378839493,0.4838639497756958,0.1504446566104889,0.059375159442424774,0.0964210033416748,0.3449147939682007,0.15007001161575317,0.011705221608281136,-0.08217831701040268,0.5027104616165161,0.17327363789081573,0.03548048809170723,0.120045505464077,0.3455677330493927,-0.019630802795290947,0.027591893449425697,-0.11750518530607224,0.5260279774665833,0.021349914371967316,0.05243547260761261,17,0.567,0.3406544327735901,0.7558245062828064,-1.595815461996608e-07,,0.3590051829814911,0.7319144010543823,-0.03381322696805,,0.36694514751434326,0.6938298940658569,-0.05797603726387024,,0.3729983866214752,0.6549041867256165,-0.07664834707975388,,0.37789395451545715,0.6214101314544678,-0.09572982788085938,,0.3230954706668854,0.6508791446685791,-0.05619088187813759,,0.306440532207489,0.7020629644393921,-0.08357752114534378,,0.29641011357307434,0.7485531568527222,-0.10232482105493546,,0.2886219322681427,0.7860234379768372,-0.11331316083669662,,0.3034839332103729,0.6718994379043579,-0.04798020049929619,,0.2925023138523102,0.7244096994400024,-0.06991495937108994,,0.2880744934082031,0.762873649597168,-0.08063559979200363,,0.2849672734737396,0.7948272228240967,-0.08805657923221588,,0.29012033343315125,0.7007868885993958,-0.04134270176291466,,0.28133249282836914,0.7507242560386658,-0.05877774953842163,,0.28094780445098877,0.7801181674003601,-0.062032122164964676,,0.2794761061668396,0.8021512031555176,-0.06387478113174438,,0.28299546241760254,0.7347049117088318,-0.03732200339436531,,0.27532461285591125,0.7753894329071045,-0.051396310329437256,,0.2755597233772278,0.8067822456359863,-0.05348722264170647,,0.276165246963501,0.8295513987541199,-0.05337130278348923,
-0.07598774135112762,-0.5662420988082886,-0.260646253824234,0.9979814887046814,-0.05681413412094116,-0.6076312065124512,-0.264499306678772,0.9967118501663208,-0.0573030523955822,-0.6073512434959412,-0.2663004994392395,0.9971519708633423,-0.05682899057865143,-0.6074956655502319,-0.26425033807754517,0.9970377683639526,-0.08975347876548767,-0.6097961068153381,-0.25435662269592285,0.9954671263694763,-0.08767600357532501,-0.6105812788009644,-0.25455379486083984,0.9955090880393982,-0.08834352344274521,-0.6096248626708984,-0.25048983097076416,0.9947729706764221,0.05225380137562752,-0.6165874600410461,-0.198240727186203,0.9975841641426086,-0.08054232597351074,-0.6232907772064209,-0.1309426724910736,0.9931688904762268,-0.03808112069964409,-0.5476334095001221,-0.24188339710235596,0.9990840554237366,-0.07609699666500092,-0.5478740930557251,-0.22170177102088928,0.9985916614532471,0.17187827825546265,-0.43396246433258057,-0.12857048213481903,0.9993414282798767,-0.13038814067840576,-0.453433632850647,-0.025103406980633736,0.9989087581634521,0.1920112818479538,-0.16023527085781097,-0.11164906620979309,0.9603390693664551,-0.19064375758171082,-0.2674258351325989,-0.06868147850036621,0.7021578550338745,0.19487568736076355,0.07020805776119232,-0.19578078389167786,0.6875025033950806,-0.33376264572143555,-0.3296055197715759,-0.2940586507320404,0.48264655470848083,0.20117831230163574,0.1353420466184616,-0.20875973999500275,0.6004128456115723,-0.3639029264450073,-0.34995052218437195,-0.3331778645515442,0.44683167338371277,0.18206600844860077,0.13614395260810852,-0.2487572431564331,0.667656660079956,-0.3663519322872162,-0.3690164089202881,-0.3397219777107239,0.49692508578300476,0.17959177494049072,0.08345939218997955,-0.2146490514278412,0.6338989734649658,-0.3301500380039215,-0.33458760380744934,-0.30566999316215515,0.4846794307231903,0.0996895581483841,-0.002256084932014346,-0.02696734294295311,0.2390124499797821,-0.09910406917333603,-0.005924460012465715,0.028562115505337715,0.2512318193912506,0.09544473141431808,0.04956461489200592,-0.0473308265209198,0.10788316279649734,-0.10621125996112823,0.14670923352241516,-0.04124904051423073,0.1425303965806961,0.11039943248033524,0.3034238815307617,0.15969644486904144,0.024761829525232315,-0.084823839366436,0.463318794965744,0.1597936898469925,0.05933201313018799,0.10961776226758957,0.31861597299575806,0.17238111793994904,0.011979793198406696,-0.07710547745227814,0.48055556416511536,0.18071302771568298,0.03505026921629906,0.139380544424057,0.3170587122440338,-0.011947354301810265,0.028785863891243935,-0.1082267239689827,0.5117785334587097,0.024002306163311005,0.053471121937036514,18,0.6,0.34548065066337585,0.670279860496521,9.957931013104826e-08,,0.3676370084285736,0.6270387172698975,-0.01970689930021763,,0.3831012547016144,0.5741636753082275,-0.03735491260886192,,0.39209699630737305,0.529685914516449,-0.05053302273154259,,0.4006073474884033,0.4947301149368286,-0.0639624148607254,,0.34654501080513,0.5886877775192261,-0.05648720636963844,,0.3486498296260834,0.5229396224021912,-0.07771243900060654,,0.3485516905784607,0.5165592432022095,-0.08701452612876892,,0.3431185483932495,0.5283063054084778,-0.09075133502483368,,0.32248690724372864,0.6096044182777405,-0.05250665917992592,,0.32402005791664124,0.5367023944854736,-0.0709875151515007,,0.3266061842441559,0.5265233516693115,-0.0742037370800972,,0.3253041207790375,0.5386794805526733,-0.07558582723140717,,0.30508679151535034,0.627586841583252,-0.04793422296643257,,0.30245694518089294,0.5615478157997131,-0.06270825117826462,,0.3056620955467224,0.5582171082496643,-0.06421065330505371,,0.3052223026752472,0.5718766450881958,-0.06467641890048981,,0.29522812366485596,0.6420295834541321,-0.04389437660574913,,0.28873246908187866,0.6135094165802002,-0.05709097906947136,,0.28894826769828796,0.6230397820472717,-0.06010689213871956,,0.2876428961753845,0.6413124799728394,-0.06099811941385269,
-0.07666020840406418,-0.5625161528587341,-0.23933346569538116,0.9981257915496826,-0.05871778726577759,-0.6049503684043884,-0.24488742649555206,0.996913731098175,-0.0592605322599411,-0.6046713590621948,-0.24669571220874786,0.9972954392433167,-0.05879512056708336,-0.6047855615615845,-0.2446599006652832,0.9972021579742432,-0.09081750363111496,-0.6068850755691528,-0.2342981994152069,0.9957686066627502,-0.08876737952232361,-0.6076526045799255,-0.23446695506572723,0.9957966208457947,-0.08942176401615143,-0.6066921949386597,-0.23038257658481598,0.9951308965682983,0.04911573976278305,-0.6166335940361023,-0.18530064821243286,0.9977504014968872,-0.08072159439325333,-0.6232377886772156,-0.11527392268180847,0.9935968518257141,-0.03862879052758217,-0.5453280806541443,-0.22299827635288239,0.9991340041160583,-0.07622804492712021,-0.5452845692634583,-0.20201055705547333,0.9986679553985596,0.17111238837242126,-0.43554234504699707,-0.11888448148965836,0.9993578195571899,-0.12968537211418152,-0.4543931186199188,-0.006664812099188566,0.9989573955535889,0.1869991421699524,-0.16008341312408447,-0.1064576655626297,0.9622970819473267,-0.19742266833782196,-0.28637954592704773,-0.06474623084068298,0.7194347381591797,0.19528913497924805,0.0762849673628807,-0.18446287512779236,0.7127698659896851,-0.3304358124732971,-0.3912762403488159,-0.2837218642234802,0.5297595858573914,0.20105451345443726,0.14226332306861877,-0.19111424684524536,0.6282984614372253,-0.34380456805229187,-0.4203145503997803,-0.319499135017395,0.49422791600227356,0.1840396374464035,0.14628352224826813,-0.22808462381362915,0.690696120262146,-0.36184564232826233,-0.445190966129303,-0.3191763758659363,0.5397382378578186,0.18071778118610382,0.09042561054229736,-0.20099903643131256,0.6578742265701294,-0.3283654451370239,-0.40069499611854553,-0.29159417748451233,0.5246283411979675,0.09958437830209732,-0.003086542245000601,-0.027041399851441383,0.2478342354297638,-0.0990045815706253,-0.005334016401320696,0.028641119599342346,0.2605524957180023,0.09401465952396393,0.043882861733436584,-0.04847685992717743,0.11650707572698593,-0.10381719470024109,0.1452503502368927,-0.042060185223817825,0.15004833042621613,0.11527984589338303,0.29599103331565857,0.16012342274188995,0.026842059567570686,-0.08416853845119476,0.4633190631866455,0.16333620250225067,0.061678364872932434,0.11536700278520584,0.3107165992259979,0.17301394045352936,0.012446084059774876,-0.07684958726167679,0.4802404046058655,0.18396687507629395,0.03530086576938629,0.1434941589832306,0.3054618537425995,-0.015408412553369999,0.031705137342214584,-0.1147397831082344,0.511832058429718,0.025256631895899773,0.05695347487926483,19,0.633,0.35954031348228455,0.5679116249084473,2.019240241679654e-07,,0.3839222490787506,0.5224801301956177,-0.012333410792052746,,0.4021161198616028,0.4612399637699127,-0.014923417940735817,,0.41660964488983154,0.4145161509513855,-0.016896618530154228,,0.42777442932128906,0.38297098875045776,-0.018960868939757347,,0.36836478114128113,0.4301478862762451,-0.002341535873711109,,0.36751022934913635,0.387091726064682,-0.0070444317534565926,,0.36715057492256165,0.3629983067512512,-0.013320918194949627,,0.3664642572402954,0.34313279390335083,-0.018133405596017838,,0.3479268550872803,0.4406319558620453,-0.0009410027414560318,,0.3478930592536926,0.4019618630409241,-0.004946758970618248,,0.3502773940563202,0.3760361671447754,-0.011444631032645702,,0.35184362530708313,0.35826927423477173,-0.01659027673304081,,0.33017030358314514,0.45811739563941956,-0.0015716127818450332,,0.32832542061805725,0.42284005880355835,-0.007646071724593639,,0.33006778359413147,0.4015481770038605,-0.011843769811093807,,0.33162936568260193,0.3892502188682556,-0.014566285535693169,,0.3150366544723511,0.48164016008377075,-0.003560710931196809,,0.3123195767402649,0.4541693925857544,-0.009197779931128025,,0.3113340139389038,0.441487193107605,-0.010309688746929169,,0.3119242489337921,0.4344991147518158,-0.010619495064020157,
-0.07863195240497589,-0.5621069073677063,-0.23650489747524261,0.9982689619064331,-0.06238435208797455,-0.6045507192611694,-0.24271467328071594,0.9971276521682739,-0.06298510730266571,-0.6042692065238953,-0.24460949003696442,0.9974609017372131,-0.06251721829175949,-0.6043678522109985,-0.24257807433605194,0.9973798990249634,-0.09320561587810516,-0.6064046025276184,-0.23222652077674866,0.9960631728172302,-0.09119044989347458,-0.6071644425392151,-0.23240233957767487,0.9960736632347107,-0.09183604270219803,-0.6062049865722656,-0.22828301787376404,0.9954668879508972,0.042433906346559525,-0.6166355609893799,-0.1866055577993393,0.9979187250137329,-0.08236679434776306,-0.6230920553207397,-0.11691045761108398,0.9940415024757385,-0.04108433425426483,-0.5448470711708069,-0.22164300084114075,0.999189555644989,-0.0775834247469902,-0.5446630716323853,-0.2008439153432846,0.9987521171569824,0.16627036035060883,-0.43497344851493835,-0.12397508323192596,0.9993659853935242,-0.13142111897468567,-0.4565891623497009,-0.009079511277377605,0.9989948868751526,0.18233460187911987,-0.15930809080600739,-0.11525660753250122,0.9639472961425781,-0.23576362431049347,-0.31389862298965454,-0.07345382124185562,0.739099383354187,0.19320012629032135,0.08611238747835159,-0.19428609311580658,0.7357277274131775,-0.3253706097602844,-0.4398222863674164,-0.2949603199958801,0.5736611485481262,0.19637243449687958,0.15299195051193237,-0.2035987675189972,0.6537769436836243,-0.31415683031082153,-0.47320207953453064,-0.3321382999420166,0.5386950969696045,0.1837795525789261,0.15812771022319794,-0.23738481104373932,0.7113681435585022,-0.3262290358543396,-0.504274308681488,-0.3226104974746704,0.5797806978225708,0.17962434887886047,0.10067451745271683,-0.20987528562545776,0.6795809268951416,-0.31598198413848877,-0.4525293707847595,-0.29867151379585266,0.5629419684410095,0.09940394759178162,-0.003946701996028423,-0.027092572301626205,0.24822066724300385,-0.09880343079566956,-0.004801311995834112,0.02870446816086769,0.26235878467559814,0.09467945992946625,0.030270788818597794,-0.04590298607945442,0.12146583199501038,-0.10377783328294754,0.13120143115520477,-0.04280934855341911,0.15266487002372742,0.12431425601243973,0.2823140621185303,0.1609106808900833,0.027670659124851227,-0.08110704272985458,0.4514411687850952,0.1655522733926773,0.06125720962882042,0.1254575103521347,0.296408474445343,0.17334918677806854,0.012555424124002457,-0.07271317392587662,0.46675536036491394,0.18621127307415009,0.03472458943724632,0.14938268065452576,0.2851429283618927,-0.018062785267829895,0.03297542408108711,-0.11454981565475464,0.5001515746116638,0.025717226788401604,0.05756330490112305,20,0.667,0.3639051020145416,0.4843688905239105,1.1949531142363412e-07,,0.3591611981391907,0.4428998827934265,-0.006305777933448553,,0.3691140115261078,0.38066303730010986,-0.0063088261522352695,,0.3886222839355469,0.34072399139404297,-0.0060310824774205685,,0.4018515348434448,0.31092551350593567,-0.004885854199528694,,0.3706778287887573,0.33419519662857056,0.0005825956468470395,,0.38170143961906433,0.2869381308555603,-0.0017866352573037148,,0.3868779242038727,0.25747132301330566,-0.004691900685429573,,0.39152640104293823,0.23360228538513184,-0.007318747695535421,,0.3756955862045288,0.3437286913394928,-0.00013254665827844292,,0.38209429383277893,0.2966766357421875,-0.0021431860513985157,,0.38441115617752075,0.2647274136543274,-0.004727507475763559,,0.3846883475780487,0.24153262376785278,-0.00697587663307786,,0.38190633058547974,0.36461007595062256,-0.002283977810293436,,0.3882587254047394,0.3171810507774353,-0.006685574539005756,,0.3892008364200592,0.2871510982513428,-0.008443726226687431,,0.3891851305961609,0.2664354741573334,-0.009741347283124924,,0.39008936285972595,0.39223137497901917,-0.005307838320732117,,0.40768441557884216,0.35805103182792664,-0.01053222268819809,,0.4192694127559662,0.3323240578174591,-0.012159607373178005,,0.4300166666507721,0.3118264973163605,-0.013018034398555756,
-0.0790579691529274,-0.5602626800537109,-0.2323457896709442,0.9984076619148254,-0.0640038400888443,-0.6033773422241211,-0.23895667493343353,0.9973464608192444,-0.06464310735464096,-0.603085458278656,-0.2410402148962021,0.9976392388343811,-0.06416738778352737,-0.6031835079193115,-0.23898223042488098,0.9975734949111938,-0.09433504939079285,-0.6053348779678345,-0.22837433218955994,0.9963470101356506,-0.09235043823719025,-0.6061064600944519,-0.2284795343875885,0.9963341951370239,-0.09298364073038101,-0.605164110660553,-0.22432152926921844,0.9957778453826904,0.04136301577091217,-0.6167780756950378,-0.18440501391887665,0.9980859160423279,-0.08246152848005295,-0.6233466863632202,-0.11498863995075226,0.9944475889205933,-0.04114851728081703,-0.543573796749115,-0.2179793119430542,0.9992454051971436,-0.07759016007184982,-0.5435701608657837,-0.19718995690345764,0.9988303780555725,0.16602186858654022,-0.4347441494464874,-0.12670807540416718,0.9993675947189331,-0.13149622082710266,-0.4627743065357208,-0.007733669597655535,0.9989992380142212,0.17847004532814026,-0.1587297022342682,-0.1215919703245163,0.965353786945343,-0.2713069021701813,-0.34681984782218933,-0.07637886703014374,0.7570859789848328,0.18940581381320953,0.09475582838058472,-0.20115873217582703,0.7573860883712769,-0.31202229857444763,-0.4725295901298523,-0.2933571934700012,0.6131212711334229,0.1894950121641159,0.165487140417099,-0.21145778894424438,0.6792135238647461,-0.28689873218536377,-0.5005829930305481,-0.3290732204914093,0.5784147381782532,0.17968904972076416,0.1743447631597519,-0.24308249354362488,0.7319706678390503,-0.28801557421684265,-0.532890260219574,-0.31485044956207275,0.6154197454452515,0.1766282171010971,0.11139287799596786,-0.21614769101142883,0.7017466425895691,-0.29483890533447266,-0.48468098044395447,-0.2946884334087372,0.5972201824188232,0.09932409226894379,-0.004466223530471325,-0.0269599799066782,0.2485083043575287,-0.09858039021492004,-0.004426400177180767,0.028637388721108437,0.26312071084976196,0.10217591375112534,0.021530350670218468,-0.047134801745414734,0.1310425102710724,-0.10238458961248398,0.0964808315038681,-0.046327151358127594,0.163728728890419,0.1289282888174057,0.28081849217414856,0.1616598218679428,0.030315304175019264,-0.07361448556184769,0.4417036771774292,0.16196705400943756,0.06494580209255219,0.1300496757030487,0.2960098683834076,0.173886239528656,0.013134230859577656,-0.06333151459693909,0.4564861059188843,0.18370598554611206,0.035306818783283234,0.15551695227622986,0.2814958989620209,-0.021312100812792778,0.036013029515743256,-0.10264256596565247,0.48503345251083374,0.013981840573251247,0.06147943437099457,21,0.7,0.39497828483581543,0.407339870929718,2.5599271680221136e-07,,0.41899824142456055,0.3749133348464966,-0.013636801391839981,,0.43820491433143616,0.3240111768245697,-0.019842637702822685,,0.45728176832199097,0.28577739000320435,-0.02539808861911297,,0.47348663210868835,0.25555115938186646,-0.031567055732011795,,0.41140761971473694,0.2628319561481476,-0.01025540754199028,,0.41868358850479126,0.21197310090065002,-0.020326387137174606,,0.4240359961986542,0.18164712190628052,-0.02963998168706894,,0.4296514391899109,0.1565774381160736,-0.03625627979636192,,0.392097532749176,0.26815590262413025,-0.011507597751915455,,0.3954768180847168,0.21591411530971527,-0.019342413172125816,,0.4009765386581421,0.18149855732917786,-0.027310537174344063,,0.40709924697875977,0.15230225026607513,-0.033539120107889175,,0.3737734258174896,0.2866266667842865,-0.014865269884467125,,0.3746659457683563,0.23890066146850586,-0.02420564740896225,,0.3802834451198578,0.20877252519130707,-0.030372902750968933,,0.3868345320224762,0.18221649527549744,-0.035033177584409714,,0.35654401779174805,0.31553274393081665,-0.01956336759030819,,0.3548157215118408,0.2862825393676758,-0.028591809794306755,,0.3589959144592285,0.2737331986427307,-0.031072555109858513,,0.36386579275131226,0.2639453411102295,-0.032572027295827866,
-0.07907325029373169,-0.5605557560920715,-0.23315902054309845,0.9985457062721252,-0.0650445893406868,-0.6036205887794495,-0.23899812996387482,0.9975647330284119,-0.06569183617830276,-0.6033279895782471,-0.24111832678318024,0.9978224635124207,-0.06520544737577438,-0.6034253239631653,-0.23910170793533325,0.9977689385414124,-0.09508729726076126,-0.6056032180786133,-0.2296629548072815,0.9966440200805664,-0.09309852868318558,-0.6063772439956665,-0.22979065775871277,0.9966214299201965,-0.09372799098491669,-0.6054378151893616,-0.22564415633678436,0.9961146116256714,0.03860040381550789,-0.617742657661438,-0.18229474127292633,0.9982516169548035,-0.08388052880764008,-0.6237947344779968,-0.1175873652100563,0.9949130415916443,-0.0411418080329895,-0.5436463952064514,-0.21817398071289062,0.9993042945861816,-0.07749762386083603,-0.5436165928840637,-0.19901086390018463,0.9989214539527893,0.1632484346628189,-0.4344339966773987,-0.12456998974084854,0.9993630051612854,-0.13173724710941315,-0.4652935266494751,-0.012368248775601387,0.9990096092224121,0.17722366750240326,-0.15741942822933197,-0.12398379296064377,0.9660605788230896,-0.27255481481552124,-0.3800050914287567,-0.10758951306343079,0.7752653360366821,0.1881771832704544,0.09982233494520187,-0.204172283411026,0.7751137018203735,-0.2605672776699066,-0.525779664516449,-0.30997270345687866,0.6477827429771423,0.18716548383235931,0.16995099186897278,-0.21363116800785065,0.6989781856536865,-0.23060274124145508,-0.5589693784713745,-0.3446347415447235,0.6112508773803711,0.17805799841880798,0.18183819949626923,-0.2415122240781784,0.7474624514579773,-0.2309039980173111,-0.5889672636985779,-0.3196507692337036,0.6442267298698425,0.17589060962200165,0.1178191602230072,-0.2180405706167221,0.7183529138565063,-0.24469499289989471,-0.5374404788017273,-0.30699729919433594,0.6237637400627136,0.09892139583826065,-0.005949494894593954,-0.024912429973483086,0.2437259554862976,-0.0981416180729866,-0.003383115865290165,0.026735424995422363,0.2583852708339691,0.10455042123794556,0.01622614450752735,-0.03969762846827507,0.13604293763637543,-0.10176747292280197,0.10180773586034775,-0.04797416552901268,0.1734660118818283,0.13126568496227264,0.27429354190826416,0.16668076813220978,0.031482622027397156,-0.07196401804685593,0.43783947825431824,0.15892522037029266,0.06716428697109222,0.13237805664539337,0.2895428240299225,0.1792965680360794,0.013357950374484062,-0.06144504249095917,0.4522968828678131,0.18064025044441223,0.03549293428659439,0.1609461009502411,0.2779809832572937,-0.020815864205360413,0.037844352424144745,-0.09983779489994049,0.4857008755207062,0.00796779990196228,0.0644148513674736,22,0.734,0.40574395656585693,0.36095958948135376,2.2788067610690632e-07,,0.4348871409893036,0.32646507024765015,-0.012453456409275532,,0.4571542739868164,0.2808253765106201,-0.01772574707865715,,0.4761691093444824,0.24477088451385498,-0.02291008085012436,,0.49224892258644104,0.2137749046087265,-0.028093038126826286,,0.43341532349586487,0.21242080628871918,-0.005390399135649204,,0.4436742067337036,0.15985162556171417,-0.015046380460262299,,0.4506317675113678,0.12971726059913635,-0.02407781593501568,,0.45717155933380127,0.10296950489282608,-0.03038359433412552,,0.41547533869743347,0.21208913624286652,-0.0068947612307965755,,0.42318305373191833,0.15681985020637512,-0.01521933265030384,,0.4298980236053467,0.11906580626964569,-0.02322464808821678,,0.43673187494277954,0.08705736696720123,-0.029270485043525696,,0.3976454734802246,0.2234559804201126,-0.010830890387296677,,0.4045349955558777,0.1774233728647232,-0.02037794701755047,,0.41300061345100403,0.15086814761161804,-0.02582520991563797,,0.42212939262390137,0.12946975231170654,-0.029307158663868904,,0.37981611490249634,0.24253752827644348,-0.016308892518281937,,0.385437548160553,0.20884788036346436,-0.024991009384393692,,0.39353471994400024,0.19110989570617676,-0.027728406712412834,,0.40241730213165283,0.17736554145812988,-0.029157942160964012,
-0.07921954244375229,-0.5605554580688477,-0.22415108978748322,0.9986727833747864,-0.06621162593364716,-0.6037421822547913,-0.22960172593593597,0.9977650046348572,-0.0668630450963974,-0.6034470200538635,-0.23177310824394226,0.9979919195175171,-0.06637179851531982,-0.603542685508728,-0.22977027297019958,0.9979492425918579,-0.09582555294036865,-0.6057528257369995,-0.22120261192321777,0.9969190359115601,-0.09383296221494675,-0.6065284013748169,-0.2213510125875473,0.9968896508216858,-0.09445828944444656,-0.6055940985679626,-0.2171967625617981,0.9964267015457153,0.035931866616010666,-0.6183456778526306,-0.17305617034435272,0.9984044432640076,-0.08468221127986908,-0.6243832111358643,-0.11278916150331497,0.995347797870636,-0.041264601051807404,-0.5435963273048401,-0.2094658613204956,0.9993594884872437,-0.07749143242835999,-0.5435810089111328,-0.19158686697483063,0.9990073442459106,0.16040953993797302,-0.43412256240844727,-0.11931830644607544,0.9993597269058228,-0.13184420764446259,-0.46800899505615234,-0.0113011309877038,0.9990279674530029,0.17543934285640717,-0.1572696417570114,-0.12533211708068848,0.9664222002029419,-0.2679852247238159,-0.4012509286403656,-0.124831922352314,0.7923374772071838,0.18721793591976166,0.09911457449197769,-0.2051924616098404,0.7907217144966125,-0.22442883253097534,-0.5449166893959045,-0.323111355304718,0.6788777112960815,0.185638889670372,0.1683216542005539,-0.2135026603937149,0.7163783311843872,-0.1944621354341507,-0.5773453712463379,-0.3571118414402008,0.6400642991065979,0.176603302359581,0.18115384876728058,-0.2383725643157959,0.7610098123550415,-0.193701833486557,-0.6034970879554749,-0.32666638493537903,0.6693207621574402,0.17536094784736633,0.11756345629692078,-0.21783539652824402,0.7329846620559692,-0.20955422520637512,-0.5541657209396362,-0.31846269965171814,0.6468693017959595,0.09854661673307419,-0.0067619564943015575,-0.023550331592559814,0.2383444756269455,-0.09772606939077377,-0.0028812189120799303,0.02547445520758629,0.25279363989830017,0.10347908735275269,0.006846017669886351,-0.03809681534767151,0.13800017535686493,-0.10227525234222412,0.09376038610935211,-0.05294755473732948,0.17925111949443817,0.13081908226013184,0.2629617154598236,0.16682131588459015,0.03185154125094414,-0.07295336574316025,0.4271664321422577,0.15263350307941437,0.06808903068304062,0.13188327848911285,0.27763718366622925,0.17944125831127167,0.013330328278243542,-0.06316734850406647,0.4409623444080353,0.17482836544513702,0.03534173220396042,0.158622607588768,0.26658958196640015,-0.02099567838013172,0.03881162405014038,-0.10333251953125,0.47652381658554077,-0.00046752553316764534,0.06617662310600281,23,0.767,0.41950586438179016,0.32823824882507324,3.1172783110378077e-07,,0.4486103057861328,0.2973199784755707,-0.009793371893465519,,0.4702330529689789,0.2534032166004181,-0.014974829740822315,,0.4886694848537445,0.2203674018383026,-0.020595185458660126,,0.5049057006835938,0.19440963864326477,-0.026425989344716072,,0.452517032623291,0.1825212836265564,-0.0030340796802192926,,0.46287643909454346,0.13323529064655304,-0.01373438723385334,,0.47156479954719543,0.10150307416915894,-0.023912519216537476,,0.4805435538291931,0.07469429075717926,-0.03075813688337803,,0.4365330934524536,0.17754657566547394,-0.005456058774143457,,0.4437274634838104,0.12305209785699844,-0.014116226695477962,,0.45175036787986755,0.08634285628795624,-0.02293126843869686,,0.4609692096710205,0.05390790104866028,-0.029208531603217125,,0.4200555682182312,0.1842764914035797,-0.010000873357057571,,0.426042765378952,0.1384032815694809,-0.019356392323970795,,0.43524736166000366,0.10975952446460724,-0.024904750287532806,,0.4460994601249695,0.0852833092212677,-0.028204383328557014,,0.4029519855976105,0.20143947005271912,-0.015836672857403755,,0.4067956805229187,0.1664828211069107,-0.023950478062033653,,0.41503825783729553,0.1465996503829956,-0.025950593873858452,,0.42518186569213867,0.1299091875553131,-0.02653539925813675,
-0.07905546575784683,-0.5593609809875488,-0.21379296481609344,0.9987801313400269,-0.06620359420776367,-0.6028760671615601,-0.21934805810451508,0.9979305863380432,-0.0668565183877945,-0.6025707721710205,-0.2215798944234848,0.9981284737586975,-0.06636425107717514,-0.6026648879051208,-0.21955037117004395,0.9980990886688232,-0.09580520540475845,-0.6050200462341309,-0.21084575355052948,0.9971436858177185,-0.09381160885095596,-0.6058005690574646,-0.21096141636371613,0.997104287147522,-0.09443777799606323,-0.6048778295516968,-0.20679418742656708,0.9966797232627869,0.035802848637104034,-0.618328332901001,-0.16446420550346375,0.998535692691803,-0.08447977900505066,-0.6244595050811768,-0.1043940931558609,0.9957101941108704,-0.04106161370873451,-0.5427221059799194,-0.19967810809612274,0.9994053244590759,-0.07675779610872269,-0.5428897738456726,-0.18173891305923462,0.9990771412849426,0.16014519333839417,-0.4339412450790405,-0.11282244324684143,0.9993642568588257,-0.13019269704818726,-0.4715549945831299,-0.008250977843999863,0.9990555644035339,0.1751483976840973,-0.15582582354545593,-0.12156372517347336,0.9667862057685852,-0.26237910985946655,-0.4158841073513031,-0.12471923232078552,0.8082194328308105,0.18713103234767914,0.09981580823659897,-0.20076851546764374,0.8052629828453064,-0.20539911091327667,-0.5661854147911072,-0.31942564249038696,0.707499086856842,0.18522630631923676,0.16829347610473633,-0.20672354102134705,0.7328178286552429,-0.1773129254579544,-0.5992642045021057,-0.35296735167503357,0.667353093624115,0.1764032542705536,0.1814965009689331,-0.2297411859035492,0.7738929986953735,-0.175155371427536,-0.6258334517478943,-0.32236772775650024,0.6932535767555237,0.17527948319911957,0.11846853792667389,-0.211872398853302,0.7470631003379822,-0.19098986685276031,-0.5755345225334167,-0.31476178765296936,0.6695492267608643,0.09839149564504623,-0.007066329941153526,-0.02223251946270466,0.234651580452919,-0.09745611250400543,-0.0026502900291234255,0.024247080087661743,0.2492607980966568,0.10509441047906876,0.003797969315201044,-0.03980338200926781,0.14098143577575684,-0.10209201276302338,0.0789799764752388,-0.06506656110286713,0.18605566024780273,0.13124364614486694,0.2648361921310425,0.1619299203157425,0.032641928642988205,-0.07037622481584549,0.42508307099342346,0.13726994395256042,0.06991264969110489,0.13220368325710297,0.27994322776794434,0.17541219294071198,0.01349981501698494,-0.05955025181174278,0.43887433409690857,0.16031187772750854,0.03556555509567261,0.1592550128698349,0.2654777467250824,-0.032285772264003754,0.04003314673900604,-0.09587311744689941,0.46984782814979553,-0.019083650782704353,0.06841791421175003,24,0.8,0.43258488178253174,0.30133023858070374,2.6376622486168344e-07,,0.4611795246601105,0.2780100107192993,-0.008045658469200134,,0.48233562707901,0.23629498481750488,-0.012579301372170448,,0.5001772046089172,0.20614419877529144,-0.01762312650680542,,0.5163692831993103,0.18502573668956757,-0.023026788607239723,,0.4669691324234009,0.16243880987167358,-0.005440832115709782,,0.47848033905029297,0.1121528148651123,-0.0153112867847085,,0.48735058307647705,0.08215545117855072,-0.02394968457520008,,0.4963228106498718,0.05615513026714325,-0.029862089082598686,,0.45184388756752014,0.15797673165798187,-0.008684271946549416,,0.4605768322944641,0.10092165321111679,-0.017132384702563286,,0.46922606229782104,0.06499290466308594,-0.024766424670815468,,0.47830089926719666,0.033665478229522705,-0.030280089005827904,,0.4366292357444763,0.1656166911125183,-0.013516128994524479,,0.4408080577850342,0.11534423381090164,-0.022572916001081467,,0.4506611227989197,0.08829621225595474,-0.02747834473848343,,0.46215155720710754,0.06685017049312592,-0.030423829331994057,,0.420957088470459,0.18231704831123352,-0.01941232942044735,,0.42210400104522705,0.14135032892227173,-0.027463136240839958,,0.43013477325439453,0.11905156821012497,-0.029752185568213463,,0.44107502698898315,0.1016746386885643,-0.030758390203118324,
-0.07905793935060501,-0.5588734745979309,-0.20622994005680084,0.9988738298416138,-0.06648470461368561,-0.6024990081787109,-0.21179693937301636,0.9980696439743042,-0.06713459640741348,-0.60219407081604,-0.21398593485355377,0.9982404708862305,-0.06664255261421204,-0.6022881865501404,-0.21197114884853363,0.9982238411903381,-0.09583119302988052,-0.604644238948822,-0.20327474176883698,0.9973360300064087,-0.09383656084537506,-0.6054290533065796,-0.2034301608800888,0.9972887635231018,-0.09446176141500473,-0.6045146584510803,-0.19928798079490662,0.9968990683555603,0.03495822474360466,-0.6183451414108276,-0.1585223525762558,0.9986476898193359,-0.08435726910829544,-0.6245022416114807,-0.0982683002948761,0.9960349798202515,-0.04105984419584274,-0.542421281337738,-0.19274689257144928,0.9994422197341919,-0.07648753374814987,-0.5425807237625122,-0.17487172782421112,0.9991365671157837,0.1590176522731781,-0.43381303548812866,-0.10893736779689789,0.9993559718132019,-0.12940439581871033,-0.474193274974823,-0.006632943172007799,0.9990851283073425,0.17182433605194092,-0.15515217185020447,-0.11752679944038391,0.9665645956993103,-0.26254335045814514,-0.42968493700027466,-0.13156618177890778,0.8235247731208801,0.18713848292827606,0.09902896732091904,-0.1878533810377121,0.8170343041419983,-0.1950194090604782,-0.5778595209121704,-0.3226996064186096,0.7331598997116089,0.1853436827659607,0.16695159673690796,-0.1922069638967514,0.7454676032066345,-0.16500543057918549,-0.6110297441482544,-0.35552075505256653,0.6911730766296387,0.17652392387390137,0.17922577261924744,-0.21473689377307892,0.7835339903831482,-0.16117505729198456,-0.637308657169342,-0.3231769800186157,0.7140236496925354,0.17557847499847412,0.11743655055761337,-0.1983715146780014,0.7575165629386902,-0.1799476146697998,-0.5867934226989746,-0.3174625039100647,0.6890918612480164,0.09805697202682495,-0.007528654765337706,-0.021219201385974884,0.2294366955757141,-0.09714585542678833,-0.0023519948590546846,0.023253807798027992,0.24510343372821808,0.10420142114162445,0.0011924195569008589,-0.04004606977105141,0.14201156795024872,-0.1024138554930687,0.08723092079162598,-0.07109972089529037,0.19153538346290588,0.13038063049316406,0.26356756687164307,0.15109854936599731,0.032913707196712494,-0.07129368185997009,0.4290810525417328,0.12101012468338013,0.07129696011543274,0.13124004006385803,0.2788940966129303,0.16477961838245392,0.013501347042620182,-0.05991050973534584,0.443419873714447,0.14280842244625092,0.0355827622115612,0.15792647004127502,0.26613426208496094,-0.040655817836523056,0.04097743332386017,-0.09819414466619492,0.47484254837036133,-0.03462698683142662,0.0707734078168869,25,0.834,0.43855926394462585,0.28367504477500916,2.3228686529819242e-07,,0.466957688331604,0.2676693797111511,-0.0075354441069066525,,0.48955774307250977,0.22692778706550598,-0.010944514535367489,,0.5074461698532104,0.19917607307434082,-0.014857826754450798,,0.5228273272514343,0.1850176751613617,-0.019130179658532143,,0.47777754068374634,0.15008050203323364,-0.004975583404302597,,0.4900039732456207,0.1020902767777443,-0.013663193210959435,,0.49888619780540466,0.07226083427667618,-0.02156362496316433,,0.5069963932037354,0.04607941210269928,-0.027352280914783478,,0.46372169256210327,0.14432141184806824,-0.008426005952060223,,0.47440943121910095,0.08705776929855347,-0.016419779509305954,,0.4840584993362427,0.05183535814285278,-0.02393258921802044,,0.49359509348869324,0.02087375521659851,-0.029540492221713066,,0.44913092255592346,0.15031833946704865,-0.01333398837596178,,0.45519354939460754,0.09954915940761566,-0.02251053787767887,,0.4670447111129761,0.07617367804050446,-0.02803758531808853,,0.4795500934123993,0.05864541232585907,-0.03131933882832527,,0.4336356222629547,0.16441641747951508,-0.019255341961979866,,0.43795260787010193,0.12135731428861618,-0.027462268248200417,,0.44693008065223694,0.10028436034917831,-0.030435893684625626,,0.45789873600006104,0.08518961817026138,-0.0321413055062294,
-0.07494056969881058,-0.5588219165802002,-0.21094492077827454,0.9989665746688843,-0.0633159801363945,-0.6023911237716675,-0.216136172413826,0.9982119798660278,-0.06396698206663132,-0.6020832657814026,-0.21831172704696655,0.9983597993850708,-0.06346447020769119,-0.6021764874458313,-0.21630316972732544,0.9983525276184082,-0.09211385250091553,-0.604621171951294,-0.20771431922912598,0.9975348114967346,-0.09010467678308487,-0.6054080724716187,-0.20786619186401367,0.9974843859672546,-0.09072501212358475,-0.6044976115226746,-0.2037406712770462,0.9971288442611694,0.03657027706503868,-0.6182862520217896,-0.16150163114070892,0.998757004737854,-0.08097187429666519,-0.6245965957641602,-0.10138604044914246,0.9963628649711609,-0.03732597827911377,-0.5422513484954834,-0.19701379537582397,0.9994819164276123,-0.07194574177265167,-0.5425117611885071,-0.17922861874103546,0.9992009997367859,0.1591821014881134,-0.431924045085907,-0.11141962558031082,0.9993495345115662,-0.12697552144527435,-0.47616204619407654,-0.008336391299962997,0.9991235733032227,0.16885751485824585,-0.15321438014507294,-0.11910440772771835,0.966185450553894,-0.2644100785255432,-0.44369271397590637,-0.14664651453495026,0.8381300568580627,0.18715530633926392,0.09941708296537399,-0.18854357302188873,0.8270650506019592,-0.19033987820148468,-0.5922130346298218,-0.33079448342323303,0.7564268708229065,0.18540999293327332,0.1669328659772873,-0.19305171072483063,0.7558580040931702,-0.1582336127758026,-0.6237042546272278,-0.36223652958869934,0.7123205065727234,0.1769702285528183,0.1806047260761261,-0.21646293997764587,0.7913033962249756,-0.1532467156648636,-0.6465827226638794,-0.3279154300689697,0.7323575615882874,0.17589154839515686,0.11836975067853928,-0.19944466650485992,0.7660999298095703,-0.1746462881565094,-0.5991096496582031,-0.3247901201248169,0.7064236998558044,0.0979139655828476,-0.0076851812191307545,-0.019800931215286255,0.22380143404006958,-0.09700065106153488,-0.0022653774358332157,0.021865231916308403,0.24019187688827515,0.10333454608917236,0.0005565102328546345,-0.039391133934259415,0.14434319734573364,-0.10388514399528503,0.08988963812589645,-0.0713517814874649,0.19902457296848297,0.1243448555469513,0.26520946621894836,0.15193036198616028,0.03377475589513779,-0.07559820264577866,0.4287509024143219,0.12453564256429672,0.07314855605363846,0.12462425231933594,0.2807472050189972,0.16605640947818756,0.013626466505229473,-0.06403908878564835,0.44288551807403564,0.14699076116085052,0.03556275740265846,0.15414956212043762,0.2679213583469391,-0.038768891245126724,0.04250114783644676,-0.09987307339906693,0.4753384590148926,-0.029281098395586014,0.0733044296503067,26,0.867,0.4422121047973633,0.27500563859939575,1.917744185675474e-07,,0.4709472060203552,0.2601320743560791,-0.00663052499294281,,0.49423936009407043,0.22390270233154297,-0.009539010003209114,,0.5112026929855347,0.19908258318901062,-0.013117210939526558,,0.5261842608451843,0.1870013326406479,-0.016923148185014725,,0.4840199947357178,0.14598895609378815,-0.001993731129914522,,0.4957757592201233,0.09918998181819916,-0.0099038640037179,,0.5047894716262817,0.07149210572242737,-0.01730995811522007,,0.5131213068962097,0.046781837940216064,-0.022834524512290955,,0.4723030924797058,0.13921436667442322,-0.005441479384899139,,0.48555120825767517,0.08587801456451416,-0.012761009857058525,,0.49727073311805725,0.05505559593439102,-0.01977023109793663,,0.5084023475646973,0.028280898928642273,-0.02506023459136486,,0.4593713879585266,0.1423492580652237,-0.01051782350987196,,0.47025564312934875,0.09353107959032059,-0.018836231902241707,,0.48356807231903076,0.0700402483344078,-0.02413015067577362,,0.49629688262939453,0.05190534144639969,-0.027439044788479805,,0.4445320963859558,0.15226714313030243,-0.016570670530200005,,0.45104584097862244,0.11068202555179596,-0.02400343120098114,,0.4611508846282959,0.08922359347343445,-0.027015576139092445,,0.472497820854187,0.07231432944536209,-0.02892892062664032,
-0.07475624978542328,-0.5580996870994568,-0.20888632535934448,0.9990484714508057,-0.06332181394100189,-0.6019116640090942,-0.21410256624221802,0.9983397722244263,-0.06397266685962677,-0.6015978455543518,-0.2163158506155014,0.9984673261642456,-0.06347023695707321,-0.6016919016838074,-0.21430352330207825,0.9984686374664307,-0.09211141616106033,-0.6041643023490906,-0.2059423327445984,0.9977088570594788,-0.09010181576013565,-0.6049538254737854,-0.2060856968164444,0.9976532459259033,-0.09072183817625046,-0.6040494441986084,-0.20196010172367096,0.9973265528678894,0.03661109507083893,-0.6182862520217896,-0.15986710786819458,0.9988559484481812,-0.08091464638710022,-0.6246474981307983,-0.10087025165557861,0.9966515302658081,-0.03699033707380295,-0.5417505502700806,-0.19503596425056458,0.9995175004005432,-0.07138264924287796,-0.5420393943786621,-0.17761088907718658,0.9992567896842957,0.15929833054542542,-0.4316047430038452,-0.11068957298994064,0.9993500113487244,-0.12608417868614197,-0.4773982763290405,-0.009814977645874023,0.9991536736488342,0.16834843158721924,-0.152286097407341,-0.12018469721078873,0.9657705426216125,-0.2644660770893097,-0.44583553075790405,-0.1479640156030655,0.8511933088302612,0.18716180324554443,0.10164519399404526,-0.19070632755756378,0.8361645936965942,-0.1910461187362671,-0.5917775630950928,-0.3284032940864563,0.7774683237075806,0.18551413714885712,0.17032018303871155,-0.19572213292121887,0.7653274536132812,-0.16037501394748688,-0.6212803721427917,-0.35901981592178345,0.7316914200782776,0.17677947878837585,0.1863197684288025,-0.21960145235061646,0.7983840703964233,-0.15542928874492645,-0.6429923176765442,-0.32587915658950806,0.7492125630378723,0.17592443525791168,0.12171203643083572,-0.20192484557628632,0.7741053700447083,-0.1757695972919464,-0.5978531241416931,-0.32269972562789917,0.7226318120956421,0.0978582426905632,-0.007724094204604626,-0.018747372552752495,0.22135457396507263,-0.09691320359706879,-0.0022336202673614025,0.020832758396863937,0.2373797744512558,0.10278410464525223,0.00291673606261611,-0.04013664647936821,0.14681780338287354,-0.10386702418327332,0.08515052497386932,-0.0736006498336792,0.20549802482128143,0.12400369346141815,0.2673688530921936,0.14989614486694336,0.03476981446146965,-0.07450482994318008,0.42637524008750916,0.12322137504816055,0.0747385174036026,0.12431617826223373,0.28329986333847046,0.1638416200876236,0.013778026215732098,-0.0630095824599266,0.44035086035728455,0.14596250653266907,0.03548233583569527,0.1535942256450653,0.26944199204444885,-0.043244827538728714,0.04401731863617897,-0.09798198938369751,0.471473753452301,-0.030470581725239754,0.07538947463035583,27,0.9,0.44417011737823486,0.2693674862384796,1.4519086732889264e-07,,0.4725474715232849,0.2523784339427948,-0.003791580442339182,,0.495853453874588,0.215763658285141,-0.004152821376919746,,0.5130875110626221,0.19339728355407715,-0.00572248175740242,,0.5285590291023254,0.18640832602977753,-0.0072464183904230595,,0.4847244620323181,0.148635596036911,0.004395576659590006,,0.4983117878437042,0.1030336320400238,-0.0009150554542429745,,0.508838951587677,0.08265247195959091,-0.006101690232753754,,0.5177735090255737,0.06696698069572449,-0.009705860167741776,,0.47465869784355164,0.14103196561336517,0.00041947636054828763,,0.48884737491607666,0.09508110582828522,-0.006533405277878046,,0.5029392838478088,0.07386581599712372,-0.013398317620158195,,0.5153412818908691,0.05729798227548599,-0.017720168456435204,,0.462504506111145,0.13860125839710236,-0.005252928007394075,,0.47595730423927307,0.09706535190343857,-0.013420620933175087,,0.49294596910476685,0.07867716252803802,-0.019787916913628578,,0.5085147023200989,0.06547563523054123,-0.023304712027311325,,0.4473143219947815,0.14040350914001465,-0.011493313126266003,,0.45257607102394104,0.0977066159248352,-0.01722123473882675,,0.46008554100990295,0.07085538655519485,-0.019882546737790108,,0.4689611792564392,0.04798850417137146,-0.021830983459949493,
-0.07062502205371857,-0.5595958232879639,-0.20974111557006836,0.9991183280944824,-0.05920537933707237,-0.6030263304710388,-0.21423740684986115,0.9984424710273743,-0.059838298708200455,-0.6027196049690247,-0.2164011299610138,0.998549222946167,-0.059336788952350616,-0.6028144955635071,-0.2144068330526352,0.9985602498054504,-0.08798189461231232,-0.6054283380508423,-0.2065446972846985,0.9978557229042053,-0.08594872057437897,-0.6062262058258057,-0.20671093463897705,0.9977973103523254,-0.08656531572341919,-0.6053304672241211,-0.20260512828826904,0.9974995851516724,0.03835850581526756,-0.6187601089477539,-0.1576610803604126,0.9989357590675354,-0.0791361927986145,-0.6256524920463562,-0.10118047893047333,0.9969040751457214,-0.03398580849170685,-0.542893648147583,-0.19525811076164246,0.9995434284210205,-0.06834303587675095,-0.5433099269866943,-0.17847803235054016,0.999302089214325,0.15934446454048157,-0.4314972162246704,-0.10805786401033401,0.9993339776992798,-0.12590256333351135,-0.4791721701622009,-0.010795915499329567,0.9991777539253235,0.16773675382137299,-0.1523563712835312,-0.11619849503040314,0.9655777215957642,-0.264374315738678,-0.44958919286727905,-0.14865301549434662,0.8631423711776733,0.18729273974895477,0.10117434710264206,-0.18391485512256622,0.8441219329833984,-0.18916350603103638,-0.59686279296875,-0.33012107014656067,0.7962217330932617,0.18590646982192993,0.16956375539302826,-0.18877197802066803,0.7733623385429382,-0.15771624445915222,-0.6287444829940796,-0.36186641454696655,0.7486802935600281,0.17740052938461304,0.1846080720424652,-0.21293193101882935,0.8043355345726013,-0.1532173752784729,-0.6529365181922913,-0.32816630601882935,0.7639338374137878,0.1763867884874344,0.12090715020895004,-0.19542774558067322,0.7805920243263245,-0.17386126518249512,-0.6045449376106262,-0.32441791892051697,0.7364290356636047,0.09761028736829758,-0.008171426132321358,-0.01791529543697834,0.219212606549263,-0.09675655514001846,-0.001877138507552445,0.019968071952462196,0.23590989410877228,0.10202421247959137,0.00595292029902339,-0.038312848657369614,0.1504303514957428,-0.1041015014052391,0.1033664420247078,-0.0730629488825798,0.21256037056446075,0.12078338116407394,0.2721705734729767,0.14929631352424622,0.03584037721157074,-0.07782161235809326,0.42860153317451477,0.12295554578304291,0.07655879855155945,0.12086377292871475,0.2884427011013031,0.16306431591510773,0.013962620869278908,-0.066965751349926,0.44235894083976746,0.14480216801166534,0.035545941442251205,0.15247304737567902,0.27947062253952026,-0.041577648371458054,0.04575631022453308,-0.10182937979698181,0.4805870056152344,-0.030015036463737488,0.0779687911272049,28,0.934,0.4449925720691681,0.26084238290786743,1.2998278009490605e-07,,0.4719725549221039,0.25014251470565796,-0.003961157985031605,,0.49535036087036133,0.211688831448555,-0.005178654566407204,,0.5128111243247986,0.1904791295528412,-0.007643837481737137,,0.5285689234733582,0.1843433380126953,-0.009486461989581585,,0.4827074408531189,0.15088070929050446,0.0023389493580907583,,0.49588245153427124,0.0961451530456543,-0.0023602391593158245,,0.505290687084198,0.06683054566383362,-0.0056096771731972694,,0.5128991007804871,0.04251924157142639,-0.00842458475381136,,0.47376102209091187,0.1432913988828659,-0.0021028693299740553,,0.49395403265953064,0.11440104246139526,-0.016200417652726173,,0.5093997716903687,0.12537428736686707,-0.023757759481668472,,0.5199396014213562,0.1386929750442505,-0.025373706594109535,,0.46247878670692444,0.13774429261684418,-0.007874894887208939,,0.4766174852848053,0.09894703328609467,-0.019604654982686043,,0.49586886167526245,0.08664540946483612,-0.02581283263862133,,0.5126311182975769,0.07851214706897736,-0.027634210884571075,,0.4488241672515869,0.13424435257911682,-0.014117831364274025,,0.4542999863624573,0.09011627733707428,-0.021199876442551613,,0.46207666397094727,0.06388390809297562,-0.02424536645412445,,0.47054898738861084,0.0415823757648468,-0.02572406269609928,
-0.0702378898859024,-0.5592268109321594,-0.21052713692188263,0.9991928935050964,-0.05909406393766403,-0.6028106212615967,-0.21491873264312744,0.9985648393630981,-0.059729963541030884,-0.6024963855743408,-0.21711908280849457,0.9986573457717896,-0.05922577530145645,-0.6025891900062561,-0.21511505544185638,0.9986721277236938,-0.08787679672241211,-0.6052231192588806,-0.20730584859848022,0.9980233311653137,-0.08584433048963547,-0.6060178279876709,-0.20745216310024261,0.9979640245437622,-0.08645986020565033,-0.6051239371299744,-0.20333479344844818,0.997690737247467,0.03847028687596321,-0.6186991333961487,-0.15826664865016937,0.9990257620811462,-0.07900363951921463,-0.6256378293037415,-0.10186447203159332,0.9971671104431152,-0.03330599144101143,-0.5424704551696777,-0.19601650536060333,0.9995787143707275,-0.06766651570796967,-0.5429189801216125,-0.1792735904455185,0.9993566870689392,0.15965208411216736,-0.4300805628299713,-0.10846177488565445,0.9993476867675781,-0.12490290403366089,-0.4789811968803406,-0.011995292268693447,0.9992130994796753,0.16814355552196503,-0.15112139284610748,-0.11661098152399063,0.9647809863090515,-0.2629261910915375,-0.45190373063087463,-0.15779593586921692,0.874108612537384,0.18942959606647491,0.10492309182882309,-0.18525470793247223,0.8505832552909851,-0.18311308324337006,-0.5980250835418701,-0.33307933807373047,0.8133752942085266,0.18865491449832916,0.1748797446489334,-0.19071592390537262,0.77970951795578,-0.15088815987110138,-0.6275092363357544,-0.36340954899787903,0.764267086982727,0.17910298705101013,0.193608820438385,-0.2166619747877121,0.8088206052780151,-0.1461302489042282,-0.6466737389564514,-0.32872891426086426,0.7774129509925842,0.17854879796504974,0.12652914226055145,-0.1961718052625656,0.7860090136528015,-0.1677829772233963,-0.6026711463928223,-0.3268550634384155,0.7494785189628601,0.0975886657834053,-0.008166175335645676,-0.016721967607736588,0.21947242319583893,-0.09673365205526352,-0.001874299137853086,0.01882973685860634,0.23539184033870697,0.10179181396961212,0.0028222911059856415,-0.03797553852200508,0.15167668461799622,-0.10397946089506149,0.07886075973510742,-0.07397978007793427,0.21694107353687286,0.12160459160804749,0.27287691831588745,0.15005704760551453,0.036809373646974564,-0.0730273425579071,0.42128169536590576,0.12462852150201797,0.0776573196053505,0.12183769792318344,0.28910139203071594,0.16352549195289612,0.014165397733449936,-0.06127136945724487,0.43464985489845276,0.146782785654068,0.03550631180405617,0.15331047773361206,0.27611270546913147,-0.0419054850935936,0.04714476689696312,-0.09334813803434372,0.46604955196380615,-0.028140340000391006,0.07948287576436996,29,0.967,0.44647663831710815,0.2578279972076416,1.7017325149026874e-07,,0.47372719645500183,0.24549341201782227,-0.004088473506271839,,0.49615687131881714,0.20994898676872253,-0.0038093614857643843,,0.5126391649246216,0.18820923566818237,-0.004519541747868061,,0.5270557999610901,0.1847291886806488,-0.005417152773588896,,0.4860023558139801,0.14688512682914734,0.004845497664064169,,0.5009479522705078,0.10753852874040604,0.0002611941017676145,,0.5120648741722107,0.08706752210855484,-0.00477651646360755,,0.5213435888290405,0.0703267753124237,-0.008382347412407398,,0.4756186604499817,0.13721436262130737,0.0015800731489434838,,0.49157243967056274,0.09438642114400864,-0.003414742648601532,,0.5053508281707764,0.07170719653367996,-0.009439155459403992,,0.5175971984863281,0.05295950919389725,-0.013677023351192474,,0.4635666310787201,0.1324230432510376,-0.0034328328911215067,,0.47880446910858154,0.09358490258455276,-0.009873704053461552,,0.49519234895706177,0.07310042530298233,-0.01587381400167942,,0.5099703669548035,0.05783677101135254,-0.0196247436106205,,0.44816818833351135,0.13089323043823242,-0.00910041481256485,,0.455878347158432,0.09084039181470871,-0.014191939495503902,,0.46532824635505676,0.06566529721021652,-0.01699771359562874,,0.4760374128818512,0.044767022132873535,-0.019195744767785072,
-0.06725665926933289,-0.5595352649688721,-0.21196189522743225,0.9992539882659912,-0.05583036690950394,-0.6029455661773682,-0.21621429920196533,0.9986588358879089,-0.056464821100234985,-0.6026328802108765,-0.2184009850025177,0.9987363219261169,-0.055951524525880814,-0.6027228832244873,-0.21639961004257202,0.998755693435669,-0.0847526416182518,-0.6054615378379822,-0.20860718190670013,0.9981563687324524,-0.08270938694477081,-0.606257438659668,-0.20875291526317596,0.9980964660644531,-0.08332305401563644,-0.6053658127784729,-0.2046382576227188,0.9978451728820801,0.04053918272256851,-0.6186076402664185,-0.15875506401062012,0.9990972876548767,-0.07763838022947311,-0.6257723569869995,-0.10263687372207642,0.9973882436752319,-0.031067397445440292,-0.5425955057144165,-0.19726459681987762,0.9996044635772705,-0.06560178846120834,-0.5431607961654663,-0.18048952519893646,0.9993997812271118,0.15980325639247894,-0.4290497601032257,-0.10801375657320023,0.9993438124656677,-0.12474732100963593,-0.47988057136535645,-0.01388745941221714,0.9992411136627197,0.1683560311794281,-0.15040263533592224,-0.11624925583600998,0.9641468524932861,-0.26201769709587097,-0.4544996917247772,-0.16134226322174072,0.8840380907058716,0.19076567888259888,0.10563302040100098,-0.1851750910282135,0.8558541536331177,-0.17670826613903046,-0.6009984612464905,-0.3363887071609497,0.8286933302879333,0.19028234481811523,0.17495152354240417,-0.1903390884399414,0.7843730449676514,-0.14331752061843872,-0.6320436596870422,-0.3674904704093933,0.7781173586845398,0.1804152876138687,0.19258944690227509,-0.21515944600105286,0.8118315935134888,-0.1383475512266159,-0.6522970795631409,-0.3322449028491974,0.7893255949020386,0.18000954389572144,0.12682484090328217,-0.19624289870262146,0.7896103858947754,-0.16115231812000275,-0.6064561605453491,-0.3299928307533264,0.7607374787330627,0.09756778925657272,-0.008255423046648502,-0.015885749831795692,0.22122889757156372,-0.09670921415090561,-0.001793435774743557,0.017983095720410347,0.23727980256080627,0.10386215895414352,0.005885862745344639,-0.03805531933903694,0.15502767264842987,-0.10112582892179489,0.08424929529428482,-0.0747312679886818,0.22273646295070648,0.1298067271709442,0.2821146845817566,0.14742814004421234,0.038118064403533936,-0.06487816572189331,0.42194539308547974,0.12161420285701752,0.07926497608423233,0.13081970810890198,0.299113929271698,0.16059856116771698,0.014468523673713207,-0.05296333134174347,0.4351336658000946,0.14340004324913025,0.03576438128948212,0.16308732330799103,0.286525696516037,-0.045605648308992386,0.04896369203925133,-0.08494221419095993,0.4694012701511383,-0.03273385390639305,0.08169486373662949,30,1.001,0.4468095898628235,0.25464415550231934,1.976658126068287e-07,,0.47438547015190125,0.24583937227725983,-0.003987983334809542,,0.49605292081832886,0.21118615567684174,-0.0036640793550759554,,0.5112302899360657,0.19232186675071716,-0.0043353973887860775,,0.5248942971229553,0.18788182735443115,-0.005464945919811726,,0.4883733093738556,0.14118628203868866,0.0039069815538823605,,0.502805769443512,0.10225272178649902,-0.0010615104110911489,,0.513083279132843,0.07678680121898651,-0.007035844959318638,,0.5218560695648193,0.05417682230472565,-0.011841959320008755,,0.47692248225212097,0.13109195232391357,0.0005521579296328127,,0.4917909801006317,0.08469146490097046,-0.0039257328025996685,,0.5025206804275513,0.054860129952430725,-0.01001263502985239,,0.512607991695404,0.027963072061538696,-0.014872399158775806,,0.46434733271598816,0.1296548843383789,-0.004327276721596718,,0.4777791202068329,0.08600898087024689,-0.010168575681746006,,0.4895017147064209,0.06081390380859375,-0.015660712495446205,,0.5005565881729126,0.03959442675113678,-0.019519446417689323,,0.44955113530158997,0.1343487799167633,-0.009965715929865837,,0.4587967097759247,0.09862034767866135,-0.016232607886195183,,0.46968528628349304,0.07931417971849442,-0.019518498331308365,,0.48179444670677185,0.06335195899009705,-0.02178366668522358,
-0.06543268263339996,-0.5595752000808716,-0.21295678615570068,0.9993091821670532,-0.053985148668289185,-0.6029711961746216,-0.21719609200954437,0.998744785785675,-0.054619040340185165,-0.6026588678359985,-0.21937407553195953,0.9988086819648743,-0.054101862013339996,-0.602748453617096,-0.21737416088581085,0.9988312721252441,-0.08291536569595337,-0.6054859757423401,-0.20952941477298737,0.9982761740684509,-0.08086676150560379,-0.6062815189361572,-0.20967406034469604,0.9982149600982666,-0.0814761146903038,-0.6053895354270935,-0.20556074380874634,0.997982919216156,0.04183883219957352,-0.6183966994285583,-0.15960092842578888,0.9991609454154968,-0.07647040486335754,-0.6257912516593933,-0.10301242768764496,0.997585117816925,-0.029555223882198334,-0.5426081418991089,-0.19819672405719757,0.9996272325515747,-0.06409214437007904,-0.5431836843490601,-0.1813136339187622,0.9994375109672546,0.15994055569171906,-0.42807552218437195,-0.1086730882525444,0.9993351101875305,-0.12447421997785568,-0.480040967464447,-0.0162030216306448,0.999261200428009,0.16863618791103363,-0.1494103968143463,-0.1169140487909317,0.9635804891586304,-0.26123377680778503,-0.4513917863368988,-0.16370445489883423,0.8929852247238159,0.19202077388763428,0.10769867897033691,-0.18641020357608795,0.860614001750946,-0.17746438086032867,-0.5969063639640808,-0.339302122592926,0.8427011966705322,0.19209280610084534,0.17709459364414215,-0.19164063036441803,0.7885305881500244,-0.14456133544445038,-0.6279927492141724,-0.37070316076278687,0.7911953330039978,0.1815384328365326,0.19453227519989014,-0.21621613204479218,0.8144275546073914,-0.1392727643251419,-0.6487039923667908,-0.33564096689224243,0.8006581664085388,0.18126341700553894,0.1288740038871765,-0.19761258363723755,0.7927873134613037,-0.16191452741622925,-0.6026909947395325,-0.3328513503074646,0.7715981602668762,0.0974963903427124,-0.008315795101225376,-0.015535806305706501,0.22499686479568481,-0.09664829820394516,-0.0017168506747111678,0.01761958748102188,0.24101857841014862,0.10371901094913483,0.01350842323154211,-0.038242243230342865,0.15798534452915192,-0.10015951842069626,0.09474888443946838,-0.07657616585493088,0.22746442258358002,0.1324741542339325,0.2941865026950836,0.13700376451015472,0.03951195627450943,-0.06180394068360329,0.4294334352016449,0.11445707827806473,0.08037733286619186,0.13385051488876343,0.31188318133354187,0.14900685846805573,0.014805011451244354,-0.050022099167108536,0.44301077723503113,0.13544395565986633,0.035915423184633255,0.16476699709892273,0.29844096302986145,-0.05724193900823593,0.050814639776945114,-0.08233608305454254,0.4786190688610077,-0.040272463113069534,0.08336640894412994,31,1.034,0.44651395082473755,0.2538977861404419,2.1861993104721478e-07,,0.47456303238868713,0.24701941013336182,-0.006146505009382963,,0.49720317125320435,0.21315479278564453,-0.006798875518143177,,0.5130951404571533,0.1931712031364441,-0.007782285567373037,,0.526478111743927,0.18829864263534546,-0.009025617502629757,,0.48894792795181274,0.1382611095905304,-0.0013761109439656138,,0.5037166476249695,0.09557314962148666,-0.007661996874958277,,0.5132572054862976,0.06795620918273926,-0.013661770150065422,,0.5213897824287415,0.043794162571430206,-0.01845170184969902,,0.4761688709259033,0.12733681499958038,-0.004156117327511311,,0.49015215039253235,0.07357323914766312,-0.010651919059455395,,0.5006926655769348,0.03815050423145294,-0.01712505705654621,,0.5103964805603027,0.007837161421775818,-0.021909518167376518,,0.4624602794647217,0.1275787651538849,-0.008357887156307697,,0.4740765690803528,0.07854057848453522,-0.0169783104211092,,0.4866880178451538,0.052932970225811005,-0.02333429455757141,,0.498648077249527,0.03239017724990845,-0.027246402576565742,,0.4470342993736267,0.136029452085495,-0.013246342539787292,,0.45693859457969666,0.10367047041654587,-0.022494206205010414,,0.46862348914146423,0.08636986464262009,-0.027034373953938484,,0.48105838894844055,0.07199948281049728,-0.029751239344477654,
-0.06522894650697708,-0.5599075555801392,-0.21339544653892517,0.999362051486969,-0.05386895313858986,-0.6033527851104736,-0.217521071434021,0.9988300204277039,-0.054502490907907486,-0.603039562702179,-0.2196992039680481,0.998882532119751,-0.053985852748155594,-0.6031256914138794,-0.2176971137523651,0.9989079833030701,-0.08286096900701523,-0.6058560609817505,-0.21000024676322937,0.9983945488929749,-0.08081293106079102,-0.606648862361908,-0.21014584600925446,0.9983326196670532,-0.08142067492008209,-0.6057578325271606,-0.20603251457214355,0.9981186389923096,0.0419403500854969,-0.6187522411346436,-0.1594165712594986,0.9992232322692871,-0.07649143040180206,-0.6261593103408813,-0.10348603129386902,0.9977699518203735,-0.029283951967954636,-0.5428815484046936,-0.19848276674747467,0.9996505975723267,-0.06390979140996933,-0.5434333086013794,-0.18179917335510254,0.9994744062423706,0.15999729931354523,-0.4283902049064636,-0.10788571834564209,0.9993331432342529,-0.12450376152992249,-0.4800034761428833,-0.016344115138053894,0.999275803565979,0.1697612851858139,-0.15084820985794067,-0.11704787611961365,0.9632951021194458,-0.2606845200061798,-0.4469842314720154,-0.162007674574852,0.9008089900016785,0.19338205456733704,0.10509439557790756,-0.18730276823043823,0.8658475279808044,-0.17982490360736847,-0.5900804400444031,-0.34161287546157837,0.8552337884902954,0.19339941442012787,0.17406979203224182,-0.19274991750717163,0.7939558625221252,-0.1484847366809845,-0.6210002303123474,-0.37334144115448,0.802980363368988,0.18249715864658356,0.19204337894916534,-0.21728044748306274,0.8184473514556885,-0.14435888826847076,-0.6423035860061646,-0.33886778354644775,0.8109701871871948,0.18255262076854706,0.1263950765132904,-0.1986435502767563,0.7972111701965332,-0.16482101380825043,-0.596082329750061,-0.3355201780796051,0.7813641428947449,0.09747542440891266,-0.008427661843597889,-0.01518871821463108,0.22458329796791077,-0.0966276079416275,-0.0016306350007653236,0.017281102016568184,0.24040067195892334,0.10353203862905502,0.010342389345169067,-0.03798205778002739,0.15997900068759918,-0.10036364197731018,0.0951085165143013,-0.07670249044895172,0.23140406608581543,0.13222873210906982,0.28962719440460205,0.1376829594373703,0.04037957638502121,-0.06256630271673203,0.4301411509513855,0.11610829830169678,0.08152096718549728,0.1335640549659729,0.3068878650665283,0.1501513570547104,0.015003710985183716,-0.05046606808900833,0.4438818693161011,0.13752171397209167,0.03600912541151047,0.16400621831417084,0.2914374768733978,-0.05495929345488548,0.05217665061354637,-0.08423333615064621,0.47881633043289185,-0.03854998201131821,0.08500488847494125,32,1.067,0.4448324143886566,0.25958001613616943,1.5921506246741046e-07,,0.4739920198917389,0.24617412686347961,-0.004059847444295883,,0.49618101119995117,0.21308156847953796,-0.004916836507618427,,0.5120176672935486,0.19522111117839813,-0.006876484025269747,,0.52630615234375,0.1907254457473755,-0.009442565031349659,,0.4874609112739563,0.14260290563106537,0.0015805959701538086,,0.5017520785331726,0.10129371285438538,-0.004498922731727362,,0.5111786723136902,0.07927823811769485,-0.010840724222362041,,0.5190672874450684,0.05860663205385208,-0.015536886639893055,,0.4752844274044037,0.13521690666675568,-0.002303179120644927,,0.49015283584594727,0.08984261006116867,-0.008195052854716778,,0.502680242061615,0.06372898817062378,-0.014774343930184841,,0.5135898590087891,0.039703577756881714,-0.019691236317157745,,0.46144479513168335,0.13487878441810608,-0.00769804185256362,,0.4732993543148041,0.09269401431083679,-0.014603422954678535,,0.48646795749664307,0.07095550000667572,-0.019934331998229027,,0.49857959151268005,0.05202401429414749,-0.02338247001171112,,0.44482865929603577,0.1396063268184662,-0.013767185620963573,,0.4516538381576538,0.1007813811302185,-0.01956423930823803,,0.45976585149765015,0.0760754644870758,-0.021893061697483063,,0.468519389629364,0.05413662642240524,-0.02367197349667549,
-0.06362410634756088,-0.5602625012397766,-0.21384109556674957,0.9993988871574402,-0.05185825005173683,-0.6035341024398804,-0.21802127361297607,0.9988799095153809,-0.052485205233097076,-0.6032231450080872,-0.22019752860069275,0.9989191889762878,-0.051971569657325745,-0.6033099889755249,-0.2181951403617859,0.998951256275177,-0.08098752051591873,-0.6060470938682556,-0.2104025036096573,0.9984675049781799,-0.0789373517036438,-0.6068414449691772,-0.21054159104824066,0.998403012752533,-0.0795503556728363,-0.6059519052505493,-0.20642638206481934,0.9982051253318787,0.04340369999408722,-0.6187596321105957,-0.1598111242055893,0.9992647767066956,-0.07553635537624359,-0.6261866092681885,-0.1037251204252243,0.997900664806366,-0.028094589710235596,-0.5431385636329651,-0.19896267354488373,0.9996618032455444,-0.06284051388502121,-0.5436760187149048,-0.18214638531208038,0.9994955062866211,0.16013294458389282,-0.4286842346191406,-0.10783496499061584,0.9993162155151367,-0.1245177835226059,-0.47995463013648987,-0.016568953171372414,0.9992794394493103,0.17078456282615662,-0.15183354914188385,-0.11615802347660065,0.9634708762168884,-0.260455459356308,-0.4432779848575592,-0.1588669866323471,0.9072699546813965,0.19341371953487396,0.1032603532075882,-0.18720349669456482,0.8707796931266785,-0.18248513340950012,-0.5847620368003845,-0.33903229236602783,0.8659151792526245,0.1933947652578354,0.17073237895965576,-0.19311755895614624,0.7989937663078308,-0.15243984758853912,-0.6166298985481262,-0.3713246285915375,0.8125644326210022,0.18239358067512512,0.18635547161102295,-0.21759238839149475,0.822255551815033,-0.14877288043498993,-0.6404869556427002,-0.33804813027381897,0.8192744255065918,0.18254582583904266,0.12354116141796112,-0.19872070848941803,0.8011282682418823,-0.1678290218114853,-0.5920084714889526,-0.3335036337375641,0.7887600064277649,0.0973268672823906,-0.008562354370951653,-0.015193792060017586,0.22140657901763916,-0.09653668105602264,-0.0015351328765973449,0.01727939210832119,0.23782987892627716,0.10344205796718597,0.010567402467131615,-0.03795308619737625,0.16104431450366974,-0.1007416844367981,0.1015092208981514,-0.07627951353788376,0.23386773467063904,0.13017292320728302,0.2865455150604248,0.1392754167318344,0.04036283865571022,-0.06848204135894775,0.43068039417266846,0.11712586879730225,0.08196748793125153,0.13110795617103577,0.30334240198135376,0.15211234986782074,0.014995682053267956,-0.05757231265306473,0.4444901943206787,0.13889643549919128,0.03608191758394241,0.16260918974876404,0.29133206605911255,-0.04892687126994133,0.05250754952430725,-0.09428704530000687,0.4809883236885071,-0.037072908133268356,0.08601909130811691,33,1.101,0.4437321722507477,0.25571998953819275,1.010536649914684e-07,,0.4723798930644989,0.24748514592647552,-0.00522345956414938,,0.49658119678497314,0.21329006552696228,-0.00762299494817853,,0.5124804377555847,0.19263003766536713,-0.01084551028907299,,0.5260010957717896,0.18955206871032715,-0.013842897489666939,,0.4842201769351959,0.15022994577884674,-0.0017043966799974442,,0.49716252088546753,0.09709234535694122,-0.007564714644104242,,0.506134033203125,0.06890413910150528,-0.011784038506448269,,0.5134853720664978,0.045796096324920654,-0.015297409147024155,,0.4726492166519165,0.14252975583076477,-0.005678804125636816,,0.489835649728775,0.1088315024971962,-0.020967232063412666,,0.5002657771110535,0.12041828036308289,-0.029103536158800125,,0.5063745975494385,0.13647465407848358,-0.031139899045228958,,0.45880284905433655,0.13792076706886292,-0.010844127275049686,,0.4703577160835266,0.0965145006775856,-0.022861691191792488,,0.48716238141059875,0.08284874260425568,-0.029606705531477928,,0.5015588998794556,0.07504627853631973,-0.03220608830451965,,0.44279417395591736,0.13609561324119568,-0.016493670642375946,,0.4441162347793579,0.09046031534671783,-0.023967094719409943,,0.4490848183631897,0.06169808655977249,-0.027736354619264603,,0.45507752895355225,0.036759838461875916,-0.030063584446907043,
-0.0634462907910347,-0.5602549910545349,-0.21424299478530884,0.9994397163391113,-0.0518089160323143,-0.6035240292549133,-0.21837402880191803,0.998945415019989,-0.05243569612503052,-0.6032126545906067,-0.22054825723171234,0.9989756345748901,-0.05192100256681442,-0.603299081325531,-0.21854552626609802,0.9990107417106628,-0.08096040040254593,-0.6060205101966858,-0.21078859269618988,0.9985573291778564,-0.07891031354665756,-0.6068139672279358,-0.2109292894601822,0.998491644859314,-0.079522505402565,-0.6059243083000183,-0.20681524276733398,0.9983074069023132,0.04351620003581047,-0.6187362670898438,-0.15995101630687714,0.9993143677711487,-0.07553096860647202,-0.6260850429534912,-0.10400749742984772,0.9980453252792358,-0.027783406898379326,-0.5430953502655029,-0.19930210709571838,0.9996798038482666,-0.06258059293031693,-0.5435977578163147,-0.18251822888851166,0.9995235800743103,0.1601954847574234,-0.428670197725296,-0.10785595327615738,0.9993187189102173,-0.12449224293231964,-0.4797886908054352,-0.01698857732117176,0.9992897510528564,0.17149485647678375,-0.15184184908866882,-0.11643953621387482,0.9633449912071228,-0.2601759135723114,-0.44299694895744324,-0.15942871570587158,0.9136143922805786,0.1939125955104828,0.10309935361146927,-0.1873491108417511,0.8748576641082764,-0.18302080035209656,-0.58621746301651,-0.34021466970443726,0.8758655190467834,0.19386203587055206,0.17058412730693817,-0.19340956211090088,0.8030728697776794,-0.1529766172170639,-0.6181543469429016,-0.37241339683532715,0.8215203285217285,0.1825672835111618,0.18604682385921478,-0.2181963473558426,0.8252432346343994,-0.14938956499099731,-0.641348123550415,-0.338914692401886,0.8270367980003357,0.1829475611448288,0.12330014258623123,-0.1990295797586441,0.8044386506080627,-0.1683845818042755,-0.5931028127670288,-0.3346575200557709,0.7960192561149597,0.09730544686317444,-0.008671281859278679,-0.015038762241601944,0.21970345079898834,-0.09650643169879913,-0.0014422102831304073,0.01712965779006481,0.23570218682289124,0.10348410159349442,0.00894276611506939,-0.03941558301448822,0.1617458313703537,-0.10075841099023819,0.09810236841440201,-0.07832104712724686,0.23607249557971954,0.1300707459449768,0.2846721112728119,0.14012150466442108,0.040565136820077896,-0.06873484700918198,0.43041470646858215,0.11622118949890137,0.08243375271558762,0.1309824436903,0.30134114623069763,0.15328539907932281,0.01507739257067442,-0.057908572256565094,0.4443109929561615,0.1381974220275879,0.03615410998463631,0.16246038675308228,0.28797510266304016,-0.04957588016986847,0.05303274840116501,-0.09423869103193283,0.4797154664993286,-0.03915209695696831,0.08688901364803314,34,1.134,0.44384777545928955,0.2525758147239685,1.2908731150673702e-07,,0.4713462293148041,0.24650001525878906,-0.0045287106186151505,,0.49603191018104553,0.21207179129123688,-0.006259543355554342,,0.5123844146728516,0.19425246119499207,-0.008646547794342041,,0.5263566970825195,0.19518053531646729,-0.011230682954192162,,0.48519131541252136,0.14482183754444122,-0.0006797604146413505,,0.49895432591438293,0.09614589065313339,-0.00430291099473834,,0.507708728313446,0.06677719205617905,-0.007505345158278942,,0.5151297450065613,0.04091297835111618,-0.01089385338127613,,0.47213900089263916,0.13490153849124908,-0.004237143788486719,,0.4861023724079132,0.09859424829483032,-0.014954525046050549,,0.49606582522392273,0.10576623678207397,-0.020808888599276543,,0.5025711059570312,0.11905317008495331,-0.02235720306634903,,0.45643091201782227,0.129993736743927,-0.008900344371795654,,0.466678261756897,0.08246038854122162,-0.017301565036177635,,0.4789234697818756,0.05642247945070267,-0.023046579211950302,,0.4894653558731079,0.03713367134332657,-0.02604326605796814,,0.4385836720466614,0.13059043884277344,-0.014021520502865314,,0.4375443756580353,0.08552411198616028,-0.01961408369243145,,0.4393245577812195,0.05560824275016785,-0.02261129580438137,,0.4417390823364258,0.02907589077949524,-0.024864021688699722,
-0.06431261450052261,-0.5602838397026062,-0.21422849595546722,0.9994781017303467,-0.05275476723909378,-0.6035521626472473,-0.218196839094162,0.9990067481994629,-0.053377870470285416,-0.6032412648200989,-0.22036278247833252,0.999028742313385,-0.05286617577075958,-0.6033272743225098,-0.2183629274368286,0.9990655779838562,-0.08203063160181046,-0.6060595512390137,-0.2107628434896469,0.9986436367034912,-0.07997391372919083,-0.6068533658981323,-0.2109135240316391,0.9985782504081726,-0.08058512210845947,-0.6059646606445312,-0.2068042755126953,0.9984068870544434,0.042806465178728104,-0.618749737739563,-0.15916846692562103,0.9993592500686646,-0.0768914595246315,-0.6261818408966064,-0.10404285788536072,0.9981813430786133,-0.02858884260058403,-0.543115496635437,-0.1990879625082016,0.9996957182884216,-0.06351633369922638,-0.5436227917671204,-0.18255515396595,0.9995497465133667,0.15978902578353882,-0.42869868874549866,-0.1074032336473465,0.9993096590042114,-0.12585146725177765,-0.47969669103622437,-0.01667238213121891,0.9992964267730713,0.17192330956459045,-0.15193690359592438,-0.11665891110897064,0.963329553604126,-0.2606176733970642,-0.4418007433414459,-0.15781453251838684,0.9189953804016113,0.1939755380153656,0.10257022082805634,-0.18771377205848694,0.8785297274589539,-0.18404851853847504,-0.5829976797103882,-0.3395412266254425,0.8844271898269653,0.19389979541301727,0.16982626914978027,-0.19383585453033447,0.8067024350166321,-0.15399761497974396,-0.6141390800476074,-0.3719630539417267,0.8287922143936157,0.18250635266304016,0.18517844378948212,-0.21842941641807556,0.8278994560241699,-0.15047113597393036,-0.6370765566825867,-0.33887943625450134,0.8332445025444031,0.18296779692173004,0.12267200648784637,-0.19932162761688232,0.8072810769081116,-0.16944529116153717,-0.5897525548934937,-0.3341467082500458,0.8016242384910583,0.09724298119544983,-0.00891871564090252,-0.01499576773494482,0.21817471086978912,-0.096470907330513,-0.0012406156165525317,0.01708219386637211,0.23449338972568512,0.10358139127492905,0.009108737111091614,-0.03911397233605385,0.16363243758678436,-0.1005975678563118,0.10195162892341614,-0.07811908423900604,0.23939894139766693,0.1307782083749771,0.2846170961856842,0.1407029777765274,0.041090063750743866,-0.06883521378040314,0.43104809522628784,0.11625183373689651,0.08362066000699997,0.13170228898525238,0.3012736141681671,0.1539790779352188,0.01514833141118288,-0.05809726193547249,0.4450211524963379,0.13794519007205963,0.036367833614349365,0.1633976399898529,0.288774311542511,-0.04915684834122658,0.05397624149918556,-0.09455833584070206,0.4820850193500519,-0.03903397172689438,0.08850511908531189,35,1.167,0.4426259994506836,0.24937096238136292,2.2250699771575455e-07,,0.47261929512023926,0.24224314093589783,-0.007298408076167107,,0.4971601366996765,0.21331477165222168,-0.009274985641241074,,0.5145464539527893,0.19665047526359558,-0.011212912388145924,,0.5276656150817871,0.19722945988178253,-0.013497966341674328,,0.4851474165916443,0.1399301141500473,-0.004367452580481768,,0.4997348189353943,0.09817466139793396,-0.00980107020586729,,0.5087800621986389,0.07238215208053589,-0.015301396138966084,,0.5166786909103394,0.049230776727199554,-0.019786929711699486,,0.46991971135139465,0.12621282041072845,-0.00626363605260849,,0.48286640644073486,0.07612718641757965,-0.011119425296783447,,0.49337372183799744,0.045679815113544464,-0.016772957518696785,,0.5026795864105225,0.019878000020980835,-0.021217061206698418,,0.45319923758506775,0.1227671280503273,-0.009422319941222668,,0.46076035499572754,0.07155347615480423,-0.01579282432794571,,0.47023704648017883,0.04099615663290024,-0.022608261555433273,,0.4792850613594055,0.016176551580429077,-0.027311665937304497,,0.434928297996521,0.1275022327899933,-0.013258611783385277,,0.4327000379562378,0.08449739962816238,-0.020075878128409386,,0.43278974294662476,0.05525531619787216,-0.024329902604222298,,0.4342459440231323,0.02832941710948944,-0.027286844328045845,
-0.06461044400930405,-0.5606162548065186,-0.2137761116027832,0.99951171875,-0.05283459275960922,-0.6037459969520569,-0.21759402751922607,0.9990584850311279,-0.05345851555466652,-0.6034359931945801,-0.21974971890449524,0.9990730285644531,-0.052948955446481705,-0.6035217046737671,-0.21775086224079132,0.9991127252578735,-0.08217740058898926,-0.6063786745071411,-0.21012812852859497,0.9987165927886963,-0.08012103289365768,-0.6071749329566956,-0.21028870344161987,0.9986509084701538,-0.08073218166828156,-0.6062896847724915,-0.20618531107902527,0.9984914660453796,0.04281853139400482,-0.6187856197357178,-0.15789827704429626,0.9993980526924133,-0.07702695578336716,-0.6268419027328491,-0.1028028205037117,0.9982950091362,-0.02891816943883896,-0.5433759093284607,-0.1984066516160965,0.9997084140777588,-0.06394151598215103,-0.5440617799758911,-0.18193525075912476,0.9995704889297485,0.15973590314388275,-0.4288311004638672,-0.10720672458410263,0.9993022680282593,-0.12634380161762238,-0.4803164303302765,-0.012986010871827602,0.9992997050285339,0.1725386530160904,-0.15196385979652405,-0.11683493107557297,0.9638403058052063,-0.2610122263431549,-0.44132524728775024,-0.1539265215396881,0.9233809113502502,0.19388939440250397,0.10163234919309616,-0.18784797191619873,0.8829107284545898,-0.1848861277103424,-0.5817483067512512,-0.33865514397621155,0.8919999599456787,0.19363151490688324,0.1683349609375,-0.1940481960773468,0.8116788268089294,-0.15513616800308228,-0.6126411557197571,-0.3708399832248688,0.8352815508842468,0.18226930499076843,0.18263894319534302,-0.21869361400604248,0.8318830728530884,-0.15156994760036469,-0.6359040141105652,-0.33833450078964233,0.8388199210166931,0.18288783729076385,0.12120769917964935,-0.19951781630516052,0.8115239143371582,-0.17035463452339172,-0.5886639952659607,-0.33347663283348083,0.8067743182182312,0.09720585495233536,-0.009096560999751091,-0.01531889382749796,0.21736077964305878,-0.09644810110330582,-0.0010900041088461876,0.017398379743099213,0.23427510261535645,0.10349991172552109,0.009210540913045406,-0.03917744383215904,0.16723187267780304,-0.10098075121641159,0.10528376698493958,-0.07784101366996765,0.24319230020046234,0.13070803880691528,0.2845534384250641,0.1406446397304535,0.04212739318609238,-0.06970027089118958,0.4325922727584839,0.11649118363857269,0.08522829413414001,0.1316022276878357,0.3011895418167114,0.15397746860980988,0.01529697049409151,-0.0591132752597332,0.4466176927089691,0.13833412528038025,0.0369054451584816,0.16312189400196075,0.2896188497543335,-0.05011728033423424,0.0553487166762352,-0.09836334735155106,0.48570549488067627,-0.03834221512079239,0.09047244489192963,36,1.201,0.44150644540786743,0.24853742122650146,2.2535503774179233e-07,,0.47225654125213623,0.24069032073020935,-0.008064423687756062,,0.49665945768356323,0.21329838037490845,-0.010968558490276337,,0.5144467353820801,0.19600224494934082,-0.013935515657067299,,0.5277694463729858,0.19594213366508484,-0.017326926812529564,,0.48533833026885986,0.13561876118183136,-0.004915525671094656,,0.49956977367401123,0.09387772530317307,-0.011671775951981544,,0.5084551572799683,0.06675910949707031,-0.018655216321349144,,0.5161662101745605,0.041683442890644073,-0.024136003106832504,,0.4691026210784912,0.12118726968765259,-0.006952766794711351,,0.4793504774570465,0.06665866822004318,-0.012595182284712791,,0.4883120059967041,0.03318370133638382,-0.018968086689710617,,0.49647074937820435,0.00456547737121582,-0.02384595386683941,,0.452360600233078,0.11946961283683777,-0.010281825438141823,,0.45801299810409546,0.06798029690980911,-0.016478994861245155,,0.46608713269233704,0.03618998825550079,-0.02250046469271183,,0.474081426858902,0.008951440453529358,-0.026653911918401718,,0.4347507357597351,0.12742272019386292,-0.014559718780219555,,0.4351895749568939,0.0855291336774826,-0.02088707499206066,,0.436771035194397,0.058213964104652405,-0.02408726140856743,,0.43937212228775024,0.03281325101852417,-0.026130717247724533,
-0.06598495692014694,-0.5606695413589478,-0.21305488049983978,0.9995430111885071,-0.054225336760282516,-0.6038134694099426,-0.21690711379051208,0.9991084933280945,-0.05484909191727638,-0.6035034656524658,-0.2190636843442917,0.999116837978363,-0.05434337258338928,-0.6035885214805603,-0.21706657111644745,0.9991580843925476,-0.08350934088230133,-0.6064668893814087,-0.2094060182571411,0.9987850785255432,-0.08145463466644287,-0.6072630286216736,-0.20957395434379578,0.9987188577651978,-0.08206541836261749,-0.6063790321350098,-0.20547036826610565,0.9985688328742981,0.0420992374420166,-0.6188603043556213,-0.1575118452310562,0.9994349479675293,-0.0776088535785675,-0.6271043419837952,-0.10223747044801712,0.9984022378921509,-0.030003244057297707,-0.543425977230072,-0.19777825474739075,0.9997215270996094,-0.06493663787841797,-0.5441352128982544,-0.181289404630661,0.9995911121368408,0.1593845933675766,-0.42882877588272095,-0.10722639411687851,0.9992956519126892,-0.1265772134065628,-0.4805203974246979,-0.012553559616208076,0.9993022680282593,0.17263390123844147,-0.15203195810317993,-0.11730706691741943,0.9637659788131714,-0.26164254546165466,-0.4437843859195709,-0.15334703028202057,0.9276696443557739,0.19420434534549713,0.10050863772630692,-0.18874427676200867,0.8862413763999939,-0.1853916347026825,-0.5861020088195801,-0.3391024172306061,0.8990790843963623,0.19422541558742523,0.16684643924236298,-0.19485236704349518,0.8154593706130981,-0.15543311834335327,-0.6172995567321777,-0.3717566728591919,0.841545045375824,0.18296292424201965,0.18135692179203033,-0.21913909912109375,0.8348340392112732,-0.15154998004436493,-0.6402556896209717,-0.338939368724823,0.8442516326904297,0.18337079882621765,0.12006079405546188,-0.2002938687801361,0.8147498369216919,-0.17074893414974213,-0.592913031578064,-0.3339154124259949,0.8119776248931885,0.0971343144774437,-0.009138981811702251,-0.015376674011349678,0.215862438082695,-0.09638428688049316,-0.0010624751448631287,0.01745535433292389,0.2323770672082901,0.10303380340337753,0.009225142188370228,-0.03871019557118416,0.16813965141773224,-0.10115088522434235,0.10445620119571686,-0.0775253027677536,0.24423649907112122,0.13065381348133087,0.28451186418533325,0.140913724899292,0.04265382140874863,-0.06982338428497314,0.4317060112953186,0.11679449677467346,0.08559262752532959,0.13154366612434387,0.3011392652988434,0.15426351130008698,0.015332912094891071,-0.059272270649671555,0.44570329785346985,0.13860733807086945,0.03700206056237221,0.1626923382282257,0.2896510660648346,-0.0506516769528389,0.05615130811929703,-0.09852378815412521,0.4845811426639557,-0.03814065456390381,0.0912734717130661,37,1.234,0.4400911331176758,0.2479257881641388,2.0635964403936669e-07,,0.4714810848236084,0.23609331250190735,-0.0075193485245108604,,0.4961991310119629,0.20949912071228027,-0.010355793870985508,,0.5138419270515442,0.19352559745311737,-0.01344187930226326,,0.5266577005386353,0.1934153288602829,-0.017157992348074913,,0.48372548818588257,0.13381215929985046,-0.004300183150917292,,0.4976753890514374,0.08737635612487793,-0.010978089645504951,,0.505843460559845,0.060224711894989014,-0.0174638070166111,,0.5131532549858093,0.03517405688762665,-0.02240832895040512,,0.46788185834884644,0.12389704585075378,-0.00648498022928834,,0.47985294461250305,0.07334695011377335,-0.011674662120640278,,0.4897460341453552,0.04587269574403763,-0.017466705292463303,,0.49901527166366577,0.022672414779663086,-0.022122887894511223,,0.4512297809123993,0.1237216591835022,-0.010043598711490631,,0.4590332806110382,0.07597764581441879,-0.015627475455403328,,0.46901312470436096,0.04741460829973221,-0.020663175731897354,,0.4790465831756592,0.023234933614730835,-0.024422217160463333,,0.43277406692504883,0.13061121106147766,-0.01455923542380333,,0.4356313943862915,0.0899539515376091,-0.019931429997086525,,0.4405395984649658,0.06513257324695587,-0.022168686613440514,,0.44634348154067993,0.04241027683019638,-0.023819902911782265,
-0.06586715579032898,-0.560635507106781,-0.2131020575761795,0.9995678067207336,-0.054059602320194244,-0.6037581562995911,-0.21696999669075012,0.9991477131843567,-0.054684605449438095,-0.6034479737281799,-0.2191276252269745,0.9991500377655029,-0.054178301244974136,-0.6035323143005371,-0.21712838113307953,0.9991927146911621,-0.08328592777252197,-0.6064125299453735,-0.20947633683681488,0.9988366961479187,-0.08123566210269928,-0.6072075963020325,-0.20964404940605164,0.9987680315971375,-0.08184659481048584,-0.6063241362571716,-0.2055385261774063,0.9986249804496765,0.042328380048274994,-0.6187313795089722,-0.1576535850763321,0.9994650483131409,-0.07715310156345367,-0.6270139813423157,-0.10236787796020508,0.9984840750694275,-0.029880985617637634,-0.5433535575866699,-0.1978437900543213,0.9997314810752869,-0.064761683344841,-0.5440636277198792,-0.1813589185476303,0.9996060729026794,0.15940620005130768,-0.4288112223148346,-0.1073094829916954,0.9992936849594116,-0.12640956044197083,-0.48044028878211975,-0.012729315087199211,0.9993016719818115,0.17273440957069397,-0.152107834815979,-0.11743754148483276,0.9637383222579956,-0.26152515411376953,-0.44350960850715637,-0.15293404459953308,0.9312638640403748,0.19456402957439423,0.10035428404808044,-0.18891175091266632,0.8894679546356201,-0.18580912053585052,-0.5842562913894653,-0.339368611574173,0.9056645631790161,0.19477303326129913,0.1665622740983963,-0.1950279176235199,0.8192433714866638,-0.15601186454296112,-0.6151795387268066,-0.37250885367393494,0.8481135368347168,0.18360362946987152,0.18107126653194427,-0.219389408826828,0.837839663028717,-0.1520542949438095,-0.6384198069572449,-0.3397732973098755,0.8501311540603638,0.18381059169769287,0.11988778412342072,-0.20050321519374847,0.8179690837860107,-0.17115376889705658,-0.5910353660583496,-0.3342386484146118,0.8175983428955078,0.09707164019346237,-0.009182502515614033,-0.015389697626233101,0.21398118138313293,-0.09630414843559265,-0.0010259777773171663,0.017468182370066643,0.23043468594551086,0.10433698445558548,0.005251049064099789,-0.04090851545333862,0.16804514825344086,-0.10027887672185898,0.09799309074878693,-0.078383669257164,0.24458670616149902,0.1332055926322937,0.2812248170375824,0.14097687602043152,0.04265337437391281,-0.06765579432249069,0.4308100640773773,0.11606910079717636,0.08591657131910324,0.13423262536525726,0.29786041378974915,0.15446516871452332,0.015353810973465443,-0.056833572685718536,0.44489771127700806,0.13799645006656647,0.037215784192085266,0.16500581800937653,0.2860088348388672,-0.051030803471803665,0.05623549968004227,-0.09563613682985306,0.48200929164886475,-0.039463333785533905,0.0917927622795105,38,1.267,0.43884363770484924,0.24815160036087036,1.2296455054183753e-07,,0.4689134359359741,0.23952698707580566,-0.0075361644849181175,,0.4947951138019562,0.2083320915699005,-0.010565872304141521,,0.5123704671859741,0.19098839163780212,-0.013989030383527279,,0.5256442427635193,0.19381839036941528,-0.017460862174630165,,0.4820329546928406,0.13698071241378784,-0.003166478592902422,,0.4953751564025879,0.08361324667930603,-0.008579863235354424,,0.5029060244560242,0.05256294459104538,-0.01333051547408104,,0.5107671022415161,0.024882368743419647,-0.017627539113163948,,0.46737125515937805,0.12948785722255707,-0.005692014470696449,,0.47704648971557617,0.09358589351177216,-0.01683065854012966,,0.48313018679618835,0.09468382596969604,-0.02353348396718502,,0.48991599678993225,0.10054218769073486,-0.02620110474526882,,0.45072683691978455,0.12748675048351288,-0.009577155113220215,,0.45831477642059326,0.08508697897195816,-0.01879914477467537,,0.4699351489543915,0.0632357969880104,-0.02392520196735859,,0.48201653361320496,0.04722794145345688,-0.02639993093907833,,0.43213319778442383,0.129705011844635,-0.014348413795232773,,0.43275994062423706,0.08711152523756027,-0.020535772666335106,,0.4347541630268097,0.058173321187496185,-0.02294943667948246,,0.4382445216178894,0.03299914300441742,-0.024511177092790604,
-0.06510742753744125,-0.5606586933135986,-0.21300740540027618,0.9995926022529602,-0.05318810045719147,-0.6037750840187073,-0.21683427691459656,0.9991884231567383,-0.053816769272089005,-0.6034649610519409,-0.21899306774139404,0.9991852045059204,-0.05331210047006607,-0.6035491228103638,-0.21699000895023346,0.9992286562919617,-0.08249564468860626,-0.6064305901527405,-0.2094034105539322,0.9988926649093628,-0.08044783025979996,-0.6072256565093994,-0.20957140624523163,0.9988231062889099,-0.08105692267417908,-0.6063421368598938,-0.2054680436849594,0.9986886382102966,0.04302743449807167,-0.618718147277832,-0.15741007030010223,0.9994926452636719,-0.0767679512500763,-0.6270470023155212,-0.10239614546298981,0.9985677599906921,-0.02927345223724842,-0.5433756709098816,-0.19766733050346375,0.9997397661209106,-0.06421505659818649,-0.544099748134613,-0.181277796626091,0.9996192455291748,0.1597878336906433,-0.42891982197761536,-0.10708688199520111,0.9992835521697998,-0.12634135782718658,-0.4804357886314392,-0.012873425148427486,0.9993006587028503,0.17409764230251312,-0.1524648219347,-0.11755106598138809,0.9635231494903564,-0.2606895864009857,-0.44295763969421387,-0.15265434980392456,0.9346775412559509,0.196389839053154,0.10008052736520767,-0.18971994519233704,0.8919230103492737,-0.18551263213157654,-0.5832566022872925,-0.33914193511009216,0.9117027521133423,0.19704794883728027,0.166388139128685,-0.19563545286655426,0.8219086527824402,-0.1559053212404251,-0.6138393878936768,-0.37233787775039673,0.8542048931121826,0.18532729148864746,0.1809144765138626,-0.21993152797222137,0.8398237228393555,-0.1517636775970459,-0.6369775533676147,-0.33972984552383423,0.8555653095245361,0.18553222715854645,0.119624063372612,-0.20129820704460144,0.8202857375144958,-0.17080220580101013,-0.5899310111999512,-0.3340238332748413,0.8229932188987732,0.09704578667879105,-0.009217750281095505,-0.015278782695531845,0.21476882696151733,-0.09627832472324371,-0.0009858045959845185,0.017358848825097084,0.2314099371433258,0.10441076010465622,0.005693131126463413,-0.04169200733304024,0.16913747787475586,-0.1002831906080246,0.0979657992720604,-0.0800720825791359,0.24530485272407532,0.13333763182163239,0.28283488750457764,0.13641895353794098,0.04320880398154259,-0.06756223738193512,0.43098971247673035,0.11217152327299118,0.08606954663991928,0.13434486091136932,0.29953357577323914,0.14947274327278137,0.01545646507292986,-0.05670581012964249,0.44511181116104126,0.13377723097801208,0.03713441267609596,0.16505350172519684,0.2872878909111023,-0.058353062719106674,0.057010941207408905,-0.09433023631572723,0.4820265769958496,-0.04500875249505043,0.092242032289505,39,1.301,0.4392746090888977,0.2491094172000885,1.1429553836705963e-07,,0.469117671251297,0.2396625578403473,-0.006722977384924889,,0.49480071663856506,0.20688088238239288,-0.009010527282953262,,0.5125876665115356,0.18968547880649567,-0.011587987653911114,,0.5258026719093323,0.19155709445476532,-0.014248907566070557,,0.48111215233802795,0.13772232830524445,-0.003600198542699218,,0.4942512512207031,0.08489326387643814,-0.008624066598713398,,0.5020196437835693,0.05369162559509277,-0.013046394102275372,,0.5097945332527161,0.025461867451667786,-0.017210695892572403,,0.46662893891334534,0.12934689223766327,-0.00621217442676425,,0.4769020080566406,0.09091773629188538,-0.016380731016397476,,0.4829117953777313,0.08980001509189606,-0.02255844883620739,,0.4887184202671051,0.09285404533147812,-0.025220831856131554,,0.45001208782196045,0.12648139894008636,-0.010032664984464645,,0.4572926461696625,0.08250483125448227,-0.01867000199854374,,0.46842411160469055,0.05912238359451294,-0.023883497342467308,,0.4792860150337219,0.041086360812187195,-0.026751674711704254,,0.43144962191581726,0.12847484648227692,-0.014604572206735611,,0.42951953411102295,0.08473972976207733,-0.020916730165481567,,0.4296764135360718,0.05540045350790024,-0.02361183986067772,,0.43105417490005493,0.02898571640253067,-0.02554471604526043,
-0.06453468650579453,-0.5600888133049011,-0.21301279962062836,0.9996137022972107,-0.05280657857656479,-0.6032721996307373,-0.21684496104717255,0.9992223381996155,-0.05343683809041977,-0.6029577255249023,-0.21900604665279388,0.9992141723632812,-0.052929580211639404,-0.6030410528182983,-0.21700020134449005,0.9992585778236389,-0.08200909942388535,-0.6058194041252136,-0.20946447551250458,0.9989381432533264,-0.07996547222137451,-0.6066092848777771,-0.20963197946548462,0.9988667368888855,-0.08057326823472977,-0.6057242751121521,-0.205527663230896,0.9987387657165527,0.043104011565446854,-0.6184687614440918,-0.15748077630996704,0.9995177388191223,-0.07650893926620483,-0.6264131665229797,-0.10262338072061539,0.998640775680542,-0.02882608026266098,-0.5429069399833679,-0.19767437875270844,0.9997491240501404,-0.0636676624417305,-0.5434969663619995,-0.18134014308452606,0.9996334314346313,0.1598420888185501,-0.4289167523384094,-0.10664273798465729,0.9992858171463013,-0.12616121768951416,-0.4800117015838623,-0.014603794552385807,0.9993070960044861,0.17425471544265747,-0.15273958444595337,-0.11710184812545776,0.9629462957382202,-0.26058852672576904,-0.44240644574165344,-0.15347857773303986,0.9380871653556824,0.19770339131355286,0.09974800050258636,-0.18975920975208282,0.8936028480529785,-0.18479813635349274,-0.5822663903236389,-0.3393682539463043,0.9173153042793274,0.19871598482131958,0.16599494218826294,-0.19562415778636932,0.8235016465187073,-0.15488554537296295,-0.6128155589103699,-0.37244781851768494,0.8599558472633362,0.18721957504749298,0.18068018555641174,-0.21973295509815216,0.840896725654602,-0.1505141705274582,-0.6360868215560913,-0.3397494852542877,0.8607244491577148,0.18697993457317352,0.11937325447797775,-0.20130230486392975,0.8214839100837708,-0.16995392739772797,-0.5889478921890259,-0.33414366841316223,0.8279231786727905,0.09702558815479279,-0.009236976504325867,-0.015047283843159676,0.2109631448984146,-0.09624079614877701,-0.0009617679170332849,0.017140280455350876,0.22761669754981995,0.10437388718128204,-0.0070375059731304646,-0.04260513558983803,0.16771459579467773,-0.10064822435379028,0.08608927577733994,-0.08182454109191895,0.2444029301404953,0.13214845955371857,0.2706161439418793,0.13672372698783875,0.04287124052643776,-0.06936046481132507,0.4258041977882385,0.11168421059846878,0.08562560379505157,0.13304293155670166,0.28704920411109924,0.15002356469631195,0.015432680025696754,-0.05850609019398689,0.4397701621055603,0.13356535136699677,0.036949433386325836,0.16446800529956818,0.271191269159317,-0.05777234956622124,0.056723155081272125,-0.09517014771699905,0.47386839985847473,-0.04621629789471626,0.09197050333023071,40,1.334,0.4402657747268677,0.24971438944339752,2.0112941001571016e-07,,0.47085151076316833,0.2390209436416626,-0.00815718062222004,,0.4949987232685089,0.20781072974205017,-0.010799165815114975,,0.5126318335533142,0.19084861874580383,-0.013264714740216732,,0.5261117815971375,0.19059976935386658,-0.015957092866301537,,0.4828711748123169,0.1358330100774765,-0.005819875746965408,,0.4951308071613312,0.09193065762519836,-0.011822856962680817,,0.5023162364959717,0.06316740810871124,-0.017516611143946648,,0.5088247656822205,0.03661230951547623,-0.022313810884952545,,0.46710360050201416,0.12391883134841919,-0.007532082032412291,,0.4793015718460083,0.07824142277240753,-0.013049134984612465,,0.49025896191596985,0.05267980694770813,-0.018294289708137512,,0.5009830594062805,0.02943645417690277,-0.022602874785661697,,0.44946426153182983,0.12152703106403351,-0.010728644207119942,,0.4560653269290924,0.07348446547985077,-0.017660491168498993,,0.4656681716442108,0.0453428253531456,-0.023750711232423782,,0.4755953550338745,0.020547181367874146,-0.028148509562015533,,0.4305700361728668,0.12676678597927094,-0.014799381606280804,,0.4275625944137573,0.08433715254068375,-0.021899424493312836,,0.4270269274711609,0.05528106540441513,-0.02611635811626911,,0.42821964621543884,0.02749541401863098,-0.029317334294319153,
-0.0645352154970169,-0.5601341128349304,-0.21301676332950592,0.9996299743652344,-0.05279424041509628,-0.60330730676651,-0.21684913337230682,0.9992451071739197,-0.053424172103405,-0.602992832660675,-0.2190098762512207,0.9992314577102661,-0.05291718989610672,-0.6030765175819397,-0.2170039415359497,0.9992783665657043,-0.08199329674243927,-0.6058543920516968,-0.20949167013168335,0.9989699721336365,-0.07995074987411499,-0.6066445708274841,-0.2096596211194992,0.9988968968391418,-0.08055897802114487,-0.6057599186897278,-0.20555517077445984,0.9987747073173523,0.04313972219824791,-0.6184957027435303,-0.15750274062156677,0.9995360970497131,-0.07646462321281433,-0.6264528632164001,-0.10270336270332336,0.9986957907676697,-0.028815900906920433,-0.5429500341415405,-0.1976625770330429,0.9997546076774597,-0.06365542858839035,-0.5435395836830139,-0.1813644915819168,0.9996423721313477,0.15988518297672272,-0.428992360830307,-0.10645844042301178,0.9992803335189819,-0.12611067295074463,-0.48010414838790894,-0.014694644138216972,0.9993072152137756,0.17451778054237366,-0.15294016897678375,-0.11671598255634308,0.9629312753677368,-0.2603316903114319,-0.44178467988967896,-0.1533633917570114,0.9409304261207581,0.197682723402977,0.09933558851480484,-0.18946148455142975,0.8959069848060608,-0.183914452791214,-0.581956684589386,-0.3392430245876312,0.9220783710479736,0.19863684475421906,0.16557368636131287,-0.19541168212890625,0.826030969619751,-0.15370000898838043,-0.6127674579620361,-0.3722619414329529,0.8645364046096802,0.1871308982372284,0.17997775971889496,-0.21948590874671936,0.8428685069084167,-0.14928731322288513,-0.6364920139312744,-0.3396591246128082,0.8647654056549072,0.1869487315416336,0.11882029473781586,-0.201002299785614,0.8236095309257507,-0.16897548735141754,-0.5889386534690857,-0.33402156829833984,0.8317052721977234,0.09699828922748566,-0.009251739829778671,-0.015015718527138233,0.21024785935878754,-0.09621293097734451,-0.0009425404714420438,0.017105771228671074,0.2270529419183731,0.10355144739151001,-0.00602641049772501,-0.04262325540184975,0.1685905158519745,-0.10125476866960526,0.08671495318412781,-0.0816895142197609,0.2467295229434967,0.12774576246738434,0.27104243636131287,0.1374768316745758,0.043238572776317596,-0.07349830120801926,0.42715102434158325,0.11205238103866577,0.08667036890983582,0.12818220257759094,0.28766217827796936,0.15090592205524445,0.015559862367808819,-0.0632198378443718,0.4413527548313141,0.13394047319889069,0.03722003102302551,0.15936367213726044,0.2728502154350281,-0.056219011545181274,0.05724840983748436,-0.10032254457473755,0.4757896959781647,-0.045514460653066635,0.09312231838703156,41,1.368,0.44012361764907837,0.24853602051734924,2.1907911218477238e-07,,0.47127652168273926,0.23752322793006897,-0.007802842650562525,,0.4953443706035614,0.20847900211811066,-0.01026150118559599,,0.5128995776176453,0.19100740551948547,-0.012676514685153961,,0.5263797044754028,0.19019067287445068,-0.015355297364294529,,0.48194941878318787,0.13532742857933044,-0.004408271983265877,,0.4954294264316559,0.09127948433160782,-0.009898166172206402,,0.5027942061424255,0.06387969851493835,-0.015478692948818207,,0.5091532468795776,0.038788266479969025,-0.020050816237926483,,0.46605291962623596,0.12335242331027985,-0.006031114142388105,,0.47772449254989624,0.0737343356013298,-0.010748135857284069,,0.4870416224002838,0.04333235323429108,-0.016242122277617455,,0.49563533067703247,0.01716768741607666,-0.02070443704724312,,0.44893497228622437,0.12159343808889389,-0.009024758823215961,,0.4552454948425293,0.07195979356765747,-0.014652836136519909,,0.46415817737579346,0.043315961956977844,-0.02056974731385708,,0.4731225073337555,0.019492939114570618,-0.024805882945656776,,0.43041563034057617,0.12746277451515198,-0.012912509962916374,,0.4297136962413788,0.08521950989961624,-0.01890645921230316,,0.4310067594051361,0.05715222656726837,-0.022532669827342033,,0.4335753917694092,0.031123697757720947,-0.02510400302708149,
-0.06422489136457443,-0.5610855221748352,-0.2129254788160324,0.9996384382247925,-0.05232524871826172,-0.6039825677871704,-0.21668238937854767,0.9992507696151733,-0.05295776203274727,-0.6036677956581116,-0.21884362399578094,0.9992308020591736,-0.05245264992117882,-0.6037554740905762,-0.21683555841445923,0.9992838501930237,-0.08150839060544968,-0.6065885424613953,-0.2093794345855713,0.9989786148071289,-0.07947210967540741,-0.6073812246322632,-0.2095463126897812,0.9989024996757507,-0.08008062839508057,-0.6064984798431396,-0.20544184744358063,0.9987865686416626,0.04331957548856735,-0.6187325119972229,-0.15717464685440063,0.9995449781417847,-0.0762624740600586,-0.6268566846847534,-0.1026831567287445,0.99872225522995,-0.028684688732028008,-0.5437394976615906,-0.19751201570034027,0.9997543096542358,-0.06351541727781296,-0.544405460357666,-0.18129457533359528,0.9996431469917297,0.15987668931484222,-0.42942285537719727,-0.10594683140516281,0.9992749094963074,-0.1260862499475479,-0.480996310710907,-0.014789106324315071,0.9993056654930115,0.17466773092746735,-0.15333783626556396,-0.11493661999702454,0.963269829750061,-0.2602579593658447,-0.44269078969955444,-0.15208394825458527,0.9435088038444519,0.1976737231016159,0.09910431504249573,-0.1878315806388855,0.8984653353691101,-0.1836925745010376,-0.5847544074058533,-0.33783483505249023,0.9263976812362671,0.19859211146831512,0.16527202725410461,-0.19398674368858337,0.8289059996604919,-0.15349216759204865,-0.616173505783081,-0.3712369501590729,0.8688035011291504,0.18706125020980835,0.17911352217197418,-0.2183511108160019,0.8452395796775818,-0.14897742867469788,-0.6411957740783691,-0.3384396433830261,0.8685991764068604,0.18692231178283691,0.11838973313570023,-0.19956637918949127,0.8262014389038086,-0.16873115301132202,-0.5924255847930908,-0.3325882852077484,0.8354675769805908,0.09697676450014114,-0.009267601184546947,-0.014973467215895653,0.2091311663389206,-0.09619028866291046,-0.0009246694971807301,0.017062092199921608,0.2263711839914322,0.10476092249155045,-0.002730712993070483,-0.043737687170505524,0.17004916071891785,-0.10097779333591461,0.08820503205060959,-0.08171257376670837,0.24897944927215576,0.12880399823188782,0.2725387215614319,0.13813963532447815,0.04338682442903519,-0.07281497120857239,0.42940735816955566,0.11230376362800598,0.08754916489124298,0.12925228476524353,0.28900396823883057,0.1519271433353424,0.015622125007212162,-0.0624355711042881,0.4436400532722473,0.13421662151813507,0.03745830059051514,0.16104891896247864,0.27446141839027405,-0.05495654046535492,0.05741662532091141,-0.09886714816093445,0.47778958082199097,-0.045044053345918655,0.09399495273828506,42,1.401,0.4395222067832947,0.2504395842552185,2.2200157445695368e-07,,0.4702627956867218,0.23843912780284882,-0.0075045558623969555,,0.49442258477211,0.2091493457555771,-0.010145328938961029,,0.5124784708023071,0.19200511276721954,-0.012966472655534744,,0.5264067649841309,0.19120924174785614,-0.016325505450367928,,0.4811391830444336,0.1353667676448822,-0.004093031864613295,,0.4950038492679596,0.0923871397972107,-0.010546713136136532,,0.5026896595954895,0.06563559919595718,-0.016954626888036728,,0.5094013810157776,0.04101315140724182,-0.02200104109942913,,0.46530434489250183,0.12503871321678162,-0.006253035273402929,,0.47758224606513977,0.07505043596029282,-0.011743539944291115,,0.4868869483470917,0.0444377064704895,-0.017590181902050972,,0.4952200651168823,0.01772010326385498,-0.022101236507296562,,0.4488455355167389,0.12574729323387146,-0.009781804867088795,,0.4561595916748047,0.07641573995351791,-0.01594872772693634,,0.46563565731048584,0.048318177461624146,-0.021136213093996048,,0.47500112652778625,0.023712553083896637,-0.024765023961663246,,0.4311869740486145,0.13475613296031952,-0.01420933473855257,,0.43399879336357117,0.09571591764688492,-0.020222948864102364,,0.4390639662742615,0.07162057608366013,-0.022838201373815536,,0.44538915157318115,0.04916491359472275,-0.02461722493171692,
-0.06393527239561081,-0.56107497215271,-0.21289101243019104,0.9996547102928162,-0.05185031145811081,-0.6039372086524963,-0.21667596697807312,0.9992772340774536,-0.0524907186627388,-0.6036218404769897,-0.21884125471115112,0.9992544651031494,-0.0519835464656353,-0.6037085056304932,-0.21682992577552795,0.9993091821670532,-0.08091405779123306,-0.6065821647644043,-0.20929716527462006,0.999013364315033,-0.07888644933700562,-0.6073744893074036,-0.2094588279724121,0.9989364147186279,-0.07949136942625046,-0.6064912676811218,-0.20535023510456085,0.998825192451477,0.04442688822746277,-0.6182218194007874,-0.15732376277446747,0.9995641112327576,-0.07445932179689407,-0.6268265843391418,-0.10255751758813858,0.9987691640853882,-0.028288893401622772,-0.5436384081840515,-0.19753561913967133,0.9997608661651611,-0.06297459453344345,-0.5443838238716125,-0.1812511533498764,0.9996515512466431,0.1604292094707489,-0.42830124497413635,-0.10701572895050049,0.9992775917053223,-0.12466859817504883,-0.4809824526309967,-0.014686874113976955,0.9993063807487488,0.1748373657464981,-0.1514105349779129,-0.11517982929944992,0.9632176160812378,-0.2595689594745636,-0.44237011671066284,-0.1519608497619629,0.945359468460083,0.19755621254444122,0.1001972183585167,-0.1877831518650055,0.9003366827964783,-0.18290944397449493,-0.5845947265625,-0.338540256023407,0.9301012754440308,0.19835896790027618,0.16653409600257874,-0.193736270070076,0.831256091594696,-0.15276847779750824,-0.6159717440605164,-0.3720583915710449,0.8722912073135376,0.18666420876979828,0.18056194484233856,-0.21787871420383453,0.8470895290374756,-0.14749303460121155,-0.6406487822532654,-0.33919721841812134,0.8716739416122437,0.1867547631263733,0.119575135409832,-0.19932560622692108,0.8283711671829224,-0.1676589846611023,-0.5920791625976562,-0.3333810269832611,0.8386003971099854,0.09695883840322495,-0.009207273833453655,-0.015133718028664589,0.21100519597530365,-0.09616508334875107,-0.0009618571493774652,0.017237232998013496,0.2277553230524063,0.10458756983280182,-0.002033310942351818,-0.050422653555870056,0.16915179789066315,-0.10126861184835434,0.08015435934066772,-0.085940882563591,0.24629446864128113,0.12909062206745148,0.2729378938674927,0.12872850894927979,0.0435289591550827,-0.07164636999368668,0.42721208930015564,0.1077357679605484,0.08668938279151917,0.12958459556102753,0.2893729507923126,0.14215287566184998,0.015715589746832848,-0.06082160398364067,0.4411129951477051,0.13024938106536865,0.03739571198821068,0.16068919003009796,0.27478545904159546,-0.07210953533649445,0.05762920156121254,-0.09645523130893707,0.4721839129924774,-0.05081769451498985,0.09346358478069305,43,1.434,0.4391670823097229,0.2520166039466858,2.2414072020637832e-07,,0.47010064125061035,0.2395189255475998,-0.007461233530193567,,0.4943190813064575,0.20960846543312073,-0.009781081229448318,,0.5119625926017761,0.1910874992609024,-0.012416215613484383,,0.526017963886261,0.19141194224357605,-0.015534496866166592,,0.4816586971282959,0.13613645732402802,-0.0023921632673591375,,0.49447423219680786,0.09240894019603729,-0.008720324374735355,,0.5019159913063049,0.06485390663146973,-0.015180295333266258,,0.5087795257568359,0.039635151624679565,-0.0202350951731205,,0.46654248237609863,0.12736931443214417,-0.004457338247448206,,0.47894012928009033,0.07825063169002533,-0.009724783711135387,,0.4881105422973633,0.04734060913324356,-0.015551765449345112,,0.4968576431274414,0.020154282450675964,-0.020081717520952225,,0.450643926858902,0.12875565886497498,-0.008014810271561146,,0.45847830176353455,0.08297529071569443,-0.014128449372947216,,0.46793264150619507,0.057485729455947876,-0.018718374893069267,,0.477647989988327,0.0357804074883461,-0.021817654371261597,,0.43280941247940063,0.1372438371181488,-0.012583755888044834,,0.43724480271339417,0.10088440775871277,-0.018276197835803032,,0.4438910484313965,0.07991499453783035,-0.02030222862958908,,0.45185738801956177,0.0607331320643425,-0.021634528413414955,
-0.06406361609697342,-0.5610846281051636,-0.2126934677362442,0.99965900182724,-0.05196687951683998,-0.6039425134658813,-0.2165473848581314,0.9992753863334656,-0.05260789394378662,-0.6036272048950195,-0.21871277689933777,0.9992473125457764,-0.05210110917687416,-0.6037140488624573,-0.21670088171958923,0.9993075728416443,-0.08097051084041595,-0.6065889596939087,-0.20914192497730255,0.9990112781524658,-0.07894586026668549,-0.6073815226554871,-0.2093004435300827,0.9989311695098877,-0.07955214381217957,-0.6064984202384949,-0.20518788695335388,0.9988232254981995,0.044318486005067825,-0.6182685494422913,-0.15733514726161957,0.9995705485343933,-0.07445763796567917,-0.6268647313117981,-0.10251981765031815,0.9987791776657104,-0.028435269370675087,-0.543651282787323,-0.1973663568496704,0.9997621178627014,-0.0630505234003067,-0.5443989038467407,-0.18105244636535645,0.999653697013855,0.16037140786647797,-0.4283674359321594,-0.10649829357862473,0.9992862939834595,-0.12454965710639954,-0.4812434911727905,-0.014584597200155258,0.9993160367012024,0.17447657883167267,-0.15137530863285065,-0.1122235581278801,0.9637587070465088,-0.259480357170105,-0.4415069818496704,-0.14721070230007172,0.9472894668579102,0.19538095593452454,0.09995972365140915,-0.1829390972852707,0.9033734202384949,-0.18305672705173492,-0.5842801332473755,-0.3350116014480591,0.9338263273239136,0.1950986087322235,0.16589458286762238,-0.18904055655002594,0.8351837992668152,-0.15315279364585876,-0.6155251860618591,-0.3690684139728546,0.876544713973999,0.18415567278862,0.1790243685245514,-0.21357890963554382,0.8504801392555237,-0.14789824187755585,-0.6402320265769958,-0.3363893926143646,0.8755984902381897,0.18456441164016724,0.11897271126508713,-0.19453753530979156,0.8319838047027588,-0.16786134243011475,-0.5916345119476318,-0.32991844415664673,0.8425124287605286,0.09693704545497894,-0.009178627282381058,-0.015170803293585777,0.21202807128429413,-0.09613004326820374,-0.0009696221095509827,0.017270294949412346,0.22988109290599823,0.10531502962112427,-0.0014994624070823193,-0.05139949545264244,0.17023059725761414,-0.10074995458126068,0.08109831809997559,-0.08576016128063202,0.2503272294998169,0.1292629837989807,0.27319714426994324,0.1353074014186859,0.04355908930301666,-0.0715937465429306,0.4323458671569824,0.1079443171620369,0.08896814286708832,0.12974312901496887,0.28968825936317444,0.15024405717849731,0.015860315412282944,-0.0608028843998909,0.44699975848197937,0.1304304301738739,0.03835618123412132,0.1606730967760086,0.27537956833839417,-0.05775175616145134,0.057669516652822495,-0.09649462252855301,0.47786301374435425,-0.05030922591686249,0.0955372005701065,44,1.468,0.4389301538467407,0.2529582679271698,2.1443872810777975e-07,,0.47049516439437866,0.24105291068553925,-0.007725197356194258,,0.4943614602088928,0.21054556965827942,-0.010231737047433853,,0.5112466812133789,0.1911681592464447,-0.012901357375085354,,0.5250506401062012,0.1917075216770172,-0.016085874289274216,,0.4826146960258484,0.13811886310577393,-0.0036846650764346123,,0.4955311715602875,0.0942121148109436,-0.010038129054009914,,0.5028148889541626,0.066640205681324,-0.016371499747037888,,0.5098056793212891,0.04118490219116211,-0.021445143967866898,,0.46681496500968933,0.12930843234062195,-0.005560870748013258,,0.47905442118644714,0.08362920582294464,-0.011140599846839905,,0.4896388649940491,0.057693660259246826,-0.016860103234648705,,0.5002910494804382,0.034606002271175385,-0.021363312378525734,,0.4501003324985504,0.13033804297447205,-0.00891958363354206,,0.4576379954814911,0.08465559780597687,-0.015192183665931225,,0.4679800570011139,0.058882445096969604,-0.020172612741589546,,0.47908347845077515,0.036614760756492615,-0.023724747821688652,,0.43157094717025757,0.13804882764816284,-0.013272689655423164,,0.4352574050426483,0.09953014552593231,-0.019390489906072617,,0.44114774465560913,0.07572246342897415,-0.022236239165067673,,0.44874346256256104,0.05404382199048996,-0.024275699630379677,
-0.06419876217842102,-0.5607461333274841,-0.2127077430486679,0.9996628761291504,-0.05204175040125847,-0.6035993099212646,-0.2166370451450348,0.9992754459381104,-0.0526847168803215,-0.6032833456993103,-0.21880404651165009,0.9992436766624451,-0.052177950739860535,-0.603370726108551,-0.2167900651693344,0.9993077516555786,-0.08100514858961105,-0.6062887907028198,-0.20916587114334106,0.9990077614784241,-0.07898330688476562,-0.6070811152458191,-0.20932333171367645,0.9989232420921326,-0.07959038019180298,-0.6061987280845642,-0.20520882308483124,0.998815655708313,0.044324517250061035,-0.618083119392395,-0.15788961946964264,0.999577522277832,-0.07428427785634995,-0.6268212199211121,-0.10254179686307907,0.9987784028053284,-0.028530409559607506,-0.5433797836303711,-0.19741027057170868,0.9997624158859253,-0.06309011578559875,-0.5441916584968567,-0.1810619980096817,0.9996518492698669,0.1604141741991043,-0.42833489179611206,-0.10670369118452072,0.9992855787277222,-0.12387742102146149,-0.48140791058540344,-0.014248235151171684,0.999308705329895,0.1744208186864853,-0.15126903355121613,-0.1121530681848526,0.9639863967895508,-0.2573994994163513,-0.44016969203948975,-0.1433761715888977,0.948209285736084,0.1930898278951645,0.0999109074473381,-0.18225006759166718,0.9055593609809875,-0.1830255091190338,-0.5836852788925171,-0.33428293466567993,0.9368672370910645,0.19188733398914337,0.16586145758628845,-0.1882469356060028,0.8380352258682251,-0.15327945351600647,-0.6151840686798096,-0.3687087297439575,0.8799903988838196,0.18115301430225372,0.17874020338058472,-0.2127780169248581,0.8528960347175598,-0.1480702906847,-0.6399508714675903,-0.33619245886802673,0.8787744045257568,0.1820976436138153,0.11882234364748001,-0.19372020661830902,0.8344957232475281,-0.16787965595722198,-0.5913888812065125,-0.32934054732322693,0.8455705046653748,0.0969088077545166,-0.009027463383972645,-0.015579474158585072,0.21126125752925873,-0.09607979655265808,-0.0010958872735500336,0.017679011449217796,0.22898951172828674,0.10506457835435867,-0.0014856819761916995,-0.05235546454787254,0.17104347050189972,-0.10092388093471527,0.08078677207231522,-0.08561492711305618,0.2512650787830353,0.12904635071754456,0.2734066843986511,0.13560587167739868,0.04381268844008446,-0.07162589579820633,0.43179595470428467,0.10857216268777847,0.08982571214437485,0.1294960081577301,0.28992071747779846,0.1504543572664261,0.015947630628943443,-0.06084581837058067,0.44643622636795044,0.1312916874885559,0.03893321752548218,0.15877236425876617,0.2757321000099182,-0.057467665523290634,0.0578797422349453,-0.09730549901723862,0.4772862195968628,-0.049054235219955444,0.09639117866754532,45,1.501,0.4388027787208557,0.25411638617515564,2.0776496967300773e-07,,0.4700290858745575,0.24308520555496216,-0.007264487911015749,,0.4936707615852356,0.21161271631717682,-0.009123992174863815,,0.5108317732810974,0.19296298921108246,-0.011038773693144321,,0.5256618857383728,0.1922336220741272,-0.013392766006290913,,0.4826994836330414,0.13843800127506256,-0.0033084512688219547,,0.4965062141418457,0.09551222622394562,-0.009075582027435303,,0.504220187664032,0.06801356375217438,-0.014924109913408756,,0.511257529258728,0.04269498586654663,-0.019770625978708267,,0.46715524792671204,0.12890078127384186,-0.005031747277826071,,0.4797516465187073,0.08460430800914764,-0.010042314417660236,,0.49037879705429077,0.059427954256534576,-0.015317399986088276,,0.5006265640258789,0.03718631714582443,-0.01961187645792961,,0.4504447877407074,0.12926717102527618,-0.008242915384471416,,0.45832589268684387,0.08328092098236084,-0.014258796349167824,,0.4684697091579437,0.05673474818468094,-0.0194296482950449,,0.4790046513080597,0.033312126994132996,-0.02323777973651886,,0.4319545328617096,0.13655900955200195,-0.012342135421931744,,0.4351283609867096,0.09757876396179199,-0.01887030340731144,,0.4404178857803345,0.07281938940286636,-0.02238430082798004,,0.4473033547401428,0.04978691041469574,-0.024904567748308182,
-0.0640416070818901,-0.5606678128242493,-0.21213605999946594,0.9996711611747742,-0.05172370746731758,-0.6034870147705078,-0.2162000983953476,0.9992870688438416,-0.05236874893307686,-0.603171169757843,-0.21837124228477478,0.9992523193359375,-0.05186238884925842,-0.6032581925392151,-0.21635423600673676,0.9993181228637695,-0.0806581899523735,-0.6062303781509399,-0.20858141779899597,0.9990219473838806,-0.0786413848400116,-0.6070228219032288,-0.20873412489891052,0.9989349246025085,-0.07925046235322952,-0.6061407923698425,-0.2046147733926773,0.9988299012184143,0.0450439415872097,-0.6179375052452087,-0.15775729715824127,0.9995875358581543,-0.07341530174016953,-0.6268487572669983,-0.10189305245876312,0.9987998604774475,-0.028333712369203568,-0.5432971715927124,-0.1969410926103592,0.9997639060020447,-0.06285320967435837,-0.5441688299179077,-0.18038859963417053,0.9996529221534729,0.16077624261379242,-0.42825812101364136,-0.1067165732383728,0.999284029006958,-0.1230485811829567,-0.4815588593482971,-0.013554905541241169,0.9993059635162354,0.17452453076839447,-0.1510239988565445,-0.11233934760093689,0.9640915393829346,-0.25528866052627563,-0.4396849274635315,-0.14211472868919373,0.9491255879402161,0.1930486559867859,0.10049554705619812,-0.1825559288263321,0.9073558449745178,-0.18254448473453522,-0.582695722579956,-0.3332490622997284,0.9395443201065063,0.19187550246715546,0.1667739897966385,-0.18848150968551636,0.8403635621070862,-0.15316075086593628,-0.6140213012695312,-0.36774396896362305,0.8827999234199524,0.18100357055664062,0.1797676384449005,-0.21294015645980835,0.854809582233429,-0.14793673157691956,-0.6388058662414551,-0.335297554731369,0.881294846534729,0.18202883005142212,0.11941278725862503,-0.19393888115882874,0.8366685509681702,-0.16743311285972595,-0.5904266238212585,-0.3283354938030243,0.8480992913246155,0.09689181298017502,-0.009010505862534046,-0.0156363807618618,0.2127833515405655,-0.0960540622472763,-0.0011004914995282888,0.017735878005623817,0.23084034025669098,0.10513293743133545,0.0006498697912320495,-0.052227407693862915,0.17140385508537292,-0.10091821104288101,0.08143284171819687,-0.08541015535593033,0.2517915964126587,0.12931481003761292,0.27662643790245056,0.1358722746372223,0.0441291406750679,-0.07131078839302063,0.4341510832309723,0.10887283831834793,0.09043752402067184,0.12976540625095367,0.29330316185951233,0.1506822258234024,0.016035854816436768,-0.06050150468945503,0.4487919211387634,0.13155947625637054,0.03923081234097481,0.1587664783000946,0.2790811061859131,-0.057357367128133774,0.058164604008197784,-0.09700100123882294,0.4794602394104004,-0.04853716865181923,0.0969589352607727,46,1.534,0.4392143487930298,0.257112979888916,2.0797212130219123e-07,,0.4694211483001709,0.24588166177272797,-0.0070555140264332294,,0.49319496750831604,0.21353276073932648,-0.008686196990311146,,0.5107983350753784,0.19473087787628174,-0.010337388142943382,,0.5256107449531555,0.1932532638311386,-0.012340590357780457,,0.4830673336982727,0.13986527919769287,-0.0030341441743075848,,0.4968004822731018,0.09676403552293777,-0.008479898795485497,,0.5044030547142029,0.0687200278043747,-0.014133539982140064,,0.5110980272293091,0.04357023537158966,-0.01878036931157112,,0.46716228127479553,0.1291361004114151,-0.0048271603882312775,,0.47955912351608276,0.08276613056659698,-0.009362000040709972,,0.48955482244491577,0.05475004017353058,-0.014397133141756058,,0.49887701869010925,0.030772998929023743,-0.018454579636454582,,0.45028793811798096,0.1288350224494934,-0.0080583980306983,,0.45761436223983765,0.08108896762132645,-0.013391806744039059,,0.46707287430763245,0.053111836314201355,-0.018346520140767097,,0.4769093096256256,0.028910070657730103,-0.022049201652407646,,0.43190866708755493,0.1364317685365677,-0.012209400534629822,,0.4343506097793579,0.09676331281661987,-0.01815241202712059,,0.4391792416572571,0.07181449979543686,-0.02134868875145912,,0.4458010494709015,0.04870956391096115,-0.023615285754203796,
-0.06386687606573105,-0.5602580904960632,-0.21212568879127502,0.9996808171272278,-0.05157516524195671,-0.6031436920166016,-0.21620075404644012,0.9993032217025757,-0.05222276598215103,-0.6028255224227905,-0.2183735966682434,0.9992660880088806,-0.051716066896915436,-0.6029127240180969,-0.2163553386926651,0.9993331432342529,-0.08053082972764969,-0.6058936715126038,-0.20857836306095123,0.9990430474281311,-0.07851715385913849,-0.6066858768463135,-0.20872952044010162,0.9989546537399292,-0.07912595570087433,-0.6058030724525452,-0.20460949838161469,0.9988535046577454,0.04539046064019203,-0.6178151965141296,-0.1577766388654709,0.9995990991592407,-0.07323718070983887,-0.6267707347869873,-0.10190512239933014,0.9988289475440979,-0.0280548594892025,-0.5429803729057312,-0.19693009555339813,0.9997674226760864,-0.06260547041893005,-0.5438749194145203,-0.18036682903766632,0.999657154083252,0.1614326387643814,-0.42823031544685364,-0.10666463524103165,0.9992880821228027,-0.12256573885679245,-0.481496125459671,-0.013648123480379581,0.9993093013763428,0.17495056986808777,-0.1507190614938736,-0.11242741346359253,0.9640640020370483,-0.25317537784576416,-0.43711230158805847,-0.1418125331401825,0.9502339959144592,0.19326208531856537,0.10139133036136627,-0.18313662707805634,0.9088378548622131,-0.18233419954776764,-0.5794079303741455,-0.331878125667572,0.9421568512916565,0.19209669530391693,0.1683507114648819,-0.18887721002101898,0.8421856760978699,-0.1532193273305893,-0.610239565372467,-0.3659990727901459,0.8857134580612183,0.18106280267238617,0.1817295402288437,-0.21341998875141144,0.8563124537467957,-0.14804500341415405,-0.6348170042037964,-0.3338721990585327,0.8839641809463501,0.18214918673038483,0.1204807236790657,-0.19452880322933197,0.8384441137313843,-0.1673426628112793,-0.5869967341423035,-0.3270028531551361,0.8508283495903015,0.09690407663583755,-0.00899418443441391,-0.015486967749893665,0.21366049349308014,-0.09604134410619736,-0.001104959985241294,0.01759350299835205,0.2322746217250824,0.10611328482627869,0.0008245586650446057,-0.05211886391043663,0.17194995284080505,-0.1008017435669899,0.0820891261100769,-0.08529609441757202,0.2537546157836914,0.13010692596435547,0.2766817808151245,0.1372964233160019,0.04442812129855156,-0.07075424492359161,0.43447035551071167,0.10913383215665817,0.09148455411195755,0.13060817122459412,0.2933594584465027,0.1521354764699936,0.01615365967154503,-0.059785161167383194,0.4490594267845154,0.13179980218410492,0.03944205492734909,0.16034124791622162,0.2789393663406372,-0.05705348402261734,0.05850876122713089,-0.09450778365135193,0.4795052409172058,-0.04845037683844566,0.09786301851272583,47,1.568,0.438523530960083,0.26246896386146545,2.0445057202778116e-07,,0.4688279926776886,0.2516876459121704,-0.006987007334828377,,0.4928039014339447,0.21833536028862,-0.008611060678958893,,0.5104149580001831,0.19781126081943512,-0.010355356149375439,,0.5250539183616638,0.19574473798274994,-0.012503163889050484,,0.48277562856674194,0.14314979314804077,-0.002676153788343072,,0.4970757067203522,0.10040587186813354,-0.008144390769302845,,0.505000650882721,0.07275160402059555,-0.013920975849032402,,0.5118722915649414,0.047745704650878906,-0.018684808164834976,,0.4669959545135498,0.13205863535404205,-0.004645772278308868,,0.47983840107917786,0.08462035655975342,-0.009132904931902885,,0.48984140157699585,0.05593380331993103,-0.014252711087465286,,0.4987133741378784,0.03131750226020813,-0.01834903471171856,,0.4503190815448761,0.13207991421222687,-0.008035163395106792,,0.45781317353248596,0.08334928005933762,-0.013365020044147968,,0.46729329228401184,0.05513056367635727,-0.018247531726956367,,0.4768657386302948,0.03047579526901245,-0.02191922627389431,,0.4320222735404968,0.14047923684120178,-0.012327851727604866,,0.43436476588249207,0.10059322416782379,-0.018085895106196404,,0.4398699402809143,0.0764898881316185,-0.020930839702486992,,0.4472332000732422,0.05418964475393295,-0.022988632321357727,
-0.06404820084571838,-0.5590826272964478,-0.21207480132579803,0.999687135219574,-0.0518936812877655,-0.602185070514679,-0.21620191633701324,0.9993123412132263,-0.052542489022016525,-0.601862370967865,-0.21837641298770905,0.9992733597755432,-0.05203519016504288,-0.6019514799118042,-0.21635718643665314,0.9993417859077454,-0.08075312525033951,-0.6048374772071838,-0.2085638791322708,0.9990520477294922,-0.07874337583780289,-0.6056278347969055,-0.20871450006961823,0.9989604949951172,-0.07935258001089096,-0.604746401309967,-0.20459355413913727,0.998859703540802,0.045256197452545166,-0.6173911094665527,-0.1581183820962906,0.9996076226234436,-0.07322555780410767,-0.6260798573493958,-0.1019630953669548,0.9988431930541992,-0.028116825968027115,-0.5420154333114624,-0.19693614542484283,0.9997691512107849,-0.06261929869651794,-0.5428062081336975,-0.18034727871418,0.999657392501831,0.1614774614572525,-0.42796310782432556,-0.1073397547006607,0.9992811679840088,-0.12210293114185333,-0.48086079955101013,-0.013891651295125484,0.9992959499359131,0.17498266696929932,-0.15061050653457642,-0.11519341170787811,0.9638301134109497,-0.2527070939540863,-0.4348723292350769,-0.1418406218290329,0.950924813747406,0.19346816837787628,0.10162883251905441,-0.18734416365623474,0.9095735549926758,-0.18218648433685303,-0.5750424265861511,-0.33134105801582336,0.944082498550415,0.19258780777454376,0.168733149766922,-0.19303597509860992,0.842974066734314,-0.1531798541545868,-0.605135977268219,-0.36504286527633667,0.8873388171195984,0.18136288225650787,0.18255427479743958,-0.21715140342712402,0.8568886518478394,-0.14802837371826172,-0.629601776599884,-0.3330727517604828,0.885368287563324,0.18236686289310455,0.12089960277080536,-0.1985936313867569,0.8391464948654175,-0.16720348596572876,-0.5823795199394226,-0.326486200094223,0.8520458340644836,0.0968795120716095,-0.008932754397392273,-0.015511726960539818,0.20998790860176086,-0.09599367529153824,-0.0011650449596345425,0.01762109436094761,0.22881589829921722,0.10468296706676483,-0.002815241226926446,-0.05409180372953415,0.17004650831222534,-0.10295567661523819,0.07877778261899948,-0.08664529025554657,0.2532094120979309,0.12600313127040863,0.2714570462703705,0.13728684186935425,0.04377482831478119,-0.07616216689348221,0.433388888835907,0.1077851951122284,0.09123415499925613,0.12612001597881317,0.2877354323863983,0.15214967727661133,0.01600596494972706,-0.06567168980836868,0.4479527473449707,0.1306055784225464,0.03936489671468735,0.1542961299419403,0.2718883156776428,-0.057230934500694275,0.05776091292500496,-0.10229383409023285,0.47764307260513306,-0.04998285323381424,0.09750533849000931,48,1.601,0.4367031157016754,0.2732165455818176,1.9169887366388139e-07,,0.467237263917923,0.2605322599411011,-0.006419407669454813,,0.49119067192077637,0.22398245334625244,-0.007905441336333752,,0.5087857842445374,0.20111945271492004,-0.00986615102738142,,0.5240563154220581,0.19683122634887695,-0.012283331714570522,,0.4812244474887848,0.15305238962173462,-0.001651632133871317,,0.4960009753704071,0.11031359434127808,-0.007847756147384644,,0.5049576163291931,0.08355823904275894,-0.014260397292673588,,0.5128068923950195,0.05945497006177902,-0.019320344552397728,,0.4655078649520874,0.14288431406021118,-0.004297959618270397,,0.4790738523006439,0.09521418064832687,-0.009560796432197094,,0.4895016551017761,0.06682218611240387,-0.015231028199195862,,0.49904707074165344,0.04201030731201172,-0.019594157114624977,,0.449052631855011,0.14292484521865845,-0.008418355137109756,,0.45724818110466003,0.09527058899402618,-0.01439885888248682,,0.46731892228126526,0.06821722537279129,-0.018990913406014442,,0.4775608777999878,0.04485979676246643,-0.022299619391560555,,0.43085452914237976,0.15094627439975739,-0.01347701158374548,,0.43475618958473206,0.1118737980723381,-0.019128343090415,,0.44179657101631165,0.08926253765821457,-0.021269120275974274,,0.4505236744880676,0.06923961639404297,-0.02282276563346386,
-0.06341773271560669,-0.5583747029304504,-0.21272921562194824,0.9997018575668335,-0.05151965469121933,-0.6016566753387451,-0.21706844866275787,0.9993431568145752,-0.05217442661523819,-0.6013320088386536,-0.21926355361938477,0.9993042945861816,-0.05166402459144592,-0.6014155745506287,-0.21722786128520966,0.999369740486145,-0.08035217970609665,-0.6042821407318115,-0.2094498723745346,0.9990915656089783,-0.07834447175264359,-0.6050676703453064,-0.2095889151096344,0.9990004301071167,-0.0789477601647377,-0.604181706905365,-0.20546060800552368,0.998902440071106,0.045672930777072906,-0.6170790791511536,-0.15977665781974792,0.9996252059936523,-0.07272490859031677,-0.6257587671279907,-0.1035439595580101,0.9988909959793091,-0.02730378322303295,-0.5413599014282227,-0.19780611991882324,0.999777615070343,-0.06175040453672409,-0.5421425104141235,-0.18115323781967163,0.9996681809425354,0.16253450512886047,-0.42755481600761414,-0.10867371410131454,0.9992861151695251,-0.12148711085319519,-0.48020634055137634,-0.01683526672422886,0.9992938041687012,0.17615213990211487,-0.1500198394060135,-0.11790341883897781,0.963005781173706,-0.2507570683956146,-0.43105605244636536,-0.14590078592300415,0.9518654346466064,0.19794122874736786,0.10314059257507324,-0.19300253689289093,0.9094278216362,-0.1819532811641693,-0.5703920125961304,-0.3342527747154236,0.9463211894035339,0.19904640316963196,0.17139524221420288,-0.1977558434009552,0.8428254723548889,-0.15316936373710632,-0.6002123951911926,-0.36717772483825684,0.8899226188659668,0.18672245740890503,0.18695978820323944,-0.22169654071331024,0.8565893173217773,-0.14806991815567017,-0.6234278082847595,-0.335647314786911,0.8877408504486084,0.18684899806976318,0.12319192290306091,-0.204038605093956,0.8390929698944092,-0.16703654825687408,-0.5770467519760132,-0.3294339179992676,0.8545069098472595,0.09692719578742981,-0.008849609643220901,-0.015431842766702175,0.2105729579925537,-0.09599608927965164,-0.0012444833992049098,0.01755649410188198,0.22854647040367126,0.10440496355295181,-0.0029710126109421253,-0.05515313521027565,0.16825218498706818,-0.10383594036102295,0.07297300547361374,-0.09083259850740433,0.25011059641838074,0.12661711871623993,0.27158570289611816,0.13060878217220306,0.043608158826828,-0.07566329836845398,0.42953237891197205,0.10367466509342194,0.08961200714111328,0.12691888213157654,0.28776034712791443,0.14444489777088165,0.015964508056640625,-0.06471937894821167,0.44335412979125977,0.1267624944448471,0.038760557770729065,0.1550605148077011,0.26805728673934937,-0.07242479920387268,0.057618048042058945,-0.09869594871997833,0.47081270813941956,-0.05650418624281883,0.09609623998403549,49,1.634,0.4348682761192322,0.28793415427207947,1.8614913699366298e-07,,0.4651576578617096,0.272998183965683,-0.007192820310592651,,0.4889551103115082,0.23351633548736572,-0.008790512569248676,,0.5064063668251038,0.20704983174800873,-0.010889295488595963,,0.5221010446548462,0.19932612776756287,-0.013729823753237724,,0.4784439504146576,0.16780497133731842,-0.0032489346340298653,,0.4929867684841156,0.12350904941558838,-0.009783092886209488,,0.5021339654922485,0.09612222015857697,-0.01653195358812809,,0.510375440120697,0.07155841588973999,-0.02180664986371994,,0.4627332091331482,0.16003134846687317,-0.005647741258144379,,0.4756792485713959,0.11152923107147217,-0.011045403778553009,,0.48521116375923157,0.08330700546503067,-0.016850849613547325,,0.49483442306518555,0.05946909636259079,-0.021437954157590866,,0.446126252412796,0.16205823421478271,-0.009506935253739357,,0.45404767990112305,0.11523473262786865,-0.01625334843993187,,0.46379441022872925,0.09126013517379761,-0.020741555839776993,,0.4744420647621155,0.07365443557500839,-0.023826906457543373,,0.427368700504303,0.1707206517457962,-0.014397761784493923,,0.4313562214374542,0.13090547919273376,-0.021366743370890617,,0.43973928689956665,0.11508306860923767,-0.023575227707624435,,0.4498670697212219,0.10721864551305771,-0.024794770404696465,
-0.0645422488451004,-0.559015154838562,-0.215201735496521,0.9997116923332214,-0.052606064826250076,-0.6023265719413757,-0.21945470571517944,0.999363362789154,-0.05326027423143387,-0.6020066142082214,-0.22163286805152893,0.9993245005607605,-0.052750587463378906,-0.6020864248275757,-0.21959277987480164,0.9993883967399597,-0.08160559087991714,-0.6048558354377747,-0.21174171566963196,0.9991166591644287,-0.07959827780723572,-0.6056385040283203,-0.2118806391954422,0.999025285243988,-0.08019810169935226,-0.6047500371932983,-0.20774708688259125,0.9989295601844788,0.04495945945382118,-0.6172770857810974,-0.1618492305278778,0.9996359944343567,-0.07395299524068832,-0.6258015036582947,-0.10516758263111115,0.9989142417907715,-0.028231065720319748,-0.5417363047599792,-0.20023544132709503,0.9997820854187012,-0.06284192204475403,-0.542428731918335,-0.18337956070899963,0.9996728301048279,0.1622917503118515,-0.4276936948299408,-0.11002577841281891,0.9992867112159729,-0.1228104904294014,-0.4789804220199585,-0.016861185431480408,0.9992788434028625,0.17654457688331604,-0.15006493031978607,-0.11763180792331696,0.9629332423210144,-0.2526588439941406,-0.41522252559661865,-0.1429440677165985,0.9516161680221558,0.19835591316223145,0.1027589812874794,-0.19206051528453827,0.909877598285675,-0.18654412031173706,-0.5474388003349304,-0.334780216217041,0.9475685954093933,0.1996580958366394,0.1710325926542282,-0.19712555408477783,0.8435635566711426,-0.15899857878684998,-0.5767638087272644,-0.36840081214904785,0.8912270069122314,0.18713128566741943,0.18597412109375,-0.22150006890296936,0.857250988483429,-0.1540239006280899,-0.6030517816543579,-0.33864477276802063,0.8890195488929749,0.1872403621673584,0.12255358695983887,-0.20332323014736176,0.8396583795547485,-0.17159013450145721,-0.5556784272193909,-0.3304704427719116,0.8554718494415283,0.09691083431243896,-0.00882887002080679,-0.01585434563457966,0.21302959322929382,-0.09597807377576828,-0.0012631254503503442,0.017980871722102165,0.22995531558990479,0.10380372405052185,0.0020462707616388798,-0.055084969848394394,0.16763432323932648,-0.10388238728046417,0.07546298950910568,-0.0905611515045166,0.24596339464187622,0.12809477746486664,0.27456480264663696,0.12908028066158295,0.043699249625205994,-0.07443759590387344,0.4293568730354309,0.10482549667358398,0.08801247179508209,0.12869010865688324,0.2904662489891052,0.14249372482299805,0.0159646887332201,-0.06339015811681747,0.44316545128822327,0.12796078622341156,0.03845873102545738,0.15604537725448608,0.2701219618320465,-0.07331782579421997,0.05780130624771118,-0.0982297956943512,0.471177875995636,-0.05377144739031792,0.0949760302901268,50,1.668,0.4295635521411896,0.305063933134079,1.5947418319228746e-07,,0.4584641456604004,0.2919592559337616,-0.008798849768936634,,0.4839124083518982,0.2505662143230438,-0.010381525382399559,,0.5024858117103577,0.22004851698875427,-0.012242351658642292,,0.5174863338470459,0.20599398016929626,-0.01442408375442028,,0.47182416915893555,0.18628966808319092,-0.003812012728303671,,0.48551619052886963,0.13917045295238495,-0.008651083335280418,,0.49413615465164185,0.11008010804653168,-0.013897703029215336,,0.5016631484031677,0.08516119420528412,-0.018452811986207962,,0.45614513754844666,0.177778959274292,-0.0045278845354914665,,0.46349218487739563,0.1279061734676361,-0.010030911304056644,,0.47366097569465637,0.11140942573547363,-0.015163743868470192,,0.4823111891746521,0.1040007472038269,-0.01935175433754921,,0.43890368938446045,0.17868517339229584,-0.006552743725478649,,0.4455166757106781,0.12642300128936768,-0.01607515662908554,,0.452653169631958,0.13536840677261353,-0.019411761313676834,,0.4555039405822754,0.1541699320077896,-0.02067130245268345,,0.42033642530441284,0.18633729219436646,-0.009402314200997353,,0.4270414412021637,0.1462695449590683,-0.019167521968483925,,0.43223172426223755,0.15859068930149078,-0.020653018727898598,,0.432765930891037,0.1807396113872528,-0.020596688613295555,
-0.06492891907691956,-0.5602757334709167,-0.225114107131958,0.9997211694717407,-0.053039778023958206,-0.6035979986190796,-0.22904068231582642,0.9993814826011658,-0.05368996039032936,-0.6032816767692566,-0.23118379712104797,0.9993420243263245,-0.05317850038409233,-0.6033576726913452,-0.22916273772716522,0.9994043111801147,-0.08232962340116501,-0.6058940887451172,-0.22183959186077118,0.9991412162780762,-0.08031667023897171,-0.6066739559173584,-0.2220001071691513,0.9990502595901489,-0.08091869950294495,-0.6057869791984558,-0.21786557137966156,0.9989577531814575,0.0443032830953598,-0.6182453036308289,-0.16840073466300964,0.9996460676193237,-0.07622510939836502,-0.6259454488754272,-0.11393322795629501,0.9989421963691711,-0.02868739515542984,-0.5427414774894714,-0.2090989351272583,0.9997871518135071,-0.06367456912994385,-0.5431252121925354,-0.19288168847560883,0.9996806979179382,0.1615559309720993,-0.42920222878456116,-0.11276361346244812,0.9992796182632446,-0.12659618258476257,-0.4772201478481293,-0.01875467225909233,0.9992560148239136,0.1765536367893219,-0.15172548592090607,-0.11776892840862274,0.96299147605896,-0.2592839300632477,-0.40292686223983765,-0.14176230132579803,0.9511363506317139,0.19772759079933167,0.10012133419513702,-0.19303470849990845,0.910095751285553,-0.1968638151884079,-0.5344635248184204,-0.33499452471733093,0.9482526779174805,0.19889071583747864,0.16803887486457825,-0.19908230006694794,0.8438014388084412,-0.1694103479385376,-0.5648720860481262,-0.3690086603164673,0.8914151191711426,0.1864043027162552,0.18164540827274323,-0.22408060729503632,0.8574294447898865,-0.16635315120220184,-0.5932222604751587,-0.34020504355430603,0.8891322016716003,0.1865369975566864,0.1192341223359108,-0.20467087626457214,0.8394728302955627,-0.18240290880203247,-0.5440575480461121,-0.33090734481811523,0.8546858429908752,0.09689677506685257,-0.008976861834526062,-0.016025599092245102,0.20987005531787872,-0.09596510231494904,-0.00115602882578969,0.018148167058825493,0.22633375227451324,0.10378853231668472,0.0020275439601391554,-0.046463578939437866,0.16786758601665497,-0.10397592931985855,0.0848117396235466,-0.08127056062221527,0.24413706362247467,0.1288079172372818,0.2716173231601715,0.14409220218658447,0.04359256103634834,-0.07468660920858383,0.4290878176689148,0.12438037991523743,0.08693943172693253,0.12946076691150665,0.28709810972213745,0.1580929458141327,0.01592322811484337,-0.0637565404176712,0.4428650140762329,0.14755882322788239,0.038222067058086395,0.1575651615858078,0.2696866989135742,-0.05298159271478653,0.05776684731245041,-0.09987138211727142,0.4722127616405487,-0.030714871361851692,0.09417281299829483,51,1.701,0.42260420322418213,0.33162420988082886,1.4542371751247174e-08,,0.4502483606338501,0.3192070722579956,-0.008269669488072395,,0.4769482910633087,0.2745799124240875,-0.01011973898857832,,0.4959627687931061,0.24170345067977905,-0.012516557238996029,,0.5117161273956299,0.22207564115524292,-0.01508510485291481,,0.46538442373275757,0.2081158459186554,-0.0006537450244650245,,0.47791212797164917,0.16567082703113556,-0.007582588121294975,,0.48680704832077026,0.142391636967659,-0.012811786495149136,,0.4939032196998596,0.12133313715457916,-0.016791488975286484,,0.44884195923805237,0.2022910714149475,-0.0024075645487755537,,0.4579412043094635,0.15201683342456818,-0.01499275490641594,,0.45867598056793213,0.18417833745479584,-0.019417274743318558,,0.4563503563404083,0.2103845328092575,-0.018828067928552628,,0.43128588795661926,0.20589551329612732,-0.005503612570464611,,0.4395395815372467,0.1611787974834442,-0.019100414589047432,,0.44024768471717834,0.19501487910747528,-0.016584403812885284,,0.43691685795783997,0.21839548647403717,-0.010966509580612183,,0.4125106632709503,0.21608106791973114,-0.009410198777914047,,0.4215267598628998,0.1829664409160614,-0.01883327029645443,,0.4242306053638458,0.2064463198184967,-0.01556857768446207,,0.42141035199165344,0.22482654452323914,-0.010795983485877514,
-0.06478171050548553,-0.5613104701042175,-0.23154398798942566,0.9997156858444214,-0.0526486411690712,-0.6043910384178162,-0.2352847456932068,0.9993724226951599,-0.05329376086592674,-0.6040887236595154,-0.23735548555850983,0.9993297457695007,-0.052783675491809845,-0.6041667461395264,-0.2353382408618927,0.9993907809257507,-0.08220025897026062,-0.6066346168518066,-0.22829219698905945,0.9991238117218018,-0.08018402010202408,-0.6074232459068298,-0.22848306596279144,0.9990273118019104,-0.08078531920909882,-0.6065369844436646,-0.22437387704849243,0.998934805393219,0.04442121833562851,-0.6184375286102295,-0.17252559959888458,0.9996339082717896,-0.07666324824094772,-0.6259843707084656,-0.11935581266880035,0.9988957047462463,-0.028679393231868744,-0.5434040427207947,-0.21467532217502594,0.9997762441635132,-0.06376156955957413,-0.5436697602272034,-0.19880793988704681,0.9996634721755981,0.1610422134399414,-0.43052729964256287,-0.11472102999687195,0.9992395639419556,-0.1297503560781479,-0.47441565990448,-0.01891331560909748,0.9991760849952698,0.17657062411308289,-0.15264546871185303,-0.11843398213386536,0.9632538557052612,-0.26000210642814636,-0.3740283250808716,-0.1251000016927719,0.9475827217102051,0.1945245862007141,0.09885738044977188,-0.19758599996566772,0.910311758518219,-0.20996150374412537,-0.5000503659248352,-0.3267691731452942,0.9477408528327942,0.19546230137348175,0.16684174537658691,-0.20607557892799377,0.8438966274261475,-0.18623606860637665,-0.5305509567260742,-0.36274001002311707,0.8906806707382202,0.18226751685142517,0.1780424416065216,-0.2325362116098404,0.857474684715271,-0.18618498742580414,-0.5642865300178528,-0.33835071325302124,0.8884868025779724,0.18274912238121033,0.11687879264354706,-0.2101447433233261,0.8388482332229614,-0.1969909518957138,-0.5128527879714966,-0.3244048058986664,0.8525279760360718,0.09673343598842621,-0.009119235910475254,-0.016819268465042114,0.20996354520320892,-0.09589958190917969,-0.0010178311495110393,0.0188889279961586,0.22618156671524048,0.1037709042429924,0.014089030213654041,-0.04439045861363411,0.1702074408531189,-0.1036296933889389,0.11404438316822052,-0.07601712644100189,0.24373912811279297,0.12968847155570984,0.27652519941329956,0.14387667179107666,0.04395141452550888,-0.07469214498996735,0.43706199526786804,0.12553398311138153,0.08644023537635803,0.130478173494339,0.2920592129230499,0.15782326459884644,0.01598222367465496,-0.06401118636131287,0.4519152045249939,0.14766745269298553,0.03829813748598099,0.15911544859409332,0.2834145128726959,-0.04880952462553978,0.05824139341711998,-0.1027379184961319,0.4893956780433655,-0.02674751728773117,0.09404416382312775,52,1.735,0.41480258107185364,0.3671814799308777,-3.8291190662675945e-08,,0.44123440980911255,0.35730984807014465,-0.00938825961202383,,0.46804720163345337,0.3089699149131775,-0.012582697905600071,,0.48756998777389526,0.27179643511772156,-0.01613263227045536,,0.5037136077880859,0.2449878752231598,-0.019890638068318367,,0.4560559093952179,0.2437543272972107,-0.003043366363272071,,0.4673759639263153,0.20506396889686584,-0.011409929022192955,,0.47601425647735596,0.18500199913978577,-0.017025545239448547,,0.4835520088672638,0.16940852999687195,-0.020981526002287865,,0.4379313588142395,0.23950281739234924,-0.004783047828823328,,0.4490066170692444,0.19536161422729492,-0.020176347345113754,,0.44918093085289,0.2367161363363266,-0.02475217543542385,,0.446434885263443,0.2726028263568878,-0.02358410507440567,,0.4196634292602539,0.24581751227378845,-0.007979363203048706,,0.4308561682701111,0.2095717489719391,-0.025392917916178703,,0.4328668415546417,0.2539218068122864,-0.022975876927375793,,0.4307969808578491,0.2874661386013031,-0.016461297869682312,,0.40066298842430115,0.25885432958602905,-0.011795305646955967,,0.41202425956726074,0.23236219584941864,-0.024994200095534325,,0.41557827591896057,0.26670095324516296,-0.02246883511543274,,0.41405466198921204,0.2952667474746704,-0.017463520169258118,
-0.06653957813978195,-0.5606042146682739,-0.23077189922332764,0.9996858239173889,-0.053463783115148544,-0.6035231947898865,-0.23486632108688354,0.9993191361427307,-0.05410711467266083,-0.603236734867096,-0.23692011833190918,0.9992687702178955,-0.05360444262623787,-0.6033150553703308,-0.2348994016647339,0.9993282556533813,-0.08323068916797638,-0.6058464050292969,-0.22750826179981232,0.9990379214286804,-0.08122832328081131,-0.6066446900367737,-0.22769397497177124,0.9989248514175415,-0.08183103054761887,-0.6057544350624084,-0.22358302772045135,0.9988287687301636,0.04407305270433426,-0.6180498600006104,-0.17313748598098755,0.9995865821838379,-0.07744241505861282,-0.6258419156074524,-0.11870972812175751,0.9987154006958008,-0.030768929049372673,-0.5429573059082031,-0.21410401165485382,0.999745786190033,-0.06614761799573898,-0.5433089137077332,-0.19798579812049866,0.9996103048324585,0.16027335822582245,-0.43162524700164795,-0.11502082645893097,0.99921715259552,-0.13218648731708527,-0.47366538643836975,-0.014814679510891438,0.9991275072097778,0.17609746754169464,-0.15301573276519775,-0.11789243668317795,0.9639745950698853,-0.26001739501953125,-0.34797149896621704,-0.09168447554111481,0.9422937631607056,0.19219885766506195,0.09883970767259598,-0.19747294485569,0.9120991230010986,-0.23215089738368988,-0.4666084051132202,-0.30677270889282227,0.9484310746192932,0.1935112625360489,0.16685183346271515,-0.20611079037189484,0.8464974164962769,-0.21706101298332214,-0.49655821919441223,-0.34564706683158875,0.8932737708091736,0.18037429451942444,0.17676135897636414,-0.23379747569561005,0.859995424747467,-0.21770434081554413,-0.5338461995124817,-0.3282179832458496,0.8913305997848511,0.18025720119476318,0.11635926365852356,-0.21019871532917023,0.8409441113471985,-0.2208430916070938,-0.4815913438796997,-0.30678442120552063,0.8548014760017395,0.09664522856473923,-0.009107498452067375,-0.019189314916729927,0.21635998785495758,-0.09585890173912048,-0.0010081717045977712,0.02116396650671959,0.23370927572250366,0.10271403193473816,0.03323829546570778,-0.0446779765188694,0.17501138150691986,-0.10324739664793015,0.13041538000106812,-0.07015622407197952,0.24359574913978577,0.12968070805072784,0.29434093832969666,0.14252935349941254,0.04520720988512039,-0.07464399933815002,0.45218348503112793,0.12709514796733856,0.08678916096687317,0.13048365712165833,0.31083258986473083,0.15596388280391693,0.0163645651191473,-0.06414700299501419,0.4683622717857361,0.14850683510303497,0.03893401101231575,0.15813808143138885,0.3063569962978363,-0.0488407202064991,0.059421319514513016,-0.10479623824357986,0.5065104961395264,-0.021854057908058167,0.09459619224071503,53,1.768,0.4037051796913147,0.4077596664428711,-1.369515985061298e-07,,0.429755836725235,0.4011201858520508,-0.007956509478390217,,0.45506829023361206,0.3557361960411072,-0.012257354333996773,,0.47454413771629333,0.3146170973777771,-0.017223019152879715,,0.49052226543426514,0.28338104486465454,-0.021992187947034836,,0.4474487602710724,0.27504220604896545,-0.00516055803745985,,0.45869219303131104,0.24166060984134674,-0.014442425221204758,,0.46187275648117065,0.24291901290416718,-0.0205096323043108,,0.464459627866745,0.2552472949028015,-0.023875068873167038,,0.4283653199672699,0.2652018666267395,-0.005849720910191536,,0.439506471157074,0.27891314029693604,-0.016546687111258507,,0.4382694661617279,0.3203808069229126,-0.01921209879219532,,0.43578988313674927,0.35336849093437195,-0.019012372940778732,,0.4094579517841339,0.2723836898803711,-0.00809314101934433,,0.42005160450935364,0.29604071378707886,-0.019163047894835472,,0.4191444516181946,0.33323952555656433,-0.01690426468849182,,0.4170996844768524,0.3637874722480774,-0.013021225109696388,,0.39115846157073975,0.2883542776107788,-0.011355208232998848,,0.4012959599494934,0.3101385533809662,-0.01920352876186371,,0.4029618203639984,0.34053704142570496,-0.017590124160051346,,0.4021570682525635,0.3642580807209015,-0.014058692380785942,
-0.06642556935548782,-0.5592442154884338,-0.2325890064239502,0.9996657371520996,-0.052226874977350235,-0.601661741733551,-0.23686693608760834,0.9992735385894775,-0.052870068699121475,-0.601373016834259,-0.23883594572544098,0.9992183446884155,-0.052382878959178925,-0.6014342308044434,-0.23680898547172546,0.9992765188217163,-0.08252537995576859,-0.6041995882987976,-0.22874027490615845,0.998982310295105,-0.08053915947675705,-0.6049839854240417,-0.2289125770330429,0.9988677501678467,-0.08114295452833176,-0.6040682792663574,-0.22480857372283936,0.9987732172012329,0.046736039221286774,-0.6155045032501221,-0.17522664368152618,0.9995509386062622,-0.07685543596744537,-0.6242263913154602,-0.1182684376835823,0.9986001253128052,-0.030730288475751877,-0.5415056347846985,-0.21569380164146423,0.999734103679657,-0.06618401408195496,-0.5421180129051208,-0.19853559136390686,0.9995906949043274,0.16152024269104004,-0.4315749406814575,-0.11554176360368729,0.9992431402206421,-0.1323375254869461,-0.4696821868419647,-0.013594887219369411,0.9991532564163208,0.1779828518629074,-0.15289117395877838,-0.11427443474531174,0.965526282787323,-0.25173208117485046,-0.32194048166275024,-0.07792633771896362,0.9395351409912109,0.19620773196220398,0.09860825538635254,-0.1951366662979126,0.9140328168869019,-0.24018451571464539,-0.4289925694465637,-0.297470360994339,0.9493971467018127,0.19854648411273956,0.1667269468307495,-0.20371194183826447,0.8479454517364502,-0.2307816445827484,-0.45502331852912903,-0.33501607179641724,0.8957526683807373,0.184697687625885,0.17568960785865784,-0.23336437344551086,0.8620905876159668,-0.23430907726287842,-0.4873949885368347,-0.32392239570617676,0.8943084478378296,0.1834421306848526,0.11565393954515457,-0.20907633006572723,0.8424832224845886,-0.23068127036094666,-0.44144731760025024,-0.29995250701904297,0.8572219014167786,0.0967622771859169,-0.009067777544260025,-0.021040014922618866,0.21928080916404724,-0.0959707722067833,-0.0009915479458868504,0.022932887077331543,0.23756124079227448,0.1022423505783081,0.03020470403134823,-0.0521562360227108,0.17638537287712097,-0.10249298065900803,0.1259920597076416,-0.06923339515924454,0.23856937885284424,0.13133826851844788,0.29309847950935364,0.14277981221675873,0.045347899198532104,-0.0747586041688919,0.4540765881538391,0.14197856187820435,0.0850125402212143,0.13252699375152588,0.3094618022441864,0.15658637881278992,0.0164323877543211,-0.06482391059398651,0.4703921675682068,0.1664280742406845,0.03841659426689148,0.159224733710289,0.3034364581108093,-0.04899074137210846,0.058930397033691406,-0.10554245114326477,0.5046689510345459,-0.004991050343960524,0.0922805592417717,54,1.801,0.39172184467315674,0.4367199242115021,-2.473829567861685e-07,,0.4193853437900543,0.4287956655025482,-0.008504806086421013,,0.4435780942440033,0.39434942603111267,-0.015026028268039227,,0.46332067251205444,0.35876086354255676,-0.021508067846298218,,0.47749802470207214,0.3291746973991394,-0.027250986546278,,0.43244150280952454,0.3272077143192291,-0.01626129262149334,,0.4450627863407135,0.29776281118392944,-0.028756042942404747,,0.44283995032310486,0.33327221870422363,-0.03582289442420006,,0.4372447431087494,0.3648005723953247,-0.039143867790699005,,0.41164615750312805,0.32361507415771484,-0.016897276043891907,,0.41858047246932983,0.34017595648765564,-0.026221198961138725,,0.41692981123924255,0.38500016927719116,-0.027752233669161797,,0.41440439224243164,0.4133065342903137,-0.02877182327210903,,0.3921423554420471,0.3347878158092499,-0.018557529896497726,,0.3984118103981018,0.35996881127357483,-0.02622312493622303,,0.39884525537490845,0.3972095251083374,-0.0219697505235672,,0.39751654863357544,0.4236423671245575,-0.018917761743068695,,0.37469586730003357,0.3524929881095886,-0.021159548312425613,,0.3794820010662079,0.37466567754745483,-0.02575547993183136,,0.3813559114933014,0.40258175134658813,-0.021640796214342117,,0.3819291293621063,0.4231952130794525,-0.01754102297127247,
-0.06281139701604843,-0.5593951344490051,-0.24026361107826233,0.9996548891067505,-0.045674458146095276,-0.6016701459884644,-0.24336373805999756,0.999241054058075,-0.04628843069076538,-0.6013811826705933,-0.24517717957496643,0.9991806745529175,-0.04582120478153229,-0.6014419794082642,-0.24316655099391937,0.9992353320121765,-0.07772659510374069,-0.6042253375053406,-0.2351166009902954,0.9989680647850037,-0.07573756575584412,-0.6050061583518982,-0.23530472815036774,0.9988630414009094,-0.07635240256786346,-0.6040871143341064,-0.23124146461486816,0.9987747669219971,0.054613806307315826,-0.6149571537971497,-0.17746374011039734,0.9995227456092834,-0.07512281835079193,-0.6239255666732788,-0.11938115209341049,0.998563289642334,-0.02783467061817646,-0.5415253639221191,-0.22140172123908997,0.9997256994247437,-0.06487041711807251,-0.5421639680862427,-0.20384669303894043,0.9995843768119812,0.1672288030385971,-0.43205174803733826,-0.115324005484581,0.9992665648460388,-0.1321922242641449,-0.4663091003894806,-0.014189312234520912,0.9991915225982666,0.18531683087348938,-0.15450380742549896,-0.10552245378494263,0.9667855501174927,-0.22701551020145416,-0.3005529046058655,-0.08233180642127991,0.936260998249054,0.20441924035549164,0.08952635526657104,-0.18833740055561066,0.9143139123916626,-0.2405392825603485,-0.39131367206573486,-0.30048462748527527,0.9489881992340088,0.2075769007205963,0.1554465889930725,-0.1975143849849701,0.8466241359710693,-0.23820917308330536,-0.41524964570999146,-0.33646583557128906,0.8962687849998474,0.19289405643939972,0.16028541326522827,-0.23258155584335327,0.8621313571929932,-0.2461627721786499,-0.44248682260513306,-0.3345572352409363,0.8955768346786499,0.19065070152282715,0.10425778478384018,-0.20483648777008057,0.8415716886520386,-0.2335524559020996,-0.4011836051940918,-0.3029051125049591,0.857338547706604,0.09715762734413147,-0.009051671251654625,-0.021133653819561005,0.22500969469547272,-0.09648708999156952,-0.0009610014967620373,0.022998657077550888,0.2447536140680313,0.10220518708229065,0.029033416882157326,-0.052212271839380264,0.17529425024986267,-0.10032977908849716,0.13843262195587158,-0.06576735526323318,0.23210497200489044,0.134163036942482,0.2922504246234894,0.15169832110404968,0.04471437633037567,-0.07637996226549149,0.459830641746521,0.15561318397521973,0.08295559883117676,0.13565345108509064,0.3084978461265564,0.16729357838630676,0.01630524918437004,-0.0681447833776474,0.47672250866889954,0.18113380670547485,0.03768382966518402,0.16269972920417786,0.30165228247642517,-0.03676585480570793,0.05784349516034126,-0.1087956503033638,0.5101714134216309,0.008590777404606342,0.08984548598527908,55,1.835,0.3727612793445587,0.5709325075149536,-7.379713196087323e-08,,0.4030897617340088,0.5411677956581116,-0.004018097184598446,,0.42614707350730896,0.4901481568813324,-0.008657894097268581,,0.4443729519844055,0.4431464374065399,-0.013477050699293613,,0.45954930782318115,0.4065043032169342,-0.01750490628182888,,0.40931543707847595,0.42466291785240173,-0.003675275482237339,,0.41884341835975647,0.3974619507789612,-0.010709394700825214,,0.4181058704853058,0.425699383020401,-0.017442187294363976,,0.41422200202941895,0.4506574273109436,-0.021340569481253624,,0.3879334628582001,0.42460089921951294,-0.004867677576839924,,0.39521947503089905,0.4123883545398712,-0.006932760588824749,,0.39686286449432373,0.4406293034553528,-0.009251564741134644,,0.39529818296432495,0.4638020098209381,-0.011953656561672688,,0.36847010254859924,0.43708547949790955,-0.006688395515084267,,0.37634599208831787,0.4273880422115326,-0.00740524847060442,,0.37873807549476624,0.4511446952819824,-0.0037292989436537027,,0.3781625032424927,0.4718174636363983,-0.0024300136137753725,,0.3521656095981598,0.45587158203125,-0.009111640974879265,,0.3606555759906769,0.4489056169986725,-0.007711342070251703,,0.36403071880340576,0.4689253866672516,-0.002026922767981887,,0.363632470369339,0.4847119450569153,0.0021140058524906635,
-0.06204572692513466,-0.5593902468681335,-0.24025481939315796,0.9996359348297119,-0.04439689218997955,-0.6016279458999634,-0.24330852925777435,0.9992015361785889,-0.04498341679573059,-0.6013397574424744,-0.24509941041469574,0.999135434627533,-0.044515460729599,-0.6013961434364319,-0.24309778213500977,0.999184250831604,-0.07688401639461517,-0.6041785478591919,-0.23492060601711273,0.9989518523216248,-0.07487926632165909,-0.604954719543457,-0.23511119186878204,0.9988558292388916,-0.07550496608018875,-0.604031503200531,-0.23105555772781372,0.9987717866897583,0.05771714076399803,-0.6147531867027283,-0.1772848218679428,0.999487042427063,-0.07430688291788101,-0.6235291361808777,-0.1192307248711586,0.9985259771347046,-0.026647284626960754,-0.5414940714836121,-0.22131475806236267,0.9997044801712036,-0.06434428691864014,-0.5421120524406433,-0.20353563129901886,0.9995614886283875,0.17194321751594543,-0.43267133831977844,-0.11406243592500687,0.9992510676383972,-0.13025259971618652,-0.4619291424751282,-0.01423092745244503,0.9992015361785889,0.18855278193950653,-0.15551109611988068,-0.09901649504899979,0.9656360745429993,-0.19812141358852386,-0.2849787473678589,-0.08428195863962173,0.9257662296295166,0.20489391684532166,0.08603107929229736,-0.18029513955116272,0.9079836010932922,-0.24537912011146545,-0.35445263981819153,-0.3030511438846588,0.9431393146514893,0.20859523117542267,0.15143917500972748,-0.19020327925682068,0.8378767967224121,-0.2549656331539154,-0.37539222836494446,-0.33883020281791687,0.8902989625930786,0.1928047239780426,0.1554454118013382,-0.2288338541984558,0.8556538820266724,-0.2680715322494507,-0.3960716724395752,-0.3398641049861908,0.8908034563064575,0.19087456166744232,0.10016784071922302,-0.19840320944786072,0.8338999152183533,-0.2426709532737732,-0.360722154378891,-0.30417031049728394,0.850455641746521,0.0971851795911789,-0.009046245366334915,-0.020974893122911453,0.23200549185276031,-0.09658856689929962,-0.0009180874330922961,0.022802017629146576,0.25286009907722473,0.10104459524154663,0.029346903786063194,-0.048454221338033676,0.1700255274772644,-0.09882374852895737,0.14672742784023285,-0.06125207617878914,0.22245758771896362,0.1339799165725708,0.29232606291770935,0.1531691998243332,0.04342163726687431,-0.0787542313337326,0.46037495136260986,0.1538812667131424,0.08001573383808136,0.1354295313358307,0.3085169792175293,0.16867835819721222,0.016077812761068344,-0.07198050618171692,0.4774964153766632,0.17831985652446747,0.03680039942264557,0.1623479425907135,0.30403146147727966,-0.03094443492591381,0.05627669021487236,-0.11076141893863678,0.5116389393806458,0.007319246884435415,0.08681528270244598,56,1.868,0.35979917645454407,0.6687105298042297,-1.3587069247478212e-07,,0.3904159665107727,0.6384009718894958,-0.0058180466294288635,,0.4156161844730377,0.5818383693695068,-0.009640052914619446,,0.42914634943008423,0.5333858132362366,-0.012983504682779312,,0.439566433429718,0.494990736246109,-0.015766412019729614,,0.39184245467185974,0.5097670555114746,-0.006124925799667835,,0.3964015543460846,0.52640300989151,-0.015522205270826817,,0.3953225016593933,0.5622607469558716,-0.02535221353173256,,0.3924541473388672,0.5848808288574219,-0.031191715970635414,,0.36982181668281555,0.5187930464744568,-0.006505058612674475,,0.37635815143585205,0.5476779937744141,-0.011377790942788124,,0.3770546019077301,0.5833257436752319,-0.016184665262699127,,0.3764176666736603,0.6093286275863647,-0.020011749118566513,,0.3511630594730377,0.5385382771492004,-0.007372306194156408,,0.35852953791618347,0.5662396550178528,-0.01273603830486536,,0.36057302355766296,0.5970821976661682,-0.010801075957715511,,0.3607131838798523,0.6217197179794312,-0.009058346971869469,,0.3360896110534668,0.5623931884765625,-0.008962832391262054,,0.34513306617736816,0.579696536064148,-0.01227425504475832,,0.34792670607566833,0.6065359115600586,-0.00821703765541315,,0.34811919927597046,0.625235378742218,-0.0038642396684736013,
-0.06168645620346069,-0.5585228204727173,-0.24682150781154633,0.9996485710144043,-0.043898582458496094,-0.6006252765655518,-0.24849790334701538,0.9992284178733826,-0.0444745197892189,-0.6003319621086121,-0.25019651651382446,0.9991632699966431,-0.044018544256687164,-0.6003642678260803,-0.24815578758716583,0.9992051124572754,-0.0767718255519867,-0.6033945679664612,-0.2401537448167801,0.9990032315254211,-0.07475575059652328,-0.604137122631073,-0.24043039977550507,0.9989163875579834,-0.07539169490337372,-0.6031956672668457,-0.23637886345386505,0.998837947845459,0.05912993103265762,-0.6128320097923279,-0.17927400767803192,0.9994969367980957,-0.07443761080503464,-0.6225191950798035,-0.12120001018047333,0.998603880405426,-0.0259079746901989,-0.5400787591934204,-0.22667498886585236,0.9997185468673706,-0.0642687976360321,-0.5410152673721313,-0.20902027189731598,0.9995860457420349,0.1755010336637497,-0.43145108222961426,-0.11549580097198486,0.9992803335189819,-0.13033071160316467,-0.4592447280883789,-0.02074412629008293,0.9992557168006897,0.19031544029712677,-0.15489524602890015,-0.099867083132267,0.9673299193382263,-0.20668283104896545,-0.2778451144695282,-0.0883985161781311,0.9283017516136169,0.20177525281906128,0.08452694863080978,-0.18149994313716888,0.9112625122070312,-0.26191404461860657,-0.3039063811302185,-0.3099992871284485,0.9449485540390015,0.20369991660118103,0.15109781920909882,-0.19464246928691864,0.8403757810592651,-0.27443596720695496,-0.30714595317840576,-0.35021477937698364,0.8927101492881775,0.18437032401561737,0.15408864617347717,-0.23576347529888153,0.8586271405220032,-0.2791672348976135,-0.32412660121917725,-0.36011001467704773,0.8937749266624451,0.18592384457588196,0.09818810224533081,-0.2004777044057846,0.8376825451850891,-0.25742480158805847,-0.3057226538658142,-0.3185739517211914,0.8551180958747864,0.09771950542926788,-0.008819736540317535,-0.02076294831931591,0.256701797246933,-0.09718241542577744,-0.0008855443447828293,0.022472312673926353,0.27984246611595154,0.10095907747745514,0.03505784645676613,-0.05003064498305321,0.16593870520591736,-0.09872189164161682,0.14140473306179047,-0.06149042025208473,0.21356521546840668,0.13351717591285706,0.3120349049568176,0.1526097059249878,0.04285062104463577,-0.07842549681663513,0.46586403250694275,0.15746942162513733,0.07737215608358383,0.13503412902355194,0.3297167122364044,0.16810242831707,0.016105961054563522,-0.07182743400335312,0.48506662249565125,0.18167409300804138,0.03581182286143303,0.15937590599060059,0.32476454973220825,-0.03178390488028526,0.054657239466905594,-0.10673774778842926,0.5159412026405334,0.009812360629439354,0.08297105878591537,57,1.901,,,,,,,,,,,,,,,,,,,,,,,,,,,,,,,,,,,,,,,,,,,,,,,,,,,,,,,,,,,,,,,,,,,,,,,,,,,,,,,,,,,,
-0.06199060380458832,-0.5592014193534851,-0.2558550536632538,0.9996622204780579,-0.04398275539278984,-0.6010690331459045,-0.2565893828868866,0.9992631673812866,-0.044566549360752106,-0.6007739305496216,-0.25836843252182007,0.999200165271759,-0.04411214217543602,-0.6008042097091675,-0.25632432103157043,0.9992374777793884,-0.07739908248186111,-0.6040878295898438,-0.24728523194789886,0.9990609884262085,-0.07536948472261429,-0.604831337928772,-0.2474297732114792,0.998981773853302,-0.07601086050271988,-0.6038855314254761,-0.24339137971401215,0.9989092946052551,0.060522209852933884,-0.6126506924629211,-0.18439842760562897,0.9995096325874329,-0.07467515021562576,-0.622675359249115,-0.12324068695306778,0.9986816048622131,-0.02586955390870571,-0.5402824282646179,-0.23515023291110992,0.9997300505638123,-0.06448126584291458,-0.5414435267448425,-0.21645398437976837,0.999606192111969,0.17927637696266174,-0.43036046624183655,-0.12430424988269806,0.9992862939834595,-0.1302880048751831,-0.45835626125335693,-0.02835756354033947,0.9992914795875549,0.19000598788261414,-0.15557165443897247,-0.11145132035017014,0.9665271043777466,-0.20321007072925568,-0.26518914103507996,-0.0900629460811615,0.923248827457428,0.1927347630262375,0.08080938458442688,-0.2044481486082077,0.907560408115387,-0.27344194054603577,-0.24277104437351227,-0.3140656650066376,0.9398113489151001,0.19490373134613037,0.14855824410915375,-0.22357799112796783,0.8377894163131714,-0.2950725853443146,-0.23386746644973755,-0.35629594326019287,0.8884509205818176,0.1714342087507248,0.15114426612854004,-0.2682117521762848,0.8578636050224304,-0.29819637537002563,-0.24318771064281464,-0.3731825351715088,0.8913633227348328,0.1753326952457428,0.09489122033119202,-0.22564645111560822,0.8369776606559753,-0.27040866017341614,-0.23792992532253265,-0.3281586468219757,0.8534680008888245,0.09796612709760666,-0.00862360280007124,-0.020419852808117867,0.26997607946395874,-0.09740850329399109,-0.0009223382221534848,0.02215033955872059,0.2942451536655426,0.09801595658063889,0.033845800906419754,-0.050279367715120316,0.16308607161045074,-0.09873311221599579,0.138144850730896,-0.06203343719244003,0.20653292536735535,0.12631772458553314,0.3088635504245758,0.15252766013145447,0.04208936169743538,-0.08275548368692398,0.46423080563545227,0.15476463735103607,0.07559052109718323,0.12658770382404327,0.3262006938457489,0.1682758331298828,0.016192495822906494,-0.07704734802246094,0.4828157424926758,0.17873430252075195,0.03525470569729805,0.1490107625722885,0.3201162815093994,-0.030170289799571037,0.053299788385629654,-0.1099504679441452,0.5133590698242188,0.006959821563214064,0.08037694543600082,58,1.935,,,,,,,,,,,,,,,,,,,,,,,,,,,,,,,,,,,,,,,,,,,,,,,,,,,,,,,,,,,,,,,,,,,,,,,,,,,,,,,,,,,,
-0.06110723689198494,-0.5608748197555542,-0.2747337818145752,0.9995395541191101,-0.042913030833005905,-0.6020417213439941,-0.27626582980155945,0.9991121292114258,-0.043470509350299835,-0.6017462611198425,-0.2781654894351959,0.9990710616111755,-0.042995747178792953,-0.6018290519714355,-0.2761092782020569,0.9991189241409302,-0.07618699222803116,-0.6049675941467285,-0.2662169337272644,0.9988457560539246,-0.07414461672306061,-0.6057358384132385,-0.266235888004303,0.9987655878067017,-0.07479885965585709,-0.6047963500022888,-0.26223960518836975,0.9986791610717773,0.06241361051797867,-0.6124594211578369,-0.20862048864364624,0.9993985891342163,-0.07203247398138046,-0.6222015023231506,-0.14297662675380707,0.9983500242233276,-0.024488944560289383,-0.5411797165870667,-0.2556957006454468,0.99968022108078,-0.06312603503465652,-0.5422279238700867,-0.23602885007858276,0.9995102882385254,0.18218155205249786,-0.4271511733531952,-0.15631867945194244,0.9992760419845581,-0.12756778299808502,-0.45771512389183044,-0.05119417980313301,0.9992374777793884,0.19816134870052338,-0.15529778599739075,-0.14008194208145142,0.9666311740875244,-0.19693586230278015,-0.25791114568710327,-0.05604563653469086,0.9101043343544006,0.1931399255990982,0.06996307522058487,-0.22374774515628815,0.9039428234100342,-0.2976761758327484,-0.18349763751029968,-0.22841686010360718,0.920570433139801,0.196238175034523,0.13508008420467377,-0.2513902485370636,0.8357699513435364,-0.33201831579208374,-0.1574012041091919,-0.2617594301700592,0.8705722093582153,0.1722618192434311,0.12937989830970764,-0.2968932092189789,0.8577653765678406,-0.3354265093803406,-0.16764342784881592,-0.298370897769928,0.8783646821975708,0.17569346725940704,0.08137381821870804,-0.24659574031829834,0.8373156189918518,-0.29810041189193726,-0.1751585453748703,-0.2500942349433899,0.843151330947876,0.09794846922159195,-0.005558089818805456,-0.022930733859539032,0.27148035168647766,-0.09738150984048843,-0.0034447067882865667,0.024687297642230988,0.2931511700153351,0.08688578754663467,0.04012510925531387,-0.067653127014637,0.16016998887062073,-0.10993194580078125,0.13614612817764282,-0.06230367720127106,0.20192886888980865,0.09495685994625092,0.3097192049026489,0.14532805979251862,0.04073353111743927,-0.10645264387130737,0.4715789556503296,0.14804132282733917,0.07455001771450043,0.09210392832756042,0.327231764793396,0.16299739480018616,0.016024280339479446,-0.10344666242599487,0.49088093638420105,0.1729462593793869,0.03597760945558548,0.10152646154165268,0.3199670910835266,-0.029282404109835625,0.05129929259419441,-0.1565844863653183,0.5152611136436462,0.005982520990073681,0.07868829369544983,59,1.968,0.33356553316116333,0.8163697719573975,2.3027391549135245e-08,,0.3565000891685486,0.8173387050628662,-0.026000896468758583,,0.37212657928466797,0.8384305238723755,-0.04291156679391861,,0.3768094778060913,0.8668370842933655,-0.05555049702525139,,0.3754271864891052,0.9003860950469971,-0.06761261075735092,,0.34687143564224243,0.8949702382087708,-0.04222142696380615,,0.34920576214790344,0.9560036659240723,-0.059396110475063324,,0.35399580001831055,0.9968034625053406,-0.06932707130908966,,0.3584071397781372,1.0260090827941895,-0.07522241771221161,,0.3299819231033325,0.907080352306366,-0.03618576005101204,,0.33450570702552795,0.9703889489173889,-0.05142413079738617,,0.34100326895713806,1.0090607404708862,-0.05802883952856064,,0.34652426838874817,1.037245512008667,-0.06221649423241615,,0.31827104091644287,0.9128720164299011,-0.03156496584415436,,0.3216198980808258,0.9727479815483093,-0.045431699603796005,,0.3289346992969513,1.0061240196228027,-0.049418509006500244,,0.3353461027145386,1.031274437904358,-0.05089593678712845,,0.31086623668670654,0.9161431789398193,-0.028689349070191383,,0.3126598596572876,0.9668711423873901,-0.04072738438844681,,0.3164401650428772,0.9972602128982544,-0.04467169567942619,,0.3200238049030304,1.0190742015838623,-0.04600123316049576,
-0.06205205246806145,-0.5666379332542419,-0.283520370721817,0.9994644522666931,-0.043006934225559235,-0.6064595580101013,-0.2847326099872589,0.9990097284317017,-0.04357055202126503,-0.606137752532959,-0.286583811044693,0.9989932775497437,-0.04309290647506714,-0.60625159740448,-0.284568190574646,0.9990478157997131,-0.07649954408407211,-0.6095690727233887,-0.27345380187034607,0.9986886382102966,-0.07445501536130905,-0.610332190990448,-0.27339255809783936,0.9986112117767334,-0.07510578632354736,-0.6093781590461731,-0.2694462835788727,0.9985105991363525,0.06399493664503098,-0.6125174164772034,-0.21824081242084503,0.9993072152137756,-0.07161207497119904,-0.6224279403686523,-0.14530378580093384,0.998043954372406,-0.024676930159330368,-0.5449080467224121,-0.26520001888275146,0.9996470212936401,-0.06365300714969635,-0.5461735129356384,-0.24325133860111237,0.9994357228279114,0.18291263282299042,-0.42583298683166504,-0.17106395959854126,0.999293863773346,-0.12709777057170868,-0.4569314122200012,-0.05724300444126129,0.9992111325263977,0.1990654021501541,-0.15526732802391052,-0.16058164834976196,0.9666166305541992,-0.19464902579784393,-0.25506338477134705,-0.03842500224709511,0.896420419216156,0.1941804140806198,0.06404172629117966,-0.24426041543483734,0.8909986019134521,-0.3046969473361969,-0.17179618775844574,-0.20007094740867615,0.8891354203224182,0.19960489869117737,0.12984712421894073,-0.2713353931903839,0.8215185403823853,-0.3380550444126129,-0.14168106019496918,-0.22551080584526062,0.8392956256866455,0.17253124713897705,0.12512749433517456,-0.32026803493499756,0.8488637208938599,-0.34476393461227417,-0.1464981734752655,-0.26773059368133545,0.854417622089386,0.17581400275230408,0.07617180794477463,-0.26842001080513,0.827268123626709,-0.30586934089660645,-0.1607414036989212,-0.22402696311473846,0.8212593197822571,0.0980144590139389,-0.0048722331412136555,-0.02541256695985794,0.26318731904029846,-0.09740103781223297,-0.003937839064747095,0.027231140062212944,0.2813606560230255,0.08106594532728195,0.03965412825345993,-0.08045201748609543,0.15413624048233032,-0.10944552719593048,0.13687516748905182,-0.0677366703748703,0.1918809562921524,0.09937261790037155,0.30853572487831116,0.13227368891239166,0.03938034549355507,-0.10735789686441422,0.48127177357673645,0.14938873052597046,0.07126687467098236,0.09721405804157257,0.32574453949928284,0.15112310647964478,0.01560283824801445,-0.10524649173021317,0.4997757375240326,0.17803961038589478,0.035111576318740845,0.11267004162073135,0.3148996829986572,-0.05060034617781639,0.04920274019241333,-0.1616695523262024,0.5150500535964966,0.015182722359895706,0.0749102383852005,60,2.002,,,,,,,,,,,,,,,,,,,,,,,,,,,,,,,,,,,,,,,,,,,,,,,,,,,,,,,,,,,,,,,,,,,,,,,,,,,,,,,,,,,,
-0.062423426657915115,-0.5691291689872742,-0.3074686825275421,0.9993999600410461,-0.042810726910829544,-0.6076434254646301,-0.30867618322372437,0.9989158511161804,-0.04335924983024597,-0.6073048710823059,-0.3104739785194397,0.998927891254425,-0.042889028787612915,-0.607416033744812,-0.30848076939582825,0.9989783763885498,-0.07642875611782074,-0.6111350655555725,-0.29692378640174866,0.9985412955284119,-0.07438306510448456,-0.611878514289856,-0.29679879546165466,0.9984702467918396,-0.07503049075603485,-0.6109166145324707,-0.2928485572338104,0.9983437061309814,0.06519493460655212,-0.6095039248466492,-0.24275259673595428,0.9992238879203796,-0.07072284817695618,-0.6211504936218262,-0.16505149006843567,0.9977876543998718,-0.025186147540807724,-0.5456132888793945,-0.28954797983169556,0.9996233582496643,-0.06439484655857086,-0.5472270846366882,-0.2665592133998871,0.9993852972984314,0.1825375109910965,-0.4191938638687134,-0.1959187388420105,0.9993166923522949,-0.12811608612537384,-0.4524138867855072,-0.07343064248561859,0.999191403388977,0.1999722719192505,-0.1549532562494278,-0.18465475738048553,0.966678261756897,-0.1983955055475235,-0.24942055344581604,-0.029649507254362106,0.8847841024398804,0.1944342702627182,0.05982726812362671,-0.26262977719306946,0.8719001412391663,-0.3128688931465149,-0.1382243037223816,-0.15561193227767944,0.8516705632209778,0.20023439824581146,0.12531520426273346,-0.28853899240493774,0.7988290786743164,-0.3425547182559967,-0.0996699184179306,-0.16964687407016754,0.8004382252693176,0.17282754182815552,0.12235202640295029,-0.3356213867664337,0.8326815366744995,-0.34981751441955566,-0.09805471450090408,-0.2172805815935135,0.8229550123214722,0.17614395916461945,0.07272689044475555,-0.285660982131958,0.8090055584907532,-0.3133971095085144,-0.12313523143529892,-0.18008330464363098,0.791702389717102,0.09811113029718399,-0.004510295111685991,-0.02834700420498848,0.24841460585594177,-0.09743130952119827,-0.0042466046288609505,0.030264802277088165,0.2636216878890991,0.07299976795911789,0.025410031899809837,-0.091475710272789,0.14932984113693237,-0.1107393205165863,0.13404805958271027,-0.07380985468626022,0.1818295270204544,0.10281559824943542,0.3016604781150818,0.12194619327783585,0.03806006908416748,-0.11235314607620239,0.4804076552391052,0.15428337454795837,0.06753995269536972,0.10124125331640244,0.3176165223121643,0.14126673340797424,0.015075741335749626,-0.11143968999385834,0.4983960688114166,0.18738970160484314,0.03383738547563553,0.11695662140846252,0.2898024022579193,-0.07254970818758011,0.04711531475186348,-0.17420607805252075,0.5129144191741943,0.024212799966335297,0.07070676982402802,61,2.035,,,,,,,,,,,,,,,,,,,,,,,,,,,,,,,,,,,,,,,,,,,,,,,,,,,,,,,,,,,,,,,,,,,,,,,,,,,,,,,,,,,,
-0.06453035026788712,-0.5718123912811279,-0.31854742765426636,0.999358057975769,-0.043076347559690475,-0.6091820001602173,-0.31960707902908325,0.9988494515419006,-0.04360451549291611,-0.6088429689407349,-0.3213081955909729,0.9988844394683838,-0.04314804449677467,-0.608949601650238,-0.3193559944629669,0.998928964138031,-0.07703179866075516,-0.6129565238952637,-0.3078068494796753,0.9984448552131653,-0.07496949285268784,-0.6136913299560547,-0.30770155787467957,0.9983835220336914,-0.07560613751411438,-0.6127264499664307,-0.3037651777267456,0.9982383251190186,0.06498054414987564,-0.6076629757881165,-0.2525535523891449,0.9991447925567627,-0.07078389078378677,-0.6201770305633545,-0.17394405603408813,0.9975978136062622,-0.02759765274822712,-0.5466472506523132,-0.3002973794937134,0.9995971918106079,-0.06717081367969513,-0.5484806895256042,-0.27725231647491455,0.9993391036987305,0.1782141923904419,-0.41662198305130005,-0.20514994859695435,0.99933922290802,-0.13098427653312683,-0.4478664696216583,-0.07802746444940567,0.9991694688796997,0.20012657344341278,-0.1551085263490677,-0.19594426453113556,0.9672147631645203,-0.20056840777397156,-0.24392156302928925,-0.021278386935591698,0.8739199638366699,0.19291554391384125,0.05681733787059784,-0.2702169716358185,0.8549134135246277,-0.3166563808917999,-0.1229696273803711,-0.12775051593780518,0.81325364112854,0.1986614167690277,0.12205548584461212,-0.2950853109359741,0.7780039310455322,-0.3443624973297119,-0.08335298299789429,-0.13730567693710327,0.7606737613677979,0.16775909066200256,0.11955699324607849,-0.3408050835132599,0.8175635933876038,-0.3543509244918823,-0.08067142963409424,-0.18686707317829132,0.7897516489028931,0.17328524589538574,0.06977067142724991,-0.2924524247646332,0.7915179133415222,-0.3176126182079315,-0.10779620707035065,-0.15208226442337036,0.7602282762527466,0.09807930886745453,-0.004513800144195557,-0.03052450902760029,0.2392859011888504,-0.09740274399518967,-0.004233628045767546,0.03242345526814461,0.25083598494529724,0.0679035633802414,0.026696229353547096,-0.09430573880672455,0.1476263701915741,-0.11041907966136932,0.14872677624225616,-0.07603292167186737,0.17485377192497253,0.10472290962934494,0.30525141954421997,0.10267861187458038,0.037912361323833466,-0.11223717033863068,0.4928486943244934,0.15338148176670074,0.06513356417417526,0.10330107808113098,0.32124200463294983,0.12009089440107346,0.014824239537119865,-0.1118108257651329,0.511694073677063,0.18534669280052185,0.0330900177359581,0.12031332403421402,0.2938009798526764,-0.09272667020559311,0.046446990221738815,-0.1764223873615265,0.5237565636634827,0.022771412506699562,0.06801213324069977,62,2.068,,,,,,,,,,,,,,,,,,,,,,,,,,,,,,,,,,,,,,,,,,,,,,,,,,,,,,,,,,,,,,,,,,,,,,,,,,,,,,,,,,,,
-0.06662490218877792,-0.574184775352478,-0.3207899332046509,0.9992841482162476,-0.0441066175699234,-0.6111493706703186,-0.3217940032482147,0.9987319707870483,-0.044596292078495026,-0.6108245849609375,-0.3234718143939972,0.9987855553627014,-0.04414821416139603,-0.6109406352043152,-0.32152754068374634,0.998829185962677,-0.078340083360672,-0.6149835586547852,-0.31090018153190613,0.9983121752738953,-0.07624643296003342,-0.6157287955284119,-0.31087443232536316,0.9982668161392212,-0.07687882333993912,-0.6147744655609131,-0.3069544732570648,0.9981127977371216,0.06408482044935226,-0.6077299118041992,-0.25268274545669556,0.9990068674087524,-0.07247757166624069,-0.6201854944229126,-0.1791905164718628,0.9973641633987427,-0.030338456854224205,-0.5484164357185364,-0.30159416794776917,0.9995318055152893,-0.0701211616396904,-0.5501784086227417,-0.28017809987068176,0.9992519617080688,0.17432008683681488,-0.4169033169746399,-0.2016068994998932,0.9993325471878052,-0.13492220640182495,-0.4462713599205017,-0.08118000626564026,0.9991169571876526,0.20060719549655914,-0.15508997440338135,-0.19157066941261292,0.967217206954956,-0.19463205337524414,-0.23368245363235474,-0.029525484889745712,0.8578323721885681,0.19152876734733582,0.053930290043354034,-0.2646351158618927,0.8437086939811707,-0.3073713779449463,-0.12081776559352875,-0.15073493123054504,0.777610182762146,0.19724255800247192,0.1171056255698204,-0.28956517577171326,0.7649572491645813,-0.33222928643226624,-0.0857488214969635,-0.1671009212732315,0.7260106801986694,0.16518180072307587,0.11140608787536621,-0.3345588445663452,0.8081694841384888,-0.3425659239292145,-0.08861025422811508,-0.2103954702615738,0.7603772282600403,0.17149674892425537,0.06518815457820892,-0.2867806553840637,0.7805315852165222,-0.3074606955051422,-0.1088397353887558,-0.17328046262264252,0.7323319315910339,0.09797751158475876,-0.004615369718521833,-0.030369020998477936,0.23763251304626465,-0.09738275408744812,-0.004150608088821173,0.032251764088869095,0.2445506602525711,0.06947002559900284,0.04615170508623123,-0.08703681081533432,0.1456732600927353,-0.10350058972835541,0.18283741176128387,-0.07062089443206787,0.16858263313770294,0.11295860260725021,0.32622644305229187,0.10519582778215408,0.037809696048498154,-0.10658574104309082,0.5019931793212891,0.15265606343746185,0.06312964856624603,0.11252204328775406,0.3431800305843353,0.12132689356803894,0.014677676372230053,-0.10776977241039276,0.5210639834403992,0.18341487646102905,0.03251579776406288,0.1307206004858017,0.33080485463142395,-0.08498327434062958,0.04627860337495804,-0.17059287428855896,0.5421750545501709,0.020713509991765022,0.06630246341228485,63,2.102,,,,,,,,,,,,,,,,,,,,,,,,,,,,,,,,,,,,,,,,,,,,,,,,,,,,,,,,,,,,,,,,,,,,,,,,,,,,,,,,,,,,
-0.06908173859119415,-0.5786718130111694,-0.3133057653903961,0.999121904373169,-0.04510145261883736,-0.6146759390830994,-0.3146626055240631,0.9984627962112427,-0.04556819796562195,-0.6143670678138733,-0.3163573443889618,0.9985637068748474,-0.04513460770249367,-0.6144745945930481,-0.31441712379455566,0.9986003637313843,-0.07950003445148468,-0.6190321445465088,-0.3037858307361603,0.9979394674301147,-0.07740538567304611,-0.619779646396637,-0.303771048784256,0.9979168176651001,-0.07803677022457123,-0.6188188195228577,-0.2998431324958801,0.997721791267395,0.06383277475833893,-0.6078861355781555,-0.24690864980220795,0.9987400770187378,-0.07294279336929321,-0.6215701103210449,-0.173614040017128,0.9967156648635864,-0.033030975610017776,-0.5520310997962952,-0.29448044300079346,0.9994359612464905,-0.07282422482967377,-0.5544477105140686,-0.27298703789711,0.9991034865379333,0.1702272891998291,-0.41716474294662476,-0.19723032414913177,0.9993255138397217,-0.13713163137435913,-0.4465099573135376,-0.07699032872915268,0.9990526437759399,0.20184767246246338,-0.15801677107810974,-0.1899348348379135,0.9673860669136047,-0.19442395865917206,-0.24187961220741272,-0.014550464227795601,0.8426645994186401,0.1900971680879593,0.04739610105752945,-0.26586759090423584,0.827459454536438,-0.3040870428085327,-0.11979033797979355,-0.11665396392345428,0.7361260652542114,0.19514256715774536,0.10969562083482742,-0.2931663990020752,0.7447490096092224,-0.3312210142612457,-0.07928797602653503,-0.12890742719173431,0.68461674451828,0.16067956387996674,0.10512895882129669,-0.33601561188697815,0.7925880551338196,-0.3376831114292145,-0.07856960594654083,-0.17518967390060425,0.7231974601745605,0.1693379133939743,0.05891546234488487,-0.28730884194374084,0.7625789642333984,-0.30584028363227844,-0.10558374971151352,-0.13947848975658417,0.6964090466499329,0.097803995013237,-0.004590384196490049,-0.030792418867349625,0.2272852659225464,-0.0972532257437706,-0.004153764341026545,0.03262905031442642,0.2319442182779312,0.07081039249897003,0.04787113890051842,-0.08710545301437378,0.14090675115585327,-0.10131656378507614,0.17574167251586914,-0.07140655815601349,0.1603759080171585,0.11842067539691925,0.3253518044948578,0.10482761263847351,0.03660440072417259,-0.10571183264255524,0.5014007687568665,0.15240922570228577,0.060141339898109436,0.11883877217769623,0.34217411279678345,0.1213151291012764,0.01426517590880394,-0.10633153468370438,0.5207707285881042,0.1823623776435852,0.03160640224814415,0.1340733766555786,0.3292035162448883,-0.08138567209243774,0.04459960386157036,-0.16585545241832733,0.5387084484100342,0.02210072986781597,0.06314338743686676,64,2.135,,,,,,,,,,,,,,,,,,,,,,,,,,,,,,,,,,,,,,,,,,,,,,,,,,,,,,,,,,,,,,,,,,,,,,,,,,,,,,,,,,,,
-0.06993523985147476,-0.5835556983947754,-0.30910229682922363,0.9990484714508057,-0.045399345457553864,-0.6194301247596741,-0.31035372614860535,0.9983209371566772,-0.04584470018744469,-0.6191211938858032,-0.31204280257225037,0.9984515905380249,-0.045426059514284134,-0.6191977858543396,-0.3101234436035156,0.9984676241874695,-0.08012720197439194,-0.6239997148513794,-0.29977601766586304,0.9977615475654602,-0.07802537083625793,-0.6247314214706421,-0.29977813363075256,0.9977623224258423,-0.07865873724222183,-0.6237607598304749,-0.2958676218986511,0.9975405335426331,0.06364716589450836,-0.6102495193481445,-0.2426663339138031,0.9985762238502502,-0.07463724911212921,-0.6252838969230652,-0.1704079508781433,0.9964666962623596,-0.034215886145830154,-0.5568095445632935,-0.290160208940506,0.9993844628334045,-0.0744243934750557,-0.5594303607940674,-0.2689664363861084,0.9990367293357849,0.16934485733509064,-0.418427050113678,-0.19322136044502258,0.9993250370025635,-0.14063169062137604,-0.4484129548072815,-0.07951710373163223,0.9990386962890625,0.20518158376216888,-0.16281263530254364,-0.18943576514720917,0.9664850831031799,-0.19457975029945374,-0.24594785273075104,-0.02146887592971325,0.8334766030311584,0.1907377392053604,0.03882541507482529,-0.2677689492702484,0.8001158237457275,-0.28380632400512695,-0.11346326023340225,-0.12817443907260895,0.6959112882614136,0.1956690102815628,0.10237129032611847,-0.2941664755344391,0.7133244872093201,-0.3023420572280884,-0.06707055866718292,-0.14006125926971436,0.6437779664993286,0.16139772534370422,0.09854212403297424,-0.338853657245636,0.766834020614624,-0.3083723187446594,-0.06339380890130997,-0.18602804839611053,0.6862570643424988,0.1695970594882965,0.05072826147079468,-0.2898459732532501,0.7342923879623413,-0.2824317514896393,-0.09737344086170197,-0.15059490501880646,0.6604506969451904,0.09781867265701294,-0.004695408046245575,-0.030651502311229706,0.21777929365634918,-0.09731363505125046,-0.004022207576781511,0.0324484147131443,0.22118353843688965,0.0712495967745781,0.046379320323467255,-0.07859053462743759,0.1359620988368988,-0.09797598421573639,0.19430194795131683,-0.07007112354040146,0.15356281399726868,0.13080660998821259,0.3243558406829834,0.11010599881410599,0.03563384339213371,-0.10476566851139069,0.5132917761802673,0.1590522825717926,0.0577784925699234,0.13303737342357635,0.34138959646224976,0.1275990903377533,0.013776859268546104,-0.10487894713878632,0.5334633588790894,0.1906316578388214,0.030510911718010902,0.14824624359607697,0.3307921588420868,-0.07198316603899002,0.043331265449523926,-0.16750679910182953,0.550130307674408,0.036036040633916855,0.06059813126921654,65,2.168,,,,,,,,,,,,,,,,,,,,,,,,,,,,,,,,,,,,,,,,,,,,,,,,,,,,,,,,,,,,,,,,,,,,,,,,,,,,,,,,,,,,
-0.06973704695701599,-0.5865855813026428,-0.3081461489200592,0.998975932598114,-0.04504694789648056,-0.6226924657821655,-0.30897894501686096,0.9981815814971924,-0.04547186568379402,-0.622378945350647,-0.3106444180011749,0.9983441233634949,-0.04506484046578407,-0.6224366426467896,-0.3087693452835083,0.9983349442481995,-0.07996919751167297,-0.627030074596405,-0.2988450825214386,0.9975926280021667,-0.07786602526903152,-0.6277489066123962,-0.29886332154273987,0.9976193904876709,-0.07850228995084763,-0.6267780661582947,-0.2949869632720947,0.9973692297935486,0.06367651373147964,-0.612653911113739,-0.24088652431964874,0.9984308481216431,-0.07495461404323578,-0.6272247433662415,-0.16980908811092377,0.9962740540504456,-0.03416672348976135,-0.5600148439407349,-0.28890520334243774,0.9993413090705872,-0.07429419457912445,-0.562325119972229,-0.26811301708221436,0.9989849328994751,0.16956812143325806,-0.4193861186504364,-0.19162407517433167,0.9993239641189575,-0.14169874787330627,-0.4493218660354614,-0.08631249517202377,0.9990332126617432,0.20836593210697174,-0.16595830023288727,-0.1890355795621872,0.9650406241416931,-0.19475089013576508,-0.24647164344787598,-0.02614334225654602,0.8266646265983582,0.19327640533447266,0.03661712259054184,-0.26789531111717224,0.7708335518836975,-0.2705625891685486,-0.1025235578417778,-0.13237805664539337,0.6592917442321777,0.1978645920753479,0.10153267532587051,-0.29346662759780884,0.6806306838989258,-0.2846423089504242,-0.052382148802280426,-0.14300484955310822,0.6064518094062805,0.1617763638496399,0.09861313551664352,-0.33922579884529114,0.7392929792404175,-0.2889544367790222,-0.04731867089867592,-0.18970522284507751,0.6524041891098022,0.17137828469276428,0.04911280423402786,-0.290363609790802,0.704777181148529,-0.2670080065727234,-0.0851687416434288,-0.15473544597625732,0.6274110674858093,0.09806270152330399,-0.0047073387540876865,-0.029973533004522324,0.2089541256427765,-0.09765787422657013,-0.004003310110419989,0.031711332499980927,0.21200600266456604,0.07165449112653732,0.045354798436164856,-0.07125356048345566,0.13190938532352448,-0.09677969664335251,0.20229093730449677,-0.06820937991142273,0.14933501183986664,0.1351999044418335,0.322818785905838,0.13073138892650604,0.0346406064927578,-0.10564366728067398,0.5220767855644226,0.16815875470638275,0.05629716068506241,0.13791705667972565,0.33975762128829956,0.15030790865421295,0.013297993689775467,-0.10689076781272888,0.5428544282913208,0.20109465718269348,0.029612235724925995,0.15415839850902557,0.329863578081131,-0.04584097862243652,0.04208644479513168,-0.17311939597129822,0.5599358677864075,0.047748349606990814,0.05878540128469467,66,2.202,,,,,,,,,,,,,,,,,,,,,,,,,,,,,,,,,,,,,,,,,,,,,,,,,,,,,,,,,,,,,,,,,,,,,,,,,,,,,,,,,,,,
-0.06970800459384918,-0.5908124446868896,-0.3078145980834961,0.9989486336708069,-0.044886667281389236,-0.6268367767333984,-0.3085035979747772,0.9981181025505066,-0.045297835022211075,-0.6265113353729248,-0.3101394474506378,0.9983043670654297,-0.04490375891327858,-0.626535177230835,-0.30832019448280334,0.998274564743042,-0.07995492964982986,-0.6311166286468506,-0.29819467663764954,0.9975123405456543,-0.07785294950008392,-0.6318114995956421,-0.2982143759727478,0.997559130191803,-0.07849068194627762,-0.6308363080024719,-0.29435670375823975,0.9972842931747437,0.06459753960371017,-0.6149967312812805,-0.24042543768882751,0.9983672499656677,-0.07496470957994461,-0.6295508742332458,-0.16843116283416748,0.9962018132209778,-0.03409659489989281,-0.5637758374214172,-0.2884426414966583,0.9993335008621216,-0.07430902123451233,-0.5660321116447449,-0.2672317624092102,0.9989774823188782,0.17033332586288452,-0.42056241631507874,-0.19353383779525757,0.9993429780006409,-0.1421753317117691,-0.45009666681289673,-0.08646520972251892,0.9990461468696594,0.21020223200321198,-0.16849365830421448,-0.19168630242347717,0.9643191695213318,-0.19516494870185852,-0.24546082317829132,-0.027782848104834557,0.8188663721084595,0.19410139322280884,0.03306157514452934,-0.2703016698360443,0.7398502230644226,-0.25814539194107056,-0.09672548621892929,-0.1275348961353302,0.6196316480636597,0.19832894206047058,0.09926943480968475,-0.2955677807331085,0.6462448239326477,-0.2670537233352661,-0.04351911321282387,-0.134048730134964,0.5670512914657593,0.1622866541147232,0.09876237064599991,-0.34225940704345703,0.7101384997367859,-0.27042004466056824,-0.03460485488176346,-0.18366500735282898,0.6155047416687012,0.17160862684249878,0.046762943267822266,-0.29290780425071716,0.6737533211708069,-0.25269657373428345,-0.07791730761528015,-0.15046080946922302,0.5915576815605164,0.09865915775299072,-0.004771629814058542,-0.0298761073499918,0.20179608464241028,-0.09829356521368027,-0.003851647488772869,0.031613778322935104,0.20456397533416748,0.06964462250471115,0.04459448903799057,-0.06985866278409958,0.12908591330051422,-0.0962279736995697,0.2126922458410263,-0.06480453908443451,0.14609187841415405,0.13737139105796814,0.3217916190624237,0.1462637484073639,0.03394165635108948,-0.10931724309921265,0.5390879511833191,0.1881880909204483,0.055358778685331345,0.14032529294490814,0.3388338088989258,0.16759337484836578,0.012863206677138805,-0.11255393177270889,0.5609215497970581,0.22443905472755432,0.02879173681139946,0.15476253628730774,0.32998326420783997,-0.032264597713947296,0.041036348789930344,-0.18377302587032318,0.5759090185165405,0.0715685710310936,0.0572340302169323,67,2.235,,,,,,,,,,,,,,,,,,,,,,,,,,,,,,,,,,,,,,,,,,,,,,,,,,,,,,,,,,,,,,,,,,,,,,,,,,,,,,,,,,,,
-0.06798627227544785,-0.5939839482307434,-0.3064426779747009,0.9989288449287415,-0.042221538722515106,-0.6300354599952698,-0.307331383228302,0.9980735778808594,-0.04260104522109032,-0.6296992301940918,-0.30899399518966675,0.998282253742218,-0.04224642738699913,-0.6297044157981873,-0.3071379065513611,0.9982364177703857,-0.07789899408817291,-0.6344122886657715,-0.2971547544002533,0.9974393844604492,-0.07580764591693878,-0.6350906491279602,-0.297184020280838,0.9974982738494873,-0.07645479589700699,-0.6341094374656677,-0.2933029532432556,0.9971930980682373,0.06920943409204483,-0.6167061924934387,-0.239376500248909,0.998322606086731,-0.0726148933172226,-0.6318098902702332,-0.16632327437400818,0.9961019158363342,-0.031917646527290344,-0.5664248466491699,-0.28718188405036926,0.9993269443511963,-0.0727556049823761,-0.5688748955726624,-0.26634639501571655,0.9989622831344604,0.17361721396446228,-0.42119330167770386,-0.19236618280410767,0.9993616938591003,-0.14064007997512817,-0.4508935809135437,-0.08480558544397354,0.9990477561950684,0.21399302780628204,-0.1692870408296585,-0.1919376403093338,0.9631627202033997,-0.19355706870555878,-0.24578498303890228,-0.025066332891583443,0.8095518350601196,0.19560736417770386,0.030926251783967018,-0.2713468372821808,0.7072315216064453,-0.24992364645004272,-0.09451383352279663,-0.11410968750715256,0.5799278616905212,0.199142187833786,0.09807605296373367,-0.29566991329193115,0.611267626285553,-0.25736016035079956,-0.03886071592569351,-0.11678928881883621,0.5282300710678101,0.1627013087272644,0.09926443547010422,-0.34212544560432434,0.6794762015342712,-0.2605527937412262,-0.027566706761717796,-0.16784437000751495,0.5782409310340881,0.17244192957878113,0.04545767977833748,-0.29358893632888794,0.641740620136261,-0.24387790262699127,-0.07454966008663177,-0.1373155564069748,0.5556532740592957,0.09902971982955933,-0.004782595671713352,-0.029810013249516487,0.19590292870998383,-0.09860622137784958,-0.0037815577816218138,0.03155544027686119,0.1979304701089859,0.06837562471628189,0.04421225190162659,-0.06984349340200424,0.1257864534854889,-0.09463433176279068,0.21033017337322235,-0.06471823155879974,0.14313365519046783,0.13975957036018372,0.32301369309425354,0.1500193029642105,0.03350619599223137,-0.10959949344396591,0.5491648316383362,0.19248035550117493,0.05477701500058174,0.14308488368988037,0.340840607881546,0.17154568433761597,0.012512300163507462,-0.11324504762887955,0.5716274976730347,0.23004697263240814,0.028141992166638374,0.1557210087776184,0.3315444886684418,-0.03202907368540764,0.04018058255314827,-0.184681698679924,0.5813902616500854,0.07556819915771484,0.055891066789627075,68,2.268,,,,,,,,,,,,,,,,,,,,,,,,,,,,,,,,,,,,,,,,,,,,,,,,,,,,,,,,,,,,,,,,,,,,,,,,,,,,,,,,,,,,
-0.06797152012586594,-0.5949779748916626,-0.3054026663303375,0.9989336133003235,-0.04219061881303787,-0.6313647031784058,-0.3065294027328491,0.9980648159980774,-0.04256443306803703,-0.6310122609138489,-0.30821916460990906,0.9982886910438538,-0.04221704229712486,-0.630997359752655,-0.3063296377658844,0.9982253909111023,-0.0779210552573204,-0.6357780694961548,-0.29632091522216797,0.9974282383918762,-0.0758301317691803,-0.6364344358444214,-0.29635873436927795,0.9975007176399231,-0.07647711783647537,-0.6354467868804932,-0.2924577295780182,0.9971729516983032,0.0694270133972168,-0.6177418828010559,-0.23912087082862854,0.9983006119728088,-0.0727701261639595,-0.6331380009651184,-0.16466672718524933,0.9961109757423401,-0.031846415251493454,-0.5673197507858276,-0.28626468777656555,0.9993337392807007,-0.07273175567388535,-0.5698281526565552,-0.2655387222766876,0.9989709258079529,0.1744692325592041,-0.42138347029685974,-0.19139999151229858,0.9993802905082703,-0.14056509733200073,-0.4510754346847534,-0.08688779175281525,0.9990695118904114,0.21368329226970673,-0.1697216033935547,-0.19339896738529205,0.9612804055213928,-0.19390225410461426,-0.24508093297481537,-0.026267461478710175,0.8053914308547974,0.19548910856246948,0.031206976622343063,-0.2730225920677185,0.6701111197471619,-0.24311502277851105,-0.08416391909122467,-0.12102624028921127,0.5439600348472595,0.1985696703195572,0.09942962229251862,-0.295967698097229,0.5732808709144592,-0.24846592545509338,-0.023586569353938103,-0.123255655169487,0.49252405762672424,0.160622701048851,0.10071603208780289,-0.3433927595615387,0.64497309923172,-0.24980026483535767,-0.007995530031621456,-0.17416872084140778,0.5441291332244873,0.17203545570373535,0.046511031687259674,-0.295380562543869,0.6063790917396545,-0.23579402267932892,-0.0616716705262661,-0.1440424919128418,0.5226739645004272,0.09945005178451538,-0.004794157575815916,-0.02909119240939617,0.1877346783876419,-0.09895114600658417,-0.0037022531032562256,0.030797669664025307,0.1892356276512146,0.06206861510872841,0.03830128163099289,-0.06976985186338425,0.12198341637849808,-0.09424243122339249,0.20456506311893463,-0.06670983880758286,0.13923992216587067,0.13935545086860657,0.32403117418289185,0.15060897171497345,0.03304292634129524,-0.11423236131668091,0.5462431311607361,0.19430559873580933,0.053679950535297394,0.14267738163471222,0.34257251024246216,0.17204199731349945,0.012091061100363731,-0.11935082823038101,0.5685303807258606,0.2336629331111908,0.02709515020251274,0.15534846484661102,0.3312128186225891,-0.03402014076709747,0.03925247862935066,-0.19192804396152496,0.575657308101654,0.07673842459917068,0.05404016375541687,69,2.302,,,,,,,,,,,,,,,,,,,,,,,,,,,,,,,,,,,,,,,,,,,,,,,,,,,,,,,,,,,,,,,,,,,,,,,,,,,,,,,,,,,,
-0.06773952394723892,-0.5957132577896118,-0.30582693219184875,0.9989287257194519,-0.04165607690811157,-0.631961464881897,-0.3064800500869751,0.9980428218841553,-0.04201933369040489,-0.631602942943573,-0.30813419818878174,0.9982856512069702,-0.04168315604329109,-0.6315807700157166,-0.30630210041999817,0.998207151889801,-0.0775809958577156,-0.6363857984542847,-0.2961239814758301,0.9973960518836975,-0.07549498975276947,-0.6370358467102051,-0.29614511132240295,0.9974828362464905,-0.07614412903785706,-0.6360483169555664,-0.29226693511009216,0.9971320033073425,0.07047297060489655,-0.6177231073379517,-0.2389713078737259,0.9982761740684509,-0.07229471951723099,-0.6330795288085938,-0.16409577429294586,0.9960793256759644,-0.03152632713317871,-0.5676436424255371,-0.2866457402706146,0.999336838722229,-0.07257366180419922,-0.5701664090156555,-0.2653242349624634,0.998972475528717,0.17493033409118652,-0.42095500230789185,-0.19365088641643524,0.9993955492973328,-0.13998611271381378,-0.45096585154533386,-0.08835987001657486,0.9990739822387695,0.21379049122333527,-0.16839994490146637,-0.19644437730312347,0.9593831300735474,-0.19024790823459625,-0.2390274703502655,-0.027530750259757042,0.7952039837837219,0.19529640674591064,0.0324917770922184,-0.27412405610084534,0.6342300772666931,-0.23387093842029572,-0.07741537690162659,-0.11818978935480118,0.5068143010139465,0.19804435968399048,0.09998293966054916,-0.29653361439704895,0.5373954176902771,-0.2378855049610138,-0.018027665093541145,-0.1193711906671524,0.4570710062980652,0.15946587920188904,0.10245950520038605,-0.3438730835914612,0.6114996075630188,-0.24014174938201904,-0.0034531468991190195,-0.17081297934055328,0.5090190768241882,0.17167748510837555,0.04728890582919121,-0.2963325083255768,0.572248637676239,-0.2265995293855667,-0.05546377971768379,-0.14140747487545013,0.4886699914932251,0.09955833852291107,-0.004803629592061043,-0.029026562348008156,0.17970936000347137,-0.09903539717197418,-0.003657700028270483,0.030730579048395157,0.18065448105335236,0.061160001903772354,0.03556125611066818,-0.07064242660999298,0.1188986748456955,-0.09287484735250473,0.20157086849212646,-0.06718482077121735,0.13568991422653198,0.14068542420864105,0.32355597615242004,0.14984649419784546,0.03262471407651901,-0.11358486860990524,0.5438949465751648,0.1971154659986496,0.05266430974006653,0.14432217180728912,0.3420558571815491,0.17110833525657654,0.011751129291951656,-0.11834286153316498,0.5660871267318726,0.23709599673748016,0.02635842375457287,0.15648594498634338,0.33058851957321167,-0.03493150323629379,0.038400936871767044,-0.1903514862060547,0.5730094313621521,0.08022014051675797,0.05242503061890602,70,2.335,,,,,,,,,,,,,,,,,,,,,,,,,,,,,,,,,,,,,,,,,,,,,,,,,,,,,,,,,,,,,,,,,,,,,,,,,,,,,,,,,,,,
