pose_world_0_x,pose_world_0_y,pose_world_0_z,pose_world_0_visibility,pose_world_1_x,pose_world_1_y,pose_world_1_z,pose_world_1_visibility,pose_world_2_x,pose_world_2_y,pose_world_2_z,pose_world_2_visibility,pose_world_3_x,pose_world_3_y,pose_world_3_z,pose_world_3_visibility,pose_world_4_x,pose_world_4_y,pose_world_4_z,pose_world_4_visibility,pose_world_5_x,pose_world_5_y,pose_world_5_z,pose_world_5_visibility,pose_world_6_x,pose_world_6_y,pose_world_6_z,pose_world_6_visibility,pose_world_7_x,pose_world_7_y,pose_world_7_z,pose_world_7_visibility,pose_world_8_x,pose_world_8_y,pose_world_8_z,pose_world_8_visibility,pose_world_9_x,pose_world_9_y,pose_world_9_z,pose_world_9_visibility,pose_world_10_x,pose_world_10_y,pose_world_10_z,pose_world_10_visibility,pose_world_11_x,pose_world_11_y,pose_world_11_z,pose_world_11_visibility,pose_world_12_x,pose_world_12_y,pose_world_12_z,pose_world_12_visibility,pose_world_13_x,pose_world_13_y,pose_world_13_z,pose_world_13_visibility,pose_world_14_x,pose_world_14_y,pose_world_14_z,pose_world_14_visibility,pose_world_15_x,pose_world_15_y,pose_world_15_z,pose_world_15_visibility,pose_world_16_x,pose_world_16_y,pose_world_16_z,pose_world_16_visibility,pose_world_17_x,pose_world_17_y,pose_world_17_z,pose_world_17_visibility,pose_world_18_x,pose_world_18_y,pose_world_18_z,pose_world_18_visibility,pose_world_19_x,pose_world_19_y,pose_world_19_z,pose_world_19_visibility,pose_world_20_x,pose_world_20_y,pose_world_20_z,pose_world_20_visibility,pose_world_21_x,pose_world_21_y,pose_world_21_z,pose_world_21_visibility,pose_world_22_x,pose_world_22_y,pose_world_22_z,pose_world_22_visibility,pose_world_23_x,pose_world_23_y,pose_world_23_z,pose_world_23_visibility,pose_world_24_x,pose_world_24_y,pose_world_24_z,pose_world_24_visibility,pose_world_25_x,pose_world_25_y,pose_world_25_z,pose_world_25_visibility,pose_world_26_x,pose_world_26_y,pose_world_26_z,pose_world_26_visibility,pose_world_27_x,pose_world_27_y,pose_world_27_z,pose_world_27_visibility,pose_world_28_x,pose_world_28_y,pose_world_28_z,pose_world_28_visibility,pose_world_29_x,pose_world_29_y,pose_world_29_z,pose_world_29_visibility,pose_world_30_x,pose_world_30_y,pose_world_30_z,pose_world_30_visibility,pose_world_31_x,pose_world_31_y,pose_world_31_z,pose_world_31_visibility,pose_world_32_x,pose_world_32_y,pose_world_32_z,pose_world_32_visibility,frame,timestamp,right_hand_0_x,right_hand_0_y,right_hand_0_z,right_hand_0_visibility,right_hand_1_x,right_hand_1_y,right_hand_1_z,right_hand_1_visibility,right_hand_2_x,right_hand_2_y,right_hand_2_z,right_hand_2_visibility,right_hand_3_x,right_hand_3_y,right_hand_3_z,right_hand_3_visibility,right_hand_4_x,right_hand_4_y,right_hand_4_z,right_hand_4_visibility,right_hand_5_x,right_hand_5_y,right_hand_5_z,right_hand_5_visibility,right_hand_6_x,right_hand_6_y,right_hand_6_z,right_hand_6_visibility,right_hand_7_x,right_hand_7_y,right_hand_7_z,right_hand_7_visibility,right_hand_8_x,right_hand_8_y,right_hand_8_z,right_hand_8_visibility,right_hand_9_x,right_hand_9_y,right_hand_9_z,right_hand_9_visibility,right_hand_10_x,right_hand_10_y,right_hand_10_z,right_hand_10_visibility,right_hand_11_x,right_hand_11_y,right_hand_11_z,right_hand_11_visibility,right_hand_12_x,right_hand_12_y,right_hand_12_z,right_hand_12_visibility,right_hand_13_x,right_hand_13_y,right_hand_13_z,right_hand_13_visibility,right_hand_14_x,right_hand_14_y,right_hand_14_z,right_hand_14_visibility,right_hand_15_x,right_hand_15_y,right_hand_15_z,right_hand_15_visibility,right_hand_16_x,right_hand_16_y,right_hand_16_z,right_hand_16_visibility,right_hand_17_x,right_hand_17_y,right_hand_17_z,right_hand_17_visibility,right_hand_18_x,right_hand_18_y,right_hand_18_z,right_hand_18_visibility,right_hand_19_x,right_hand_19_y,right_hand_19_z,right_hand_19_visibility,right_hand_20_x,right_hand_20_y,right_hand_20_z,right_hand_20_visibility
-0.03194425627589226,-0.6080498099327087,-0.31386080384254456,0.9981845021247864,-0.00487690232694149,-0.6407148838043213,-0.3123229444026947,0.9973830580711365,-0.005333089269697666,-0.6404950618743896,-0.31434404850006104,0.997520387172699,-0.004760666284710169,-0.6406316757202148,-0.31231972575187683,0.9972686767578125,-0.040606796741485596,-0.6459439992904663,-0.30140623450279236,0.9968390464782715,-0.038567885756492615,-0.646930456161499,-0.3015279769897461,0.9967501163482666,-0.03928598389029503,-0.646038830280304,-0.2976164221763611,0.9963545799255371,0.10410004109144211,-0.619719922542572,-0.23731006681919098,0.9974237680435181,-0.041413236409425735,-0.6398165822029114,-0.16996484994888306,0.9940112233161926,0.001768250367604196,-0.5780234336853027,-0.29328909516334534,0.9966834187507629,-0.04051218926906586,-0.5818792581558228,-0.2732621133327484,0.9966809153556824,0.1787087470293045,-0.40801379084587097,-0.20089256763458252,0.99349045753479,-0.09876002371311188,-0.46893948316574097,-0.0686136931180954,0.9962764382362366,0.1491667926311493,-0.15695977210998535,-0.18971450626850128,0.9228379726409912,-0.12332363426685333,-0.2544531226158142,-0.030019588768482208,0.5131232738494873,0.12332743406295776,0.00909922644495964,-0.22958441078662872,0.8034831881523132,-0.19467692077159882,-0.11439137905836105,-0.14869782328605652,0.5358166694641113,0.12313493341207504,0.060291387140750885,-0.257730096578598,0.7541606426239014,-0.21963833272457123,-0.07213383167982101,-0.18071429431438446,0.5250307321548462,0.10968516767024994,0.047134265303611755,-0.2903364300727844,0.7854287028312683,-0.21281611919403076,-0.07770003378391266,-0.20916470885276794,0.5749242901802063,0.1111789420247078,0.014635474421083927,-0.24635808169841766,0.7622033357620239,-0.18927279114723206,-0.1012016162276268,-0.16634045541286469,0.5750378370285034,0.09298209100961685,0.004220164380967617,-0.030491672456264496,0.4266206622123718,-0.09299983084201813,-0.011632155627012253,0.03200787678360939,0.5509105324745178,0.06791559606790543,0.10908298939466476,-0.03507262095808983,0.20732076466083527,-0.10559964179992676,0.13515108823776245,-0.07083497941493988,0.2934589385986328,0.09058620780706406,0.3436964154243469,0.19769936800003052,0.03460797294974327,-0.07333769649267197,0.4709329903125763,0.10769634693861008,0.11905986815690994,0.09033641964197159,0.3630041182041168,0.21789240837097168,0.019136929884552956,-0.06849569827318192,0.49216392636299133,0.12803231179714203,0.0763898715376854,0.09058260917663574,0.36902886629104614,0.08461005985736847,0.040023092180490494,-0.11948145180940628,0.5153641104698181,0.00013203655544202775,0.1123306080698967,0,0.0,,,,,,,,,,,,,,,,,,,,,,,,,,,,,,,,,,,,,,,,,,,,,,,,,,,,,,,,,,,,,,,,,,,,,,,,,,,,,,,,,,,,
-0.03246939554810524,-0.6072339415550232,-0.27968254685401917,0.9983243346214294,-0.007946055382490158,-0.6406294703483582,-0.27789634466171265,0.9975714683532715,-0.008408824913203716,-0.6404076814651489,-0.2798585593700409,0.997693657875061,-0.007833827286958694,-0.6405459046363831,-0.27783727645874023,0.9974625706672668,-0.04220090061426163,-0.645821750164032,-0.2691584825515747,0.9970829486846924,-0.04013402760028839,-0.6467816233634949,-0.2693675458431244,0.997005045413971,-0.0408676415681839,-0.6459047198295593,-0.26543766260147095,0.9966397285461426,0.09522673487663269,-0.6212459802627563,-0.20291690528392792,0.9976198077201843,-0.04330616444349289,-0.6407299637794495,-0.14739173650741577,0.9945085048675537,0.0007216391968540847,-0.5778167247772217,-0.25890862941741943,0.9969579577445984,-0.04067394137382507,-0.5815778970718384,-0.24235554039478302,0.9969563484191895,0.18022160232067108,-0.4128522574901581,-0.1634877473115921,0.9938053488731384,-0.1012137159705162,-0.470401793718338,-0.05891865864396095,0.9965066909790039,0.1585773378610611,-0.16697072982788086,-0.15351055562496185,0.9246050715446472,-0.1411169320344925,-0.26517966389656067,-0.05772490054368973,0.5376461744308472,0.16100110113620758,0.003862525802105665,-0.20229719579219818,0.8110748529434204,-0.2015254646539688,-0.1808941811323166,-0.24849212169647217,0.5623572468757629,0.1669815331697464,0.05599839240312576,-0.2293723076581955,0.7629922032356262,-0.22671300172805786,-0.15255101025104523,-0.2955172061920166,0.5509302020072937,0.1563456654548645,0.045516714453697205,-0.2703244686126709,0.7939686179161072,-0.2158328890800476,-0.16214695572853088,-0.3163194954395294,0.599145770072937,0.15069974958896637,0.010804081335663795,-0.22341153025627136,0.7723330855369568,-0.19514326751232147,-0.17169813811779022,-0.2650962173938751,0.5989510416984558,0.09305544942617416,0.0038355588912963867,-0.028359439224004745,0.44785723090171814,-0.09307397156953812,-0.011400211602449417,0.029893508180975914,0.5732343792915344,0.061761707067489624,0.048788901418447495,-0.03507840633392334,0.2114885002374649,-0.10988378524780273,0.13714295625686646,-0.07091592997312546,0.3042134642601013,0.09053545445203781,0.3176358640193939,0.19556860625743866,0.0359494686126709,-0.09963982552289963,0.4720192849636078,0.09512569010257721,0.13067278265953064,0.09048516303300858,0.339639812707901,0.21570655703544617,0.01964009925723076,-0.0949777364730835,0.4935743808746338,0.11203610152006149,0.08010226488113403,0.09669864177703857,0.36222025752067566,0.08178286254405975,0.042159367352724075,-0.14454032480716705,0.5254585146903992,-0.02897031418979168,0.12298889458179474,1,0.033,0.5429176092147827,0.7796921730041504,3.299939166367949e-08,,0.5217587351799011,0.7999235391616821,-0.00387234496884048,,0.5044398903846741,0.838626503944397,-0.009978655725717545,,0.5011865496635437,0.8826264142990112,-0.014046124182641506,,0.508176326751709,0.9115331172943115,-0.018687864765524864,,0.4991753101348877,0.8251761198043823,-0.026410643011331558,,0.49349334836006165,0.8979320526123047,-0.03326532244682312,,0.49364224076271057,0.9338313937187195,-0.03432408720254898,,0.49612003564834595,0.957891583442688,-0.03431890532374382,,0.5107120275497437,0.8306483626365662,-0.027927285060286522,,0.5038229823112488,0.9138767123222351,-0.03462856262922287,,0.5030142068862915,0.9515031576156616,-0.03512249141931534,,0.5042920112609863,0.9731595516204834,-0.03525517135858536,,0.5253772735595703,0.8393376469612122,-0.028112143278121948,,0.5197776556015015,0.9209660887718201,-0.0337335541844368,,0.5189486742019653,0.9634702205657959,-0.03453470394015312,,0.5189007520675659,0.9924752712249756,-0.035209767520427704,,0.5427091121673584,0.8524449467658997,-0.02743827924132347,,0.5440714359283447,0.9070332646369934,-0.032873302698135376,,0.5447929501533508,0.9418519139289856,-0.033464837819337845,,0.5456103086471558,0.9686833024024963,-0.033525627106428146,
-0.03020446002483368,-0.6058419942855835,-0.28069496154785156,0.9983439445495605,-0.007764408830553293,-0.640282392501831,-0.2802477777004242,0.9975362420082092,-0.008236967027187347,-0.6400704979896545,-0.2821783423423767,0.9976131319999695,-0.007660566363483667,-0.6401946544647217,-0.28016984462738037,0.997409999370575,-0.04141746461391449,-0.6451553106307983,-0.2715851068496704,0.9971367120742798,-0.03933355212211609,-0.6460692286491394,-0.2717894911766052,0.9970824122428894,-0.040071532130241394,-0.6451960802078247,-0.2678472697734833,0.9967600107192993,0.094256192445755,-0.6224392056465149,-0.2063451111316681,0.9976234436035156,-0.042672593146562576,-0.6406993269920349,-0.14962545037269592,0.9947062730789185,0.0022788289934396744,-0.5771695375442505,-0.2603868544101715,0.997106671333313,-0.03749087452888489,-0.5803930163383484,-0.2437930405139923,0.9971053600311279,0.1830970197916031,-0.4168485999107361,-0.14977334439754486,0.9939499497413635,-0.1003604307770729,-0.46640387177467346,-0.057745568454265594,0.9965933561325073,0.1627834290266037,-0.16382476687431335,-0.12561625242233276,0.924429178237915,-0.13632217049598694,-0.2520188093185425,-0.0875442624092102,0.5490934252738953,0.16255317628383636,0.011433961801230907,-0.18814821541309357,0.8138575553894043,-0.2024526596069336,-0.2541171610355377,-0.2950791120529175,0.5878714323043823,0.16571055352687836,0.0624254010617733,-0.20526228845119476,0.7649413347244263,-0.22701779007911682,-0.2596086859703064,-0.34097519516944885,0.5752909779548645,0.1579212248325348,0.05360518395900726,-0.2460382729768753,0.795479953289032,-0.22740864753723145,-0.2806336581707001,-0.35014602541923523,0.6200399398803711,0.15209689736366272,0.01769494079053402,-0.20817255973815918,0.773710310459137,-0.19919240474700928,-0.25697049498558044,-0.3066979646682739,0.6151882410049438,0.09322968125343323,0.0026509282179176807,-0.0250305887311697,0.4458453059196472,-0.09330916404724121,-0.010437007993459702,0.02655738778412342,0.5653786659240723,0.0896349847316742,0.06101025268435478,-0.02892482466995716,0.2188083827495575,-0.09759098291397095,0.1774776726961136,-0.03729201480746269,0.3101542592048645,0.10583940893411636,0.32677167654037476,0.19114118814468384,0.0387176088988781,-0.0912211462855339,0.4797120988368988,0.144137904047966,0.1323477029800415,0.10509778559207916,0.3492138087749481,0.20823083817958832,0.020450877025723457,-0.08512061089277267,0.500460147857666,0.15994228422641754,0.07929180562496185,0.12052840739488602,0.37026214599609375,0.05472743138670921,0.04549487680196762,-0.12411942332983017,0.5402085185050964,0.011116274632513523,0.12525010108947754,2,0.066,,,,,,,,,,,,,,,,,,,,,,,,,,,,,,,,,,,,,,,,,,,,,,,,,,,,,,,,,,,,,,,,,,,,,,,,,,,,,,,,,,,,
-0.02307826094329357,-0.6025276780128479,-0.2826313376426697,0.9984021782875061,-0.0029845330864191055,-0.6381451487541199,-0.28130966424942017,0.9975677132606506,-0.003553875256329775,-0.6379216313362122,-0.283314049243927,0.9976144433021545,-0.0029522201512008905,-0.6379991173744202,-0.28124532103538513,0.997440755367279,-0.035348303616046906,-0.6425501108169556,-0.27375245094299316,0.9972262978553772,-0.03330891951918602,-0.6433785557746887,-0.27389800548553467,0.9971866607666016,-0.03403168171644211,-0.6424965858459473,-0.2698444724082947,0.9969040155410767,0.09557066857814789,-0.6220462322235107,-0.21180526912212372,0.9977059960365295,-0.03691153973340988,-0.6385030150413513,-0.15804103016853333,0.9949489831924438,0.008407482877373695,-0.5743836760520935,-0.26110896468162537,0.9973139762878418,-0.02996368706226349,-0.5770838856697083,-0.24495577812194824,0.9973029494285583,0.1898740977048874,-0.41666534543037415,-0.15321141481399536,0.9943243265151978,-0.09766371548175812,-0.4633190333843231,-0.059599000960588455,0.9967901706695557,0.16807487607002258,-0.1533048003911972,-0.1155509501695633,0.9258220791816711,-0.13878591358661652,-0.2521006464958191,-0.10449345409870148,0.5703577399253845,0.16668544709682465,0.02583511918783188,-0.1764582097530365,0.8188399076461792,-0.20009970664978027,-0.322177529335022,-0.3161766529083252,0.6192592978477478,0.1651778519153595,0.07677210867404938,-0.18580329418182373,0.7683489322662354,-0.21585945785045624,-0.3416881561279297,-0.3590427041053772,0.6049767136573792,0.16070561110973358,0.06961928308010101,-0.22494138777256012,0.7981340885162354,-0.22359246015548706,-0.3696120083332062,-0.3594214916229248,0.6457502245903015,0.15585464239120483,0.031989630311727524,-0.19429858028888702,0.7759184837341309,-0.19737258553504944,-0.33049532771110535,-0.32390615344047546,0.636451780796051,0.09492664784193039,0.0025035215076059103,-0.02289525233209133,0.4298661947250366,-0.09452696889638901,-0.010378623381257057,0.024602342396974564,0.5439048409461975,0.10467217862606049,0.04470646753907204,-0.03140024468302727,0.2290591299533844,-0.09609922766685486,0.1444789320230484,-0.03899716958403587,0.3159787356853485,0.1133556216955185,0.31090614199638367,0.19260188937187195,0.041947461664676666,-0.08951883018016815,0.4618726670742035,0.16983260214328766,0.13297753036022186,0.11241874098777771,0.33058974146842957,0.20946963131427765,0.02143222466111183,-0.08111320436000824,0.4789312183856964,0.19134421646595,0.07762303203344345,0.13687391579151154,0.32324010133743286,0.03455422818660736,0.0488867349922657,-0.10602696239948273,0.5122027397155762,0.026144323870539665,0.12593387067317963,3,0.1,,,,,,,,,,,,,,,,,,,,,,,,,,,,,,,,,,,,,,,,,,,,,,,,,,,,,,,,,,,,,,,,,,,,,,,,,,,,,,,,,,,,
-0.015478074550628662,-0.5972381830215454,-0.27987730503082275,0.9984806776046753,0.0036579815205186605,-0.6336353421211243,-0.27959591150283813,0.9976317882537842,0.003001452423632145,-0.6334099769592285,-0.2816046476364136,0.9976516962051392,0.003604867495596409,-0.6334369778633118,-0.27951082587242126,0.9974985718727112,-0.028257157653570175,-0.6378032565116882,-0.2720392346382141,0.997334897518158,-0.026250267401337624,-0.6385533213615417,-0.2721386253833771,0.9973044395446777,-0.026935871690511703,-0.6376448273658752,-0.2680586576461792,0.9970555305480957,0.09818150103092194,-0.619684100151062,-0.20937670767307281,0.9978095889091492,-0.032315995544195175,-0.6347748041152954,-0.1561441421508789,0.9952068328857422,0.01454630121588707,-0.569669246673584,-0.2597660422325134,0.9975256323814392,-0.023460986092686653,-0.5721650123596191,-0.24351127445697784,0.9975103139877319,0.19257545471191406,-0.4164775311946869,-0.1365167200565338,0.9947517514228821,-0.0973464846611023,-0.46162307262420654,-0.05378316715359688,0.9970359802246094,0.16905900835990906,-0.15015403926372528,-0.09720328450202942,0.9280916452407837,-0.15838322043418884,-0.2645556926727295,-0.09898781776428223,0.5996577143669128,0.1635405272245407,0.03803354501724243,-0.16724060475826263,0.8242181539535522,-0.19730061292648315,-0.3743402361869812,-0.3146158754825592,0.6518616080284119,0.16180485486984253,0.09070083498954773,-0.1739809662103653,0.7711496353149414,-0.20053717494010925,-0.4020968973636627,-0.35687729716300964,0.6360135674476624,0.1555524617433548,0.08469662070274353,-0.21050545573234558,0.8001449108123779,-0.20977365970611572,-0.4350699186325073,-0.3514474928379059,0.6728264689445496,0.15218202769756317,0.0447344109416008,-0.18340837955474854,0.7765330672264099,-0.19312693178653717,-0.38632747530937195,-0.31954333186149597,0.6594926714897156,0.09578139334917068,0.0020944939460605383,-0.02144216001033783,0.4126083552837372,-0.09509934484958649,-0.010160377249121666,0.023288177326321602,0.5234420299530029,0.10898236185312271,0.023610813543200493,-0.04168999567627907,0.23740774393081665,-0.09523598849773407,0.11942935734987259,-0.04121885821223259,0.3204519748687744,0.12075427174568176,0.2888978123664856,0.19035404920578003,0.044306203722953796,-0.08845099806785583,0.4496017098426819,0.1651306450366974,0.13277825713157654,0.12080972641706467,0.30671826004981995,0.20735225081443787,0.02218731865286827,-0.08087768405675888,0.46566879749298096,0.1879698485136032,0.07584051042795181,0.1505257934331894,0.28754666447639465,0.012919138185679913,0.051415394991636276,-0.1039004772901535,0.4920644164085388,0.022851504385471344,0.1257234513759613,4,0.133,0.5206575393676758,0.6382330060005188,1.4917652890744648e-07,,0.5433095097541809,0.6074281930923462,-0.01155916415154934,,0.55489581823349,0.5598543286323547,-0.015453832224011421,,0.5467468500137329,0.5195534825325012,-0.019251786172389984,,0.5334485173225403,0.49351054430007935,-0.022343121469020844,,0.5369033813476562,0.5031942129135132,-0.007070939987897873,,0.5331192016601562,0.4491724967956543,-0.016452046111226082,,0.5299731492996216,0.4169827103614807,-0.02238699235022068,,0.5280337333679199,0.389413058757782,-0.02566375397145748,,0.5199486613273621,0.507209062576294,-0.006784414406865835,,0.521364152431488,0.4672691822052002,-0.01860175095498562,,0.5246734619140625,0.45003971457481384,-0.024095600470900536,,0.5279511213302612,0.4359925091266632,-0.025534704327583313,,0.505355954170227,0.5196046829223633,-0.008184215053915977,,0.5137122869491577,0.5108209252357483,-0.023643989115953445,,0.5221866965293884,0.5372908711433411,-0.02545185759663582,,0.5268707275390625,0.5591174960136414,-0.021870478987693787,,0.49344122409820557,0.5364301204681396,-0.010585961863398552,,0.5038649439811707,0.5295088291168213,-0.021155882626771927,,0.511203944683075,0.5490208268165588,-0.020692581310868263,,0.5145499110221863,0.566353976726532,-0.017156273126602173,
-0.010923721827566624,-0.5952025651931763,-0.2594546973705292,0.9985537528991699,0.007303877733647823,-0.6320834755897522,-0.2597838044166565,0.997696042060852,0.006615421734750271,-0.631864607334137,-0.2617858052253723,0.9976913332939148,0.007203123066574335,-0.6318817138671875,-0.25964632630348206,0.9975574612617493,-0.024220727384090424,-0.6359567642211914,-0.2531501054763794,0.9974321722984314,-0.02222025953233242,-0.6366814970970154,-0.2532513737678528,0.9974064230918884,-0.022875556722283363,-0.6357704997062683,-0.249152272939682,0.9971886873245239,0.09857162088155746,-0.6195438504219055,-0.1898476779460907,0.997900664806366,-0.030370071530342102,-0.633760392665863,-0.1409013569355011,0.9954320192337036,0.01791366934776306,-0.5682529807090759,-0.24065712094306946,0.9977016448974609,-0.01960238814353943,-0.5704150199890137,-0.22557833790779114,0.9976802468299866,0.19227392971515656,-0.4179713726043701,-0.1156763955950737,0.9950944185256958,-0.09734177589416504,-0.46094515919685364,-0.03590916097164154,0.9972183704376221,0.1683669239282608,-0.15137778222560883,-0.08277769386768341,0.929918646812439,-0.17065784335136414,-0.27650582790374756,-0.0923655554652214,0.6254304051399231,0.16221970319747925,0.03551732748746872,-0.15313149988651276,0.8295526504516602,-0.19047391414642334,-0.4044060707092285,-0.30513039231300354,0.681420624256134,0.15499040484428406,0.08794061839580536,-0.15791840851306915,0.7740268111228943,-0.18379467725753784,-0.43716496229171753,-0.34713104367256165,0.664036750793457,0.15481986105442047,0.08118907362222672,-0.1905912458896637,0.8017796874046326,-0.1922292709350586,-0.47507673501968384,-0.33798131346702576,0.6970893740653992,0.15089552104473114,0.04206552729010582,-0.16760559380054474,0.776860237121582,-0.18424676358699799,-0.419617623090744,-0.30821308493614197,0.6799576282501221,0.0960179790854454,0.0009287160937674344,-0.020384391769766808,0.39663541316986084,-0.09527121484279633,-0.009415833279490471,0.022311879321932793,0.5036363005638123,0.11206745356321335,0.01906568929553032,-0.04729308933019638,0.24873752892017365,-0.09379848837852478,0.11591625213623047,-0.050337888300418854,0.3274467885494232,0.12605001032352448,0.28666946291923523,0.1717091202735901,0.04811903089284897,-0.08689174056053162,0.44649985432624817,0.1590932011604309,0.13432753086090088,0.12675203382968903,0.30439600348472595,0.18667221069335938,0.023112574592232704,-0.07782509177923203,0.4627051055431366,0.18110793828964233,0.07456818222999573,0.16028714179992676,0.2879617512226105,-0.016352085396647453,0.05579204112291336,-0.10109589248895645,0.4909351170063019,0.0029836385510861874,0.1278485804796219,5,0.166,0.5294466614723206,0.5690580606460571,2.3511375957241398e-07,,0.5498481392860413,0.5440492630004883,-0.012125492095947266,,0.5592361092567444,0.49954646825790405,-0.016376495361328125,,0.5496512651443481,0.46704643964767456,-0.020571857690811157,,0.5399165153503418,0.4426518678665161,-0.02420688234269619,,0.5449873805046082,0.45124050974845886,-0.009466591291129589,,0.5426725745201111,0.4016406238079071,-0.020057164132595062,,0.5390950441360474,0.3675563633441925,-0.02618231810629368,,0.5367749929428101,0.3381536900997162,-0.02903382107615471,,0.5289198160171509,0.4573771357536316,-0.009553231298923492,,0.5308514833450317,0.4179783761501312,-0.023245997726917267,,0.5331715941429138,0.3897900879383087,-0.029438458383083344,,0.5367130041122437,0.3659422993659973,-0.030742796137928963,,0.5142146348953247,0.47090062499046326,-0.011179287917912006,,0.5181143879890442,0.46255117654800415,-0.03029857575893402,,0.5259181261062622,0.4970538318157196,-0.03130752220749855,,0.5323359370231628,0.5241825580596924,-0.025444215163588524,,0.5007202625274658,0.49040621519088745,-0.013525333255529404,,0.5068069696426392,0.47925856709480286,-0.02660788781940937,,0.5147536993026733,0.5050870180130005,-0.024267204105854034,,0.5200656652450562,0.5272543430328369,-0.018285758793354034,
-0.00769093306735158,-0.595016360282898,-0.25069689750671387,0.9986380338668823,0.009904278442263603,-0.6319499015808105,-0.25046953558921814,0.9977970719337463,0.00919498410075903,-0.6317288875579834,-0.2525264024734497,0.997776210308075,0.009781633503735065,-0.6317449808120728,-0.2503474950790405,0.9976600408554077,-0.021585648879408836,-0.6356924176216125,-0.24442796409130096,0.9975598454475403,-0.01959826983511448,-0.6364090442657471,-0.24450285732746124,0.9975354671478271,-0.020238380879163742,-0.6354972124099731,-0.24038931727409363,0.9973435401916504,0.09874211996793747,-0.6195526123046875,-0.17915105819702148,0.9980154633522034,-0.02984306588768959,-0.6332371234893799,-0.13300420343875885,0.9956923723220825,0.02037152461707592,-0.5681028366088867,-0.23191982507705688,0.9978766441345215,-0.01714193820953369,-0.5701098442077637,-0.2175983339548111,0.9978493452072144,0.19199803471565247,-0.41902387142181396,-0.10501017421483994,0.9954127073287964,-0.09755639731884003,-0.4604884386062622,-0.02968629263341427,0.9973834156990051,0.167050302028656,-0.15270763635635376,-0.07152892649173737,0.9307714700698853,-0.17888306081295013,-0.2829781472682953,-0.08959786593914032,0.650675356388092,0.1591922640800476,0.03425491973757744,-0.14249922335147858,0.8339759111404419,-0.1838386356830597,-0.4138373136520386,-0.30367544293403625,0.7088434100151062,0.14590859413146973,0.08699493110179901,-0.14721982181072235,0.7767037749290466,-0.17300613224506378,-0.44794386625289917,-0.3459094166755676,0.6903460621833801,0.15085209906101227,0.07900869101285934,-0.1781325489282608,0.8032580018043518,-0.17939399182796478,-0.48733821511268616,-0.3333209753036499,0.7199733257293701,0.1481998860836029,0.04079386964440346,-0.15629597008228302,0.7773410677909851,-0.17607273161411285,-0.42970746755599976,-0.305378794670105,0.6999528408050537,0.09642941504716873,6.907412898726761e-05,-0.018887195736169815,0.3785927891731262,-0.09551407396793365,-0.008882079273462296,0.020942579954862595,0.4821496307849884,0.11755706369876862,0.0015057774726301432,-0.05303577333688736,0.25971171259880066,-0.0934160128235817,0.09464322775602341,-0.06351703405380249,0.334608256816864,0.12903758883476257,0.2741386592388153,0.16822320222854614,0.05171756073832512,-0.0863695815205574,0.43735966086387634,0.15628372132778168,0.1360922008752823,0.12981930375099182,0.29148629307746887,0.1836312860250473,0.024091191589832306,-0.07598155736923218,0.4529382884502411,0.17685067653656006,0.07351905852556229,0.16668826341629028,0.2699318826198578,-0.02376740239560604,0.059655603021383286,-0.09786078333854675,0.47981637716293335,-0.012692010030150414,0.12969452142715454,6,0.2,0.5335531830787659,0.5404270887374878,2.490003510047245e-07,,0.5552332997322083,0.5097402334213257,-0.01005272101610899,,0.565394401550293,0.4666304290294647,-0.013705487363040447,,0.5559563636779785,0.4342116117477417,-0.017891401425004005,,0.5466141104698181,0.41051971912384033,-0.021727800369262695,,0.5503943562507629,0.4182894229888916,-0.005542132072150707,,0.5489448308944702,0.36997076869010925,-0.014100933447480202,,0.5457038283348083,0.33512741327285767,-0.01958082988858223,,0.5432395935058594,0.30495089292526245,-0.0221562422811985,,0.5345085263252258,0.4240366220474243,-0.006184522062540054,,0.5353184938430786,0.3851141333580017,-0.018005989491939545,,0.5376225709915161,0.3577822148799896,-0.023966969922184944,,0.5407424569129944,0.33657896518707275,-0.025364497676491737,,0.5200819373130798,0.4360695481300354,-0.008204804733395576,,0.5249895453453064,0.4236961603164673,-0.025080056861042976,,0.5329530835151672,0.4554499089717865,-0.026001116260886192,,0.5386955738067627,0.48345747590065,-0.020554155111312866,,0.5065255761146545,0.4535321891307831,-0.010903986170887947,,0.513335108757019,0.43339651823043823,-0.022049173712730408,,0.5214251279830933,0.45418745279312134,-0.019117478281259537,,0.5259218811988831,0.47554707527160645,-0.013058675453066826,
-0.003155938582494855,-0.5941100716590881,-0.2487316131591797,0.9986956715583801,0.01445099525153637,-0.6311455965042114,-0.24851089715957642,0.9978552460670471,0.01372078713029623,-0.6309234499931335,-0.25060567259788513,0.9978188872337341,0.014312365092337132,-0.6309346556663513,-0.24842219054698944,0.9977200627326965,-0.01699831709265709,-0.6349115371704102,-0.24213114380836487,0.9976292848587036,-0.01503088790923357,-0.6356239318847656,-0.2421938180923462,0.9976025819778442,-0.01566125825047493,-0.6347125172615051,-0.23807428777217865,0.997433602809906,0.10217136889696121,-0.6191174387931824,-0.17741915583610535,0.9980908632278442,-0.025675062090158463,-0.6327623724937439,-0.12998788058757782,0.9958456158638,0.02487461268901825,-0.5672324895858765,-0.2301604300737381,0.9980188608169556,-0.012577468529343605,-0.5693290829658508,-0.21543778479099274,0.9979788064956665,0.1928519457578659,-0.4188673794269562,-0.1056888997554779,0.9956754446029663,-0.0964834913611412,-0.460562527179718,-0.027438083663582802,0.9975173473358154,0.1666337102651596,-0.1522897481918335,-0.07591281831264496,0.9312808513641357,-0.18377657234668732,-0.2919551134109497,-0.08766520768404007,0.6729516386985779,0.15815870463848114,0.035631321370601654,-0.14894206821918488,0.8376304507255554,-0.17826256155967712,-0.41824352741241455,-0.3035374581813812,0.7332605719566345,0.1442708969116211,0.08831185102462769,-0.15600834786891937,0.7791404724121094,-0.16514207422733307,-0.4499247372150421,-0.34653791785240173,0.71363765001297,0.1493307203054428,0.08151839673519135,-0.1870184689760208,0.8046059608459473,-0.1675087958574295,-0.4893493950366974,-0.3324158191680908,0.7401984930038452,0.146851047873497,0.04240662232041359,-0.16296760737895966,0.7780145406723022,-0.16855983436107635,-0.43351367115974426,-0.30487099289894104,0.7176814675331116,0.09663426876068115,-0.00015739718219265342,-0.018318669870495796,0.3637616038322449,-0.09559909999370575,-0.008724658749997616,0.02042318508028984,0.4643949866294861,0.11870567500591278,0.005854425020515919,-0.05904940888285637,0.266535222530365,-0.09336866438388824,0.08655193448066711,-0.0726998969912529,0.33795687556266785,0.13035520911216736,0.2787471413612366,0.1618439257144928,0.05443323031067848,-0.08376316726207733,0.4365745484828949,0.15288707613945007,0.13608002662658691,0.1312238723039627,0.29651376605033875,0.17723551392555237,0.024997808039188385,-0.07215917855501175,0.45235583186149597,0.1755451261997223,0.072543203830719,0.16639947891235352,0.2739167809486389,-0.03164803609251976,0.0623612180352211,-0.09285004436969757,0.4763404428958893,-0.019822457805275917,0.12979888916015625,7,0.233,0.5373660922050476,0.5180943012237549,2.388919710938353e-07,,0.5588394403457642,0.4873999059200287,-0.01038623321801424,,0.5677741169929504,0.44358691573143005,-0.013744795694947243,,0.5594735741615295,0.40814208984375,-0.017618345096707344,,0.5503183603286743,0.3808913826942444,-0.020968804135918617,,0.5540120005607605,0.3976585865020752,-0.0033633823040872812,,0.5528820753097534,0.35153090953826904,-0.011735223233699799,,0.5501911640167236,0.31904906034469604,-0.01714497245848179,,0.5486340522766113,0.2902753949165344,-0.01983663998544216,,0.5394279360771179,0.40099039673805237,-0.003736939048394561,,0.541511058807373,0.35864773392677307,-0.014869981445372105,,0.5437462329864502,0.32912445068359375,-0.020534468814730644,,0.5469730496406555,0.3047977685928345,-0.022251807153224945,,0.5249313116073608,0.41112685203552246,-0.005792948883026838,,0.5288404822349548,0.3895120322704315,-0.023375993594527245,,0.5357030630111694,0.4240144193172455,-0.024254027754068375,,0.5408959984779358,0.4542931020259857,-0.01878371089696884,,0.5107641816139221,0.427021861076355,-0.008509364910423756,,0.516495943069458,0.40281224250793457,-0.021395865827798843,,0.5248256921768188,0.4272040128707886,-0.019239110872149467,,0.5297613739967346,0.45235583186149597,-0.013632014393806458,
-0.002817731350660324,-0.5942443013191223,-0.2431430220603943,0.9987635612487793,0.01496302429586649,-0.6312767863273621,-0.24257764220237732,0.9979372024536133,0.014247393235564232,-0.6310560703277588,-0.24462342262268066,0.9978880286216736,0.014829886145889759,-0.6310638785362244,-0.2424648553133011,0.9978020191192627,-0.016565509140491486,-0.634968101978302,-0.23669110238552094,0.9977284669876099,-0.014587312936782837,-0.6356843709945679,-0.23680053651332855,0.9977017641067505,-0.01521991565823555,-0.6347739696502686,-0.23269249498844147,0.997553288936615,0.10225663334131241,-0.6195663809776306,-0.1706092357635498,0.9981756210327148,-0.025746433064341545,-0.632832944393158,-0.1250770390033722,0.9960493445396423,0.0250470582395792,-0.5672991275787354,-0.22430141270160675,0.998153030872345,-0.012513270601630211,-0.569442868232727,-0.21021772921085358,0.9981081485748291,0.1926497220993042,-0.42010626196861267,-0.09956007450819016,0.9959307909011841,-0.09685219824314117,-0.4606223702430725,-0.0234378594905138,0.997646689414978,0.16634412109851837,-0.1528233289718628,-0.07360049337148666,0.932273268699646,-0.18544556200504303,-0.2937849760055542,-0.0863058790564537,0.6934011578559875,0.1574733555316925,0.03470267355442047,-0.14882348477840424,0.8415928483009338,-0.1751824915409088,-0.41746747493743896,-0.2998477518558502,0.7550689578056335,0.14313551783561707,0.08707425743341446,-0.1567915678024292,0.781575083732605,-0.16161450743675232,-0.45039722323417664,-0.34293898940086365,0.7341637015342712,0.1488099843263626,0.08015672862529755,-0.18686193227767944,0.8060004115104675,-0.16427569091320038,-0.49034881591796875,-0.3291323781013489,0.7579352855682373,0.145987406373024,0.04137737303972244,-0.16277137398719788,0.7787172794342041,-0.1653321087360382,-0.4334414303302765,-0.3012053370475769,0.7328892350196838,0.09671089053153992,-0.0008213273831643164,-0.017654530704021454,0.3558976948261261,-0.09567095339298248,-0.008234052918851376,0.01975780725479126,0.45403268933296204,0.1196388304233551,0.011950038373470306,-0.05814078077673912,0.2712687849998474,-0.0923190787434578,0.09021735191345215,-0.0724760890007019,0.33976665139198303,0.1347281038761139,0.28207236528396606,0.1627153605222702,0.056516073644161224,-0.0802319198846817,0.43872183561325073,0.15001796185970306,0.13557292520999908,0.1359873265028,0.2999083399772644,0.1780344545841217,0.025578970089554787,-0.06840295344591141,0.45509517192840576,0.17241261899471283,0.07137367874383926,0.17215272784233093,0.2815553545951843,-0.024498917162418365,0.06498641520738602,-0.09097839891910553,0.47907042503356934,-0.019106728956103325,0.1303456723690033,8,0.266,0.5400176048278809,0.5131629109382629,1.9598265055265074e-07,,0.5613689422607422,0.48198777437210083,-0.01236215140670538,,0.5677394270896912,0.43753254413604736,-0.015474350191652775,,0.5598167181015015,0.4019435942173004,-0.01879984885454178,,0.5540157556533813,0.3716994822025299,-0.021217146888375282,,0.5542648434638977,0.3920299708843231,-0.0016317041590809822,,0.5531764030456543,0.3418984115123749,-0.008667205460369587,,0.551055908203125,0.3093832731246948,-0.01376622635871172,,0.5494968295097351,0.2793305516242981,-0.016898617148399353,,0.5407208800315857,0.3944062888622284,-0.0007902218494564295,,0.5398848056793213,0.3599233627319336,-0.011557360179722309,,0.5429603457450867,0.3369414210319519,-0.017820164561271667,,0.5465372204780579,0.3163474500179291,-0.020407918840646744,,0.5269600749015808,0.4025677740573883,-0.0021941903978586197,,0.5286794304847717,0.3784148395061493,-0.01906738057732582,,0.5356017351150513,0.40987491607666016,-0.02156946063041687,,0.5402168035507202,0.43800702691078186,-0.017894720658659935,,0.5131915807723999,0.414108008146286,-0.004596502520143986,,0.5147832632064819,0.38493612408638,-0.01781536266207695,,0.5217288732528687,0.405450701713562,-0.018133103847503662,,0.5266883373260498,0.42977750301361084,-0.014754236675798893,
-0.0015999788884073496,-0.5934372544288635,-0.24594832956790924,0.9988296031951904,0.015902990475296974,-0.6306925415992737,-0.24504660069942474,0.9980237483978271,0.015190206468105316,-0.6304676532745361,-0.2470914125442505,0.9979636073112488,0.01576993241906166,-0.6304715871810913,-0.24492664635181427,0.9978888630867004,-0.015922458842396736,-0.6343369483947754,-0.23941408097743988,0.9978326559066772,-0.013939318247139454,-0.6350433826446533,-0.23953039944171906,0.9978060722351074,-0.014568723738193512,-0.6341322064399719,-0.23542772233486176,0.9976744055747986,0.10241571068763733,-0.6195130944252014,-0.17117735743522644,0.9982604384422302,-0.026024462655186653,-0.632617175579071,-0.12697677314281464,0.996254026889801,0.02605290152132511,-0.5667022466659546,-0.22639793157577515,0.9982829093933105,-0.011922220699489117,-0.5687751770019531,-0.2126893848180771,0.9982338547706604,0.19246727228164673,-0.42042696475982666,-0.09762819856405258,0.9961601495742798,-0.09751850366592407,-0.46068257093429565,-0.026004841551184654,0.9977627396583557,0.16617465019226074,-0.15284143388271332,-0.06964075565338135,0.9326400756835938,-0.18516042828559875,-0.2945086658000946,-0.09238522499799728,0.7136980295181274,0.1563642919063568,0.03731921687722206,-0.1468925029039383,0.8446722030639648,-0.16894163191318512,-0.4166008234024048,-0.30849674344062805,0.7751446962356567,0.14301413297653198,0.09040897339582443,-0.15431644022464752,0.7828152179718018,-0.15424521267414093,-0.44875407218933105,-0.35185617208480835,0.7529851794242859,0.14717315137386322,0.0844702497124672,-0.1845434308052063,0.8063662648200989,-0.15681083500385284,-0.488281786441803,-0.335737407207489,0.7742001414299011,0.14490188658237457,0.044307779520750046,-0.16081149876117706,0.778768002986908,-0.1588078886270523,-0.4322560429573059,-0.3088563084602356,0.7470816969871521,0.097040556371212,-0.001121433568187058,-0.015737256035208702,0.34525352716445923,-0.09592082351446152,-0.007982994429767132,0.017849985510110855,0.44043081998825073,0.12231159210205078,0.008770633488893509,-0.058020543307065964,0.2738597095012665,-0.09211932867765427,0.08763060718774796,-0.07859992235898972,0.3400072455406189,0.13508425652980804,0.28221654891967773,0.16171002388000488,0.05823848769068718,-0.07909785956144333,0.43559035658836365,0.14387653768062592,0.13436704874038696,0.13630850613117218,0.29998117685317993,0.17694920301437378,0.026144204661250114,-0.06689079105854034,0.45178669691085815,0.16661371290683746,0.06978030502796173,0.1753036379814148,0.28045928478240967,-0.02808213420212269,0.06674990803003311,-0.08601931482553482,0.4772978723049164,-0.02783198095858097,0.12938210368156433,9,0.3,0.5426521301269531,0.5216863751411438,1.9306459364543116e-07,,0.5631329417228699,0.49108701944351196,-0.01074837613850832,,0.5701422691345215,0.44243350625038147,-0.012323347851634026,,0.5665968060493469,0.4033794701099396,-0.014034217223525047,,0.5653855204582214,0.3702824115753174,-0.01493512000888586,,0.5557751059532166,0.3972380459308624,0.00020843706442974508,,0.5546090006828308,0.3497677147388458,-0.004753153305500746,,0.552946925163269,0.3194918930530548,-0.00853810552507639,,0.55056232213974,0.29311129450798035,-0.01056990958750248,,0.541752815246582,0.3987269401550293,0.0012145082000643015,,0.542884111404419,0.35179558396339417,-0.006515137851238251,,0.54685378074646,0.3214809000492096,-0.012201987206935883,,0.5492291450500488,0.2956114113330841,-0.01460107322782278,,0.5276148915290833,0.40793901681900024,0.0002459348179399967,,0.5254588723182678,0.3737972676753998,-0.012670431286096573,,0.530311644077301,0.3987653851509094,-0.015548898838460445,,0.5334922671318054,0.4199789762496948,-0.01296701654791832,,0.5140537023544312,0.4213327467441559,-0.0015694363974034786,,0.5094442367553711,0.388282835483551,-0.009985114447772503,,0.508672833442688,0.37629663944244385,-0.011247998103499413,,0.5077048540115356,0.3658851683139801,-0.010054233483970165,
0.00019135688489768654,-0.5921038389205933,-0.24860216677188873,0.998889684677124,0.017201866954565048,-0.6296241283416748,-0.24800458550453186,0.9981009364128113,0.016495047137141228,-0.6293949484825134,-0.2500494420528412,0.9980307817459106,0.01707681268453598,-0.6293901801109314,-0.24790528416633606,0.9979626536369324,-0.014926351606845856,-0.633028507232666,-0.24122582376003265,0.9979342222213745,-0.012935911305248737,-0.6337181925773621,-0.24131593108177185,0.9979109764099121,-0.013565996661782265,-0.6328052282333374,-0.23723340034484863,0.9977958798408508,0.10258477926254272,-0.6194154024124146,-0.17459367215633392,0.9983334541320801,-0.02614659257233143,-0.6317183971405029,-0.12881432473659515,0.9964680075645447,0.027474643662571907,-0.5658208727836609,-0.22941069304943085,0.9984008073806763,-0.010948436334729195,-0.5675942897796631,-0.2144337296485901,0.9983540773391724,0.19244153797626495,-0.42065295577049255,-0.10009530931711197,0.9963604807853699,-0.09840738773345947,-0.46052923798561096,-0.031248655170202255,0.9978885650634766,0.16593827307224274,-0.1528928130865097,-0.06940855085849762,0.9322605133056641,-0.1850653439760208,-0.2926620543003082,-0.10618975013494492,0.733549177646637,0.1557030826807022,0.036830052733421326,-0.14461754262447357,0.8461164832115173,-0.16478446125984192,-0.4112185835838318,-0.3217933475971222,0.7936496138572693,0.14254815876483917,0.08861888945102692,-0.151727557182312,0.7817465662956238,-0.15009266138076782,-0.44462963938713074,-0.3658030927181244,0.7704671621322632,0.14619231224060059,0.08227711915969849,-0.1821923404932022,0.8046305775642395,-0.15217146277427673,-0.48463714122772217,-0.34861868619918823,0.7893435955047607,0.14416037499904633,0.04327499121427536,-0.15866389870643616,0.7766835689544678,-0.15457656979560852,-0.4271928668022156,-0.3216688334941864,0.7606029510498047,0.09762093424797058,-0.0012970546958968043,-0.013575318269431591,0.33448249101638794,-0.09646900743246078,-0.007843264378607273,0.0156682338565588,0.4281505048274994,0.12315941601991653,0.006011220160871744,-0.05743934586644173,0.2755931317806244,-0.09221363812685013,0.08952173590660095,-0.08158843219280243,0.34026890993118286,0.1350654512643814,0.28147104382514954,0.1621706634759903,0.059504639357328415,-0.07896247506141663,0.4345279335975647,0.14053909480571747,0.13297469913959503,0.13631872832775116,0.2992168068885803,0.17750471830368042,0.026636214926838875,-0.06675837188959122,0.4507494270801544,0.16315120458602905,0.06813181191682816,0.17687712609767914,0.2797868251800537,-0.0271319467574358,0.06819860637187958,-0.0841095969080925,0.47827932238578796,-0.03208081051707268,0.12839433550834656,10,0.333,0.545229971408844,0.5376835465431213,-7.943050661651796e-08,,0.5665034651756287,0.5057960748672485,-0.0065490989945828915,,0.573083221912384,0.4511042535305023,-0.007265874184668064,,0.5729953646659851,0.40989449620246887,-0.009111483581364155,,0.5776593685150146,0.3818569779396057,-0.011036141775548458,,0.5533422827720642,0.40679261088371277,0.0010036634048447013,,0.5510958433151245,0.36368709802627563,-0.004539092071354389,,0.5505964756011963,0.33719557523727417,-0.007534325588494539,,0.5498256683349609,0.3147675395011902,-0.009106452576816082,,0.5370839834213257,0.41233018040657043,-0.0002172715903725475,,0.5387707352638245,0.38623395562171936,-0.016475055366754532,,0.5441023707389832,0.42304766178131104,-0.02314254827797413,,0.5457556247711182,0.45630189776420593,-0.022339874878525734,,0.5223508477210999,0.42315739393234253,-0.0024644702207297087,,0.5204039812088013,0.39641648530960083,-0.01770712062716484,,0.5272743701934814,0.42798876762390137,-0.019311098381876945,,0.5317832827568054,0.4559958875179291,-0.01503144670277834,,0.5084247589111328,0.4392893612384796,-0.0050902459770441055,,0.4984581172466278,0.4054628014564514,-0.013076670467853546,,0.49592792987823486,0.38447386026382446,-0.014331691898405552,,0.49437087774276733,0.3646341562271118,-0.012935237027704716,
0.00186958780977875,-0.5917166471481323,-0.24982790648937225,0.9989327788352966,0.018666192889213562,-0.6293357610702515,-0.24895721673965454,0.9981516599655151,0.0179694015532732,-0.6291053891181946,-0.2509910464286804,0.9980710744857788,0.018553348258137703,-0.629102885723114,-0.24883870780467987,0.9980098605155945,-0.013527840375900269,-0.6326313018798828,-0.24284371733665466,0.9980063438415527,-0.011526597663760185,-0.6333180069923401,-0.2429533749818802,0.9979863166809082,-0.012160028330981731,-0.6324070692062378,-0.2388729304075241,0.9978863596916199,0.10319159924983978,-0.6194267868995667,-0.17447152733802795,0.9983884692192078,-0.026140740141272545,-0.6313865184783936,-0.13014797866344452,0.9966328740119934,0.02898670919239521,-0.565596342086792,-0.2301265448331833,0.9984951019287109,-0.00952147226780653,-0.567207932472229,-0.21595580875873566,0.9984484314918518,0.1928044557571411,-0.42131394147872925,-0.09781523048877716,0.9965060353279114,-0.09835321456193924,-0.46016931533813477,-0.03203875944018364,0.9979726672172546,0.1666298359632492,-0.15422560274600983,-0.06611902266740799,0.9309028387069702,-0.18328484892845154,-0.29202479124069214,-0.1052953451871872,0.7481498122215271,0.15568479895591736,0.029795778915286064,-0.1406928300857544,0.8454334735870361,-0.1631801575422287,-0.40238672494888306,-0.3186427056789398,0.8087577223777771,0.14309406280517578,0.07897340506315231,-0.1481761932373047,0.778956413269043,-0.15127110481262207,-0.434402197599411,-0.3623954653739929,0.7843581438064575,0.1460094302892685,0.07172556966543198,-0.17868869006633759,0.8015226125717163,-0.15431687235832214,-0.47297269105911255,-0.34742045402526855,0.8012329339981079,0.1443483978509903,0.035316936671733856,-0.15507455170154572,0.772998571395874,-0.15390300750732422,-0.41746222972869873,-0.31953948736190796,0.7703043818473816,0.09777931123971939,-0.0015367778250947595,-0.012402168475091457,0.3238920569419861,-0.09663588553667068,-0.007681752555072308,0.014497362077236176,0.4147731363773346,0.12507833540439606,0.005325568374246359,-0.05668867006897926,0.2772524058818817,-0.09078419208526611,0.0920133888721466,-0.0810711458325386,0.3408750295639038,0.1374354213476181,0.2816792130470276,0.1630692332983017,0.06071872636675835,-0.07672283053398132,0.4353178143501282,0.13960881531238556,0.13239619135856628,0.13879792392253876,0.2994769513607025,0.1785610318183899,0.027032949030399323,-0.06457220762968063,0.4516225755214691,0.16193372011184692,0.06695433706045151,0.18194618821144104,0.2812778353691101,-0.024019427597522736,0.0697612538933754,-0.08136802911758423,0.47970885038375854,-0.03207714483141899,0.12836718559265137,11,0.367,0.5445544719696045,0.5585418939590454,-2.6603058245200373e-07,,0.566322922706604,0.5229322910308838,-0.007779782637953758,,0.5755570530891418,0.4714563190937042,-0.01121424324810505,,0.5800992250442505,0.43053871393203735,-0.01584848202764988,,0.5880049467086792,0.4027513265609741,-0.01887774094939232,,0.5535539984703064,0.4336840510368347,-0.0024951358791440725,,0.5502015352249146,0.4040243327617645,-0.015738340094685555,,0.5505778789520264,0.43650567531585693,-0.02362312562763691,,0.5513165593147278,0.4676986634731293,-0.026039589196443558,,0.5352785587310791,0.4397989511489868,-0.0029895526822656393,,0.5340403914451599,0.4198346734046936,-0.02019846811890602,,0.5378541946411133,0.4629223346710205,-0.026691624894738197,,0.5408875346183777,0.4970763623714447,-0.026717903092503548,,0.5186271667480469,0.4491528272628784,-0.005559602286666632,,0.513001561164856,0.41613709926605225,-0.019423583522439003,,0.5175376534461975,0.44661006331443787,-0.020675772801041603,,0.5224395990371704,0.4755532145500183,-0.017202002927660942,,0.5043549537658691,0.4630955457687378,-0.008896639570593834,,0.4934785068035126,0.42990782856941223,-0.015814391896128654,,0.48653265833854675,0.4086243510246277,-0.017677653580904007,,0.48117363452911377,0.38806790113449097,-0.017070911824703217,
0.0021458978299051523,-0.5915736556053162,-0.25080081820487976,0.9989785552024841,0.019429506734013557,-0.6291195750236511,-0.24969512224197388,0.9982017874717712,0.01873665675520897,-0.6288874745368958,-0.2517077922821045,0.9981134533882141,0.019317597150802612,-0.6288825869560242,-0.24954122304916382,0.9980595111846924,-0.01294704433530569,-0.632487416267395,-0.24409550428390503,0.9980817437171936,-0.010945985093712807,-0.6331728100776672,-0.24421612918376923,0.9980677366256714,-0.011584127321839333,-0.6322614550590515,-0.24012984335422516,0.9979817867279053,0.10440992563962936,-0.6191846132278442,-0.17539413273334503,0.998444139957428,-0.025899149477481842,-0.6312744617462158,-0.13150997459888458,0.9967938661575317,0.02938009425997734,-0.5653805732727051,-0.2306055873632431,0.9985899925231934,-0.009284406900405884,-0.5670718550682068,-0.21703854203224182,0.9985445737838745,0.1937478929758072,-0.42120131850242615,-0.10099001973867416,0.9966734051704407,-0.09816309064626694,-0.4601065218448639,-0.03297393023967743,0.9980785846710205,0.16797225177288055,-0.15414106845855713,-0.06737298518419266,0.9316645264625549,-0.1821264922618866,-0.29024383425712585,-0.10486020892858505,0.7617772817611694,0.1572464108467102,0.027915116399526596,-0.1396135836839676,0.8472100496292114,-0.1635870486497879,-0.3943062722682953,-0.3213525116443634,0.8226374983787537,0.145096555352211,0.07630356401205063,-0.14665153622627258,0.778980016708374,-0.1536034643650055,-0.42375117540359497,-0.3651898205280304,0.7972788214683533,0.14760002493858337,0.06849170476198196,-0.17873547971248627,0.8013773560523987,-0.15656477212905884,-0.46066153049468994,-0.35193052887916565,0.8124630451202393,0.14607907831668854,0.03295982629060745,-0.15441593527793884,0.7724409699440002,-0.1545650064945221,-0.4083379805088043,-0.32309070229530334,0.7799227833747864,0.0980699360370636,-0.001561083598062396,-0.012251602485775948,0.31451416015625,-0.09691444784402847,-0.007658833172172308,0.014331847429275513,0.4032973051071167,0.12393927574157715,0.006274447776377201,-0.056575510650873184,0.27983593940734863,-0.09085331857204437,0.09351159632205963,-0.08090268820524216,0.34103432297706604,0.1366710513830185,0.2824566066265106,0.16333600878715515,0.0619201734662056,-0.07664804905653,0.43561017513275146,0.13894394040107727,0.13186325132846832,0.13793055713176727,0.30028754472732544,0.17892925441265106,0.02729823812842369,-0.06459090858697891,0.4519811272621155,0.16122505068778992,0.06577133387327194,0.1786140501499176,0.2826741337776184,-0.024632737040519714,0.07099629938602448,-0.08250530064105988,0.4803650379180908,-0.030750634148716927,0.12787066400051117,12,0.4,0.5447999238967896,0.5741131901741028,-2.217810646243379e-07,,0.564984142780304,0.5444850921630859,-0.010750331915915012,,0.5753292441368103,0.49248582124710083,-0.014972850680351257,,0.5819312334060669,0.4503484070301056,-0.019463613629341125,,0.5911463499069214,0.42060643434524536,-0.022138524800539017,,0.5517004728317261,0.45673877000808716,-0.004440201446413994,,0.5481692552566528,0.43221741914749146,-0.017241118475794792,,0.5486307740211487,0.4629407823085785,-0.024555211886763573,,0.550052285194397,0.4927520751953125,-0.026532895863056183,,0.5335277318954468,0.4615466594696045,-0.003220894141122699,,0.5318616628646851,0.4441814124584198,-0.01975051686167717,,0.5356405973434448,0.486031711101532,-0.02553703263401985,,0.5392022132873535,0.5181868076324463,-0.025006208568811417,,0.517006516456604,0.46957510709762573,-0.0043530892580747604,,0.5108795762062073,0.43930158019065857,-0.018111390992999077,,0.5150149464607239,0.46822690963745117,-0.01940797083079815,,0.519804060459137,0.49534663558006287,-0.01571311242878437,,0.5032550096511841,0.4815242886543274,-0.006484032142907381,,0.49218687415122986,0.44681093096733093,-0.013756259344518185,,0.4839138388633728,0.42633122205734253,-0.01601475477218628,,0.4770614802837372,0.40711191296577454,-0.015436157584190369,
0.0017003222601488233,-0.5913060307502747,-0.2615782916545868,0.999042272567749,0.019197378307580948,-0.6287583708763123,-0.25992706418037415,0.9982879161834717,0.018509775400161743,-0.6285210847854614,-0.2618556320667267,0.9981973171234131,0.01908925175666809,-0.6285056471824646,-0.25971218943595886,0.9981458783149719,-0.0132384542375803,-0.6322213411331177,-0.2544848620891571,0.9981929063796997,-0.011236855760216713,-0.632899820804596,-0.254615843296051,0.9981849789619446,-0.011877131648361683,-0.6319836974143982,-0.2505650222301483,0.9981100559234619,0.10483168065547943,-0.6184895038604736,-0.18241681158542633,0.9985195994377136,-0.02606375329196453,-0.6308372020721436,-0.1385135054588318,0.9970030188560486,0.029095057398080826,-0.5649318099021912,-0.2404312789440155,0.9986935257911682,-0.00956847332417965,-0.5667169094085693,-0.2268328219652176,0.998652994632721,0.19410455226898193,-0.4205268323421478,-0.10169379413127899,0.9968647360801697,-0.09861926734447479,-0.4590834379196167,-0.0393030121922493,0.9982057809829712,0.16856952011585236,-0.15379925072193146,-0.07025836408138275,0.9326816201210022,-0.181549072265625,-0.2835187613964081,-0.10948508232831955,0.7755886316299438,0.15694384276866913,0.025530878454446793,-0.14084123075008392,0.8462375998497009,-0.16705721616744995,-0.3880835473537445,-0.33022400736808777,0.8345657587051392,0.14503008127212524,0.07281386107206345,-0.14922015368938446,0.7750488519668579,-0.1560363918542862,-0.4151863753795624,-0.3729405999183655,0.8077810406684875,0.14708766341209412,0.06463203579187393,-0.18035413324832916,0.798150360584259,-0.16118906438350677,-0.45066842436790466,-0.36262351274490356,0.8216308355331421,0.14569176733493805,0.0301617793738842,-0.15522053837776184,0.7679295539855957,-0.15829749405384064,-0.401093989610672,-0.33308544754981995,0.787003755569458,0.09831911325454712,-0.001733092125505209,-0.011952172964811325,0.3026702105998993,-0.0971890464425087,-0.00751371867954731,0.014020825736224651,0.3889101445674896,0.12347644567489624,0.003232084447517991,-0.05626913160085678,0.27969372272491455,-0.0909188911318779,0.09481959789991379,-0.08159388601779938,0.3377228081226349,0.13645565509796143,0.28219467401504517,0.16248798370361328,0.06279628723859787,-0.07792014628648758,0.4359119236469269,0.1397649645805359,0.1298481523990631,0.1377447545528412,0.29993966221809387,0.1781172901391983,0.02739325538277626,-0.06683270633220673,0.4522813558578491,0.1628292053937912,0.06398579478263855,0.17754119634628296,0.2821383774280548,-0.03065798059105873,0.07198622077703476,-0.08518673479557037,0.48086461424827576,-0.029780743643641472,0.12607541680335999,13,0.433,0.544564962387085,0.5854794979095459,-2.1789414006434527e-07,,0.5654155611991882,0.5556443929672241,-0.01143681164830923,,0.5761277079582214,0.5018489360809326,-0.01591579057276249,,0.5814410448074341,0.4590854346752167,-0.020434241741895676,,0.5902379155158997,0.4295586943626404,-0.02300277166068554,,0.5501732230186462,0.4695185422897339,-0.006218659225851297,,0.5454029440879822,0.4472288489341736,-0.019330788403749466,,0.5464193224906921,0.4817788004875183,-0.02626478113234043,,0.548751711845398,0.5115825533866882,-0.027892785146832466,,0.531599760055542,0.4754568934440613,-0.004604344256222248,,0.5279479622840881,0.45841601490974426,-0.021671311929821968,,0.5331703424453735,0.4990418255329132,-0.02723221480846405,,0.537950336933136,0.5301273465156555,-0.026441454887390137,,0.515340268611908,0.48388656973838806,-0.005310333799570799,,0.5069530606269836,0.4535442590713501,-0.019368711858987808,,0.512525200843811,0.4820464253425598,-0.020675163716077805,,0.5183042287826538,0.5084457397460938,-0.016893720254302025,,0.5018513798713684,0.49506038427352905,-0.007055732887238264,,0.4894999563694,0.46086233854293823,-0.014505453407764435,,0.4813496768474579,0.4411489963531494,-0.017111916095018387,,0.4741756021976471,0.42209023237228394,-0.01676098071038723,
0.0015241462970152497,-0.5911322832107544,-0.26687514781951904,0.9990975856781006,0.019034801051020622,-0.6285824775695801,-0.26485517621040344,0.998365581035614,0.01834954507648945,-0.6283431053161621,-0.2667779326438904,0.9982722997665405,0.018927456811070442,-0.6283230185508728,-0.2646465599536896,0.9982239603996277,-0.013698508962988853,-0.6321225166320801,-0.25939443707466125,0.9982922673225403,-0.011692767031490803,-0.6328009366989136,-0.25951313972473145,0.9982888698577881,-0.012328559532761574,-0.6318839192390442,-0.25547513365745544,0.9982240796089172,0.10490527004003525,-0.6182348728179932,-0.18557916581630707,0.99858558177948,-0.026865849271416664,-0.63079434633255,-0.1418123096227646,0.9971901774406433,0.02896890416741371,-0.5646515488624573,-0.24526910483837128,0.9987849593162537,-0.009903168305754662,-0.5665339231491089,-0.2316899448633194,0.9987485408782959,0.19439904391765594,-0.41981470584869385,-0.102452851831913,0.9970176219940186,-0.09950660914182663,-0.4585161507129669,-0.0427076518535614,0.9983140826225281,0.1687324345111847,-0.15240336954593658,-0.0721660628914833,0.9327050447463989,-0.18250031769275665,-0.2782824635505676,-0.11172288656234741,0.7870891690254211,0.15740568935871124,0.02538120187819004,-0.14134608209133148,0.8444371819496155,-0.17102722823619843,-0.3860167860984802,-0.3355112671852112,0.844826877117157,0.1459239274263382,0.0725710466504097,-0.15086717903614044,0.771474301815033,-0.16018322110176086,-0.4107378423213959,-0.3781593143939972,0.816879391670227,0.14736494421958923,0.06423845887184143,-0.1808832883834839,0.7952311038970947,-0.16588835418224335,-0.44563397765159607,-0.3693268597126007,0.8295850157737732,0.1461038887500763,0.029929960146546364,-0.15605297684669495,0.7640138864517212,-0.16231770813465118,-0.39817994832992554,-0.33895716071128845,0.7931411266326904,0.09854992479085922,-0.001912040519528091,-0.011626592837274075,0.29180723428726196,-0.09743862599134445,-0.007359009701758623,0.01369517669081688,0.37612131237983704,0.12308242172002792,0.004088511690497398,-0.054330043494701385,0.2821267545223236,-0.09095802903175354,0.09820819646120071,-0.08144495636224747,0.33777037262916565,0.13608144223690033,0.2826352119445801,0.16367997229099274,0.0642089694738388,-0.07944057881832123,0.4362761080265045,0.14220453798770905,0.1294391006231308,0.1373557448387146,0.3004310131072998,0.17937356233596802,0.027688462287187576,-0.06911935657262802,0.452664315700531,0.16573607921600342,0.06272371858358383,0.17609301209449768,0.2829361855983734,-0.027905020862817764,0.07348185777664185,-0.0879177525639534,0.4813080430030823,-0.024817677214741707,0.12557418644428253,14,0.467,0.5453643202781677,0.5874840617179871,-2.0521969190667733e-07,,0.5661277770996094,0.5542172789573669,-0.010769331827759743,,0.5754959583282471,0.5006154775619507,-0.015284300781786442,,0.5811001062393188,0.45851555466651917,-0.02001691423356533,,0.5905911922454834,0.4294794499874115,-0.022899478673934937,,0.550058901309967,0.4707812964916229,-0.006795435678213835,,0.545201301574707,0.450005441904068,-0.019406691193580627,,0.5462407469749451,0.4839484989643097,-0.025797326117753983,,0.5488752126693726,0.514342725276947,-0.027289588004350662,,0.5314270853996277,0.4774341881275177,-0.005436211358755827,,0.5282860994338989,0.4617398679256439,-0.021929258480668068,,0.5334129929542542,0.5016769766807556,-0.026724932715296745,,0.5383936166763306,0.5324779152870178,-0.025847088545560837,,0.5149291753768921,0.48715928196907043,-0.0062691583298146725,,0.5062220692634583,0.45817285776138306,-0.01988072507083416,,0.5120130181312561,0.48585382103919983,-0.020503057166934013,,0.5186223983764648,0.5118942260742188,-0.016677716746926308,,0.5010238289833069,0.49993348121643066,-0.008113725110888481,,0.48902541399002075,0.4654633104801178,-0.01571630872786045,,0.4802689552307129,0.4450002610683441,-0.01827063597738743,,0.4725836515426636,0.4256565272808075,-0.018076609820127487,
0.0015361522091552615,-0.5909988880157471,-0.26987603306770325,0.9991475343704224,0.019603285938501358,-0.628380537033081,-0.26791200041770935,0.9984347820281982,0.01891881413757801,-0.628136932849884,-0.269824743270874,0.9983405470848083,0.019489608705043793,-0.6281120181083679,-0.267682820558548,0.9982967972755432,-0.013412769883871078,-0.6320239305496216,-0.2621500790119171,0.9983781576156616,-0.011407432146370411,-0.6326985955238342,-0.2622798979282379,0.9983788132667542,-0.012045323848724365,-0.631779134273529,-0.25823724269866943,0.9983224868774414,0.10736360400915146,-0.6176781058311462,-0.1883738785982132,0.9986483454704285,-0.026252277195453644,-0.6307089328765869,-0.14321215450763702,0.9973453879356384,0.029387585818767548,-0.5643534660339355,-0.24821588397026062,0.9988696575164795,-0.009798265993595123,-0.5663920044898987,-0.23415078222751617,0.9988340139389038,0.1965724378824234,-0.41919371485710144,-0.10377221554517746,0.9971874356269836,-0.09880154579877853,-0.4583910405635834,-0.04366110637784004,0.9984149932861328,0.17185881733894348,-0.1512926071882248,-0.07348265498876572,0.9345284104347229,-0.18158943951129913,-0.2766979932785034,-0.11053001880645752,0.7982051372528076,0.16290853917598724,0.025363216176629066,-0.14187835156917572,0.8466482758522034,-0.17114870250225067,-0.3831007778644562,-0.33276882767677307,0.8548628091812134,0.15274445712566376,0.07261117547750473,-0.15180881321430206,0.7718539834022522,-0.16046415269374847,-0.40750032663345337,-0.37522539496421814,0.8257429003715515,0.15318194031715393,0.06436959654092789,-0.18190766870975494,0.7958759069442749,-0.16645939648151398,-0.442103773355484,-0.36692553758621216,0.8373742699623108,0.1515161544084549,0.02996044233441353,-0.15700574219226837,0.7644551396369934,-0.16246119141578674,-0.3951036036014557,-0.3365522027015686,0.7998393774032593,0.09889347106218338,-0.0019141350639984012,-0.011666764505207539,0.2852402925491333,-0.09772812575101852,-0.007339147385209799,0.013730254955589771,0.3674149215221405,0.12267579138278961,0.004046009853482246,-0.05793539807200432,0.27984464168548584,-0.0914662778377533,0.09464803338050842,-0.08284998685121536,0.33225786685943604,0.13572901487350464,0.282909095287323,0.16206438839435577,0.06430742889642715,-0.07952246069908142,0.4354309141635895,0.14281721413135529,0.12654587626457214,0.13696801662445068,0.30063506960868835,0.1779266893863678,0.027631748467683792,-0.06929180771112442,0.45177799463272095,0.16706609725952148,0.061046380549669266,0.1752128154039383,0.2817414104938507,-0.033499911427497864,0.07329757511615753,-0.08817198872566223,0.478730171918869,-0.023436587303876877,0.12265535444021225,15,0.5,0.5443864464759827,0.5828127861022949,-1.8939996948574844e-07,,0.5657558441162109,0.5507148504257202,-0.010754404589533806,,0.5750128030776978,0.4985314607620239,-0.015168036334216595,,0.5811320543289185,0.45582571625709534,-0.019771715626120567,,0.5903299450874329,0.4267474412918091,-0.022623153403401375,,0.5494139194488525,0.4662593603134155,-0.0062123737297952175,,0.5452027320861816,0.4464656114578247,-0.017923526465892792,,0.5464155673980713,0.47833308577537537,-0.024079015478491783,,0.5488907694816589,0.5084996819496155,-0.025537801906466484,,0.5309049487113953,0.4721439778804779,-0.004577005282044411,,0.5282275676727295,0.45758217573165894,-0.019815361127257347,,0.5331288576126099,0.49743178486824036,-0.024601362645626068,,0.5383992195129395,0.5277165770530701,-0.02397206611931324,,0.5144420862197876,0.48130956292152405,-0.0050056492909789085,,0.5066149830818176,0.45309972763061523,-0.01759183593094349,,0.5117749571800232,0.48115846514701843,-0.018199771642684937,,0.5181771516799927,0.5074251890182495,-0.014648674055933952,,0.5005143880844116,0.4940061569213867,-0.006448755040764809,,0.4883861541748047,0.4607691764831543,-0.013223356567323208,,0.4798245131969452,0.4404165744781494,-0.01532826479524374,,0.4729134142398834,0.4203137755393982,-0.014983637258410454,
0.0017976777162402868,-0.5908913016319275,-0.2698497176170349,0.9991746544837952,0.019978497177362442,-0.6282621622085571,-0.267903596162796,0.998464047908783,0.019293162971735,-0.6280184984207153,-0.26981985569000244,0.9983637928962708,0.019868386909365654,-0.6279957294464111,-0.2676771283149719,0.9983274936676025,-0.013073314912617207,-0.6319293975830078,-0.2621406614780426,0.9984228610992432,-0.01107026543468237,-0.6326070427894592,-0.2622700035572052,0.9984267950057983,-0.011707649566233158,-0.6316882967948914,-0.2582269012928009,0.9983806610107422,0.10804740339517593,-0.617626428604126,-0.18849898874759674,0.9986838102340698,-0.02591230534017086,-0.630679726600647,-0.14329515397548676,0.9974378347396851,0.029771683737635612,-0.5642606019973755,-0.24820511043071747,0.9989311695098877,-0.009481549263000488,-0.5663191080093384,-0.23414824903011322,0.9988946318626404,0.19704191386699677,-0.41919171810150146,-0.1053365170955658,0.9973077178001404,-0.0985277071595192,-0.4583818018436432,-0.0435621552169323,0.9984782338142395,0.17280523478984833,-0.15167219936847687,-0.0727984607219696,0.9352918267250061,-0.18105283379554749,-0.2764442563056946,-0.10992147773504257,0.8052991628646851,0.16266202926635742,0.025660833343863487,-0.14271396398544312,0.8484632968902588,-0.17134130001068115,-0.3814004063606262,-0.3295837342739105,0.8634424209594727,0.15243512392044067,0.07357139885425568,-0.1516275256872177,0.7735062837600708,-0.16122597455978394,-0.40675434470176697,-0.37199440598487854,0.8339202404022217,0.1525624394416809,0.06552275270223618,-0.1832369565963745,0.7973000407218933,-0.1666746437549591,-0.44181984663009644,-0.3638908565044403,0.84450364112854,0.1511743813753128,0.030463486909866333,-0.15799197554588318,0.7656468152999878,-0.16268466413021088,-0.3936535120010376,-0.3334260880947113,0.8056526184082031,0.09901197999715805,-0.0019567471463233232,-0.011670919135212898,0.2775389552116394,-0.09782200306653976,-0.007313321810215712,0.01373816654086113,0.35752975940704346,0.12317735701799393,0.0037055574357509613,-0.057661861181259155,0.28282642364501953,-0.09133797883987427,0.09426995366811752,-0.08264969289302826,0.33366715908050537,0.13619796931743622,0.2796142101287842,0.1635986864566803,0.06504234671592712,-0.07901222258806229,0.43399250507354736,0.1424785703420639,0.1265643686056137,0.13732051849365234,0.29697832465171814,0.17981842160224915,0.027858441695570946,-0.06865401566028595,0.4499346613883972,0.16655254364013672,0.06041933223605156,0.17636892199516296,0.2774726152420044,-0.03240775689482689,0.0741044282913208,-0.08747047185897827,0.4772071838378906,-0.023133914917707443,0.12267903983592987,16,0.533,0.5442020893096924,0.5804266333580017,-1.894514269906722e-07,,0.5655482411384583,0.548175036907196,-0.010441048070788383,,0.5750421285629272,0.49540311098098755,-0.014570106752216816,,0.5808640122413635,0.4524071514606476,-0.018851926550269127,,0.5901933312416077,0.4233507812023163,-0.021320827305316925,,0.5492061376571655,0.4636942148208618,-0.005611954256892204,,0.5454849004745483,0.44176143407821655,-0.016740959137678146,,0.5468640327453613,0.4737201929092407,-0.02261352352797985,,0.5493112802505493,0.5035309195518494,-0.02405368536710739,,0.5309301614761353,0.4693329632282257,-0.004037328064441681,,0.5284760594367981,0.45323553681373596,-0.01889493502676487,,0.533684253692627,0.49258577823638916,-0.023794280365109444,,0.5390365123748779,0.5227497816085815,-0.023367907851934433,,0.5145485997200012,0.47798213362693787,-0.004472694825381041,,0.5067498087882996,0.4478818476200104,-0.016617776826024055,,0.5118967890739441,0.47486621141433716,-0.01745515502989292,,0.5181131958961487,0.5008041262626648,-0.014253317378461361,,0.5005654096603394,0.489982008934021,-0.005888671148568392,,0.4887385964393616,0.4561846852302551,-0.012361080385744572,,0.4803878664970398,0.43546533584594727,-0.01454488467425108,,0.47358039021492004,0.4151018559932709,-0.014411227777600288,
0.0034592151641845703,-0.5907899737358093,-0.2699555456638336,0.9992085695266724,0.022229885682463646,-0.6280953288078308,-0.2681082487106323,0.9985091090202332,0.02153618074953556,-0.6278486847877502,-0.2700388431549072,0.9984078407287598,0.0221141055226326,-0.6278262734413147,-0.2678893506526947,0.9983771443367004,-0.01093863882124424,-0.6318199634552002,-0.26224711537361145,0.9984781742095947,-0.00894456822425127,-0.6324973106384277,-0.2623710036277771,0.9984846711158752,-0.009585784748196602,-0.6315774917602539,-0.25832369923591614,0.9984458684921265,0.11181823909282684,-0.6171846389770508,-0.18907850980758667,0.9987316727638245,-0.02292977087199688,-0.6305050253868103,-0.1433473825454712,0.9975417256355286,0.031829144805669785,-0.5640712976455688,-0.24842745065689087,0.9989963173866272,-0.0075773149728775024,-0.5662041306495667,-0.23424357175827026,0.9989573955535889,0.199942484498024,-0.41882845759391785,-0.10558538138866425,0.997443437576294,-0.09593946486711502,-0.45832404494285583,-0.04348340630531311,0.9985467195510864,0.1744348108768463,-0.15169130265712738,-0.07362916320562363,0.936724841594696,-0.17743434011936188,-0.27592501044273376,-0.10942723602056503,0.8127394914627075,0.1630520522594452,0.025454720482230186,-0.14325682818889618,0.8512407541275024,-0.17126435041427612,-0.3800380527973175,-0.3276696503162384,0.8716202974319458,0.1526564657688141,0.07352516055107117,-0.15196019411087036,0.7760654091835022,-0.16202539205551147,-0.40536344051361084,-0.3701891303062439,0.8416787385940552,0.1524188220500946,0.06553702056407928,-0.18393169343471527,0.799676775932312,-0.16718822717666626,-0.44020208716392517,-0.3619488775730133,0.851354718208313,0.15139679610729218,0.0303550623357296,-0.15854665637016296,0.7680412530899048,-0.1627463549375534,-0.39224207401275635,-0.33149275183677673,0.8117475509643555,0.09922466427087784,-0.001884199446067214,-0.011766759678721428,0.27143698930740356,-0.09796535968780518,-0.007366806268692017,0.01384448166936636,0.34841153025627136,0.12266712635755539,0.0028490349650382996,-0.059337057173252106,0.28337347507476807,-0.09216588735580444,0.08610205352306366,-0.08279358595609665,0.3308117091655731,0.1354597508907318,0.27949678897857666,0.16362108290195465,0.06546906381845474,-0.0791093111038208,0.4310118556022644,0.14308595657348633,0.12468940764665604,0.136329784989357,0.2967756986618042,0.17990157008171082,0.027921678498387337,-0.06874079257249832,0.4466091990470886,0.16760079562664032,0.05930003151297569,0.1744418740272522,0.2755359709262848,-0.03303767740726471,0.07426229864358902,-0.0875646099448204,0.47243577241897583,-0.022051293402910233,0.12081526964902878,17,0.567,0.5449415445327759,0.581985354423523,-1.9513537097282097e-07,,0.5655600428581238,0.5486157536506653,-0.009306271560490131,,0.5749698877334595,0.4958552122116089,-0.013167259283363819,,0.5802552103996277,0.453528493642807,-0.01739833690226078,,0.589141309261322,0.4242980480194092,-0.019879784435033798,,0.5487527251243591,0.4654296040534973,-0.004858196713030338,,0.5455007553100586,0.4419289529323578,-0.016027159988880157,,0.5469164252281189,0.4735294282436371,-0.022073879837989807,,0.5494177937507629,0.5040895342826843,-0.023653913289308548,,0.5308099985122681,0.47145330905914307,-0.0039471290074288845,,0.5287702083587646,0.4542485475540161,-0.01887083612382412,,0.5340508818626404,0.49289268255233765,-0.02381373755633831,,0.5390282869338989,0.524094820022583,-0.023424074053764343,,0.5146390795707703,0.48000356554985046,-0.005015222821384668,,0.5063381791114807,0.44851812720298767,-0.01682736910879612,,0.5115706920623779,0.4729176461696625,-0.0177242960780859,,0.5176165699958801,0.4979698359966278,-0.014697697944939137,,0.5006889700889587,0.4918098747730255,-0.006981407292187214,,0.4887932240962982,0.4571842551231384,-0.013241875916719437,,0.48053380846977234,0.4355829656124115,-0.015462959185242653,,0.4733995795249939,0.4151652455329895,-0.015450247563421726,
0.0035217758268117905,-0.5907156467437744,-0.2687569558620453,0.9992334246635437,0.022146031260490417,-0.6280587315559387,-0.26697248220443726,0.9985458254814148,0.021452000364661217,-0.6278119087219238,-0.2689554691314697,0.9984412789344788,0.022033365443348885,-0.6277918815612793,-0.2667773365974426,0.9984171390533447,-0.010977210476994514,-0.6317538022994995,-0.261002779006958,0.9985256195068359,-0.00898341741412878,-0.6324331164360046,-0.2610969841480255,0.9985325932502747,-0.009624253027141094,-0.6315137147903442,-0.25703710317611694,0.9985026717185974,0.11185042560100555,-0.6171658635139465,-0.18886421620845795,0.9987669587135315,-0.02273503504693508,-0.6303096413612366,-0.14297978579998016,0.99763423204422,0.03208279237151146,-0.5639867782592773,-0.24772408604621887,0.9990484714508057,-0.0072253067046403885,-0.5660739541053772,-0.2334752231836319,0.9990081191062927,0.2006775587797165,-0.41845962405204773,-0.10659482330083847,0.9975141286849976,-0.09486769139766693,-0.45772331953048706,-0.0434613935649395,0.9986006617546082,0.174357071518898,-0.15170279145240784,-0.07288853079080582,0.9354732036590576,-0.1772201508283615,-0.2734062075614929,-0.10874584317207336,0.8191861510276794,0.16405229270458221,0.021203378215432167,-0.14368601143360138,0.8520004749298096,-0.17237111926078796,-0.3785895109176636,-0.32780933380126953,0.8795399069786072,0.15401941537857056,0.0681857243180275,-0.15186800062656403,0.7775669693946838,-0.16542960703372955,-0.404680460691452,-0.3712006211280823,0.8498864769935608,0.15536080300807953,0.059286750853061676,-0.1846478134393692,0.8008915185928345,-0.1694476157426834,-0.43954113125801086,-0.3624441921710968,0.8586926460266113,0.15301772952079773,0.025684824213385582,-0.15911445021629333,0.7693530321121216,-0.16393768787384033,-0.39115065336227417,-0.331597238779068,0.8189799785614014,0.0992932915687561,-0.0018556799041107297,-0.011631575413048267,0.26569604873657227,-0.09799636900424957,-0.007399811875075102,0.013737120665609837,0.34206148982048035,0.12230522930622101,0.00039729606942273676,-0.059196144342422485,0.2874945104122162,-0.09238114953041077,0.08082178980112076,-0.08274854719638824,0.33403903245925903,0.13371965289115906,0.27783316373825073,0.16393819451332092,0.06695311516523361,-0.07918162643909454,0.4276089370250702,0.1418171226978302,0.1258012056350708,0.1343439370393753,0.2951772212982178,0.18018221855163574,0.028462685644626617,-0.0687563493847847,0.44262659549713135,0.16614259779453278,0.05914628133177757,0.17417405545711517,0.26970237493515015,-0.031765278428792953,0.07581520080566406,-0.08720178157091141,0.4661460518836975,-0.023429006338119507,0.12180759012699127,18,0.6,0.5456131100654602,0.5879590511322021,-1.9372876636225556e-07,,0.5655685663223267,0.5544541478157043,-0.009111558087170124,,0.5747842788696289,0.5017046332359314,-0.013139734044671059,,0.5794577598571777,0.45944371819496155,-0.017685716971755028,,0.587614119052887,0.4292672574520111,-0.02057028003036976,,0.5491349101066589,0.47013285756111145,-0.004014685750007629,,0.544602632522583,0.4448995888233185,-0.015585899353027344,,0.5461189150810242,0.47401782870292664,-0.02215111255645752,,0.5489394068717957,0.5040735602378845,-0.024028612300753593,,0.5309897661209106,0.477137953042984,-0.003525020321831107,,0.5286312699317932,0.45920127630233765,-0.019037194550037384,,0.5346831679344177,0.49748024344444275,-0.024417633190751076,,0.5399407744407654,0.5288215279579163,-0.024117782711982727,,0.5147046446800232,0.48659008741378784,-0.005111548583954573,,0.50604647397995,0.4542279541492462,-0.01722840592265129,,0.5112951993942261,0.4769349992275238,-0.018261460587382317,,0.5171403884887695,0.5008653402328491,-0.015237424522638321,,0.5008334517478943,0.49926191568374634,-0.007606192026287317,,0.48887982964515686,0.46388569474220276,-0.014065084978938103,,0.48046445846557617,0.4419535994529724,-0.016212400048971176,,0.4729175269603729,0.421427845954895,-0.01607087440788746,
0.000634939584415406,-0.5909294486045837,-0.26546356081962585,0.9992627501487732,0.019306687638163567,-0.628300130367279,-0.26374009251594543,0.9985843896865845,0.018630189821124077,-0.6280543804168701,-0.26569750905036926,0.9984784126281738,0.0191943496465683,-0.6280345916748047,-0.2635285556316376,0.9984564781188965,-0.013889373280107975,-0.6319251656532288,-0.2573000490665436,0.9985800981521606,-0.01188504509627819,-0.6326010823249817,-0.2574150264263153,0.9985905885696411,-0.012531430460512638,-0.6316819787025452,-0.2533683776855469,0.998567521572113,0.11038719117641449,-0.6173960566520691,-0.18700538575649261,0.9988038539886475,-0.024313172325491905,-0.6303126811981201,-0.13896061480045319,0.9977431893348694,0.029915153980255127,-0.5641624331474304,-0.24503503739833832,0.9990984797477722,-0.009413473308086395,-0.5661688446998596,-0.23019735515117645,0.999061107635498,0.20057722926139832,-0.41846638917922974,-0.10717588663101196,0.9975942373275757,-0.09513000398874283,-0.4566212594509125,-0.04066779091954231,0.9986650943756104,0.1726139485836029,-0.1523735225200653,-0.07322400063276291,0.9356384873390198,-0.1770048886537552,-0.2680356800556183,-0.10684452205896378,0.825751543045044,0.16075371205806732,0.008248401805758476,-0.141648069024086,0.8515954613685608,-0.1736913025379181,-0.3742435574531555,-0.32754066586494446,0.885869026184082,0.14969898760318756,0.05230724811553955,-0.14840778708457947,0.7753745913505554,-0.1675865650177002,-0.4013964533805847,-0.3705202341079712,0.8555411696434021,0.152186781167984,0.04160658270120621,-0.18187841773033142,0.7989543676376343,-0.17194971442222595,-0.43650582432746887,-0.36195263266563416,0.8636310696601868,0.1500105857849121,0.01122878398746252,-0.15705256164073944,0.7667695879936218,-0.16547168791294098,-0.38734251260757446,-0.33125513792037964,0.8230820894241333,0.09935323894023895,-0.0019375095143914223,-0.01172521710395813,0.261720210313797,-0.09808699041604996,-0.007300110533833504,0.013818643055856228,0.338171124458313,0.12088824063539505,0.000932013092096895,-0.05906160548329353,0.293036550283432,-0.0922645628452301,0.09093008190393448,-0.08098132163286209,0.33851000666618347,0.13307718932628632,0.27896812558174133,0.16368335485458374,0.06920970976352692,-0.07982473820447922,0.43185529112815857,0.14268247783184052,0.12834909558296204,0.1337592750787735,0.29664549231529236,0.17976248264312744,0.028772830963134766,-0.0699671059846878,0.4476967453956604,0.16669821739196777,0.05893581360578537,0.17345133423805237,0.2738490700721741,-0.031218383461236954,0.07817989587783813,-0.09150375425815582,0.4733054041862488,-0.02146250009536743,0.12394650280475616,19,0.633,0.5466588735580444,0.5974453687667847,-1.905930133716538e-07,,0.5661816000938416,0.5640997290611267,-0.008311279118061066,,0.5748775005340576,0.5115243792533875,-0.011814089491963387,,0.5785118341445923,0.4691314995288849,-0.015816781669855118,,0.5859039425849915,0.43855684995651245,-0.018214626237750053,,0.5487825274467468,0.4798542857170105,-0.002324322471395135,,0.54421466588974,0.4527190923690796,-0.01320730336010456,,0.546007513999939,0.4794139266014099,-0.019838206470012665,,0.5489802360534668,0.5083065629005432,-0.02192959189414978,,0.5311262607574463,0.4873831570148468,-0.0021330362651497126,,0.5288317799568176,0.467813104391098,-0.01709049381315708,,0.5354819893836975,0.5037741661071777,-0.02293815091252327,,0.541006326675415,0.5345150232315063,-0.023020129650831223,,0.5149932503700256,0.4972273111343384,-0.003962482791393995,,0.5062839388847351,0.46503812074661255,-0.01539705041795969,,0.5112545490264893,0.48335030674934387,-0.017172139137983322,,0.5165680050849915,0.5038037300109863,-0.014927360229194164,,0.5012688040733337,0.5101113319396973,-0.006604306865483522,,0.48841914534568787,0.47571220993995667,-0.012371334247291088,,0.47988346219062805,0.45453912019729614,-0.01446168776601553,,0.47229814529418945,0.4348801374435425,-0.014510703273117542,
0.00022353405074682087,-0.592290997505188,-0.26323050260543823,0.9992842078208923,0.018604174256324768,-0.6297200322151184,-0.2609764635562897,0.9986204504966736,0.017929252237081528,-0.6294724941253662,-0.26297837495803833,0.9985144138336182,0.018498258665204048,-0.6294581294059753,-0.2607591450214386,0.9984952807426453,-0.01465412974357605,-0.6330150961875916,-0.2544895112514496,0.9986316561698914,-0.012648089788854122,-0.6336760520935059,-0.2546210289001465,0.9986441135406494,-0.01330188661813736,-0.6327570676803589,-0.2505680322647095,0.9986281991004944,0.10995270311832428,-0.6178367137908936,-0.18459802865982056,0.9988425374031067,-0.025182830169796944,-0.6302492618560791,-0.1365974247455597,0.9978531002998352,0.029753925278782845,-0.5649636387825012,-0.24318480491638184,0.9991410970687866,-0.009650295600295067,-0.566649854183197,-0.22831618785858154,0.9991064071655273,0.2007123827934265,-0.4180789291858673,-0.10722736269235611,0.997600793838501,-0.09500055760145187,-0.45295795798301697,-0.04015513136982918,0.9987072348594666,0.16887637972831726,-0.15280349552631378,-0.07345283776521683,0.9349724650382996,-0.17572444677352905,-0.25398096442222595,-0.10630983114242554,0.8330020308494568,0.14393429458141327,-0.024568112567067146,-0.13884973526000977,0.8530451059341431,-0.17326997220516205,-0.35935837030410767,-0.32660213112831116,0.8929172158241272,0.12657509744167328,0.010630441829562187,-0.1455111801624298,0.7755371332168579,-0.16778525710105896,-0.38758814334869385,-0.36957287788391113,0.8624674677848816,0.13352002203464508,-0.00639428710564971,-0.1764409840106964,0.7984735369682312,-0.1719278246164322,-0.4255691468715668,-0.36101752519607544,0.8697153329849243,0.13381290435791016,-0.025950167328119278,-0.15315406024456024,0.7663317918777466,-0.16510136425495148,-0.37359553575515747,-0.3303360044956207,0.8295751214027405,0.09962084889411926,-0.0019241031259298325,-0.011666667647659779,0.2559792399406433,-0.09832251071929932,-0.007296833675354719,0.013756610453128815,0.33316856622695923,0.12175821512937546,-0.006814936175942421,-0.05931352078914642,0.29872554540634155,-0.0922815352678299,0.0823475569486618,-0.08108384907245636,0.3433396518230438,0.13277225196361542,0.2772732973098755,0.16369803249835968,0.07102556526660919,-0.07962768524885178,0.4306431710720062,0.14207866787910461,0.13048124313354492,0.13343489170074463,0.29527607560157776,0.17969146370887756,0.02908758819103241,-0.06965690851211548,0.44664326310157776,0.1658349633216858,0.05870286375284195,0.17316517233848572,0.2701878249645233,-0.03110501728951931,0.07970096170902252,-0.09063149988651276,0.4706782102584839,-0.023549824953079224,0.12521810829639435,20,0.667,0.5480291247367859,0.6145028471946716,-2.012721864730338e-07,,0.5665958523750305,0.5804265737533569,-0.00936553068459034,,0.5745511054992676,0.5274823904037476,-0.013370335102081299,,0.5786766409873962,0.4845663905143738,-0.017771517857909203,,0.5855630040168762,0.45348331332206726,-0.020398257300257683,,0.5497117638587952,0.49548399448394775,-0.002981852972880006,,0.5448212623596191,0.46843793988227844,-0.014747194945812225,,0.5474321246147156,0.4974956512451172,-0.021753866225481033,,0.5511339902877808,0.5257304906845093,-0.024013085290789604,,0.5322439670562744,0.5037413835525513,-0.0026415835600346327,,0.5294284820556641,0.4826756417751312,-0.018968502059578896,,0.5372534394264221,0.5210278630256653,-0.02519484981894493,,0.5438392758369446,0.5523473620414734,-0.02511725388467312,,0.5160192251205444,0.5145924687385559,-0.0044871228747069836,,0.5075728893280029,0.4806232154369354,-0.016828788444399834,,0.5126097798347473,0.5000587701797485,-0.018502768129110336,,0.5179339647293091,0.5205063819885254,-0.015894684940576553,,0.5022489428520203,0.5289570093154907,-0.007253233343362808,,0.4887425899505615,0.49637889862060547,-0.01335232611745596,,0.479956716299057,0.47579023241996765,-0.015515878796577454,,0.47245967388153076,0.45618507266044617,-0.015499222092330456,
-0.0008425419800914824,-0.5939613580703735,-0.25831833481788635,0.9992920756340027,0.017071226611733437,-0.631603479385376,-0.2559317946434021,0.9986321330070496,0.016410410404205322,-0.6313660144805908,-0.25793999433517456,0.9985225200653076,0.016984842717647552,-0.6313675045967102,-0.25571778416633606,0.9985036849975586,-0.01598646119236946,-0.6346357464790344,-0.24955284595489502,0.9986634850502014,-0.013968977145850658,-0.6353035569190979,-0.24969501793384552,0.9986797571182251,-0.01462741382420063,-0.6343968510627747,-0.2456580549478531,0.9986714124679565,0.10827179998159409,-0.6195772290229797,-0.18071429431438446,0.9988606572151184,-0.026210453361272812,-0.6307925581932068,-0.13339632749557495,0.9979381561279297,0.02878696285188198,-0.5664762258529663,-0.23889975249767303,0.9991663694381714,-0.010417358949780464,-0.5677902102470398,-0.22428828477859497,0.9991380572319031,0.2006714642047882,-0.41805949807167053,-0.10610771924257278,0.9975427389144897,-0.09504387527704239,-0.4518629312515259,-0.03792794048786163,0.9987328052520752,0.16362141072750092,-0.15316803753376007,-0.07232780754566193,0.9315459728240967,-0.1729089915752411,-0.2465677559375763,-0.1044883206486702,0.8346335291862488,0.13786152005195618,-0.027740387246012688,-0.13181152939796448,0.8494740724563599,-0.17223137617111206,-0.34582874178886414,-0.32507553696632385,0.8970897197723389,0.12114409357309341,0.007963687181472778,-0.1377309262752533,0.7712869048118591,-0.16781824827194214,-0.3734346628189087,-0.36854565143585205,0.866510808467865,0.12893661856651306,-0.008882474154233932,-0.16859886050224304,0.794226348400116,-0.17181560397148132,-0.41167569160461426,-0.35959532856941223,0.8731382489204407,0.1284334510564804,-0.029003145173192024,-0.14626125991344452,0.7613544464111328,-0.1642933040857315,-0.35996630787849426,-0.32870176434516907,0.8322175741195679,0.09967199712991714,-0.001997551880776882,-0.011676103807985783,0.25052255392074585,-0.09843387454748154,-0.007276342250406742,0.013766450807452202,0.3286105692386627,0.12156012654304504,-0.007112707477062941,-0.0556606762111187,0.3064766526222229,-0.09226614981889725,0.0927036926150322,-0.07852447032928467,0.3519967496395111,0.13232238590717316,0.2717704474925995,0.16417941451072693,0.07238566875457764,-0.08059880882501602,0.43073686957359314,0.14138208329677582,0.13415077328681946,0.1329704076051712,0.28960129618644714,0.18006551265716553,0.029078805819153786,-0.07102721184492111,0.4467238783836365,0.16412875056266785,0.05881795659661293,0.17286844551563263,0.26823052763938904,-0.027643881738185883,0.0818249061703682,-0.09514983743429184,0.4712686240673065,-0.023625105619430542,0.12919838726520538,21,0.7,0.5497629642486572,0.6422700881958008,-2.393531985944719e-07,,0.568509042263031,0.6086055636405945,-0.015153389424085617,,0.5757070183753967,0.5546144247055054,-0.021825848147273064,,0.5789568424224854,0.5110181570053101,-0.027881575748324394,,0.5854289531707764,0.4775671362876892,-0.03138158470392227,,0.5513302087783813,0.511443018913269,-0.011144474148750305,,0.5478810667991638,0.49526268243789673,-0.027998579666018486,,0.5552230477333069,0.5360925793647766,-0.03596467152237892,,0.560576856136322,0.566053569316864,-0.037518929690122604,,0.5331525206565857,0.5212389230728149,-0.00899827666580677,,0.5313705801963806,0.5051261782646179,-0.029726358130574226,,0.5419377684593201,0.5500088334083557,-0.03569622337818146,,0.5483420491218567,0.5818197727203369,-0.03454155474901199,,0.5166736841201782,0.5363982319831848,-0.009731439873576164,,0.5111099481582642,0.5106011629104614,-0.02815813384950161,,0.5226652026176453,0.5435879826545715,-0.029699521139264107,,0.5315866470336914,0.5711694359779358,-0.025233207270503044,,0.5028492212295532,0.5555813312530518,-0.01164313219487667,,0.48868417739868164,0.5237749218940735,-0.021761473268270493,,0.48198384046554565,0.5034438967704773,-0.025102563202381134,,0.4768390357494354,0.48312127590179443,-0.024958955124020576,
-0.004664375446736813,-0.5942610502243042,-0.26571857929229736,0.9992988109588623,0.01360626332461834,-0.6318854689598083,-0.26354411244392395,0.9986248016357422,0.012993693351745605,-0.6316518783569336,-0.26541849970817566,0.9985064268112183,0.01355472207069397,-0.6316522359848022,-0.2632850706577301,0.9984841346740723,-0.0198302511125803,-0.6350088119506836,-0.2572920024394989,0.9986847639083862,-0.017773732542991638,-0.6356844902038574,-0.257487028837204,0.9987093210220337,-0.01842944137752056,-0.6347854137420654,-0.25351637601852417,0.998707115650177,0.10559222102165222,-0.6202016472816467,-0.18670278787612915,0.9988482594490051,-0.030108019709587097,-0.6315440535545349,-0.13999761641025543,0.9980000257492065,0.024994997307658195,-0.5668478608131409,-0.24547313153743744,0.9991841912269592,-0.014569900929927826,-0.5681749582290649,-0.23123104870319366,0.9991670846939087,0.19895720481872559,-0.418239563703537,-0.112305648624897,0.997494637966156,-0.09859555214643478,-0.4516843557357788,-0.042306941002607346,0.9987478852272034,0.1607854962348938,-0.15058884024620056,-0.07870475947856903,0.9297650456428528,-0.16618576645851135,-0.24092306196689606,-0.10965514183044434,0.8323509097099304,0.13889667391777039,0.0008149845525622368,-0.13561277091503143,0.8425704836845398,-0.17214572429656982,-0.32548049092292786,-0.33271196484565735,0.8961971998214722,0.12392058223485947,0.04596446454524994,-0.14062246680259705,0.7629011273384094,-0.16801689565181732,-0.3481699526309967,-0.37558504939079285,0.8642603754997253,0.1301637887954712,0.033351510763168335,-0.17693132162094116,0.7872737646102905,-0.17378653585910797,-0.38159090280532837,-0.37098750472068787,0.8708968758583069,0.12924914062023163,0.0029425956308841705,-0.15242893993854523,0.7529336214065552,-0.16433024406433105,-0.337262898683548,-0.33788982033729553,0.8270406723022461,0.09969606250524521,-0.0028790095821022987,-0.011688970029354095,0.24282819032669067,-0.09853380173444748,-0.006621869746595621,0.013774963095784187,0.31932932138442993,0.11933808028697968,-0.0011552798096090555,-0.04628181457519531,0.3112213909626007,-0.09149504452943802,0.14262670278549194,-0.07113377749919891,0.3567296862602234,0.13227587938308716,0.2722509503364563,0.16504645347595215,0.073021799325943,-0.08389735966920853,0.43779227137565613,0.14368824660778046,0.1355164796113968,0.1329396367073059,0.2900979518890381,0.1807481050491333,0.028728125616908073,-0.0762728750705719,0.4541279673576355,0.16529706120491028,0.05789537727832794,0.1734219193458557,0.2796825170516968,-0.01877579838037491,0.083163782954216,-0.10629640519618988,0.49163147807121277,-0.01577124558389187,0.13094069063663483,22,0.734,0.5518407821655273,0.6779657006263733,-2.5527450020490505e-07,,0.5691766738891602,0.6395607590675354,-0.008160713128745556,,0.5774660706520081,0.5873324275016785,-0.012699767015874386,,0.5815039873123169,0.5450477004051208,-0.018247786909341812,,0.5861987471580505,0.5121519565582275,-0.022665390744805336,,0.553583562374115,0.5480589866638184,-0.0060882652178406715,,0.5514252781867981,0.5304080843925476,-0.019277948886156082,,0.5594110488891602,0.5681872963905334,-0.026476670056581497,,0.5657166838645935,0.5984531044960022,-0.0278101097792387,,0.5359236001968384,0.5604038238525391,-0.006664506159722805,,0.536539614200592,0.5495573282241821,-0.022318866103887558,,0.5480130314826965,0.5929751992225647,-0.02744046039879322,,0.5551024079322815,0.6266897320747375,-0.026573332026600838,,0.5206473469734192,0.5785550475120544,-0.008988493122160435,,0.5207177400588989,0.562715470790863,-0.023082517087459564,,0.5330700278282166,0.6016025543212891,-0.022713106125593185,,0.5421580672264099,0.6334737539291382,-0.017697086557745934,,0.507957398891449,0.600992739200592,-0.011928186751902103,,0.49820226430892944,0.5734460353851318,-0.01827581226825714,,0.4939374327659607,0.5564892888069153,-0.01787872612476349,,0.4905604422092438,0.5400083661079407,-0.01531224511563778,
-0.011382113210856915,-0.5976618528366089,-0.27166977524757385,0.9993266463279724,0.007553359493613243,-0.6350632309913635,-0.2692070007324219,0.9986636638641357,0.00697955721989274,-0.6348252892494202,-0.2710281312465668,0.9985405206680298,0.007518702186644077,-0.6348198652267456,-0.26895105838775635,0.9985178709030151,-0.026252998039126396,-0.6382691860198975,-0.26318711042404175,0.998742938041687,-0.02417248860001564,-0.6389506459236145,-0.2634154260158539,0.9987719655036926,-0.02482444979250431,-0.638068675994873,-0.25946125388145447,0.9987735748291016,0.09923678636550903,-0.6227397918701172,-0.19058802723884583,0.9988729357719421,-0.038103148341178894,-0.6337752938270569,-0.14483767747879028,0.99810791015625,0.017543276771903038,-0.5698869228363037,-0.2507629990577698,0.999221682548523,-0.022509919479489326,-0.5710861086845398,-0.23689761757850647,0.999212920665741,0.1928616464138031,-0.42018914222717285,-0.1193353533744812,0.9975178837776184,-0.10887076705694199,-0.45135217905044556,-0.045259494334459305,0.9987691044807434,0.16083882749080658,-0.15141797065734863,-0.08799945563077927,0.9303403496742249,-0.16574646532535553,-0.23612315952777863,-0.11541123688220978,0.8307763338088989,0.13937029242515564,0.015176129527390003,-0.14744369685649872,0.8402031660079956,-0.17243558168411255,-0.3136613368988037,-0.34069108963012695,0.8954837918281555,0.12721186876296997,0.06592139601707458,-0.15304085612297058,0.759377658367157,-0.1687179058790207,-0.3343046009540558,-0.3830840289592743,0.8622046113014221,0.1309807002544403,0.057055775076150894,-0.19287849962711334,0.7848518490791321,-0.17654766142368317,-0.3662711977958679,-0.38052898645401,0.8689821362495422,0.12981729209423065,0.02012077532708645,-0.16588415205478668,0.7496473789215088,-0.16517725586891174,-0.3245927393436432,-0.34650522470474243,0.8225329518318176,0.09984879940748215,-0.004109879955649376,-0.01170464139431715,0.23699700832366943,-0.09891234338283539,-0.005699681118130684,0.013785633258521557,0.3113535940647125,0.1156148687005043,-0.0005014844937250018,-0.034352198243141174,0.314505934715271,-0.09222283959388733,0.1518077701330185,-0.05981513112783432,0.35724082589149475,0.12880441546440125,0.2651732265949249,0.18015694618225098,0.07255008816719055,-0.09564158320426941,0.43743306398391724,0.16010497510433197,0.1344641000032425,0.1288781315088272,0.2815577983856201,0.19675403833389282,0.02809443138539791,-0.08993873745203018,0.4535188674926758,0.18137967586517334,0.05604422837495804,0.17242810130119324,0.278410404920578,0.0018546816427260637,0.08342183381319046,-0.12069149315357208,0.49320071935653687,0.004358168225735426,0.1305524706840515,23,0.767,0.5463407635688782,0.6948539018630981,-1.8808800916758628e-07,,0.5678458213806152,0.6707301735877991,-0.0064619253389537334,,0.5798680782318115,0.6325156092643738,-0.011206675320863724,,0.5836910009384155,0.5963776707649231,-0.0156133733689785,,0.5858637690544128,0.5652076005935669,-0.01971261575818062,,0.5556647181510925,0.5834041237831116,-0.00910346768796444,,0.5563632249832153,0.5865365266799927,-0.017243171110749245,,0.5592562556266785,0.6118589639663696,-0.02296583168208599,,0.5628848075866699,0.6342369318008423,-0.025615086778998375,,0.5379409790039062,0.5911433100700378,-0.00899139791727066,,0.5402097702026367,0.6044377088546753,-0.014508104883134365,,0.5440234541893005,0.6320905089378357,-0.017239544540643692,,0.5483025312423706,0.6550148725509644,-0.018795695155858994,,0.5224191546440125,0.6086025834083557,-0.009433917701244354,,0.5247640609741211,0.6234873533248901,-0.014491381123661995,,0.529527485370636,0.646389365196228,-0.012865710072219372,,0.5338805913925171,0.6666502952575684,-0.011175133287906647,,0.5094171166419983,0.63031005859375,-0.01049569621682167,,0.511207103729248,0.6396950483322144,-0.013608003035187721,,0.5161497592926025,0.6566553115844727,-0.010808351449668407,,0.5198173522949219,0.6710716485977173,-0.007513829972594976,
-0.019032027572393417,-0.6008937358856201,-0.27153217792510986,0.9993271827697754,0.0004824897914659232,-0.6381850838661194,-0.26907750964164734,0.9986457228660583,-5.867135405424051e-05,-0.6379515528678894,-0.2709062993526459,0.998515248298645,0.00045789775322191417,-0.637961208820343,-0.26882776618003845,0.9984946250915527,-0.03273799270391464,-0.6415322422981262,-0.2630678713321686,0.9987449645996094,-0.030652601271867752,-0.6422415971755981,-0.2632876932621002,0.9987819194793701,-0.031323421746492386,-0.6413832306861877,-0.25932547450065613,0.9987865090370178,0.09441345930099487,-0.6262407302856445,-0.19119347631931305,0.9988513588905334,-0.040758587419986725,-0.6375636458396912,-0.14472509920597076,0.9981257915496826,0.0107473349198699,-0.5732540488243103,-0.25062692165374756,0.9992265105247498,-0.028516778722405434,-0.5745453834533691,-0.2367526888847351,0.9992207884788513,0.19008520245552063,-0.4241575002670288,-0.12405336648225784,0.9975102543830872,-0.10901577770709991,-0.4530956447124481,-0.04521326348185539,0.9987353682518005,0.1648004949092865,-0.1549353003501892,-0.09715744853019714,0.9319843649864197,-0.1560230702161789,-0.23807765543460846,-0.11508931964635849,0.8232294917106628,0.1502031683921814,0.022359808906912804,-0.15733100473880768,0.8410189747810364,-0.17253230512142181,-0.297728955745697,-0.3371947705745697,0.8913180232048035,0.14473703503608704,0.07661619782447815,-0.16560328006744385,0.7605184316635132,-0.1713365912437439,-0.3098667562007904,-0.3794514536857605,0.8571469187736511,0.13956904411315918,0.07019250839948654,-0.20677706599235535,0.7865452170372009,-0.1798972487449646,-0.33682021498680115,-0.3784228265285492,0.8644178509712219,0.1388218253850937,0.029277531430125237,-0.1764591932296753,0.7516757249832153,-0.1658301204442978,-0.30522841215133667,-0.3452424705028534,0.8164090514183044,0.09976954758167267,-0.0043425168842077255,-0.012579388916492462,0.2450142204761505,-0.09892938286066055,-0.005408283788710833,0.014553886838257313,0.3172496557235718,0.1135612279176712,0.0254698283970356,-0.03324034810066223,0.3180236220359802,-0.09163372218608856,0.16981074213981628,-0.05039738863706589,0.3603712320327759,0.12774501740932465,0.286289244890213,0.17949405312538147,0.07321679592132568,-0.0947776809334755,0.4543900191783905,0.16084976494312286,0.13674546778202057,0.12744443118572235,0.30416199564933777,0.1959773749113083,0.027920344844460487,-0.08850153535604477,0.4720989465713501,0.18141882121562958,0.05610191076993942,0.16656431555747986,0.31480517983436584,0.006226277910172939,0.08460979908704758,-0.12020111083984375,0.5179279446601868,0.011441368609666824,0.13325519859790802,24,0.8,0.545654296875,0.7519132494926453,-2.935604470621911e-07,,0.5656951069831848,0.7356694936752319,-0.006593490019440651,,0.5824233293533325,0.7005548477172852,-0.012481482699513435,,0.5891602635383606,0.6673544049263,-0.018356677144765854,,0.590670108795166,0.635452926158905,-0.02457237057387829,,0.5626978278160095,0.6398125886917114,-0.015239576809108257,,0.5784074664115906,0.6927637457847595,-0.03169713914394379,,0.5823246836662292,0.7390093803405762,-0.04295067861676216,,0.5840506553649902,0.7746765613555908,-0.047351688146591187,,0.5435140132904053,0.6534841060638428,-0.01704997569322586,,0.5635673403739929,0.7245855331420898,-0.0303350780159235,,0.5696181654930115,0.7763683795928955,-0.03381898254156113,,0.5744285583496094,0.8119653463363647,-0.03402376547455788,,0.5277180075645447,0.6759059429168701,-0.01959112659096718,,0.5482138395309448,0.7414286136627197,-0.03307770937681198,,0.5551555156707764,0.7877662181854248,-0.030192099511623383,,0.5602385997772217,0.8200784921646118,-0.024939626455307007,,0.5151739716529846,0.702057957649231,-0.02276434563100338,,0.5318592190742493,0.7508934736251831,-0.03165073320269585,,0.538761556148529,0.7866664528846741,-0.028087250888347626,,0.5421081185340881,0.8085364103317261,-0.022299600765109062,
-0.0264622513204813,-0.6059106588363647,-0.2499319463968277,0.9993100762367249,-0.006811167113482952,-0.6430841684341431,-0.24775667488574982,0.99861079454422,-0.007313689682632685,-0.642868161201477,-0.2496393322944641,0.998470664024353,-0.006797109264880419,-0.6429125070571899,-0.2475816011428833,0.9984503984451294,-0.03940478712320328,-0.6468430161476135,-0.2400967925786972,0.9987347722053528,-0.03732168301939964,-0.6475892066955566,-0.24035847187042236,0.9987788200378418,-0.03802903741598129,-0.6467739343643188,-0.23640774190425873,0.9987845420837402,0.08980262279510498,-0.6309390068054199,-0.17428123950958252,0.9988015294075012,-0.04355024918913841,-0.644342303276062,-0.12345718592405319,0.9981302618980408,0.004480456002056599,-0.5783213973045349,-0.23028361797332764,0.9991917014122009,-0.03408663347363472,-0.5801447033882141,-0.21517015993595123,0.9991941452026367,0.18951846659183502,-0.4277094900608063,-0.12223996222019196,0.9972401261329651,-0.1091708317399025,-0.4623285233974457,-0.03775041177868843,0.9986872673034668,0.16508355736732483,-0.16660723090171814,-0.09676524996757507,0.9311904907226562,-0.1538453996181488,-0.24704185128211975,-0.10949176549911499,0.8186327815055847,0.15433572232723236,0.021013595163822174,-0.15644963085651398,0.8427249789237976,-0.17231276631355286,-0.2612878382205963,-0.3362378180027008,0.889900803565979,0.15162310004234314,0.07452067732810974,-0.16525447368621826,0.7647198438644409,-0.1738302856683731,-0.25403451919555664,-0.37834951281547546,0.8562467694282532,0.1441146284341812,0.06727265566587448,-0.2061694711446762,0.7908014059066772,-0.17863373458385468,-0.27448752522468567,-0.3791995048522949,0.8640753030776978,0.1430765688419342,0.02874620631337166,-0.17599612474441528,0.7578281760215759,-0.16517527401447296,-0.26161885261535645,-0.3434794545173645,0.8178167939186096,0.09966151416301727,-0.004342352971434593,-0.012951573356986046,0.2739059627056122,-0.09893053025007248,-0.005366344470530748,0.01485633198171854,0.3489795923233032,0.11376909166574478,0.044109296053647995,-0.028495758771896362,0.32363423705101013,-0.0895373597741127,0.17920871078968048,-0.04070526733994484,0.36777156591415405,0.12760762870311737,0.3164430260658264,0.17894932627677917,0.07503771036863327,-0.09013375639915466,0.4733065068721771,0.15839053690433502,0.14409878849983215,0.1271418184041977,0.33792755007743835,0.19544082880020142,0.028208447620272636,-0.08462994545698166,0.49298620223999023,0.1752559095621109,0.05807683989405632,0.15998217463493347,0.3540732264518738,0.016989881172776222,0.08683402091264725,-0.11842773109674454,0.5363398194313049,0.008827362209558487,0.1404609978199005,25,0.834,,,,,,,,,,,,,,,,,,,,,,,,,,,,,,,,,,,,,,,,,,,,,,,,,,,,,,,,,,,,,,,,,,,,,,,,,,,,,,,,,,,,
-0.03507016599178314,-0.6154480576515198,-0.24135026335716248,0.9992746710777283,-0.014451590366661549,-0.6515019536018372,-0.2388785034418106,0.9985668659210205,-0.014924874529242516,-0.651289701461792,-0.24079789221286774,0.99842768907547,-0.014414645731449127,-0.6513612270355225,-0.23874875903129578,0.9983987808227539,-0.047102365642786026,-0.6558211445808411,-0.23077231645584106,0.9987165927886963,-0.04501736909151077,-0.6565845608711243,-0.23104919493198395,0.9987715482711792,-0.045759156346321106,-0.6558020710945129,-0.22710411250591278,0.9987744688987732,0.08297380059957504,-0.6367066502571106,-0.16533173620700836,0.9987475872039795,-0.05058377608656883,-0.652219831943512,-0.1133379191160202,0.998141884803772,-0.0042528253979980946,-0.5871849656105042,-0.22137655317783356,0.9991398453712463,-0.042846567928791046,-0.5896629095077515,-0.2059023380279541,0.9991562962532043,0.18470291793346405,-0.4327255189418793,-0.12222360074520111,0.9968390464782715,-0.11523852497339249,-0.4717607796192169,-0.03090604580938816,0.9985799789428711,0.15710900723934174,-0.1883459985256195,-0.10973930358886719,0.9289958477020264,-0.1540464460849762,-0.2503727078437805,-0.08739182353019714,0.8057764768600464,0.10623735189437866,-0.04515938460826874,-0.1698378026485443,0.8399425745010376,-0.17375974357128143,-0.21134011447429657,-0.30679234862327576,0.8762218356132507,0.09076100587844849,0.0007992390310391784,-0.1925821602344513,0.7641623616218567,-0.18105193972587585,-0.18911954760551453,-0.355389267206192,0.8440912961959839,0.08156979829072952,-0.017366662621498108,-0.22835829854011536,0.7909097671508789,-0.1786908507347107,-0.204651340842247,-0.36630961298942566,0.8544308543205261,0.09273548424243927,-0.043705880641937256,-0.18866735696792603,0.7592946290969849,-0.16591593623161316,-0.20698657631874084,-0.3189062178134918,0.8103781938552856,0.09960160404443741,-0.004291921388357878,-0.015100703574717045,0.3071649372577667,-0.09894151985645294,-0.0053564333356916904,0.016880519688129425,0.38590025901794434,0.10535457730293274,0.05527419596910477,-0.03172275424003601,0.332115113735199,-0.09436634927988052,0.1849547177553177,-0.03365987539291382,0.3762696385383606,0.12141824513673782,0.3291087746620178,0.1787598580121994,0.07708177715539932,-0.09269220381975174,0.49116751551628113,0.15721061825752258,0.15444360673427582,0.12052546441555023,0.3515802323818207,0.19496223330497742,0.028878677636384964,-0.08749082684516907,0.5127820372581482,0.17254021763801575,0.062221795320510864,0.1408725380897522,0.37595370411872864,0.027307692915201187,0.08923111855983734,-0.1325155794620514,0.5599074363708496,0.009664052166044712,0.14995869994163513,26,0.867,0.5537725687026978,0.8177666068077087,2.041318047929508e-08,,0.5777945518493652,0.8204669952392578,-0.0038847411051392555,,0.5945338606834412,0.8526442050933838,-0.006059632636606693,,0.602501392364502,0.8849260807037354,-0.007861840538680553,,0.6076377630233765,0.9143311977386475,-0.009417686611413956,,0.5887383818626404,0.891952633857727,-0.004668970592319965,,0.5954644083976746,0.9337491989135742,-0.009643315337598324,,0.5988677144050598,0.9606279134750366,-0.01289837434887886,,0.6008444428443909,0.9799977540969849,-0.014948929660022259,,0.5738840699195862,0.9034765362739563,-0.005605480168014765,,0.5806580781936646,0.9458962678909302,-0.008838461712002754,,0.5836268067359924,0.9716848731040955,-0.01088850200176239,,0.584566056728363,0.9930091500282288,-0.01251642033457756,,0.5585709810256958,0.9081834554672241,-0.007210234180092812,,0.5644735097885132,0.9512879848480225,-0.010704755783081055,,0.5680564045906067,0.9746999144554138,-0.010773762129247189,,0.569556474685669,0.9949356317520142,-0.010508744046092033,,0.5432245135307312,0.9085482954978943,-0.009150734171271324,,0.5464387536048889,0.9440320730209351,-0.012211896479129791,,0.5497570037841797,0.9664754271507263,-0.012097414582967758,,0.5521073937416077,0.986541748046875,-0.011425822041928768,
-0.03291838988661766,-0.6174775958061218,-0.24345508217811584,0.9992486834526062,-0.012582695111632347,-0.6532882452011108,-0.2411244958639145,0.9985290169715881,-0.013079198077321053,-0.6530742645263672,-0.24304138123989105,0.998395562171936,-0.012561471201479435,-0.6531562209129333,-0.24098239839076996,0.9983568787574768,-0.045357417315244675,-0.6577317714691162,-0.23329387605190277,0.9986917972564697,-0.043281830847263336,-0.6585184335708618,-0.23354852199554443,0.9987593293190002,-0.044011034071445465,-0.6577439308166504,-0.22958870232105255,0.9987562298774719,0.08412863314151764,-0.6384274959564209,-0.16727767884731293,0.9986848831176758,-0.05000484362244606,-0.6544045805931091,-0.11596620082855225,0.9981316924095154,-0.0023436557967215776,-0.5893467664718628,-0.22342775762081146,0.9991047382354736,-0.04101192206144333,-0.5919873118400574,-0.20809094607830048,0.9991292357444763,0.18492913246154785,-0.4349370002746582,-0.12516237795352936,0.9967261552810669,-0.11460289359092712,-0.47396013140678406,-0.03132589906454086,0.998478353023529,0.16656067967414856,-0.19272688031196594,-0.1167692169547081,0.9295666813850403,-0.14381149411201477,-0.25049421191215515,-0.07453025877475739,0.7889391183853149,0.12993407249450684,-0.033652644604444504,-0.18076510727405548,0.8411879539489746,-0.16806620359420776,-0.17358994483947754,-0.2807084321975708,0.856356680393219,0.12484415620565414,0.013819395564496517,-0.2064657211303711,0.7684013247489929,-0.1794964075088501,-0.14398308098316193,-0.3285472095012665,0.8268183469772339,0.10839676111936569,-0.0011932584457099438,-0.24528011679649353,0.7956933379173279,-0.17307397723197937,-0.15745492279529572,-0.34506526589393616,0.8411628007888794,0.11709974706172943,-0.030696135014295578,-0.2012181282043457,0.7656853795051575,-0.16015230119228363,-0.16689442098140717,-0.29466333985328674,0.7987163066864014,0.09884025156497955,-0.004309053998440504,-0.01634662225842476,0.33281394839286804,-0.09839273244142532,-0.005297311581671238,0.018073152750730515,0.4111291766166687,0.09415674954652786,0.056750427931547165,-0.047166403383016586,0.3270552456378937,-0.10081451386213303,0.18050800263881683,-0.03668241202831268,0.37153875827789307,0.12136765569448471,0.33037281036376953,0.1648789495229721,0.07634947448968887,-0.09232693910598755,0.4885006844997406,0.12568208575248718,0.15586546063423157,0.12072370946407318,0.35209038853645325,0.1827877014875412,0.029321562498807907,-0.08697754889726639,0.50926673412323,0.14050708711147308,0.06456104665994644,0.1419876217842102,0.3778766989707947,0.02262629196047783,0.08869137614965439,-0.1298985630273819,0.559259295463562,-0.009317954070866108,0.1522204726934433,27,0.9,0.5554488897323608,0.8364686965942383,1.9421909769334889e-07,,0.5800797343254089,0.849419891834259,-0.011142229661345482,,0.5970988273620605,0.8897075057029724,-0.019431626424193382,,0.6046074032783508,0.9341164231300354,-0.02454019896686077,,0.6081674695014954,0.967824399471283,-0.02979137748479843,,0.5777925848960876,0.8928632736206055,-0.03383858501911163,,0.5878241658210754,0.9521504044532776,-0.044511206448078156,,0.5958859324455261,0.9889964461326599,-0.04853697121143341,,0.6039333343505859,1.0171289443969727,-0.05031023919582367,,0.5601197481155396,0.9020878672599792,-0.032078906893730164,,0.5703609585762024,0.9650384783744812,-0.040945421904325485,,0.5805702805519104,1.0061376094818115,-0.04323907196521759,,0.5898643136024475,1.0359904766082764,-0.04494110494852066,,0.5450208187103271,0.9092123508453369,-0.029424013569951057,,0.5536915063858032,0.970092236995697,-0.03694656491279602,,0.5630203485488892,1.0091301202774048,-0.0386335663497448,,0.5715988278388977,1.0368835926055908,-0.039453715085983276,,0.5331282615661621,0.9146035313606262,-0.026909269392490387,,0.5381666421890259,0.9647377729415894,-0.03386719152331352,,0.544316291809082,0.9981421232223511,-0.03538249433040619,,0.5505897998809814,1.0227952003479004,-0.03564683720469475,
-0.03154221922159195,-0.6185520887374878,-0.2531531751155853,0.999073326587677,-0.011780686676502228,-0.6538655161857605,-0.2505338490009308,0.9982430934906006,-0.012316647917032242,-0.6536386609077454,-0.252356618642807,0.9981455206871033,-0.011781069450080395,-0.653719961643219,-0.2504189908504486,0.9980860948562622,-0.04458249732851982,-0.6580623984336853,-0.24294380843639374,0.9984168410301208,-0.04251807555556297,-0.6588395833969116,-0.24315710365772247,0.9985320568084717,-0.043232861906290054,-0.6580491662025452,-0.23923738300800323,0.9985052943229675,0.08485859632492065,-0.6380248665809631,-0.17759300768375397,0.9984183311462402,-0.049522243440151215,-0.6534438133239746,-0.12455049902200699,0.9977976083755493,-0.0010205802973359823,-0.5899754762649536,-0.2329062670469284,0.9989819526672363,-0.03975701704621315,-0.5922117233276367,-0.21719586849212646,0.9990029335021973,0.18458706140518188,-0.43517881631851196,-0.13776257634162903,0.9967027306556702,-0.1141253262758255,-0.4735085070133209,-0.045635513961315155,0.998308002948761,0.17975997924804688,-0.19283851981163025,-0.12718527019023895,0.9289515614509583,-0.13800373673439026,-0.24155400693416595,-0.061701688915491104,0.7657201290130615,0.1337185800075531,-0.03228245675563812,-0.19250251352787018,0.8241129517555237,-0.16152045130729675,-0.13927078247070312,-0.22685781121253967,0.8086943030357361,0.12841753661632538,0.016902510076761246,-0.22037313878536224,0.750696063041687,-0.17211870849132538,-0.1046561673283577,-0.2631855010986328,0.7821567058563232,0.11299867182970047,0.002429917687550187,-0.25981247425079346,0.7818921804428101,-0.16656051576137543,-0.11627479642629623,-0.2893539071083069,0.8018901348114014,0.11762877553701401,-0.028520697727799416,-0.21346288919448853,0.7514876127243042,-0.15419548749923706,-0.1314796358346939,-0.24337762594223022,0.760991096496582,0.0983792394399643,-0.004370587877929211,-0.016998767852783203,0.3311119079589844,-0.0980447307229042,-0.005129633471369743,0.018677981570363045,0.4083046615123749,0.09518418461084366,0.05464516952633858,-0.05502473562955856,0.3128429353237152,-0.09888116270303726,0.1902891993522644,-0.04549473896622658,0.3605969250202179,0.1285594403743744,0.3258571922779083,0.16509376466274261,0.07271161675453186,-0.09230474382638931,0.5065638422966003,0.1234053298830986,0.15281738340854645,0.12936589121818542,0.3467373251914978,0.18369126319885254,0.028470223769545555,-0.08742266893386841,0.5284753441810608,0.14147745072841644,0.06478104740381241,0.15060825645923615,0.366744726896286,0.024344969540834427,0.0846995860338211,-0.13261552155017853,0.5717580318450928,-0.009258349426090717,0.1491032987833023,28,0.934,0.5602487325668335,0.8961715698242188,-2.6619742854450124e-08,,0.5860908031463623,0.9187285304069519,-0.0036095906980335712,,0.6030378341674805,0.960719108581543,-0.006248766090720892,,0.608227014541626,1.0028375387191772,-0.009079069830477238,,0.6071797013282776,1.034536600112915,-0.01109229028224945,,0.5892080068588257,1.006368637084961,-0.0003826966567430645,,0.5937774777412415,1.0573182106018066,-0.004609912168234587,,0.597262442111969,1.080267310142517,-0.008430302143096924,,0.6000925302505493,1.094427227973938,-0.010734614916145802,,0.5749375224113464,1.0147347450256348,-0.0012467466294765472,,0.57918781042099,1.063207983970642,-0.002711087930947542,,0.5827672481536865,1.0838720798492432,-0.00469723716378212,,0.5851317048072815,1.0965365171432495,-0.006474574562162161,,0.5606626272201538,1.0159074068069458,-0.0029513731133192778,,0.5642454028129578,1.062147855758667,-0.004954217467457056,,0.5688395500183105,1.082427978515625,-0.0041603767313063145,,0.5721349120140076,1.095283031463623,-0.0036392139736562967,,0.5473500490188599,1.0123562812805176,-0.005145832896232605,,0.5483459234237671,1.052239179611206,-0.006069602444767952,,0.5519189834594727,1.0695419311523438,-0.003723104717209935,,0.5549717545509338,1.079587459564209,-0.0015849656192585826,
-0.028987374156713486,-0.6181727647781372,-0.2635575830936432,0.998842716217041,-0.008475043810904026,-0.6534820795059204,-0.2612404525279999,0.9979081749916077,-0.008970464579761028,-0.6532526016235352,-0.2630748450756073,0.9978451728820801,-0.008434627205133438,-0.6533357501029968,-0.26114219427108765,0.9977763891220093,-0.04115370288491249,-0.6575092077255249,-0.25379136204719543,0.9980800747871399,-0.03907882794737816,-0.6582840085029602,-0.2539944350719452,0.9982392191886902,-0.03982243314385414,-0.6574873328208923,-0.2500665485858917,0.9981992840766907,0.0873161181807518,-0.6376431584358215,-0.18897247314453125,0.9980932474136353,-0.04628657177090645,-0.6532287001609802,-0.13563752174377441,0.9973659515380859,0.0012216431787237525,-0.589620053768158,-0.24341286718845367,0.998795747756958,-0.037315480411052704,-0.5916244983673096,-0.22766026854515076,0.9988017678260803,0.1848863810300827,-0.4348427355289459,-0.14502081274986267,0.9965640902519226,-0.11130235344171524,-0.47273510694503784,-0.0551893413066864,0.9980356097221375,0.18410193920135498,-0.19027824699878693,-0.13139040768146515,0.9263392090797424,-0.12457789480686188,-0.23175087571144104,-0.057153210043907166,0.7386350631713867,0.1388414353132248,-0.0307253897190094,-0.1982845515012741,0.8103775978088379,-0.15132266283035278,-0.1283508688211441,-0.214523583650589,0.7672268152236938,0.13427706062793732,0.017801307141780853,-0.22759215533733368,0.738075315952301,-0.16287069022655487,-0.09541019797325134,-0.25219881534576416,0.744438648223877,0.11526969075202942,0.0021971946116536856,-0.26592108607292175,0.7718345522880554,-0.15830503404140472,-0.1102728545665741,-0.276540607213974,0.7685741186141968,0.12258713692426682,-0.027327213436365128,-0.2192058563232422,0.7414045929908752,-0.1448054015636444,-0.12193135917186737,-0.23062664270401,0.7290833592414856,0.09809842705726624,-0.004247288219630718,-0.017471319064497948,0.32816100120544434,-0.09783653914928436,-0.005189861170947552,0.01913432963192463,0.40296807885169983,0.09578422456979752,0.056515973061323166,-0.05520067736506462,0.300279825925827,-0.09874817728996277,0.18810468912124634,-0.04636511579155922,0.35033440589904785,0.12809708714485168,0.3226899206638336,0.169271320104599,0.06931781768798828,-0.09269805997610092,0.5025231838226318,0.12513095140457153,0.1487361341714859,0.1285754144191742,0.3431170880794525,0.1895168423652649,0.027827778831124306,-0.08801230043172836,0.5236967206001282,0.14433583617210388,0.06506014615297318,0.14940530061721802,0.35904523730278015,0.03191818296909332,0.08106361329555511,-0.13438332080841064,0.5660821795463562,-3.9977770939003676e-05,0.1457749456167221,29,0.967,,,,,,,,,,,,,,,,,,,,,,,,,,,,,,,,,,,,,,,,,,,,,,,,,,,,,,,,,,,,,,,,,,,,,,,,,,,,,,,,,,,,
-0.029335500672459602,-0.6176506280899048,-0.2696906328201294,0.9987808465957642,-0.007748361211270094,-0.6530423164367676,-0.2679957151412964,0.9978099465370178,-0.008249509148299694,-0.6528167724609375,-0.26968878507614136,0.997796356678009,-0.007714305073022842,-0.652900218963623,-0.2678509056568146,0.9976997971534729,-0.04054414480924606,-0.6570111513137817,-0.25902268290519714,0.9979286789894104,-0.03846682608127594,-0.6577835083007812,-0.259178102016449,0.998110294342041,-0.03920583799481392,-0.6569830775260925,-0.2552933394908905,0.9980337619781494,0.08968417346477509,-0.6351181268692017,-0.1983005255460739,0.9980136752128601,-0.045181650668382645,-0.6515448093414307,-0.13609905540943146,0.9971958994865417,0.0013070093700662255,-0.5891673564910889,-0.25023606419563293,0.9987955689430237,-0.037525080144405365,-0.5911004543304443,-0.23166407644748688,0.998776376247406,0.18503957986831665,-0.432680606842041,-0.15652114152908325,0.9967363476753235,-0.11110220849514008,-0.46727725863456726,-0.05570487305521965,0.9980262517929077,0.18383385241031647,-0.1888047754764557,-0.1544405221939087,0.9230316877365112,-0.12836001813411713,-0.22351278364658356,-0.03704307973384857,0.7187256217002869,0.1394488513469696,-0.03223789483308792,-0.2291143834590912,0.7667769193649292,-0.1520029902458191,-0.10015371441841125,-0.1707984209060669,0.7111426591873169,0.1346709281206131,0.016372568905353546,-0.25731730461120605,0.6947572231292725,-0.1631281077861786,-0.05741531029343605,-0.19354550540447235,0.6897892951965332,0.11724235862493515,0.0031920806504786015,-0.2977445125579834,0.7340441346168518,-0.1591140329837799,-0.06012966111302376,-0.22893434762954712,0.7177010178565979,0.1240832731127739,-0.027849335223436356,-0.25057265162467957,0.7016586065292358,-0.14551401138305664,-0.0879187062382698,-0.1901993304491043,0.6800241470336914,0.09807807207107544,-0.00434495834633708,-0.021966226398944855,0.3090294301509857,-0.09781856834888458,-0.005007616244256496,0.02360432781279087,0.3775378465652466,0.09206373989582062,0.0455189011991024,-0.07015722990036011,0.28390952944755554,-0.09499054402112961,0.1932881772518158,-0.04717331752181053,0.3302570581436157,0.13844811916351318,0.32062411308288574,0.1526898592710495,0.06597931683063507,-0.09283723682165146,0.5169042944908142,0.15788860619068146,0.140615776181221,0.13993385434150696,0.3408067524433136,0.17367710173130035,0.02644863724708557,-0.08997159451246262,0.53854900598526,0.1882943958044052,0.06256837397813797,0.1536238044500351,0.3565322160720825,-0.014580505900084972,0.07707234472036362,-0.15350812673568726,0.5681511163711548,0.03782350569963455,0.13787265121936798,30,1.001,,,,,,,,,,,,,,,,,,,,,,,,,,,,,,,,,,,,,,,,,,,,,,,,,,,,,,,,,,,,,,,,,,,,,,,,,,,,,,,,,,,,
-0.02910776250064373,-0.6172927618026733,-0.2726079523563385,0.9986590147018433,-0.007328981067985296,-0.6527302861213684,-0.27181321382522583,0.9976592659950256,-0.00783523079007864,-0.6524791717529297,-0.27355560660362244,0.9977103471755981,-0.0072939712554216385,-0.6525554060935974,-0.2717060148715973,0.99759840965271,-0.04012357071042061,-0.6568617820739746,-0.26171109080314636,0.9976552724838257,-0.038043636828660965,-0.657616138458252,-0.26179981231689453,0.9978476762771606,-0.0387759692966938,-0.6568016409873962,-0.25788572430610657,0.9977045059204102,0.09261438995599747,-0.6307910680770874,-0.20601439476013184,0.9979394674301147,-0.04128289967775345,-0.6476728916168213,-0.13661609590053558,0.9967984557151794,0.0017396215116605163,-0.5886232256889343,-0.2543998658657074,0.9987775683403015,-0.03708641976118088,-0.5908158421516418,-0.233825221657753,0.9986873269081116,0.1852758228778839,-0.4279835522174835,-0.1654588282108307,0.9968815445899963,-0.10819932818412781,-0.46213892102241516,-0.055416349321603775,0.9978504776954651,0.18687888979911804,-0.18242458999156952,-0.16335174441337585,0.9187498688697815,-0.12758857011795044,-0.22119468450546265,-0.019313763827085495,0.6901077628135681,0.14546291530132294,-0.030600806698203087,-0.2415279746055603,0.7268340587615967,-0.15540413558483124,-0.09829868376255035,-0.13979960978031158,0.6576183438301086,0.14206817746162415,0.01701890304684639,-0.2691638469696045,0.6564825773239136,-0.1676602065563202,-0.05410756170749664,-0.15926797688007355,0.6385356187820435,0.11999072134494781,0.006871526595205069,-0.3076675832271576,0.7003278136253357,-0.16623423993587494,-0.05523708462715149,-0.195339635014534,0.6692283749580383,0.12837974727153778,-0.0272319745272398,-0.2618003785610199,0.6670784950256348,-0.14993439614772797,-0.0844717025756836,-0.15981273353099823,0.6341604590415955,0.0980839803814888,-0.004139455035328865,-0.026495346799492836,0.2886822819709778,-0.09776677191257477,-0.005103709641844034,0.028273269534111023,0.35036665201187134,0.09228876233100891,0.022616904228925705,-0.08796307444572449,0.26691576838493347,-0.0947924256324768,0.15940308570861816,-0.05336466059088707,0.30868878960609436,0.1424538493156433,0.30903324484825134,0.14431561529636383,0.062209755182266235,-0.09193109720945358,0.5098639726638794,0.16957423090934753,0.13137702643871307,0.1438455730676651,0.32756614685058594,0.16599810123443604,0.025085745379328728,-0.08975108712911606,0.5308915972709656,0.20401902496814728,0.059998415410518646,0.1537090241909027,0.31547003984451294,-0.03998616337776184,0.07240604609251022,-0.1514558643102646,0.5529412031173706,0.04685884341597557,0.1287665069103241,31,1.034,,,,,,,,,,,,,,,,,,,,,,,,,,,,,,,,,,,,,,,,,,,,,,,,,,,,,,,,,,,,,,,,,,,,,,,,,,,,,,,,,,,,
