pose_world_0_x,pose_world_0_y,pose_world_0_z,pose_world_0_visibility,pose_world_1_x,pose_world_1_y,pose_world_1_z,pose_world_1_visibility,pose_world_2_x,pose_world_2_y,pose_world_2_z,pose_world_2_visibility,pose_world_3_x,pose_world_3_y,pose_world_3_z,pose_world_3_visibility,pose_world_4_x,pose_world_4_y,pose_world_4_z,pose_world_4_visibility,pose_world_5_x,pose_world_5_y,pose_world_5_z,pose_world_5_visibility,pose_world_6_x,pose_world_6_y,pose_world_6_z,pose_world_6_visibility,pose_world_7_x,pose_world_7_y,pose_world_7_z,pose_world_7_visibility,pose_world_8_x,pose_world_8_y,pose_world_8_z,pose_world_8_visibility,pose_world_9_x,pose_world_9_y,pose_world_9_z,pose_world_9_visibility,pose_world_10_x,pose_world_10_y,pose_world_10_z,pose_world_10_visibility,pose_world_11_x,pose_world_11_y,pose_world_11_z,pose_world_11_visibility,pose_world_12_x,pose_world_12_y,pose_world_12_z,pose_world_12_visibility,pose_world_13_x,pose_world_13_y,pose_world_13_z,pose_world_13_visibility,pose_world_14_x,pose_world_14_y,pose_world_14_z,pose_world_14_visibility,pose_world_15_x,pose_world_15_y,pose_world_15_z,pose_world_15_visibility,pose_world_16_x,pose_world_16_y,pose_world_16_z,pose_world_16_visibility,pose_world_17_x,pose_world_17_y,pose_world_17_z,pose_world_17_visibility,pose_world_18_x,pose_world_18_y,pose_world_18_z,pose_world_18_visibility,pose_world_19_x,pose_world_19_y,pose_world_19_z,pose_world_19_visibility,pose_world_20_x,pose_world_20_y,pose_world_20_z,pose_world_20_visibility,pose_world_21_x,pose_world_21_y,pose_world_21_z,pose_world_21_visibility,pose_world_22_x,pose_world_22_y,pose_world_22_z,pose_world_22_visibility,pose_world_23_x,pose_world_23_y,pose_world_23_z,pose_world_23_visibility,pose_world_24_x,pose_world_24_y,pose_world_24_z,pose_world_24_visibility,pose_world_25_x,pose_world_25_y,pose_world_25_z,pose_world_25_visibility,pose_world_26_x,pose_world_26_y,pose_world_26_z,pose_world_26_visibility,pose_world_27_x,pose_world_27_y,pose_world_27_z,pose_world_27_visibility,pose_world_28_x,pose_world_28_y,pose_world_28_z,pose_world_28_visibility,pose_world_29_x,pose_world_29_y,pose_world_29_z,pose_world_29_visibility,pose_world_30_x,pose_world_30_y,pose_world_30_z,pose_world_30_visibility,pose_world_31_x,pose_world_31_y,pose_world_31_z,pose_world_31_visibility,pose_world_32_x,pose_world_32_y,pose_world_32_z,pose_world_32_visibility,frame,timestamp,left_hand_0_x,left_hand_0_y,left_hand_0_z,left_hand_0_visibility,left_hand_1_x,left_hand_1_y,left_hand_1_z,left_hand_1_visibility,left_hand_2_x,left_hand_2_y,left_hand_2_z,left_hand_2_visibility,left_hand_3_x,left_hand_3_y,left_hand_3_z,left_hand_3_visibility,left_hand_4_x,left_hand_4_y,left_hand_4_z,left_hand_4_visibility,left_hand_5_x,left_hand_5_y,left_hand_5_z,left_hand_5_visibility,left_hand_6_x,left_hand_6_y,left_hand_6_z,left_hand_6_visibility,left_hand_7_x,left_hand_7_y,left_hand_7_z,left_hand_7_visibility,left_hand_8_x,left_hand_8_y,left_hand_8_z,left_hand_8_visibility,left_hand_9_x,left_hand_9_y,left_hand_9_z,left_hand_9_visibility,left_hand_10_x,left_hand_10_y,left_hand_10_z,left_hand_10_visibility,left_hand_11_x,left_hand_11_y,left_hand_11_z,left_hand_11_visibility,left_hand_12_x,left_hand_12_y,left_hand_12_z,left_hand_12_visibility,left_hand_13_x,left_hand_13_y,left_hand_13_z,left_hand_13_visibility,left_hand_14_x,left_hand_14_y,left_hand_14_z,left_hand_14_visibility,left_hand_15_x,left_hand_15_y,left_hand_15_z,left_hand_15_visibility,left_hand_16_x,left_hand_16_y,left_hand_16_z,left_hand_16_visibility,left_hand_17_x,left_hand_17_y,left_hand_17_z,left_hand_17_visibility,left_hand_18_x,left_hand_18_y,left_hand_18_z,left_hand_18_visibility,left_hand_19_x,left_hand_19_y,left_hand_19_z,left_hand_19_visibility,left_hand_20_x,left_hand_20_y,left_hand_20_z,left_hand_20_visibility,right_hand_0_x,right_hand_0_y,right_hand_0_z,right_hand_0_visibility,right_hand_1_x,right_hand_1_y,right_hand_1_z,right_hand_1_visibility,right_hand_2_x,right_hand_2_y,right_hand_2_z,right_hand_2_visibility,right_hand_3_x,right_hand_3_y,right_hand_3_z,right_hand_3_visibility,right_hand_4_x,right_hand_4_y,right_hand_4_z,right_hand_4_visibility,right_hand_5_x,right_hand_5_y,right_hand_5_z,right_hand_5_visibility,right_hand_6_x,right_hand_6_y,right_hand_6_z,right_hand_6_visibility,right_hand_7_x,right_hand_7_y,right_hand_7_z,right_hand_7_visibility,right_hand_8_x,right_hand_8_y,right_hand_8_z,right_hand_8_visibility,right_hand_9_x,right_hand_9_y,right_hand_9_z,right_hand_9_visibility,right_hand_10_x,right_hand_10_y,right_hand_10_z,right_hand_10_visibility,right_hand_11_x,right_hand_11_y,right_hand_11_z,right_hand_11_visibility,right_hand_12_x,right_hand_12_y,right_hand_12_z,right_hand_12_visibility,right_hand_13_x,right_hand_13_y,right_hand_13_z,right_hand_13_visibility,right_hand_14_x,right_hand_14_y,right_hand_14_z,right_hand_14_visibility,right_hand_15_x,right_hand_15_y,right_hand_15_z,right_hand_15_visibility,right_hand_16_x,right_hand_16_y,right_hand_16_z,right_hand_16_visibility,right_hand_17_x,right_hand_17_y,right_hand_17_z,right_hand_17_visibility,right_hand_18_x,right_hand_18_y,right_hand_18_z,right_hand_18_visibility,right_hand_19_x,right_hand_19_y,right_hand_19_z,right_hand_19_visibility,right_hand_20_x,right_hand_20_y,right_hand_20_z,right_hand_20_visibility
-0.02737821266055107,-0.6037627458572388,-0.3188095688819885,0.9992262125015259,-0.003869690466672182,-0.6378616690635681,-0.31193432211875916,0.9985892176628113,-0.00429099565371871,-0.637451171875,-0.3137713074684143,0.9987655878067017,-0.003798744175583124,-0.637421727180481,-0.3119582235813141,0.9985818862915039,-0.04101693257689476,-0.642079770565033,-0.30770039558410645,0.9983893632888794,-0.03897857666015625,-0.642858624458313,-0.3076147139072418,0.9984276294708252,-0.03956011310219765,-0.6418555378913879,-0.3036998510360718,0.9980564713478088,0.08806581050157547,-0.6096420884132385,-0.22949792444705963,0.9987762570381165,-0.0604889914393425,-0.6245596408843994,-0.1840800642967224,0.9978352189064026,0.00023538246750831604,-0.5698325037956238,-0.296111136674881,0.9996609687805176,-0.042775463312864304,-0.572443425655365,-0.28238528966903687,0.9995618462562561,0.1821921467781067,-0.3990940451622009,-0.17781469225883484,0.9988284707069397,-0.13494005799293518,-0.4339400827884674,-0.12386059015989304,0.998216450214386,0.22773903608322144,-0.14501124620437622,-0.16999970376491547,0.8043925762176514,-0.15469324588775635,-0.21084588766098022,-0.07494144886732101,0.5915653109550476,0.23276442289352417,0.044052667915821075,-0.2590143084526062,0.15558958053588867,-0.18503190577030182,-0.04600934684276581,-0.16419345140457153,0.12239442020654678,0.23884262144565582,0.11323671787977219,-0.2787463366985321,0.12897896766662598,-0.18921853601932526,0.017015499994158745,-0.17376381158828735,0.11226305365562439,0.2116001844406128,0.11681510508060455,-0.3248450756072998,0.18709973990917206,-0.18614883720874786,0.03122752346098423,-0.2189614623785019,0.15272380411624908,0.21351145207881927,0.059843577444553375,-0.2810206711292267,0.1676674634218216,-0.17657478153705597,-0.022911427542567253,-0.18573106825351715,0.14669188857078552,0.1035166010260582,-0.0038701207377016544,-0.014664361253380775,0.12131468951702118,-0.10219036787748337,-0.003697933629155159,0.016609955579042435,0.12743233144283295,0.07324407994747162,-0.011228811927139759,-0.07548311352729797,0.09506688266992569,-0.07346388697624207,0.08125679194927216,-0.1145099401473999,0.12282915413379669,0.15103991329669952,0.2707844078540802,0.19779832661151886,0.029151592403650284,-0.05860952287912369,0.45838579535484314,0.1845589280128479,0.05541113391518593,0.15542003512382507,0.2898368537425995,0.22298169136047363,0.012639557011425495,-0.05849914997816086,0.4794212877750397,0.2264210432767868,0.02954772673547268,0.17231053113937378,0.2639208137989044,-0.0008282886119559407,0.025821596384048462,-0.11266619712114334,0.4833003580570221,0.050262026488780975,0.040131576359272,0,0.0,,,,,,,,,,,,,,,,,,,,,,,,,,,,,,,,,,,,,,,,,,,,,,,,,,,,,,,,,,,,,,,,,,,,,,,,,,,,,,,,,,,,,,,,,,,,,,,,,,,,,,,,,,,,,,,,,,,,,,,,,,,,,,,,,,,,,,,,,,,,,,,,,,,,,,,,,,,,,,,,,,,,,,,,
-0.027861353009939194,-0.6020340919494629,-0.30774298310279846,0.9992745518684387,-0.00719424057751894,-0.6375336647033691,-0.2990877032279968,0.9986788630485535,-0.007641786243766546,-0.6371237635612488,-0.3009994626045227,0.998840868473053,-0.007145749405026436,-0.6370787024497986,-0.2990453839302063,0.9986621141433716,-0.04483683034777641,-0.6412301063537598,-0.29655739665031433,0.9985077381134033,-0.04276964068412781,-0.6419686079025269,-0.29662418365478516,0.9985482692718506,-0.04335257038474083,-0.6410057544708252,-0.29269301891326904,0.9982064366340637,0.08267059177160263,-0.6132912039756775,-0.20893234014511108,0.9988465309143066,-0.06993386149406433,-0.624762237071991,-0.17481711506843567,0.998012125492096,6.796031084377319e-05,-0.5696917772293091,-0.2826392352581024,0.9996749758720398,-0.04335476830601692,-0.5715962052345276,-0.2720114290714264,0.9995861649513245,0.18231101334095,-0.4120755195617676,-0.1570630967617035,0.9987059831619263,-0.14039303362369537,-0.43433743715286255,-0.11474006623029709,0.9982258677482605,0.22724825143814087,-0.17671652138233185,-0.16439956426620483,0.8022871017456055,-0.15964721143245697,-0.21107171475887299,-0.1283198446035385,0.6013453006744385,0.18569260835647583,-0.015968168154358864,-0.26125892996788025,0.1641131490468979,-0.14856958389282227,-0.09709462523460388,-0.31996914744377136,0.1372450888156891,0.16990071535110474,0.04137100279331207,-0.2829490303993225,0.13619953393936157,-0.13859054446220398,-0.057608962059020996,-0.35472995042800903,0.12563316524028778,0.14239619672298431,0.03244803845882416,-0.3262380361557007,0.19517461955547333,-0.13117796182632446,-0.06313638389110565,-0.3781817853450775,0.1683807671070099,0.1636379510164261,-0.00749687384814024,-0.282967746257782,0.17486605048179626,-0.13600893318653107,-0.08537612110376358,-0.33538714051246643,0.15960516035556793,0.10397341102361679,-0.006108359433710575,-0.009995779022574425,0.11706081032752991,-0.1028498038649559,-0.0024472009390592575,0.012124668806791306,0.12409155815839767,0.09456450492143631,-0.04133350029587746,-0.07545394450426102,0.10031527280807495,-0.07693544030189514,0.08301128447055817,-0.11824861913919449,0.12713134288787842,0.15704204142093658,0.2481520175933838,0.17510570585727692,0.029758881777524948,-0.06922725588083267,0.4346495270729065,0.1446504443883896,0.05678258836269379,0.16063277423381805,0.26619601249694824,0.1977280080318451,0.013065587729215622,-0.06565751880407333,0.45221543312072754,0.1782921403646469,0.029709002003073692,0.1997831165790558,0.24794670939445496,-0.028656795620918274,0.02715338207781315,-0.11089228838682175,0.4765365421772003,-0.01264254841953516,0.04208630323410034,1,0.033,,,,,,,,,,,,,,,,,,,,,,,,,,,,,,,,,,,,,,,,,,,,,,,,,,,,,,,,,,,,,,,,,,,,,,,,,,,,,,,,,,,,,,,,,,,,,,,,,,,,,,,,,,,,,,,,,,,,,,,,,,,,,,,,,,,,,,,,,,,,,,,,,,,,,,,,,,,,,,,,,,,,,,,,
-0.040582288056612015,-0.6026448011398315,-0.27108073234558105,0.9993134140968323,-0.02305315062403679,-0.640084981918335,-0.26252830028533936,0.998760461807251,-0.023594994097948074,-0.6397145986557007,-0.2645344138145447,0.9989069700241089,-0.02314247563481331,-0.6396642923355103,-0.26232796907424927,0.998733401298523,-0.060996703803539276,-0.6433402299880981,-0.2599952816963196,0.9986160397529602,-0.058897316455841064,-0.6440118551254272,-0.26045092940330505,0.9986570477485657,-0.05947205796837807,-0.6430532932281494,-0.25645917654037476,0.9983446002006531,0.06984760612249374,-0.6240728497505188,-0.17137442529201508,0.998903214931488,-0.08613065630197525,-0.6326609253883362,-0.13910441100597382,0.9981772899627686,-0.00952109880745411,-0.5717337131500244,-0.24592535197734833,0.9996791481971741,-0.05452658608555794,-0.5729150176048279,-0.23559221625328064,0.9996033906936646,0.17980855703353882,-0.4229344427585602,-0.13725680112838745,0.9985991716384888,-0.15698961913585663,-0.43673643469810486,-0.06106644123792648,0.9982160925865173,0.22179096937179565,-0.19883114099502563,-0.20914620161056519,0.8182722330093384,-0.1872517168521881,-0.2083539068698883,-0.11787063628435135,0.6243242025375366,0.015934066846966743,-0.17980928719043732,-0.377656489610672,0.23592862486839294,-0.1704290360212326,-0.12376854568719864,-0.31222739815711975,0.1918756067752838,-0.05102398991584778,-0.16537350416183472,-0.42372384667396545,0.1980254203081131,-0.15766364336013794,-0.10129469633102417,-0.3541916310787201,0.16836579144001007,-0.07942977547645569,-0.20980094373226166,-0.4257836937904358,0.2538222670555115,-0.1562686562538147,-0.12319698929786682,-0.3672209680080414,0.2130812257528305,-0.013607537373900414,-0.19528093934059143,-0.3858460485935211,0.2307591587305069,-0.15921029448509216,-0.12238103151321411,-0.3243532180786133,0.20211024582386017,0.10586211085319519,-0.007299152202904224,-0.00933283381164074,0.1207067221403122,-0.10508055239915848,-0.0016873532440513372,0.011393504217267036,0.12688443064689636,0.10573073476552963,-0.05007243528962135,-0.07474903762340546,0.0994189977645874,-0.11034732311964035,0.08166403323411942,-0.10528118163347244,0.12296900898218155,0.1476546972990036,0.22486338019371033,0.17228588461875916,0.029126249253749847,-0.10271479189395905,0.4151640832424164,0.14128924906253815,0.05381305143237114,0.1482807993888855,0.239507794380188,0.192646324634552,0.013190435245633125,-0.09499575197696686,0.4310759902000427,0.16995802521705627,0.028297387063503265,0.1967933475971222,0.21896009147167206,-0.031240299344062805,0.027458233758807182,-0.12176240980625153,0.46803122758865356,-0.025255603715777397,0.0408693328499794,2,0.066,0.6688945293426514,0.9423434734344482,7.104620891595914e-08,,0.6511932611465454,0.8811960816383362,-0.0049945758655667305,,0.621730387210846,0.8396028876304626,-0.008215676061809063,,0.5976399183273315,0.817945659160614,-0.011350375600159168,,0.5837714672088623,0.8026168346405029,-0.01308766845613718,,0.5863050222396851,0.9001325368881226,-0.0026815745513886213,,0.5532296895980835,0.8849977850914001,-0.01062718965113163,,0.5513831973075867,0.8633806705474854,-0.017454583197832108,,0.5570902824401855,0.8461908102035522,-0.020810751244425774,,0.5812973976135254,0.9364488124847412,-0.0027035942766815424,,0.5499972105026245,0.9196611642837524,-0.007006190251559019,,0.5440443158149719,0.9007258415222168,-0.011718274094164371,,0.544799268245697,0.8858815431594849,-0.014885948970913887,,0.5806383490562439,0.9660132527351379,-0.003374605206772685,,0.5497839450836182,0.9499043822288513,-0.006135322619229555,,0.5438556671142578,0.9297468066215515,-0.005948572885245085,,0.5442273020744324,0.9153858423233032,-0.005546429194509983,,0.582813560962677,0.9862815141677856,-0.004669320769608021,,0.5542373061180115,0.973520815372467,-0.0047898865304887295,,0.5459256172180176,0.9584214091300964,-0.0008964609587565064,,0.5438113808631897,0.9467090368270874,0.0026896523777395487,,,,,,,,,,,,,,,,,,,,,,,,,,,,,,,,,,,,,,,,,,,,,,,,,,,,,,,,,,,,,,,,,,,,,,,,,,,,,,,,,,,,,
-0.04116102308034897,-0.6059198975563049,-0.264350026845932,0.9993568062782288,-0.02356485091149807,-0.6448661684989929,-0.25789788365364075,0.9988536834716797,-0.024147644639015198,-0.6444761753082275,-0.26009172201156616,0.9989866614341736,-0.023698411881923676,-0.6444433331489563,-0.25774314999580383,0.9988262057304382,-0.06094736233353615,-0.6479158997535706,-0.2534169852733612,0.9987245202064514,-0.05888482555747032,-0.6485146284103394,-0.25389865040779114,0.998762309551239,-0.059472471475601196,-0.6475265622138977,-0.24979707598686218,0.9984782934188843,0.07097829133272171,-0.6301900744438171,-0.17347091436386108,0.998978316783905,-0.08379273116588593,-0.6390117406845093,-0.13231691718101501,0.9983296990394592,-0.009207824245095253,-0.5755842328071594,-0.24166518449783325,0.999692440032959,-0.05402347818017006,-0.5766125917434692,-0.22819916903972626,0.9996231198310852,0.1831817775964737,-0.4254046380519867,-0.14167241752147675,0.9986287355422974,-0.15531115233898163,-0.4388856589794159,-0.048584870994091034,0.998238742351532,0.22262416779994965,-0.20958946645259857,-0.23132887482643127,0.8345814347267151,-0.18919487297534943,-0.20201367139816284,-0.09047374874353409,0.6442268490791321,0.021001217886805534,-0.2465599775314331,-0.40228161215782166,0.30829280614852905,-0.19980014860630035,-0.12128537893295288,-0.27340516448020935,0.24911561608314514,-0.04383347928524017,-0.2430839240550995,-0.44887664914131165,0.26742205023765564,-0.20106732845306396,-0.09518276154994965,-0.30365249514579773,0.2150963693857193,-0.06733918935060501,-0.28891658782958984,-0.44393184781074524,0.3186216950416565,-0.2007172703742981,-0.11609181761741638,-0.3294568359851837,0.26113250851631165,-0.006287480238825083,-0.26544809341430664,-0.4065515100955963,0.2960396409034729,-0.19159233570098877,-0.11922256648540497,-0.2902657091617584,0.2512085437774658,0.10938842594623566,-0.00701197749003768,-0.009405341930687428,0.13801458477973938,-0.10795596241950989,-0.0018956331769004464,0.01146035734564066,0.14137965440750122,0.11529418081045151,-0.04709652438759804,-0.07452554255723953,0.09441343694925308,-0.13172878324985504,0.030664006248116493,-0.09460267424583435,0.11607784032821655,0.13848602771759033,0.21432334184646606,0.19002054631710052,0.027685053646564484,-0.10858779400587082,0.3991318941116333,0.1453675776720047,0.050079986453056335,0.13751600682735443,0.2259187549352646,0.21042996644973755,0.013012662529945374,-0.09751227498054504,0.4134332537651062,0.1784990429878235,0.02665375918149948,0.1722949594259262,0.18628498911857605,-0.0223679281771183,0.02648138627409935,-0.119461290538311,0.44429442286491394,-0.014085187576711178,0.0386611707508564,3,0.1,,,,,,,,,,,,,,,,,,,,,,,,,,,,,,,,,,,,,,,,,,,,,,,,,,,,,,,,,,,,,,,,,,,,,,,,,,,,,,,,,,,,,,,,,,,,,,,,,,,,,,,,,,,,,,,,,,,,,,,,,,,,,,,,,,,,,,,,,,,,,,,,,,,,,,,,,,,,,,,,,,,,,,,,
-0.044469013810157776,-0.6063143610954285,-0.24921096861362457,0.9993557929992676,-0.027078382670879364,-0.6457545757293701,-0.24492457509040833,0.9988953471183777,-0.02768331579864025,-0.6453745365142822,-0.24712717533111572,0.9990204572677612,-0.027255497872829437,-0.6453794836997986,-0.244675874710083,0.9988710284233093,-0.06341779977083206,-0.6487389802932739,-0.23962119221687317,0.9987698197364807,-0.06137043610215187,-0.6493186354637146,-0.24016186594963074,0.9988017678260803,-0.061980027705430984,-0.6483149528503418,-0.23606973886489868,0.9985414743423462,0.06909231096506119,-0.6337168216705322,-0.16593925654888153,0.9990049004554749,-0.082466721534729,-0.6426530480384827,-0.12052515149116516,0.9984101057052612,-0.010926797986030579,-0.5767070651054382,-0.2280619740486145,0.9996744394302368,-0.05489024147391319,-0.5776658058166504,-0.21322795748710632,0.9996047019958496,0.18255069851875305,-0.42921701073646545,-0.1348906308412552,0.9986417889595032,-0.15447576344013214,-0.4420051574707031,-0.032716043293476105,0.9982168674468994,0.21202659606933594,-0.2231002151966095,-0.22937215864658356,0.8497195243835449,-0.1884925812482834,-0.20171989500522614,-0.04024593532085419,0.6667954921722412,0.012088268995285034,-0.29895737767219543,-0.39523595571517944,0.375176340341568,-0.22975826263427734,-0.11953325569629669,-0.19444498419761658,0.3093354105949402,-0.04917586222290993,-0.30770155787467957,-0.4436505138874054,0.3337319493293762,-0.24354176223278046,-0.09307797253131866,-0.22905810177326202,0.2666887044906616,-0.0657278299331665,-0.3566790223121643,-0.43606841564178467,0.38028818368911743,-0.2467585802078247,-0.11473044008016586,-0.24320454895496368,0.31232571601867676,-0.011795781552791595,-0.3216506838798523,-0.3989454209804535,0.35859033465385437,-0.22493386268615723,-0.11756490170955658,-0.20690572261810303,0.303817480802536,0.11024437099695206,-0.006247110199183226,-0.009902052581310272,0.15387970209121704,-0.10870549082756042,-0.0025054658763110638,0.011862543411552906,0.15275882184505463,0.11954434961080551,-0.0456412136554718,-0.07302428781986237,0.08975021541118622,-0.13290314376354218,0.02808389998972416,-0.0844598188996315,0.10988034307956696,0.13578711450099945,0.21543380618095398,0.18954496085643768,0.026399603113532066,-0.10488802194595337,0.40181589126586914,0.1493050903081894,0.04664207249879837,0.13498325645923615,0.22693152725696564,0.2090364545583725,0.012638657353818417,-0.09423991292715073,0.41699376702308655,0.18250010907649994,0.025120774284005165,0.16591191291809082,0.18656273186206818,-0.021125782281160355,0.025681139901280403,-0.115772545337677,0.44343987107276917,-0.009774403646588326,0.03669619560241699,4,0.133,,,,,,,,,,,,,,,,,,,,,,,,,,,,,,,,,,,,,,,,,,,,,,,,,,,,,,,,,,,,,,,,,,,,,,,,,,,,,,,,,,,,,,,,,,,,,,,,,,,,,,,,,,,,,,,,,,,,,,,,,,,,,,,,,,,,,,,,,,,,,,,,,,,,,,,,,,,,,,,,,,,,,,,,
-0.04747084528207779,-0.6071335673332214,-0.24772267043590546,0.999374270439148,-0.0294343214482069,-0.6464124321937561,-0.24417975544929504,0.998957633972168,-0.02999279834330082,-0.6460413932800293,-0.2464209794998169,0.9990751147270203,-0.029639236629009247,-0.646096408367157,-0.24394385516643524,0.9989362955093384,-0.06497219204902649,-0.6496467590332031,-0.2389402836561203,0.9988396167755127,-0.06287865340709686,-0.6501790881156921,-0.23955900967121124,0.9988667964935303,-0.06353835016489029,-0.6491655111312866,-0.23563845455646515,0.9986289143562317,0.0659177377820015,-0.6340341567993164,-0.16550420224666595,0.9990580081939697,-0.0825207382440567,-0.6447294354438782,-0.1215129941701889,0.9985217452049255,-0.013847598806023598,-0.5776675939559937,-0.22700411081314087,0.999675989151001,-0.05670509859919548,-0.5788908004760742,-0.21292425692081451,0.9996120929718018,0.17951072752475739,-0.42799344658851624,-0.12756232917308807,0.9986894130706787,-0.15341635048389435,-0.4441596269607544,-0.04243774712085724,0.9983028769493103,0.2069568783044815,-0.22409716248512268,-0.23254086077213287,0.8638526797294617,-0.18631045520305634,-0.19817551970481873,-0.011211367323994637,0.6899458765983582,0.04490801692008972,-0.3442167639732361,-0.40610259771347046,0.43695130944252014,-0.2399546205997467,-0.10690119862556458,-0.07755162566900253,0.3540646433830261,-0.00740142771974206,-0.36491698026657104,-0.45657381415367126,0.3974279463291168,-0.2571987211704254,-0.08730515837669373,-0.09557799249887466,0.2948993444442749,-0.021932903677225113,-0.41390636563301086,-0.4411592483520508,0.43931278586387634,-0.25926828384399414,-0.09275582432746887,-0.12434995919466019,0.34254133701324463,0.02214866317808628,-0.37053409218788147,-0.4069337546825409,0.4196438789367676,-0.23167473077774048,-0.1138603463768959,-0.0946928933262825,0.33709532022476196,0.11105454713106155,-0.002152276923879981,-0.008410227485001087,0.1700340062379837,-0.10963443666696548,-0.005721475463360548,0.010134038515388966,0.16521398723125458,0.13176335394382477,-0.043877556920051575,-0.07218915969133377,0.08436055481433868,-0.13045229017734528,0.018269674852490425,-0.07749645411968231,0.10262340307235718,0.1360967457294464,0.20773327350616455,0.1884399652481079,0.02476196549832821,-0.10330065339803696,0.39836835861206055,0.1953175961971283,0.04291950538754463,0.1360945999622345,0.21717455983161926,0.20699399709701538,0.01188245415687561,-0.09432541579008102,0.41424402594566345,0.2259461134672165,0.023281315341591835,0.17017139494419098,0.17576055228710175,-0.015223181806504726,0.0241691954433918,-0.11708829551935196,0.42817169427871704,0.03505789861083031,0.03401897847652435,5,0.166,0.7105451822280884,0.6937885284423828,3.62833816325292e-08,,0.693855345249176,0.6249322295188904,0.0022071683779358864,,0.6717921495437622,0.5764474868774414,-0.004088989924639463,,0.6684890985488892,0.5312833786010742,-0.012660185806453228,,0.6733774542808533,0.49275508522987366,-0.022418053820729256,,0.6282512545585632,0.5997546911239624,-0.00829082541167736,,0.5862587094306946,0.6001695394515991,-0.018324177712202072,,0.5656761527061462,0.6044778823852539,-0.027034321799874306,,0.5530856251716614,0.6133060455322266,-0.03261681646108627,,0.6242905259132385,0.6404482126235962,-0.013962788507342339,,0.5983296632766724,0.6467090845108032,-0.019245047122240067,,0.6117620468139648,0.6484039425849915,-0.019108911976218224,,0.628372311592102,0.6492739319801331,-0.020335780456662178,,0.6286712884902954,0.6842830777168274,-0.019312942400574684,,0.6064011454582214,0.6881430745124817,-0.023581037297844887,,0.6163924932479858,0.6875964403152466,-0.017666377127170563,,0.6307522654533386,0.6871497631072998,-0.014654607512056828,,0.6355862617492676,0.7226784825325012,-0.0246441513299942,,0.6191900372505188,0.7223844528198242,-0.02565939724445343,,0.6297770738601685,0.7195279002189636,-0.01788231171667576,,0.6422455310821533,0.7185206413269043,-0.012345409020781517,,,,,,,,,,,,,,,,,,,,,,,,,,,,,,,,,,,,,,,,,,,,,,,,,,,,,,,,,,,,,,,,,,,,,,,,,,,,,,,,,,,,,
-0.05088752135634422,-0.6060261726379395,-0.2533835172653198,0.999387264251709,-0.03325889632105827,-0.6448804140090942,-0.24953322112560272,0.9990074038505554,-0.03378025069832802,-0.6445097327232361,-0.2518676221370697,0.9991218447685242,-0.03347938507795334,-0.6446400880813599,-0.24943004548549652,0.9989890456199646,-0.06781603395938873,-0.6481555700302124,-0.24447716772556305,0.9988936185836792,-0.06567814201116562,-0.6486424803733826,-0.24497735500335693,0.9989194273948669,-0.0663609430193901,-0.6476350426673889,-0.24110768735408783,0.9986967444419861,0.05958927795290947,-0.6334676742553711,-0.1692648082971573,0.9991061091423035,-0.08538736402988434,-0.6442098617553711,-0.12692219018936157,0.9986175894737244,-0.017930157482624054,-0.577204167842865,-0.232343852519989,0.9996802806854248,-0.05953069403767586,-0.5784019827842712,-0.2189461886882782,0.999621570110321,0.17656125128269196,-0.42709702253341675,-0.125092014670372,0.9987664818763733,-0.15304026007652283,-0.444029837846756,-0.05087372660636902,0.9984180927276611,0.20277830958366394,-0.22023965418338776,-0.23202942311763763,0.8767086267471313,-0.18794861435890198,-0.19719992578029633,-0.006374821998178959,0.7088992595672607,0.05572603642940521,-0.3555769920349121,-0.41010627150535583,0.49290069937705994,-0.24729624390602112,-0.09757707267999649,-0.05075764283537865,0.3789598047733307,0.0013721137074753642,-0.38364291191101074,-0.45781075954437256,0.45631253719329834,-0.2630269229412079,-0.0806301161646843,-0.06126395985484123,0.30475547909736633,-0.009354949928820133,-0.43481937050819397,-0.43828287720680237,0.4939173460006714,-0.26486527919769287,-0.08065495640039444,-0.09547267854213715,0.35621002316474915,0.03287447988986969,-0.3841363489627838,-0.40802109241485596,0.47612273693084717,-0.23538810014724731,-0.1095704585313797,-0.07053645700216293,0.3518531620502472,0.11149854958057404,0.002384619554504752,-0.004287062678486109,0.17619262635707855,-0.110035240650177,-0.00966645684093237,0.006085542496293783,0.17006659507751465,0.1441197544336319,-0.04946969076991081,-0.07627179473638535,0.08116888999938965,-0.12570030987262726,-0.024092666804790497,-0.07854609191417694,0.09675470739603043,0.1431056708097458,0.19290095567703247,0.1844864934682846,0.023656213656067848,-0.10075023770332336,0.3726462125778198,0.2168140709400177,0.039865728467702866,0.14174889028072357,0.20252878963947296,0.20342165231704712,0.01138984877616167,-0.09253743290901184,0.38689544796943665,0.250468909740448,0.02191983349621296,0.18969635665416718,0.14964023232460022,-0.014968881383538246,0.023042723536491394,-0.11698122322559357,0.38113346695899963,0.06019185110926628,0.03183216601610184,6,0.2,0.7217211127281189,0.6661596894264221,7.583248162745804e-08,,0.7077272534370422,0.6047431826591492,-0.0036789916921406984,,0.6883049607276917,0.5552060008049011,-0.012295562773942947,,0.682131290435791,0.50616055727005,-0.022149812430143356,,0.6861474514007568,0.46077850461006165,-0.03316463530063629,,0.648255467414856,0.5758522152900696,-0.012506782077252865,,0.6093789935112,0.5696084499359131,-0.02076784148812294,,0.5854822397232056,0.565120279788971,-0.027364671230316162,,0.5656971335411072,0.5620214343070984,-0.03261937201023102,,0.6426101922988892,0.6117209196090698,-0.01576879248023033,,0.6131055951118469,0.6054675579071045,-0.02384253218770027,,0.6245454549789429,0.6011778712272644,-0.02513021230697632,,0.6396771669387817,0.6012724041938782,-0.025511201471090317,,0.6431320309638977,0.6500388383865356,-0.01868579164147377,,0.6173436641693115,0.6423658132553101,-0.022713201120495796,,0.6273835897445679,0.6395299434661865,-0.017692770808935165,,0.6418055891990662,0.6399355530738831,-0.01438478846102953,,0.64600670337677,0.6849589943885803,-0.022301334887742996,,0.6249157786369324,0.6802858114242554,-0.022364772856235504,,0.6345680952072144,0.6755504012107849,-0.015904465690255165,,0.6474362015724182,0.6751141548156738,-0.011126240715384483,,,,,,,,,,,,,,,,,,,,,,,,,,,,,,,,,,,,,,,,,,,,,,,,,,,,,,,,,,,,,,,,,,,,,,,,,,,,,,,,,,,,,
-0.05217104032635689,-0.6038870811462402,-0.25560832023620605,0.9993870258331299,-0.035063374787569046,-0.6424386501312256,-0.2518508732318878,0.9990366697311401,-0.03555959835648537,-0.6420688629150391,-0.2542911767959595,0.999150812625885,-0.03528924658894539,-0.6422710418701172,-0.2518511712551117,0.9990205764770508,-0.06908632069826126,-0.6456612944602966,-0.24688726663589478,0.9989246129989624,-0.06692451983690262,-0.6461234092712402,-0.24733948707580566,0.9989506602287292,-0.067616768181324,-0.6451243162155151,-0.24351955950260162,0.9987391829490662,0.05637098476290703,-0.6330834031105042,-0.17096160352230072,0.9991347789764404,-0.08674652129411697,-0.6440501809120178,-0.12999027967453003,0.9986919164657593,-0.019504476338624954,-0.5761383771896362,-0.23457099497318268,0.9996808171272278,-0.060463178902864456,-0.5772339701652527,-0.22174957394599915,0.9996266961097717,0.17576003074645996,-0.4263479709625244,-0.12092076241970062,0.9988409280776978,-0.1525917798280716,-0.4441816806793213,-0.05383554846048355,0.9985312819480896,0.20343017578125,-0.21852737665176392,-0.22875206172466278,0.8883379697799683,-0.1895468682050705,-0.19741685688495636,-0.008983909152448177,0.7279897928237915,0.06791844218969345,-0.3573479950428009,-0.4084995687007904,0.5433440804481506,-0.246022030711174,-0.09015335142612457,-0.05012812092900276,0.4010929763317108,0.015668783336877823,-0.3866720497608185,-0.4560272991657257,0.5096257328987122,-0.25925904512405396,-0.06997048854827881,-0.06018300727009773,0.3123819828033447,0.0051038810051977634,-0.43794894218444824,-0.43522563576698303,0.5433807373046875,-0.25985074043273926,-0.07443950325250626,-0.09593871980905533,0.3674740493297577,0.04524879530072212,-0.38633859157562256,-0.40577268600463867,0.5273105502128601,-0.23210957646369934,-0.10810758173465729,-0.07076843827962875,0.36350885033607483,0.11172747611999512,0.006033712066709995,-0.00039445629226975143,0.18090824782848358,-0.11027060449123383,-0.012944125570356846,0.0022437439765781164,0.1730969101190567,0.14432360231876373,-0.04781758040189743,-0.07787022739648819,0.07812707871198654,-0.12373560667037964,-0.02760435827076435,-0.0804281234741211,0.09123218804597855,0.14314992725849152,0.19367747008800507,0.18292218446731567,0.022578079253435135,-0.10182379186153412,0.3663916289806366,0.23223061859607697,0.03696518391370773,0.14172890782356262,0.20363423228263855,0.20219014585018158,0.010918740183115005,-0.095838762819767,0.38029539585113525,0.26715826988220215,0.020601680502295494,0.19166281819343567,0.1500301957130432,-0.012983581982553005,0.02191312052309513,-0.12129264324903488,0.37138667702674866,0.08005543053150177,0.029706722125411034,7,0.233,0.720137357711792,0.6490470767021179,1.159282732032807e-07,,0.7093657851219177,0.5843495726585388,-0.003679201938211918,,0.6915121078491211,0.5346211194992065,-0.011099466122686863,,0.6836618185043335,0.4847800135612488,-0.018448304384946823,,0.6841245889663696,0.443580687046051,-0.027077272534370422,,0.6514785885810852,0.5596107244491577,-0.016866890713572502,,0.6102809906005859,0.5555589199066162,-0.023636234924197197,,0.5855164527893066,0.5512494444847107,-0.02885105088353157,,0.565498411655426,0.5487781763076782,-0.03280103579163551,,0.6449825167655945,0.5970097184181213,-0.017987027764320374,,0.6080624461174011,0.5998743772506714,-0.02253902330994606,,0.6188744902610779,0.5966891050338745,-0.020408660173416138,,0.6357483267784119,0.5955547094345093,-0.018521184101700783,,0.645908534526825,0.6363914608955383,-0.01821177825331688,,0.6165583729743958,0.6361740231513977,-0.020076865330338478,,0.6270338296890259,0.6335623264312744,-0.013309115543961525,,0.6422653198242188,0.6332469582557678,-0.008913657627999783,,0.6500547528266907,0.6710891723632812,-0.018800698220729828,,0.6288757920265198,0.6697534322738647,-0.018206289038062096,,0.637997031211853,0.6657139658927917,-0.011173487640917301,,0.649922788143158,0.6644201278686523,-0.005899739917367697,,,,,,,,,,,,,,,,,,,,,,,,,,,,,,,,,,,,,,,,,,,,,,,,,,,,,,,,,,,,,,,,,,,,,,,,,,,,,,,,,,,,,
-0.05366840958595276,-0.599796712398529,-0.25668689608573914,0.9993768334388733,-0.037299614399671555,-0.638288140296936,-0.25291430950164795,0.999049723148346,-0.037763845175504684,-0.6379349827766418,-0.2554208040237427,0.9991650581359863,-0.03751808777451515,-0.6381919384002686,-0.25298094749450684,0.9990333914756775,-0.07120639830827713,-0.6413183808326721,-0.24815627932548523,0.9989413022994995,-0.06901029497385025,-0.6417815089225769,-0.24859146773815155,0.9989697337150574,-0.06970571726560593,-0.640794575214386,-0.2448112517595291,0.9987678527832031,0.053280994296073914,-0.6327715516090393,-0.17059485614299774,0.9991424679756165,-0.08978770673274994,-0.6430944204330444,-0.13170607388019562,0.9987515211105347,-0.020977864041924477,-0.5738334655761719,-0.2352403700351715,0.9996713995933533,-0.06171712279319763,-0.5746515393257141,-0.22310489416122437,0.9996228814125061,0.17483706772327423,-0.42579254508018494,-0.11519268155097961,0.9988985657691956,-0.1531180590391159,-0.44428735971450806,-0.055727533996105194,0.9986314177513123,0.204284206032753,-0.22235208749771118,-0.22614774107933044,0.8987823724746704,-0.19310730695724487,-0.19754697382450104,-0.010939927771687508,0.7460905909538269,0.07271621376276016,-0.3599662780761719,-0.4020093083381653,0.5887408256530762,-0.24834473431110382,-0.0794249027967453,-0.04981573298573494,0.4184383153915405,0.01966010220348835,-0.3895837068557739,-0.44969528913497925,0.5576138496398926,-0.2603761851787567,-0.052745215594768524,-0.06016331538558006,0.3166973292827606,0.008683695457875729,-0.4406120181083679,-0.42968711256980896,0.5878934860229492,-0.2606143653392792,-0.07301878184080124,-0.09676660597324371,0.37500616908073425,0.04987749084830284,-0.3889075517654419,-0.3997005522251129,0.5733792781829834,-0.23295335471630096,-0.09683925658464432,-0.07081390917301178,0.3711373805999756,0.11172884702682495,0.00771919172257185,0.0030913969967514277,0.1855039745569229,-0.11032384634017944,-0.014512622728943825,-0.0012397430837154388,0.17632371187210083,0.14271491765975952,-0.04068182408809662,-0.07885105907917023,0.0751221552491188,-0.12278714030981064,-0.012956061400473118,-0.08193572610616684,0.08606407046318054,0.1421157419681549,0.19885589182376862,0.17311657965183258,0.021544767543673515,-0.10560690611600876,0.3724082410335541,0.22999772429466248,0.03429168090224266,0.14020094275474548,0.20962199568748474,0.1920211911201477,0.010492319241166115,-0.10175612568855286,0.38689810037612915,0.26394763588905334,0.01938270963728428,0.1923394501209259,0.1605774462223053,-0.013012549839913845,0.020890450105071068,-0.1278497874736786,0.3815789222717285,0.08046132326126099,0.027769647538661957,8,0.266,0.7194003462791443,0.6438881754875183,9.728836403155583e-08,,0.7091612815856934,0.5795794129371643,-0.0023485126439481974,,0.6921553611755371,0.5300167798995972,-0.009441277012228966,,0.6827504634857178,0.4801517724990845,-0.01676575280725956,,0.6822659969329834,0.4385291337966919,-0.025495994836091995,,0.6504249572753906,0.5560386776924133,-0.014234226197004318,,0.609728991985321,0.5547451376914978,-0.020639538764953613,,0.5846595168113708,0.5529974699020386,-0.02553880214691162,,0.5646981596946716,0.5518592596054077,-0.0291671734303236,,0.6438611149787903,0.592108428478241,-0.015405014157295227,,0.6093282699584961,0.598272979259491,-0.01869162730872631,,0.6214187145233154,0.5983046889305115,-0.015068618580698967,,0.6378684043884277,0.5968127250671387,-0.012214683927595615,,0.64481121301651,0.6307526230812073,-0.015866495668888092,,0.6155591011047363,0.6343523263931274,-0.017704932019114494,,0.6266869306564331,0.6338342428207397,-0.010629253461956978,,0.6415648460388184,0.6325277090072632,-0.0058894287794828415,,0.6495769023895264,0.6646956205368042,-0.01638844422996044,,0.6293448805809021,0.6665809154510498,-0.015160911716520786,,0.6394152641296387,0.6642218828201294,-0.007574951741844416,,0.6515486836433411,0.6621582508087158,-0.001999981002882123,,,,,,,,,,,,,,,,,,,,,,,,,,,,,,,,,,,,,,,,,,,,,,,,,,,,,,,,,,,,,,,,,,,,,,,,,,,,,,,,,,,,,
-0.05424726381897926,-0.5968289971351624,-0.2583431303501129,0.9993818998336792,-0.0379047617316246,-0.6349706053733826,-0.2544979751110077,0.9990748167037964,-0.03835722431540489,-0.6346147060394287,-0.25698840618133545,0.999189555644989,-0.038119714707136154,-0.6348982453346252,-0.25457072257995605,0.9990575909614563,-0.07157482206821442,-0.6379711627960205,-0.24979935586452484,0.9989697337150574,-0.0693676620721817,-0.6384366750717163,-0.25021496415138245,0.999000072479248,-0.07006119191646576,-0.6374621987342834,-0.24643033742904663,0.9988076686859131,0.05158695951104164,-0.6313301920890808,-0.17202937602996826,0.9991629123687744,-0.09056452661752701,-0.6412937641143799,-0.1325646936893463,0.9988172650337219,-0.022053755819797516,-0.5717582702636719,-0.2368278205394745,0.9996706247329712,-0.06242451071739197,-0.5724297165870667,-0.2247590273618698,0.9996271133422852,0.1735297590494156,-0.425272673368454,-0.11562235653400421,0.9989595413208008,-0.1538912057876587,-0.44442296028137207,-0.059568192809820175,0.9987279176712036,0.20484480261802673,-0.22421135008335114,-0.22519612312316895,0.908243715763092,-0.19836628437042236,-0.1999301016330719,-0.01495757233351469,0.7614631652832031,0.0770251601934433,-0.36387962102890015,-0.40726831555366516,0.6296365857124329,-0.2509777843952179,-0.07943824678659439,-0.05579081177711487,0.4287882149219513,0.024640921503305435,-0.3947238028049469,-0.4563433527946472,0.6009408235549927,-0.2614002227783203,-0.05068546161055565,-0.0658869594335556,0.31643903255462646,0.013204958289861679,-0.44570887088775635,-0.4325709044933319,0.6280989646911621,-0.2613769471645355,-0.07154509425163269,-0.10259786248207092,0.3779045343399048,0.05411267280578613,-0.3929557800292969,-0.4036915600299835,0.6149896383285522,-0.23424029350280762,-0.09242523461580276,-0.07706736028194427,0.37355148792266846,0.111717589199543,0.008843287825584412,0.005115691106766462,0.18855658173561096,-0.11034752428531647,-0.01568681187927723,-0.0032033068127930164,0.17827819287776947,0.14316169917583466,-0.0404970683157444,-0.08020912110805511,0.07269148528575897,-0.12223967909812927,-0.009308481588959694,-0.08335823565721512,0.08127733319997787,0.14220023155212402,0.19829286634922028,0.16981270909309387,0.02070211060345173,-0.10748285800218582,0.3731733560562134,0.23698481917381287,0.03191228210926056,0.14029444754123688,0.20876502990722656,0.1890791803598404,0.010156589560210705,-0.10483240336179733,0.38742557168006897,0.27116659283638,0.018359776586294174,0.19428448379039764,0.15902499854564667,-0.013260450214147568,0.02004867233335972,-0.1353834718465805,0.38206911087036133,0.08791127055883408,0.02608073502779007,9,0.3,0.7208507657051086,0.6408343315124512,1.0026319330336264e-07,,0.7104092836380005,0.5768320560455322,-0.0035169515758752823,,0.6933991312980652,0.5282919406890869,-0.011638649739325047,,0.6833032965660095,0.4794575273990631,-0.019754720851778984,,0.6820725798606873,0.4367832541465759,-0.029207443818449974,,0.6514301896095276,0.5549511313438416,-0.01604282110929489,,0.6105032563209534,0.5545998215675354,-0.02317320555448532,,0.5851905345916748,0.5535870790481567,-0.02843538485467434,,0.5648453235626221,0.5527985692024231,-0.032301731407642365,,0.6453943252563477,0.5915668606758118,-0.017052270472049713,,0.6096519231796265,0.5981764197349548,-0.020931918174028397,,0.6222222447395325,0.598706066608429,-0.017255336046218872,,0.6388189196586609,0.5973262786865234,-0.01430080272257328,,0.6467370390892029,0.6307622194290161,-0.017409218475222588,,0.6174576282501221,0.6351876258850098,-0.019624562934041023,,0.629010021686554,0.6345705986022949,-0.012270472943782806,,0.6438850164413452,0.6325733065605164,-0.0073042274452745914,,0.6515519618988037,0.665290355682373,-0.01794484630227089,,0.630320131778717,0.6668343544006348,-0.016995927318930626,,0.6405702829360962,0.6645960211753845,-0.009223099797964096,,0.652850329875946,0.6626242399215698,-0.0035106255672872066,,,,,,,,,,,,,,,,,,,,,,,,,,,,,,,,,,,,,,,,,,,,,,,,,,,,,,,,,,,,,,,,,,,,,,,,,,,,,,,,,,,,,
-0.05543896555900574,-0.5941432118415833,-0.2594204246997833,0.999388575553894,-0.03913159668445587,-0.6320184469223022,-0.2550579607486725,0.9990984797477722,-0.039578504860401154,-0.6316601634025574,-0.2574274241924286,0.999212384223938,-0.039336781948804855,-0.631955087184906,-0.2550678849220276,0.9990801215171814,-0.0725245475769043,-0.63523268699646,-0.2503982186317444,0.9989961981773376,-0.07031257450580597,-0.6357139945030212,-0.25079813599586487,0.999027669429779,-0.0710010901093483,-0.6347444653511047,-0.24695546925067902,0.9988439679145813,0.049991361796855927,-0.6292892098426819,-0.17249716818332672,0.9991805553436279,-0.09136280417442322,-0.6399363875389099,-0.13490460813045502,0.9988758563995361,-0.023581432178616524,-0.5696227550506592,-0.23778238892555237,0.9996688365936279,-0.06358103454113007,-0.5704353451728821,-0.22534507513046265,0.9996309280395508,0.17257748544216156,-0.4251495897769928,-0.11707907170057297,0.9990113377571106,-0.15488581359386444,-0.4456486999988556,-0.06638658791780472,0.9988179206848145,0.20529133081436157,-0.2227867692708969,-0.22662293910980225,0.9166845679283142,-0.20478984713554382,-0.20484144985675812,-0.017927106469869614,0.7757781744003296,0.07966367900371552,-0.3609490692615509,-0.4155629873275757,0.6664127707481384,-0.2548428177833557,-0.08099439740180969,-0.06071453168988228,0.4410041272640228,0.029291970655322075,-0.39238566160202026,-0.4654468894004822,0.6398691534996033,-0.2645242214202881,-0.05007157102227211,-0.07088229060173035,0.3191930651664734,0.017034316435456276,-0.44361215829849243,-0.44087088108062744,0.6642218232154846,-0.26391294598579407,-0.07318007946014404,-0.10770224034786224,0.383502334356308,0.05677027255296707,-0.39001184701919556,-0.4119572639465332,0.6523500680923462,-0.23744501173496246,-0.09067241102457047,-0.0818948969244957,0.37840792536735535,0.11172767728567123,0.009739206172525883,0.0066598462872207165,0.19065165519714355,-0.11039760708808899,-0.01671518012881279,-0.004685986787080765,0.18026931583881378,0.1435854434967041,-0.04001368209719658,-0.08015057444572449,0.07115838676691055,-0.12159948796033859,-0.005862833932042122,-0.08669660985469818,0.07783970236778259,0.14225293695926666,0.19910024106502533,0.16905084252357483,0.020091354846954346,-0.10840757936239243,0.375163197517395,0.2315705269575119,0.030020324513316154,0.1404539793729782,0.20965765416622162,0.1884808987379074,0.009911601431667805,-0.10628446936607361,0.38928651809692383,0.2656446397304535,0.017575005069375038,0.19697310030460358,0.16001886129379272,-0.01321328617632389,0.019475044682621956,-0.13798026740550995,0.3838099539279938,0.08156324177980423,0.024836260825395584,10,0.333,0.7225145697593689,0.6410353779792786,9.384305599269283e-08,,0.7125325202941895,0.5767474174499512,-0.0037012991961091757,,0.6962296366691589,0.5271947383880615,-0.011789332143962383,,0.6858265995979309,0.47959691286087036,-0.01982337236404419,,0.6839146614074707,0.4376983046531677,-0.02916092798113823,,0.6542024612426758,0.5546871423721313,-0.016581464558839798,,0.6127030849456787,0.5545061826705933,-0.024232257157564163,,0.586996853351593,0.5530679821968079,-0.02983027696609497,,0.5664071440696716,0.5518565773963928,-0.03375299647450447,,0.6479227542877197,0.591376006603241,-0.0173629280179739,,0.6126424670219421,0.5974957942962646,-0.021452616900205612,,0.6243102550506592,0.5975663065910339,-0.017886187881231308,,0.6404624581336975,0.5961619019508362,-0.015038861893117428,,0.6488887667655945,0.6306165456771851,-0.01749858260154724,,0.6191992163658142,0.6334678530693054,-0.01994108036160469,,0.6302340626716614,0.6327781081199646,-0.012495450675487518,,0.6449303030967712,0.6312509775161743,-0.0074308691546320915,,0.6533605456352234,0.6651133894920349,-0.01782313548028469,,0.6317113041877747,0.6650877594947815,-0.016964375972747803,,0.6415790319442749,0.6629725098609924,-0.009070701897144318,,0.6537139415740967,0.6617401838302612,-0.0032426987309008837,,,,,,,,,,,,,,,,,,,,,,,,,,,,,,,,,,,,,,,,,,,,,,,,,,,,,,,,,,,,,,,,,,,,,,,,,,,,,,,,,,,,,
-0.0567084476351738,-0.5939086675643921,-0.25371071696281433,0.9993428587913513,-0.04032062366604805,-0.6317839026451111,-0.2507984936237335,0.999061644077301,-0.040779221802949905,-0.6314307451248169,-0.25323548913002014,0.9991845488548279,-0.0405300036072731,-0.6317170262336731,-0.250825971364975,0.9990460276603699,-0.07340769469738007,-0.6351392865180969,-0.24602164328098297,0.9989440441131592,-0.07120899856090546,-0.6356313824653625,-0.2464662343263626,0.9989771842956543,-0.0718989148736,-0.6346615552902222,-0.24268445372581482,0.9987912178039551,0.04877147451043129,-0.6289501190185547,-0.17022192478179932,0.9991489052772522,-0.09112288057804108,-0.639736533164978,-0.13310502469539642,0.9988674521446228,-0.024981163442134857,-0.5693573951721191,-0.2328367829322815,0.9996472001075745,-0.06450493633747101,-0.5703205466270447,-0.2208023965358734,0.9996108412742615,0.1710035800933838,-0.4248771369457245,-0.1137300431728363,0.9990419745445251,-0.15476378798484802,-0.45033565163612366,-0.064534492790699,0.9988758563995361,0.2057032287120819,-0.22253026068210602,-0.2255471795797348,0.9243103265762329,-0.2062007188796997,-0.2206563800573349,-0.01174942683428526,0.789085865020752,0.08158402144908905,-0.36031585931777954,-0.41308456659317017,0.6994195580482483,-0.24788688123226166,-0.11902926862239838,-0.05906612053513527,0.46282142400741577,0.03195563331246376,-0.39251238107681274,-0.46327853202819824,0.6745402216911316,-0.24932526051998138,-0.09038940817117691,-0.07231465727090836,0.3303299844264984,0.019167285412549973,-0.44515568017959595,-0.44133633375167847,0.6963625550270081,-0.24809938669204712,-0.12129439413547516,-0.10374149680137634,0.39547979831695557,0.05853680521249771,-0.39030173420906067,-0.4107425808906555,0.6855279803276062,-0.22865672409534454,-0.12671323120594025,-0.07768896967172623,0.3903079926967621,0.11152739077806473,0.009855016134679317,0.00643537612631917,0.19523124396800995,-0.11027634888887405,-0.01683949865400791,-0.004427001811563969,0.18210448324680328,0.1417626589536667,-0.027196340262889862,-0.07882432639598846,0.06935489922761917,-0.12105664610862732,-0.004966339096426964,-0.08703552931547165,0.07432851195335388,0.14231567084789276,0.21060897409915924,0.16502147912979126,0.019517915323376656,-0.10637611150741577,0.3773835003376007,0.22783063352108002,0.028125818818807602,0.14059332013130188,0.2209787517786026,0.1831924468278885,0.009648793376982212,-0.10385087877511978,0.3918549120426178,0.2620326578617096,0.016838323324918747,0.1962166726589203,0.17727817595005035,-0.015108946710824966,0.01888282783329487,-0.13564327359199524,0.38880404829978943,0.07816165685653687,0.0235153716057539,11,0.367,0.7229726314544678,0.6421172618865967,1.2764814982801909e-07,,0.7128539085388184,0.577559769153595,-0.00491928169503808,,0.6964914202690125,0.5292057991027832,-0.013421401381492615,,0.6869266629219055,0.4813568890094757,-0.021677011623978615,,0.6862109899520874,0.43821507692337036,-0.031126413494348526,,0.652863621711731,0.5568047761917114,-0.016427617520093918,,0.6120642423629761,0.5565637350082397,-0.023252343758940697,,0.5870881676673889,0.5553203821182251,-0.028541605919599533,,0.5670099854469299,0.5542563796043396,-0.03245699033141136,,0.6467349529266357,0.5944355130195618,-0.016792073845863342,,0.6114804148674011,0.5986772775650024,-0.0202720258384943,,0.6221979856491089,0.5967274904251099,-0.017284125089645386,,0.6375073194503784,0.5945270657539368,-0.015048056840896606,,0.6480705142021179,0.6337713599205017,-0.01656465046107769,,0.6190242171287537,0.6357069611549377,-0.01813577674329281,,0.6297351121902466,0.6336585283279419,-0.01117774285376072,,0.644073486328125,0.6317355036735535,-0.00669817766174674,,0.6530348658561707,0.6683393120765686,-0.01675291359424591,,0.6318262219429016,0.6682388186454773,-0.015660611912608147,,0.6410752534866333,0.6646490097045898,-0.008261607028543949,,0.652912974357605,0.6627885699272156,-0.0028145003598183393,,,,,,,,,,,,,,,,,,,,,,,,,,,,,,,,,,,,,,,,,,,,,,,,,,,,,,,,,,,,,,,,,,,,,,,,,,,,,,,,,,,,,
-0.05786775052547455,-0.5940555334091187,-0.2451275736093521,0.9992789030075073,-0.04086250811815262,-0.6318594813346863,-0.24296452105045319,0.9989932179450989,-0.041346222162246704,-0.6315125226974487,-0.24523070454597473,0.99912029504776,-0.041067931801080704,-0.6317981481552124,-0.24281202256679535,0.9989839792251587,-0.07420608401298523,-0.635277271270752,-0.2377016842365265,0.9988585114479065,-0.07204531133174896,-0.6357734203338623,-0.2382764369249344,0.9988823533058167,-0.07274121791124344,-0.6347946524620056,-0.23442551493644714,0.9987032413482666,0.04924054071307182,-0.6295784115791321,-0.16572268307209015,0.9990912079811096,-0.09090812504291534,-0.6410713195800781,-0.12507450580596924,0.9988184571266174,-0.025881335139274597,-0.5693939328193665,-0.22462163865566254,0.9996247291564941,-0.06573350727558136,-0.5704381465911865,-0.2114207148551941,0.9995900392532349,0.17104743421077728,-0.42601096630096436,-0.10982607305049896,0.999069333076477,-0.15582121908664703,-0.45902785658836365,-0.05100700631737709,0.9989255666732788,0.21158412098884583,-0.2253909558057785,-0.21704904735088348,0.9309530854225159,-0.2100425809621811,-0.2283531278371811,-0.012644602917134762,0.8049485683441162,0.08748865872621536,-0.3572380840778351,-0.4083971679210663,0.7286373972892761,-0.23644228279590607,-0.15081912279129028,-0.12232568114995956,0.5067487955093384,0.038162123411893845,-0.3868381381034851,-0.456849068403244,0.7040531039237976,-0.23586343228816986,-0.1286209672689438,-0.15659427642822266,0.37494808435440063,0.03184272721409798,-0.44097834825515747,-0.43823039531707764,0.7237688899040222,-0.23018410801887512,-0.16103413701057434,-0.17512710392475128,0.43642035126686096,0.06841360777616501,-0.38697656989097595,-0.4087694585323334,0.7135217785835266,-0.21928292512893677,-0.15652470290660858,-0.1362469643354416,0.43152710795402527,0.11182127147912979,0.009772580116987228,0.0018677001353353262,0.20848120748996735,-0.11068005859851837,-0.01673908904194832,-0.00020343938376754522,0.191318541765213,0.13922595977783203,-0.0216872226446867,-0.05473185330629349,0.06766747683286667,-0.12138238549232483,0.025048648938536644,-0.07451058179140091,0.07188109308481216,0.1415543258190155,0.21759258210659027,0.18766556680202484,0.018788108602166176,-0.10210347175598145,0.38126498460769653,0.22387854754924774,0.02651304192841053,0.14026784896850586,0.2277539074420929,0.20496580004692078,0.009294996038079262,-0.09650533646345139,0.3960404694080353,0.25436195731163025,0.016128866001963615,0.18738795816898346,0.19866017997264862,0.007665460463613272,0.01835758425295353,-0.12644056975841522,0.41549167037010193,0.07299353182315826,0.022599084302783012,12,0.4,0.721007227897644,0.6446817517280579,1.4510845858239918e-07,,0.7111196517944336,0.580166220664978,-0.005253024864941835,,0.6947718262672424,0.5325352549552917,-0.013992051593959332,,0.6851701736450195,0.48472335934638977,-0.022581377997994423,,0.6845526695251465,0.44144096970558167,-0.0323718823492527,,0.6507675647735596,0.5622596144676208,-0.0162024088203907,,0.6101216077804565,0.5618848204612732,-0.02249392680823803,,0.5853263139724731,0.5609074234962463,-0.027261534705758095,,0.5654317736625671,0.5601122975349426,-0.03085057996213436,,0.6451065540313721,0.6003851890563965,-0.016373349353671074,,0.610328733921051,0.6042664051055908,-0.019452400505542755,,0.6206648945808411,0.6003875732421875,-0.01646275818347931,,0.6354489326477051,0.5970418453216553,-0.014321322552859783,,0.6467390060424805,0.6394822597503662,-0.01594146154820919,,0.6180372834205627,0.6403873562812805,-0.01683354750275612,,0.62822026014328,0.6366592049598694,-0.009861143305897713,,0.6422611474990845,0.634250819683075,-0.005570067558437586,,0.6516778469085693,0.6736435890197754,-0.01602540910243988,,0.6307500004768372,0.6723257899284363,-0.014324597083032131,,0.6395258903503418,0.667279839515686,-0.006933814845979214,,0.6512382626533508,0.6650290489196777,-0.0016085250535979867,,,,,,,,,,,,,,,,,,,,,,,,,,,,,,,,,,,,,,,,,,,,,,,,,,,,,,,,,,,,,,,,,,,,,,,,,,,,,,,,,,,,,
-0.05563625693321228,-0.5892128348350525,-0.24591954052448273,0.9993399381637573,-0.03987157344818115,-0.6291617751121521,-0.24393589794635773,0.9990770220756531,-0.04045834764838219,-0.6287744641304016,-0.24638471007347107,0.9991914629936218,-0.040138933807611465,-0.6289035677909851,-0.24398939311504364,0.9990662932395935,-0.07346779108047485,-0.6313981413841248,-0.23904499411582947,0.9989566802978516,-0.07135698944330215,-0.6318426728248596,-0.2398463487625122,0.9989784359931946,-0.07205027341842651,-0.6308009624481201,-0.23569922149181366,0.9988162517547607,0.04950091987848282,-0.6280072331428528,-0.16678470373153687,0.9991667866706848,-0.09117428958415985,-0.6327638030052185,-0.12740668654441833,0.9989251494407654,-0.024493850767612457,-0.5641545653343201,-0.22552575170993805,0.9996579885482788,-0.06507431715726852,-0.5637485980987549,-0.21208375692367554,0.9996269941329956,0.17098721861839294,-0.42430388927459717,-0.10922861844301224,0.9991365671157837,-0.15604959428310394,-0.4459304213523865,-0.05214259773492813,0.9990073442459106,0.21168988943099976,-0.21813690662384033,-0.21209515631198883,0.9372879266738892,-0.2107313573360443,-0.2115592509508133,-0.10503070801496506,0.822421669960022,0.08142514526844025,-0.34248602390289307,-0.40462613105773926,0.7552122473716736,-0.1807989925146103,-0.24367763102054596,-0.33004170656204224,0.5544518828392029,0.027339475229382515,-0.37151506543159485,-0.4525759518146515,0.7308695912361145,-0.16523396968841553,-0.2623986005783081,-0.3813720941543579,0.4317851960659027,0.029073527082800865,-0.4258764088153839,-0.43621766567230225,0.7487225532531738,-0.16382502019405365,-0.3068227171897888,-0.3670903444290161,0.4877980649471283,0.06547576934099197,-0.37164241075515747,-0.4054596722126007,0.7388350963592529,-0.16814270615577698,-0.261619508266449,-0.3323211669921875,0.4821058511734009,0.11186530441045761,0.005138440057635307,-0.0007668142789043486,0.21716372668743134,-0.11067740619182587,-0.012141718529164791,0.002171071944758296,0.20023338496685028,0.1394619196653366,-0.059619687497615814,-0.06787696480751038,0.06334765255451202,-0.12837092578411102,-0.0030504828318953514,-0.07189834117889404,0.06766807287931442,0.14618590474128723,0.19613583385944366,0.2198043167591095,0.017703624442219734,-0.09396541863679886,0.375649094581604,0.2226714789867401,0.024735109880566597,0.1462986022233963,0.20522929728031158,0.2420894056558609,0.009210891090333462,-0.07940678298473358,0.39124634861946106,0.2533505856990814,0.015506377443671227,0.183993399143219,0.17248298227787018,0.018092868849635124,0.017368197441101074,-0.09237570315599442,0.4194898009300232,0.05853376165032387,0.021285459399223328,13,0.433,0.717426061630249,0.6500373482704163,1.570171832554479e-07,,0.7072916030883789,0.5858163237571716,-0.006210058927536011,,0.6894490718841553,0.5398513078689575,-0.015125441364943981,,0.6795719861984253,0.49318021535873413,-0.02369268797338009,,0.6796427369117737,0.4488973915576935,-0.033411189913749695,,0.6451625823974609,0.5676141977310181,-0.016161412000656128,,0.6055884957313538,0.5688287019729614,-0.022235294803977013,,0.581112265586853,0.5687253475189209,-0.027214884757995605,,0.5612915754318237,0.5690611600875854,-0.031158344820141792,,0.6402268409729004,0.6064903140068054,-0.015980586409568787,,0.6070300340652466,0.6135197281837463,-0.01923900842666626,,0.6177023649215698,0.6086813807487488,-0.01675672084093094,,0.6325612664222717,0.6046813726425171,-0.014983190223574638,,0.6425332427024841,0.6461288332939148,-0.015315251424908638,,0.6145918965339661,0.6482822895050049,-0.01653188280761242,,0.624520480632782,0.6439393162727356,-0.01020447351038456,,0.6384106874465942,0.6417065858840942,-0.006293413229286671,,0.6480507254600525,0.6805232167243958,-0.015237880870699883,,0.6277838945388794,0.6798049211502075,-0.014145844615995884,,0.6365528106689453,0.6745129823684692,-0.007447327021509409,,0.6482620239257812,0.6722000241279602,-0.0025085166562348604,,,,,,,,,,,,,,,,,,,,,,,,,,,,,,,,,,,,,,,,,,,,,,,,,,,,,,,,,,,,,,,,,,,,,,,,,,,,,,,,,,,,,
-0.05566000938415527,-0.5783405900001526,-0.27229130268096924,0.9993986487388611,-0.040172044187784195,-0.6198046207427979,-0.26952001452445984,0.9991557598114014,-0.04079768434166908,-0.6193867325782776,-0.27146029472351074,0.9992581605911255,-0.04045785591006279,-0.6193522214889526,-0.26903975009918213,0.9991437196731567,-0.07398246228694916,-0.6207389235496521,-0.2672095000743866,0.9990491271018982,-0.07190015912055969,-0.6211031079292297,-0.2682054340839386,0.9990689158439636,-0.07259000837802887,-0.6199818253517151,-0.263921856880188,0.9989230632781982,0.04530883952975273,-0.6224430799484253,-0.18870769441127777,0.999237060546875,-0.09548447281122208,-0.6207250952720642,-0.15587790310382843,0.9990243315696716,-0.025009946897625923,-0.5543765425682068,-0.24956642091274261,0.9996886849403381,-0.06605015695095062,-0.5525463819503784,-0.23811005055904388,0.999661386013031,0.16680143773555756,-0.422615110874176,-0.12147486954927444,0.9992043375968933,-0.16001437604427338,-0.43626073002815247,-0.06429103016853333,0.9990935921669006,0.198707714676857,-0.21317322552204132,-0.2224801480770111,0.9432910084724426,-0.22332479059696198,-0.20435746014118195,-0.16395361721515656,0.839403510093689,0.06223805248737335,-0.33460497856140137,-0.4076133966445923,0.7794464826583862,-0.18647705018520355,-0.2860824167728424,-0.3943738043308258,0.5985640287399292,0.006205941550433636,-0.36413782835006714,-0.4531918466091156,0.7561608552932739,-0.17350274324417114,-0.31871697306632996,-0.4453924596309662,0.4864898920059204,0.014991872943937778,-0.4180030822753906,-0.43896421790122986,0.7722317576408386,-0.17356418073177338,-0.36476293206214905,-0.425898939371109,0.5370475053787231,0.04922887310385704,-0.36362406611442566,-0.4090525209903717,0.7628640532493591,-0.17445139586925507,-0.307537317276001,-0.39455851912498474,0.5312034487724304,0.11191543936729431,0.00181635282933712,-0.0025296704843640327,0.22772669792175293,-0.11070680618286133,-0.008603382855653763,0.0036465192679315805,0.2135932892560959,0.13976235687732697,-0.06473018229007721,-0.06824485957622528,0.05988802760839462,-0.13077393174171448,-0.0028235320933163166,-0.060670748353004456,0.0641283392906189,0.15222994983196259,0.1926397979259491,0.23485982418060303,0.016861442476511,-0.08636913448572159,0.37426021695137024,0.230608731508255,0.023123957216739655,0.1537741869688034,0.20159220695495605,0.25687745213508606,0.009070643223822117,-0.06880904734134674,0.39057493209838867,0.26263657212257385,0.014736287295818329,0.1838504672050476,0.17114152014255524,0.029642218723893166,0.016611961647868156,-0.0773489773273468,0.4281914234161377,0.06034369394183159,0.020088067278265953,14,0.467,0.7118412256240845,0.6545748114585876,1.4989001329013263e-07,,0.6995234489440918,0.5916032195091248,-0.005336251109838486,,0.6797149181365967,0.5459198355674744,-0.013183996081352234,,0.6709024310112,0.4992799162864685,-0.021033549681305885,,0.6727849245071411,0.45644450187683105,-0.030038388445973396,,0.6384370923042297,0.5736420750617981,-0.014270788989961147,,0.5996435880661011,0.5763795971870422,-0.020342843607068062,,0.5752331018447876,0.5769065022468567,-0.025621628388762474,,0.5551498532295227,0.5775680541992188,-0.030123082920908928,,0.6340523958206177,0.6124217510223389,-0.015223069116473198,,0.601961076259613,0.621656060218811,-0.020231595262885094,,0.6126052737236023,0.6180093884468079,-0.019293848425149918,,0.6278308033943176,0.6142588257789612,-0.018397269770503044,,0.6367664337158203,0.651941180229187,-0.015719663351774216,,0.6092487573623657,0.656531572341919,-0.018193647265434265,,0.6186120510101318,0.652646541595459,-0.012400205247104168,,0.6326777338981628,0.6498602628707886,-0.008660421706736088,,0.6427608132362366,0.686515748500824,-0.016853898763656616,,0.6233457922935486,0.6890177726745605,-0.01704695262014866,,0.6317821741104126,0.683552086353302,-0.010914027690887451,,0.6433684229850769,0.6798220872879028,-0.006164225284010172,,0.5231801271438599,0.7829588651657104,1.6650146505980956e-07,,0.5446203947067261,0.7622563242912292,-0.013012679293751717,,0.5492088198661804,0.7123692631721497,-0.014699012041091919,,0.5438469052314758,0.6722928881645203,-0.014179904013872147,,0.5388993620872498,0.6462924480438232,-0.012889624573290348,,0.5268747210502625,0.6384873390197754,-0.005722411908209324,,0.5209103226661682,0.5876950025558472,-0.00779147632420063,,0.5173428654670715,0.5554226636886597,-0.011427449993789196,,0.5147104263305664,0.5291287899017334,-0.014357432723045349,,0.5127822160720825,0.6401200294494629,-0.0014129432383924723,,0.509935200214386,0.5882008075714111,-0.002279695589095354,,0.5097308158874512,0.5540093779563904,-0.0048411511816084385,,0.509972333908081,0.525851845741272,-0.006981044542044401,,0.5020312070846558,0.6503370404243469,0.0013705387245863676,,0.5034291744232178,0.6021792888641357,-0.0020100236870348454,,0.5051774978637695,0.5689768195152283,-0.005343069322407246,,0.506056547164917,0.5422337651252747,-0.007369594648480415,,0.4935704469680786,0.6670237183570862,0.002944263629615307,,0.4999352991580963,0.6309535503387451,-0.000690628367010504,,0.5059150457382202,0.6136686205863953,-0.0011180327273905277,,0.5106021761894226,0.603097677230835,-0.000776912784203887,
-0.05644961819052696,-0.5786765217781067,-0.2718881666660309,0.9994534254074097,-0.04094661772251129,-0.6197744011878967,-0.26923447847366333,0.9992296099662781,-0.04160095751285553,-0.6193529963493347,-0.2712998390197754,0.9993208646774292,-0.04125792905688286,-0.6192986369132996,-0.26889756321907043,0.9992164969444275,-0.07523104548454285,-0.6208763122558594,-0.2664588987827301,0.9991352558135986,-0.07317441701889038,-0.6212332248687744,-0.26737821102142334,0.9991531372070312,-0.07386183738708496,-0.6201026439666748,-0.2631523013114929,0.9990218281745911,0.04172979295253754,-0.6211065053939819,-0.18618373572826385,0.9993035793304443,-0.1012682169675827,-0.6195393204689026,-0.15464463829994202,0.9991152286529541,-0.026780864223837852,-0.5539170503616333,-0.2493213415145874,0.9997170567512512,-0.06877966225147247,-0.5523905754089355,-0.23776589334011078,0.9996929168701172,0.15931221842765808,-0.4224125146865845,-0.11743760108947754,0.9992645382881165,-0.16692066192626953,-0.4350622594356537,-0.06345398724079132,0.999173104763031,0.18710187077522278,-0.21060678362846375,-0.21020591259002686,0.9487730860710144,-0.2301153689622879,-0.20850475132465363,-0.1620190590620041,0.8551045656204224,0.054126299917697906,-0.33237162232398987,-0.3753044009208679,0.801313042640686,-0.1853354424238205,-0.34353384375572205,-0.3761081397533417,0.6385001540184021,-0.0005513511714525521,-0.3566151261329651,-0.41549935936927795,0.7790609002113342,-0.16816268861293793,-0.385088711977005,-0.42535898089408875,0.5365012288093567,0.007863840088248253,-0.40836986899375916,-0.4018918573856354,0.793477475643158,-0.17007330060005188,-0.43315160274505615,-0.4040243923664093,0.5819653272628784,0.04090678691864014,-0.35902222990989685,-0.3757627010345459,0.7847378253936768,-0.17378616333007812,-0.3676869571208954,-0.37504833936691284,0.5762528777122498,0.11206553131341934,-0.0006428069318644702,-0.0035731212701648474,0.24253927171230316,-0.11082305014133453,-0.005759167950600386,0.004469879437237978,0.23323538899421692,0.14280563592910767,-0.07638631016016006,-0.07031182944774628,0.057042259722948074,-0.13243719935417175,-0.009471413679420948,-0.06374317407608032,0.061112985014915466,0.1583639681339264,0.1872026026248932,0.22804304957389832,0.01603502221405506,-0.08137141913175583,0.37496596574783325,0.22871823608875275,0.021593306213617325,0.16091136634349823,0.19579702615737915,0.2489629089832306,0.008801915682852268,-0.06335847079753876,0.3915374279022217,0.26109421253204346,0.013912827707827091,0.18497011065483093,0.16556663811206818,0.025303220376372337,0.015765022486448288,-0.06989719718694687,0.43077561259269714,0.05154819414019585,0.018822038546204567,15,0.5,0.7047486901283264,0.6574198603630066,1.6632097299407178e-07,,0.6915426254272461,0.5944104194641113,-0.005255035124719143,,0.6707653403282166,0.5490579605102539,-0.012766317464411259,,0.6617985367774963,0.5033667683601379,-0.02024160698056221,,0.6634319424629211,0.4620521068572998,-0.02871238999068737,,0.6306908130645752,0.5811817646026611,-0.014190156012773514,,0.5914777517318726,0.5840305685997009,-0.01989852823317051,,0.5675464868545532,0.5836254358291626,-0.02463560923933983,,0.5480914115905762,0.5831854939460754,-0.028530828654766083,,0.6265495419502258,0.6206457018852234,-0.015013043768703938,,0.5925562977790833,0.6259276270866394,-0.01929047890007496,,0.6018128991127014,0.619748055934906,-0.018222972750663757,,0.6163167953491211,0.6148331165313721,-0.01744360849261284,,0.6292334198951721,0.6597036123275757,-0.015352999791502953,,0.5992624163627625,0.6587399244308472,-0.017726978287100792,,0.607215166091919,0.6530905961990356,-0.012371913529932499,,0.6209492087364197,0.6509416699409485,-0.008865287527441978,,0.6345300674438477,0.6933645606040955,-0.016237150877714157,,0.611198365688324,0.6902130246162415,-0.016274070367217064,,0.6177088618278503,0.6834481954574585,-0.010133517906069756,,0.6290553212165833,0.6811195611953735,-0.005410769954323769,,0.5310136079788208,0.7148288488388062,2.186194762998639e-07,,0.5494843125343323,0.6839764714241028,-0.02019725926220417,,0.5569056272506714,0.6423072814941406,-0.029956068843603134,,0.552467942237854,0.6110986471176147,-0.0375068224966526,,0.5457292199134827,0.5909329056739807,-0.044523805379867554,,0.5382428765296936,0.56893390417099,-0.016976486891508102,,0.5333142876625061,0.5153048634529114,-0.02881038561463356,,0.5294342041015625,0.48026227951049805,-0.03921310976147652,,0.5268585085868835,0.4503735899925232,-0.04621761664748192,,0.5224501490592957,0.5700617432594299,-0.014385324902832508,,0.5202507972717285,0.5119536519050598,-0.024108247831463814,,0.5175010561943054,0.4711928963661194,-0.03213968127965927,,0.5169764757156372,0.4373106360435486,-0.03736574575304985,,0.5094335079193115,0.5825260281562805,-0.0140961529687047,,0.5125846862792969,0.534135103225708,-0.02396390587091446,,0.515215277671814,0.49804458022117615,-0.029946111142635345,,0.5185840129852295,0.47046902775764465,-0.0334879569709301,,0.4986666738986969,0.6051081418991089,-0.01589122787117958,,0.5057806372642517,0.5776841044425964,-0.02441713586449623,,0.5125744938850403,0.564498782157898,-0.026356898248195648,,0.5181677937507629,0.5566472411155701,-0.026749180629849434,
-0.05478551238775253,-0.579396665096283,-0.2677454352378845,0.9995020627975464,-0.0393482968211174,-0.6202719211578369,-0.2631698548793793,0.9992954134941101,-0.04003704711794853,-0.6198580861091614,-0.2650613784790039,0.9993768334388733,-0.03967578336596489,-0.6198278069496155,-0.26262199878692627,0.9992812275886536,-0.07426449656486511,-0.6216278672218323,-0.26166194677352905,0.999211311340332,-0.07222788780927658,-0.6220055818557739,-0.2626286447048187,0.9992272257804871,-0.07290264964103699,-0.6208902597427368,-0.2583846151828766,0.9991084933280945,0.04229133576154709,-0.621100902557373,-0.1738026887178421,0.9993631839752197,-0.1011040210723877,-0.6201685070991516,-0.14761778712272644,0.9991951584815979,-0.025931483134627342,-0.5544865727424622,-0.24318933486938477,0.9997421503067017,-0.0685674324631691,-0.5532532930374146,-0.23307305574417114,0.9997206926345825,0.15854839980602264,-0.4239353537559509,-0.10561644285917282,0.9993172883987427,-0.16804435849189758,-0.4357045590877533,-0.059305544942617416,0.9992415904998779,0.1860181987285614,-0.21384038031101227,-0.19529902935028076,0.9535976052284241,-0.2300206422805786,-0.2259373515844345,-0.15324857831001282,0.8691720962524414,0.04800571873784065,-0.3294007480144501,-0.3577812910079956,0.8208013772964478,-0.17169633507728577,-0.37369248270988464,-0.3558005392551422,0.6743543744087219,-0.0068025547079741955,-0.35221683979034424,-0.3991766571998596,0.7988197207450867,-0.14774267375469208,-0.41760122776031494,-0.4055567979812622,0.5811406970024109,-0.0016907964600250125,-0.4032111167907715,-0.3854014575481415,0.8117099404335022,-0.14945875108242035,-0.4667944014072418,-0.38379964232444763,0.6219233870506287,0.0330660305917263,-0.35581085085868835,-0.35822927951812744,0.8034083247184753,-0.1599295735359192,-0.39776942133903503,-0.3543893098831177,0.6161776781082153,0.112241230905056,-0.0017826289404183626,-0.004686088301241398,0.25982803106307983,-0.11094960570335388,-0.004707877058535814,0.005546391010284424,0.25328516960144043,0.14550016820430756,-0.08209356665611267,-0.0754564106464386,0.056328658014535904,-0.13181164860725403,-0.016005944460630417,-0.07818999141454697,0.06001308187842369,0.1673947125673294,0.18575185537338257,0.2230837345123291,0.015594445168972015,-0.07023033499717712,0.37479010224342346,0.2137177437543869,0.020506465807557106,0.17059335112571716,0.19474869966506958,0.24269413948059082,0.00872093252837658,-0.0522853247821331,0.3915296196937561,0.24564777314662933,0.013508015312254429,0.19274397194385529,0.16356398165225983,0.008525114506483078,0.015278737060725689,-0.05912388488650322,0.42997151613235474,0.02761393040418625,0.017983820289373398,16,0.533,0.6970876455307007,0.6575047373771667,1.6334375629867282e-07,,0.6837083697319031,0.5948692560195923,-0.005122159142047167,,0.6616917252540588,0.5490622520446777,-0.012010380625724792,,0.6526182889938354,0.5035152435302734,-0.019268738105893135,,0.654140830039978,0.4644302725791931,-0.0274924635887146,,0.6204825639724731,0.5830384492874146,-0.011503800749778748,,0.5819339752197266,0.58543860912323,-0.01682337000966072,,0.5588254332542419,0.5858299732208252,-0.020999565720558167,,0.5404216647148132,0.5860528945922852,-0.024319855496287346,,0.6176185011863708,0.6230933666229248,-0.01289972010999918,,0.5853090286254883,0.6301059722900391,-0.017861176282167435,,0.5953313112258911,0.6253281235694885,-0.017427586019039154,,0.6101743578910828,0.6207972764968872,-0.016640210524201393,,0.6210379004478455,0.6628859043121338,-0.014029423706233501,,0.5927349925041199,0.6630673408508301,-0.017423950135707855,,0.6022722721099854,0.6593286991119385,-0.012367586605250835,,0.616215169429779,0.6580248475074768,-0.008516732603311539,,0.626966118812561,0.69775390625,-0.015748852863907814,,0.6037492752075195,0.6948148012161255,-0.01615048199892044,,0.6115595698356628,0.689359724521637,-0.00985761545598507,,0.6234720945358276,0.6874041557312012,-0.004749066196382046,,0.5457963943481445,0.6523562073707581,2.6093320570907963e-07,,0.5652629733085632,0.6176988482475281,-0.01409214548766613,,0.5746573209762573,0.574081301689148,-0.021352265030145645,,0.5629020929336548,0.5465688705444336,-0.028173323720693588,,0.5504899621009827,0.525817334651947,-0.0345304012298584,,0.5521831512451172,0.5052760243415833,-0.011352096684277058,,0.5476317405700684,0.4597705006599426,-0.0237133651971817,,0.5437456369400024,0.42517518997192383,-0.033035412430763245,,0.5420198440551758,0.39591968059539795,-0.038820456713438034,,0.5339243412017822,0.5095186829566956,-0.011606836691498756,,0.5330675840377808,0.466557115316391,-0.023865370079874992,,0.5334105491638184,0.4341316223144531,-0.03163956478238106,,0.5369310975074768,0.40650054812431335,-0.03573806583881378,,0.5186634659767151,0.5248374342918396,-0.013763397932052612,,0.525550901889801,0.5023303627967834,-0.030305925756692886,,0.53092360496521,0.5160228610038757,-0.0344400592148304,,0.5367894172668457,0.5320309400558472,-0.03329010680317879,,0.5076195001602173,0.5498974323272705,-0.01712397113442421,,0.5200871825218201,0.5388691425323486,-0.03035440295934677,,0.530000627040863,0.5530562400817871,-0.031918369233608246,,0.538550615310669,0.5710946917533875,-0.029946140944957733,
-0.05456685274839401,-0.5800950527191162,-0.24458740651607513,0.9995454549789429,-0.03927936404943466,-0.6213127374649048,-0.23813720047473907,0.9993547201156616,-0.0399581603705883,-0.620884120464325,-0.2399187982082367,0.9994273781776428,-0.03959522023797035,-0.6208293437957764,-0.23744292557239532,0.9993401169776917,-0.07412970811128616,-0.6223336458206177,-0.23706454038619995,0.9992790818214417,-0.07208951562643051,-0.6226869821548462,-0.23805145919322968,0.99929279088974,-0.07276398688554764,-0.6215502023696899,-0.23384545743465424,0.9991852045059204,0.042833585292100906,-0.6217964887619019,-0.14833617210388184,0.9994174838066101,-0.10097702592611313,-0.6204080581665039,-0.12240830808877945,0.9992663264274597,-0.025642376393079758,-0.5549049377441406,-0.21974299848079681,0.9997646808624268,-0.06845115125179291,-0.5534483790397644,-0.21014244854450226,0.99974524974823,0.158370241522789,-0.4258098304271698,-0.08752629160881042,0.9993644952774048,-0.1675271987915039,-0.4365265965461731,-0.04351607710123062,0.999301016330719,0.18406862020492554,-0.21756629645824432,-0.18095199763774872,0.957988977432251,-0.2277146875858307,-0.24151834845542908,-0.13967013359069824,0.8819020390510559,0.04264208301901817,-0.32693788409233093,-0.33819466829299927,0.8384255170822144,-0.16069531440734863,-0.3921164572238922,-0.32940369844436646,0.7066662311553955,-0.012533852830529213,-0.35082054138183594,-0.3791447877883911,0.8168837428092957,-0.13534697890281677,-0.43421298265457153,-0.37671175599098206,0.6213557720184326,-0.009103622287511826,-0.39989691972732544,-0.36350634694099426,0.8283724188804626,-0.13723647594451904,-0.4827156960964203,-0.35624438524246216,0.6578887104988098,0.026880886405706406,-0.35321107506752014,-0.3375495672225952,0.8205969333648682,-0.14881521463394165,-0.4159603416919708,-0.3284047245979309,0.6522409319877625,0.11234104633331299,-0.0023394771851599216,-0.005640415009111166,0.2819293439388275,-0.1110047772526741,-0.003989167511463165,0.006410662084817886,0.27586644887924194,0.14701582491397858,-0.07883497327566147,-0.07723180204629898,0.05512644350528717,-0.13132672011852264,-0.020578155294060707,-0.08389565348625183,0.05874514952301979,0.16987967491149902,0.1863553375005722,0.21919628977775574,0.015206234529614449,-0.06204201653599739,0.3750774562358856,0.21024788916110992,0.01946207508444786,0.17334559559822083,0.19569450616836548,0.23667465150356293,0.00857232790440321,-0.04448450356721878,0.3925085663795471,0.24225613474845886,0.013016472570598125,0.19571779668331146,0.164049431681633,0.0002662033075466752,0.014768467284739017,-0.05025048181414604,0.43030983209609985,0.02400215156376362,0.017099373042583466,17,0.567,0.6901692748069763,0.6572327017784119,1.4498813527552556e-07,,0.6767298579216003,0.5960587859153748,-0.007577158976346254,,0.655586838722229,0.5507916808128357,-0.016030842438340187,,0.6470135450363159,0.5047636032104492,-0.024594083428382874,,0.6473109722137451,0.4636004865169525,-0.03424792364239693,,0.6130013465881348,0.5842457413673401,-0.01432658452540636,,0.5750813484191895,0.5887885689735413,-0.021069342270493507,,0.5520080924034119,0.5897716283798218,-0.02615969255566597,,0.5337472558021545,0.589859664440155,-0.030241597443819046,,0.6105242371559143,0.6241122484207153,-0.015367420390248299,,0.580865740776062,0.6329330801963806,-0.022852713242173195,,0.5931097269058228,0.6292086839675903,-0.023310517892241478,,0.6089044213294983,0.625229001045227,-0.022783758118748665,,0.6146242618560791,0.6637124419212341,-0.01642809435725212,,0.5885087251663208,0.6646878719329834,-0.021984344348311424,,0.5998640060424805,0.6605837941169739,-0.01685372367501259,,0.6139343976974487,0.6579486131668091,-0.012730141170322895,,0.6214970946311951,0.6984540224075317,-0.018318824470043182,,0.6018887758255005,0.6953458786010742,-0.020810207352042198,,0.6117339730262756,0.6893896460533142,-0.015224581584334373,,0.6234102845191956,0.6862624883651733,-0.01041588094085455,,0.5498819351196289,0.6251124143600464,2.801993446155393e-07,,0.5674890875816345,0.5797973871231079,-0.005873154383152723,,0.5763453245162964,0.5251703858375549,-0.009710096754133701,,0.5746662616729736,0.4894058108329773,-0.014501157216727734,,0.5701066851615906,0.4733907878398895,-0.01957717351615429,,0.5618217587471008,0.4862479865550995,-0.007681373041123152,,0.5629314184188843,0.43396639823913574,-0.019494669511914253,,0.5622839331626892,0.39499592781066895,-0.0284032691270113,,0.5607537627220154,0.36330562829971313,-0.03362109884619713,,0.5493301749229431,0.49239981174468994,-0.012166284024715424,,0.55156010389328,0.4341100752353668,-0.023224910721182823,,0.5510050058364868,0.38990330696105957,-0.031228745356202126,,0.549838662147522,0.35157325863838196,-0.0359044186770916,,0.5377671122550964,0.5071499943733215,-0.017484817653894424,,0.5441840291023254,0.4608843922615051,-0.029405560344457626,,0.5520199537277222,0.447952538728714,-0.03222132474184036,,0.5575920343399048,0.4400872588157654,-0.03159099817276001,,0.5284145474433899,0.529301643371582,-0.023453304544091225,,0.5314391851425171,0.4909118115901947,-0.03051690384745598,,0.5389866232872009,0.48068511486053467,-0.028571080416440964,,0.5464198589324951,0.48023808002471924,-0.025513064116239548,
-0.05228620767593384,-0.5847777128219604,-0.22841674089431763,0.9995855689048767,-0.03638568893074989,-0.6255025267601013,-0.21997323632240295,0.9994097352027893,-0.037068821489810944,-0.6250487565994263,-0.22167538106441498,0.9994745850563049,-0.03674390912055969,-0.6249776482582092,-0.21917863190174103,0.999394953250885,-0.0720621719956398,-0.6266492605209351,-0.2202601432800293,0.9993423223495483,-0.07002376019954681,-0.6269593834877014,-0.22134153544902802,0.999354362487793,-0.07070428133010864,-0.625804603099823,-0.21718387305736542,0.9992567896842957,0.04316319152712822,-0.6236330270767212,-0.12624618411064148,0.9994684457778931,-0.10105322301387787,-0.6228700876235962,-0.10583197325468063,0.9993332028388977,-0.024333858862519264,-0.5583062171936035,-0.202121302485466,0.9997856020927429,-0.06791534274816513,-0.5570920705795288,-0.19444584846496582,0.9997683167457581,0.1579492837190628,-0.42818683385849,-0.07071559876203537,0.9994082450866699,-0.16840076446533203,-0.43995869159698486,-0.03403695672750473,0.9993573427200317,0.18308059871196747,-0.2233855128288269,-0.17025408148765564,0.9620015621185303,-0.22710950672626495,-0.2603900134563446,-0.13912296295166016,0.8935143351554871,0.0402899794280529,-0.3348650336265564,-0.3234553337097168,0.8543589115142822,-0.1421452760696411,-0.41288527846336365,-0.3194485902786255,0.7358167767524719,-0.015359451994299889,-0.3625974655151367,-0.36524343490600586,0.8333224654197693,-0.11375042051076889,-0.45462605357170105,-0.36510345339775085,0.6576968431472778,-0.012119835242629051,-0.4091189205646515,-0.3471994698047638,0.8435488343238831,-0.1161193996667862,-0.5003182291984558,-0.34344568848609924,0.6903939247131348,0.024286529049277306,-0.3614470362663269,-0.32208266854286194,0.8363640308380127,-0.1301763504743576,-0.4354635179042816,-0.3177137076854706,0.6849737167358398,0.11318856477737427,-0.002668817061930895,-0.0061325388960540295,0.30265793204307556,-0.11181816458702087,-0.0035538668744266033,0.006800530012696981,0.2973870635032654,0.14941371977329254,-0.0852915346622467,-0.0796143040060997,0.05302124843001366,-0.13322106003761292,-0.028391527011990547,-0.08783453702926636,0.056574370712041855,0.17077860236167908,0.18093369901180267,0.21673935651779175,0.014440350234508514,-0.06396332383155823,0.3743397891521454,0.21025115251541138,0.018214639276266098,0.17410820722579956,0.1890507936477661,0.2348235547542572,0.008166082203388214,-0.04754782095551491,0.39217957854270935,0.24232038855552673,0.012287178076803684,0.19664336740970612,0.1598351150751114,0.0002869228192139417,0.013952028937637806,-0.05606473237276077,0.42995014786720276,0.02461782842874527,0.016015883535146713,18,0.6,0.6847447752952576,0.6552655696868896,1.243781326820681e-07,,0.6727197766304016,0.5948950052261353,-0.0062994877807796,,0.6523070335388184,0.5494372844696045,-0.014201493933796883,,0.6423636674880981,0.5045232772827148,-0.022237475961446762,,0.6424255967140198,0.46473565697669983,-0.03142491355538368,,0.6094943284988403,0.5826305747032166,-0.016132989898324013,,0.5706137418746948,0.5845375061035156,-0.023512838408350945,,0.5469568967819214,0.5849661827087402,-0.02845160849392414,,0.5283275842666626,0.5846887826919556,-0.032280515879392624,,0.6064314246177673,0.6212988495826721,-0.01764993742108345,,0.5758053064346313,0.6295803189277649,-0.025494683533906937,,0.5886186957359314,0.6286953091621399,-0.024742620065808296,,0.6051462292671204,0.625710666179657,-0.023113485425710678,,0.6102486252784729,0.6604598164558411,-0.018918195739388466,,0.585512638092041,0.662598192691803,-0.024676939472556114,,0.5973939299583435,0.6614620685577393,-0.018496040254831314,,0.6115658283233643,0.6592263579368591,-0.013555317185819149,,0.6171215772628784,0.6954172849655151,-0.020847944542765617,,0.5988192558288574,0.6928737163543701,-0.023164451122283936,,0.609116792678833,0.6894670128822327,-0.01689170114696026,,0.6205085515975952,0.6870361566543579,-0.011588330380618572,,0.5774213671684265,0.5909925103187561,1.5148715704071947e-07,,0.5954728722572327,0.5508102178573608,-0.00612837728112936,,0.6039687395095825,0.507194459438324,-0.010953511111438274,,0.5944745540618896,0.4799041748046875,-0.017430871725082397,,0.5791119933128357,0.4748893678188324,-0.024501007050275803,,0.5795662999153137,0.44438987970352173,-0.002373113064095378,,0.5752909183502197,0.3926367461681366,-0.00975474901497364,,0.5720914006233215,0.35644659399986267,-0.016402073204517365,,0.5686931014060974,0.3250301480293274,-0.021466702222824097,,0.5655331611633301,0.4511895775794983,-0.005520917940884829,,0.5701647400856018,0.41475218534469604,-0.017436686903238297,,0.5835147500038147,0.42994382977485657,-0.024546215310692787,,0.5904490351676941,0.4519917368888855,-0.027124648913741112,,0.5529875755310059,0.466444730758667,-0.009391391649842262,,0.5572544932365417,0.4304778575897217,-0.01960957981646061,,0.5716539621353149,0.4462461769580841,-0.020611729472875595,,0.5794875621795654,0.4702102839946747,-0.018646564334630966,,0.5413617491722107,0.489458829164505,-0.01406086515635252,,0.5412873029708862,0.45251989364624023,-0.02014375850558281,,0.5536918640136719,0.45419448614120483,-0.01869187317788601,,0.5633435845375061,0.4689652621746063,-0.016012482345104218,
-0.050911445170640945,-0.5903133749961853,-0.2192031741142273,0.9996232390403748,-0.03455473482608795,-0.6305494904518127,-0.20990978181362152,0.9994622468948364,-0.03525342792272568,-0.6300649642944336,-0.21173211932182312,0.9995203018188477,-0.0349377803504467,-0.6299993991851807,-0.2091992348432541,0.9994480609893799,-0.07062578201293945,-0.631927490234375,-0.2095404714345932,0.9994016289710999,-0.06860296428203583,-0.6322416663169861,-0.21050569415092468,0.9994120597839355,-0.06928028911352158,-0.6310861110687256,-0.2063581645488739,0.9993236660957336,0.04506929591298103,-0.6251722574234009,-0.11692259460687637,0.9995167255401611,-0.10095281153917313,-0.625525951385498,-0.09372784942388535,0.9993948936462402,-0.022886058315634727,-0.5622209310531616,-0.19352294504642487,0.9998052716255188,-0.06697577238082886,-0.5614663362503052,-0.18511831760406494,0.9997896552085876,0.15818870067596436,-0.428538978099823,-0.06775926798582077,0.9994514584541321,-0.16812664270401,-0.4423675537109375,-0.02746802568435669,0.9994106888771057,0.18060851097106934,-0.22952395677566528,-0.1688535511493683,0.9655876755714417,-0.22575531899929047,-0.2718358039855957,-0.1353447586297989,0.9039583802223206,0.03432682901620865,-0.3506772816181183,-0.31870976090431213,0.8686630129814148,-0.13106831908226013,-0.4185131788253784,-0.310494601726532,0.76203453540802,-0.022952185943722725,-0.3814516067504883,-0.35990652441978455,0.8480613827705383,-0.09987372905015945,-0.4561818838119507,-0.3548051416873932,0.6903283596038818,-0.01907012239098549,-0.42600446939468384,-0.340945303440094,0.8571518063545227,-0.09756628423929214,-0.4999322295188904,-0.33373990654945374,0.7195742726325989,0.018113290891051292,-0.3768574893474579,-0.3166749179363251,0.8505075573921204,-0.11702369898557663,-0.4388507008552551,-0.3088037967681885,0.7143993973731995,0.11391489207744598,-0.002856714650988579,-0.006993652321398258,0.3227038085460663,-0.11229164153337479,-0.003322642296552658,0.00767604960128665,0.3191683292388916,0.15393730998039246,-0.09625329077243805,-0.08711613714694977,0.05202624946832657,-0.13318637013435364,-0.05178138241171837,-0.09511423110961914,0.05551231652498245,0.17748425900936127,0.17557352781295776,0.21634744107723236,0.013965732418000698,-0.058092132210731506,0.37166473269462585,0.209695965051651,0.01730259694159031,0.18099434673786163,0.183656707406044,0.2342900037765503,0.007909257896244526,-0.04076481983065605,0.38925614953041077,0.24235430359840393,0.011807052418589592,0.20194286108016968,0.14721837639808655,-0.004890916403383017,0.013372695073485374,-0.04908386245369911,0.42011478543281555,0.022817831486463547,0.015202434733510017,19,0.633,0.68229740858078,0.6537508964538574,9.587704852265233e-08,,0.6705372333526611,0.595087468624115,-0.0063943457789719105,,0.6494256258010864,0.549130916595459,-0.013718296773731709,,0.6397404670715332,0.5039375424385071,-0.021025320515036583,,0.6394445300102234,0.4652921259403229,-0.029513569548726082,,0.6072407364845276,0.5786913633346558,-0.01618224009871483,,0.5699395537376404,0.5812727212905884,-0.024257540702819824,,0.546306312084198,0.5807626247406006,-0.03015628457069397,,0.5276446342468262,0.5802843570709229,-0.034681886434555054,,0.6042658090591431,0.615926206111908,-0.017526203766465187,,0.5748392343521118,0.6275631189346313,-0.025823164731264114,,0.5874959230422974,0.6289951801300049,-0.025331508368253708,,0.6037224531173706,0.6267289519309998,-0.023917974904179573,,0.6079108119010925,0.6549695730209351,-0.018713518977165222,,0.5839098691940308,0.6612792611122131,-0.02476336993277073,,0.5951092839241028,0.6617490649223328,-0.018689652904868126,,0.608869194984436,0.6594966053962708,-0.013936045579612255,,0.6144005060195923,0.690278947353363,-0.020582662895321846,,0.5967435836791992,0.6915210485458374,-0.02343737706542015,,0.6070302724838257,0.6896246671676636,-0.017433613538742065,,0.6184080243110657,0.6870030760765076,-0.012326933443546295,,0.5879586338996887,0.5814664959907532,2.421593023882451e-07,,0.611797034740448,0.5545566082000732,-0.013620276004076004,,0.6269780397415161,0.5154918432235718,-0.020353438332676888,,0.6289926171302795,0.48000040650367737,-0.027507521212100983,,0.626998782157898,0.4492958188056946,-0.034214843064546585,,0.6055421829223633,0.44050589203834534,-0.008611936122179031,,0.6050980091094971,0.3913322389125824,-0.01929490827023983,,0.6044301986694336,0.35956862568855286,-0.0271286703646183,,0.603255569934845,0.33096373081207275,-0.031718891113996506,,0.5896914005279541,0.4398024082183838,-0.009515196084976196,,0.5879338979721069,0.3791549801826477,-0.021023089066147804,,0.5888491868972778,0.33978259563446045,-0.028630463406443596,,0.5888948440551758,0.30658966302871704,-0.03264770284295082,,0.5735071897506714,0.45196300745010376,-0.012326174415647984,,0.575148344039917,0.4097191393375397,-0.029501086100935936,,0.5886613130569458,0.4334898889064789,-0.03267160803079605,,0.5970550775527954,0.4600786864757538,-0.02971525304019451,,0.5568345189094543,0.47398799657821655,-0.016109934076666832,,0.5571545362472534,0.43277832865715027,-0.02861974574625492,,0.5702369809150696,0.4444195032119751,-0.027688849717378616,,0.5800710320472717,0.4664066433906555,-0.023632772266864777,
-0.05127343535423279,-0.5921533107757568,-0.20095385611057281,0.9996567964553833,-0.03497911989688873,-0.6328271627426147,-0.1921515166759491,0.9995092153549194,-0.03568129986524582,-0.6323333382606506,-0.19398640096187592,0.9995611310005188,-0.0353764072060585,-0.6322871446609497,-0.19143831729888916,0.9994955658912659,-0.07102547585964203,-0.6341698169708252,-0.1903633177280426,0.9994542598724365,-0.06900990754365921,-0.6345080733299255,-0.19127891957759857,0.9994630217552185,-0.06968340277671814,-0.6333659887313843,-0.1871386617422104,0.9993828535079956,0.04517090320587158,-0.6278141736984253,-0.10373890399932861,0.9995595812797546,-0.1008516326546669,-0.6287709474563599,-0.07430718094110489,0.9994494318962097,-0.022829381749033928,-0.5641544461250305,-0.17704854905605316,0.9998225569725037,-0.06686244159936905,-0.5634799003601074,-0.16685886681079865,0.9998083710670471,0.15828265249729156,-0.43102580308914185,-0.061317041516304016,0.9994871020317078,-0.16517670452594757,-0.44507458806037903,-0.010653277859091759,0.9994562864303589,0.17285040020942688,-0.23972809314727783,-0.1666496992111206,0.9688121676445007,-0.2249176949262619,-0.2779783308506012,-0.12639015913009644,0.9133127331733704,0.025507193058729172,-0.3669767379760742,-0.31078988313674927,0.8815515637397766,-0.1290481984615326,-0.4165767431259155,-0.30373847484588623,0.7856109142303467,-0.03181073069572449,-0.3977528512477875,-0.35024598240852356,0.8614765405654907,-0.09803318232297897,-0.4500543177127838,-0.3450174629688263,0.7196436524391174,-0.025436829775571823,-0.4421123266220093,-0.3316633403301239,0.8695722222328186,-0.0936117097735405,-0.4949505627155304,-0.3263793885707855,0.745829164981842,0.010339406318962574,-0.393084317445755,-0.3086346685886383,0.8633671998977661,-0.11396094411611557,-0.4370318055152893,-0.30776140093803406,0.7408235669136047,0.11395204812288284,-0.0031780898571014404,-0.008889739401638508,0.3371974229812622,-0.11230163276195526,-0.003014284186065197,0.009598750621080399,0.33524760603904724,0.1534339338541031,-0.09386403113603592,-0.09218928217887878,0.051923636347055435,-0.13332025706768036,-0.04780523478984833,-0.09562785178422928,0.056008290499448776,0.17608696222305298,0.17724120616912842,0.21317152678966522,0.013817098923027515,-0.05914615839719772,0.371814489364624,0.2090466320514679,0.016835838556289673,0.1792857050895691,0.18562498688697815,0.2316279411315918,0.007754848338663578,-0.04243435338139534,0.38955289125442505,0.24215269088745117,0.011541970074176788,0.20139655470848083,0.14939364790916443,-0.00802493467926979,0.013078875839710236,-0.05368426442146301,0.4201451539993286,0.022930752485990524,0.014765709638595581,20,0.667,0.6815096139907837,0.6495965123176575,8.377509175261366e-08,,0.6697869300842285,0.5900333523750305,-0.004925976507365704,,0.6490105986595154,0.5423901677131653,-0.011450249701738358,,0.6412643790245056,0.49606531858444214,-0.0183530542999506,,0.6419791579246521,0.45861098170280457,-0.026469193398952484,,0.6093806028366089,0.5703186392784119,-0.0133436881005764,,0.5717462301254272,0.5749216675758362,-0.021216660737991333,,0.5479320883750916,0.5748047828674316,-0.02698696404695511,,0.5295258164405823,0.5738106369972229,-0.03130955994129181,,0.6051363348960876,0.6064667701721191,-0.015220895409584045,,0.5744640231132507,0.6208187341690063,-0.023468799889087677,,0.5865880846977234,0.6252892017364502,-0.02324322983622551,,0.6033850908279419,0.624065637588501,-0.02164490893483162,,0.6073521971702576,0.6455411314964294,-0.01696609891951084,,0.5837573409080505,0.6554126143455505,-0.022564060986042023,,0.5950522422790527,0.6581095457077026,-0.01689455471932888,,0.6090726256370544,0.6553754210472107,-0.01225221622735262,,0.6128569841384888,0.681204080581665,-0.019376864656805992,,0.5983316898345947,0.6857020854949951,-0.021741200238466263,,0.6090028882026672,0.6851885318756104,-0.016106020659208298,,0.62044358253479,0.6817587614059448,-0.011189094744622707,,0.600561797618866,0.5800583958625793,2.178848177436521e-07,,0.622234582901001,0.5571537613868713,-0.011790107004344463,,0.6351987719535828,0.5213955044746399,-0.01725207455456257,,0.6371101140975952,0.48729586601257324,-0.023694682866334915,,0.6367546319961548,0.4534320831298828,-0.029657086357474327,,0.617987334728241,0.44098997116088867,-0.004758192226290703,,0.6192559599876404,0.388054221868515,-0.01298984233289957,,0.6187048554420471,0.3556672930717468,-0.019125042483210564,,0.6174002289772034,0.3251047432422638,-0.022993873804807663,,0.6026703119277954,0.4388585090637207,-0.006894396618008614,,0.6020252704620361,0.37551644444465637,-0.016783632338047028,,0.602924644947052,0.33452707529067993,-0.023994440212845802,,0.6030502319335938,0.29908424615859985,-0.028086505830287933,,0.5873897075653076,0.4496521055698395,-0.010848470032215118,,0.5907808542251587,0.4039871394634247,-0.02765396423637867,,0.6041017770767212,0.4374457895755768,-0.030157361179590225,,0.6114840507507324,0.4698924124240875,-0.026650644838809967,,0.5721379518508911,0.47068148851394653,-0.015692202374339104,,0.5735328197479248,0.42568516731262207,-0.028386671096086502,,0.5866552591323853,0.44158607721328735,-0.027312541380524635,,0.5961753129959106,0.46722033619880676,-0.023169348016381264,
-0.05125712603330612,-0.5929483771324158,-0.19630387425422668,0.999687135219574,-0.03493265435099602,-0.6336711645126343,-0.18761928379535675,0.9995514154434204,-0.035635169595479965,-0.6331740617752075,-0.18939971923828125,0.9995978474617004,-0.0353350006043911,-0.6331342458724976,-0.18685998022556305,0.999538242816925,-0.0709894448518753,-0.6350427865982056,-0.18605978786945343,0.9995018243789673,-0.0689750462770462,-0.6353811621665955,-0.18702885508537292,0.9995092749595642,-0.06964988261461258,-0.6342403292655945,-0.18288865685462952,0.9994364380836487,0.045499950647354126,-0.6286622881889343,-0.09917166084051132,0.9995983839035034,-0.10075867921113968,-0.6299970746040344,-0.07034718245267868,0.9994990229606628,-0.02263280376791954,-0.5649679899215698,-0.17215795814990997,0.9998383522033691,-0.06671664118766785,-0.5643759965896606,-0.16221393644809723,0.9998255372047424,0.15846388041973114,-0.4320385456085205,-0.05501624941825867,0.9995236396789551,-0.16394387185573578,-0.4469384551048279,-0.0067794350907206535,0.9995006918907166,0.17335154116153717,-0.23917368054389954,-0.1591407060623169,0.9717540144920349,-0.22450855374336243,-0.27931883931159973,-0.1231626644730568,0.9217960238456726,0.027209224179387093,-0.361494779586792,-0.2998034954071045,0.8931887745857239,-0.1229458674788475,-0.41239672899246216,-0.300982266664505,0.8068597316741943,-0.02937009558081627,-0.39116451144218445,-0.33992576599121094,0.8736204504966736,-0.09069304168224335,-0.4452683627605438,-0.342917263507843,0.7460533380508423,-0.02365214005112648,-0.43564948439598083,-0.3206595778465271,0.8808035850524902,-0.0861237645149231,-0.48933619260787964,-0.31342869997024536,0.7694451808929443,0.012010793201625347,-0.3875485062599182,-0.2974177598953247,0.8750584721565247,-0.10759932547807693,-0.43258756399154663,-0.29792019724845886,0.7646477222442627,0.11403926461935043,-0.0032082851976156235,-0.009710051119327545,0.35554566979408264,-0.11236526817083359,-0.0029511551838368177,0.010361704044044018,0.35445013642311096,0.15299102663993835,-0.0913495272397995,-0.09486892819404602,0.05017003417015076,-0.13463887572288513,-0.04777707904577255,-0.096174456179142,0.05448848009109497,0.1751341074705124,0.1786305010318756,0.21017520129680634,0.01329504419118166,-0.06016893684864044,0.3722149729728699,0.2087969034910202,0.015989044681191444,0.17813152074813843,0.1871979832649231,0.2287280261516571,0.007471049204468727,-0.04383306950330734,0.3897222578525543,0.2420969009399414,0.011098013259470463,0.200117290019989,0.1509227752685547,-0.008897165767848492,0.01249220222234726,-0.056340038776397705,0.4203174114227295,0.023263391107320786,0.014025864191353321,21,0.7,0.6843547821044922,0.6484947800636292,7.223336240258504e-08,,0.6745824813842773,0.5898935198783875,-0.005123280920088291,,0.6550060510635376,0.5416290163993835,-0.011735850013792515,,0.6474369764328003,0.4934397339820862,-0.01857891120016575,,0.6479697227478027,0.4556339383125305,-0.026675736531615257,,0.6165540814399719,0.5663151144981384,-0.014583893120288849,,0.5769217014312744,0.5695499181747437,-0.022759713232517242,,0.5520588755607605,0.568991482257843,-0.028534628450870514,,0.5326284766197205,0.5681792497634888,-0.03306404501199722,,0.6111372113227844,0.6010543704032898,-0.016514131799340248,,0.5777180194854736,0.6139408946037292,-0.025209147483110428,,0.5902860164642334,0.619320273399353,-0.024839067831635475,,0.6070313453674316,0.6185025572776794,-0.02312648482620716,,0.6122462749481201,0.639339804649353,-0.018239514902234077,,0.5864933133125305,0.6489947438240051,-0.024322358891367912,,0.5985233783721924,0.6527305841445923,-0.01805092580616474,,0.6131608486175537,0.6507847309112549,-0.012918073683977127,,0.6169543862342834,0.6754297018051147,-0.020640667527914047,,0.6018743515014648,0.6803507208824158,-0.024010127410292625,,0.6133702397346497,0.6802178025245667,-0.018490873277187347,,0.6253454685211182,0.6764880418777466,-0.013479679822921753,,0.5909295678138733,0.5775066614151001,2.406590340342518e-07,,0.6216161847114563,0.5524978637695312,-0.009465117938816547,,0.6370214819908142,0.5255998373031616,-0.013919806107878685,,0.643560528755188,0.4863201677799225,-0.01964445784687996,,0.6428382992744446,0.45210760831832886,-0.02472582831978798,,0.6185486912727356,0.4397464394569397,-0.0027128567453473806,,0.6209925413131714,0.3820231854915619,-0.01039863470941782,,0.6207810640335083,0.3502499759197235,-0.016812093555927277,,0.618843674659729,0.3174571394920349,-0.021802805364131927,,0.60367751121521,0.43498504161834717,-0.005242946557700634,,0.6066142916679382,0.3713070750236511,-0.018594050779938698,,0.6080741882324219,0.3280491828918457,-0.02939082682132721,,0.6092072129249573,0.29143577814102173,-0.0362902469933033,,0.5896307826042175,0.4446849524974823,-0.00874811690300703,,0.5919165015220642,0.39496853947639465,-0.025316718965768814,,0.602095365524292,0.4319133162498474,-0.02654912695288658,,0.6086766719818115,0.46261066198349,-0.022631622850894928,,0.5753551721572876,0.4658651053905487,-0.012992211617529392,,0.5770590901374817,0.4174502491950989,-0.025752950459718704,,0.5885358452796936,0.43912264704704285,-0.024290315806865692,,0.5968047976493835,0.46629825234413147,-0.01993432082235813,
-0.051086753606796265,-0.5954272747039795,-0.19804948568344116,0.9997138381004333,-0.03465987369418144,-0.6358003616333008,-0.18897061049938202,0.9995878338813782,-0.03535477817058563,-0.6353126168251038,-0.19071392714977264,0.9996291995048523,-0.03506351634860039,-0.635286808013916,-0.1882103681564331,0.9995748996734619,-0.07082982361316681,-0.6370874047279358,-0.18820852041244507,0.9995434284210205,-0.06880941987037659,-0.6374335885047913,-0.1892065554857254,0.9995498061180115,-0.06948534399271011,-0.6362950801849365,-0.1851007044315338,0.999483585357666,0.045732226222753525,-0.6302915215492249,-0.09749732166528702,0.9996321201324463,-0.10113372653722763,-0.6313168406486511,-0.07261797785758972,0.9995431900024414,-0.02259061112999916,-0.5674046277999878,-0.17287804186344147,0.9998521208763123,-0.06662023067474365,-0.5666496753692627,-0.16408498585224152,0.9998407363891602,0.15755486488342285,-0.43468567728996277,-0.0507749542593956,0.9995554089546204,-0.1652405560016632,-0.4483737051486969,-0.00841345265507698,0.9995397925376892,0.1744404435157776,-0.2396799474954605,-0.15613961219787598,0.9744011163711548,-0.22396738827228546,-0.28171104192733765,-0.12261947989463806,0.9294535517692566,0.030138466507196426,-0.35728719830513,-0.30156853795051575,0.9036376476287842,-0.12577955424785614,-0.4171451926231384,-0.2960895001888275,0.8259769678115845,-0.025705456733703613,-0.3861096501350403,-0.34356173872947693,0.8843773007392883,-0.0943586528301239,-0.4533311128616333,-0.3379724323749542,0.7697296738624573,-0.021127227693796158,-0.43179774284362793,-0.3248298168182373,0.8907299041748047,-0.09214498847723007,-0.49694085121154785,-0.3125452697277069,0.7905627489089966,0.014600194059312344,-0.38366636633872986,-0.2999446392059326,0.885389506816864,-0.1113772913813591,-0.4373582601547241,-0.29464641213417053,0.7859411239624023,0.11416230350732803,-0.003417953150346875,-0.009870079346001148,0.37487685680389404,-0.11255621910095215,-0.0027449929621070623,0.010492436587810516,0.3737175464630127,0.15261004865169525,-0.09007762372493744,-0.09413517266511917,0.04862557724118233,-0.13479827344417572,-0.03893237188458443,-0.09609772264957428,0.052973248064517975,0.17445246875286102,0.17932654917240143,0.20657497644424438,0.01273247878998518,-0.06101759523153305,0.3754004240036011,0.20760703086853027,0.015134811401367188,0.17736531794071198,0.18820591270923615,0.2245856374502182,0.007158386986702681,-0.04506367817521095,0.39365631341934204,0.24052953720092773,0.01062378752976656,0.19984333217144012,0.15590456128120422,-0.008681555278599262,0.011936904862523079,-0.05810580402612686,0.42814406752586365,0.022756407037377357,0.013325298205018044,22,0.734,0.6899656653404236,0.6485990285873413,7.024966208746264e-08,,0.6803427934646606,0.5913896560668945,-0.005461042746901512,,0.6604794859886169,0.54291170835495,-0.012391542084515095,,0.6524679660797119,0.4950983226299286,-0.01927362196147442,,0.6537891626358032,0.45517265796661377,-0.027365228161215782,,0.6219053864479065,0.5645532608032227,-0.01578592322766781,,0.5819187760353088,0.5678313970565796,-0.023831963539123535,,0.5570260882377625,0.5669963955879211,-0.02984827384352684,,0.5371222496032715,0.5660350322723389,-0.03464803844690323,,0.6168836355209351,0.5998986959457397,-0.017379363998770714,,0.5845599174499512,0.6098796129226685,-0.025741830468177795,,0.5968274474143982,0.6131306886672974,-0.025362979620695114,,0.61337810754776,0.6125622987747192,-0.0240155141800642,,0.6175687313079834,0.6392377614974976,-0.01869639940559864,,0.5911272168159485,0.6436646580696106,-0.024555891752243042,,0.6019552946090698,0.6459758281707764,-0.018367556855082512,,0.6166826486587524,0.6453754305839539,-0.013479386456310749,,0.6211754679679871,0.6765254139900208,-0.02065158076584339,,0.602371871471405,0.6747416257858276,-0.02379453182220459,,0.6126126646995544,0.67433762550354,-0.018039265647530556,,0.6247768402099609,0.6732311248779297,-0.01299017108976841,,0.5893885493278503,0.573754608631134,2.0499547304098087e-07,,0.6187055110931396,0.5490152835845947,-0.011257728561758995,,0.6367047429084778,0.5178864002227783,-0.016311855986714363,,0.6452638506889343,0.4826229512691498,-0.022509248927235603,,0.6489350199699402,0.4490493834018707,-0.028512708842754364,,0.6161162853240967,0.437389999628067,-0.004716448485851288,,0.6181641221046448,0.3819148540496826,-0.013430904597043991,,0.6176967024803162,0.34894609451293945,-0.02002512477338314,,0.616878867149353,0.31708812713623047,-0.024352308362722397,,0.6006059050559998,0.43266409635543823,-0.007578799966722727,,0.6016855239868164,0.36834460496902466,-0.018418416380882263,,0.6039943695068359,0.32662296295166016,-0.02631859853863716,,0.6056137084960938,0.29151779413223267,-0.030914101749658585,,0.5855310559272766,0.44219425320625305,-0.012205478735268116,,0.5887924432754517,0.398210734128952,-0.02909182198345661,,0.6006089448928833,0.4306771457195282,-0.031803082674741745,,0.6072224974632263,0.461768239736557,-0.028505543246865273,,0.5703527331352234,0.4628448784351349,-0.017772793769836426,,0.5721071362495422,0.4154236912727356,-0.030673736706376076,,0.5835527181625366,0.4325530529022217,-0.02974567376077175,,0.5914331674575806,0.46043792366981506,-0.02566761150956154,
-0.05092505365610123,-0.5955506563186646,-0.20288240909576416,0.9997376203536987,-0.03443086892366409,-0.6358457803726196,-0.19432297348976135,0.9996201395988464,-0.03512129187583923,-0.6353603005409241,-0.19610457122325897,0.9996568560600281,-0.03483346477150917,-0.6353350877761841,-0.19360920786857605,0.9996071457862854,-0.07070506364107132,-0.6371787786483765,-0.1933632493019104,0.9995807409286499,-0.06868201494216919,-0.6375258564949036,-0.1943235993385315,0.9995861649513245,-0.06935935467481613,-0.6363874077796936,-0.19022725522518158,0.9995259046554565,0.045905858278274536,-0.6304059028625488,-0.10321179777383804,0.9996622800827026,-0.10160090029239655,-0.6316686868667603,-0.07791564613580704,0.9995829463005066,-0.022554170340299606,-0.5676201581954956,-0.17780257761478424,0.9998645186424255,-0.06655032932758331,-0.5669171214103699,-0.16890668869018555,0.9998545050621033,0.15758106112480164,-0.43549197912216187,-0.054182861000299454,0.9995803833007812,-0.1668984442949295,-0.45041483640670776,-0.011881477199494839,0.9995743632316589,0.17496995627880096,-0.2405274212360382,-0.15883339941501617,0.9767756462097168,-0.22357535362243652,-0.2860085070133209,-0.13276788592338562,0.9363428354263306,0.03573111817240715,-0.35750141739845276,-0.30751627683639526,0.9130560159683228,-0.1300925761461258,-0.4267345666885376,-0.30824020504951477,0.843203067779541,-0.018152115866541862,-0.3870339095592499,-0.3495858311653137,0.8941635489463806,-0.10099499672651291,-0.4644366502761841,-0.353208988904953,0.7912330031394958,-0.012986746616661549,-0.43161457777023315,-0.3318154215812683,0.8997812271118164,-0.09936430305242538,-0.5068832039833069,-0.32744136452674866,0.8097822070121765,0.020855320617556572,-0.38362792134284973,-0.3062613010406494,0.8948317170143127,-0.11612669378519058,-0.4467509090900421,-0.3058919608592987,0.8053635954856873,0.11461254209280014,-0.0035444239620119333,-0.009824986569583416,0.39125093817710876,-0.11306877434253693,-0.0025716032832860947,0.010428010486066341,0.3912326395511627,0.15327462553977966,-0.08853185921907425,-0.09242374449968338,0.04733245074748993,-0.13469548523426056,-0.0357937254011631,-0.09595230221748352,0.0517956018447876,0.17529791593551636,0.18009376525878906,0.20619511604309082,0.01221866812556982,-0.06081780418753624,0.37793630361557007,0.20761899650096893,0.014418540522456169,0.17830996215343475,0.18886995315551758,0.22441506385803223,0.00688575953245163,-0.044938672333955765,0.39670202136039734,0.2405412495136261,0.010186276398599148,0.2011079043149948,0.15705275535583496,-0.004400741308927536,0.01141295861452818,-0.05675545707345009,0.4322553277015686,0.023137198761105537,0.012694484554231167,23,0.767,0.6947513222694397,0.6471389532089233,8.354368219443131e-08,,0.6845802068710327,0.5889577269554138,-0.005696891341358423,,0.6650944352149963,0.5404122471809387,-0.013111929409205914,,0.6586068868637085,0.4922659397125244,-0.020694181323051453,,0.6610128283500671,0.45181697607040405,-0.029466204345226288,,0.6264416575431824,0.5647282600402832,-0.01568857952952385,,0.587132453918457,0.5668460130691528,-0.02341979555785656,,0.5631086826324463,0.5659323930740356,-0.02924031764268875,,0.5435634851455688,0.5644010901451111,-0.03400235250592232,,0.6215360164642334,0.6017125844955444,-0.017450200393795967,,0.5896345973014832,0.6097192168235779,-0.025849206373095512,,0.6022307872772217,0.6116442084312439,-0.025875376537442207,,0.6187095642089844,0.6108415126800537,-0.02484074793756008,,0.622463583946228,0.6409491300582886,-0.018901865929365158,,0.5963453650474548,0.6434292793273926,-0.02467428706586361,,0.60757976770401,0.6441859602928162,-0.018772389739751816,,0.6225978136062622,0.6433287262916565,-0.014046382158994675,,0.6263124346733093,0.6769809126853943,-0.021031945943832397,,0.6074941158294678,0.6746320724487305,-0.023819081485271454,,0.6181929707527161,0.6723823547363281,-0.01796521246433258,,0.6311274766921997,0.6701449751853943,-0.01287171058356762,,0.577442467212677,0.5734767317771912,2.3263464754563756e-07,,0.604414701461792,0.5437923073768616,-0.010529746301472187,,0.6238219141960144,0.4991723597049713,-0.015523216687142849,,0.6344884634017944,0.46253490447998047,-0.021541304886341095,,0.6415604948997498,0.429933100938797,-0.027279285714030266,,0.6018088459968567,0.4267120659351349,-0.0049561988562345505,,0.6060827970504761,0.3787738084793091,-0.015765920281410217,,0.6083130240440369,0.3464338183403015,-0.024108218029141426,,0.6092469692230225,0.31792259216308594,-0.029364150017499924,,0.5847058892250061,0.423807829618454,-0.008075754158198833,,0.5857564806938171,0.36430197954177856,-0.02035258710384369,,0.5885530710220337,0.3240485191345215,-0.0294259712100029,,0.5895134806632996,0.28958481550216675,-0.034707676619291306,,0.56710284948349,0.43511873483657837,-0.01303114928305149,,0.56849604845047,0.39563673734664917,-0.0307347159832716,,0.5859149694442749,0.41720420122146606,-0.036394961178302765,,0.5987150073051453,0.44140759110450745,-0.03570785000920296,,0.5502735376358032,0.45654556155204773,-0.018714716657996178,,0.5543544292449951,0.42296305298805237,-0.03264318034052849,,0.5710973739624023,0.4328678846359253,-0.03490647301077843,,0.5854960083961487,0.45213139057159424,-0.0335581973195076,
-0.054260894656181335,-0.5921751260757446,-0.20391826331615448,0.9997605681419373,-0.037828538566827774,-0.6325277090072632,-0.19583119451999664,0.9996522665023804,-0.038539089262485504,-0.6320326924324036,-0.1976456344127655,0.9996848106384277,-0.038227614015340805,-0.631991982460022,-0.19508586823940277,0.999639093875885,-0.07370264828205109,-0.633853554725647,-0.19411678612232208,0.9996167421340942,-0.07170034945011139,-0.6341924667358398,-0.19507214426994324,0.9996210932731628,-0.07236352562904358,-0.6330379843711853,-0.19091662764549255,0.9995661973953247,0.043510761111974716,-0.6285908818244934,-0.10924134403467178,0.9996917843818665,-0.10348960757255554,-0.6299302577972412,-0.07984401285648346,0.9996199607849121,-0.025520164519548416,-0.565117597579956,-0.1783871054649353,0.9998764991760254,-0.06927739083766937,-0.5644506216049194,-0.1700960248708725,0.9998674392700195,0.15724851191043854,-0.4354020357131958,-0.05667679384350777,0.9996063709259033,-0.1689857840538025,-0.450421005487442,-0.013211267068982124,0.9996070861816406,0.17550548911094666,-0.2410752773284912,-0.16448545455932617,0.9788687825202942,-0.2283276617527008,-0.28650403022766113,-0.1411188691854477,0.9425017237663269,0.04053273797035217,-0.3628639578819275,-0.3172508478164673,0.9215262532234192,-0.1669507473707199,-0.45617595314979553,-0.3307296931743622,0.8587659001350403,-0.011432865634560585,-0.39393705129623413,-0.35630732774734497,0.9030846953392029,-0.14727210998535156,-0.5037298202514648,-0.3765341341495514,0.8112078309059143,-0.004025137517601252,-0.4368380010128021,-0.33765867352485657,0.9080488085746765,-0.1490507572889328,-0.5462562441825867,-0.3504630923271179,0.8277825713157654,0.026282163336873055,-0.38859227299690247,-0.3153010606765747,0.9033920168876648,-0.15642410516738892,-0.47782203555107117,-0.32805466651916504,0.8235378861427307,0.11513940989971161,-0.0035987081937491894,-0.009954750537872314,0.4012933671474457,-0.11342380940914154,-0.0025189409498125315,0.010592412203550339,0.40418609976768494,0.1533198207616806,-0.10245658457279205,-0.0921831876039505,0.04717724025249481,-0.1349613070487976,-0.05373205244541168,-0.09601202607154846,0.05126691609621048,0.17638438940048218,0.17293965816497803,0.2060418426990509,0.01204201765358448,-0.0590633787214756,0.373310923576355,0.20776310563087463,0.013971526175737381,0.179533913731575,0.1815786510705948,0.2245078831911087,0.006788619328290224,-0.042506150901317596,0.3912089169025421,0.24093662202358246,0.009921537712216377,0.20127779245376587,0.1443435400724411,-0.006545152980834246,0.011166469193994999,-0.052461232990026474,0.4205472469329834,0.02193431183695793,0.012279382906854153,24,0.8,0.70026034116745,0.6450870633125305,9.21078040505563e-08,,0.6903632283210754,0.5868680477142334,-0.004476108588278294,,0.6713085174560547,0.5364660024642944,-0.011461258865892887,,0.6638933420181274,0.48756739497184753,-0.018843375146389008,,0.6671766638755798,0.4477938413619995,-0.027391744777560234,,0.631364643573761,0.5628814697265625,-0.012757832184433937,,0.5930340886116028,0.5630397796630859,-0.018841475248336792,,0.5701407194137573,0.5614825487136841,-0.02280593477189541,,0.5518859028816223,0.5587431192398071,-0.026047974824905396,,0.6264506578445435,0.5984945297241211,-0.014651288278400898,,0.5943609476089478,0.6070128083229065,-0.02147424779832363,,0.6072362065315247,0.608161449432373,-0.020517192780971527,,0.6236822605133057,0.6059267520904541,-0.018603041768074036,,0.6275174617767334,0.635892391204834,-0.016182176768779755,,0.6027136445045471,0.6413140892982483,-0.02045765519142151,,0.6141247749328613,0.6420987844467163,-0.014813161455094814,,0.6280490756034851,0.6399326324462891,-0.010301223024725914,,0.6314941048622131,0.6705427765846252,-0.018259383738040924,,0.6136230826377869,0.6712173819541931,-0.01878647692501545,,0.6244601011276245,0.6692665219306946,-0.012506349943578243,,0.6366577744483948,0.6661379337310791,-0.007374575827270746,,0.554326593875885,0.5764740705490112,3.0003803885847447e-07,,0.5813758969306946,0.5382598638534546,-0.013059239834547043,,0.5984029173851013,0.4846695065498352,-0.018460111692547798,,0.5955898761749268,0.442984402179718,-0.024130897596478462,,0.5845717787742615,0.4124552607536316,-0.029261747375130653,,0.5677909851074219,0.4165419042110443,-0.006419121753424406,,0.5686838626861572,0.3690281808376312,-0.019393766298890114,,0.5709110498428345,0.3355864882469177,-0.029909590259194374,,0.5748693346977234,0.3089316487312317,-0.0362398661673069,,0.5484758615493774,0.41893163323402405,-0.008103067986667156,,0.545661985874176,0.3632357120513916,-0.021081238985061646,,0.5491257905960083,0.3224841058254242,-0.030811641365289688,,0.5534020066261292,0.2909136414527893,-0.03655457869172096,,0.5311645269393921,0.43508628010749817,-0.012059313245117664,,0.5354647040367126,0.3968336284160614,-0.028970563784241676,,0.5523054599761963,0.40944021940231323,-0.03484223410487175,,0.5653697848320007,0.42756935954093933,-0.03491470217704773,,0.5169057846069336,0.4631030559539795,-0.017240259796380997,,0.5261310935020447,0.4358154237270355,-0.031120048835873604,,0.5419062376022339,0.43700504302978516,-0.03462947532534599,,0.5549024939537048,0.4461044371128082,-0.03432517126202583,
-0.05642065033316612,-0.589384913444519,-0.20545561611652374,0.9997789263725281,-0.040860991925001144,-0.6298606991767883,-0.19659262895584106,0.9996775388717651,-0.04158146679401398,-0.6293824315071106,-0.19844985008239746,0.9997060894966125,-0.041243698447942734,-0.6293632984161377,-0.19586940109729767,0.9996638298034668,-0.07616832852363586,-0.630987823009491,-0.19453515112400055,0.9996451139450073,-0.07418705523014069,-0.6313617825508118,-0.19550403952598572,0.9996481537818909,-0.07482421398162842,-0.6301928758621216,-0.19137462973594666,0.9995980262756348,0.039931945502758026,-0.6275651454925537,-0.11357571929693222,0.9997149109840393,-0.10522269457578659,-0.6283906698226929,-0.08285881578922272,0.9996496438980103,-0.02766507677733898,-0.5632719397544861,-0.17925740778446198,0.9998857975006104,-0.07084621489048004,-0.5624238848686218,-0.17129598557949066,0.9998775720596313,0.15497687458992004,-0.434798926115036,-0.057117678225040436,0.9996245503425598,-0.17111288011074066,-0.45012569427490234,-0.013850116170942783,0.9996327757835388,0.17217616736888885,-0.23725397884845734,-0.16555340588092804,0.9806590676307678,-0.24438898265361786,-0.2835005819797516,-0.1381581574678421,0.9479506611824036,0.040994614362716675,-0.3611180782318115,-0.3196932077407837,0.9291001558303833,-0.2294105738401413,-0.4575287103652954,-0.3284333050251007,0.872745156288147,-0.0105211790651083,-0.3935476839542389,-0.35813120007514954,0.9110669493675232,-0.2204810082912445,-0.510082483291626,-0.3742520213127136,0.8291730284690857,-0.002560673514381051,-0.43776944279670715,-0.3409394919872284,0.9154719710350037,-0.22673335671424866,-0.5554343461990356,-0.3517599403858185,0.8439993262290955,0.0264405719935894,-0.3873816132545471,-0.31880080699920654,0.9110314846038818,-0.22258393466472626,-0.4811495244503021,-0.32717365026474,0.8399201035499573,0.11514207720756531,-0.003666485659778118,-0.009848123416304588,0.39718180894851685,-0.11340881884098053,-0.0024942064192146063,0.010526638478040695,0.40222927927970886,0.15152238309383392,-0.10015996545553207,-0.0893968716263771,0.04650618135929108,-0.13566288352012634,-0.04989636316895485,-0.09611239284276962,0.05055898427963257,0.1735444813966751,0.17383454740047455,0.20450110733509064,0.011846786364912987,-0.06015222892165184,0.3740198016166687,0.19901882112026215,0.013539234176278114,0.17658686637878418,0.18309728801250458,0.2225821614265442,0.006729660090059042,-0.0433216392993927,0.39148804545402527,0.23160050809383392,0.00968444999307394,0.19964487850666046,0.14617660641670227,-0.010857715271413326,0.010969682596623898,-0.05349366366863251,0.4206275939941406,0.011425000615417957,0.011922999285161495,25,0.834,0.7058218717575073,0.644767165184021,8.971305476279667e-08,,0.6962535977363586,0.5846925973892212,-0.004587339702993631,,0.6781870722770691,0.5342434644699097,-0.012279762886464596,,0.6704727411270142,0.4861161708831787,-0.020176250487565994,,0.6743562817573547,0.4447271227836609,-0.029299255460500717,,0.6385608911514282,0.5602005124092102,-0.014635502360761166,,0.5997896194458008,0.5601950883865356,-0.022091716527938843,,0.5757344365119934,0.5588040947914124,-0.02716989442706108,,0.5564581155776978,0.556638777256012,-0.031060628592967987,,0.6328523755073547,0.5952884554862976,-0.016343876719474792,,0.5996274948120117,0.60365891456604,-0.02358940802514553,,0.6126043796539307,0.606825053691864,-0.02211797796189785,,0.6295662522315979,0.6057511568069458,-0.019724320620298386,,0.6337437033653259,0.6328856945037842,-0.017642630264163017,,0.6073030233383179,0.6386617422103882,-0.02198892831802368,,0.6187452673912048,0.640545129776001,-0.01584235392510891,,0.6331404447555542,0.6382741928100586,-0.010962310247123241,,0.6381617784500122,0.6671901941299438,-0.019436540082097054,,0.620940625667572,0.6700142621994019,-0.019706590101122856,,0.6315082311630249,0.6684233546257019,-0.013138449750840664,,0.6433595418930054,0.6645815372467041,-0.007873468101024628,,0.4996427893638611,0.5784115791320801,2.0312332082994544e-07,,0.5282001495361328,0.5362316966056824,-0.014723719097673893,,0.5388697385787964,0.4791060984134674,-0.019086232408881187,,0.522634744644165,0.4439522624015808,-0.023741550743579865,,0.5021857619285583,0.42864322662353516,-0.028023794293403625,,0.5138907432556152,0.4060019850730896,-0.0035611125640571117,,0.5150749087333679,0.35457611083984375,-0.014174701645970345,,0.5177921056747437,0.32401901483535767,-0.02331186644732952,,0.5201753377914429,0.2994689345359802,-0.028605284169316292,,0.4897628724575043,0.40719902515411377,-0.0038866351824253798,,0.4859587848186493,0.3457297086715698,-0.014383039437234402,,0.4841938018798828,0.30475878715515137,-0.022965602576732635,,0.4834761321544647,0.2760552763938904,-0.027753934264183044,,0.46767619252204895,0.42434120178222656,-0.006988436449319124,,0.4684608578681946,0.38810697197914124,-0.023517509922385216,,0.48226362466812134,0.4084777235984802,-0.030612032860517502,,0.4938715398311615,0.43228214979171753,-0.03068530187010765,,0.44796353578567505,0.451082319021225,-0.011244110763072968,,0.4484068751335144,0.4233505427837372,-0.023733390495181084,,0.46142855286598206,0.43194448947906494,-0.026214633136987686,,0.4739597737789154,0.4468717873096466,-0.025076646357774734,
-0.05653803050518036,-0.5886467695236206,-0.21168909966945648,0.9997944235801697,-0.040955059230327606,-0.6290229558944702,-0.20547647774219513,0.9996978640556335,-0.04167318716645241,-0.6285573244094849,-0.20723339915275574,0.9997228980064392,-0.04133978858590126,-0.6285486817359924,-0.2046901434659958,0.9996835589408875,-0.07620831578969955,-0.6302890777587891,-0.20339873433113098,0.9996681213378906,-0.07422419637441635,-0.6306756138801575,-0.2044588178396225,0.9996700882911682,-0.07486100494861603,-0.6295047402381897,-0.20033004879951477,0.9996241927146912,0.03975405916571617,-0.6274233460426331,-0.12290643900632858,0.9997340440750122,-0.10519638657569885,-0.628434956073761,-0.09184257686138153,0.9996744394302368,-0.027800654992461205,-0.562908411026001,-0.18627367913722992,0.9998932480812073,-0.07090241461992264,-0.562184751033783,-0.1774916648864746,0.9998858571052551,0.1545228511095047,-0.43470242619514465,-0.061043210327625275,0.9996328949928284,-0.17166239023208618,-0.45199817419052124,-0.015596764162182808,0.9996516704559326,0.17268526554107666,-0.2314257025718689,-0.16627204418182373,0.9823858737945557,-0.26078763604164124,-0.2870590388774872,-0.1322396993637085,0.952881932258606,0.04974561929702759,-0.35958078503608704,-0.32532551884651184,0.9360130429267883,-0.28535836935043335,-0.4600185751914978,-0.32381799817085266,0.8853262066841125,0.002802653703838587,-0.39204344153404236,-0.3667846918106079,0.9186999201774597,-0.2861657440662384,-0.5114358067512512,-0.3703024983406067,0.8453001976013184,0.01135660707950592,-0.43578532338142395,-0.35363492369651794,0.92264324426651,-0.29364293813705444,-0.5562377572059631,-0.3518957197666168,0.8585940003395081,0.0367051362991333,-0.3868046998977661,-0.3269050717353821,0.9184737801551819,-0.2805407643318176,-0.48350489139556885,-0.32424959540367126,0.8547658324241638,0.11509360373020172,-0.0037154830060899258,-0.009857144206762314,0.3866580128669739,-0.11339390277862549,-0.0024766854476183653,0.010534534230828285,0.39411309361457825,0.14512556791305542,-0.09845217317342758,-0.08828151971101761,0.044103581458330154,-0.14263154566287994,-0.03079390898346901,-0.09605496376752853,0.04832826554775238,0.16528746485710144,0.17473942041397095,0.19880236685276031,0.011249356903135777,-0.07563110440969467,0.3816750645637512,0.1927918642759323,0.01282523199915886,0.16774708032608032,0.1838085949420929,0.2160075604915619,0.00646599754691124,-0.05984462797641754,0.3991059362888336,0.2240585833787918,0.009294694289565086,0.18968631327152252,0.14699994027614594,-0.013745615258812904,0.010445799678564072,-0.06808188557624817,0.43227657675743103,0.006200003903359175,0.011327646672725677,26,0.867,0.7106404900550842,0.6444392204284668,8.789670857822784e-08,,0.7017573714256287,0.5831676721572876,-0.0050246333703398705,,0.686373233795166,0.5338858962059021,-0.013435270637273788,,0.679442822933197,0.4868413507938385,-0.021794451400637627,,0.680646538734436,0.44520771503448486,-0.031412892043590546,,0.6453920006752014,0.558030366897583,-0.01661829464137554,,0.6067047715187073,0.5590597987174988,-0.024832861497998238,,0.5824198126792908,0.5576791167259216,-0.030799565836787224,,0.5626800656318665,0.5564544796943665,-0.03518413007259369,,0.6391285061836243,0.5939977169036865,-0.01775217615067959,,0.606444776058197,0.6032054424285889,-0.02410944737493992,,0.6191673874855042,0.6049376130104065,-0.022051524370908737,,0.6358998417854309,0.6034854054450989,-0.01981511525809765,,0.6398578882217407,0.6328186392784119,-0.018489684909582138,,0.6126552820205688,0.6383567452430725,-0.022530505433678627,,0.6237529516220093,0.6391634345054626,-0.015858514234423637,,0.6380957961082458,0.6372668743133545,-0.010951346717774868,,0.6442662477493286,0.6674082279205322,-0.01964864321053028,,0.6251220107078552,0.6695689558982849,-0.019876647740602493,,0.6354916095733643,0.6679763793945312,-0.012694241479039192,,0.6475355625152588,0.6655376553535461,-0.0071494788862764835,,0.46367231011390686,0.5881118774414062,2.5388399649273197e-07,,0.49001866579055786,0.5337275862693787,-0.013656537979841232,,0.4909276068210602,0.469641774892807,-0.016571763902902603,,0.4713117480278015,0.4339102506637573,-0.019377663731575012,,0.448548287153244,0.41862645745277405,-0.021995866671204567,,0.47186532616615295,0.4143684208393097,-0.0030783626716583967,,0.46582266688346863,0.3637482225894928,-0.012195894494652748,,0.4616059958934784,0.329165518283844,-0.020681411027908325,,0.4570847153663635,0.30120280385017395,-0.0260916817933321,,0.4493068754673004,0.41992586851119995,-0.0027677060570567846,,0.43694549798965454,0.3639850616455078,-0.011757454834878445,,0.4273443818092346,0.3256734013557434,-0.01997981406748295,,0.4179074764251709,0.29936692118644714,-0.025009145960211754,,0.42961421608924866,0.43942415714263916,-0.0048585436306893826,,0.4197489321231842,0.4003331661224365,-0.017984291538596153,,0.4244902729988098,0.412634015083313,-0.02329614944756031,,0.4284862279891968,0.4299312233924866,-0.023328987881541252,,0.4122433662414551,0.4672184884548187,-0.008311186917126179,,0.40577784180641174,0.4368952810764313,-0.018217245116829872,,0.4117181897163391,0.43706434965133667,-0.02023210935294628,,0.4181453585624695,0.44482743740081787,-0.019439155235886574,
-0.06031454727053642,-0.5887011885643005,-0.23567499220371246,0.999809980392456,-0.04416607320308685,-0.6290662288665771,-0.23154544830322266,0.9997184872627258,-0.044888317584991455,-0.6286013722419739,-0.23331578075885773,0.999740719795227,-0.04456387460231781,-0.6285932064056396,-0.23077407479286194,0.9997043609619141,-0.0794970914721489,-0.6303495764732361,-0.22804373502731323,0.9996909499168396,-0.07751093804836273,-0.6307368278503418,-0.2291094809770584,0.9996922612190247,-0.07813917100429535,-0.629568338394165,-0.2249877005815506,0.9996501803398132,0.03889284282922745,-0.6273552179336548,-0.14935709536075592,0.9997536540031433,-0.10629994422197342,-0.6284650564193726,-0.11214537918567657,0.9996981024742126,-0.030455343425273895,-0.5629411935806274,-0.2121163010597229,0.999900758266449,-0.07369372248649597,-0.5622278451919556,-0.20027916133403778,0.9998940229415894,0.1544744372367859,-0.4333321750164032,-0.0843314379453659,0.999639093875885,-0.172121062874794,-0.45374539494514465,-0.021390249952673912,0.9996690154075623,0.1731692999601364,-0.22924764454364777,-0.17754381895065308,0.9840202927589417,-0.28046518564224243,-0.30201515555381775,-0.1284543126821518,0.9574034214019775,0.05609161779284477,-0.3583250045776367,-0.34203967452049255,0.9422959089279175,-0.34544163942337036,-0.4764515459537506,-0.32391783595085144,0.8966982960700989,0.010115901939570904,-0.3905693590641022,-0.38528263568878174,0.9259291291236877,-0.35772591829299927,-0.5271304249763489,-0.37087351083755493,0.8601087331771851,0.019991757348179817,-0.43609619140625,-0.3767765760421753,0.9294723272323608,-0.3650440573692322,-0.5699918866157532,-0.3588637113571167,0.8720592856407166,0.043511055409908295,-0.3856707811355591,-0.34557369351387024,0.9255821108818054,-0.342232882976532,-0.4988022446632385,-0.3274690806865692,0.868537187576294,0.11509668827056885,-0.0034837948624044657,-0.010223296470940113,0.3801480531692505,-0.11340080201625824,-0.002700814977288246,0.010868118144571781,0.39233705401420593,0.1382286697626114,-0.09731249511241913,-0.08826031535863876,0.04273848980665207,-0.14910602569580078,-0.028847694396972656,-0.09556489437818527,0.047598570585250854,0.15640631318092346,0.1754664182662964,0.19817067682743073,0.010892245918512344,-0.08356624841690063,0.3881073594093323,0.19347205758094788,0.012553591281175613,0.15844015777111053,0.1843905746936798,0.21520072221755981,0.006292932201176882,-0.06807123869657516,0.40631458163261414,0.22490434348583221,0.009127677418291569,0.1758337765932083,0.14843158423900604,-0.013568012043833733,0.010142347775399685,-0.0787007063627243,0.4369811415672302,0.007787775248289108,0.011061575263738632,27,0.9,0.7152079939842224,0.6478285193443298,8.005952167877695e-08,,0.7064485549926758,0.5861473679542542,-0.003876936621963978,,0.6909431219100952,0.5370508432388306,-0.011515670455992222,,0.6834580898284912,0.48976680636405945,-0.01915835402905941,,0.6843804717063904,0.44847482442855835,-0.028065329417586327,,0.6505894064903259,0.560495138168335,-0.016116352751851082,,0.610411524772644,0.5594962239265442,-0.022964375093579292,,0.5863555669784546,0.5585016012191772,-0.027402807027101517,,0.5669400691986084,0.55744868516922,-0.03075690008699894,,0.6445220708847046,0.5963135957717896,-0.017514226958155632,,0.6098042130470276,0.6046416163444519,-0.022282954305410385,,0.6217745542526245,0.6068862676620483,-0.019357338547706604,,0.6375889778137207,0.6059708595275879,-0.016881896182894707,,0.6453622579574585,0.6347332000732422,-0.018299799412488937,,0.6170419454574585,0.640863835811615,-0.021120160818099976,,0.628359317779541,0.641059935092926,-0.013946259394288063,,0.64239501953125,0.6393058896064758,-0.009042803198099136,,0.6498565673828125,0.6696661114692688,-0.019404305145144463,,0.6296103596687317,0.6726421117782593,-0.018887024372816086,,0.6395596861839294,0.6703909635543823,-0.011368773877620697,,0.6510440111160278,0.6681162118911743,-0.005779181607067585,,0.4307521879673004,0.5910934805870056,2.3182568043011997e-07,,0.4467923045158386,0.5290625095367432,-0.01024350244551897,,0.4401428699493408,0.4716779887676239,-0.013319667428731918,,0.41276079416275024,0.4521668255329132,-0.017170842736959457,,0.38800662755966187,0.4531465470790863,-0.02082873322069645,,0.42421141266822815,0.4227716624736786,-0.00016425253124907613,,0.41334792971611023,0.37419477105140686,-0.007879928685724735,,0.40540847182273865,0.3436930775642395,-0.015159142203629017,,0.39623841643333435,0.31887269020080566,-0.0199050921946764,,0.4043305814266205,0.4320757985115051,-0.0021721688099205494,,0.38952240347862244,0.3761601150035858,-0.009264850988984108,,0.379381388425827,0.3412170708179474,-0.015908116474747658,,0.36845141649246216,0.3136836290359497,-0.019991524517536163,,0.38826191425323486,0.45529085397720337,-0.006235451437532902,,0.3719277083873749,0.4210895895957947,-0.01706128939986229,,0.3839957118034363,0.4396377503871918,-0.020432237535715103,,0.3935735523700714,0.45766618847846985,-0.019374720752239227,,0.37469470500946045,0.48650792241096497,-0.011493878439068794,,0.36333608627319336,0.4572082757949829,-0.01818002201616764,,0.3725552558898926,0.4603409171104431,-0.017265910282731056,,0.3824240565299988,0.46806600689888,-0.014949874952435493,
-0.06124309450387955,-0.5887956023216248,-0.23982809484004974,0.9998230934143066,-0.0446908138692379,-0.6290980577468872,-0.235377699136734,0.9997346997261047,-0.045398082584142685,-0.6286332011222839,-0.23705480992794037,0.9997543692588806,-0.04509638994932175,-0.6286255717277527,-0.23450180888175964,0.9997206926345825,-0.08010368049144745,-0.6303939819335938,-0.23218458890914917,0.9997100830078125,-0.0780995562672615,-0.6307762265205383,-0.2333742082118988,0.9997110962867737,-0.07874289155006409,-0.6296114325523376,-0.22926689684391022,0.9996726512908936,0.038772325962781906,-0.6271725296974182,-0.1515718549489975,0.9997700452804565,-0.10672876983880997,-0.6284740567207336,-0.11577069759368896,0.9997191429138184,-0.031151672825217247,-0.5629645586013794,-0.2161562740802765,0.9999071955680847,-0.07456400990486145,-0.5622743964195251,-0.20439107716083527,0.999901294708252,0.15421494841575623,-0.43249085545539856,-0.0868895947933197,0.9996452927589417,-0.1721375733613968,-0.45377200841903687,-0.021784979850053787,0.9996891021728516,0.17353740334510803,-0.22551271319389343,-0.17751529812812805,0.9855567216873169,-0.2860485017299652,-0.29993095993995667,-0.12463304400444031,0.9615603089332581,0.06112987548112869,-0.35757142305374146,-0.3417387008666992,0.9480112195014954,-0.3733833134174347,-0.46159037947654724,-0.3240288496017456,0.9069722890853882,0.015833616256713867,-0.39000385999679565,-0.3852653205394745,0.9327504634857178,-0.39262235164642334,-0.508033037185669,-0.37247011065483093,0.8735998868942261,0.024428576231002808,-0.4351433515548706,-0.37714144587516785,0.9359245300292969,-0.39966902136802673,-0.550508439540863,-0.36590269207954407,0.8843320608139038,0.04820043593645096,-0.38498520851135254,-0.34491071105003357,0.9323740005493164,-0.3711172342300415,-0.48322540521621704,-0.33020198345184326,0.8811655044555664,0.11506961286067963,-0.003290721680969,-0.010186358354985714,0.38487207889556885,-0.11340541392564774,-0.002724737161770463,0.010751979425549507,0.403246134519577,0.13855117559432983,-0.095374196767807,-0.0881899818778038,0.0400809720158577,-0.14881548285484314,-0.020597154274582863,-0.09547243267297745,0.045259006321430206,0.15676671266555786,0.18559010326862335,0.19483771920204163,0.010226553305983543,-0.08259771019220352,0.4040587246417999,0.1917906105518341,0.011936245486140251,0.15894578397274017,0.1942213624715805,0.21036650240421295,0.005961208138614893,-0.06715784221887589,0.4253650903701782,0.22179026901721954,0.008727960288524628,0.1767098307609558,0.16625601053237915,-0.012166651897132397,0.009526573121547699,-0.07746439427137375,0.45243605971336365,0.0074283042922616005,0.01045923214405775,28,0.934,0.7182024121284485,0.6500055193901062,8.363821279999684e-08,,0.7091830968856812,0.5889139175415039,-0.0033572122920304537,,0.6937181949615479,0.540294349193573,-0.010801848955452442,,0.6861401796340942,0.4923474192619324,-0.018445229157805443,,0.6872720718383789,0.45096394419670105,-0.02740187756717205,,0.6536898612976074,0.5636407732963562,-0.015257464721798897,,0.6133747100830078,0.5622428059577942,-0.021747233346104622,,0.589120090007782,0.561282753944397,-0.026045549660921097,,0.5697409510612488,0.5601629018783569,-0.029319344088435173,,0.6477672457695007,0.5993894934654236,-0.016811981797218323,,0.6125085353851318,0.6060387492179871,-0.021194471046328545,,0.6240105628967285,0.6075227856636047,-0.018166877329349518,,0.6395878791809082,0.6062138676643372,-0.01564820110797882,,0.6486566066741943,0.6374548077583313,-0.017730308696627617,,0.6199036836624146,0.6426087617874146,-0.020243819802999496,,0.6310980319976807,0.6421564817428589,-0.013010053895413876,,0.645338237285614,0.6400207281112671,-0.008093204349279404,,0.653041422367096,0.6720584630966187,-0.018947944045066833,,0.6318565011024475,0.6734497547149658,-0.01825181022286415,,0.6416001915931702,0.671216607093811,-0.01067391037940979,,0.6533521413803101,0.6693783402442932,-0.005074999760836363,,0.4080081880092621,0.6022655367851257,2.163652226272461e-07,,0.4228353500366211,0.5464866161346436,-0.010391967371106148,,0.41874146461486816,0.49581632018089294,-0.012995146214962006,,0.3966289162635803,0.4698895215988159,-0.016721421852707863,,0.3750585615634918,0.4674384295940399,-0.02015436440706253,,0.39950791001319885,0.4420349895954132,0.0009162795613519847,,0.3878486156463623,0.39307230710983276,-0.00544138066470623,,0.3800174593925476,0.3633984625339508,-0.01172603853046894,,0.37139683961868286,0.33616554737091064,-0.016512705013155937,,0.3819417357444763,0.4499613344669342,-0.0011056240182369947,,0.36867696046829224,0.3941879868507385,-0.00846119038760662,,0.35976648330688477,0.3563937842845917,-0.01611332595348358,,0.3506462574005127,0.3238552212715149,-0.021538523957133293,,0.3676716089248657,0.47207728028297424,-0.005022635217756033,,0.3508760333061218,0.4334927797317505,-0.017944790422916412,,0.3607904016971588,0.4523177444934845,-0.02218080498278141,,0.36990901827812195,0.47494012117385864,-0.021371711045503616,,0.3553704023361206,0.501166820526123,-0.010002068243920803,,0.3418109118938446,0.46561765670776367,-0.020089535042643547,,0.35079121589660645,0.4726465046405792,-0.020403724163770676,,0.3606209456920624,0.4901462197303772,-0.018355194479227066,
-0.06129209324717522,-0.5894997119903564,-0.2395564466714859,0.9998339414596558,-0.044590432196855545,-0.6295443773269653,-0.23491068184375763,0.9997477531433105,-0.045294396579265594,-0.6290844678878784,-0.2365901917219162,0.9997650980949402,-0.04499684274196625,-0.6290781497955322,-0.23403887450695038,0.9997339844703674,-0.0800037533044815,-0.630994439125061,-0.23185861110687256,0.9997254610061646,-0.07799629867076874,-0.6313709616661072,-0.23303624987602234,0.9997261166572571,-0.07864207774400711,-0.6301959753036499,-0.2289275825023651,0.9996908903121948,0.038902461528778076,-0.6271315217018127,-0.15063482522964478,0.9997839331626892,-0.10666868835687637,-0.6286637187004089,-0.11547424644231796,0.999735951423645,-0.03120039403438568,-0.5632001161575317,-0.21595224738121033,0.9999123215675354,-0.07459810376167297,-0.5626720190048218,-0.2042417675256729,0.9999070167541504,0.15403833985328674,-0.4319150447845459,-0.08725205063819885,0.9996489882469177,-0.171809121966362,-0.4537751078605652,-0.021658342331647873,0.9997037053108215,0.17596155405044556,-0.22331909835338593,-0.17678560316562653,0.9869298934936523,-0.2848105728626251,-0.29743942618370056,-0.1117440015077591,0.96524977684021,0.062354329973459244,-0.3552645146846771,-0.3410549461841583,0.9531444311141968,-0.38165831565856934,-0.45311683416366577,-0.3219178318977356,0.9161969423294067,0.016053518280386925,-0.3878307640552521,-0.3851608633995056,0.9388209581375122,-0.40383055806159973,-0.49733269214630127,-0.3720915913581848,0.8856207728385925,0.023687517270445824,-0.4347890317440033,-0.3761851489543915,0.941662073135376,-0.41270244121551514,-0.5400294661521912,-0.3612624406814575,0.8952628970146179,0.04886562377214432,-0.38390782475471497,-0.3447618782520294,0.9383997321128845,-0.38065919280052185,-0.4744768440723419,-0.3280940055847168,0.8924083113670349,0.11491868644952774,-0.0031912634149193764,-0.010282011702656746,0.38883426785469055,-0.11330777406692505,-0.002734510926529765,0.01079761702567339,0.41132622957229614,0.13878501951694489,-0.09341828525066376,-0.08823118358850479,0.0379476360976696,-0.1482834666967392,-0.017870210111141205,-0.09477756917476654,0.0434018038213253,0.15698033571243286,0.19024109840393066,0.19218985736370087,0.009715159423649311,-0.08120106160640717,0.4087020754814148,0.19154241681098938,0.011465751565992832,0.15908414125442505,0.19877909123897552,0.20710961520671844,0.005712983198463917,-0.06547694653272629,0.4301299750804901,0.22131198644638062,0.008451314643025398,0.17758412659168243,0.17085902392864227,-0.012055126018822193,0.009051320143043995,-0.07347168773412704,0.45504122972488403,0.008135020732879639,0.00999350193887949,29,0.967,0.7187557220458984,0.6519409418106079,8.984234511899558e-08,,0.7093003988265991,0.591367244720459,-0.004050802439451218,,0.6945469379425049,0.542976975440979,-0.012137644924223423,,0.6875150799751282,0.4955567419528961,-0.020340491086244583,,0.6886742115020752,0.45421504974365234,-0.02985069714486599,,0.654524564743042,0.56584233045578,-0.016260355710983276,,0.6146396994590759,0.5651687979698181,-0.023028552532196045,,0.5904533863067627,0.5644201636314392,-0.02743813395500183,,0.5710761547088623,0.5633813738822937,-0.030808843672275543,,0.64857017993927,0.6012407541275024,-0.01784401200711727,,0.6141344308853149,0.608281135559082,-0.023006407544016838,,0.6259199380874634,0.6094693541526794,-0.020420758053660393,,0.6417123079299927,0.6077102422714233,-0.018077334389090538,,0.6493138670921326,0.6389406323432922,-0.018789900466799736,,0.6209832429885864,0.6443539261817932,-0.021900316700339317,,0.6320690512657166,0.6443499326705933,-0.01478533074259758,,0.6461472511291504,0.6420485973358154,-0.009857562370598316,,0.6534369587898254,0.6733145713806152,-0.020086107775568962,,0.6324403882026672,0.6755074262619019,-0.0200190506875515,,0.6421909332275391,0.6734637022018433,-0.012594484724104404,,0.6538424491882324,0.6716460585594177,-0.006984169129282236,,0.40246838331222534,0.6066539287567139,2.3967211859599047e-07,,0.41745173931121826,0.55965256690979,-0.016643689945340157,,0.4144239127635956,0.5050809383392334,-0.021147947758436203,,0.3898317217826843,0.4782765507698059,-0.025394368916749954,,0.3651624917984009,0.4685487449169159,-0.02875860407948494,,0.3970925509929657,0.45000600814819336,-0.0029804357327520847,,0.38545000553131104,0.39782586693763733,-0.009829620830714703,,0.3762363791465759,0.3666524291038513,-0.016012175008654594,,0.3673531413078308,0.3377586007118225,-0.020863002166152,,0.3790109157562256,0.4564492106437683,-0.002215268090367317,,0.36657410860061646,0.39822542667388916,-0.01054854691028595,,0.357662558555603,0.36013686656951904,-0.01822788082063198,,0.34971916675567627,0.32775604724884033,-0.023323798552155495,,0.3650573194026947,0.4765549898147583,-0.004169690888375044,,0.3479979336261749,0.43155860900878906,-0.02070937491953373,,0.35639867186546326,0.458822101354599,-0.02684846520423889,,0.3645378649234772,0.48785558342933655,-0.026237796992063522,,0.35298576951026917,0.5043186545372009,-0.007513546850532293,,0.33726102113723755,0.4693094491958618,-0.022158805280923843,,0.34429845213890076,0.47934532165527344,-0.02580210007727146,,0.35292887687683105,0.4987510144710541,-0.025383032858371735,
-0.06123131141066551,-0.5906341671943665,-0.23738601803779602,0.999844491481781,-0.04448588564991951,-0.6303753852844238,-0.23276671767234802,0.9997613430023193,-0.045188385993242264,-0.6299179792404175,-0.23441840708255768,0.9997767210006714,-0.04488931968808174,-0.6299170851707458,-0.23185010254383087,0.9997482299804688,-0.07991333305835724,-0.6320785284042358,-0.22943828999996185,0.9997406601905823,-0.07790538668632507,-0.6324499249458313,-0.23065152764320374,0.9997407793998718,-0.07855089008808136,-0.6312674880027771,-0.226537823677063,0.9997082948684692,0.03899671509861946,-0.6271467208862305,-0.14904095232486725,0.9997978210449219,-0.10632564127445221,-0.6295013427734375,-0.1124892383813858,0.999751627445221,-0.031171847134828568,-0.5638248324394226,-0.2140919715166092,0.999917209148407,-0.07454408705234528,-0.5636183023452759,-0.20194271206855774,0.9999122619628906,0.15403370559215546,-0.4317481815814972,-0.08673372864723206,0.9996552467346191,-0.171352818608284,-0.4545285701751709,-0.017162015661597252,0.9997168779373169,0.17875505983829498,-0.22212977707386017,-0.17455388605594635,0.9881595969200134,-0.28349530696868896,-0.2975481450557709,-0.1007969081401825,0.9685565233230591,0.06622688472270966,-0.35244783759117126,-0.3393327593803406,0.9577609896659851,-0.3789355158805847,-0.4487588107585907,-0.31719696521759033,0.9244974851608276,0.01984807848930359,-0.3850294351577759,-0.38427987694740295,0.9442903399467468,-0.4013805687427521,-0.49239712953567505,-0.368962824344635,0.89644855260849,0.026833822950720787,-0.4337344467639923,-0.37569352984428406,0.946834921836853,-0.4094260334968567,-0.5344391465187073,-0.35870540142059326,0.9051088690757751,0.0524645671248436,-0.38179415464401245,-0.34352734684944153,0.943835973739624,-0.3777371346950531,-0.469714492559433,-0.3266300559043884,0.9025407433509827,0.11484350264072418,-0.0030290971044451,-0.0106581412255764,0.3953515887260437,-0.11325245350599289,-0.0028013454284518957,0.011106517165899277,0.42072540521621704,0.1389249861240387,-0.09293751418590546,-0.08819582313299179,0.0361994244158268,-0.14790695905685425,-0.01826377399265766,-0.09435726702213287,0.04172968119382858,0.15756750106811523,0.1915789544582367,0.19013457000255585,0.009286502376198769,-0.0783747062087059,0.40696007013320923,0.19191743433475494,0.01105074305087328,0.15985432267189026,0.19997476041316986,0.20492294430732727,0.005487765185534954,-0.06236371770501137,0.42785319685935974,0.22190703451633453,0.008229830302298069,0.17820292711257935,0.17166632413864136,-0.013005543500185013,0.008655363693833351,-0.07054231315851212,0.4528634250164032,0.00860105361789465,0.009598816744983196,30,1.001,0.7187359929084778,0.6542285084724426,9.751279606007301e-08,,0.7095048427581787,0.5939362049102783,-0.0036268141120672226,,0.6949434280395508,0.5467531085014343,-0.011954119428992271,,0.6881075501441956,0.49936577677726746,-0.020298568531870842,,0.6894286870956421,0.4576069116592407,-0.029979275539517403,,0.654594361782074,0.5678671002388,-0.01698894053697586,,0.6144106984138489,0.567079484462738,-0.023640930652618408,,0.5904998183250427,0.5658619999885559,-0.027920830994844437,,0.5712892413139343,0.5645905137062073,-0.031169477850198746,,0.648431658744812,0.6033332347869873,-0.0184569600969553,,0.6137506365776062,0.6099531650543213,-0.022652801126241684,,0.6257893443107605,0.611240565776825,-0.01917167380452156,,0.6418156623840332,0.6094878315925598,-0.01646238937973976,,0.6490636467933655,0.6411876678466797,-0.019194699823856354,,0.6214033961296082,0.645936131477356,-0.021332647651433945,,0.6325902938842773,0.646256148815155,-0.013632819056510925,,0.6466950178146362,0.6441856622695923,-0.008614844642579556,,0.6531346440315247,0.6754956841468811,-0.02022205851972103,,0.6327441334724426,0.6771647930145264,-0.019407056272029877,,0.6427758932113647,0.6752750873565674,-0.011577901430428028,,0.6543426513671875,0.6734563112258911,-0.005866671912372112,,0.4027426540851593,0.608944296836853,2.1332863298084703e-07,,0.41777536273002625,0.560335636138916,-0.013755741529166698,,0.41584065556526184,0.5074933767318726,-0.017150303348898888,,0.39192649722099304,0.48075294494628906,-0.020706718787550926,,0.3696759343147278,0.4720942974090576,-0.023687371984124184,,0.4006832242012024,0.4522188603878021,-0.002580721862614155,,0.3904877305030823,0.40015923976898193,-0.009421725757420063,,0.38187530636787415,0.3696897327899933,-0.015584561042487621,,0.3732188940048218,0.34139376878738403,-0.020187821239233017,,0.3826014995574951,0.4572427570819855,-0.0027501650620251894,,0.37205982208251953,0.39801517128944397,-0.010554061271250248,,0.36368417739868164,0.35992205142974854,-0.018335066735744476,,0.35582709312438965,0.3270180821418762,-0.023497993126511574,,0.368265300989151,0.4760880172252655,-0.005057910922914743,,0.35288742184638977,0.43544453382492065,-0.019593145698308945,,0.3601638674736023,0.4591086506843567,-0.025620978325605392,,0.36771687865257263,0.4854314625263214,-0.02539154700934887,,0.355953574180603,0.50255286693573,-0.008502635173499584,,0.3414405584335327,0.46848246455192566,-0.020373594015836716,,0.3486555218696594,0.4774336814880371,-0.022514434531331062,,0.35780012607574463,0.49635910987854004,-0.02133997343480587,
-0.06088901683688164,-0.5906954407691956,-0.23718930780887604,0.99985271692276,-0.04395308345556259,-0.6304032206535339,-0.2325173318386078,0.9997710585594177,-0.04465240612626076,-0.6299459338188171,-0.2341904491186142,0.9997846484184265,-0.044364139437675476,-0.629944920539856,-0.2316269427537918,0.9997583627700806,-0.07939372211694717,-0.6321204900741577,-0.229243203997612,0.9997517466545105,-0.0773826539516449,-0.6324923038482666,-0.23043200373649597,0.9997512698173523,-0.07803282886743546,-0.6313077807426453,-0.2263190895318985,0.9997212886810303,0.03920934721827507,-0.6270984411239624,-0.14874623715877533,0.9998082518577576,-0.10608848929405212,-0.629625678062439,-0.11229687184095383,0.999763548374176,-0.030989589169621468,-0.5638561248779297,-0.2139507532119751,0.9999209642410278,-0.07436175644397736,-0.5637074708938599,-0.20181456208229065,0.9999163746833801,0.15396903455257416,-0.4316450357437134,-0.08608651906251907,0.999660849571228,-0.17130805552005768,-0.45473870635032654,-0.01711231656372547,0.9997280836105347,0.18017588555812836,-0.22000721096992493,-0.17146888375282288,0.989262580871582,-0.2835146486759186,-0.2963559329509735,-0.09830375760793686,0.9715378880500793,0.0678468570113182,-0.34756818413734436,-0.3374268412590027,0.961911678314209,-0.37312766909599304,-0.44683733582496643,-0.3138115704059601,0.9319652915000916,0.021545154973864555,-0.3801557421684265,-0.3831251859664917,0.9491803646087646,-0.3932788074016571,-0.48956525325775146,-0.3664238452911377,0.9061651825904846,0.02803582139313221,-0.43037959933280945,-0.37545159459114075,0.9514535665512085,-0.40049946308135986,-0.5317800045013428,-0.35713815689086914,0.9139333963394165,0.05391779914498329,-0.37741509079933167,-0.3418750464916229,0.9486948847770691,-0.3712812066078186,-0.46774592995643616,-0.3247758448123932,0.9116209149360657,0.11478554457426071,-0.0029827451799064875,-0.010721924714744091,0.40212005376815796,-0.1132092997431755,-0.0028049801476299763,0.011143675073981285,0.4294320344924927,0.1393282413482666,-0.08766884356737137,-0.0882534384727478,0.03469375893473625,-0.1473209112882614,-0.017484690994024277,-0.09431213140487671,0.04028692469000816,0.16025622189044952,0.1985439956188202,0.18694448471069336,0.008931162767112255,-0.07195017486810684,0.40808406472206116,0.19158345460891724,0.01066503208130598,0.16304123401641846,0.20731690526008606,0.20155224204063416,0.00531887449324131,-0.055494681000709534,0.42896386981010437,0.22152645885944366,0.008032365702092648,0.17968550324440002,0.18042878806591034,-0.014452719129621983,0.008313573896884918,-0.06054988503456116,0.4539288282394409,0.00898880884051323,0.00922537874430418,31,1.034,0.7181289196014404,0.6560602188110352,9.583964555304192e-08,,0.7091271281242371,0.5956787467002869,-0.003561225952580571,,0.6942558288574219,0.5482603907585144,-0.011809500865638256,,0.6872628331184387,0.5004040002822876,-0.020037757232785225,,0.6886488795280457,0.45855841040611267,-0.029615789651870728,,0.6550625562667847,0.569502055644989,-0.017503073439002037,,0.6143016219139099,0.5686426162719727,-0.024352336302399635,,0.5902584791183472,0.5669413208961487,-0.028649218380451202,,0.5709933638572693,0.5654287934303284,-0.0318366140127182,,0.6486455202102661,0.6046877503395081,-0.018898146227002144,,0.6134198904037476,0.6107690930366516,-0.023175619542598724,,0.6250869035720825,0.6117240786552429,-0.01964004896581173,,0.641086220741272,0.6103329062461853,-0.016847576946020126,,0.6489177346229553,0.6424506306648254,-0.01952284574508667,,0.6209267973899841,0.6472468972206116,-0.021706968545913696,,0.631816565990448,0.6471830010414124,-0.014113746583461761,,0.645969569683075,0.6452619433403015,-0.009145453572273254,,0.6526282429695129,0.6765685677528381,-0.020404402166604996,,0.6323327422142029,0.6789984107017517,-0.01964777521789074,,0.6421546936035156,0.6768760085105896,-0.01196510624140501,,0.6537165641784668,0.6750380396842957,-0.0063593690283596516,,0.40657156705856323,0.6096440553665161,2.1794237170524866e-07,,0.42303866147994995,0.5604228973388672,-0.013977072201669216,,0.421456515789032,0.5072382092475891,-0.01731973886489868,,0.39795011281967163,0.4784960448741913,-0.020811282098293304,,0.37579822540283203,0.4678462743759155,-0.02366081066429615,,0.405916690826416,0.4521658420562744,-0.0017899519298225641,,0.39622512459754944,0.4004863202571869,-0.008292418904602528,,0.3881569802761078,0.3698086738586426,-0.014249212108552456,,0.38014137744903564,0.34137237071990967,-0.018709976226091385,,0.3878379762172699,0.4569275975227356,-0.001815494615584612,,0.3776249885559082,0.3977419435977936,-0.009323369711637497,,0.36970728635787964,0.3588407337665558,-0.016753677278757095,,0.3623066544532776,0.3259570300579071,-0.021684592589735985,,0.373327374458313,0.4753328859806061,-0.004118328448385,,0.3582199215888977,0.433526873588562,-0.018558267503976822,,0.3659305274486542,0.456559419631958,-0.024312898516654968,,0.37375620007514954,0.4828577935695648,-0.023879900574684143,,0.36020752787590027,0.5012415051460266,-0.007625336293131113,,0.3461610972881317,0.46543657779693604,-0.01966143026947975,,0.35384154319763184,0.4741438627243042,-0.021836774423718452,,0.3633021414279938,0.4932016432285309,-0.020647969096899033,
-0.05975858122110367,-0.5908212661743164,-0.23763629794120789,0.9998595118522644,-0.042893510311841965,-0.6304643154144287,-0.23271016776561737,0.9997787475585938,-0.043586403131484985,-0.6300088167190552,-0.234404057264328,0.9997907280921936,-0.04330098628997803,-0.6300098896026611,-0.23184724152088165,0.99976646900177,-0.07841657102108002,-0.6321960687637329,-0.22976158559322357,0.9997605085372925,-0.07640285789966583,-0.6325710415840149,-0.23092252016067505,0.9997593760490417,-0.07705243676900864,-0.6313847303390503,-0.22682103514671326,0.9997314810752869,0.039683181792497635,-0.6270665526390076,-0.14801424741744995,0.9998167157173157,-0.10585851222276688,-0.629648745059967,-0.11310047656297684,0.9997729063034058,-0.03014487400650978,-0.5639223456382751,-0.21403759717941284,0.9999238848686218,-0.07359345257282257,-0.5637996196746826,-0.20233969390392303,0.999919593334198,0.15398553013801575,-0.43149861693382263,-0.08590897917747498,0.999661922454834,-0.17123191058635712,-0.4548608958721161,-0.019189810380339622,0.9997356534004211,0.18065252900123596,-0.21849392354488373,-0.17026488482952118,0.9902393817901611,-0.28258016705513,-0.2954365313053131,-0.09853767603635788,0.974223256111145,0.06798963248729706,-0.3467719852924347,-0.33716461062431335,0.965632438659668,-0.3660224974155426,-0.44502127170562744,-0.31392449140548706,0.9386824369430542,0.02159266360104084,-0.3796984851360321,-0.3829834461212158,0.9535039067268372,-0.3843577802181244,-0.4881947338581085,-0.36555492877960205,0.9149048924446106,0.027718545868992805,-0.4302618205547333,-0.3749080002307892,0.9555292129516602,-0.39090871810913086,-0.5303865075111389,-0.35798609256744385,0.9218599200248718,0.05385643616318703,-0.37677550315856934,-0.3417344093322754,0.9529790878295898,-0.3636220395565033,-0.4659118950366974,-0.3239535689353943,0.9197726249694824,0.11473521590232849,-0.0028900124598294497,-0.010414110496640205,0.4076173007488251,-0.11316189169883728,-0.0028217246290296316,0.010795582085847855,0.4363381564617157,0.14047200977802277,-0.08032983541488647,-0.08858991414308548,0.033893782645463943,-0.14388345181941986,-0.016566777601838112,-0.09723179787397385,0.03981702774763107,0.16193009912967682,0.21331138908863068,0.18117059767246246,0.008745841681957245,-0.06448690593242645,0.4120675325393677,0.18283306062221527,0.010532515123486519,0.1650455892086029,0.22370396554470062,0.19551734626293182,0.005243570078164339,-0.047917984426021576,0.4333265423774719,0.21195368468761444,0.007958640344440937,0.18342456221580505,0.19703158736228943,-0.0178432147949934,0.008122246712446213,-0.048458002507686615,0.4564959406852722,0.001528379158116877,0.009036441333591938,32,1.067,0.7163413763046265,0.656563401222229,9.710420556530153e-08,,0.707963228225708,0.5962690114974976,-0.0036388614680618048,,0.6933552026748657,0.5484734773635864,-0.01174299418926239,,0.6871289014816284,0.5003393888473511,-0.019895382225513458,,0.6891682744026184,0.45811164379119873,-0.02941427007317543,,0.6530054211616516,0.5710754990577698,-0.016887037083506584,,0.6129419803619385,0.5690506100654602,-0.02380961738526821,,0.589195966720581,0.5672959089279175,-0.02822532318532467,,0.5700689554214478,0.5658272504806519,-0.031511012464761734,,0.6466112732887268,0.6058961749076843,-0.018228426575660706,,0.6123247742652893,0.6120696067810059,-0.022519590333104134,,0.6245546936988831,0.6137079000473022,-0.018878955394029617,,0.6405642032623291,0.6125441789627075,-0.01598348096013069,,0.6470726728439331,0.6434001326560974,-0.018909325823187828,,0.620053768157959,0.6484750509262085,-0.02145330235362053,,0.6311664581298828,0.6489772796630859,-0.013998473063111305,,0.6451431512832642,0.6472606658935547,-0.00897281151264906,,0.6509746313095093,0.6773293018341064,-0.019827650859951973,,0.6310723423957825,0.6799154281616211,-0.0192649457603693,,0.6410946249961853,0.6781295537948608,-0.011588219553232193,,0.6526431441307068,0.6764369606971741,-0.005926808807998896,,0.41001126170158386,0.6090570092201233,2.1784676107472478e-07,,0.4270062744617462,0.5594944357872009,-0.013727291487157345,,0.4261593222618103,0.5062805414199829,-0.01697579026222229,,0.4026067554950714,0.47804921865463257,-0.02048582211136818,,0.3806054890155792,0.468291699886322,-0.023400919511914253,,0.4109528958797455,0.4529878795146942,-0.0013626031577587128,,0.40165334939956665,0.4010813534259796,-0.007952995598316193,,0.39374545216560364,0.3701182007789612,-0.01396894920617342,,0.3860046863555908,0.341541051864624,-0.018463369458913803,,0.3928396701812744,0.45777562260627747,-0.001570234657265246,,0.3829880654811859,0.3981291651725769,-0.009318425320088863,,0.37521499395370483,0.35876816511154175,-0.016944080591201782,,0.36816686391830444,0.3257145285606384,-0.021969331428408623,,0.3782394230365753,0.4759288430213928,-0.00406983308494091,,0.36344632506370544,0.4332129657268524,-0.018759291619062424,,0.3703373968601227,0.45601531863212585,-0.024751467630267143,,0.37761592864990234,0.4824642241001129,-0.024420116096735,,0.3650185763835907,0.5014045238494873,-0.007739504799246788,,0.3511236310005188,0.46521490812301636,-0.01979243755340576,,0.3582565486431122,0.4740043878555298,-0.02204606868326664,,0.36723220348358154,0.493307888507843,-0.020943650975823402,
-0.05920391529798508,-0.5909107327461243,-0.23770834505558014,0.9998660683631897,-0.04231375828385353,-0.6305069923400879,-0.2327105700969696,0.9997861981391907,-0.04300082474946976,-0.6300530433654785,-0.2344030886888504,0.9997965097427368,-0.042722176760435104,-0.6300548911094666,-0.23185302317142487,0.9997739791870117,-0.07784493267536163,-0.6322613954544067,-0.22992408275604248,0.9997693300247192,-0.07582701742649078,-0.6326379776000977,-0.23108252882957458,0.9997677803039551,-0.07648036628961563,-0.6314501166343689,-0.22698593139648438,0.9997419714927673,0.04001954570412636,-0.6270506978034973,-0.14753668010234833,0.9998244047164917,-0.10553359985351562,-0.6297642588615417,-0.11352471262216568,0.9997825026512146,-0.02970605529844761,-0.5639783143997192,-0.21395860612392426,0.999926745891571,-0.07315010577440262,-0.5638940334320068,-0.2024790495634079,0.9999229311943054,0.1539846956729889,-0.43137282133102417,-0.08576655387878418,0.9996623992919922,-0.17097541689872742,-0.4550670087337494,-0.020006265491247177,0.9997446537017822,0.18050742149353027,-0.21679094433784485,-0.16910605132579803,0.9911275506019592,-0.2817997634410858,-0.294727623462677,-0.09938405454158783,0.9766542315483093,0.06769642233848572,-0.34652674198150635,-0.3352488577365875,0.9689928293228149,-0.3637067377567291,-0.4438490867614746,-0.31353437900543213,0.9447364211082458,0.021260851994156837,-0.3795802891254425,-0.38127684593200684,0.9574530720710754,-0.38154757022857666,-0.4871857464313507,-0.36456701159477234,0.9228016138076782,0.027585653588175774,-0.43000105023384094,-0.3739963471889496,0.9592552781105042,-0.3877776861190796,-0.5292561054229736,-0.3572740852832794,0.9290263652801514,0.0535731203854084,-0.37668779492378235,-0.33990538120269775,0.956899106502533,-0.3610704243183136,-0.46476423740386963,-0.32290810346603394,0.927143931388855,0.11462173610925674,-0.0028765778988599777,-0.01017652079463005,0.4124124050140381,-0.11307889223098755,-0.0027999465819448233,0.010500568896532059,0.44320881366729736,0.14157767593860626,-0.07668974995613098,-0.08821102231740952,0.03286788985133171,-0.1411457657814026,-0.01145552285015583,-0.09713931381702423,0.03912855684757233,0.1640869826078415,0.21797269582748413,0.18074524402618408,0.008531182073056698,-0.060526859015226364,0.4165700078010559,0.1825801134109497,0.010339662432670593,0.16756010055541992,0.22861351072788239,0.19508175551891327,0.005146347917616367,-0.04398403689265251,0.43826615810394287,0.21148988604545593,0.007829122245311737,0.18693704903125763,0.20373974740505219,-0.01766885817050934,0.007905633188784122,-0.04358882084488869,0.46216845512390137,0.0017943896818906069,0.008807376027107239,33,1.101,0.7152644395828247,0.6573153734207153,1.0610383327502859e-07,,0.7065622806549072,0.5969098806381226,-0.004025717731565237,,0.6919146180152893,0.549962043762207,-0.012515642680227757,,0.6857388615608215,0.5012507438659668,-0.020907267928123474,,0.6877076029777527,0.4581526517868042,-0.030681677162647247,,0.6513976454734802,0.5718640685081482,-0.017395852133631706,,0.6111897230148315,0.5698166489601135,-0.02414175681769848,,0.5874760746955872,0.5681043267250061,-0.028590237721800804,,0.5681926608085632,0.5668491125106812,-0.031981904059648514,,0.6449877023696899,0.6069542169570923,-0.018463347107172012,,0.6106531023979187,0.6121909022331238,-0.022479867562651634,,0.6230180263519287,0.6129890084266663,-0.01883883774280548,,0.6391972303390503,0.6117069721221924,-0.016025299206376076,,0.6455389261245728,0.6445221304893494,-0.0188471507281065,,0.6185786128044128,0.6488836407661438,-0.0208527073264122,,0.6298542618751526,0.6489159464836121,-0.013426843099296093,,0.6439342498779297,0.6472256779670715,-0.008605798706412315,,0.6495667099952698,0.6780184507369995,-0.01951337233185768,,0.6300099492073059,0.680145800113678,-0.018700232729315758,,0.6402700543403625,0.6779851913452148,-0.011163127608597279,,0.6517894268035889,0.6761536598205566,-0.00568917253986001,,0.4128698408603668,0.6085386872291565,2.187429828381937e-07,,0.42982810735702515,0.5609973073005676,-0.013837386853992939,,0.42940086126327515,0.5069673657417297,-0.01724924147129059,,0.4068983793258667,0.47774526476860046,-0.02094554714858532,,0.38492339849472046,0.4674009382724762,-0.024007484316825867,,0.41427722573280334,0.45319414138793945,-0.0016891553532332182,,0.40473657846450806,0.3998589515686035,-0.008516144938766956,,0.3965824544429779,0.36780011653900146,-0.014364153146743774,,0.3889133036136627,0.33903929591178894,-0.01865348033607006,,0.3963225483894348,0.4581807851791382,-0.002049423288553953,,0.3861449360847473,0.3983384668827057,-0.010454598814249039,,0.37844815850257874,0.35907983779907227,-0.018191460520029068,,0.3715735673904419,0.326898455619812,-0.023025330156087875,,0.38164767622947693,0.476462185382843,-0.004726477898657322,,0.36731278896331787,0.43339478969573975,-0.020098475739359856,,0.3743870258331299,0.4575163722038269,-0.02607642114162445,,0.3813271224498749,0.48450106382369995,-0.025468867272138596,,0.36846667528152466,0.5019038915634155,-0.0085599385201931,,0.354196697473526,0.4659266471862793,-0.02110391855239868,,0.3612960875034332,0.475311815738678,-0.02353198640048504,,0.3699279725551605,0.494522362947464,-0.02240370213985443,
-0.05725323036313057,-0.5909485816955566,-0.2377537190914154,0.9998720288276672,-0.04015694186091423,-0.6305227875709534,-0.23268696665763855,0.999793291091919,-0.04084436967968941,-0.630069375038147,-0.2343880981206894,0.9998024106025696,-0.04056861996650696,-0.6300720572471619,-0.2318362593650818,0.999781608581543,-0.07561857998371124,-0.6322976350784302,-0.23002003133296967,0.9997773170471191,-0.07360373437404633,-0.6326746940612793,-0.23116832971572876,0.999775230884552,-0.07426143437623978,-0.6314874887466431,-0.22707292437553406,0.9997512102127075,0.04156511276960373,-0.6267287135124207,-0.14719225466251373,0.9998318552970886,-0.1037556454539299,-0.6297894716262817,-0.11390048265457153,0.9997908473014832,-0.028148256242275238,-0.5639817118644714,-0.2139112502336502,0.999929666519165,-0.0715043693780899,-0.5639265775680542,-0.202603280544281,0.9999260902404785,0.15415358543395996,-0.43033212423324585,-0.08563119918107986,0.9996663331985474,-0.17011111974716187,-0.4552493095397949,-0.02080981619656086,0.9997537136077881,0.1804591715335846,-0.21274130046367645,-0.1679811030626297,0.99191814661026,-0.2813420593738556,-0.2941652536392212,-0.10013595968484879,0.9788257479667664,0.06807723641395569,-0.3456817865371704,-0.33446019887924194,0.972011148929596,-0.35916346311569214,-0.443257212638855,-0.31344008445739746,0.9501776099205017,0.021998614072799683,-0.37934616208076477,-0.38076889514923096,0.9609832763671875,-0.3760083317756653,-0.48647913336753845,-0.36415573954582214,0.9298685193061829,0.029082775115966797,-0.42982518672943115,-0.3738401234149933,0.9625869989395142,-0.3812435567378998,-0.5283973813056946,-0.35745009779930115,0.9354336261749268,0.05420193821191788,-0.3761278986930847,-0.33919063210487366,0.960406482219696,-0.3559665083885193,-0.46408429741859436,-0.32243070006370544,0.9337413907051086,0.11460244655609131,-0.002764006145298481,-0.010110460221767426,0.4155692756175995,-0.11305101960897446,-0.0028330693021416664,0.010421646758913994,0.4480476379394531,0.142348051071167,-0.07687044888734818,-0.08926820755004883,0.031838878989219666,-0.14055564999580383,-0.015787333250045776,-0.0992567241191864,0.03822603449225426,0.16526538133621216,0.21612562239170074,0.17923703789710999,0.008293666876852512,-0.0583588108420372,0.41523969173431396,0.18138982355594635,0.010104467160999775,0.16884011030197144,0.22649937868118286,0.19374839961528778,0.005043067038059235,-0.0416855551302433,0.43659427762031555,0.2106718122959137,0.007717451546341181,0.1878456473350525,0.2002718597650528,-0.019579365849494934,0.007660836912691593,-0.04111182689666748,0.46184906363487244,0.00041578090167604387,0.008552036248147488,34,1.134,0.7145572304725647,0.6577133536338806,1.0760197710624197e-07,,0.7056296467781067,0.5974263548851013,-0.0037264456041157246,,0.6912322640419006,0.5507802367210388,-0.012070444412529469,,0.6848018765449524,0.5027287602424622,-0.020361879840493202,,0.6861135959625244,0.4605664312839508,-0.030022045597434044,,0.6505321264266968,0.572167694568634,-0.016951657831668854,,0.6103836297988892,0.570776641368866,-0.023318594321608543,,0.5866701602935791,0.5690999627113342,-0.027632450684905052,,0.5673210620880127,0.5677682161331177,-0.030972907319664955,,0.6441046595573425,0.6074182391166687,-0.018152758479118347,,0.6095598936080933,0.6125385761260986,-0.021963685750961304,,0.6212848424911499,0.6124361753463745,-0.018595807254314423,,0.6372863054275513,0.6109933257102966,-0.01605096086859703,,0.6446161866188049,0.6450194716453552,-0.01859220862388611,,0.6174517273902893,0.6489114165306091,-0.020227869972586632,,0.628466784954071,0.6482508182525635,-0.012920397333800793,,0.6425154209136963,0.6464977860450745,-0.008315752260386944,,0.6486049294471741,0.6783784627914429,-0.019309664145112038,,0.6287888288497925,0.6802725791931152,-0.018165355548262596,,0.6389462947845459,0.6780173182487488,-0.010604334995150566,,0.6505076289176941,0.6762461066246033,-0.005208218935877085,,0.4148436486721039,0.6102755665779114,2.301604382637379e-07,,0.43145012855529785,0.5633400678634644,-0.014343351125717163,,0.43049630522727966,0.5098181366920471,-0.017618106678128242,,0.4080415666103363,0.48145976662635803,-0.02107861638069153,,0.38596177101135254,0.47029992938041687,-0.02385176345705986,,0.4154398739337921,0.45448437333106995,-0.001281594973988831,,0.4057707190513611,0.4005241394042969,-0.00794773269444704,,0.39787545800209045,0.3677498698234558,-0.013840122148394585,,0.3902953863143921,0.33835646510124207,-0.018149904906749725,,0.3974635899066925,0.45896193385124207,-0.0013087390689179301,,0.38749340176582336,0.39864224195480347,-0.009560741484165192,,0.3798176050186157,0.3591849207878113,-0.01737356372177601,,0.37300586700439453,0.3268386721611023,-0.02210971713066101,,0.3830045163631439,0.4773663282394409,-0.0037561070639640093,,0.36806830763816833,0.4346827268600464,-0.019236378371715546,,0.37491175532341003,0.4606248736381531,-0.02545980177819729,,0.3819724917411804,0.4882853627204895,-0.024779468774795532,,0.3704460859298706,0.5036012530326843,-0.007407176308333874,,0.3557116389274597,0.4688175618648529,-0.020244833081960678,,0.36246737837791443,0.47897598147392273,-0.022968538105487823,,0.3711366355419159,0.49802955985069275,-0.021873928606510162,
-0.05656993016600609,-0.5907090306282043,-0.23785200715065002,0.9998772144317627,-0.0393461138010025,-0.6301871538162231,-0.2327820211648941,0.999799370765686,-0.04003826901316643,-0.6297339200973511,-0.23449856042861938,0.9998074173927307,-0.03975774347782135,-0.6297377347946167,-0.2319435179233551,0.9997881054878235,-0.07479573041200638,-0.6320717334747314,-0.23010601103305817,0.9997841715812683,-0.07278662919998169,-0.6324517726898193,-0.2312345951795578,0.999781608581543,-0.0734456405043602,-0.6312631368637085,-0.22713688015937805,0.9997590780258179,0.0426834300160408,-0.6260764598846436,-0.14711779356002808,0.9998390674591064,-0.10261610895395279,-0.6297048330307007,-0.11396058648824692,0.9997981786727905,-0.027423446998000145,-0.5636764764785767,-0.2139807790517807,0.9999325275421143,-0.07076120376586914,-0.5637640953063965,-0.2026759684085846,0.9999290108680725,0.15488149225711823,-0.4293857216835022,-0.08553900569677353,0.999673068523407,-0.1687941998243332,-0.45528092980384827,-0.020992938429117203,0.9997633099555969,0.18063011765480042,-0.21164406836032867,-0.16774015128612518,0.9926304817199707,-0.28063517808914185,-0.2932993173599243,-0.1007521003484726,0.980774462223053,0.06790093332529068,-0.34534797072410583,-0.33390334248542786,0.9747269153594971,-0.3546585142612457,-0.44264671206474304,-0.31407010555267334,0.9550794363021851,0.02184581384062767,-0.37926995754241943,-0.3799857497215271,0.9641672968864441,-0.37118130922317505,-0.4856356382369995,-0.3646303415298462,0.9362838864326477,0.028675353154540062,-0.42966535687446594,-0.3731500804424286,0.9655905961990356,-0.37659063935279846,-0.5275574922561646,-0.3580643832683563,0.9412590861320496,0.053995683789253235,-0.3759617209434509,-0.3384409248828888,0.963555097579956,-0.35145044326782227,-0.4634549021720886,-0.3226853013038635,0.9397150874137878,0.11459419876337051,-0.002608239185065031,-0.010163812898099422,0.41871607303619385,-0.11302854120731354,-0.0029036125633865595,0.0104767344892025,0.45244425535202026,0.1433679163455963,-0.077583447098732,-0.09198521822690964,0.03150822967290878,-0.1396932601928711,-0.023575788363814354,-0.10008729249238968,0.038020260632038116,0.16702349483966827,0.21507345139980316,0.17874833941459656,0.008238396607339382,-0.05476709455251694,0.41483014822006226,0.18169456720352173,0.010077199898660183,0.17066249251365662,0.22543376684188843,0.19356511533260345,0.005034681409597397,-0.037816502153873444,0.4360191524028778,0.21125540137290955,0.007756441365927458,0.1886296570301056,0.19812586903572083,-0.02170369401574135,0.0075578708201646805,-0.03817756101489067,0.45808252692222595,0.0006580452318303287,0.008451305329799652,35,1.167,0.7140636444091797,0.6597043871879578,1.0667943683984049e-07,,0.7048285007476807,0.5994985103607178,-0.004484423436224461,,0.6898586750030518,0.5522545576095581,-0.012934019789099693,,0.6840381026268005,0.5037167072296143,-0.021210860460996628,,0.685936450958252,0.4611812233924866,-0.030810227617621422,,0.649716854095459,0.5728815197944641,-0.017291249707341194,,0.609779953956604,0.5719870328903198,-0.024210654199123383,,0.5860210657119751,0.5699246525764465,-0.028976622968912125,,0.5666354894638062,0.5679985284805298,-0.03266163915395737,,0.6433836817741394,0.6079079508781433,-0.018425682559609413,,0.6089162230491638,0.6140630841255188,-0.02309214323759079,,0.6209239959716797,0.6146959662437439,-0.020222656428813934,,0.6371082663536072,0.6131979823112488,-0.01788371428847313,,0.643886148929596,0.6456114649772644,-0.01893233135342598,,0.6168602108955383,0.6502118110656738,-0.02145669423043728,,0.6278903484344482,0.6502764225006104,-0.014386409893631935,,0.6418291330337524,0.6486067175865173,-0.009732652455568314,,0.6478234529495239,0.6794070601463318,-0.019794117659330368,,0.6281440258026123,0.6810128092765808,-0.019454488530755043,,0.6383557319641113,0.679436981678009,-0.012151158414781094,,0.6498012542724609,0.6781501770019531,-0.006782865151762962,,0.41565924882888794,0.6138026118278503,2.3217296529765008e-07,,0.4323859214782715,0.5665690302848816,-0.014755284413695335,,0.43112558126449585,0.5118520259857178,-0.017964547500014305,,0.40810471773147583,0.4833228588104248,-0.021214399486780167,,0.38579705357551575,0.47319528460502625,-0.023672185838222504,,0.4149802327156067,0.4569026529788971,-0.0014245327329263091,,0.40606027841567993,0.4026018977165222,-0.007821924053132534,,0.3983849585056305,0.3697391152381897,-0.013482987880706787,,0.3907453119754791,0.34034377336502075,-0.01765422709286213,,0.39700695872306824,0.46128857135772705,-0.0011507021263241768,,0.3872409462928772,0.4015510678291321,-0.009015996940433979,,0.37971389293670654,0.361922025680542,-0.016335707157850266,,0.3726388216018677,0.3295390009880066,-0.02079220674932003,,0.3828299641609192,0.4797217845916748,-0.003376280190423131,,0.36819466948509216,0.43768712878227234,-0.018717234954237938,,0.3755717873573303,0.46340638399124146,-0.024854151532053947,,0.382700651884079,0.491100937128067,-0.024134140461683273,,0.37055736780166626,0.5059413313865662,-0.006859291344881058,,0.35579776763916016,0.47138941287994385,-0.01979890652000904,,0.3628428280353546,0.4811825156211853,-0.022712575271725655,,0.3716738224029541,0.5002132058143616,-0.02175236865878105,
-0.05510257929563522,-0.5905336737632751,-0.2405446618795395,0.9998809695243835,-0.03769610822200775,-0.6299031972885132,-0.2356235682964325,0.9998032450675964,-0.03838847205042839,-0.6294522285461426,-0.2373717725276947,0.9998102784156799,-0.03809588402509689,-0.6294582486152649,-0.23481836915016174,0.9997921586036682,-0.07314489036798477,-0.6318854689598083,-0.23286813497543335,0.9997888803482056,-0.07113911956548691,-0.6322711706161499,-0.23395049571990967,0.9997859597206116,-0.07179836928844452,-0.6310818791389465,-0.22985824942588806,0.9997648596763611,0.044789426028728485,-0.625356912612915,-0.14966616034507751,0.9998440742492676,-0.10053791105747223,-0.629554808139801,-0.11656051129102707,0.9998034834861755,-0.025927331298589706,-0.5634023547172546,-0.21660129725933075,0.9999344944953918,-0.06923390924930573,-0.5636101365089417,-0.20526446402072906,0.9999311566352844,0.15608090162277222,-0.4280349016189575,-0.08694376051425934,0.9996757507324219,-0.16721001267433167,-0.4552557170391083,-0.023956775665283203,0.9997713565826416,0.18071575462818146,-0.20922435820102692,-0.16794617474079132,0.9932572245597839,-0.2800440192222595,-0.290150910615921,-0.10258927941322327,0.9825035333633423,0.06792349368333817,-0.34396323561668396,-0.33394357562065125,0.9771566390991211,-0.35149872303009033,-0.44172945618629456,-0.3167796730995178,0.959477961063385,0.021723821759223938,-0.3785220980644226,-0.37995150685310364,0.9669533371925354,-0.3676266372203827,-0.4853334426879883,-0.3673156201839447,0.9419909119606018,0.028752800077199936,-0.42930978536605835,-0.3729607164859772,0.968214750289917,-0.3732641339302063,-0.5271221995353699,-0.3611910343170166,0.9464288353919983,0.05402665585279465,-0.37474343180656433,-0.33836400508880615,0.9662992358207703,-0.34826961159706116,-0.4627325236797333,-0.3250855505466461,0.9450110197067261,0.11455269157886505,-0.0024692143779248,-0.010166386142373085,0.41956064105033875,-0.11297636479139328,-0.0029906067065894604,0.010480771772563457,0.4548156261444092,0.14358794689178467,-0.07761707901954651,-0.09191907197237015,0.031062183901667595,-0.13911844789981842,-0.023610897362232208,-0.10006507486104965,0.037733644247055054,0.16741237044334412,0.2143448144197464,0.17897740006446838,0.008109881542623043,-0.05432859808206558,0.41413038969039917,0.18194730579853058,0.00997395720332861,0.17103354632854462,0.22466720640659332,0.19391776621341705,0.004990165121853352,-0.03752559423446655,0.43523964285850525,0.21164822578430176,0.0077445413917303085,0.18877825140953064,0.1965985745191574,-0.02152084931731224,0.007419447414577007,-0.03847984969615936,0.45658740401268005,0.001026737387292087,0.008322082459926605,36,1.201,0.7136572599411011,0.661363959312439,1.1160773283336312e-07,,0.704253613948822,0.6020813584327698,-0.005476817954331636,,0.6890736818313599,0.5545476078987122,-0.014130288735032082,,0.6830435991287231,0.5064343214035034,-0.022626563906669617,,0.6845403909683228,0.46405208110809326,-0.03230655565857887,,0.649186372756958,0.5755109786987305,-0.017111871391534805,,0.6094368696212769,0.5736574530601501,-0.024088284000754356,,0.5855234265327454,0.5712382197380066,-0.028719782829284668,,0.5662307143211365,0.5689545273780823,-0.03232231363654137,,0.642986536026001,0.6108298301696777,-0.01820984110236168,,0.6089143753051758,0.616771936416626,-0.02408493496477604,,0.6209794282913208,0.6171715259552002,-0.022118305787444115,,0.6372924447059631,0.6157914400100708,-0.02008702978491783,,0.6435032486915588,0.6484600305557251,-0.018799062818288803,,0.6161748170852661,0.6525371670722961,-0.02230050414800644,,0.6273226737976074,0.652489423751831,-0.015619952231645584,,0.6414070129394531,0.6508117318153381,-0.010945608839392662,,0.6473446488380432,0.682399570941925,-0.01989208348095417,,0.6280427575111389,0.6835288405418396,-0.02042382024228573,,0.6382489204406738,0.681665301322937,-0.013627629727125168,,0.6498174071311951,0.6803187131881714,-0.008378930389881134,,0.4175759553909302,0.6168442368507385,2.2144104150356725e-07,,0.4338761568069458,0.5698046088218689,-0.014444789849221706,,0.4323973059654236,0.5154691338539124,-0.01806439645588398,,0.409824401140213,0.486525297164917,-0.0217206459492445,,0.3873812258243561,0.47629088163375854,-0.02466454543173313,,0.41549789905548096,0.4619418680667877,-0.003584318794310093,,0.4064194858074188,0.4072261452674866,-0.010893894359469414,,0.3988303244113922,0.37419942021369934,-0.01687927171587944,,0.3913383483886719,0.34457436203956604,-0.021108848974108696,,0.3974427282810211,0.4663273096084595,-0.0034313390497118235,,0.38695210218429565,0.40599989891052246,-0.011891575530171394,,0.3788786232471466,0.36669236421585083,-0.01906106434762478,,0.3715318441390991,0.33495110273361206,-0.02340293675661087,,0.3833286762237549,0.4842859208583832,-0.00554922828450799,,0.368064284324646,0.4426005184650421,-0.02054339274764061,,0.37596985697746277,0.46740207076072693,-0.0258198119699955,,0.38391998410224915,0.4949498176574707,-0.024754876270890236,,0.3713803291320801,0.5101500153541565,-0.008941893465816975,,0.35624223947525024,0.47595542669296265,-0.02132323384284973,,0.36372968554496765,0.4853581488132477,-0.023539623245596886,,0.37329521775245667,0.5042338371276855,-0.02218000590801239,
-0.05394096300005913,-0.5903961658477783,-0.24304862320423126,0.9998852014541626,-0.03629952296614647,-0.6296619176864624,-0.23811036348342896,0.9998080134391785,-0.036992523819208145,-0.6292123198509216,-0.23987843096256256,0.9998138546943665,-0.03668958693742752,-0.6292170286178589,-0.23732870817184448,0.9997966289520264,-0.07181400805711746,-0.631731390953064,-0.23534123599529266,0.9997951984405518,-0.06980974227190018,-0.6321221590042114,-0.23639528453350067,0.9997921586036682,-0.07046738266944885,-0.6309328675270081,-0.2323036640882492,0.9997725486755371,0.046523574739694595,-0.6247274875640869,-0.15164077281951904,0.9998489618301392,-0.09918269515037537,-0.6294248104095459,-0.11874262243509293,0.9998103976249695,-0.024833856150507927,-0.5631895661354065,-0.21897050738334656,0.9999365210533142,-0.06821294128894806,-0.5634973645210266,-0.2076844424009323,0.999933660030365,0.1571483612060547,-0.42675814032554626,-0.0881243646144867,0.9996755719184875,-0.1666414737701416,-0.4552159905433655,-0.02680405229330063,0.9997791647911072,0.1806647926568985,-0.20715954899787903,-0.16872777044773102,0.9938026070594788,-0.2797943949699402,-0.2870393693447113,-0.10833871364593506,0.984050452709198,0.06771612167358398,-0.34298112988471985,-0.3348580002784729,0.9793314933776855,-0.3491275906562805,-0.44078052043914795,-0.32600298523902893,0.9634308815002441,0.021376363933086395,-0.3780427575111389,-0.38052549958229065,0.9693881273269653,-0.36448970437049866,-0.4849883019924164,-0.37654420733451843,0.9471020102500916,0.028529690578579903,-0.4292463958263397,-0.3734796941280365,0.970504641532898,-0.3701665997505188,-0.5267256498336792,-0.36983150243759155,0.9510611295700073,0.05391707271337509,-0.37399256229400635,-0.3391273617744446,0.9686786532402039,-0.34576424956321716,-0.46200281381607056,-0.33353862166404724,0.9497352838516235,0.11454346030950546,-0.00244231428951025,-0.010100419633090496,0.4180576801300049,-0.11296743899583817,-0.0030094473622739315,0.010422883555293083,0.4556856155395508,0.14363674819469452,-0.07869225740432739,-0.09187725186347961,0.030775150284171104,-0.13907353579998016,-0.023429226130247116,-0.09995713084936142,0.037761151790618896,0.16707691550254822,0.2136843204498291,0.18058320879936218,0.008034191094338894,-0.055024404078722,0.4134783148765564,0.18219450116157532,0.009972912259399891,0.17054979503154755,0.2242889106273651,0.19602614641189575,0.0049866377376019955,-0.03836522251367569,0.4345242977142334,0.2119726985692978,0.00776054710149765,0.18824931979179382,0.19622346758842468,-0.01935659907758236,0.007336464710533619,-0.03900368884205818,0.4561769366264343,0.0013173397164791822,0.008276156149804592,37,1.234,0.7142845988273621,0.6670694351196289,1.1877411054683762e-07,,0.7046605944633484,0.6090227961540222,-0.00648529315367341,,0.6877989172935486,0.5594936013221741,-0.015270900912582874,,0.6811060309410095,0.5110456943511963,-0.02380341850221157,,0.6826740503311157,0.4683966636657715,-0.033517494797706604,,0.6498141884803772,0.5813862681388855,-0.017610199749469757,,0.6111329197883606,0.5790951251983643,-0.02559424564242363,,0.5867193341255188,0.5761078000068665,-0.031003151088953018,,0.567186713218689,0.572992205619812,-0.03516922518610954,,0.6439217329025269,0.6172449588775635,-0.018863623961806297,,0.6081196665763855,0.6220232844352722,-0.02681138925254345,,0.6197854280471802,0.622252345085144,-0.02649412490427494,,0.6362502574920654,0.6208931803703308,-0.025090109556913376,,0.6442963480949402,0.6554114818572998,-0.019635049626231194,,0.615719735622406,0.6599071025848389,-0.02461841143667698,,0.6265859007835388,0.6596722602844238,-0.018489012494683266,,0.6410388946533203,0.6579260230064392,-0.01369145791977644,,0.6479533314704895,0.6907305121421814,-0.02104821242392063,,0.6271309852600098,0.6923625469207764,-0.022595088928937912,,0.6369183659553528,0.6900124549865723,-0.016193607822060585,,0.6488920450210571,0.6885984539985657,-0.010915279388427734,,0.42269688844680786,0.6197048425674438,1.9428011910349596e-07,,0.438764750957489,0.5703680515289307,-0.011511335149407387,,0.43619826436042786,0.5175981521606445,-0.014500089921057224,,0.41427555680274963,0.48916175961494446,-0.017984649166464806,,0.39313778281211853,0.48118746280670166,-0.021009718999266624,,0.4197729825973511,0.4688519537448883,-0.003970668185502291,,0.4107034504413605,0.4131770431995392,-0.01123551744967699,,0.403122216463089,0.37994185090065,-0.016726432368159294,,0.3954983949661255,0.3512646555900574,-0.020339248701930046,,0.40200090408325195,0.47390908002853394,-0.004898860584944487,,0.3902775049209595,0.41364535689353943,-0.01288753654807806,,0.38153791427612305,0.3735852837562561,-0.019233422353863716,,0.37348508834838867,0.3422847390174866,-0.023081090301275253,,0.38741084933280945,0.4915708899497986,-0.007564172148704529,,0.37321993708610535,0.44933754205703735,-0.02044152468442917,,0.3817848563194275,0.4700634181499481,-0.023871224373579025,,0.3896389901638031,0.495187908411026,-0.022181279957294464,,0.3746163845062256,0.5166943669319153,-0.011339874006807804,,0.35969284176826477,0.48071879148483276,-0.02096300758421421,,0.3675408661365509,0.48711058497428894,-0.021124469116330147,,0.377104252576828,0.5044978260993958,-0.018745170906186104,
-0.053234294056892395,-0.5902591943740845,-0.2438487559556961,0.9998887181282043,-0.03563317283987999,-0.6294642090797424,-0.23888812959194183,0.9998120665550232,-0.03632397577166557,-0.6290186047554016,-0.24065881967544556,0.9998165369033813,-0.03601054847240448,-0.6290224194526672,-0.2381298542022705,0.9997997283935547,-0.07118767499923706,-0.6315730214118958,-0.23643982410430908,0.9998009204864502,-0.06918071210384369,-0.6319741606712341,-0.23746415972709656,0.9997978210449219,-0.0698312520980835,-0.6307867169380188,-0.23337186872959137,0.9997795820236206,0.04664064198732376,-0.6246238946914673,-0.15168264508247375,0.9998522400856018,-0.09915324300527573,-0.6294160485267639,-0.12011175602674484,0.9998166561126709,-0.02452971041202545,-0.5631281733512878,-0.21943067014217377,0.9999377131462097,-0.06793111562728882,-0.563456118106842,-0.20857729017734528,0.9999355673789978,0.15699967741966248,-0.42675474286079407,-0.08805352449417114,0.9996716976165771,-0.1672050952911377,-0.4551571309566498,-0.027907803654670715,0.9997831583023071,0.18033525347709656,-0.20689037442207336,-0.16867007315158844,0.9942204356193542,-0.2786732316017151,-0.28178828954696655,-0.11178411543369293,0.9853217005729675,0.0668082982301712,-0.33989712595939636,-0.33604052662849426,0.9812238812446594,-0.3459937274456024,-0.43605729937553406,-0.3316568434238434,0.9669215679168701,0.02044522762298584,-0.37484288215637207,-0.38155919313430786,0.9712595343589783,-0.36078935861587524,-0.4822697639465332,-0.3822920024394989,0.9514075517654419,0.027875011786818504,-0.4266000986099243,-0.37453702092170715,0.9722568392753601,-0.368514746427536,-0.5242685675621033,-0.3746744990348816,0.9549451470375061,0.053136467933654785,-0.37082216143608093,-0.34042567014694214,0.9704414010047913,-0.3434295058250427,-0.45772501826286316,-0.33837342262268066,0.9536281824111938,0.11443044990301132,-0.0027574272826313972,-0.009837901219725609,0.4150989353656769,-0.11289959400892258,-0.002798799192532897,0.010200018994510174,0.454325795173645,0.1437004953622818,-0.07874555885791779,-0.08644472807645798,0.030703026801347733,-0.137488454580307,-0.007256827317178249,-0.09601933509111404,0.03801712393760681,0.16779153048992157,0.21110352873802185,0.1862809658050537,0.008025399409234524,-0.05517467111349106,0.41358745098114014,0.18236219882965088,0.010056640021502972,0.17118138074874878,0.22189882397651672,0.20258672535419464,0.005051238462328911,-0.03851296752691269,0.43421247601509094,0.21222291886806488,0.007860012352466583,0.19023339450359344,0.19601848721504211,-0.011205841787159443,0.007377088535577059,-0.039214860647916794,0.4586758017539978,0.0016995330806821585,0.008385129272937775,38,1.267,0.715909481048584,0.6797844171524048,1.0836661346047549e-07,,0.705348789691925,0.6225172281265259,-0.00596802681684494,,0.6851048469543457,0.5721222162246704,-0.013752257451415062,,0.6765610575675964,0.5250943899154663,-0.02165371924638748,,0.6777592301368713,0.48183465003967285,-0.03061472810804844,,0.6488183736801147,0.5940079689025879,-0.014324802905321121,,0.6117731332778931,0.5919308066368103,-0.022458214312791824,,0.5871343612670898,0.5897358655929565,-0.02882065810263157,,0.5676455497741699,0.5867255926132202,-0.03389345109462738,,0.6437225341796875,0.6294805407524109,-0.016155876219272614,,0.6107262969017029,0.6336818933486938,-0.02477138675749302,,0.621549665927887,0.6347196102142334,-0.025796452537178993,,0.6375560760498047,0.633277416229248,-0.025458790361881256,,0.6443080902099609,0.6677029132843018,-0.017765937373042107,,0.6166424751281738,0.6707472205162048,-0.023399580270051956,,0.6266465783119202,0.6721674203872681,-0.0178627148270607,,0.641388475894928,0.6707825660705566,-0.013577223755419254,,0.648196816444397,0.7031676173210144,-0.020121337845921516,,0.6283755302429199,0.703545868396759,-0.022546298801898956,,0.637977659702301,0.7027555704116821,-0.01681390032172203,,0.6507405042648315,0.702141284942627,-0.01200946420431137,,0.4347015619277954,0.6223395466804504,1.8421182801375835e-07,,0.45055440068244934,0.5740031003952026,-0.012300231494009495,,0.44911330938339233,0.5224887728691101,-0.01586603932082653,,0.4268754720687866,0.49734821915626526,-0.019701190292835236,,0.40624234080314636,0.4930606186389923,-0.02317238785326481,,0.4259352684020996,0.46932950615882874,-0.003609391627833247,,0.41667887568473816,0.42182981967926025,-0.011642539873719215,,0.40973782539367676,0.39146217703819275,-0.01846177875995636,,0.4021913409233093,0.36455363035202026,-0.02330322191119194,,0.40782779455184937,0.4770497977733612,-0.004550366662442684,,0.3971278965473175,0.4228683114051819,-0.013705655001103878,,0.3897893726825714,0.38628053665161133,-0.02141108736395836,,0.381940633058548,0.3558138310909271,-0.02634282410144806,,0.3932936489582062,0.49703797698020935,-0.0073702107183635235,,0.37927550077438354,0.456963449716568,-0.021790916100144386,,0.3910597562789917,0.4744237959384918,-0.026228778064250946,,0.4013625979423523,0.495978981256485,-0.02520223706960678,,0.3808456361293793,0.5250607132911682,-0.011263201013207436,,0.3694114089012146,0.4894219636917114,-0.02248978242278099,,0.37998849153518677,0.4964042603969574,-0.023316986858844757,,0.39088037610054016,0.5132137537002563,-0.02136942371726036,
-0.052818696945905685,-0.5903686881065369,-0.24269860982894897,0.9998937249183655,-0.03507218137383461,-0.629565954208374,-0.23789770901203156,0.9998189210891724,-0.03577274829149246,-0.6291185617446899,-0.23966993391513824,0.9998223185539246,-0.03545592352747917,-0.6291203498840332,-0.2371376007795334,0.9998061656951904,-0.0704822763800621,-0.6316983103752136,-0.23528017103672028,0.9998092651367188,-0.06848343461751938,-0.6321040391921997,-0.2362813949584961,0.9998063445091248,-0.06912841647863388,-0.6309173107147217,-0.2321707010269165,0.9997894167900085,0.04740837216377258,-0.6246580481529236,-0.15143753588199615,0.9998576045036316,-0.0975910946726799,-0.6295986175537109,-0.11913175880908966,0.9998246431350708,-0.02413429692387581,-0.5632277131080627,-0.21862643957138062,0.9999401569366455,-0.06736668199300766,-0.5635939240455627,-0.20753440260887146,0.9999383091926575,0.1575661450624466,-0.4266165494918823,-0.08791504055261612,0.9996764063835144,-0.16528591513633728,-0.45496565103530884,-0.027321061119437218,0.9997900724411011,0.17928819358348846,-0.20597532391548157,-0.16915668547153473,0.9946317076683044,-0.25887954235076904,-0.2752893567085266,-0.11197378486394882,0.9864711165428162,0.0664033591747284,-0.3373780846595764,-0.337248831987381,0.9829745292663574,-0.32123157382011414,-0.4280153512954712,-0.3327636122703552,0.9701003432273865,0.02010052278637886,-0.37132054567337036,-0.3818890154361725,0.9731915593147278,-0.33488306403160095,-0.4735436737537384,-0.38315537571907043,0.9554632306098938,0.027720287442207336,-0.4227506220340729,-0.3747115731239319,0.9740843176841736,-0.3440918028354645,-0.5141300559043884,-0.3744865357875824,0.9586384892463684,0.053027912974357605,-0.3678251802921295,-0.34140846133232117,0.9723106622695923,-0.3190251290798187,-0.4490702152252197,-0.3389136493206024,0.9573284983634949,0.11438080668449402,-0.0027639453765004873,-0.009940418414771557,0.4165152609348297,-0.11283834278583527,-0.0027982688043266535,0.010329239070415497,0.4559272527694702,0.14206723868846893,-0.07925890386104584,-0.08657907694578171,0.03067871928215027,-0.13937683403491974,-0.009485245682299137,-0.0913863331079483,0.03816026821732521,0.16443604230880737,0.20814429223537445,0.1918208748102188,0.008102097548544407,-0.05958707258105278,0.40961790084838867,0.19019372761249542,0.010086962021887302,0.1671227216720581,0.21853703260421753,0.20914947986602783,0.005142386071383953,-0.04289696738123894,0.4292588233947754,0.22111409902572632,0.00791820976883173,0.18312139809131622,0.18955741822719574,-0.009287660010159016,0.007445712573826313,-0.04727671295404434,0.4553776681423187,0.010244382545351982,0.008439544588327408,39,1.301,0.7164177894592285,0.6914361715316772,7.853964945070402e-08,,0.704086422920227,0.6384445428848267,-0.005151078104972839,,0.681257963180542,0.5876004099845886,-0.012248464860022068,,0.6707677245140076,0.5445461869239807,-0.019557081162929535,,0.6695079207420349,0.504840612411499,-0.028081510215997696,,0.648983895778656,0.6096141934394836,-0.013912932947278023,,0.6109315156936646,0.6136673092842102,-0.02328936941921711,,0.5854042172431946,0.6163741946220398,-0.03001856617629528,,0.566658616065979,0.6182422637939453,-0.03476542979478836,,0.645244300365448,0.6461639404296875,-0.016504311934113503,,0.6075330376625061,0.6601663827896118,-0.027635157108306885,,0.6168057918548584,0.6657558679580688,-0.03019466996192932,,0.6342816352844238,0.665729820728302,-0.02997610718011856,,0.6463613510131836,0.6857160329818726,-0.0188259519636631,,0.6128369569778442,0.6984626650810242,-0.027750186622142792,,0.6224774122238159,0.7029529809951782,-0.02341734804213047,,0.6383666396141052,0.7000252604484558,-0.01869078166782856,,0.6508246064186096,0.7222849130630493,-0.021563876420259476,,0.6267824769020081,0.7312111854553223,-0.026997238397598267,,0.6365118622779846,0.7336230278015137,-0.022097956389188766,,0.6506708860397339,0.7310796976089478,-0.017024140805006027,,0.44982531666755676,0.6273301839828491,1.3296440215526673e-07,,0.4651222825050354,0.5835407972335815,-0.01243878249078989,,0.46632739901542664,0.5342509746551514,-0.01765121892094612,,0.45132899284362793,0.5045861005783081,-0.023220181465148926,,0.43216025829315186,0.4935533106327057,-0.02828572504222393,,0.437375545501709,0.48037904500961304,-0.005896632559597492,,0.42870643734931946,0.43252381682395935,-0.015988264232873917,,0.42214831709861755,0.4056454002857208,-0.02351512759923935,,0.4140494465827942,0.3821529150009155,-0.02863413468003273,,0.42049288749694824,0.49010950326919556,-0.007080902345478535,,0.41000092029571533,0.43950963020324707,-0.019428007304668427,,0.4052729308605194,0.4130679666996002,-0.027643516659736633,,0.3990670442581177,0.3911797106266022,-0.032242175191640854,,0.40602973103523254,0.5101467967033386,-0.010140499100089073,,0.3917772173881531,0.47191154956817627,-0.02768860012292862,,0.40678492188453674,0.4910372495651245,-0.031758058816194534,,0.4195874333381653,0.5122897624969482,-0.030065933242440224,,0.3939518928527832,0.5386760234832764,-0.014140930026769638,,0.38481831550598145,0.5069932341575623,-0.028775416314601898,,0.39838138222694397,0.5169414281845093,-0.030494607985019684,,0.41102492809295654,0.5337164998054504,-0.02860652096569538,
-0.05156787112355232,-0.5910492539405823,-0.24259383976459503,0.9998962879180908,-0.03378518670797348,-0.6300473213195801,-0.23773826658725739,0.9998223781585693,-0.03448832407593727,-0.6295974254608154,-0.23950909078121185,0.9998247623443604,-0.03414921835064888,-0.6295964121818542,-0.23697669804096222,0.9998087286949158,-0.06917921453714371,-0.6322722434997559,-0.23514187335968018,0.9998145699501038,-0.06719455122947693,-0.6326990723609924,-0.2361403852701187,0.9998118877410889,-0.06782541424036026,-0.6315196752548218,-0.23203010857105255,0.9997960925102234,0.04805589094758034,-0.6246106624603271,-0.15135638415813446,0.9998599290847778,-0.09693468362092972,-0.6296787858009338,-0.11908861994743347,0.9998299479484558,-0.02341284602880478,-0.5635965466499329,-0.21851998567581177,0.9999411702156067,-0.06656204909086227,-0.5640731453895569,-0.2075352668762207,0.9999396204948425,0.15756739675998688,-0.4255465865135193,-0.0881471112370491,0.9996733069419861,-0.1652851402759552,-0.4538722634315491,-0.028477143496274948,0.9997921586036682,0.17834970355033875,-0.20313258469104767,-0.16916325688362122,0.9948647618293762,-0.2512013614177704,-0.25975021719932556,-0.11439267545938492,0.987320601940155,0.056349460035562515,-0.3194431960582733,-0.3357842266559601,0.9843834042549133,-0.2901262640953064,-0.4041365683078766,-0.3326570689678192,0.9728466868400574,0.006463890895247459,-0.34901541471481323,-0.3786455988883972,0.9741032123565674,-0.29618895053863525,-0.4483921527862549,-0.3825285732746124,0.9586160182952881,0.012191079556941986,-0.399130254983902,-0.3709377944469452,0.9748930335044861,-0.30467501282691956,-0.4896514117717743,-0.37344491481781006,0.9614357352256775,0.041594475507736206,-0.3480394184589386,-0.3395051956176758,0.9730559587478638,-0.286509245634079,-0.42473188042640686,-0.3382168412208557,0.9600223302841187,0.11436867713928223,-0.002815855899825692,-0.009951955638825893,0.4138038158416748,-0.11281924694776535,-0.0028002767357975245,0.010379872284829617,0.45257845520973206,0.1413586437702179,-0.0799885168671608,-0.08647871017456055,0.031905144453048706,-0.1396864950656891,-0.01465576235204935,-0.09158607572317123,0.039096422493457794,0.16437362134456635,0.20043933391571045,0.19234108924865723,0.008312995545566082,-0.060008034110069275,0.39601045846939087,0.1905619204044342,0.010154765099287033,0.16695554554462433,0.2101517617702484,0.21005624532699585,0.005288267973810434,-0.04334992915391922,0.41302841901779175,0.22192707657814026,0.008025995455682278,0.18301329016685486,0.17423182725906372,-0.01023961789906025,0.007651147432625294,-0.048492562025785446,0.43815556168556213,0.010641340166330338,0.008570916950702667,40,1.334,0.7170735001564026,0.7132762670516968,3.853951469068306e-08,,0.7014786005020142,0.6629171371459961,-0.0037015301641076803,,0.673819899559021,0.6146253943443298,-0.009591181762516499,,0.6579322218894958,0.5759863257408142,-0.01554013416171074,,0.6549621224403381,0.5378679037094116,-0.022904159501194954,,0.6476622223854065,0.6359608173370361,-0.014295617118477821,,0.611825168132782,0.6536548137664795,-0.023714909330010414,,0.5900529026985168,0.6588006615638733,-0.029956355690956116,,0.5738096237182617,0.6587608456611633,-0.0343935564160347,,0.6469745635986328,0.6721665263175964,-0.018004832789301872,,0.606792151927948,0.6990557312965393,-0.029086770489811897,,0.615250289440155,0.7077561020851135,-0.03121565841138363,,0.6295928359031677,0.7051758766174316,-0.03091360256075859,,0.6500874757766724,0.7116249799728394,-0.021263638511300087,,0.616317868232727,0.7385571599006653,-0.03087090514600277,,0.6256735920906067,0.7437517642974854,-0.02627664804458618,,0.6388865113258362,0.7377099394798279,-0.021364055573940277,,0.6554850935935974,0.7502543926239014,-0.024731339886784554,,0.6306149363517761,0.768673300743103,-0.030831607058644295,,0.6406834125518799,0.7697561979293823,-0.02562277391552925,,0.6533653736114502,0.7642883062362671,-0.020304471254348755,,0.46073099970817566,0.6363428831100464,-3.831051387237494e-08,,0.47870296239852905,0.587568998336792,-0.01839795522391796,,0.4800325036048889,0.5467921495437622,-0.03281122446060181,,0.4709516763687134,0.518881618976593,-0.048136718571186066,,0.4528074860572815,0.5001058578491211,-0.062306083738803864,,0.4508562684059143,0.48492035269737244,-0.015571882016956806,,0.44168707728385925,0.4427204728126526,-0.04408907890319824,,0.45120468735694885,0.45539161562919617,-0.06336930394172668,,0.4607955515384674,0.4737003445625305,-0.07284263521432877,,0.433825820684433,0.5037928223609924,-0.018454333767294884,,0.4226156771183014,0.45734652876853943,-0.05108451098203659,,0.44018757343292236,0.4933418035507202,-0.06658001244068146,,0.45237258076667786,0.5211015343666077,-0.07074377685785294,,0.41855934262275696,0.5266805291175842,-0.02496092952787876,,0.40826722979545593,0.4931910037994385,-0.054870735853910446,,0.4289008677005768,0.5251598358154297,-0.060219306498765945,,0.44247737526893616,0.5526551604270935,-0.056573688983917236,,0.40549731254577637,0.5551977157592773,-0.03289101645350456,,0.4001116156578064,0.5305129289627075,-0.05314787104725838,,0.41823118925094604,0.5476416945457458,-0.055630046874284744,,0.4307861626148224,0.566307544708252,-0.05298979952931404,
-0.051583223044872284,-0.5918664336204529,-0.2537870705127716,0.999901533126831,-0.033825747668743134,-0.6306652426719666,-0.24792946875095367,0.999830424785614,-0.03453200310468674,-0.6302129030227661,-0.24987739324569702,0.9998319149017334,-0.03418513759970665,-0.6301940679550171,-0.24736255407333374,0.9998160004615784,-0.06925567239522934,-0.6329299211502075,-0.24543164670467377,0.9998246431350708,-0.06727686524391174,-0.6333820223808289,-0.24620719254016876,0.9998223185539246,-0.06790224462747574,-0.6322076320648193,-0.24204786121845245,0.9998078346252441,0.048059459775686264,-0.6242899894714355,-0.16024930775165558,0.9998654127120972,-0.09705906361341476,-0.6295655369758606,-0.12887264788150787,0.9998397827148438,-0.02344963327050209,-0.5638887286186218,-0.22999803721904755,0.9999439716339111,-0.06662840396165848,-0.5643978118896484,-0.2191685140132904,0.9999428391456604,0.15759342908859253,-0.42123353481292725,-0.10083992034196854,0.9996732473373413,-0.16587281227111816,-0.44972193241119385,-0.03930461406707764,0.9997970461845398,0.17665451765060425,-0.19977998733520508,-0.1818382889032364,0.9950066804885864,-0.25007158517837524,-0.24189914762973785,-0.12914419174194336,0.9879781603813171,0.03610529005527496,-0.3084302246570587,-0.3491505980491638,0.9855940341949463,-0.2771826386451721,-0.3745311498641968,-0.35430341958999634,0.9752872586250305,-0.021537043154239655,-0.33504942059516907,-0.38831987977027893,0.9747843742370605,-0.2797999978065491,-0.41584134101867676,-0.4033014178276062,0.9614591002464294,-0.016728928312659264,-0.38622379302978516,-0.37986519932746887,0.9754893779754639,-0.28702035546302795,-0.4558396339416504,-0.3900287449359894,0.9640153050422668,0.019400987774133682,-0.3366066515445709,-0.35158681869506836,0.9734610915184021,-0.272399365901947,-0.39396029710769653,-0.3572292923927307,0.96239173412323,0.1143711507320404,-0.003020675852894783,-0.009949714876711369,0.40885671973228455,-0.11280715465545654,-0.0027440031990408897,0.010415429249405861,0.44784432649612427,0.13991111516952515,-0.08098413795232773,-0.08639037609100342,0.035171523690223694,-0.14052622020244598,-0.02117292769253254,-0.08927319943904877,0.04220076650381088,0.16371379792690277,0.19357579946517944,0.20492646098136902,0.009077627211809158,-0.06080752983689308,0.38492563366889954,0.19942989945411682,0.010774587281048298,0.16594262421131134,0.20358245074748993,0.2251977175474167,0.00579764973372221,-0.04395376145839691,0.40021464228630066,0.2330245077610016,0.008419015444815159,0.1806325614452362,0.1611240804195404,-0.00639966269955039,0.008334550075232983,-0.04977262765169144,0.425741583108902,0.020685967057943344,0.009153328835964203,41,1.368,0.720856249332428,0.7474711537361145,-5.933942404112713e-08,,0.697640061378479,0.7058497667312622,-0.0014443338150158525,,0.6663303971290588,0.666162371635437,-0.006771789863705635,,0.6508105993270874,0.6242984533309937,-0.013148139230906963,,0.6450702548027039,0.5852723121643066,-0.020478060469031334,,0.6468782424926758,0.6985776424407959,-0.011258632875978947,,0.6081750392913818,0.7253835797309875,-0.0215756855905056,,0.6101655960083008,0.7400473952293396,-0.028560250997543335,,0.6210966110229492,0.7412636876106262,-0.03211172670125961,,0.6494298577308655,0.7299519777297974,-0.015441689640283585,,0.6102202534675598,0.7583555579185486,-0.02124144695699215,,0.6154577136039734,0.7703986167907715,-0.023270266130566597,,0.6274126768112183,0.7686158418655396,-0.0251955334097147,,0.6553916931152344,0.7630088329315186,-0.01964355632662773,,0.6183915138244629,0.7891690135002136,-0.02514943666756153,,0.6250791549682617,0.7968264818191528,-0.022384196519851685,,0.6381291151046753,0.7931333780288696,-0.020395955070853233,,0.6628601551055908,0.7954801917076111,-0.02387279085814953,,0.6337635517120361,0.8163843154907227,-0.028030961751937866,,0.639315128326416,0.8203318119049072,-0.024080269038677216,,0.6509799361228943,0.8171719312667847,-0.02041797712445259,,0.475995272397995,0.671244740486145,-2.3318713715525519e-07,,0.49530163407325745,0.6282356381416321,-0.008561479859054089,,0.4980408549308777,0.5732064843177795,-0.014958895742893219,,0.48166289925575256,0.5394476652145386,-0.021003687754273415,,0.46325236558914185,0.5283457636833191,-0.025602877140045166,,0.47619348764419556,0.5189225673675537,-0.012723329477012157,,0.466377854347229,0.4946717321872711,-0.027451042085886,,0.4717530608177185,0.5262673497200012,-0.03522435575723648,,0.48086977005004883,0.5476099252700806,-0.03860766813158989,,0.4543280005455017,0.5332279205322266,-0.013910460285842419,,0.4488835334777832,0.5085838437080383,-0.029556019231677055,,0.4610379934310913,0.5452077388763428,-0.032358646392822266,,0.47416454553604126,0.5738480687141418,-0.030817614868283272,,0.4361569285392761,0.5563556551933289,-0.016438420861959457,,0.4347444772720337,0.5450895428657532,-0.030956793576478958,,0.451384961605072,0.5765615105628967,-0.02834073267877102,,0.46608540415763855,0.6017467379570007,-0.023058097809553146,,0.42199811339378357,0.5867502689361572,-0.019828708842396736,,0.4290757477283478,0.5856566429138184,-0.031546786427497864,,0.44510510563850403,0.6068740487098694,-0.031247582286596298,,0.45763859152793884,0.6229372024536133,-0.02784114144742489,
-0.043771155178546906,-0.5897922515869141,-0.29247111082077026,0.9999037981033325,-0.02452808991074562,-0.6279186010360718,-0.2871217727661133,0.9998326897621155,-0.025291085243225098,-0.6274597644805908,-0.28924354910850525,0.9998336434364319,-0.024851076304912567,-0.627398669719696,-0.28670305013656616,0.9998177886009216,-0.06028951704502106,-0.6301208734512329,-0.28406625986099243,0.9998282790184021,-0.058350495994091034,-0.6305679082870483,-0.2847624719142914,0.9998261332511902,-0.05895664915442467,-0.6293784379959106,-0.2805272936820984,0.999812662601471,0.058672841638326645,-0.6150986552238464,-0.2021065205335617,0.9998677968978882,-0.08831910789012909,-0.6195579171180725,-0.16666080057621002,0.999843418598175,-0.016144515946507454,-0.560234010219574,-0.2697051465511322,0.9999456405639648,-0.059735674411058426,-0.5604551434516907,-0.2576238811016083,0.9999444484710693,0.16709008812904358,-0.40901365876197815,-0.14083528518676758,0.9996772408485413,-0.16109821200370789,-0.43790730834007263,-0.07341329753398895,0.9997978210449219,0.18387936055660248,-0.1903364658355713,-0.2310827076435089,0.9952478408813477,-0.2346348762512207,-0.2297690212726593,-0.1690443605184555,0.9885118007659912,0.03516196832060814,-0.27594390511512756,-0.40912994742393494,0.9867610335350037,-0.24491305649280548,-0.34899434447288513,-0.39990946650505066,0.9774925708770752,-0.026047073304653168,-0.29332754015922546,-0.4479130208492279,0.9755157828330994,-0.24440467357635498,-0.38534924387931824,-0.4466925859451294,0.9640211462974548,-0.023924166336655617,-0.34256163239479065,-0.4360661208629608,0.9760951399803162,-0.24911518394947052,-0.4240981936454773,-0.43083056807518005,0.9663423299789429,0.016549432650208473,-0.3013257384300232,-0.4092283844947815,0.9737820625305176,-0.23764298856258392,-0.3668539822101593,-0.4017177224159241,0.96441650390625,0.11481742560863495,-0.0023485287092626095,-0.00998495239764452,0.40542519092559814,-0.11303804069757462,-0.003478315193206072,0.010510367341339588,0.4430175721645355,0.1346326768398285,-0.07938866317272186,-0.09340648353099823,0.03752073273062706,-0.14681851863861084,-0.049738723784685135,-0.08896975964307785,0.043811291456222534,0.1482938677072525,0.1933494359254837,0.21235579252243042,0.009549533016979694,-0.07045480608940125,0.3710913062095642,0.20720691978931427,0.011094591580331326,0.14903230965137482,0.20338322222232819,0.23391979932785034,0.006090276874601841,-0.0539805144071579,0.38701504468917847,0.24291914701461792,0.008489600382745266,0.1576816439628601,0.1577388197183609,-0.003271344117820263,0.00876378919929266,-0.06209690868854523,0.40867525339126587,0.029550012201070786,0.00945001095533371,42,1.401,0.7189498543739319,0.786967933177948,3.255293279380567e-08,,0.6989142298698425,0.7450203895568848,-0.0033577079884707928,,0.6657633781433105,0.7198245525360107,-0.00793034303933382,,0.6396831274032593,0.7169466614723206,-0.011940988712012768,,0.623207151889801,0.7295551896095276,-0.017019012942910194,,0.6478338837623596,0.7358691096305847,-0.018191412091255188,,0.6056302189826965,0.760104238986969,-0.029521750286221504,,0.5823715925216675,0.7888328433036804,-0.036038391292095184,,0.5689607262611389,0.8112977147102356,-0.03940746188163757,,0.6505364775657654,0.7636979818344116,-0.022098403424024582,,0.6063342094421387,0.7879384756088257,-0.03214956820011139,,0.5957860946655273,0.8148370981216431,-0.03490033000707626,,0.5953450798988342,0.8321588635444641,-0.03567932918667793,,0.6572800278663635,0.7984355092048645,-0.025569172576069832,,0.6164621114730835,0.8253673911094666,-0.03308441862463951,,0.6093961000442505,0.8475621938705444,-0.03129711002111435,,0.6115074157714844,0.8586816787719727,-0.029212525114417076,,0.6663377285003662,0.8365364670753479,-0.02910943701863289,,0.6353772878646851,0.8600732088088989,-0.03477160260081291,,0.6298017501831055,0.8745555877685547,-0.032261818647384644,,0.6324898600578308,0.8802481889724731,-0.029113436117768288,,0.47418367862701416,0.6843904256820679,-2.165933068454251e-07,,0.4954600930213928,0.6566257476806641,-0.008251271210610867,,0.5113606452941895,0.6337995529174805,-0.019957643002271652,,0.5226953029632568,0.6248534321784973,-0.03335830569267273,,0.5316793918609619,0.6265441179275513,-0.04676543176174164,,0.4815607964992523,0.5440574288368225,-0.013969372026622295,,0.5056714415550232,0.5718103051185608,-0.03349161148071289,,0.5200481414794922,0.6137068271636963,-0.04807198792695999,,0.528779923915863,0.6467729210853577,-0.05521108955144882,,0.46177247166633606,0.5618346929550171,-0.01825569197535515,,0.490229070186615,0.596282958984375,-0.03454986959695816,,0.5085570216178894,0.6375890374183655,-0.04097114875912666,,0.519778311252594,0.6692042946815491,-0.04307948052883148,,0.44589948654174805,0.5923179388046265,-0.023917116224765778,,0.4716390073299408,0.6237806081771851,-0.03812278062105179,,0.49076908826828003,0.6605303287506104,-0.037785839289426804,,0.5024765133857727,0.6883002519607544,-0.0341014638543129,,0.435315877199173,0.6285206079483032,-0.030706511810421944,,0.4554443359375,0.6470177173614502,-0.03798732906579971,,0.47185859084129333,0.6708831191062927,-0.034533143043518066,,0.4822686016559601,0.6909421682357788,-0.02951408177614212,
-0.04201634228229523,-0.5940834879875183,-0.28175580501556396,0.9999059438705444,-0.024232573807239532,-0.632113516330719,-0.2699899971485138,0.9998367428779602,-0.024987686425447464,-0.6316660046577454,-0.2730909585952759,0.9998384714126587,-0.024483205750584602,-0.6316586136817932,-0.27062752842903137,0.9998215436935425,-0.06026144325733185,-0.634159505367279,-0.2676771581172943,0.9998316764831543,-0.058343175798654556,-0.6348047852516174,-0.2673055827617645,0.9998292326927185,-0.05890925973653793,-0.6337166428565979,-0.2631644010543823,0.9998131990432739,0.060284875333309174,-0.6153810024261475,-0.17373722791671753,0.9998708367347717,-0.0885949432849884,-0.6198092699050903,-0.14678941667079926,0.9998407959938049,-0.013649343512952328,-0.5634947419166565,-0.2572581470012665,0.9999451637268066,-0.05779183655977249,-0.5633642673492432,-0.24700714647769928,0.9999442100524902,0.17122960090637207,-0.4097687005996704,-0.1323230266571045,0.9996541142463684,-0.16115513443946838,-0.4373572766780853,-0.06651425361633301,0.9997443556785583,0.20439967513084412,-0.19102329015731812,-0.20901048183441162,0.9930742383003235,-0.2353661060333252,-0.22762562334537506,-0.15155033767223358,0.9815419316291809,0.03690304607152939,-0.23356589674949646,-0.4059828519821167,0.9831796288490295,-0.23004582524299622,-0.30764564871788025,-0.3890342712402344,0.9728525876998901,-0.02401730604469776,-0.23918311297893524,-0.4382009208202362,0.9691151976585388,-0.22071753442287445,-0.3329870402812958,-0.4389595687389374,0.956680178642273,-0.03482697531580925,-0.27882248163223267,-0.4304879903793335,0.9698254466056824,-0.21783754229545593,-0.3727850019931793,-0.42720070481300354,0.9592481255531311,0.015247232280671597,-0.2500002086162567,-0.40741392970085144,0.9649877548217773,-0.21903231739997864,-0.32092899084091187,-0.394042432308197,0.9544976353645325,0.1148686408996582,-0.0022805670741945505,-0.00639902101829648,0.3874967694282532,-0.11302799731492996,-0.004488843958824873,0.00807847548276186,0.4254368841648102,0.1286630630493164,-0.08249235898256302,-0.09346656501293182,0.05372987687587738,-0.1353011280298233,-0.11521819233894348,-0.25623461604118347,0.07147657871246338,0.13506311178207397,0.18700353801250458,0.20052672922611237,0.012117935344576836,-0.07102274149656296,0.32046204805374146,-0.038557544350624084,0.02303723432123661,0.13458961248397827,0.2003670185804367,0.22651441395282745,0.007912876084446907,-0.05591501668095589,0.3335321545600891,-0.008548050187528133,0.014895991422235966,0.16094188392162323,0.1526060700416565,-0.020699432119727135,0.012208451516926289,-0.061638396233320236,0.343862384557724,-0.23346467316150665,0.0216447152197361,43,1.434,0.7190924882888794,0.8437910676002502,5.3921567655379476e-08,,0.6919276714324951,0.8062729835510254,-0.005136813037097454,,0.6559510231018066,0.7764983177185059,-0.012499441392719746,,0.6307466626167297,0.755486011505127,-0.01913793757557869,,0.6144090294837952,0.7484536170959473,-0.0274189505726099,,0.642267644405365,0.8168126940727234,-0.023836489766836166,,0.6013124585151672,0.8507664203643799,-0.0378030426800251,,0.5778244733810425,0.8786912560462952,-0.046681959182024,,0.5616297125816345,0.9032495617866516,-0.05170963332056999,,0.65035080909729,0.8464832305908203,-0.028461871668696404,,0.6030865907669067,0.8813488483428955,-0.04014131426811218,,0.5787035226821899,0.9114614129066467,-0.045999880880117416,,0.5641006827354431,0.9352005124092102,-0.04989141598343849,,0.6606247425079346,0.8777141571044922,-0.032600242644548416,,0.616584300994873,0.9123915433883667,-0.042129550129175186,,0.5961154699325562,0.9379797577857971,-0.04411875456571579,,0.5844529271125793,0.9557940363883972,-0.04481298476457596,,0.6723277568817139,0.9093021154403687,-0.036722294986248016,,0.6385604739189148,0.9391601085662842,-0.0439533069729805,,0.622017502784729,0.9583567380905151,-0.043833862990140915,,0.6114450097084045,0.9716985821723938,-0.04270452260971069,,0.4990037977695465,0.8082269430160522,-5.408015724128745e-08,,0.5179733633995056,0.764767050743103,-0.0027624552603811026,,0.5296538472175598,0.720355749130249,-0.009454515762627125,,0.5323806405067444,0.698125958442688,-0.01790708117187023,,0.5320863723754883,0.6961899995803833,-0.026190700009465218,,0.505023181438446,0.6373221278190613,-0.007380480878055096,,0.5248112678527832,0.6588689684867859,-0.02379063330590725,,0.5369136929512024,0.7007319927215576,-0.03528273478150368,,0.5470542311668396,0.7352279424667358,-0.04088317230343819,,0.4882911145687103,0.6470558643341064,-0.012617121450603008,,0.5163261294364929,0.6880454421043396,-0.028503717854619026,,0.5289528369903564,0.7331242561340332,-0.03426014631986618,,0.537925660610199,0.7684131264686584,-0.035368435084819794,,0.47419390082359314,0.671454668045044,-0.018849937245249748,,0.500956118106842,0.7137333154678345,-0.034754421561956406,,0.5145745873451233,0.7584028840065002,-0.03488240763545036,,0.5245081782341003,0.7934571504592896,-0.030596528202295303,,0.46466684341430664,0.7040879726409912,-0.025456588715314865,,0.4862139821052551,0.7318695187568665,-0.035385359078645706,,0.498993843793869,0.7618804574012756,-0.033486366271972656,,0.5087792873382568,0.7855868935585022,-0.02860299125313759,
-0.042389195412397385,-0.6003494262695312,-0.25365105271339417,0.9999030828475952,-0.024545030668377876,-0.6388472318649292,-0.24063190817832947,0.9998306035995483,-0.02529286965727806,-0.6384759545326233,-0.24343061447143555,0.9998335242271423,-0.02475057914853096,-0.638498842716217,-0.24110539257526398,0.9998146295547485,-0.06089925765991211,-0.6411973237991333,-0.2381822168827057,0.9998263716697693,-0.05897212773561478,-0.6419287919998169,-0.2379457801580429,0.9998242855072021,-0.05952391028404236,-0.6409062743186951,-0.23387867212295532,0.9998049736022949,0.06044001504778862,-0.6197052597999573,-0.14324960112571716,0.9998676180839539,-0.08875413239002228,-0.6257426142692566,-0.11554057151079178,0.9998348951339722,-0.01386092510074377,-0.568966805934906,-0.22813540697097778,0.9999428391456604,-0.05796075612306595,-0.5690526366233826,-0.21840180456638336,0.9999425411224365,0.17167605459690094,-0.41265222430229187,-0.10853251069784164,0.9996242523193359,-0.1612459272146225,-0.4400322139263153,-0.03967584669589996,0.9997256398200989,0.20864029228687286,-0.19761645793914795,-0.18368619680404663,0.992215096950531,-0.23658250272274017,-0.23510444164276123,-0.1246814951300621,0.9800221920013428,0.03556959703564644,-0.21062055230140686,-0.366071879863739,0.9817994832992554,-0.20381206274032593,-0.2831307053565979,-0.3649916350841522,0.971522331237793,-0.027181731536984444,-0.2069362848997116,-0.40895047783851624,0.9647647142410278,-0.18712666630744934,-0.29085734486579895,-0.4198765754699707,0.951877772808075,-0.04457218945026398,-0.24508854746818542,-0.4066084325313568,0.9655680060386658,-0.17344976961612701,-0.32653680443763733,-0.406337171792984,0.954497218132019,0.011310826055705547,-0.22446221113204956,-0.37102076411247253,0.9593488574028015,-0.18698397278785706,-0.291575163602829,-0.36873993277549744,0.9485055804252625,0.11469319462776184,-0.0022877338342368603,-0.006409941241145134,0.3890079855918884,-0.11286719143390656,-0.00463892612606287,0.008104364387691021,0.4289105236530304,0.1237502247095108,-0.07443293929100037,-0.09400511533021927,0.06384120136499405,-0.13027285039424896,-0.10390174388885498,-0.21556352078914642,0.08335095643997192,0.1358034461736679,0.19421441853046417,0.17773182690143585,0.013389983214437962,-0.07060684263706207,0.3371332883834839,0.00963038019835949,0.027376743033528328,0.13553765416145325,0.2099044919013977,0.2007577270269394,0.00875940453261137,-0.05572420358657837,0.3522436022758484,0.03685478866100311,0.01768600195646286,0.16305021941661835,0.16373266279697418,-0.02897544950246811,0.014173263683915138,-0.0647716224193573,0.36769726872444153,-0.1709001213312149,0.02625042200088501,44,1.468,0.7096328139305115,0.9137485027313232,2.0508797149432212e-07,,0.6788454055786133,0.8720094561576843,-0.008078863844275475,,0.6394791007041931,0.846152663230896,-0.01586574874818325,,0.6135909557342529,0.8229731917381287,-0.022663233801722527,,0.603803813457489,0.7860917448997498,-0.030613897368311882,,0.6300723552703857,0.895331859588623,-0.020152807235717773,,0.594032347202301,0.9269960522651672,-0.030374394729733467,,0.5706840753555298,0.950554370880127,-0.03713222220540047,,0.553996741771698,0.9696656465530396,-0.04161588475108147,,0.6385017037391663,0.9300829172134399,-0.02203315496444702,,0.5995157361030579,0.9602668285369873,-0.031231898814439774,,0.5748383402824402,0.9806429147720337,-0.03670157119631767,,0.557529628276825,0.995216965675354,-0.04048793017864227,,0.6484969258308411,0.9604988694190979,-0.023769337683916092,,0.6107689142227173,0.9894624948501587,-0.03071461245417595,,0.5891385674476624,1.0057168006896973,-0.03313975781202316,,0.5743589997291565,1.0152126550674438,-0.03433394059538841,,0.6595267653465271,0.9853238463401794,-0.026017921045422554,,0.6292808651924133,1.0071121454238892,-0.030734475702047348,,0.6115737557411194,1.0188381671905518,-0.031201373785734177,,0.5980486869812012,1.0252060890197754,-0.030864527449011803,,,,,,,,,,,,,,,,,,,,,,,,,,,,,,,,,,,,,,,,,,,,,,,,,,,,,,,,,,,,,,,,,,,,,,,,,,,,,,,,,,,,,
-0.04178681969642639,-0.6084351539611816,-0.2519407272338867,0.9998540282249451,-0.024266989901661873,-0.6471120119094849,-0.23940709233283997,0.9997612237930298,-0.0249639879912138,-0.6467596888542175,-0.24203622341156006,0.9997616410255432,-0.02444368600845337,-0.6467713713645935,-0.23973868787288666,0.9997325539588928,-0.06094728410243988,-0.6501074433326721,-0.2369762510061264,0.9997720718383789,-0.05901101231575012,-0.6508527994155884,-0.23694093525409698,0.9997748732566833,-0.059573523700237274,-0.6499003767967224,-0.23288112878799438,0.9997551441192627,0.06311912089586258,-0.6321107149124146,-0.142485573887825,0.9997913241386414,-0.08864746987819672,-0.6417571306228638,-0.11495079845190048,0.999789834022522,-0.012271394953131676,-0.5785278081893921,-0.22581124305725098,0.9999018907546997,-0.05694559961557388,-0.5793452262878418,-0.21649806201457977,0.9999082684516907,0.17406362295150757,-0.4265762269496918,-0.10736595094203949,0.9993274211883545,-0.16066181659698486,-0.4532075524330139,-0.0388692207634449,0.9996072053909302,0.20309633016586304,-0.19829609990119934,-0.18315525352954865,0.9902079701423645,-0.22462256252765656,-0.23720911145210266,-0.11140069365501404,0.9749842286109924,-0.011193756945431232,-0.19356530904769897,-0.34783586859703064,0.9781132340431213,-0.1790553778409958,-0.21918940544128418,-0.3366558849811554,0.9642268419265747,-0.0803033784031868,-0.1814538687467575,-0.39163264632225037,0.9546133279800415,-0.16448162496089935,-0.20923587679862976,-0.39093706011772156,0.9364692568778992,-0.09796422719955444,-0.22771167755126953,-0.3933449685573578,0.9559669494628906,-0.15303580462932587,-0.24350816011428833,-0.38762789964675903,0.940345287322998,-0.03728718310594559,-0.21081991493701935,-0.35401302576065063,0.9480095505714417,-0.16366426646709442,-0.22578410804271698,-0.3426187038421631,0.9331024289131165,0.11459027230739594,-0.0032424847595393658,-0.0063339220359921455,0.3786880671977997,-0.11287160962820053,-0.004114093724638224,0.008014186285436153,0.41649144887924194,0.11931754648685455,-0.027604827657341957,-0.0719330757856369,0.06970886886119843,-0.13042807579040527,0.046851612627506256,-0.12419599294662476,0.0876210480928421,0.12497247755527496,0.2233142852783203,0.1833871603012085,0.014450689777731895,-0.09209374338388443,0.37886011600494385,0.10349118709564209,0.02783110737800598,0.12399479746818542,0.23859477043151855,0.20565029978752136,0.009263427928090096,-0.08159013092517853,0.3945396840572357,0.12567053735256195,0.017700226977467537,0.15769779682159424,0.22011740505695343,-0.00355746247805655,0.015363531187176704,-0.09298888593912125,0.43625229597091675,-0.051207441836595535,0.02679148130118847,45,1.501,,,,,,,,,,,,,,,,,,,,,,,,,,,,,,,,,,,,,,,,,,,,,,,,,,,,,,,,,,,,,,,,,,,,,,,,,,,,,,,,,,,,,,,,,,,,,,,,,,,,,,,,,,,,,,,,,,,,,,,,,,,,,,,,,,,,,,,,,,,,,,,,,,,,,,,,,,,,,,,,,,,,,,,,
-0.032624367624521255,-0.6087345480918884,-0.25180381536483765,0.9997639656066895,-0.01752007007598877,-0.6477383375167847,-0.23938563466072083,0.9996545910835266,-0.018150322139263153,-0.6473692059516907,-0.24198439717292786,0.9996602535247803,-0.01763167418539524,-0.6473821997642517,-0.2396823614835739,0.999620795249939,-0.054541781544685364,-0.6503883600234985,-0.23701901733875275,0.9996612071990967,-0.052599843591451645,-0.6511187553405762,-0.23701269924640656,0.9996671676635742,-0.05318239703774452,-0.6501734256744385,-0.23295173048973083,0.9996393918991089,0.06782739609479904,-0.6344753503799438,-0.1430821418762207,0.99969083070755,-0.08499777317047119,-0.6422647833824158,-0.11675713211297989,0.9996967315673828,-0.00329315266571939,-0.5794265866279602,-0.22570693492889404,0.9998572468757629,-0.04805717617273331,-0.5797649025917053,-0.21647025644779205,0.9998584985733032,0.17706213891506195,-0.43040916323661804,-0.10678501427173615,0.9990857839584351,-0.1565624624490738,-0.453726589679718,-0.04645869508385658,0.9994307160377502,0.19992169737815857,-0.19747929275035858,-0.17719115316867828,0.9862263798713684,-0.2038072794675827,-0.23336255550384521,-0.11037995666265488,0.9693167209625244,-0.014261046424508095,-0.1463136374950409,-0.331641286611557,0.9696372747421265,-0.10860826820135117,-0.17672857642173767,-0.32521116733551025,0.9533783793449402,-0.08109366148710251,-0.11926484853029251,-0.3761933445930481,0.9379354119300842,-0.08222981542348862,-0.15425319969654083,-0.3783828616142273,0.9171980619430542,-0.10088654607534409,-0.16108304262161255,-0.3816481828689575,0.9405314922332764,-0.06294900178909302,-0.19035758078098297,-0.37874341011047363,0.9230839610099792,-0.041233278810977936,-0.1585848033428192,-0.33907651901245117,0.9305646419525146,-0.08796080201864243,-0.1813824474811554,-0.33165502548217773,0.9144433736801147,0.11437181383371353,-0.004204600118100643,-0.00526835024356842,0.3566710650920868,-0.11273694783449173,-0.0036160890012979507,0.0070664724335074425,0.39041388034820557,0.12031200528144836,-0.03738715872168541,-0.07187846302986145,0.07331990450620651,-0.12840227782726288,0.025474365800619125,-0.11899100989103317,0.08883945643901825,0.12830469012260437,0.22025473415851593,0.18393976986408234,0.0149878254160285,-0.08938508480787277,0.3757214844226837,0.1169774979352951,0.027430502697825432,0.12789946794509888,0.23468878865242004,0.20582491159439087,0.009589954279363155,-0.07794468104839325,0.3902498781681061,0.14149054884910583,0.01740696094930172,0.16505968570709229,0.21196354925632477,-0.004121354315429926,0.015918178483843803,-0.08822021633386612,0.4289408028125763,-0.036159902811050415,0.02641652710735798,46,1.534,,,,,,,,,,,,,,,,,,,,,,,,,,,,,,,,,,,,,,,,,,,,,,,,,,,,,,,,,,,,,,,,,,,,,,,,,,,,,,,,,,,,,,,,,,,,,,,,,,,,,,,,,,,,,,,,,,,,,,,,,,,,,,,,,,,,,,,,,,,,,,,,,,,,,,,,,,,,,,,,,,,,,,,,
-0.03200506046414375,-0.6087475419044495,-0.26261603832244873,0.9997194409370422,-0.017554162070155144,-0.6475305557250977,-0.2525841295719147,0.9995878338813782,-0.018140718340873718,-0.6471519470214844,-0.25492143630981445,0.999600350856781,-0.017597749829292297,-0.6471775770187378,-0.25279244780540466,0.9995462894439697,-0.05394652858376503,-0.6498054265975952,-0.251552015542984,0.9995965957641602,-0.0519755594432354,-0.650534451007843,-0.2515091001987457,0.9996085166931152,-0.05256686732172966,-0.649590790271759,-0.2475220263004303,0.9995664358139038,0.06721217930316925,-0.6343478560447693,-0.16378018260002136,0.999618411064148,-0.08359033614397049,-0.6412604451179504,-0.14111697673797607,0.9996240735054016,-0.0033517018891870975,-0.579744279384613,-0.2381274402141571,0.9998235106468201,-0.047033749520778656,-0.5794200897216797,-0.2305597960948944,0.9998302459716797,0.1768169105052948,-0.4320291578769684,-0.11458577960729599,0.9987570643424988,-0.15375635027885437,-0.44955387711524963,-0.08063316345214844,0.99916672706604,0.19926553964614868,-0.18977805972099304,-0.1323130577802658,0.9529034495353699,-0.18608492612838745,-0.221149280667305,-0.11133541911840439,0.9282734990119934,0.16075822710990906,-0.03134157881140709,-0.2366722971200943,0.9010557532310486,-0.1452564001083374,-0.11878790706396103,-0.30881452560424805,0.8840998411178589,0.15908244252204895,0.02410028502345085,-0.26592370867729187,0.8720226883888245,-0.13461828231811523,-0.08001768589019775,-0.35036391019821167,0.8510064482688904,0.1428537368774414,0.014690909534692764,-0.30478861927986145,0.8806974291801453,-0.12377291172742844,-0.09555529057979584,-0.36961081624031067,0.8613211512565613,0.14626258611679077,-0.023351047188043594,-0.2589161992073059,0.8694198131561279,-0.13102996349334717,-0.11119741201400757,-0.32201191782951355,0.8517463207244873,0.11138566583395004,-0.0065984721295535564,-0.0020543301943689585,0.32945048809051514,-0.11046060174703598,-0.0023854095488786697,0.0041913241147994995,0.36242324113845825,0.12090319395065308,-0.03527334704995155,-0.024682970717549324,0.0788523331284523,-0.0926845446228981,0.06413699686527252,-0.12287335097789764,0.09972428530454636,0.13987913727760315,0.2263646423816681,0.2234610915184021,0.016304966062307358,-0.07769087702035904,0.3917286992073059,0.10847896337509155,0.03254326432943344,0.140987828373909,0.2422792762517929,0.24627365171909332,0.010264366865158081,-0.07092016190290451,0.40591561794281006,0.1348600834608078,0.019566617906093597,0.20233973860740662,0.22468072175979614,0.042775411158800125,0.01765633560717106,-0.0862550139427185,0.44331952929496765,-0.04823436215519905,0.031231753528118134,47,1.568,,,,,,,,,,,,,,,,,,,,,,,,,,,,,,,,,,,,,,,,,,,,,,,,,,,,,,,,,,,,,,,,,,,,,,,,,,,,,,,,,,,,,,,,,,,,,,,,,,,,,,,,,,,,,,,,,,,,,,,,,,,,,,,,,,,,,,,,,,,,,,,,,,,,,,,,,,,,,,,,,,,,,,,,
-0.03176101669669151,-0.6097132563591003,-0.27358323335647583,0.9996792674064636,-0.01645062491297722,-0.6479987502098083,-0.26450738310813904,0.9995057582855225,-0.01697343960404396,-0.647614598274231,-0.2665088474750519,0.9995306730270386,-0.016427144408226013,-0.647637665271759,-0.26458632946014404,0.9994569420814514,-0.0526559054851532,-0.6500389575958252,-0.2641611695289612,0.9995136857032776,-0.05064726993441582,-0.6507772207260132,-0.2640964388847351,0.9995344281196594,-0.05123408883810043,-0.6498303413391113,-0.2602123022079468,0.9994672536849976,0.06713088601827621,-0.634061872959137,-0.17811892926692963,0.9995278716087341,-0.08243105560541153,-0.6410208940505981,-0.15310543775558472,0.9995146989822388,-0.0038133100606501102,-0.5804128050804138,-0.24923698604106903,0.9997960329055786,-0.047270968556404114,-0.5797653198242188,-0.24158203601837158,0.9998053312301636,0.1748887151479721,-0.4323408901691437,-0.1225520446896553,0.998640239238739,-0.15295234322547913,-0.4459756016731262,-0.09859168529510498,0.9990012645721436,0.2013315111398697,-0.18229243159294128,-0.12600888311862946,0.9255701303482056,-0.17673620581626892,-0.21426671743392944,-0.10638810694217682,0.8954896926879883,0.21261489391326904,0.009066736325621605,-0.22894525527954102,0.8265848159790039,-0.16774246096611023,-0.0652737021446228,-0.25145211815834045,0.8112409710884094,0.21985840797424316,0.07364668697118759,-0.25531718134880066,0.7992439866065979,-0.16053877770900726,-0.010645248927175999,-0.27534034848213196,0.7802515625953674,0.1978437900543213,0.07424367964267731,-0.3000297546386719,0.8130661845207214,-0.15252827107906342,-0.008317217230796814,-0.3130454421043396,0.7942495346069336,0.19708356261253357,0.023602379485964775,-0.25354814529418945,0.8005639910697937,-0.1555168479681015,-0.04766812175512314,-0.27152273058891296,0.7841776609420776,0.10931351035833359,-0.00783216767013073,-0.001308818580582738,0.30162206292152405,-0.10866748541593552,-0.0015720471274107695,0.003509976202622056,0.3330061137676239,0.10321419686079025,-0.033642083406448364,-0.02319982461631298,0.07933913916349411,-0.08812568336725235,0.08400973677635193,-0.13905304670333862,0.10358577966690063,0.14125864207744598,0.2288718819618225,0.23801417648792267,0.016597939655184746,-0.08100056648254395,0.42207637429237366,0.11066465824842453,0.03465353325009346,0.1431524008512497,0.2442268282175064,0.2626420259475708,0.010308564640581608,-0.07830458134412766,0.4378053545951843,0.13957615196704865,0.020176652818918228,0.20571322739124298,0.22179511189460754,0.05008205398917198,0.01826487109065056,-0.10400194674730301,0.4579148590564728,-0.047971468418836594,0.03291100263595581,48,1.601,,,,,,,,,,,,,,,,,,,,,,,,,,,,,,,,,,,,,,,,,,,,,,,,,,,,,,,,,,,,,,,,,,,,,,,,,,,,,,,,,,,,,,,,,,,,,,,,,,,,,,,,,,,,,,,,,,,,,,,,,,,,,,,,,,,,,,,,,,,,,,,,,,,,,,,,,,,,,,,,,,,,,,,,
