pose_world_0_x,pose_world_0_y,pose_world_0_z,pose_world_0_visibility,pose_world_1_x,pose_world_1_y,pose_world_1_z,pose_world_1_visibility,pose_world_2_x,pose_world_2_y,pose_world_2_z,pose_world_2_visibility,pose_world_3_x,pose_world_3_y,pose_world_3_z,pose_world_3_visibility,pose_world_4_x,pose_world_4_y,pose_world_4_z,pose_world_4_visibility,pose_world_5_x,pose_world_5_y,pose_world_5_z,pose_world_5_visibility,pose_world_6_x,pose_world_6_y,pose_world_6_z,pose_world_6_visibility,pose_world_7_x,pose_world_7_y,pose_world_7_z,pose_world_7_visibility,pose_world_8_x,pose_world_8_y,pose_world_8_z,pose_world_8_visibility,pose_world_9_x,pose_world_9_y,pose_world_9_z,pose_world_9_visibility,pose_world_10_x,pose_world_10_y,pose_world_10_z,pose_world_10_visibility,pose_world_11_x,pose_world_11_y,pose_world_11_z,pose_world_11_visibility,pose_world_12_x,pose_world_12_y,pose_world_12_z,pose_world_12_visibility,pose_world_13_x,pose_world_13_y,pose_world_13_z,pose_world_13_visibility,pose_world_14_x,pose_world_14_y,pose_world_14_z,pose_world_14_visibility,pose_world_15_x,pose_world_15_y,pose_world_15_z,pose_world_15_visibility,pose_world_16_x,pose_world_16_y,pose_world_16_z,pose_world_16_visibility,pose_world_17_x,pose_world_17_y,pose_world_17_z,pose_world_17_visibility,pose_world_18_x,pose_world_18_y,pose_world_18_z,pose_world_18_visibility,pose_world_19_x,pose_world_19_y,pose_world_19_z,pose_world_19_visibility,pose_world_20_x,pose_world_20_y,pose_world_20_z,pose_world_20_visibility,pose_world_21_x,pose_world_21_y,pose_world_21_z,pose_world_21_visibility,pose_world_22_x,pose_world_22_y,pose_world_22_z,pose_world_22_visibility,pose_world_23_x,pose_world_23_y,pose_world_23_z,pose_world_23_visibility,pose_world_24_x,pose_world_24_y,pose_world_24_z,pose_world_24_visibility,pose_world_25_x,pose_world_25_y,pose_world_25_z,pose_world_25_visibility,pose_world_26_x,pose_world_26_y,pose_world_26_z,pose_world_26_visibility,pose_world_27_x,pose_world_27_y,pose_world_27_z,pose_world_27_visibility,pose_world_28_x,pose_world_28_y,pose_world_28_z,pose_world_28_visibility,pose_world_29_x,pose_world_29_y,pose_world_29_z,pose_world_29_visibility,pose_world_30_x,pose_world_30_y,pose_world_30_z,pose_world_30_visibility,pose_world_31_x,pose_world_31_y,pose_world_31_z,pose_world_31_visibility,pose_world_32_x,pose_world_32_y,pose_world_32_z,pose_world_32_visibility,frame,timestamp,right_hand_0_x,right_hand_0_y,right_hand_0_z,right_hand_0_visibility,right_hand_1_x,right_hand_1_y,right_hand_1_z,right_hand_1_visibility,right_hand_2_x,right_hand_2_y,right_hand_2_z,right_hand_2_visibility,right_hand_3_x,right_hand_3_y,right_hand_3_z,right_hand_3_visibility,right_hand_4_x,right_hand_4_y,right_hand_4_z,right_hand_4_visibility,right_hand_5_x,right_hand_5_y,right_hand_5_z,right_hand_5_visibility,right_hand_6_x,right_hand_6_y,right_hand_6_z,right_hand_6_visibility,right_hand_7_x,right_hand_7_y,right_hand_7_z,right_hand_7_visibility,right_hand_8_x,right_hand_8_y,right_hand_8_z,right_hand_8_visibility,right_hand_9_x,right_hand_9_y,right_hand_9_z,right_hand_9_visibility,right_hand_10_x,right_hand_10_y,right_hand_10_z,right_hand_10_visibility,right_hand_11_x,right_hand_11_y,right_hand_11_z,right_hand_11_visibility,right_hand_12_x,right_hand_12_y,right_hand_12_z,right_hand_12_visibility,right_hand_13_x,right_hand_13_y,right_hand_13_z,right_hand_13_visibility,right_hand_14_x,right_hand_14_y,right_hand_14_z,right_hand_14_visibility,right_hand_15_x,right_hand_15_y,right_hand_15_z,right_hand_15_visibility,right_hand_16_x,right_hand_16_y,right_hand_16_z,right_hand_16_visibility,right_hand_17_x,right_hand_17_y,right_hand_17_z,right_hand_17_visibility,right_hand_18_x,right_hand_18_y,right_hand_18_z,right_hand_18_visibility,right_hand_19_x,right_hand_19_y,right_hand_19_z,right_hand_19_visibility,right_hand_20_x,right_hand_20_y,right_hand_20_z,right_hand_20_visibility,left_hand_0_x,left_hand_0_y,left_hand_0_z,left_hand_0_visibility,left_hand_1_x,left_hand_1_y,left_hand_1_z,left_hand_1_visibility,left_hand_2_x,left_hand_2_y,left_hand_2_z,left_hand_2_visibility,left_hand_3_x,left_hand_3_y,left_hand_3_z,left_hand_3_visibility,left_hand_4_x,left_hand_4_y,left_hand_4_z,left_hand_4_visibility,left_hand_5_x,left_hand_5_y,left_hand_5_z,left_hand_5_visibility,left_hand_6_x,left_hand_6_y,left_hand_6_z,left_hand_6_visibility,left_hand_7_x,left_hand_7_y,left_hand_7_z,left_hand_7_visibility,left_hand_8_x,left_hand_8_y,left_hand_8_z,left_hand_8_visibility,left_hand_9_x,left_hand_9_y,left_hand_9_z,left_hand_9_visibility,left_hand_10_x,left_hand_10_y,left_hand_10_z,left_hand_10_visibility,left_hand_11_x,left_hand_11_y,left_hand_11_z,left_hand_11_visibility,left_hand_12_x,left_hand_12_y,left_hand_12_z,left_hand_12_visibility,left_hand_13_x,left_hand_13_y,left_hand_13_z,left_hand_13_visibility,left_hand_14_x,left_hand_14_y,left_hand_14_z,left_hand_14_visibility,left_hand_15_x,left_hand_15_y,left_hand_15_z,left_hand_15_visibility,left_hand_16_x,left_hand_16_y,left_hand_16_z,left_hand_16_visibility,left_hand_17_x,left_hand_17_y,left_hand_17_z,left_hand_17_visibility,left_hand_18_x,left_hand_18_y,left_hand_18_z,left_hand_18_visibility,left_hand_19_x,left_hand_19_y,left_hand_19_z,left_hand_19_visibility,left_hand_20_x,left_hand_20_y,left_hand_20_z,left_hand_20_visibility
-0.08558884263038635,-0.5772454738616943,-0.3197426199913025,0.9992955923080444,-0.06808238476514816,-0.6173316240310669,-0.31780415773391724,0.9987800717353821,-0.06845561414957047,-0.6168062686920166,-0.3196803033351898,0.998970627784729,-0.06806956976652145,-0.6167618036270142,-0.31784915924072266,0.9988112449645996,-0.1051277220249176,-0.6183298230171204,-0.309455543756485,0.9985644221305847,-0.1031455546617508,-0.6190963387489319,-0.30931729078292847,0.9986806511878967,-0.10365471243858337,-0.6180160641670227,-0.305439293384552,0.9984022974967957,0.04115556180477142,-0.6150402426719666,-0.2463778704404831,0.9990382194519043,-0.1067151203751564,-0.6167442798614502,-0.18041877448558807,0.9983906745910645,-0.04634254053235054,-0.5530452728271484,-0.29979613423347473,0.9997871518135071,-0.0892319306731224,-0.551785945892334,-0.2799869775772095,0.9996656179428101,0.172552689909935,-0.42520707845687866,-0.19439226388931274,0.9996238946914673,-0.15663330256938934,-0.44049137830734253,-0.12316013127565384,0.9995912909507751,0.2194603979587555,-0.17775528132915497,-0.19124142825603485,0.8835809230804443,-0.21762236952781677,-0.2410869598388672,-0.08386771380901337,0.8006126284599304,0.18239820003509521,0.009968946687877178,-0.28657740354537964,0.20698943734169006,-0.2678282558917999,-0.10574249923229218,-0.21085765957832336,0.22606396675109863,0.17590290307998657,0.08000948280096054,-0.3052207827568054,0.15695816278457642,-0.274897962808609,-0.05265989154577255,-0.21777880191802979,0.18225614726543427,0.13906098902225494,0.08010810613632202,-0.35509106516838074,0.23890283703804016,-0.27699634432792664,-0.04028445482254028,-0.26678454875946045,0.2521590292453766,0.1568414568901062,0.024915549904108047,-0.3091917932033539,0.20217624306678772,-0.2612248957157135,-0.08522060513496399,-0.23474739491939545,0.2336803376674652,0.10678558051586151,-0.008448315784335136,-0.014420480467379093,0.038107894361019135,-0.1053817942738533,0.00011300016194581985,0.016590341925621033,0.03851429745554924,0.03683348000049591,-0.058166470378637314,-0.07796860486268997,0.05351334437727928,-0.11448318511247635,0.07900408655405045,-0.10262970626354218,0.06869190186262131,0.10972839593887329,0.2173575460910797,0.19267117977142334,0.015129335224628448,-0.12790817022323608,0.4478274881839752,0.21102209389209747,0.02501906454563141,0.11220549792051315,0.2318427562713623,0.21968552470207214,0.007312653586268425,-0.13071760535240173,0.4648629128932953,0.2584098279476166,0.012334792874753475,0.13269232213497162,0.1859583854675293,-0.020611755549907684,0.015516222454607487,-0.178388774394989,0.4596422016620636,0.07797344028949738,0.019025057554244995,0,0.0,,,,,,,,,,,,,,,,,,,,,,,,,,,,,,,,,,,,,,,,,,,,,,,,,,,,,,,,,,,,,,,,,,,,,,,,,,,,,,,,,,,,,,,,,,,,,,,,,,,,,,,,,,,,,,,,,,,,,,,,,,,,,,,,,,,,,,,,,,,,,,,,,,,,,,,,,,,,,,,,,,,,,,,,
-0.07955535501241684,-0.5875059366226196,-0.30456724762916565,0.9992831945419312,-0.06222200393676758,-0.6273225545883179,-0.30209192633628845,0.9987691044807434,-0.06264500319957733,-0.6269095540046692,-0.304013192653656,0.9989458918571472,-0.06221544370055199,-0.6269562244415283,-0.3020542860031128,0.9988025426864624,-0.09856917709112167,-0.6284514665603638,-0.29462680220603943,0.9985703825950623,-0.09654155373573303,-0.6292436718940735,-0.29463517665863037,0.998683512210846,-0.09710095077753067,-0.6282503008842468,-0.29071810841560364,0.9984274506568909,0.04347061365842819,-0.6251402497291565,-0.22493495047092438,0.9990003705024719,-0.10336649417877197,-0.6269564032554626,-0.1679137796163559,0.998374879360199,-0.04192698746919632,-0.5635356903076172,-0.28267309069633484,0.9997502565383911,-0.08451400697231293,-0.562188446521759,-0.265407919883728,0.9996223449707031,0.1726914346218109,-0.4384683072566986,-0.17201675474643707,0.9995675086975098,-0.15491606295108795,-0.44760608673095703,-0.09570284932851791,0.9995068311691284,0.22322948276996613,-0.20277424156665802,-0.1687435656785965,0.8905736207962036,-0.20363633334636688,-0.24119415879249573,-0.08162116259336472,0.7964857816696167,0.18239231407642365,-0.03373700752854347,-0.2658965587615967,0.26157769560813904,-0.2654587924480438,-0.13176459074020386,-0.23262819647789001,0.2569230794906616,0.1754124015569687,0.022369150072336197,-0.29211390018463135,0.2076629102230072,-0.27570316195487976,-0.09631112962961197,-0.26064836978912354,0.21363794803619385,0.13916034996509552,0.010265971533954144,-0.3353538513183594,0.2884441614151001,-0.278947114944458,-0.10233304649591446,-0.29557931423187256,0.28444862365722656,0.15723203122615814,-0.026532577350735664,-0.28757670521736145,0.2520025670528412,-0.2605694830417633,-0.12086771428585052,-0.25321006774902344,0.26575174927711487,0.10635153949260712,-0.008435823954641819,-0.014336584135890007,0.05831125006079674,-0.10518281906843185,6.052720709703863e-05,0.016477320343255997,0.05569915845990181,0.0761704072356224,-0.0041946787387132645,-0.05228937789797783,0.05924426019191742,-0.10653209686279297,0.12056291103363037,-0.07232508063316345,0.07292485237121582,0.1188063770532608,0.2657104432582855,0.18980668485164642,0.01685553416609764,-0.10414300858974457,0.44786205887794495,0.19074462354183197,0.026902757585048676,0.11959124356508255,0.2822999954223633,0.2126196324825287,0.008089471608400345,-0.1007453054189682,0.46484625339508057,0.22287477552890778,0.013469940051436424,0.14923898875713348,0.26429909467697144,-0.010534173808991909,0.017838727682828903,-0.13319198787212372,0.4789796769618988,0.05416145548224449,0.021832985803484917,1,0.033,0.403314471244812,1.011600375175476,2.3518796865573677e-07,,0.38540321588516235,0.9960585832595825,-0.018258111551404,,0.36553889513015747,0.9927170872688293,-0.03161107748746872,,0.3478848338127136,0.9773651361465454,-0.04226430505514145,,0.333575576543808,0.9563595652580261,-0.05334796383976936,,0.3666045069694519,1.0546703338623047,-0.02702922560274601,,0.35627803206443787,1.0878221988677979,-0.03763791173696518,,0.3503151834011078,1.1116546392440796,-0.045170802623033524,,0.3459094166755676,1.1288734674453735,-0.050359610468149185,,0.3813054859638214,1.074501633644104,-0.022930994629859924,,0.37103453278541565,1.1107864379882812,-0.031613145023584366,,0.36456432938575745,1.1351531744003296,-0.03669484332203865,,0.3599781095981598,1.1541683673858643,-0.040770526975393295,,0.39562004804611206,1.0858770608901978,-0.019696464762091637,,0.3874109089374542,1.120579481124878,-0.026358913630247116,,0.3828853964805603,1.144580364227295,-0.028438659384846687,,0.37835341691970825,1.164581298828125,-0.030068837106227875,,0.40954941511154175,1.089887261390686,-0.017969748005270958,,0.40468183159828186,1.1192264556884766,-0.0222459863871336,,0.4018780291080475,1.1390537023544312,-0.022613804787397385,,0.39861202239990234,1.1557494401931763,-0.023081671446561813,,,,,,,,,,,,,,,,,,,,,,,,,,,,,,,,,,,,,,,,,,,,,,,,,,,,,,,,,,,,,,,,,,,,,,,,,,,,,,,,,,,,,
-0.07910001277923584,-0.5909373164176941,-0.29807260632514954,0.9992923140525818,-0.06217840313911438,-0.6307951211929321,-0.2956840693950653,0.9987959861755371,-0.06261736899614334,-0.6304653882980347,-0.2975921630859375,0.9989546537399292,-0.062178876250982285,-0.6305607557296753,-0.2955767512321472,0.9988268613815308,-0.09834396094083786,-0.6312631964683533,-0.2885507643222809,0.9986180663108826,-0.09629607200622559,-0.632093071937561,-0.2886494994163513,0.9987264275550842,-0.096860371530056,-0.6311299204826355,-0.28468701243400574,0.998495876789093,0.042122118175029755,-0.6312693357467651,-0.2157580405473709,0.9989997148513794,-0.10385526716709137,-0.6297137141227722,-0.16255028545856476,0.9984126687049866,-0.041900575160980225,-0.5681853294372559,-0.27539870142936707,0.9997226595878601,-0.0844080001115799,-0.5658172965049744,-0.25921183824539185,0.9995986223220825,0.17092427611351013,-0.44728466868400574,-0.16072411835193634,0.9995211362838745,-0.15565869212150574,-0.4482487738132477,-0.07279573380947113,0.9993999004364014,0.2255774289369583,-0.2129344344139099,-0.16543720662593842,0.898784339427948,-0.19141386449337006,-0.23371343314647675,-0.07567401230335236,0.7899946570396423,0.16795603930950165,-0.06405530869960785,-0.2672434151172638,0.32619181275367737,-0.27113479375839233,-0.15012481808662415,-0.2532578110694885,0.2993381917476654,0.15346504747867584,-0.019969871267676353,-0.29941150546073914,0.2726764380931854,-0.2966362535953522,-0.13259372115135193,-0.2949599027633667,0.25890234112739563,0.12325532734394073,-0.044868115335702896,-0.336521714925766,0.3482033610343933,-0.3086230754852295,-0.1498187929391861,-0.32216522097587585,0.32933732867240906,0.14541876316070557,-0.0644955262541771,-0.289541095495224,0.31304651498794556,-0.27230629324913025,-0.14714306592941284,-0.2719893753528595,0.3096487522125244,0.1053745374083519,-0.008777061477303505,-0.0150212487205863,0.09619247913360596,-0.10473992675542831,0.0002241718175355345,0.017076347023248672,0.08838748931884766,0.0993589386343956,0.036311015486717224,-0.047296006232500076,0.06901431828737259,-0.09913016855716705,0.16698141396045685,-0.046254731714725494,0.080928273499012,0.1346411556005478,0.2929104268550873,0.17705011367797852,0.01991237886250019,-0.07722648233175278,0.45265141129493713,0.17060501873493195,0.03074709139764309,0.13463206589221954,0.3100709617137909,0.19534464180469513,0.009852387011051178,-0.06924451887607574,0.46940162777900696,0.19264358282089233,0.016365395858883858,0.16436368227005005,0.3111819922924042,-0.008120810613036156,0.02236403524875641,-0.10136795043945312,0.5172509551048279,0.03317733854055405,0.027918294072151184,2,0.066,,,,,,,,,,,,,,,,,,,,,,,,,,,,,,,,,,,,,,,,,,,,,,,,,,,,,,,,,,,,,,,,,,,,,,,,,,,,,,,,,,,,,,,,,,,,,,,,,,,,,,,,,,,,,,,,,,,,,,,,,,,,,,,,,,,,,,,,,,,,,,,,,,,,,,,,,,,,,,,,,,,,,,,,
-0.07716948539018631,-0.5931151509284973,-0.2864167392253876,0.9993116855621338,-0.060694605112075806,-0.6329005360603333,-0.283890962600708,0.9988406896591187,-0.06119325011968613,-0.6325923800468445,-0.28582897782325745,0.9989855289459229,-0.06074012070894241,-0.6326941251754761,-0.28374865651130676,0.9988688230514526,-0.09651799499988556,-0.6331181526184082,-0.276770681142807,0.9986728429794312,-0.09444429725408554,-0.6339449286460876,-0.2769171893596649,0.9987735152244568,-0.09501306712627411,-0.6329826712608337,-0.2728955149650574,0.9985612630844116,0.04204269126057625,-0.6337645053863525,-0.2040000855922699,0.9990281462669373,-0.10382500290870667,-0.6313105821609497,-0.15117599070072174,0.9984658360481262,-0.04094799607992172,-0.5707195401191711,-0.26402977108955383,0.9997140765190125,-0.08329445123672485,-0.5680808424949646,-0.2478320151567459,0.9995906352996826,0.17082658410072327,-0.4512169659137726,-0.1516113430261612,0.9994978904724121,-0.15576623380184174,-0.4494993984699249,-0.05810539051890373,0.999302089214325,0.2384151816368103,-0.22391051054000854,-0.16733606159687042,0.9065089821815491,-0.18892210721969604,-0.23433619737625122,-0.06931935250759125,0.788973331451416,0.16862709820270538,-0.09201929718255997,-0.2894774079322815,0.38527190685272217,-0.2787327468395233,-0.17150044441223145,-0.2594497501850128,0.343230664730072,0.15563347935676575,-0.05159960314631462,-0.32760652899742126,0.33183735609054565,-0.30992594361305237,-0.15672487020492554,-0.30194076895713806,0.3035641610622406,0.12372992932796478,-0.07803038507699966,-0.357346773147583,0.4025695025920868,-0.3225870728492737,-0.17363102734088898,-0.32844725251197815,0.3733825981616974,0.14746296405792236,-0.09385626763105392,-0.3090346157550812,0.36880725622177124,-0.28219714760780334,-0.1691940724849701,-0.2782287895679474,0.35350480675697327,0.10513114929199219,-0.008847233839333057,-0.016878938302397728,0.12587690353393555,-0.10460903495550156,0.00024378279340453446,0.018867401406168938,0.11202701181173325,0.10160212218761444,0.023005515336990356,-0.04870133846998215,0.07489581406116486,-0.09991582483053207,0.14699000120162964,-0.04903106391429901,0.08348142355680466,0.14347964525222778,0.28269273042678833,0.15762744843959808,0.021770145744085312,-0.06901799142360687,0.4427909255027771,0.1649143099784851,0.03194132819771767,0.14370574057102203,0.29888585209846497,0.17462758719921112,0.011023715138435364,-0.05927574262022972,0.4583582878112793,0.18877464532852173,0.018128851428627968,0.16672751307487488,0.2893747389316559,-0.02420453540980816,0.024917302653193474,-0.09368220716714859,0.5068520903587341,0.02585546113550663,0.03046259842813015,3,0.1,0.37696897983551025,0.9984256625175476,-1.8899521947446374e-09,,0.36117348074913025,0.9586305022239685,-0.012577760964632034,,0.33641141653060913,0.9289113879203796,-0.021403679624199867,,0.31505876779556274,0.9078134298324585,-0.028602367267012596,,0.29708895087242126,0.8851228952407837,-0.03686230257153511,,0.3330692946910858,0.9814989566802979,-0.02030440792441368,,0.3135884404182434,1.0036982297897339,-0.03194153681397438,,0.30348291993141174,1.0189520120620728,-0.041584622114896774,,0.2951865792274475,1.029309868812561,-0.0486801341176033,,0.33825916051864624,1.0133583545684814,-0.020037027075886726,,0.31837552785873413,1.0354491472244263,-0.029763754457235336,,0.3067956268787384,1.0523406267166138,-0.03836595639586449,,0.2977326512336731,1.0646666288375854,-0.04661145061254501,,0.3439020812511444,1.0368636846542358,-0.020542429760098457,,0.32577213644981384,1.0585147142410278,-0.03069499507546425,,0.3131824731826782,1.075610637664795,-0.03528633713722229,,0.30266332626342773,1.0850372314453125,-0.03974898159503937,,0.34975776076316833,1.052689790725708,-0.02184779942035675,,0.3352917432785034,1.0731112957000732,-0.030428104102611542,,0.32554200291633606,1.0883619785308838,-0.032593984156847,,0.3169974088668823,1.0988861322402954,-0.0349738635122776,,,,,,,,,,,,,,,,,,,,,,,,,,,,,,,,,,,,,,,,,,,,,,,,,,,,,,,,,,,,,,,,,,,,,,,,,,,,,,,,,,,,,
-0.0688498318195343,-0.595563530921936,-0.27937811613082886,0.9993171095848083,-0.0543503612279892,-0.6355811357498169,-0.27553313970565796,0.9988685250282288,-0.054890282452106476,-0.6352919340133667,-0.27758583426475525,0.9990006685256958,-0.054384391754865646,-0.6354347467422485,-0.27545586228370667,0.9988967776298523,-0.08993890881538391,-0.6352918744087219,-0.26978352665901184,0.9987115263938904,-0.08783771842718124,-0.6361290216445923,-0.2699347138404846,0.9988040924072266,-0.08842017501592636,-0.6351834535598755,-0.26591092348098755,0.9986097812652588,0.042835783213377,-0.6372453570365906,-0.19132669270038605,0.9990458488464355,-0.10313890129327774,-0.6327944993972778,-0.14603006839752197,0.9985116124153137,-0.034508220851421356,-0.573542058467865,-0.2558158040046692,0.9996939301490784,-0.07696577161550522,-0.5702870488166809,-0.24163520336151123,0.9995663166046143,0.1714412420988083,-0.4559965431690216,-0.13802899420261383,0.9994372725486755,-0.1555626392364502,-0.45073965191841125,-0.056780118495225906,0.9991481304168701,0.24886664748191833,-0.23917219042778015,-0.15981771051883698,0.9132404327392578,-0.18991078436374664,-0.23459412157535553,-0.06943348795175552,0.7926805019378662,0.16909219324588776,-0.10734937340021133,-0.28927186131477356,0.44003140926361084,-0.2882055938243866,-0.1712506115436554,-0.2636457681655884,0.39059871435165405,0.1562451869249344,-0.06878828257322311,-0.3264092803001404,0.38817834854125977,-0.3238987326622009,-0.1559300571680069,-0.3096581697463989,0.35257992148399353,0.12473711371421814,-0.09519928693771362,-0.35724180936813354,0.4536002576351166,-0.33376020193099976,-0.1746797263622284,-0.333808571100235,0.4194507598876953,0.14780975878238678,-0.10901382565498352,-0.30862390995025635,0.42185714840888977,-0.29205718636512756,-0.1684025228023529,-0.28188657760620117,0.4003016948699951,0.10505286604166031,-0.008500693365931511,-0.016852039843797684,0.15756294131278992,-0.10458647459745407,-0.0003620432107709348,0.018841348588466644,0.13627810776233673,0.09877312928438187,0.01995062828063965,-0.047825220972299576,0.08340072631835938,-0.10485471040010452,0.14188998937606812,-0.05399598926305771,0.08861086517572403,0.13264156877994537,0.2788220942020416,0.1593635082244873,0.023246360942721367,-0.0764777883887291,0.41475361585617065,0.15685223042964935,0.03294089809060097,0.1303471177816391,0.29509463906288147,0.17711247503757477,0.011968669481575489,-0.06839052587747574,0.4284028708934784,0.17992906272411346,0.01955573819577694,0.15946079790592194,0.2855492830276489,-0.02040194906294346,0.027154644951224327,-0.0987933948636055,0.4892408847808838,0.02030494064092636,0.03284488618373871,4,0.133,0.3715105652809143,0.984702467918396,1.1046391534819122e-07,,0.35266950726509094,0.9439200758934021,-0.018282487988471985,,0.3297865390777588,0.9221712350845337,-0.030953533947467804,,0.3096740245819092,0.9012977480888367,-0.040408071130514145,,0.2916696071624756,0.8795859813690186,-0.050660744309425354,,0.3221122622489929,0.9936964511871338,-0.02826649509370327,,0.30843472480773926,1.0276514291763306,-0.038626257330179214,,0.2993771731853485,1.0520236492156982,-0.04740389063954353,,0.29320377111434937,1.071790099143982,-0.053752247244119644,,0.3330426514148712,1.026930570602417,-0.023698369041085243,,0.3186812102794647,1.0624983310699463,-0.030538707971572876,,0.3077513575553894,1.085745096206665,-0.03664505481719971,,0.3013836741447449,1.1044317483901978,-0.04314836114645004,,0.3436606824398041,1.0487096309661865,-0.01953282207250595,,0.32956793904304504,1.0790215730667114,-0.025957928970456123,,0.3188452422618866,1.101186990737915,-0.028443310409784317,,0.3100743293762207,1.1172325611114502,-0.03160399943590164,,0.3540232479572296,1.0621353387832642,-0.01660442352294922,,0.34220242500305176,1.0849175453186035,-0.021830659359693527,,0.33409085869789124,1.101051688194275,-0.021818161010742188,,0.3276439309120178,1.1127043962478638,-0.02240682765841484,,,,,,,,,,,,,,,,,,,,,,,,,,,,,,,,,,,,,,,,,,,,,,,,,,,,,,,,,,,,,,,,,,,,,,,,,,,,,,,,,,,,,
-0.060824718326330185,-0.5956551432609558,-0.2773103415966034,0.9993122816085815,-0.04686330631375313,-0.6356980800628662,-0.2735599875450134,0.9988842010498047,-0.04744110256433487,-0.6354002356529236,-0.27570441365242004,0.9990060925483704,-0.04689164087176323,-0.6355533599853516,-0.2735319435596466,0.998917281627655,-0.08214684575796127,-0.6355406641960144,-0.26765555143356323,0.9987287521362305,-0.08005790412425995,-0.6363782286643982,-0.2677515149116516,0.9988104104995728,-0.08065340667963028,-0.6354355812072754,-0.2637203335762024,0.9986300468444824,0.048139993101358414,-0.6370795369148254,-0.19012212753295898,0.9990617632865906,-0.09729065001010895,-0.6333823204040527,-0.14446090161800385,0.9985178709030151,-0.026566827669739723,-0.5735223293304443,-0.2539379894733429,0.9996768832206726,-0.06886781007051468,-0.570509672164917,-0.2396571934223175,0.9995376467704773,0.1762002855539322,-0.4557078778743744,-0.13474413752555847,0.9993905425071716,-0.14993959665298462,-0.45399051904678345,-0.05858999118208885,0.9990313053131104,0.26007315516471863,-0.2390623241662979,-0.15007828176021576,0.9190136194229126,-0.18620313704013824,-0.24319499731063843,-0.06895684450864792,0.7959052920341492,0.19616319239139557,-0.0955096185207367,-0.2835244834423065,0.4886794984340668,-0.2871009111404419,-0.17741724848747253,-0.26318851113319397,0.4338237941265106,0.18315882980823517,-0.0522037036716938,-0.32466164231300354,0.4386134147644043,-0.32115304470062256,-0.15914103388786316,-0.30898475646972656,0.39722582697868347,0.15480206906795502,-0.07383722811937332,-0.3525567054748535,0.49936357140541077,-0.32864704728126526,-0.17739763855934143,-0.33386674523353577,0.4610000550746918,0.17575030028820038,-0.09418448060750961,-0.3025599718093872,0.4697984755039215,-0.2897985279560089,-0.17320860922336578,-0.2818545401096344,0.4430657625198364,0.10504309833049774,-0.007291688583791256,-0.01677601784467697,0.18041925132274628,-0.10456294566392899,-0.0017610216746106744,0.018782692030072212,0.15438933670520782,0.10177647322416306,0.012210868299007416,-0.049508024007081985,0.08927987515926361,-0.10686827450990677,0.09313911199569702,-0.05650952085852623,0.09195587784051895,0.1289205402135849,0.27364978194236755,0.15944650769233704,0.02405695430934429,-0.07737712562084198,0.39834484457969666,0.1462617963552475,0.03392183780670166,0.12556979060173035,0.2896825969219208,0.1774047613143921,0.012634416110813618,-0.06821117550134659,0.4114290773868561,0.16992060840129852,0.02100854367017746,0.15650421380996704,0.27403438091278076,-0.020424876362085342,0.028275033459067345,-0.0922950953245163,0.45465317368507385,0.004241329617798328,0.03458971530199051,5,0.166,,,,,,,,,,,,,,,,,,,,,,,,,,,,,,,,,,,,,,,,,,,,,,,,,,,,,,,,,,,,,,,,,,,,,,,,,,,,,,,,,,,,,,,,,,,,,,,,,,,,,,,,,,,,,,,,,,,,,,,,,,,,,,,,,,,,,,,,,,,,,,,,,,,,,,,,,,,,,,,,,,,,,,,,
-0.06018221750855446,-0.596160352230072,-0.2710719406604767,0.999334454536438,-0.0469009205698967,-0.6366958022117615,-0.26682230830192566,0.9989267587661743,-0.047457337379455566,-0.6363932490348816,-0.268909215927124,0.9990355372428894,-0.046910930424928665,-0.636559009552002,-0.26674461364746094,0.9989576935768127,-0.08196859061717987,-0.6363189220428467,-0.2620809078216553,0.9987850785255432,-0.07986843585968018,-0.6371561884880066,-0.26220935583114624,0.9988588690757751,-0.08047055453062057,-0.6362283825874329,-0.2581946551799774,0.9986950755119324,0.04803217574954033,-0.6399582624435425,-0.18296149373054504,0.9990882277488708,-0.09737386554479599,-0.6350433230400085,-0.14197243750095367,0.9985849857330322,-0.02595113031566143,-0.5745060443878174,-0.24735279381275177,0.9996713995933533,-0.06796859949827194,-0.5712178349494934,-0.234648197889328,0.9995336532592773,0.17612990736961365,-0.46022188663482666,-0.12231124937534332,0.9993367791175842,-0.14917342364788055,-0.45636558532714844,-0.060306351631879807,0.9989668130874634,0.256568968296051,-0.24158112704753876,-0.12318836897611618,0.922843873500824,-0.18715661764144897,-0.2480550855398178,-0.07122068107128143,0.8008384704589844,0.21734969317913055,-0.08349143713712692,-0.24366989731788635,0.5300096273422241,-0.2869361340999603,-0.17243069410324097,-0.2738466262817383,0.47177815437316895,0.21272683143615723,-0.03548535704612732,-0.2809998393058777,0.48124876618385315,-0.3210596442222595,-0.15063747763633728,-0.32235637307167053,0.43628376722335815,0.18720249831676483,-0.05338618904352188,-0.3166322112083435,0.5385456085205078,-0.3273827135562897,-0.1660970151424408,-0.3465295433998108,0.4977223873138428,0.19955302774906158,-0.08010467141866684,-0.2658270597457886,0.5107758641242981,-0.28909310698509216,-0.16661116480827332,-0.292385995388031,0.48033952713012695,0.10471372306346893,-0.007298093754798174,-0.014809194020926952,0.20763877034187317,-0.10436875373125076,-0.0018081077141687274,0.016840863972902298,0.1772518903017044,0.10258247703313828,0.012367750518023968,-0.032596178352832794,0.0941174328327179,-0.10698512941598892,0.11205647885799408,-0.0572013296186924,0.09562724083662033,0.1261741667985916,0.27253562211990356,0.16930259764194489,0.02505328319966793,-0.08040742576122284,0.40207165479660034,0.1527004987001419,0.034569937735795975,0.12257149815559387,0.2884514629840851,0.18543395400047302,0.013346356339752674,-0.07215750217437744,0.41482770442962646,0.1786739081144333,0.02197321690618992,0.1568477302789688,0.2749563753604889,0.00153793313074857,0.029941421002149582,-0.09390425682067871,0.4565666615962982,0.0127681540325284,0.03639623522758484,6,0.2,,,,,,,,,,,,,,,,,,,,,,,,,,,,,,,,,,,,,,,,,,,,,,,,,,,,,,,,,,,,,,,,,,,,,,,,,,,,,,,,,,,,,,,,,,,,,,,,,,,,,,,,,,,,,,,,,,,,,,,,,,,,,,,,,,,,,,,,,,,,,,,,,,,,,,,,,,,,,,,,,,,,,,,,
-0.061165083199739456,-0.5968705415725708,-0.27405428886413574,0.9993607401847839,-0.04755665734410286,-0.6371445059776306,-0.2701873481273651,0.9989689588546753,-0.048098813742399216,-0.6368339657783508,-0.2722281515598297,0.9990680813789368,-0.04756549000740051,-0.6369874477386475,-0.27011024951934814,0.9989954233169556,-0.08267823606729507,-0.6369719505310059,-0.2649632692337036,0.9988371133804321,-0.08057495206594467,-0.6377899646759033,-0.26506683230400085,0.9989050626754761,-0.08117564767599106,-0.6368573307991028,-0.2610662877559662,0.9987536072731018,0.04732436314225197,-0.6397514939308167,-0.18791119754314423,0.9991170167922974,-0.09753039479255676,-0.6356030702590942,-0.14368146657943726,0.9986447095870972,-0.02616439387202263,-0.5750629901885986,-0.25075656175613403,0.9996752142906189,-0.06838454306125641,-0.5719848871231079,-0.2371993362903595,0.9995445609092712,0.17287272214889526,-0.46054399013519287,-0.12799672782421112,0.9993357062339783,-0.15109828114509583,-0.4573564827442169,-0.06344809383153915,0.998976469039917,0.2559763193130493,-0.23798373341560364,-0.1272614300251007,0.9252195358276367,-0.19705766439437866,-0.2523614168167114,-0.07124395668506622,0.8017551898956299,0.2275373935699463,-0.07936409115791321,-0.24382607638835907,0.5532621145248413,-0.2975377142429352,-0.16856710612773895,-0.27132320404052734,0.4866122901439667,0.22905270755290985,-0.03135985508561134,-0.27885210514068604,0.5021194815635681,-0.33010682463645935,-0.143814817070961,-0.31414592266082764,0.4505866765975952,0.2034171223640442,-0.04630791023373604,-0.31824707984924316,0.5604801177978516,-0.337481290102005,-0.15660814940929413,-0.34125104546546936,0.513542652130127,0.21045927703380585,-0.07458402961492538,-0.2672109007835388,0.5320833921432495,-0.29951155185699463,-0.16167627274990082,-0.29002049565315247,0.49520254135131836,0.10421011596918106,-0.007662427611649036,-0.014893025159835815,0.21673625707626343,-0.1040886715054512,-0.001623700256459415,0.016915129497647285,0.18694600462913513,0.09941929578781128,0.01099364459514618,-0.03127086162567139,0.09396553784608841,-0.10690020769834518,0.14804254472255707,-0.051211994141340256,0.094822458922863,0.12615694105625153,0.2712060213088989,0.17328470945358276,0.02494313381612301,-0.08537974953651428,0.4279615879058838,0.15914247930049896,0.034816157072782516,0.12320268899202347,0.2879263162612915,0.18978166580200195,0.013362727127969265,-0.07870761305093765,0.442412406206131,0.18099358677864075,0.022585581988096237,0.15650053322315216,0.27147650718688965,0.0038762602489441633,0.03030324913561344,-0.11532142013311386,0.4907437264919281,0.01680172234773636,0.037448156625032425,7,0.233,,,,,,,,,,,,,,,,,,,,,,,,,,,,,,,,,,,,,,,,,,,,,,,,,,,,,,,,,,,,,,,,,,,,,,,,,,,,,,,,,,,,,,,,,,,,,,,,,,,,,,,,,,,,,,,,,,,,,,,,,,,,,,,,,,,,,,,,,,,,,,,,,,,,,,,,,,,,,,,,,,,,,,,,
-0.06148000806570053,-0.5964377522468567,-0.2770298719406128,0.9993700385093689,-0.04712880402803421,-0.6365612149238586,-0.2735765278339386,0.9989808201789856,-0.04762803390622139,-0.6362451910972595,-0.2754577100276947,0.9990794062614441,-0.047131866216659546,-0.6363864541053772,-0.27344655990600586,0.999005138874054,-0.08225773274898529,-0.6365944743156433,-0.26967406272888184,0.9988430738449097,-0.08014220744371414,-0.63738614320755,-0.26976922154426575,0.9989071488380432,-0.08074577897787094,-0.6364426612854004,-0.26581239700317383,0.9987577795982361,0.04720897227525711,-0.6385297775268555,-0.19230976700782776,0.9991249442100525,-0.09752991795539856,-0.6352399587631226,-0.15100355446338654,0.9986651539802551,-0.02681993506848812,-0.5744783878326416,-0.2533663809299469,0.9996805787086487,-0.06901736557483673,-0.5716039538383484,-0.24092580378055573,0.9995545148849487,0.17039914429187775,-0.46013060212135315,-0.1304454207420349,0.9993659257888794,-0.15319384634494781,-0.4571647346019745,-0.07827187329530716,0.9990241527557373,0.25418999791145325,-0.23654906451702118,-0.1324901133775711,0.9268361330032349,-0.22259880602359772,-0.2526873052120209,-0.0699019581079483,0.8093574643135071,0.2252454161643982,-0.06083032861351967,-0.24504733085632324,0.5543409585952759,-0.30339711904525757,-0.13609544932842255,-0.20989148318767548,0.49002307653427124,0.2245786488056183,-0.004273299593478441,-0.27659517526626587,0.49665847420692444,-0.3287690281867981,-0.09419187158346176,-0.23070158064365387,0.44909846782684326,0.194931298494339,-0.010852633975446224,-0.31802859902381897,0.5589818358421326,-0.3344558775424957,-0.09502431750297546,-0.26949024200439453,0.5140702724456787,0.20581310987472534,-0.05115149915218353,-0.2681862413883209,0.5287994146347046,-0.3024945557117462,-0.1222197413444519,-0.2301614135503769,0.4950268864631653,0.10410402715206146,-0.0076599582098424435,-0.014592578634619713,0.21206840872764587,-0.10399561375379562,-0.0016220139805227518,0.01658663898706436,0.1832815408706665,0.09227682650089264,0.010192381218075752,-0.03402850031852722,0.09247475117444992,-0.10344786942005157,0.14454978704452515,-0.05276013910770416,0.09366045147180557,0.12848566472530365,0.2699182331562042,0.17408086359500885,0.024545583873987198,-0.08612744510173798,0.4480244517326355,0.16344311833381653,0.03469424322247505,0.12776121497154236,0.28629007935523987,0.19098277390003204,0.013034087605774403,-0.0798674076795578,0.46515268087387085,0.18922056257724762,0.022326616570353508,0.16031935811042786,0.2690482437610626,0.0024751818273216486,0.02998357079923153,-0.12391196936368942,0.49741870164871216,0.02570442669093609,0.03731565177440643,8,0.266,,,,,,,,,,,,,,,,,,,,,,,,,,,,,,,,,,,,,,,,,,,,,,,,,,,,,,,,,,,,,,,,,,,,,,,,,,,,,,,,,,,,,,,,,,,,,,,,,,,,,,,,,,,,,,,,,,,,,,,,,,,,,,,,,,,,,,,,,,,,,,,,,,,,,,,,,,,,,,,,,,,,,,,,
-0.061972808092832565,-0.5974453687667847,-0.2779991030693054,0.9993957877159119,-0.04738909378647804,-0.6373293399810791,-0.27390313148498535,0.9990177154541016,-0.047871775925159454,-0.6369847059249878,-0.27573367953300476,0.9991118311882019,-0.04738688841462135,-0.6371042132377625,-0.27375972270965576,0.9990374445915222,-0.08252695947885513,-0.6374572515487671,-0.2715797424316406,0.9988889694213867,-0.08041234314441681,-0.6382147073745728,-0.271711528301239,0.9989505410194397,-0.08101702481508255,-0.6372632384300232,-0.26777949929237366,0.9988080263137817,0.04523158445954323,-0.6381447911262512,-0.19365502893924713,0.9991525411605835,-0.09882503002882004,-0.6350407600402832,-0.15588916838169098,0.998730480670929,-0.027315499261021614,-0.5748304724693298,-0.25369739532470703,0.9996904730796814,-0.06932318210601807,-0.5720105171203613,-0.2432171106338501,0.9995726346969604,0.1653861701488495,-0.45928314328193665,-0.133538156747818,0.9993781447410583,-0.15937913954257965,-0.45703619718551636,-0.08931776881217957,0.9990590214729309,0.2502254843711853,-0.23503217101097107,-0.13414105772972107,0.9262216687202454,-0.2334001064300537,-0.251740038394928,-0.0779980942606926,0.8149439692497253,0.2215227335691452,-0.05584724619984627,-0.24223510921001434,0.5503956079483032,-0.3028992712497711,-0.1228451356291771,-0.21540027856826782,0.4912431240081787,0.21882683038711548,0.0017361728241667151,-0.2726267874240875,0.48816317319869995,-0.31925830245018005,-0.07950611412525177,-0.23855124413967133,0.44675058126449585,0.18916603922843933,-0.0035064041148871183,-0.3144775629043579,0.5538800954818726,-0.31959155201911926,-0.08017981797456741,-0.27557042241096497,0.5132735967636108,0.20160315930843353,-0.04515012726187706,-0.26543185114860535,0.5226176977157593,-0.2988525629043579,-0.10834217816591263,-0.23550061881542206,0.4936733543872833,0.10411381721496582,-0.007706861477345228,-0.012990492396056652,0.20473988354206085,-0.10401377081871033,-0.0016165990382432938,0.015001727268099785,0.17871077358722687,0.08733253180980682,-0.009404342621564865,-0.031096352264285088,0.09095179289579391,-0.10451933741569519,0.14017708599567413,-0.053212497383356094,0.09289705753326416,0.12645317614078522,0.2519068121910095,0.1945367455482483,0.023779677227139473,-0.10442601889371872,0.44752028584480286,0.17357929050922394,0.034546080976724625,0.12595626711845398,0.2666631042957306,0.2156376987695694,0.0125801470130682,-0.10200250893831253,0.4644136428833008,0.20358729362487793,0.0219216700643301,0.15987102687358856,0.2521052360534668,0.01519820000976324,0.02930106595158577,-0.1494862288236618,0.4956183135509491,0.032807111740112305,0.03720467537641525,9,0.3,,,,,,,,,,,,,,,,,,,,,,,,,,,,,,,,,,,,,,,,,,,,,,,,,,,,,,,,,,,,,,,,,,,,,,,,,,,,,,,,,,,,,,,,,,,,,,,,,,,,,,,,,,,,,,,,,,,,,,,,,,,,,,,,,,,,,,,,,,,,,,,,,,,,,,,,,,,,,,,,,,,,,,,,
-0.06137406826019287,-0.5982211828231812,-0.27652472257614136,0.9992979764938354,-0.04707795009016991,-0.6380607485771179,-0.2730695605278015,0.9988889694213867,-0.047545626759529114,-0.6377319097518921,-0.2749325931072235,0.9989856481552124,-0.04705607146024704,-0.6378806829452515,-0.2729405462741852,0.9989198446273804,-0.08176868408918381,-0.6378551125526428,-0.27003830671310425,0.9987453818321228,-0.07964301854372025,-0.6386271715164185,-0.2701907455921173,0.9988059997558594,-0.08026446402072906,-0.6376788020133972,-0.2662551701068878,0.9986691474914551,0.04496694728732109,-0.6391804814338684,-0.19375352561473846,0.9990516304969788,-0.09831864386796951,-0.6349105834960938,-0.15497155487537384,0.9985817074775696,-0.027462543919682503,-0.5758026838302612,-0.2530968189239502,0.9996276497840881,-0.06901539117097855,-0.5725081562995911,-0.24181754887104034,0.9994916319847107,0.16529391705989838,-0.46071094274520874,-0.13295401632785797,0.9993240237236023,-0.15821249783039093,-0.4568609595298767,-0.08263734728097916,0.9989470839500427,0.24947576224803925,-0.23810487985610962,-0.13085278868675232,0.9290390014648438,-0.22909507155418396,-0.2510351538658142,-0.06599341332912445,0.8146952390670776,0.21906143426895142,-0.058122143149375916,-0.2373853474855423,0.5777190327644348,-0.3140800893306732,-0.1250290870666504,-0.2054433822631836,0.5100315809249878,0.21564511954784393,-0.003999895881861448,-0.2705787122249603,0.514713704586029,-0.3441859185695648,-0.08228184282779694,-0.2354520559310913,0.4655829071998596,0.18617220222949982,-0.014421036466956139,-0.3095358908176422,0.5784183740615845,-0.35011520981788635,-0.08541407436132431,-0.269383043050766,0.5312239527702332,0.19900846481323242,-0.04959952458739281,-0.25984615087509155,0.5478382110595703,-0.31455495953559875,-0.1109304204583168,-0.22525998950004578,0.5118795037269592,0.10346095263957977,-0.007343198172748089,-0.01346821803599596,0.2135176956653595,-0.10356935113668442,-0.0020442339591681957,0.015428082086145878,0.1860627681016922,0.08352554589509964,0.0026487766299396753,-0.03051062300801277,0.09307166188955307,-0.11243121325969696,0.13814546167850494,-0.05049247667193413,0.09504272043704987,0.09353936463594437,0.2519674599170685,0.19357605278491974,0.023385372012853622,-0.11628526449203491,0.4370429217815399,0.1735973358154297,0.034602195024490356,0.09058039635419846,0.26674363017082214,0.21452203392982483,0.012494036927819252,-0.11361860483884811,0.45419180393218994,0.20185735821723938,0.022354356944561005,0.12029237300157547,0.2605539858341217,0.03063596971333027,0.029132097959518433,-0.15860234200954437,0.49494388699531555,0.03618490323424339,0.037799589335918427,10,0.333,,,,,,,,,,,,,,,,,,,,,,,,,,,,,,,,,,,,,,,,,,,,,,,,,,,,,,,,,,,,,,,,,,,,,,,,,,,,,,,,,,,,,,,,,,,,,,,,,,,,,,,,,,,,,,,,,,,,,,,,,,,,,,,,,,,,,,,,,,,,,,,,,,,,,,,,,,,,,,,,,,,,,,,,
-0.06011566147208214,-0.5988467931747437,-0.273556113243103,0.9992890954017639,-0.04609357938170433,-0.6387426853179932,-0.26961132884025574,0.9988887310028076,-0.046584002673625946,-0.6384260058403015,-0.2715568542480469,0.9989770650863647,-0.04607829451560974,-0.6385852694511414,-0.26948273181915283,0.9989229440689087,-0.08090584725141525,-0.6383938193321228,-0.2656623423099518,0.9987490177154541,-0.0787757858633995,-0.6391845941543579,-0.2657923400402069,0.9988035559654236,-0.07938618212938309,-0.6382408738136292,-0.2618316113948822,0.9986776113510132,0.045996878296136856,-0.6397327184677124,-0.1878596842288971,0.9990429282188416,-0.0976090282201767,-0.6350523233413696,-0.1474812775850296,0.998571515083313,-0.02616700530052185,-0.5764095783233643,-0.25011271238327026,0.9996095299720764,-0.06790152192115784,-0.5729913115501404,-0.23795463144779205,0.9994649887084961,0.1668793112039566,-0.4613446295261383,-0.12832404673099518,0.9992769360542297,-0.1558491736650467,-0.4567427337169647,-0.06653518229722977,0.9988191723823547,0.24868275225162506,-0.23799635469913483,-0.12914498150348663,0.9323812127113342,-0.2070065587759018,-0.25079146027565,-0.06409601122140884,0.8133329153060913,0.21789634227752686,-0.06405158340930939,-0.24010397493839264,0.6093843579292297,-0.3116280734539032,-0.15201319754123688,-0.23340916633605957,0.5341538786888123,0.21346670389175415,-0.01355678029358387,-0.27183693647384644,0.5485273599624634,-0.33967986702919006,-0.12889695167541504,-0.27740800380706787,0.4918201267719269,0.18523052334785461,-0.030532455071806908,-0.3118727505207062,0.6086510419845581,-0.3470372259616852,-0.14615090191364288,-0.3056877851486206,0.5560061931610107,0.1986854076385498,-0.058663368225097656,-0.2625059187412262,0.5793181657791138,-0.31079789996147156,-0.14609499275684357,-0.25317633152008057,0.5368657112121582,0.10336156189441681,-0.007505463436245918,-0.013511394150555134,0.23478251695632935,-0.10347750037908554,-0.0019347352208569646,0.015478026121854782,0.20138579607009888,0.09290678054094315,0.004320563282817602,-0.03596680611371994,0.09857623279094696,-0.11114147305488586,0.136802077293396,-0.057550717145204544,0.09761734306812286,0.10050230473279953,0.2561330497264862,0.17209073901176453,0.024393677711486816,-0.09863334894180298,0.4167887568473816,0.16055145859718323,0.034506961703300476,0.09782400727272034,0.2714574933052063,0.19019083678722382,0.013242315500974655,-0.09097935259342194,0.4303320348262787,0.1860225349664688,0.022954916581511497,0.1367509514093399,0.2630288302898407,0.011215515434741974,0.03052455559372902,-0.11534788459539413,0.4778323173522949,0.027875790372490883,0.03839173913002014,11,0.367,,,,,,,,,,,,,,,,,,,,,,,,,,,,,,,,,,,,,,,,,,,,,,,,,,,,,,,,,,,,,,,,,,,,,,,,,,,,,,,,,,,,,,,,,,,,,,,,,,,,,,,,,,,,,,,,,,,,,,,,,,,,,,,,,,,,,,,,,,,,,,,,,,,,,,,,,,,,,,,,,,,,,,,,
-0.056138765066862106,-0.5954113602638245,-0.2623983919620514,0.9993218183517456,-0.04329352825880051,-0.6362280249595642,-0.2582469880580902,0.9989526271820068,-0.04385789483785629,-0.6359010338783264,-0.2603176534175873,0.9990338683128357,-0.04335229471325874,-0.6360418200492859,-0.2581751048564911,0.9989845752716064,-0.07808361947536469,-0.6352205872535706,-0.2540276348590851,0.998813807964325,-0.07597000896930695,-0.6359996795654297,-0.25406405329704285,0.9988600611686707,-0.07654058933258057,-0.6350215673446655,-0.24998880922794342,0.9987422823905945,0.04713235795497894,-0.6390810608863831,-0.17763279378414154,0.9990975260734558,-0.0960230752825737,-0.6323199272155762,-0.1349533349275589,0.9986448884010315,-0.02243960089981556,-0.5740835666656494,-0.23972991108894348,0.9996253252029419,-0.06409413367509842,-0.5700377225875854,-0.2264973372220993,0.9994813203811646,0.17064346373081207,-0.46087369322776794,-0.12171708792448044,0.9992926120758057,-0.15300466120243073,-0.4512057304382324,-0.0531446598470211,0.9987665414810181,0.25373759865760803,-0.240280881524086,-0.1299462467432022,0.9348388314247131,-0.20714010298252106,-0.24656236171722412,-0.0601457878947258,0.8151760697364807,0.20814020931720734,-0.10853719711303711,-0.2717760503292084,0.6362593770027161,-0.31551381945610046,-0.16925863921642303,-0.24206796288490295,0.5585405826568604,0.19248461723327637,-0.06926897168159485,-0.3050042688846588,0.5759420394897461,-0.3482556939125061,-0.15502046048641205,-0.28362545371055603,0.5175846219062805,0.1668388545513153,-0.09320887923240662,-0.3348935842514038,0.633742094039917,-0.35809779167175293,-0.17204342782497406,-0.3087720274925232,0.5816238522529602,0.18805184960365295,-0.10853253304958344,-0.2905372381210327,0.6048474311828613,-0.31748121976852417,-0.1655314415693283,-0.26054883003234863,0.5619921684265137,0.10339904576539993,-0.0076613035053014755,-0.013796203769743443,0.2339896261692047,-0.10345485061407089,-0.0018183966167271137,0.01584508642554283,0.198026642203331,0.09380470216274261,-0.023062583059072495,-0.07052662968635559,0.0969933569431305,-0.12217819690704346,0.08100822567939758,-0.07023409754037857,0.09513033926486969,0.10405929386615753,0.2436198741197586,0.14657199382781982,0.02465245872735977,-0.09770085662603378,0.4040098190307617,0.1421196162700653,0.033931709825992584,0.10117588192224503,0.258263498544693,0.16545520722866058,0.013846023939549923,-0.08790847659111023,0.4161456227302551,0.17037130892276764,0.023232387378811836,0.13704240322113037,0.22744207084178925,-0.05199960246682167,0.030990807339549065,-0.11079919338226318,0.4544450044631958,-0.0031178491190075874,0.03819411247968674,12,0.4,0.3721471428871155,0.9308423399925232,1.289445492602681e-07,,0.347944974899292,0.8854151368141174,-0.026859907433390617,,0.3190619647502899,0.8701735734939575,-0.042017173022031784,,0.29464003443717957,0.8635817766189575,-0.054106079041957855,,0.27085402607917786,0.8491961359977722,-0.06640129536390305,,0.3064460754394531,0.9616034030914307,-0.02819494903087616,,0.2862454652786255,0.992832601070404,-0.04367670789361,,0.2738548517227173,1.0132341384887695,-0.056728146970272064,,0.26367855072021484,1.0320945978164673,-0.06625387072563171,,0.3185965418815613,1.0009263753890991,-0.023559069260954857,,0.2981889545917511,1.0363821983337402,-0.03793271631002426,,0.2852715253829956,1.060306191444397,-0.049485720694065094,,0.2744155824184418,1.081921100616455,-0.05869260057806969,,0.3326226770877838,1.0270057916641235,-0.021263903006911278,,0.31350815296173096,1.0653669834136963,-0.03581782057881355,,0.3023088276386261,1.0898232460021973,-0.041994139552116394,,0.29120683670043945,1.1078271865844727,-0.04631497710943222,,0.3465597331523895,1.0447156429290771,-0.021158995106816292,,0.3332153856754303,1.0799593925476074,-0.03296105936169624,,0.32300713658332825,1.1007604598999023,-0.036336615681648254,,0.3137860894203186,1.1154955625534058,-0.03865741565823555,,,,,,,,,,,,,,,,,,,,,,,,,,,,,,,,,,,,,,,,,,,,,,,,,,,,,,,,,,,,,,,,,,,,,,,,,,,,,,,,,,,,,
-0.05294372886419296,-0.5953865647315979,-0.21042516827583313,0.9993832111358643,-0.03964364528656006,-0.6362069845199585,-0.2037644386291504,0.9990489482879639,-0.040283218026161194,-0.6358751654624939,-0.20567625761032104,0.999122142791748,-0.039862729609012604,-0.6360082626342773,-0.20329922437667847,0.9990770816802979,-0.07464299350976944,-0.6352439522743225,-0.2006908655166626,0.9989213347434998,-0.07251172512769699,-0.636002242565155,-0.20136652886867523,0.9989613890647888,-0.07314057648181915,-0.6350201964378357,-0.19714109599590302,0.9988527894020081,0.04841829463839531,-0.6389248967170715,-0.12124665081501007,0.9991804957389832,-0.09549125283956528,-0.6323184967041016,-0.08293060213327408,0.9987696409225464,-0.019656827673316002,-0.5738750696182251,-0.18712647259235382,0.9996582269668579,-0.06200405955314636,-0.5699335932731628,-0.1747475266456604,0.9995265603065491,0.17282409965991974,-0.46058517694473267,-0.07619872689247131,0.9993210434913635,-0.15194039046764374,-0.4510294198989868,-0.01200571283698082,0.9987931847572327,0.25725218653678894,-0.25181400775909424,-0.13950060307979584,0.9404733180999756,-0.2076461762189865,-0.2577510178089142,-0.06645891070365906,0.8313707113265991,0.23926714062690735,-0.19191360473632812,-0.34330806136131287,0.6717411875724792,-0.304745078086853,-0.20191915333271027,-0.2993267774581909,0.6006340384483337,0.2308811992406845,-0.16910420358181,-0.3900732696056366,0.6153286695480347,-0.33705806732177734,-0.18547536432743073,-0.35187503695487976,0.5601421594619751,0.2212999016046524,-0.19168685376644135,-0.4067354202270508,0.6678093671798706,-0.3330647945404053,-0.20362362265586853,-0.36344364285469055,0.6190556287765503,0.22804023325443268,-0.1956688016653061,-0.3587791621685028,0.6417450904846191,-0.30172988772392273,-0.1992664486169815,-0.31525230407714844,0.6016694903373718,0.10521271079778671,-0.0076768118888139725,-0.013817244209349155,0.27318790555000305,-0.10461066663265228,-0.0013508109841495752,0.015833716839551926,0.23198480904102325,0.11439616978168488,-0.051313966512680054,-0.10568725317716599,0.08903826028108597,-0.12336332350969315,0.009036858566105366,-0.08565070480108261,0.08713343739509583,0.1409190446138382,0.24100303649902344,0.11850810796022415,0.02304721251130104,-0.06676766276359558,0.39652279019355774,0.13303452730178833,0.03127089887857437,0.14220213890075684,0.25496605038642883,0.13337171077728271,0.013269972987473011,-0.049283500760793686,0.412007212638855,0.16070817410945892,0.021882876753807068,0.15678009390830994,0.22054623067378998,-0.09314218163490295,0.028820134699344635,-0.058764584362506866,0.44602903723716736,-0.03465587645769119,0.03521566838026047,13,0.433,0.3537435531616211,0.8584738373756409,1.0186805354805983e-07,,0.32448312640190125,0.8506067991256714,-0.014702428132295609,,0.289900541305542,0.879383385181427,-0.02124752104282379,,0.27079710364341736,0.921302318572998,-0.02567673660814762,,0.25793275237083435,0.9571197032928467,-0.03108043782413006,,0.2904982566833496,0.9262184500694275,-0.02620299533009529,,0.26997068524360657,0.9757610559463501,-0.038755226880311966,,0.26051536202430725,1.0093578100204468,-0.04663340747356415,,0.2534049153327942,1.0375518798828125,-0.05230037868022919,,0.30846041440963745,0.9556869864463806,-0.0249953530728817,,0.29249194264411926,1.006006121635437,-0.03574768826365471,,0.2846246659755707,1.038450837135315,-0.04278004169464111,,0.27820947766304016,1.0666899681091309,-0.0488661527633667,,0.32946547865867615,0.9729747176170349,-0.024466292932629585,,0.3180283308029175,1.0267988443374634,-0.035156067460775375,,0.31308621168136597,1.0572541952133179,-0.039644356817007065,,0.3080230951309204,1.0818591117858887,-0.04323133826255798,,0.3514195680618286,0.9829054474830627,-0.024713637307286263,,0.34462684392929077,1.0319750308990479,-0.03525533154606819,,0.34014055132865906,1.0601650476455688,-0.0390913225710392,,0.33578193187713623,1.0816279649734497,-0.041483260691165924,,,,,,,,,,,,,,,,,,,,,,,,,,,,,,,,,,,,,,,,,,,,,,,,,,,,,,,,,,,,,,,,,,,,,,,,,,,,,,,,,,,,,
-0.06321430951356888,-0.5958595871925354,-0.1748473197221756,0.9994375109672546,-0.049634646624326706,-0.6369989514350891,-0.16692408919334412,0.9991328716278076,-0.05029679834842682,-0.6366685628890991,-0.16878235340118408,0.9991984367370605,-0.04998051002621651,-0.6367716193199158,-0.1664304882287979,0.999157726764679,-0.08563955128192902,-0.635811984539032,-0.16372384130954742,0.9990159869194031,-0.08350259810686111,-0.6365005373954773,-0.16448962688446045,0.9990500211715698,-0.08416621387004852,-0.6354981660842896,-0.16027674078941345,0.9989498853683472,0.03825162723660469,-0.6398566365242004,-0.0795661211013794,0.99925297498703,-0.11178936064243317,-0.6325046420097351,-0.04099506139755249,0.9988780617713928,-0.029179207980632782,-0.5741918087005615,-0.14979930222034454,0.9996858835220337,-0.07340790331363678,-0.570147693157196,-0.13729096949100494,0.999565064907074,0.16496169567108154,-0.46691256761550903,-0.03632752224802971,0.9993619918823242,-0.16618718206882477,-0.4510946273803711,0.027760742232203484,0.9988536834716797,0.25379177927970886,-0.26619768142700195,-0.1267836093902588,0.9458932280540466,-0.2413351833820343,-0.2722588777542114,-0.06068316474556923,0.8468944430351257,0.2139156460762024,-0.1831577718257904,-0.32813653349876404,0.703985869884491,-0.3124094009399414,-0.2520006000995636,-0.29276803135871887,0.6394256353378296,0.19567066431045532,-0.15621015429496765,-0.37559232115745544,0.6516432762145996,-0.33986225724220276,-0.24941116571426392,-0.34448808431625366,0.6005319356918335,0.1805793046951294,-0.17642569541931152,-0.3915295898914337,0.6990848779678345,-0.3350827693939209,-0.2748051583766937,-0.35347867012023926,0.6540439128875732,0.2004910260438919,-0.18530972301959991,-0.34307512640953064,0.6755602955818176,-0.30778101086616516,-0.25503262877464294,-0.3072456121444702,0.6384758353233337,0.1070609986782074,-0.007995340041816235,-0.013189597986638546,0.32810208201408386,-0.10612829029560089,-0.0002044206776190549,0.014870612882077694,0.2878461182117462,0.1230851262807846,-0.06296731531620026,-0.11267902702093124,0.08192127197980881,-0.12276244163513184,0.01015261746942997,-0.10542574524879456,0.08010946959257126,0.14507341384887695,0.23569107055664062,0.10153868794441223,0.021483376622200012,-0.06782986968755722,0.4001702666282654,0.09552907198667526,0.02903135120868683,0.14695321023464203,0.25003817677497864,0.11497415602207184,0.012708432972431183,-0.05211848393082619,0.4150939881801605,0.11892197281122208,0.020715175196528435,0.16388189792633057,0.22136060893535614,-0.09888900816440582,0.026880141347646713,-0.05513912811875343,0.4494442939758301,-0.0823126882314682,0.03276177868247032,14,0.467,0.33908408880233765,0.7514837980270386,-3.424159089604473e-08,,0.331990122795105,0.8106605410575867,-0.01755865477025509,,0.3072082996368408,0.8577775955200195,-0.028007250279188156,,0.28485730290412903,0.8866296410560608,-0.03569122031331062,,0.2690698206424713,0.9124362468719482,-0.04365866631269455,,0.2905508279800415,0.8333625197410583,-0.03006671369075775,,0.2775101959705353,0.8721034526824951,-0.04787681996822357,,0.273687481880188,0.9005007743835449,-0.06149900332093239,,0.27121615409851074,0.9309470653533936,-0.07067971676588058,,0.28661856055259705,0.801548957824707,-0.029764791950583458,,0.2686797082424164,0.8343526721000671,-0.04527224600315094,,0.26054391264915466,0.8598286509513855,-0.05601063743233681,,0.25502917170524597,0.8880065083503723,-0.06447427719831467,,0.2877446711063385,0.7650995850563049,-0.030632080510258675,,0.26799890398979187,0.7897776961326599,-0.0457819439470768,,0.2578880786895752,0.8108078837394714,-0.05154181644320488,,0.24950449168682098,0.8341736197471619,-0.055492330342531204,,0.29256150126457214,0.7277530431747437,-0.0326165035367012,,0.27498137950897217,0.7419945001602173,-0.045306067913770676,,0.26488029956817627,0.7550730109214783,-0.04840835556387901,,0.25659605860710144,0.7686089277267456,-0.05042122304439545,,,,,,,,,,,,,,,,,,,,,,,,,,,,,,,,,,,,,,,,,,,,,,,,,,,,,,,,,,,,,,,,,,,,,,,,,,,,,,,,,,,,,
-0.07103098928928375,-0.5971502065658569,-0.17884795367717743,0.9994826316833496,-0.05638481676578522,-0.6387214064598083,-0.17389538884162903,0.999200701713562,-0.05701663717627525,-0.6383856534957886,-0.17559774219989777,0.9992583990097046,-0.056768998503685,-0.6384859681129456,-0.1732816845178604,0.9992222785949707,-0.09186965972185135,-0.6374892592430115,-0.16931001842021942,0.9990929961204529,-0.08973253518342972,-0.6380809545516968,-0.17029908299446106,0.9991210103034973,-0.09041386842727661,-0.6370559334754944,-0.16618187725543976,0.9990293979644775,0.03511591628193855,-0.6434558033943176,-0.0914125069975853,0.9993066191673279,-0.11290093511343002,-0.6353991627693176,-0.04599428549408913,0.9989661574363708,-0.03478298708796501,-0.5755373239517212,-0.1549314707517624,0.9997010827064514,-0.07861263304948807,-0.5714417695999146,-0.14050473272800446,0.9995900392532349,0.16171598434448242,-0.47666481137275696,-0.043997835367918015,0.9993753433227539,-0.16549897193908691,-0.45658621191978455,0.025434011593461037,0.9988949298858643,0.24735791981220245,-0.28903624415397644,-0.15472738444805145,0.9510636329650879,-0.25216540694236755,-0.2952888309955597,-0.06472250074148178,0.8611459732055664,0.2135363072156906,-0.26667317748069763,-0.37655648589134216,0.7333925366401672,-0.3345407247543335,-0.31806430220603943,-0.3082132041454315,0.674725353717804,0.1967623084783554,-0.2621970474720001,-0.4331468939781189,0.6854541301727295,-0.36211928725242615,-0.3286147117614746,-0.36317113041877747,0.6375340223312378,0.18627119064331055,-0.28560182452201843,-0.4403776228427887,0.7282420992851257,-0.36171555519104004,-0.35951489210128784,-0.3669707179069519,0.6860549449920654,0.20090779662132263,-0.27503690123558044,-0.3899117410182953,0.7070018649101257,-0.3313906788825989,-0.3266529142856598,-0.32156968116760254,0.6721457242965698,0.10713139921426773,-0.00788846705108881,-0.012426131404936314,0.3721688389778137,-0.10633454471826553,-0.00017604106687940657,0.013614155352115631,0.3321436047554016,0.12073512375354767,-0.05750825256109238,-0.10397116839885712,0.07436258345842361,-0.12467427551746368,0.026363512501120567,-0.0906040295958519,0.07299745082855225,0.14152482151985168,0.2393134981393814,0.10793879628181458,0.01965685747563839,-0.07739150524139404,0.4116363823413849,0.10719559341669083,0.02655947208404541,0.14322593808174133,0.2516084909439087,0.12005124986171722,0.011804777197539806,-0.06108229607343674,0.431864470243454,0.13530072569847107,0.019201625138521194,0.16077472269535065,0.23508860170841217,-0.06501603871583939,0.024644820019602776,-0.06777109205722809,0.47120383381843567,-0.05370546877384186,0.030087053775787354,15,0.5,0.29593098163604736,0.6608685255050659,-3.8747495523239195e-07,,0.3037101626396179,0.6083186268806458,-0.02211919054389,,0.29998934268951416,0.5768762230873108,-0.03698165342211723,,0.2831425368785858,0.5549540519714355,-0.04713357612490654,,0.266547292470932,0.5265406370162964,-0.05876908078789711,,0.3133678436279297,0.6436939835548401,-0.05898900330066681,,0.3168269097805023,0.6818414330482483,-0.08324393630027771,,0.32538315653800964,0.7208734154701233,-0.09885356575250626,,0.3284696936607361,0.7626845836639404,-0.10714670270681381,,0.3114217519760132,0.687713086605072,-0.056242916733026505,,0.3134268820285797,0.734351396560669,-0.0784662738442421,,0.31735047698020935,0.7789883017539978,-0.09199666976928711,,0.3199675381183624,0.8190455436706543,-0.10347229987382889,,0.3051431179046631,0.7162572741508484,-0.05233835056424141,,0.3001558482646942,0.7562937140464783,-0.07516615837812424,,0.29444360733032227,0.7950567007064819,-0.08256788551807404,,0.28938645124435425,0.8325795531272888,-0.08775552362203598,,0.29639604687690735,0.7359418272972107,-0.04882405325770378,,0.29263657331466675,0.7672716975212097,-0.0669659972190857,,0.2894457280635834,0.8006107211112976,-0.06832356750965118,,0.28424376249313354,0.8323848247528076,-0.06937883794307709,,,,,,,,,,,,,,,,,,,,,,,,,,,,,,,,,,,,,,,,,,,,,,,,,,,,,,,,,,,,,,,,,,,,,,,,,,,,,,,,,,,,,
-0.07716304808855057,-0.5975064635276794,-0.1829003542661667,0.9995288848876953,-0.061329543590545654,-0.6391769647598267,-0.17942427098751068,0.9992693662643433,-0.061973076313734055,-0.6388275027275085,-0.18096525967121124,0.9993202686309814,-0.06180717423558235,-0.6389150619506836,-0.17856502532958984,0.9992876648902893,-0.096184141933918,-0.6382981538772583,-0.17380182445049286,0.9991728067398071,-0.09406718611717224,-0.6388025879859924,-0.1750660091638565,0.9991973042488098,-0.09478901326656342,-0.6377506852149963,-0.1709892302751541,0.999114453792572,0.03299739584326744,-0.6441104412078857,-0.10175380110740662,0.999363899230957,-0.11256381124258041,-0.6381155252456665,-0.052418895065784454,0.9990589618682861,-0.03948771953582764,-0.5756157636642456,-0.16092948615550995,0.9997244477272034,-0.08256059139966965,-0.5719094276428223,-0.14515900611877441,0.999624490737915,0.16178463399410248,-0.47506359219551086,-0.05220106989145279,0.9993942975997925,-0.1642361283302307,-0.4634426534175873,0.01931747980415821,0.9989780187606812,0.23804885149002075,-0.29226407408714294,-0.1735410839319229,0.9558903574943542,-0.25192928314208984,-0.31349340081214905,-0.07758774608373642,0.8748144507408142,0.2214018702507019,-0.3668796718120575,-0.38127946853637695,0.7600162625312805,-0.33924129605293274,-0.38197362422943115,-0.3228042721748352,0.707143247127533,0.20891840755939484,-0.3876414895057678,-0.43449535965919495,0.7165518403053284,-0.366495281457901,-0.40076446533203125,-0.37839648127555847,0.6729808449745178,0.21792888641357422,-0.4204401969909668,-0.43957579135894775,0.7550786137580872,-0.36665377020835876,-0.43349164724349976,-0.37916088104248047,0.7166964411735535,0.2170478254556656,-0.3857412040233612,-0.39292585849761963,0.7359548211097717,-0.33580806851387024,-0.3943423926830292,-0.33524930477142334,0.7042425274848938,0.10840576887130737,-0.006257407367229462,-0.012397097423672676,0.41250887513160706,-0.10779616981744766,-0.0006080452003516257,0.013344197534024715,0.3779539167881012,0.11857888102531433,-0.051121894270181656,-0.09691179543733597,0.06754614412784576,-0.14560829102993011,0.03762667998671532,-0.08349549770355225,0.06685172021389008,0.12632258236408234,0.23515857756137848,0.1372450292110443,0.01796756498515606,-0.10608012974262238,0.423174649477005,0.14604640007019043,0.02433914691209793,0.12682977318763733,0.2444411814212799,0.14720574021339417,0.010883952490985394,-0.09155452996492386,0.4473251700401306,0.17005035281181335,0.01770796999335289,0.13602057099342346,0.23286017775535583,-0.031608954071998596,0.022492902353405952,-0.09224575757980347,0.48720020055770874,-0.04072512313723564,0.02753354236483574,16,0.533,0.287932813167572,0.5367497205734253,-4.854603048443096e-07,,0.30124810338020325,0.5002912282943726,-0.025228070095181465,,0.3024592399597168,0.4773881137371063,-0.04072278365492821,,0.2839890420436859,0.45526373386383057,-0.0511678084731102,,0.2683136463165283,0.42088940739631653,-0.062460873275995255,,0.32932353019714355,0.5511661171913147,-0.05835842713713646,,0.34185105562210083,0.6081926822662354,-0.08246791362762451,,0.3456074297428131,0.6539881229400635,-0.09829869121313095,,0.34543660283088684,0.6933375597000122,-0.10643026232719421,,0.3161335587501526,0.5837779641151428,-0.0531652607023716,,0.3217173218727112,0.6390688419342041,-0.07553637027740479,,0.32462289929389954,0.6817388534545898,-0.08852536231279373,,0.32781273126602173,0.7147526144981384,-0.0993785634636879,,0.2968403995037079,0.5964307188987732,-0.04743942245841026,,0.2951315939426422,0.6391331553459167,-0.07108494639396667,,0.29098647832870483,0.6710265874862671,-0.08096376061439514,,0.28724461793899536,0.7026186585426331,-0.08702338486909866,,0.2751520574092865,0.5979973673820496,-0.042243145406246185,,0.26871466636657715,0.6216873526573181,-0.05917028337717056,,0.2617870569229126,0.6461389064788818,-0.06266065686941147,,0.2520275115966797,0.6713481545448303,-0.06567113101482391,,,,,,,,,,,,,,,,,,,,,,,,,,,,,,,,,,,,,,,,,,,,,,,,,,,,,,,,,,,,,,,,,,,,,,,,,,,,,,,,,,,,,
-0.07714850455522537,-0.5999706387519836,-0.18268844485282898,0.9995711445808411,-0.061418600380420685,-0.6413233280181885,-0.17802506685256958,0.9993318915367126,-0.0620550811290741,-0.6409652829170227,-0.17949765920639038,0.9993765950202942,-0.06189010664820671,-0.6410476565361023,-0.1771056354045868,0.9993470907211304,-0.0961112305521965,-0.6403970718383789,-0.17421036958694458,0.9992455840110779,-0.09398963302373886,-0.6408069133758545,-0.17554044723510742,0.999267041683197,-0.09471490979194641,-0.639727771282196,-0.17148415744304657,0.99919193983078,0.027561789378523827,-0.6452783346176147,-0.09715066105127335,0.999417781829834,-0.11526017636060715,-0.638708233833313,-0.05637094005942345,0.9991444945335388,-0.04160425066947937,-0.5771589875221252,-0.1598265916109085,0.9997472167015076,-0.0842660665512085,-0.5734783411026001,-0.1465134173631668,0.9996574521064758,0.15534166991710663,-0.4763856530189514,-0.0435355044901371,0.999424159526825,-0.1663205325603485,-0.4650890529155731,0.012920066714286804,0.9990546107292175,0.23913456499576569,-0.32673466205596924,-0.17049989104270935,0.9602472186088562,-0.2562653124332428,-0.3265380263328552,-0.0953148752450943,0.8871814012527466,0.23766741156578064,-0.4161013662815094,-0.3734728991985321,0.7839773893356323,-0.335636705160141,-0.41954344511032104,-0.3345036506652832,0.7363476157188416,0.22637274861335754,-0.44112443923950195,-0.42705199122428894,0.7445307374000549,-0.36172226071357727,-0.44598349928855896,-0.3924561142921448,0.7050816416740417,0.23580537736415863,-0.4729984998703003,-0.431538462638855,0.7792158722877502,-0.36262357234954834,-0.4817590117454529,-0.39006465673446655,0.7444337606430054,0.23416553437709808,-0.4350062310695648,-0.3851785361766815,0.7619946002960205,-0.33225634694099426,-0.4344720244407654,-0.34544140100479126,0.7332335114479065,0.10881465673446655,-0.0053746080957353115,-0.012215818278491497,0.456616073846817,-0.10836481302976608,-0.0008388215210288763,0.012869466096162796,0.4257473647594452,0.11843583732843399,-0.04069551080465317,-0.09175898879766464,0.06201127916574478,-0.14499619603157043,0.04492131993174553,-0.07251361757516861,0.062188174575567245,0.12279990315437317,0.23773731291294098,0.17118167877197266,0.01659172587096691,-0.10668977349996567,0.43798285722732544,0.17593838274478912,0.02266514115035534,0.12327530235052109,0.24538840353488922,0.18318448960781097,0.010148403234779835,-0.09315690398216248,0.46431058645248413,0.1987089067697525,0.016629867255687714,0.13396507501602173,0.24618467688560486,0.006890065036714077,0.02069995552301407,-0.09436952322721481,0.5105008482933044,-0.008033313788473606,0.025522585958242416,17,0.567,0.3300640285015106,0.4887647330760956,-3.5960536592938297e-07,,0.3154926300048828,0.4254550635814667,-0.01620272919535637,,0.29798927903175354,0.37670648097991943,-0.02946666069328785,,0.2786703407764435,0.33661216497421265,-0.04056311398744583,,0.2635731101036072,0.2912634611129761,-0.05298031494021416,,0.31053072214126587,0.4285025894641876,-0.041403789073228836,,0.28903791308403015,0.4708665609359741,-0.06312061101198196,,0.27813902497291565,0.490285187959671,-0.08000776171684265,,0.26934683322906494,0.5102594494819641,-0.09055913239717484,,0.3221440315246582,0.47784820199012756,-0.04298338666558266,,0.2990637719631195,0.5179100036621094,-0.061800818890333176,,0.2882474362850189,0.5367492437362671,-0.07402808219194412,,0.2811654508113861,0.5582246780395508,-0.08553672581911087,,0.3317275643348694,0.5126873850822449,-0.044591959565877914,,0.3129485547542572,0.5442427396774292,-0.06445501744747162,,0.3005087971687317,0.5557618737220764,-0.07069394737482071,,0.2895892262458801,0.5697979927062988,-0.07571496069431305,,0.33885374665260315,0.5380608439445496,-0.046802591532468796,,0.33296018838882446,0.5519105792045593,-0.06342075765132904,,0.32642555236816406,0.5612327456474304,-0.06623459607362747,,0.3176819682121277,0.5722392797470093,-0.06860877573490143,,0.7628679275512695,0.4615296423435211,-1.9194284561763197e-07,,0.7776510715484619,0.41923364996910095,-0.018515868112444878,,0.7968078255653381,0.3999634385108948,-0.036831799894571304,,0.8187849521636963,0.37706610560417175,-0.05335059016942978,,0.838396430015564,0.3430687487125397,-0.07183340191841125,,0.7772123217582703,0.43526631593704224,-0.05684400349855423,,0.7770217061042786,0.4809638261795044,-0.08567482978105545,,0.7767056822776794,0.5195696353912354,-0.10599115490913391,,0.7761338949203491,0.5569965243339539,-0.11760373413562775,,0.7578691244125366,0.4810997545719147,-0.060522012412548065,,0.7542438507080078,0.5410544276237488,-0.09150325506925583,,0.7598109841346741,0.598125696182251,-0.105110764503479,,0.7656862139701843,0.6509342789649963,-0.11421723663806915,,0.743682324886322,0.5182331800460815,-0.06310337781906128,,0.7397012710571289,0.5752286314964294,-0.0938066691160202,,0.739861249923706,0.6226640939712524,-0.09598380327224731,,0.7401000261306763,0.6639618873596191,-0.09455264359712601,,0.7337195873260498,0.5464064478874207,-0.06629224866628647,,0.7316093444824219,0.5980898141860962,-0.08998042345046997,,0.7320885062217712,0.6369756460189819,-0.08838080614805222,,0.7323479652404785,0.6683453321456909,-0.08478124439716339,
-0.07722657918930054,-0.6019506454467773,-0.17797257006168365,0.9996115565299988,-0.061351895332336426,-0.6428674459457397,-0.17314794659614563,0.9993932843208313,-0.06197873875498772,-0.6424903869628906,-0.17456698417663574,0.9994328618049622,-0.06181611493229866,-0.6425761580467224,-0.17214202880859375,0.9994059205055237,-0.09584075212478638,-0.6421003341674805,-0.1698295772075653,0.9993156790733337,-0.09371843189001083,-0.6424305438995361,-0.17127208411693573,0.9993345737457275,-0.09444648772478104,-0.6413182616233826,-0.16724823415279388,0.9992664456367493,0.02576296031475067,-0.6453766822814941,-0.09442657232284546,0.9994714260101318,-0.11525388807058334,-0.6388562917709351,-0.05585847049951553,0.9992260336875916,-0.04295114055275917,-0.5780329704284668,-0.1558893918991089,0.9997702836990356,-0.08510035276412964,-0.5745295286178589,-0.14329053461551666,0.9996896386146545,0.15485583245754242,-0.4760031998157501,-0.04020093008875847,0.9994584321975708,-0.16728268563747406,-0.46741795539855957,0.006921799853444099,0.9991385340690613,0.2384554147720337,-0.33252760767936707,-0.16916204988956451,0.9641867280006409,-0.264530211687088,-0.35405391454696655,-0.11065004765987396,0.8984214067459106,0.2406565397977829,-0.47879108786582947,-0.360501766204834,0.8055569529533386,-0.3330322504043579,-0.49666687846183777,-0.3265420198440552,0.7626897096633911,0.2301350235939026,-0.5220751762390137,-0.4115344285964966,0.769802451133728,-0.36063817143440247,-0.5349869728088379,-0.38157010078430176,0.7343224883079529,0.24304498732089996,-0.5567768216133118,-0.42450353503227234,0.8010189533233643,-0.3579230308532715,-0.5708928108215332,-0.3801713287830353,0.7697213888168335,0.2379423826932907,-0.5023606419563293,-0.37429240345954895,0.7855167388916016,-0.32977038621902466,-0.5137097239494324,-0.33690381050109863,0.7596443891525269,0.10930580645799637,-0.003727796021848917,-0.012173733673989773,0.4916318953037262,-0.10893892496824265,-0.0017042657127603889,0.012668462470173836,0.46705174446105957,0.12159468233585358,-0.04088899493217468,-0.08955936133861542,0.05688583105802536,-0.1458626687526703,0.03780175745487213,-0.07044055312871933,0.057832248508930206,0.12230946868658066,0.23484976589679718,0.18719884753227234,0.015197649598121643,-0.10714294761419296,0.439384788274765,0.18853266537189484,0.020943056792020798,0.12289310991764069,0.2428182065486908,0.20161564648151398,0.009351284243166447,-0.0944821685552597,0.4661463797092438,0.21243155002593994,0.015440775081515312,0.13446027040481567,0.24579133093357086,0.028201889246702194,0.018907392397522926,-0.10215732455253601,0.5084459185600281,0.00830781925469637,0.023459067568182945,18,0.6,,,,,,,,,,,,,,,,,,,,,,,,,,,,,,,,,,,,,,,,,,,,,,,,,,,,,,,,,,,,,,,,,,,,,,,,,,,,,,,,,,,,,0.763017475605011,0.3078728914260864,-1.8686270664147742e-07,,0.7825429439544678,0.2720518410205841,-0.021090062335133553,,0.8057403564453125,0.25253042578697205,-0.03809861093759537,,0.823966920375824,0.22936385869979858,-0.05316120758652687,,0.8367215991020203,0.20339784026145935,-0.06994951516389847,,0.7769608497619629,0.32628124952316284,-0.05377224087715149,,0.7711741328239441,0.37905818223953247,-0.083670973777771,,0.7675979733467102,0.41734883189201355,-0.10561735183000565,,0.7654665112495422,0.4496055245399475,-0.11775875836610794,,0.7529624104499817,0.36082085967063904,-0.05576669052243233,,0.7580066919326782,0.409095823764801,-0.08693330734968185,,0.764018714427948,0.4509488046169281,-0.10207099467515945,,0.7710298895835876,0.486952006816864,-0.11229971796274185,,0.7357165813446045,0.37511128187179565,-0.05763612687587738,,0.7358517050743103,0.41451001167297363,-0.08924422413110733,,0.7378222942352295,0.4515119791030884,-0.09520429372787476,,0.7423300743103027,0.48035895824432373,-0.09583572298288345,,0.7215659618377686,0.3737002909183502,-0.06050859019160271,,0.7151344418525696,0.40274205803871155,-0.08277297019958496,,0.7130972146987915,0.421738862991333,-0.0842331200838089,,0.714995265007019,0.43568193912506104,-0.08395671099424362,
-0.07612235099077225,-0.601895272731781,-0.17198850214481354,0.999649167060852,-0.05998820811510086,-0.6428205370903015,-0.16700540482997894,0.9994515180587769,-0.060637466609478,-0.6424381732940674,-0.16841338574886322,0.9994868636131287,-0.06052963435649872,-0.6425229907035828,-0.1659003496170044,0.999462366104126,-0.09411676228046417,-0.6420751810073853,-0.1640986055135727,0.9993814826011658,-0.09199497103691101,-0.6423981785774231,-0.16562741994857788,0.9993981719017029,-0.09275570511817932,-0.6412847638130188,-0.1615910530090332,0.9993364214897156,0.02636837400496006,-0.6452586650848389,-0.08857591450214386,0.9995223879814148,-0.11512503772974014,-0.6387954354286194,-0.051198918372392654,0.9993013739585876,-0.04254354164004326,-0.5779957175254822,-0.14991921186447144,0.999792218208313,-0.08461219817399979,-0.5744985342025757,-0.13748936355113983,0.9997195601463318,0.1552983820438385,-0.4752555191516876,-0.0378127284348011,0.9994931817054749,-0.16690237820148468,-0.4689553678035736,0.005939756985753775,0.9992136359214783,0.23567906022071838,-0.3597334027290344,-0.16973356902599335,0.9677436947822571,-0.26596599817276,-0.38152891397476196,-0.11333230137825012,0.9085518717765808,0.23796510696411133,-0.5393012762069702,-0.35379675030708313,0.8249853849411011,-0.3312562108039856,-0.5529600977897644,-0.3194880485534668,0.7864060997962952,0.2277943640947342,-0.5874391198158264,-0.4033832848072052,0.7925920486450195,-0.3578472435474396,-0.5958211421966553,-0.3717253804206848,0.7606925368309021,0.23725344240665436,-0.6179158687591553,-0.4139127731323242,0.8206822872161865,-0.3501589596271515,-0.6298907399177551,-0.37347570061683655,0.7925320267677307,0.23356297612190247,-0.5622753500938416,-0.37124696373939514,0.8067423105239868,-0.3287162184715271,-0.5700061321258545,-0.3331838548183441,0.7834770679473877,0.11047190427780151,-0.0028757471591234207,-0.01236826740205288,0.5210937261581421,-0.1098814457654953,-0.0020645689219236374,0.012727237306535244,0.5029181241989136,0.12689152359962463,-0.06745423376560211,-0.10212505608797073,0.052004627883434296,-0.15475532412528992,-0.009859975427389145,-0.0817984789609909,0.053427379578351974,0.12275396287441254,0.21203956007957458,0.18394136428833008,0.013893816620111465,-0.10899925976991653,0.4385925233364105,0.18626444041728973,0.019250182434916496,0.12347786873579025,0.21850886940956116,0.19879990816116333,0.008592714555561543,-0.09601210802793503,0.46411117911338806,0.2119883894920349,0.014276734553277493,0.1352594941854477,0.21283312141895294,0.022188881412148476,0.017223643139004707,-0.10530801862478256,0.5064569115638733,0.005495054181665182,0.021440643817186356,19,0.633,,,,,,,,,,,,,,,,,,,,,,,,,,,,,,,,,,,,,,,,,,,,,,,,,,,,,,,,,,,,,,,,,,,,,,,,,,,,,,,,,,,,,0.7661475539207458,0.23580826818943024,-1.344388351753878e-07,,0.7750642895698547,0.18880434334278107,-0.013564778491854668,,0.7916721701622009,0.16607877612113953,-0.025744693353772163,,0.8095786571502686,0.14047643542289734,-0.037234097719192505,,0.8227005004882812,0.10725422948598862,-0.0505843348801136,,0.7726649045944214,0.20680968463420868,-0.03621579706668854,,0.7738956809043884,0.2452402561903,-0.057315245270729065,,0.7777438163757324,0.27308547496795654,-0.07478611171245575,,0.7834343314170837,0.29907649755477905,-0.08665228635072708,,0.7532469034194946,0.2454809844493866,-0.04078681394457817,,0.7566699385643005,0.2805139422416687,-0.06037560850381851,,0.7589877843856812,0.3055642247200012,-0.0714607909321785,,0.7631796002388,0.3289192318916321,-0.08194911479949951,,0.7393990755081177,0.27493786811828613,-0.04547308012843132,,0.7393617033958435,0.30160263180732727,-0.06714033335447311,,0.7404365539550781,0.32062432169914246,-0.0710473582148552,,0.74442058801651,0.33689025044441223,-0.07413440942764282,,0.7285932898521423,0.2954969108104706,-0.05082779750227928,,0.7162087559700012,0.3109992444515228,-0.06871578842401505,,0.7114317417144775,0.31406351923942566,-0.07035280764102936,,0.7122053503990173,0.31825974583625793,-0.0718516930937767,
-0.07066666334867477,-0.6030896306037903,-0.16590222716331482,0.9996833801269531,-0.05425860360264778,-0.6436807513237,-0.1596633493900299,0.9995046257972717,-0.05487566068768501,-0.6432892084121704,-0.160997673869133,0.9995361566543579,-0.05481824651360512,-0.6433762311935425,-0.15854637324810028,0.9995138645172119,-0.08830659836530685,-0.6434651017189026,-0.15925002098083496,0.9994416236877441,-0.086128830909729,-0.6437398195266724,-0.1608876883983612,0.999456524848938,-0.08692633360624313,-0.6426077485084534,-0.15691441297531128,0.9994006752967834,0.026844672858715057,-0.6451686024665833,-0.07532409578561783,0.9995687007904053,-0.11474652588367462,-0.6397477984428406,-0.04943239316344261,0.9993700981140137,-0.04056774824857712,-0.5783058404922485,-0.14179770648479462,0.9998120665550232,-0.08253584802150726,-0.5753263235092163,-0.13274429738521576,0.9997468590736389,0.15119220316410065,-0.4746788442134857,-0.029687684029340744,0.9995184540748596,-0.1703757643699646,-0.4703617990016937,0.004533047787845135,0.9992807507514954,0.22889268398284912,-0.37031152844429016,-0.16861067712306976,0.9709475040435791,-0.2704848647117615,-0.3984590172767639,-0.12749920785427094,0.9176740050315857,0.22956043481826782,-0.5773429870605469,-0.3442842960357666,0.8424690365791321,-0.31049129366874695,-0.5877994894981384,-0.31769248843193054,0.807744026184082,0.21768145263195038,-0.6331968903541565,-0.3973136246204376,0.8130578398704529,-0.3149332106113434,-0.6328002214431763,-0.3700629770755768,0.7843011617660522,0.23435641825199127,-0.6609059572219849,-0.3808520436286926,0.8383272886276245,-0.30600282549858093,-0.6636321544647217,-0.35206618905067444,0.812911331653595,0.2293424755334854,-0.6009488701820374,-0.3507061302661896,0.8258075714111328,-0.30260396003723145,-0.6048029661178589,-0.32430127263069153,0.8047983646392822,0.1104709729552269,-0.002865781541913748,-0.012315118685364723,0.5531221032142639,-0.10994318872690201,-0.001980067463591695,0.012503179721534252,0.5400756001472473,0.13383418321609497,-0.05485451966524124,-0.09854132682085037,0.047591887414455414,-0.15233248472213745,-6.68781649437733e-05,-0.08235971629619598,0.04971763864159584,0.12944747507572174,0.21494844555854797,0.18278035521507263,0.012673028744757175,-0.10867179185152054,0.4458438754081726,0.18506646156311035,0.01770465262234211,0.1311301738023758,0.22353781759738922,0.19754117727279663,0.007872441783547401,-0.0958525687456131,0.4739520251750946,0.21146316826343536,0.013198791071772575,0.14579927921295166,0.23540139198303223,0.021317772567272186,0.015658441931009293,-0.10559593886137009,0.5196102261543274,0.005406735464930534,0.01958342269062996,20,0.667,0.3295632600784302,0.27504998445510864,-1.6345197195732908e-07,,0.3029989004135132,0.22131109237670898,-0.01290848944336176,,0.28254562616348267,0.15756116807460785,-0.022112475708127022,,0.26710939407348633,0.10977475345134735,-0.029840193688869476,,0.25710153579711914,0.06606487184762955,-0.03727880120277405,,0.3105927109718323,0.13187679648399353,-0.024927951395511627,,0.29288044571876526,0.1158502846956253,-0.044461172074079514,,0.2844271957874298,0.11494876444339752,-0.05821206048130989,,0.2796947658061981,0.11622270196676254,-0.06609741598367691,,0.32932645082473755,0.15176381170749664,-0.026489822193980217,,0.30961287021636963,0.1517440527677536,-0.04488928243517876,,0.30286791920661926,0.1573013812303543,-0.05343501642346382,,0.3001093864440918,0.1640777885913849,-0.058669935911893845,,0.34627944231033325,0.17818117141723633,-0.02937021292746067,,0.3304547667503357,0.18778006732463837,-0.05180196464061737,,0.3277881145477295,0.19864702224731445,-0.05776163563132286,,0.3264865279197693,0.20965975522994995,-0.05870697274804115,,0.36082276701927185,0.20727205276489258,-0.03251023590564728,,0.35920456051826477,0.21947433054447174,-0.0553719624876976,,0.36348214745521545,0.23140949010849,-0.062227267771959305,,0.3672822117805481,0.239999458193779,-0.06347731500864029,,,,,,,,,,,,,,,,,,,,,,,,,,,,,,,,,,,,,,,,,,,,,,,,,,,,,,,,,,,,,,,,,,,,,,,,,,,,,,,,,,,,,
-0.06610802561044693,-0.6017325520515442,-0.16945333778858185,0.9997143149375916,-0.05009843781590462,-0.6422541737556458,-0.1629197895526886,0.9995525479316711,-0.05070437490940094,-0.641852617263794,-0.16425183415412903,0.9995806217193604,-0.05064840614795685,-0.6419444680213928,-0.1618225872516632,0.9995603561401367,-0.08447252213954926,-0.6423337459564209,-0.16322600841522217,0.9994960427284241,-0.08225610107183456,-0.6425791382789612,-0.16477474570274353,0.9995092749595642,-0.08303695172071457,-0.6414291858673096,-0.16079828143119812,0.999458909034729,0.027191661298274994,-0.6442347168922424,-0.07489035278558731,0.9996104836463928,-0.1146787628531456,-0.6395325660705566,-0.05292002856731415,0.9994322061538696,-0.038406725972890854,-0.5769773721694946,-0.1439230591058731,0.9998300075531006,-0.08071611821651459,-0.5743719339370728,-0.13613024353981018,0.9997715353965759,0.1486179530620575,-0.4748828411102295,-0.02719254419207573,0.9995411038398743,-0.17445555329322815,-0.47054848074913025,0.002915986580774188,0.9993428587913513,0.22939063608646393,-0.39054107666015625,-0.16796059906482697,0.9738271236419678,-0.27916648983955383,-0.41161730885505676,-0.1398860067129135,0.9258865714073181,0.21110603213310242,-0.604141116142273,-0.3312762677669525,0.8581982254981995,-0.30127671360969543,-0.6142020225524902,-0.3161742687225342,0.8269464373588562,0.1918562948703766,-0.6625136733055115,-0.3838256895542145,0.8313862681388855,-0.29846155643463135,-0.6643227338790894,-0.36564376950263977,0.8055098056793213,0.20459721982479095,-0.6902058720588684,-0.35764044523239136,0.8541080951690674,-0.2919383645057678,-0.6936195492744446,-0.33576810359954834,0.8312017321586609,0.2076583355665207,-0.6278998851776123,-0.33211809396743774,0.8428624868392944,-0.2924351394176483,-0.6308149099349976,-0.31486570835113525,0.8239171504974365,0.11045138537883759,-0.003005886683240533,-0.011777011677622795,0.5731918811798096,-0.10994590073823929,-0.0017638204153627157,0.011758828535676003,0.5658890604972839,0.1326267570257187,-0.053661249577999115,-0.09715586155653,0.04356634244322777,-0.1532021164894104,0.0030798569787293673,-0.08366692811250687,0.04620017111301422,0.1292978674173355,0.21652480959892273,0.17521221935749054,0.011583863757550716,-0.1119353175163269,0.45183518528938293,0.17616154253482819,0.01628607138991356,0.13088947534561157,0.22662733495235443,0.18869780004024506,0.007223209831863642,-0.09983783960342407,0.4797925353050232,0.19931374490261078,0.012191194109618664,0.1470988690853119,0.24184289574623108,0.018001602962613106,0.014284851029515266,-0.11172496527433395,0.5275463461875916,-0.00877730455249548,0.01793680712580681,21,0.7,0.3380807042121887,0.27561140060424805,9.424832114746096e-08,,0.327974408864975,0.21903981268405914,-0.001817234791815281,,0.322450190782547,0.15558886528015137,-0.007491033058613539,,0.32190248370170593,0.10368063300848007,-0.01368707325309515,,0.3182854950428009,0.06354089826345444,-0.020652061328291893,,0.30560579895973206,0.1638687551021576,-0.0268009714782238,,0.2915702760219574,0.10464692115783691,-0.04420899599790573,,0.2818285822868347,0.05962231010198593,-0.05490074306726456,,0.27342653274536133,0.022330015897750854,-0.06198034808039665,,0.31313443183898926,0.17712248861789703,-0.03507760539650917,,0.2995067834854126,0.11791996657848358,-0.053894270211458206,,0.28985467553138733,0.06993351876735687,-0.06401921063661575,,0.28288236260414124,0.028191402554512024,-0.07102937996387482,,0.32852810621261597,0.19284188747406006,-0.04257402569055557,,0.3272387683391571,0.14325638115406036,-0.05983206257224083,,0.3291521966457367,0.10173041373491287,-0.06719917058944702,,0.3322189450263977,0.06395503133535385,-0.07147454470396042,,0.35026904940605164,0.21114027500152588,-0.049851708114147186,,0.35914549231529236,0.16477586328983307,-0.06393804401159286,,0.3645235300064087,0.1269308179616928,-0.06993284076452255,,0.3704935610294342,0.09147411584854126,-0.07388414442539215,,0.7488023638725281,0.2423834353685379,9.078635088144438e-08,,0.7062885761260986,0.216869056224823,-0.017973443493247032,,0.676878809928894,0.16730283200740814,-0.03038378618657589,,0.6547462344169617,0.13025127351284027,-0.04021235182881355,,0.6358151435852051,0.10416529327630997,-0.05040888488292694,,0.7152814269065857,0.16687171161174774,-0.042108893394470215,,0.7160285115242004,0.1177140548825264,-0.057968396693468094,,0.7254866361618042,0.08674587309360504,-0.06611315160989761,,0.7349858283996582,0.05251036584377289,-0.07128903269767761,,0.7408695816993713,0.1541900932788849,-0.03969764709472656,,0.7511946558952332,0.1079244464635849,-0.05879117548465729,,0.7635563015937805,0.0710965245962143,-0.06789157539606094,,0.77685546875,0.03647223114967346,-0.07486846297979355,,0.7597982287406921,0.13693135976791382,-0.03720894083380699,,0.7773418426513672,0.08832865953445435,-0.058676160871982574,,0.7922021150588989,0.046906646341085434,-0.06973516941070557,,0.8078315854072571,0.009175412356853485,-0.07580171525478363,,0.7709099054336548,0.11876918375492096,-0.03485853597521782,,0.7886985540390015,0.06881937384605408,-0.050102632492780685,,0.8017809987068176,0.04113928601145744,-0.05737483501434326,,0.8171307444572449,0.014702364802360535,-0.06279847770929337,
-0.06600822508335114,-0.5993123650550842,-0.1737111657857895,0.9997424483299255,-0.050115134567022324,-0.639812171459198,-0.1675456464290619,0.9995964765548706,-0.05072295293211937,-0.6394084692001343,-0.16894356906414032,0.9996215105056763,-0.050658565014600754,-0.6395101547241211,-0.16653938591480255,0.9996031522750854,-0.08452381938695908,-0.6400699615478516,-0.16682666540145874,0.999545693397522,-0.08231005072593689,-0.6402872800827026,-0.1682325303554535,0.9995574951171875,-0.08308770507574081,-0.6391260623931885,-0.1642380654811859,0.9995120763778687,0.026588259264826775,-0.6431113481521606,-0.08065357804298401,0.9996487498283386,-0.11679422110319138,-0.6389546394348145,-0.05500931292772293,0.9994885325431824,-0.03830305114388466,-0.5752220153808594,-0.14858047664165497,0.9998465180397034,-0.08063223958015442,-0.5728598237037659,-0.13986805081367493,0.9997940063476562,0.147987499833107,-0.47670039534568787,-0.03226328268647194,0.9995652437210083,-0.17846956849098206,-0.4728621542453766,-0.001196380821056664,0.9994006156921387,0.22875286638736725,-0.41066309809684753,-0.1756126433610916,0.9764077663421631,-0.28144994378089905,-0.4218670725822449,-0.15971137583255768,0.9332733750343323,0.1949700117111206,-0.6260677576065063,-0.3359310030937195,0.8723508715629578,-0.29732826352119446,-0.629500687122345,-0.32787084579467773,0.8442327380180359,0.1736716330051422,-0.6845165491104126,-0.38822779059410095,0.8478794097900391,-0.29431483149528503,-0.6828919053077698,-0.37772881984710693,0.8246958255767822,0.18208864331245422,-0.7113260626792908,-0.35949209332466125,0.8683103919029236,-0.2893017530441284,-0.7104699611663818,-0.34864839911460876,0.8477750420570374,0.18926604092121124,-0.649511992931366,-0.3359522819519043,0.858211100101471,-0.2888391613960266,-0.6456181406974792,-0.32697156071662903,0.841222882270813,0.11095023900270462,-0.0031465140637010336,-0.011533420532941818,0.5896746516227722,-0.11054380983114243,-0.0016676557715982199,0.011484312824904919,0.5883514881134033,0.13558410108089447,-0.06003304570913315,-0.09624608606100082,0.039952218532562256,-0.15534281730651855,0.015525253489613533,-0.08531377464532852,0.04301421716809273,0.13644368946552277,0.2045510858297348,0.17338986694812775,0.010607389733195305,-0.11267499625682831,0.4507608413696289,0.17241120338439941,0.015024716034531593,0.13797496259212494,0.2119264155626297,0.18706101179122925,0.006632336415350437,-0.10063298791646957,0.478052020072937,0.1952405422925949,0.011302529834210873,0.15783680975437164,0.2224908471107483,0.011629345826804638,0.013053014874458313,-0.11379214376211166,0.522259533405304,-0.021102875471115112,0.01647713966667652,22,0.734,0.34066495299339294,0.2264784276485443,2.3943451665786597e-08,,0.3327203691005707,0.14467564225196838,-0.0016343374736607075,,0.3276728391647339,0.062418606132268906,-0.008437693119049072,,0.3220844566822052,0.0024474523961544037,-0.01601935736835003,,0.3153177797794342,-0.03692547231912613,-0.024152269586920738,,0.31195658445358276,0.07684556394815445,-0.03164910525083542,,0.30082038044929504,0.012628212571144104,-0.05459317937493324,,0.29772987961769104,-0.013436295092105865,-0.06811080873012543,,0.2929195463657379,-0.03152882307767868,-0.07595335692167282,,0.3182098865509033,0.10484007745981216,-0.041846226900815964,,0.31383180618286133,0.04950626194477081,-0.06665506213903427,,0.3105311691761017,0.01879946142435074,-0.08012625575065613,,0.30669891834259033,-0.007760941982269287,-0.08904540538787842,,0.33261188864707947,0.13746953010559082,-0.05140718072652817,,0.34672245383262634,0.10118666291236877,-0.07733778655529022,,0.35811036825180054,0.07251584529876709,-0.08978843688964844,,0.3668610155582428,0.040655359625816345,-0.09649202227592468,,0.3522908389568329,0.17123925685882568,-0.060047447681427,,0.37538591027259827,0.13598066568374634,-0.08137715607881546,,0.39319878816604614,0.11714080721139908,-0.0905388742685318,,0.4089280664920807,0.09666493535041809,-0.09618528187274933,,0.7478461861610413,0.24777139723300934,3.2567291441409907e-07,,0.7468848824501038,0.16745145618915558,0.0007037864997982979,,0.7488629221916199,0.08988160640001297,-0.0013942397199571133,,0.7484071850776672,0.035244353115558624,-0.004441465251147747,,0.749078094959259,-0.0015646964311599731,-0.007714553270488977,,0.7610819935798645,0.09664814174175262,-0.009840776212513447,,0.7742999196052551,0.04299559444189072,-0.017641525715589523,,0.7837904691696167,0.007770955562591553,-0.022510714828968048,,0.7916246652603149,-0.024035245180130005,-0.025234952569007874,,0.7474718689918518,0.10756587982177734,-0.014056527055799961,,0.7584120631217957,0.06527496129274368,-0.022746440023183823,,0.7645189762115479,0.025340750813484192,-0.027947012335062027,,0.769402265548706,-0.009664356708526611,-0.03203554078936577,,0.7258808612823486,0.12102247774600983,-0.01820230484008789,,0.7151145935058594,0.07664217799901962,-0.03190488740801811,,0.701122522354126,0.04774221032857895,-0.04078539088368416,,0.6880246996879578,0.02378174662590027,-0.04507002234458923,,0.6993410587310791,0.13636696338653564,-0.021095657721161842,,0.6744646430015564,0.09064136445522308,-0.030589433386921883,,0.6536417603492737,0.06691411882638931,-0.034891605377197266,,0.6352360844612122,0.0471511110663414,-0.037508901208639145,
-0.0659630224108696,-0.5992324352264404,-0.1740914136171341,0.9997678399085999,-0.050160329788923264,-0.6396938562393188,-0.16773630678653717,0.9996360540390015,-0.050769954919815063,-0.6392914056777954,-0.16911372542381287,0.9996583461761475,-0.05070619285106659,-0.6393955945968628,-0.16671091318130493,0.9996417164802551,-0.08459164947271347,-0.6399312615394592,-0.1679220050573349,0.9995904564857483,-0.08237195760011673,-0.6401455402374268,-0.16935493052005768,0.9996010065078735,-0.08314969390630722,-0.6389817595481873,-0.16537298262119293,0.9995600581169128,0.02414111979305744,-0.6429426074028015,-0.07877019047737122,0.999683141708374,-0.11966623365879059,-0.6387036442756653,-0.05664973333477974,0.999539315700531,-0.03830469027161598,-0.5751302242279053,-0.1481008231639862,0.9998614192008972,-0.08067868649959564,-0.5727545619010925,-0.14057955145835876,0.9998142719268799,0.14438675343990326,-0.47845664620399475,-0.03316638246178627,0.9995847344398499,-0.1820259839296341,-0.47306713461875916,-0.003804092761129141,0.999453067779541,0.22640754282474518,-0.42131534218788147,-0.17722049355506897,0.9787325859069824,-0.285319983959198,-0.4232746958732605,-0.17329391837120056,0.9399268627166748,0.1839204877614975,-0.6328492760658264,-0.3361133337020874,0.8850893378257751,-0.2954985201358795,-0.624679684638977,-0.33821532130241394,0.8597925305366516,0.16235186159610748,-0.6889099478721619,-0.38798850774765015,0.8627166748046875,-0.29151690006256104,-0.6746213436126709,-0.3883706033229828,0.8419737219810486,0.1665974259376526,-0.7136648893356323,-0.3619542717933655,0.8810818791389465,-0.2858962416648865,-0.7001386284828186,-0.36112362146377563,0.8627004623413086,0.17656210064888,-0.6549103856086731,-0.33624425530433655,0.8720250725746155,-0.2868039309978485,-0.6393524408340454,-0.33768221735954285,0.8568161725997925,0.1110331118106842,-0.0033562942408025265,-0.010856308043003082,0.6103729605674744,-0.11069886386394501,-0.0014245257480069995,0.01073008868843317,0.6133739352226257,0.13431671261787415,-0.05831114947795868,-0.09217473864555359,0.03674421086907387,-0.1575256735086441,0.0208329688757658,-0.08544839173555374,0.04022800549864769,0.13590526580810547,0.20701183378696442,0.16811122000217438,0.009753492660820484,-0.11483006179332733,0.4517149329185486,0.1679629385471344,0.013909674249589443,0.13739055395126343,0.2154654711484909,0.1811043918132782,0.006112963426858187,-0.10306291282176971,0.47823917865753174,0.1898351013660431,0.010496547445654869,0.15728285908699036,0.22568365931510925,0.005290739703923464,0.011964022181928158,-0.1162102147936821,0.5243661999702454,-0.02672756090760231,0.015171733684837818,23,0.767,0.34938693046569824,0.21454322338104248,2.587765663975006e-07,,0.3604520857334137,0.13225410878658295,-0.004221929237246513,,0.3616008460521698,0.06652235239744186,-0.010898834094405174,,0.35818663239479065,0.022906437516212463,-0.018468046560883522,,0.35038527846336365,-0.009149864315986633,-0.02614450640976429,,0.3222714364528656,0.06949793547391891,-0.025196459144353867,,0.31281277537345886,0.006133921444416046,-0.042808689177036285,,0.30980658531188965,-0.03539271652698517,-0.05325530841946602,,0.3074116110801697,-0.07033238559961319,-0.05991464480757713,,0.3225819170475006,0.09464395046234131,-0.03353412076830864,,0.3150082230567932,0.032605040818452835,-0.05531160160899162,,0.3133445382118225,-0.008451588451862335,-0.06764566153287888,,0.31429019570350647,-0.04228513687849045,-0.07483959197998047,,0.3327844738960266,0.12441772222518921,-0.04133693873882294,,0.34944412112236023,0.08096562325954437,-0.06532277911901474,,0.362344354391098,0.049286387860774994,-0.0761975347995758,,0.37300801277160645,0.02271394431591034,-0.08065705746412277,,0.351234495639801,0.15417340397834778,-0.04870777949690819,,0.37543144822120667,0.11996439099311829,-0.06869247555732727,,0.3934693932533264,0.09659962356090546,-0.07617015391588211,,0.40861883759498596,0.076786108314991,-0.07947337627410889,,0.7413712739944458,0.21284833550453186,3.1191476068670454e-07,,0.7505297064781189,0.13949979841709137,0.0072113205678761005,,0.7525177597999573,0.07247500121593475,0.005389417055994272,,0.7539025545120239,0.025579549372196198,0.002295839134603739,,0.7625969052314758,-0.009403347969055176,-0.0014642011374235153,,0.760763943195343,0.06583389639854431,-0.01331811398267746,,0.7696364521980286,0.009758010506629944,-0.021576808765530586,,0.7724646329879761,-0.026801958680152893,-0.025134798139333725,,0.7738549709320068,-0.05724525451660156,-0.027622224763035774,,0.7460858225822449,0.07366301119327545,-0.02187420055270195,,0.7567195296287537,0.0224306657910347,-0.03472040966153145,,0.759110689163208,-0.018802672624588013,-0.04119862616062164,,0.7590060234069824,-0.05423082411289215,-0.04556014761328697,,0.7249492406845093,0.08943348377943039,-0.028477169573307037,,0.7122292518615723,0.03707404434680939,-0.04278157651424408,,0.6986392140388489,-0.0015495195984840393,-0.05032755061984062,,0.6854172945022583,-0.03275127708911896,-0.05442191660404205,,0.700188398361206,0.111824631690979,-0.03297848999500275,,0.6735127568244934,0.07044953107833862,-0.04464159905910492,,0.6544720530509949,0.048720695078372955,-0.048951271921396255,,0.6369442343711853,0.028359726071357727,-0.05105941370129585,
-0.06588129699230194,-0.5991269946098328,-0.17589756846427917,0.9997907280921936,-0.05019347369670868,-0.6395461559295654,-0.16972853243350983,0.9996717572212219,-0.05080249160528183,-0.6391447186470032,-0.17112886905670166,0.9996916651725769,-0.05073440074920654,-0.6392503976821899,-0.1687331646680832,0.999676525592804,-0.08462610840797424,-0.6397655606269836,-0.16933850944042206,0.9996308088302612,-0.08241011202335358,-0.6399785876274109,-0.1707000732421875,0.9996402859687805,-0.08318650722503662,-0.6388124823570251,-0.16670367121696472,0.9996033310890198,0.022790437564253807,-0.6425876617431641,-0.08094649761915207,0.999714195728302,-0.12153816223144531,-0.638210654258728,-0.05774955824017525,0.9995850920677185,-0.03828803077340126,-0.5749629139900208,-0.15010835230350494,0.9998748898506165,-0.08071772009134293,-0.5725526213645935,-0.14203454554080963,0.9998325705528259,0.14219342172145844,-0.47951409220695496,-0.035074472427368164,0.9996011257171631,-0.18444976210594177,-0.4729299545288086,-0.010671156458556652,0.9995003342628479,0.22587914764881134,-0.42783164978027344,-0.1830235868692398,0.9808242321014404,-0.2850930988788605,-0.42651471495628357,-0.187186598777771,0.9459151029586792,0.18073220551013947,-0.6392711400985718,-0.3417799174785614,0.8965525031089783,-0.2931555211544037,-0.6347867846488953,-0.35204246640205383,0.8737961053848267,0.15940901637077332,-0.6953561902046204,-0.39339911937713623,0.8760513067245483,-0.28849247097969055,-0.6868988275527954,-0.4019978642463684,0.8575218319892883,0.16144347190856934,-0.718690812587738,-0.36558106541633606,0.8925557136535645,-0.2838023900985718,-0.7116584181785583,-0.3759724497795105,0.8761297464370728,0.1724395602941513,-0.6605997681617737,-0.3420614004135132,0.8844338059425354,-0.28465431928634644,-0.6494143605232239,-0.35158830881118774,0.8708387017250061,0.11108066886663437,-0.0036785907577723265,-0.009904955513775349,0.627745509147644,-0.11081238090991974,-0.0011373143643140793,0.009734870865941048,0.6351426243782043,0.13353480398654938,-0.05616575852036476,-0.08788711577653885,0.033821627497673035,-0.1583932489156723,0.03227755054831505,-0.08603599667549133,0.03772745653986931,0.13543586432933807,0.21011437475681305,0.16531631350517273,0.0089716836810112,-0.1169179156422615,0.4550802409648895,0.16088570654392242,0.01290979515761137,0.1368604600429535,0.2189304530620575,0.17803660035133362,0.005640446208417416,-0.10546866059303284,0.48112785816192627,0.18189269304275513,0.009768467396497726,0.157257542014122,0.22645553946495056,0.0020905814599245787,0.010978094302117825,-0.11859475076198578,0.5278022289276123,-0.03463040664792061,0.014004968106746674,24,0.8,0.3496866822242737,0.20892521739006042,1.7733755441895482e-07,,0.34671300649642944,0.13699883222579956,0.000383213598979637,,0.3423674702644348,0.07139568030834198,-0.0052254414185881615,,0.33772003650665283,0.025482431054115295,-0.012358319945633411,,0.33316683769226074,-0.005782231688499451,-0.020019514486193657,,0.3207402229309082,0.07353392243385315,-0.023414913564920425,,0.31181615591049194,0.010703697800636292,-0.04054437577724457,,0.30862319469451904,-0.028519034385681152,-0.05036751180887222,,0.30582350492477417,-0.060124143958091736,-0.056632962077856064,,0.3250996768474579,0.09681340306997299,-0.033317968249320984,,0.3224005699157715,0.04243997484445572,-0.0527624785900116,,0.32395821809768677,0.009142868220806122,-0.062249138951301575,,0.3269514739513397,-0.017751120030879974,-0.06784872710704803,,0.33765968680381775,0.12105521559715271,-0.042653098702430725,,0.3490541875362396,0.07511080801486969,-0.06478752195835114,,0.36040908098220825,0.04059279337525368,-0.0755714550614357,,0.37022605538368225,0.011380314826965332,-0.08077695965766907,,0.35657718777656555,0.14461086690425873,-0.051036495715379715,,0.37893959879875183,0.10756503790616989,-0.06948915868997574,,0.3947078287601471,0.08507955819368362,-0.07730624079704285,,0.4089803695678711,0.06459376215934753,-0.08149595558643341,,0.7399487495422363,0.18633592128753662,2.101863714187857e-07,,0.7498480081558228,0.12255708873271942,0.003890859428793192,,0.7476932406425476,0.05641613155603409,0.0010957886697724462,,0.7352898716926575,0.015960142016410828,-0.001883530174382031,,0.7251371741294861,-0.008374445140361786,-0.0058727203868329525,,0.7625399827957153,0.05290090665221214,-0.018223771825432777,,0.7689167857170105,0.0018834471702575684,-0.025744985789060593,,0.76908278465271,-0.028202705085277557,-0.02868901751935482,,0.7677916288375854,-0.053235478699207306,-0.030857473611831665,,0.7473910450935364,0.06304524093866348,-0.024935156106948853,,0.754923403263092,0.013275206089019775,-0.03395487740635872,,0.7548801898956299,-0.023093916475772858,-0.03790287300944328,,0.7527129650115967,-0.05446600168943405,-0.04145003855228424,,0.7251664400100708,0.07891274988651276,-0.030034881085157394,,0.7132449150085449,0.02521057426929474,-0.04239107295870781,,0.7006140351295471,-0.008974842727184296,-0.04998767375946045,,0.6884618401527405,-0.03730291873216629,-0.054870475083589554,,0.699691116809845,0.09875164180994034,-0.03311573341488838,,0.6721338629722595,0.05826098471879959,-0.04506826028227806,,0.6530525088310242,0.037798188626766205,-0.05072662606835365,,0.6361321210861206,0.018448084592819214,-0.05433371663093567,
-0.0603637732565403,-0.6024548411369324,-0.17714962363243103,0.9998114109039307,-0.04590265452861786,-0.6423900127410889,-0.17073652148246765,0.9997040629386902,-0.046552009880542755,-0.641988217830658,-0.17216172814369202,0.999721884727478,-0.04643087089061737,-0.6421167254447937,-0.1697603017091751,0.9997081756591797,-0.08076271414756775,-0.6423079967498779,-0.17063842713832855,0.999667227268219,-0.07854312658309937,-0.6425350904464722,-0.17199036478996277,0.9996756911277771,-0.07929026335477829,-0.6413597464561462,-0.16799533367156982,0.9996423721313477,0.024451229721307755,-0.6428234577178955,-0.08013337105512619,0.999742329120636,-0.12111254036426544,-0.6381743550300598,-0.05880586430430412,0.9996262788772583,-0.033610355108976364,-0.5770362019538879,-0.15119503438472748,0.9998871088027954,-0.07665596157312393,-0.5743687748908997,-0.14322763681411743,0.9998490214347839,0.14258064329624176,-0.48041096329689026,-0.034344382584095,0.9996204972267151,-0.18368808925151825,-0.47297799587249756,-0.016743842512369156,0.9995414614677429,0.22605963051319122,-0.43187758326530457,-0.18158088624477386,0.9826947450637817,-0.28362762928009033,-0.43423527479171753,-0.18517270684242249,0.9513047933578491,0.18191151320934296,-0.6398563385009766,-0.3413363993167877,0.9068630337715149,-0.2901102304458618,-0.6448525190353394,-0.3464622497558594,0.8864004611968994,0.16118080914020538,-0.6941994428634644,-0.39264509081840515,0.8880236744880676,-0.28527218103408813,-0.6962012052536011,-0.3958148658275604,0.8715444803237915,0.16205109655857086,-0.716695249080658,-0.366676390171051,0.9028518795967102,-0.2801608443260193,-0.7205621600151062,-0.3732069134712219,0.8882506489753723,0.17293497920036316,-0.6599429845809937,-0.34213006496429443,0.8955770134925842,-0.281674325466156,-0.658663272857666,-0.3472246527671814,0.8834919929504395,0.11128468066453934,-0.0037292817141860723,-0.008701388724148273,0.6424571871757507,-0.11092032492160797,-0.0010858823079615831,0.008631983771920204,0.6525599956512451,0.13547027111053467,-0.060982607305049896,-0.09002470225095749,0.03135371580719948,-0.15850749611854553,0.019961277022957802,-0.09802353382110596,0.035758260637521744,0.13601507246494293,0.21235576272010803,0.15791429579257965,0.00834093987941742,-0.11676810681819916,0.45431458950042725,0.1480034738779068,0.01209973357617855,0.13730372488498688,0.2212357074022293,0.17154407501220703,0.0052710543386638165,-0.10491546243429184,0.48025932908058167,0.17107276618480682,0.009199353866279125,0.1607625037431717,0.22271345555782318,-0.018521789461374283,0.010144626721739769,-0.11451546102762222,0.5213828086853027,-0.05207197740674019,0.01300943735986948,25,0.834,0.34875765442848206,0.2068730890750885,1.926577226640802e-07,,0.3466814160346985,0.14030733704566956,0.0004269817436579615,,0.3450402617454529,0.07621514797210693,-0.005365023389458656,,0.3454444706439972,0.031502801924943924,-0.012609988451004028,,0.3443591892719269,0.0011322572827339172,-0.020475497469305992,,0.322011262178421,0.07574054598808289,-0.023236744105815887,,0.31477588415145874,0.014299988746643066,-0.03967529162764549,,0.31227415800094604,-0.025005072355270386,-0.04921109229326248,,0.31027844548225403,-0.056817375123500824,-0.05543546378612518,,0.32636553049087524,0.09715841710567474,-0.03333013132214546,,0.32308346033096313,0.0399615578353405,-0.05169254541397095,,0.32435980439186096,0.004247985780239105,-0.06124880537390709,,0.3271295130252838,-0.025175362825393677,-0.06722858548164368,,0.3391212224960327,0.1201411634683609,-0.04274878650903702,,0.34984472393989563,0.0722038745880127,-0.06344164162874222,,0.3619062304496765,0.03784187510609627,-0.07355374842882156,,0.37221208214759827,0.00914958119392395,-0.07870612293481827,,0.3582887351512909,0.14299660921096802,-0.051337648183107376,,0.380114883184433,0.10565747320652008,-0.0688316822052002,,0.3959977328777313,0.08311770856380463,-0.07606369256973267,,0.4103805422782898,0.06291498243808746,-0.08006872981786728,,0.741298496723175,0.18515634536743164,1.721937792353856e-07,,0.7540000677108765,0.1293397843837738,0.004885341040790081,,0.7541182041168213,0.0713498443365097,0.0031114337034523487,,0.7476876378059387,0.029277682304382324,0.0018708951538428664,,0.7429015040397644,0.006098851561546326,-0.0004288206109777093,,0.7604758739471436,0.06548181176185608,-0.022035498172044754,,0.7677802443504333,0.014213964343070984,-0.031021123751997948,,0.7696563005447388,-0.02007867395877838,-0.03421753644943237,,0.7706791162490845,-0.04616670310497284,-0.03614259511232376,,0.7446277141571045,0.0684458464384079,-0.028015414252877235,,0.7510437965393066,0.013897538185119629,-0.03791269287467003,,0.7514761686325073,-0.023982785642147064,-0.0409579835832119,,0.7505362629890442,-0.0537189245223999,-0.04332539811730385,,0.7233460545539856,0.07997915148735046,-0.031806305050849915,,0.709599494934082,0.02285432443022728,-0.04331626370549202,,0.6983292698860168,-0.01645226776599884,-0.04984051361680031,,0.6887617707252502,-0.04746464639902115,-0.05414319783449173,,0.7002730965614319,0.09870578348636627,-0.033473823219537735,,0.6713626980781555,0.06170652061700821,-0.045651327818632126,,0.6526268720626831,0.04057827964425087,-0.05172358825802803,,0.6369983553886414,0.020059172064065933,-0.05530767887830734,
-0.06002672016620636,-0.6008010506629944,-0.1776328980922699,0.9998300075531006,-0.04584990814328194,-0.6408681869506836,-0.17128214240074158,0.9997330904006958,-0.04650647193193436,-0.6404622197151184,-0.172710582613945,0.9997490048408508,-0.04637408256530762,-0.6406021118164062,-0.17032833397388458,0.9997365474700928,-0.08073882013559341,-0.6406474113464355,-0.17103669047355652,0.9996999502182007,-0.07852327823638916,-0.6408702731132507,-0.17243070900440216,0.9997074604034424,-0.07926682382822037,-0.6396812200546265,-0.16843850910663605,0.9996774196624756,0.02460463158786297,-0.6419681310653687,-0.08153798431158066,0.9997676014900208,-0.12083607167005539,-0.636706531047821,-0.05971071124076843,0.9996632933616638,-0.033036451786756516,-0.5757697224617004,-0.15197089314460754,0.9998980760574341,-0.07615146785974503,-0.5730205178260803,-0.1435614824295044,0.999863862991333,0.14303451776504517,-0.4804791808128357,-0.035362761467695236,0.999643862247467,-0.1831432282924652,-0.47286611795425415,-0.0196848101913929,0.9995813965797424,0.2245880514383316,-0.4268832802772522,-0.18205025792121887,0.9843927621841431,-0.2840561270713806,-0.4312470555305481,-0.1828143447637558,0.9561589956283569,0.17850305140018463,-0.6365460157394409,-0.3417759835720062,0.9161546230316162,-0.2896891236305237,-0.6439608335494995,-0.3424382209777832,0.8977488279342651,0.15790247917175293,-0.6919785141944885,-0.3926575183868408,0.8989093899726868,-0.2845580279827118,-0.6963348984718323,-0.39140427112579346,0.8842054605484009,0.15920284390449524,-0.7145640254020691,-0.3674238324165344,0.9122319221496582,-0.27979156374931335,-0.7216503620147705,-0.3727094233036041,0.8992027044296265,0.16958288848400116,-0.6571018695831299,-0.3426072895526886,0.9057138562202454,-0.28128865361213684,-0.6585190296173096,-0.34399738907814026,0.8949242830276489,0.11184526234865189,-0.0038021220825612545,-0.008492603898048401,0.6512284874916077,-0.11132041364908218,-0.0009875947143882513,0.008438287302851677,0.6643654704093933,0.13739050924777985,-0.06910408288240433,-0.09234784543514252,0.02888529561460018,-0.16148993372917175,0.007734610699117184,-0.10159141570329666,0.03345009684562683,0.1373187154531479,0.20522649586200714,0.1551160216331482,0.007700255606323481,-0.11640433967113495,0.4440135061740875,0.14778731763362885,0.01119358278810978,0.13854777812957764,0.21325556933879852,0.1693725436925888,0.0048932721838355064,-0.10453952103853226,0.46808063983917236,0.1717035472393036,0.008569525554776192,0.16315247118473053,0.20667126774787903,-0.026963060721755028,0.009313552640378475,-0.11258762329816818,0.5041108727455139,-0.05109183490276337,0.011961126700043678,26,0.867,0.3474193811416626,0.21015581488609314,1.8697049597449222e-07,,0.34812313318252563,0.1495949625968933,0.00035748726804740727,,0.3495471179485321,0.08930021524429321,-0.006203551311045885,,0.3553910255432129,0.047919340431690216,-0.014089529402554035,,0.35966601967811584,0.020411048084497452,-0.02269972860813141,,0.3237937390804291,0.08416440337896347,-0.024759849533438683,,0.3185710608959198,0.022016994655132294,-0.04106892645359039,,0.31725966930389404,-0.015665091574192047,-0.05045422539114952,,0.3153882920742035,-0.045770905911922455,-0.05658916383981705,,0.3278523087501526,0.10438451170921326,-0.03485838323831558,,0.32654595375061035,0.045030176639556885,-0.052749406546354294,,0.32816940546035767,0.010709531605243683,-0.06202628090977669,,0.330573707818985,-0.017675131559371948,-0.06799840927124023,,0.3402470350265503,0.12644922733306885,-0.04413764923810959,,0.3520055413246155,0.07632725685834885,-0.06379147619009018,,0.36416369676589966,0.042457353323698044,-0.07336949557065964,,0.3743354380130768,0.014288656413555145,-0.07850105315446854,,0.3590277433395386,0.14824575185775757,-0.05258093401789665,,0.38133206963539124,0.11041121929883957,-0.06888303905725479,,0.39721107482910156,0.08813950419425964,-0.07533984631299973,,0.41133561730384827,0.06814631819725037,-0.07908233255147934,,0.7440290451049805,0.18783169984817505,1.77424567482376e-07,,0.7547905445098877,0.135039821267128,-0.0016040197806432843,,0.7580281496047974,0.0691048800945282,-0.0058339787647128105,,0.7583155632019043,0.02046433836221695,-0.0081873694434762,,0.7670388221740723,-0.007268533110618591,-0.011439132504165173,,0.7579243183135986,0.07479038834571838,-0.029744049534201622,,0.7642278075218201,0.022088345140218735,-0.03847630321979523,,0.7670939564704895,-0.00842265784740448,-0.040474239736795425,,0.768954873085022,-0.03263755887746811,-0.04169819504022598,,0.7418885827064514,0.08728937804698944,-0.03268576040863991,,0.7446067333221436,0.041309792548418045,-0.042812593281269073,,0.7449501752853394,0.013452306389808655,-0.04565918818116188,,0.7442453503608704,-0.010303206741809845,-0.04836410656571388,,0.7210505604743958,0.10246064513921738,-0.03383243456482887,,0.7064594626426697,0.05225354805588722,-0.04682409390807152,,0.6934295892715454,0.017142504453659058,-0.05397634953260422,,0.6807891726493835,-0.009143054485321045,-0.05856581777334213,,0.6987349390983582,0.11928649246692657,-0.03317398205399513,,0.6708308458328247,0.07704492658376694,-0.044334255158901215,,0.6526379585266113,0.05312059447169304,-0.05001211538910866,,0.6368364095687866,0.031409066170454025,-0.05391339957714081,
-0.06105150654911995,-0.5985186696052551,-0.1776672899723053,0.9998467564582825,-0.04747488722205162,-0.6387017369270325,-0.17159470915794373,0.9997591972351074,-0.04816540330648422,-0.6382995247840881,-0.17300967872142792,0.999773383140564,-0.04804003983736038,-0.6384597420692444,-0.17060671746730804,0.9997621178627014,-0.08221566677093506,-0.6384350061416626,-0.17157843708992004,0.9997294545173645,-0.08001267164945602,-0.6386492252349854,-0.17298707365989685,0.9997361302375793,-0.08076349645853043,-0.6374490857124329,-0.16899468004703522,0.9997090697288513,0.023167457431554794,-0.64115309715271,-0.0823490172624588,0.999790370464325,-0.12150279432535172,-0.6357742547988892,-0.06038419529795647,0.999696671962738,-0.03375418111681938,-0.5742034316062927,-0.15195856988430023,0.9999079704284668,-0.07669445872306824,-0.5715283155441284,-0.1438605934381485,0.9998772740364075,0.1429697871208191,-0.48034965991973877,-0.03588459640741348,0.9996675848960876,-0.18298757076263428,-0.4729268550872803,-0.019607756286859512,0.9996187090873718,0.22352002561092377,-0.42031675577163696,-0.18133005499839783,0.9859292507171631,-0.2856815755367279,-0.43067407608032227,-0.177231103181839,0.9605284333229065,0.17601534724235535,-0.6306598782539368,-0.33610984683036804,0.9245243072509766,-0.2903779447078705,-0.6454766392707825,-0.33678632974624634,0.9079645872116089,0.15594515204429626,-0.6861034035682678,-0.38515186309814453,0.9087783098220825,-0.28572866320610046,-0.6967591047286987,-0.3843027353286743,0.895617663860321,0.1573030948638916,-0.7099875807762146,-0.35997772216796875,0.9207469820976257,-0.2814708650112152,-0.7216355204582214,-0.35818934440612793,0.9090766906738281,0.16730304062366486,-0.6522437334060669,-0.33640649914741516,0.9149068593978882,-0.28219255805015564,-0.6600473523139954,-0.33568719029426575,0.9052403569221497,0.11244908720254898,-0.003904178738594055,-0.00847015529870987,0.6498131155967712,-0.1118011474609375,-0.0008626261260360479,0.00841619074344635,0.6660035252571106,0.1388581544160843,-0.07350169867277145,-0.09292430430650711,0.02655448578298092,-0.16617441177368164,-0.0024495567195117474,-0.102188840508461,0.03110373765230179,0.13856211304664612,0.20395536720752716,0.1490151286125183,0.0071211508475244045,-0.11629068106412888,0.43211135268211365,0.14828357100486755,0.01032338012009859,0.13963927328586578,0.211588054895401,0.16268201172351837,0.004530409350991249,-0.10426037013530731,0.45484068989753723,0.1720089167356491,0.007941574789583683,0.16393783688545227,0.2046373188495636,-0.0441334992647171,0.008555036969482899,-0.11173208802938461,0.49311915040016174,-0.0523778535425663,0.010971656069159508,27,0.9,0.3453422784805298,0.2172660529613495,2.290499168111637e-07,,0.3442373275756836,0.15776336193084717,-0.0018444583984091878,,0.3443465232849121,0.09679783880710602,-0.009246788918972015,,0.3491872549057007,0.05350373685359955,-0.017382880672812462,,0.35234159231185913,0.02254457026720047,-0.026112351566553116,,0.3214435279369354,0.09318868070840836,-0.027930904179811478,,0.3175963759422302,0.029201604425907135,-0.04545801132917404,,0.31549447774887085,-0.00941658765077591,-0.05535417050123215,,0.31215041875839233,-0.04086281359195709,-0.06160826236009598,,0.32564616203308105,0.11435436457395554,-0.03721094876527786,,0.3251684904098511,0.05033717676997185,-0.056058619171381,,0.3257404565811157,0.011472910642623901,-0.06577760726213455,,0.3266116678714752,-0.02152550220489502,-0.07183904200792313,,0.3382924497127533,0.13761577010154724,-0.045724980533123016,,0.35153090953826904,0.08772221207618713,-0.06621665507555008,,0.3644711375236511,0.053398579359054565,-0.07572494447231293,,0.3751389980316162,0.024038448929786682,-0.0804191455245018,,0.35731562972068787,0.16098958253860474,-0.05358216539025307,,0.3806527853012085,0.12295056134462357,-0.07058461755514145,,0.3973832130432129,0.1009281724691391,-0.0769328847527504,,0.4120222330093384,0.08120710402727127,-0.08026878535747528,,0.7420069575309753,0.20112593472003937,1.5029293365387275e-07,,0.7537278532981873,0.1455153524875641,-0.004564231261610985,,0.7586348056793213,0.07611094415187836,-0.010867214761674404,,0.7663090229034424,0.02131000906229019,-0.015394646674394608,,0.7834994792938232,-0.005059041082859039,-0.020886940881609917,,0.7537885308265686,0.08507350832223892,-0.030384846031665802,,0.7565868496894836,0.03284885734319687,-0.04159048944711685,,0.7615634799003601,0.002517104148864746,-0.04630662873387337,,0.7669162154197693,-0.02320580929517746,-0.0496908500790596,,0.7354381084442139,0.09721613675355911,-0.032810695469379425,,0.7277593612670898,0.058178555220365524,-0.04475945606827736,,0.7216847538948059,0.03992606699466705,-0.049422647804021835,,0.7163049578666687,0.02337311953306198,-0.053724970668554306,,0.7149420380592346,0.11303234100341797,-0.03415921702980995,,0.6966170072555542,0.0713304728269577,-0.04871709644794464,,0.6808697581291199,0.041951678693294525,-0.05651123821735382,,0.6659018993377686,0.01911015808582306,-0.061835549771785736,,0.6955393552780151,0.13055568933486938,-0.03428250923752785,,0.6700153946876526,0.09303469210863113,-0.046241674572229385,,0.652267575263977,0.07226670533418655,-0.0527275949716568,,0.6361659169197083,0.05161368101835251,-0.057667747139930725,
-0.06320913881063461,-0.5948927998542786,-0.17808601260185242,0.9998617172241211,-0.04913978651165962,-0.6351966261863708,-0.17211046814918518,0.9997824430465698,-0.04983652010560036,-0.6347820162773132,-0.1735222488641739,0.9997950196266174,-0.04971688240766525,-0.6349265575408936,-0.1711128056049347,0.9997848272323608,-0.08390196412801743,-0.6352758407592773,-0.17210574448108673,0.9997557401657104,-0.08170992136001587,-0.6354885697364807,-0.17351911962032318,0.999761700630188,-0.08246470987796783,-0.6342836618423462,-0.16952449083328247,0.9997372627258301,0.022868147119879723,-0.639293372631073,-0.08305560052394867,0.9998106360435486,-0.12167331576347351,-0.6349467635154724,-0.06070588156580925,0.9997265338897705,-0.03524792939424515,-0.5712966918945312,-0.15232568979263306,0.9999167919158936,-0.0781487226486206,-0.5691145062446594,-0.14418451488018036,0.9998892545700073,0.14295783638954163,-0.4795985817909241,-0.0365055650472641,0.9996877312660217,-0.1827956885099411,-0.47297370433807373,-0.01570419780910015,0.9996522665023804,0.223173126578331,-0.4154125452041626,-0.18092598021030426,0.9873160123825073,-0.28847312927246094,-0.4274728298187256,-0.17566706240177155,0.964460015296936,0.1737252175807953,-0.6161118149757385,-0.33056604862213135,0.9320566058158875,-0.29089850187301636,-0.635917603969574,-0.3254126310348511,0.9171553254127502,0.1521117091178894,-0.6714462041854858,-0.37900179624557495,0.9176455140113831,-0.2866157591342926,-0.6863752007484436,-0.37222301959991455,0.9058271050453186,0.15509501099586487,-0.6969852447509766,-0.35418230295181274,0.9283942580223083,-0.28197306394577026,-0.7120897173881531,-0.3435360789299011,0.917890191078186,0.16536147892475128,-0.638428270816803,-0.3302227556705475,0.9231616854667664,-0.28278395533561707,-0.6507927775382996,-0.3233474791049957,0.9144577383995056,0.11255165189504623,-0.00393859064206481,-0.008745753206312656,0.6554831266403198,-0.11189345270395279,-0.0007715311367064714,0.00864274799823761,0.6750843524932861,0.13853579759597778,-0.07106675952672958,-0.09397819638252258,0.024485493078827858,-0.16679593920707703,0.001515539363026619,-0.10129547119140625,0.029024282470345497,0.13856934010982513,0.20460614562034607,0.14843319356441498,0.006594506092369556,-0.11547567695379257,0.4324451684951782,0.15207970142364502,0.009558468125760555,0.13961687684059143,0.2128448784351349,0.16212455928325653,0.004210531711578369,-0.10286780446767807,0.4552229344844818,0.1767040491104126,0.007414157502353191,0.16327998042106628,0.20504873991012573,-0.04193715751171112,0.007871880196034908,-0.11067942529916763,0.49340108036994934,-0.051469434052705765,0.010097766295075417,28,0.934,0.3438463807106018,0.2353823482990265,2.970764398924075e-07,,0.35358119010925293,0.1698930710554123,-0.007621501572430134,,0.3594474196434021,0.11369936913251877,-0.02025364153087139,,0.36864951252937317,0.07395937293767929,-0.03303420916199684,,0.3738069236278534,0.037736546248197556,-0.04606068879365921,,0.324190229177475,0.1026947945356369,-0.03909682482481003,,0.3203367292881012,0.038515087217092514,-0.06324134021997452,,0.31678080558776855,-0.0004425346851348877,-0.0782979279756546,,0.31201407313346863,-0.033817797899246216,-0.08809873461723328,,0.3248445391654968,0.12645262479782104,-0.04849902540445328,,0.3210082948207855,0.06573019921779633,-0.07707805931568146,,0.32008880376815796,0.023905664682388306,-0.09278912097215652,,0.32004278898239136,-0.011247612535953522,-0.10248740762472153,,0.3357832431793213,0.15539178252220154,-0.0570327527821064,,0.3532295227050781,0.10978325456380844,-0.08479200303554535,,0.3688979744911194,0.07859514653682709,-0.0947682335972786,,0.38027051091194153,0.05194314941763878,-0.09888073801994324,,0.35538575053215027,0.18379288911819458,-0.06545234471559525,,0.3792054057121277,0.14627932012081146,-0.08758033812046051,,0.3978455662727356,0.1224650889635086,-0.09414038807153702,,0.4125775694847107,0.10219389945268631,-0.09690974652767181,,0.7418919205665588,0.24165083467960358,2.4801826725706633e-07,,0.7485143542289734,0.17915090918540955,-0.004494642838835716,,0.7376189827919006,0.11015434563159943,-0.009140617214143276,,0.7166976928710938,0.06637369096279144,-0.012724545784294605,,0.7001459002494812,0.03666654974222183,-0.01669192500412464,,0.7568081617355347,0.11327029019594193,-0.021030914038419724,,0.7647924423217773,0.05924917384982109,-0.031840525567531586,,0.7713147401809692,0.02430269867181778,-0.038011584430933,,0.7768453359603882,-0.006209708750247955,-0.04243813827633858,,0.7396161556243896,0.11968295276165009,-0.02367844060063362,,0.7476297616958618,0.07623372972011566,-0.03481554985046387,,0.751550018787384,0.04359141364693642,-0.04086747393012047,,0.7551059126853943,0.017052866518497467,-0.04590776935219765,,0.7178838849067688,0.13466885685920715,-0.025956498458981514,,0.7037355303764343,0.08838025480508804,-0.03919509798288345,,0.6923574209213257,0.05591896176338196,-0.04732554778456688,,0.682166337966919,0.0318787544965744,-0.0525515154004097,,0.6947646141052246,0.1566624641418457,-0.027415495365858078,,0.6694694757461548,0.11705255508422852,-0.03886402025818825,,0.6513864994049072,0.09356287121772766,-0.04519859328866005,,0.6347649097442627,0.07388977706432343,-0.0496981181204319,
-0.06387916952371597,-0.5949265360832214,-0.17658166587352753,0.9998753070831299,-0.0496959425508976,-0.6352357864379883,-0.17084893584251404,0.9998036026954651,-0.050392359495162964,-0.6348210573196411,-0.17221519351005554,0.9998147487640381,-0.050290364772081375,-0.6349645853042603,-0.1697741597890854,0.9998055696487427,-0.08432087302207947,-0.6353103518486023,-0.17100565135478973,0.9997796416282654,-0.08212903887033463,-0.6355265378952026,-0.1725081205368042,0.9997849464416504,-0.08288778364658356,-0.6343236565589905,-0.16850720345973969,0.9997628927230835,0.022764086723327637,-0.6391435265541077,-0.08302358537912369,0.9998290538787842,-0.12154974788427353,-0.6349367499351501,-0.06061837822198868,0.9997535943984985,-0.03570845350623131,-0.5712189078330994,-0.15117788314819336,0.9999248385429382,-0.07844273000955582,-0.5690874457359314,-0.14323073625564575,0.9999001026153564,0.14308860898017883,-0.47743579745292664,-0.036795396357774734,0.9997067451477051,-0.18263472616672516,-0.47280749678611755,-0.014146723784506321,0.9996830821037292,0.2233027219772339,-0.40880897641181946,-0.18051806092262268,0.9885702729225159,-0.2891784608364105,-0.4257848262786865,-0.17287299036979675,0.9680025577545166,0.17380094528198242,-0.6087857484817505,-0.3264180123806,0.9388410449028015,-0.2911878526210785,-0.6312028765678406,-0.3150617480278015,0.9254298210144043,0.15180985629558563,-0.6629798412322998,-0.37427806854248047,0.9256822466850281,-0.2872273027896881,-0.6780596375465393,-0.3591596484184265,0.915037214756012,0.1548159271478653,-0.6882853507995605,-0.35035520792007446,0.9353364109992981,-0.28219571709632874,-0.7028069496154785,-0.3326530456542969,0.925848662853241,0.16540412604808807,-0.6312015652656555,-0.32606834173202515,0.9306502342224121,-0.28323084115982056,-0.6455020904541016,-0.31359830498695374,0.9227926731109619,0.11265623569488525,-0.003910545259714127,-0.008635682053864002,0.6618031859397888,-0.11200805008411407,-0.0007577028009109199,0.00846518948674202,0.6844256520271301,0.13823935389518738,-0.07007382065057755,-0.09398391097784042,0.02253623679280281,-0.16834042966365814,-0.003008435247465968,-0.10064560174942017,0.027174973860383034,0.13533933460712433,0.20874620974063873,0.14871910214424133,0.006092370022088289,-0.11551211029291153,0.43252116441726685,0.15335945785045624,0.008880584500730038,0.13612833619117737,0.21627499163150787,0.16240033507347107,0.003893753048032522,-0.10283445566892624,0.45556947588920593,0.17794986069202423,0.006886445917189121,0.15678709745407104,0.21243688464164734,-0.04114668443799019,0.007233239710330963,-0.11113325506448746,0.49403926730155945,-0.04911798983812332,0.009304721839725971,29,0.967,0.34000924229621887,0.26767775416374207,2.659195104115497e-07,,0.344756543636322,0.2021809220314026,-0.004120511934161186,,0.35074087977409363,0.14536090195178986,-0.015536045655608177,,0.3647642433643341,0.106660857796669,-0.027238517999649048,,0.37624919414520264,0.07814311236143112,-0.04006100818514824,,0.32389459013938904,0.13096019625663757,-0.03881524130702019,,0.32019808888435364,0.07047106325626373,-0.06292040646076202,,0.3167444169521332,0.02873823791742325,-0.07946058362722397,,0.3122032880783081,-0.007487118244171143,-0.09148364514112473,,0.32753297686576843,0.15294410288333893,-0.050384435802698135,,0.327699214220047,0.09124823659658432,-0.07743335515260696,,0.3268813192844391,0.04889359697699547,-0.094273142516613,,0.3252321779727936,0.011941790580749512,-0.10643155127763748,,0.3394770324230194,0.18389581143856049,-0.06060737743973732,,0.35335949063301086,0.13337074220180511,-0.08630218356847763,,0.36149469017982483,0.09627842158079147,-0.09945396333932877,,0.36604735255241394,0.06425075232982635,-0.10817275941371918,,0.35864144563674927,0.21870139241218567,-0.0702541396021843,,0.3835478723049164,0.18726316094398499,-0.09381172060966492,,0.39949914813041687,0.16183115541934967,-0.10439231246709824,,0.41189491748809814,0.1381470263004303,-0.11151283234357834,,0.7279808521270752,0.2549090087413788,3.6145374338047986e-07,,0.7058418989181519,0.2123437225818634,-0.01633160561323166,,0.6948840618133545,0.1590595543384552,-0.029913580045104027,,0.6887054443359375,0.11608274281024933,-0.040593210607767105,,0.684657871723175,0.07857298851013184,-0.05140796676278114,,0.7228584885597229,0.15245291590690613,-0.044960927218198776,,0.7418271899223328,0.08568479120731354,-0.06893376260995865,,0.7589930891990662,0.03474815934896469,-0.08375125378370285,,0.772926390171051,-0.006966948509216309,-0.09205534309148788,,0.7325083613395691,0.15298132598400116,-0.0445060171186924,,0.7508164048194885,0.09808403253555298,-0.06977225840091705,,0.7643135190010071,0.04898478835821152,-0.08311865478754044,,0.7762365937232971,0.001492917537689209,-0.0913412868976593,,0.7377122044563293,0.152592271566391,-0.0437585711479187,,0.7515149116516113,0.098358154296875,-0.06535302847623825,,0.7655494809150696,0.048226989805698395,-0.07443513721227646,,0.778282105922699,0.0013931989669799805,-0.07887250185012817,,0.7366439700126648,0.1535949856042862,-0.04344167932868004,,0.7459161281585693,0.1042402982711792,-0.058946266770362854,,0.7547916173934937,0.0607118234038353,-0.06577706336975098,,0.7643723487854004,0.0192122682929039,-0.06996133178472519,
-0.065955251455307,-0.5952703356742859,-0.17871466279029846,0.9998875260353088,-0.05121258273720741,-0.6354278326034546,-0.17352835834026337,0.9998226165771484,-0.051903657615184784,-0.6350105404853821,-0.17488020658493042,0.9998325109481812,-0.051805783063173294,-0.6351486444473267,-0.17243094742298126,0.9998241662979126,-0.08568832278251648,-0.6358253359794617,-0.1738867312669754,0.9998011589050293,-0.0835002064704895,-0.6360331773757935,-0.17545939981937408,0.9998059272766113,-0.08426577597856522,-0.6348304748535156,-0.1714392900466919,0.9997860193252563,0.02179739810526371,-0.6389360427856445,-0.08647701144218445,0.9998456239700317,-0.12188006192445755,-0.6355400085449219,-0.06486167758703232,0.9997779130935669,-0.03796996548771858,-0.5712697505950928,-0.15339979529380798,0.999932050704956,-0.08044201135635376,-0.5693957805633545,-0.14579908549785614,0.9999098777770996,0.14236953854560852,-0.47460320591926575,-0.04161597043275833,0.9997206330299377,-0.18315480649471283,-0.47317010164260864,-0.014822029508650303,0.9997105002403259,0.22434929013252258,-0.39297303557395935,-0.18145190179347992,0.9896917343139648,-0.2917846441268921,-0.4234088063240051,-0.1756751388311386,0.9711834192276001,0.17238005995750427,-0.6024303436279297,-0.3265078663825989,0.9449419379234314,-0.2911897301673889,-0.6218029856681824,-0.32203954458236694,0.9328705072402954,0.14775627851486206,-0.6529024243354797,-0.3742670714855194,0.9328514337539673,-0.28557828068733215,-0.6676366925239563,-0.36605527997016907,0.9232450127601624,0.15006281435489655,-0.6778879165649414,-0.35121023654937744,0.941514253616333,-0.2802439033985138,-0.6922497153282166,-0.33679333329200745,0.932912290096283,0.16353850066661835,-0.6230989098548889,-0.3264656364917755,0.937320351600647,-0.2826535701751709,-0.6357560157775879,-0.3200169801712036,0.9302008748054504,0.11276189982891083,-0.0039313314482569695,-0.00795343890786171,0.6622350811958313,-0.11214108765125275,-0.0007424019277095795,0.007722134701907635,0.6883492469787598,0.1380697339773178,-0.06848263740539551,-0.08755727857351303,0.020781677216291428,-0.1678183227777481,-0.002187601523473859,-0.09898937493562698,0.0254540853202343,0.13545216619968414,0.20942428708076477,0.15710964798927307,0.005637184251099825,-0.11509563028812408,0.4292571246623993,0.1568964123725891,0.008272130973637104,0.13619263470172882,0.21681763231754303,0.17065881192684174,0.003604213008657098,-0.10226254910230637,0.4528527557849884,0.18154197931289673,0.006412121932953596,0.1567060351371765,0.21371974050998688,-0.031391121447086334,0.0066616167314350605,-0.11081867665052414,0.49243104457855225,-0.048413943499326706,0.008601369336247444,30,1.001,0.3511795103549957,0.3027610182762146,9.023967351140527e-08,,0.3545045256614685,0.2694111466407776,-0.011004292406141758,,0.35255691409111023,0.21215471625328064,-0.01788725145161152,,0.3539009988307953,0.16801570355892181,-0.02431035228073597,,0.35481566190719604,0.13455577194690704,-0.03046269714832306,,0.33872324228286743,0.1729804128408432,-0.015325957909226418,,0.3359757661819458,0.10877235233783722,-0.029446391388773918,,0.32940444350242615,0.06480686366558075,-0.040355145931243896,,0.32132411003112793,0.02822165936231613,-0.047780465334653854,,0.33880043029785156,0.17473456263542175,-0.017845116555690765,,0.3351723253726959,0.1115710586309433,-0.031822800636291504,,0.32875919342041016,0.06571078300476074,-0.041641201823949814,,0.3212898373603821,0.023597121238708496,-0.04785154014825821,,0.3426801264286041,0.1804600954055786,-0.021467039361596107,,0.33790433406829834,0.1170107051730156,-0.033230382949113846,,0.3322833776473999,0.07475288212299347,-0.03769836947321892,,0.3259629011154175,0.03802576661109924,-0.03952500969171524,,0.3494848310947418,0.18840020895004272,-0.02643568068742752,,0.3435737192630768,0.13653498888015747,-0.03517890349030495,,0.3380366265773773,0.0999947115778923,-0.037466373294591904,,0.333863765001297,0.0701187327504158,-0.03805570304393768,,0.7225944995880127,0.3097304403781891,1.2217829237215483e-07,,0.7303954362869263,0.23798787593841553,-0.025867873802781105,,0.7362076044082642,0.15398526191711426,-0.041298944503068924,,0.7462953329086304,0.07839524000883102,-0.052168987691402435,,0.7594679594039917,0.02249189466238022,-0.06279128789901733,,0.7187340259552002,0.19637416303157806,-0.04238126054406166,,0.727556049823761,0.15800261497497559,-0.060791015625,,0.7317261099815369,0.1401595175266266,-0.07248582690954208,,0.7366219758987427,0.11727441847324371,-0.08043015748262405,,0.6898675560951233,0.22337186336517334,-0.0347290001809597,,0.6866576671600342,0.18529191613197327,-0.05206369608640671,,0.687827467918396,0.17531833052635193,-0.0593610480427742,,0.6907528638839722,0.16647112369537354,-0.06592452526092529,,0.6666421294212341,0.2466486692428589,-0.02833464927971363,,0.659170925617218,0.21997293829917908,-0.04579058662056923,,0.659065306186676,0.22277650237083435,-0.04991483315825462,,0.6620652675628662,0.22958558797836304,-0.05241527408361435,,0.6490556001663208,0.26952266693115234,-0.023502154275774956,,0.6381148099899292,0.24893490970134735,-0.03431553766131401,,0.631706714630127,0.23193228244781494,-0.03873205557465553,,0.6296945810317993,0.2165660560131073,-0.04310669004917145,
-0.07071726769208908,-0.5933768153190613,-0.17929424345493317,0.9998984336853027,-0.056291669607162476,-0.633721113204956,-0.1744920164346695,0.9998395442962646,-0.056998804211616516,-0.6332901120185852,-0.17584417760372162,0.9998483061790466,-0.0568954274058342,-0.6334274411201477,-0.17336709797382355,0.9998407363891602,-0.09040942788124084,-0.6341426372528076,-0.17475315928459167,0.999820351600647,-0.08826224505901337,-0.6343306303024292,-0.17634756863117218,0.999824583530426,-0.08905181288719177,-0.6331178545951843,-0.17229744791984558,0.9998065829277039,0.017590785399079323,-0.6373714804649353,-0.08852609992027283,0.9998604655265808,-0.12474919110536575,-0.6341606974601746,-0.06608299911022186,0.9997997283935547,-0.042213015258312225,-0.5693551898002625,-0.15415571630001068,0.9999386072158813,-0.08439613878726959,-0.5675879120826721,-0.14643849432468414,0.9999186992645264,0.14181998372077942,-0.47138339281082153,-0.04215409606695175,0.9997407793998718,-0.1837524175643921,-0.471431702375412,-0.015118508599698544,0.9997365474700928,0.22466933727264404,-0.3673839867115021,-0.17745789885520935,0.9907011389732361,-0.2912116050720215,-0.38737574219703674,-0.173524409532547,0.9740455746650696,0.16958755254745483,-0.5790822505950928,-0.3226373493671417,0.9504360556602478,-0.2848309278488159,-0.5736978650093079,-0.32200437784194946,0.9395722150802612,0.14283086359500885,-0.6337641477584839,-0.37093254923820496,0.9393584728240967,-0.27789372205734253,-0.6178995966911316,-0.3665405511856079,0.9307296276092529,0.14595915377140045,-0.6674124598503113,-0.34896889328956604,0.9471357464790344,-0.273002028465271,-0.6490700840950012,-0.3374592959880829,0.9393892884254456,0.1605624258518219,-0.6055833697319031,-0.3229524493217468,0.943378746509552,-0.27546706795692444,-0.5911499261856079,-0.32007303833961487,0.9369679093360901,0.11353132873773575,-0.00375341041944921,-0.007842469960451126,0.6559689044952393,-0.11271602660417557,-0.0008746627136133611,0.00760832242667675,0.6842905282974243,0.13791896402835846,-0.08704400807619095,-0.08762659877538681,0.019107390195131302,-0.1724548041820526,-0.0405924916267395,-0.09866025298833847,0.023611558601260185,0.13236036896705627,0.19065800309181213,0.17278321087360382,0.005196418147534132,-0.1168462410569191,0.405003160238266,0.1693129986524582,0.007642357610166073,0.13250243663787842,0.1968054622411728,0.18828703463077545,0.003336407011374831,-0.10375276207923889,0.4277292490005493,0.1970733404159546,0.005956768058240414,0.14908243715763092,0.18549320101737976,-0.021273484453558922,0.006105926353484392,-0.11249978095293045,0.46025848388671875,-0.040375180542469025,0.00789762195199728,31,1.034,,,,,,,,,,,,,,,,,,,,,,,,,,,,,,,,,,,,,,,,,,,,,,,,,,,,,,,,,,,,,,,,,,,,,,,,,,,,,,,,,,,,,0.7216268181800842,0.4032670259475708,2.8573052190949966e-07,,0.6712995171546936,0.3708575963973999,-0.005337930284440517,,0.6501704454421997,0.32444480061531067,-0.01095752976834774,,0.6401436924934387,0.28285911679267883,-0.018971797078847885,,0.6406558752059937,0.24813753366470337,-0.027288315817713737,,0.6820842027664185,0.23116855323314667,0.0019309745403006673,,0.7009044289588928,0.16991275548934937,-0.012099416926503181,,0.7118421792984009,0.12689492106437683,-0.02552713453769684,,0.7225964069366455,0.09283537417650223,-0.03462110087275505,,0.6947408318519592,0.22684898972511292,-0.004326919559389353,,0.7125690579414368,0.16607370972633362,-0.01679062470793724,,0.7212952375411987,0.1188017874956131,-0.026337940245866776,,0.7306485176086426,0.07800307869911194,-0.03351098671555519,,0.7037187218666077,0.2322971075773239,-0.013262425549328327,,0.7201250195503235,0.17466813325881958,-0.025504276156425476,,0.7257305979728699,0.13497653603553772,-0.03067139908671379,,0.7321412563323975,0.1004299744963646,-0.033378150314092636,,0.7104184627532959,0.24664366245269775,-0.023697903379797935,,0.7231226563453674,0.19989033043384552,-0.03160789608955383,,0.726997435092926,0.17001883685588837,-0.03349698334932327,,0.7308119535446167,0.1425388604402542,-0.03461560606956482,
-0.07064754515886307,-0.5932789444923401,-0.19055971503257751,0.9999078512191772,-0.056230608373880386,-0.6335012316703796,-0.18571123480796814,0.9998536705970764,-0.05694802477955818,-0.6330651640892029,-0.18723702430725098,0.9998612999916077,-0.05683543160557747,-0.6332069039344788,-0.18472237884998322,0.9998545050621033,-0.09022325277328491,-0.6340600848197937,-0.18594616651535034,0.9998366832733154,-0.08809657394886017,-0.6342568397521973,-0.1873549520969391,0.9998404383659363,-0.08888869732618332,-0.6330471038818359,-0.18322066962718964,0.9998241662979126,0.017717598006129265,-0.6349206566810608,-0.10051118582487106,0.9998732209205627,-0.12389500439167023,-0.6331693530082703,-0.07826114445924759,0.9998188018798828,-0.042121522128582,-0.5687210559844971,-0.16617490351200104,0.9999443888664246,-0.08429589867591858,-0.567253053188324,-0.15847888588905334,0.9999265074729919,0.14220213890075684,-0.4625050127506256,-0.0516856387257576,0.9997598528862,-0.18323248624801636,-0.46985605359077454,-0.017960095778107643,0.9997594356536865,0.23503847420215607,-0.33642616868019104,-0.17348015308380127,0.9916045665740967,-0.290777325630188,-0.3736485540866852,-0.16501744091510773,0.9765944480895996,0.14849117398262024,-0.5092008709907532,-0.3166719973087311,0.9553710222244263,-0.2752499580383301,-0.5391108393669128,-0.3155924081802368,0.9455816149711609,0.10719864815473557,-0.5525910258293152,-0.3640795350074768,0.9450915455818176,-0.26069411635398865,-0.5755157470703125,-0.36106422543525696,0.9371920228004456,0.10240393131971359,-0.5890057682991028,-0.3417215943336487,0.9520544409751892,-0.255959689617157,-0.6058912873268127,-0.33211979269981384,0.944884717464447,0.13319019973278046,-0.5346030592918396,-0.31614574790000916,0.9486796259880066,-0.2641233503818512,-0.5541778802871704,-0.31353437900543213,0.9427292346954346,0.11411232501268387,-0.0032872215379029512,-0.007842719554901123,0.6401326656341553,-0.11299073696136475,-0.001379837398417294,0.007636287249624729,0.6666677594184875,0.13769017159938812,-0.08942396193742752,-0.08784834295511246,0.018026841804385185,-0.17389707267284393,-0.06539499014616013,-0.09840657562017441,0.022448208183050156,0.1268279105424881,0.19055163860321045,0.1866595298051834,0.004933794029057026,-0.11699734628200531,0.38409334421157837,0.18432354927062988,0.0072153713554143906,0.1259855180978775,0.19756276905536652,0.20402537286281586,0.003186848247423768,-0.1038162112236023,0.4045455753803253,0.21588237583637238,0.0056875236332416534,0.14236858487129211,0.17982983589172363,-0.018954435363411903,0.005707382690161467,-0.11244146525859833,0.4331827163696289,-0.025836056098341942,0.007367282174527645,32,1.067,0.3641173541545868,0.48510608077049255,1.0464496114082067e-07,,0.40126466751098633,0.4419167935848236,-0.008654839359223843,,0.42295926809310913,0.3751201033592224,-0.014086677692830563,,0.42862024903297424,0.3221309781074524,-0.021080585196614265,,0.42763328552246094,0.27724698185920715,-0.02624199166893959,,0.3835289776325226,0.29971256852149963,-0.011416831985116005,,0.38334861397743225,0.23367998003959656,-0.02707531489431858,,0.3788413107395172,0.19464799761772156,-0.03661157935857773,,0.3714672029018402,0.1608499139547348,-0.041936103254556656,,0.3664567768573761,0.30849915742874146,-0.0166365597397089,,0.3856011629104614,0.27475622296333313,-0.035386599600315094,,0.39277365803718567,0.24357549846172333,-0.04394388571381569,,0.3933430016040802,0.21801172196865082,-0.0473024882376194,,0.35461729764938354,0.3329378068447113,-0.023529892787337303,,0.39822259545326233,0.34481287002563477,-0.047937311232089996,,0.4222339987754822,0.391063392162323,-0.050723373889923096,,0.4316273033618927,0.43159979581832886,-0.045884869992733,,0.348094642162323,0.3692536950111389,-0.031154440715909004,,0.38963329792022705,0.38516294956207275,-0.04880280792713165,,0.40972596406936646,0.4146576523780823,-0.050189364701509476,,0.4184187352657318,0.4427540898323059,-0.046592965722084045,,0.692537248134613,0.4565097391605377,1.6372423772281763e-07,,0.6669622659683228,0.3858712613582611,-0.00540356058627367,,0.6522769927978516,0.3125555217266083,-0.013192331418395042,,0.6505653858184814,0.2536553740501404,-0.021993573755025864,,0.6581059694290161,0.21405471861362457,-0.031150350347161293,,0.6303400993347168,0.320509135723114,-0.013945468701422215,,0.6264911890029907,0.27481895685195923,-0.02941635437309742,,0.6337323784828186,0.2460264265537262,-0.04192942753434181,,0.6429280638694763,0.22241491079330444,-0.0504121258854866,,0.6386571526527405,0.34761542081832886,-0.020885558798909187,,0.6460328698158264,0.293923556804657,-0.03595813363790512,,0.6564702987670898,0.251729279756546,-0.04548107460141182,,0.6677292585372925,0.2159959077835083,-0.052419159561395645,,0.6510056257247925,0.37407946586608887,-0.02878713607788086,,0.6573434472084045,0.32077518105506897,-0.0438724048435688,,0.6658031344413757,0.2785319983959198,-0.04773353412747383,,0.6762779355049133,0.24323612451553345,-0.0495770089328289,,0.665169894695282,0.40061184763908386,-0.037249814718961716,,0.6693323850631714,0.3570253551006317,-0.04627053067088127,,0.673526406288147,0.3261207044124603,-0.045753464102745056,,0.6784239411354065,0.2982080578804016,-0.04518095776438713,
-0.06621977686882019,-0.5939048528671265,-0.19711072742938995,0.9999149441719055,-0.050993211567401886,-0.6339104175567627,-0.19145800173282623,0.9998637437820435,-0.0517132468521595,-0.6334652304649353,-0.19310113787651062,0.9998703002929688,-0.05151497200131416,-0.6335923671722412,-0.19057339429855347,0.9998639225959778,-0.08511830866336823,-0.6344215869903564,-0.19114454090595245,0.999848484992981,-0.08305264264345169,-0.6346420049667358,-0.19238761067390442,0.999851644039154,-0.08380134403705597,-0.6334379315376282,-0.18821297585964203,0.9998366236686707,0.02555226907134056,-0.6335633397102356,-0.10676847398281097,0.9998831152915955,-0.11656413972377777,-0.6313667297363281,-0.08205261826515198,0.9998338222503662,-0.03758741170167923,-0.568748950958252,-0.1734740436077118,0.9999487400054932,-0.07978881150484085,-0.567268967628479,-0.16479408740997314,0.999932587146759,0.14599628746509552,-0.4567018449306488,-0.05483851954340935,0.999770998954773,-0.1765151172876358,-0.4620591104030609,-0.017555885016918182,0.9997731447219849,0.23996040225028992,-0.3054080307483673,-0.16438402235507965,0.9923843145370483,-0.2795119285583496,-0.33641451597213745,-0.1323852688074112,0.9788050055503845,0.11518657207489014,-0.4162578582763672,-0.30870190262794495,0.959749698638916,-0.26586684584617615,-0.4839848279953003,-0.29551753401756287,0.9509165287017822,0.06234046444296837,-0.4422386586666107,-0.35444629192352295,0.9496102929115295,-0.25239360332489014,-0.520167350769043,-0.3416523337364197,0.9424505233764648,0.05212713032960892,-0.4799175262451172,-0.3331758975982666,0.9557900428771973,-0.2504100799560547,-0.5565333962440491,-0.3177042305469513,0.9492171406745911,0.09440779685974121,-0.43850892782211304,-0.3073594868183136,0.9527032971382141,-0.2553837299346924,-0.5012549161911011,-0.2947923243045807,0.9472045302391052,0.11410047858953476,-0.003109640209004283,-0.00839258823543787,0.6321608424186707,-0.1129445731639862,-0.0017285785870626569,0.008373101241886616,0.6550416350364685,0.13331560790538788,-0.0867304727435112,-0.08656520396471024,0.017904480919241905,-0.17231705784797668,-0.049266450107097626,-0.0983070656657219,0.022106582298874855,0.12684734165668488,0.19608326256275177,0.18465614318847656,0.004947366658598185,-0.10982619971036911,0.39026954770088196,0.18921534717082977,0.006999081000685692,0.1261870414018631,0.20429988205432892,0.20115235447883606,0.0031873479019850492,-0.0961194634437561,0.41088294982910156,0.22085687518119812,0.005629229359328747,0.1429251879453659,0.18536435067653656,-0.022655434906482697,0.005580462981015444,-0.1061379462480545,0.4407656788825989,-0.010774962604045868,0.007077960763126612,33,1.101,0.3772803544998169,0.5393090844154358,-1.75875982222351e-07,,0.3913460969924927,0.4955473840236664,-0.014019069261848927,,0.4050987958908081,0.4264078140258789,-0.015265163965523243,,0.4174917936325073,0.37311166524887085,-0.013904926367104053,,0.41957858204841614,0.33915069699287415,-0.01071178074926138,,0.39990493655204773,0.37053629755973816,-0.00866619311273098,,0.4013787508010864,0.30230289697647095,-0.010255701839923859,,0.4001767039299011,0.27737584710121155,-0.011431838385760784,,0.3969022035598755,0.25858938694000244,-0.012429416179656982,,0.4058283269405365,0.38082554936408997,-0.0024843888822942972,,0.4195879101753235,0.3392871916294098,-0.005148014053702354,,0.4250622093677521,0.36809951066970825,-0.006159775424748659,,0.42467787861824036,0.39739206433296204,-0.005668880883604288,,0.41358980536460876,0.40331244468688965,0.002735880436375737,,0.4298495054244995,0.3701923191547394,0.0010663847206160426,,0.4321124255657196,0.3948577642440796,0.002145126461982727,,0.4297744035720825,0.41935113072395325,0.003283996833488345,,0.421376496553421,0.4314105808734894,0.0067753237672150135,,0.4383813440799713,0.41470035910606384,0.007949499413371086,,0.4410780370235443,0.4261123538017273,0.010074686259031296,,0.44161149859428406,0.44245558977127075,0.01202099584043026,,,,,,,,,,,,,,,,,,,,,,,,,,,,,,,,,,,,,,,,,,,,,,,,,,,,,,,,,,,,,,,,,,,,,,,,,,,,,,,,,,,,,
-0.05467291176319122,-0.5927786827087402,-0.23630258440971375,0.9999166131019592,-0.03883726894855499,-0.6324361562728882,-0.22776654362678528,0.9998623728752136,-0.03953634575009346,-0.6319798231124878,-0.22957797348499298,0.9998680353164673,-0.039217907935380936,-0.6320438385009766,-0.2270471304655075,0.9998611807823181,-0.07455240190029144,-0.6326010227203369,-0.22905658185482025,0.9998500347137451,-0.0725293904542923,-0.632876992225647,-0.23008142411708832,0.9998531937599182,-0.07320459187030792,-0.6316804885864258,-0.2258462905883789,0.9998389482498169,0.03498449549078941,-0.627679705619812,-0.13390256464481354,0.9998852014541626,-0.11310894042253494,-0.6225108504295349,-0.11692918837070465,0.9998417496681213,-0.02810121327638626,-0.5664290189743042,-0.20950007438659668,0.9999509453773499,-0.07226209342479706,-0.5641723871231079,-0.20289269089698792,0.9999364018440247,0.14908936619758606,-0.44938910007476807,-0.06780239939689636,0.999782145023346,-0.17646349966526031,-0.4465579688549042,-0.03739408403635025,0.9997843503952026,0.25591757893562317,-0.2661193311214447,-0.16241243481636047,0.9930806756019592,-0.2757437229156494,-0.2726161479949951,-0.13496649265289307,0.9807683229446411,0.11665335297584534,-0.2968447208404541,-0.31700390577316284,0.9636483788490295,-0.24884650111198425,-0.37220290303230286,-0.3182986080646515,0.955646276473999,0.060183413326740265,-0.30359408259391785,-0.3622939884662628,0.9533063769340515,-0.23275214433670044,-0.4008806049823761,-0.3666846752166748,0.9467650651931763,0.04492025822401047,-0.34353917837142944,-0.34714558720588684,0.9587739706039429,-0.2325523942708969,-0.4457702934741974,-0.3478091359138489,0.9527237415313721,0.0933573916554451,-0.31569185853004456,-0.31617650389671326,0.9558604955673218,-0.23761829733848572,-0.3913137912750244,-0.3183499276638031,0.9506523013114929,0.11423131078481674,-0.003064221702516079,-0.007783795706927776,0.6289043426513672,-0.11301921308040619,-0.0018126071663573384,0.007886432111263275,0.6478877663612366,0.13328814506530762,-0.07427417486906052,-0.08725704252719879,0.01833219826221466,-0.16494500637054443,-0.041191983968019485,-0.10053525120019913,0.02211637794971466,0.12824241816997528,0.20704367756843567,0.18951433897018433,0.005029274616390467,-0.09558603167533875,0.39213889837265015,0.18755345046520233,0.00688255624845624,0.12817761301994324,0.21634931862354279,0.20634955167770386,0.003364626318216324,-0.0804496631026268,0.412605881690979,0.21865934133529663,0.005680249538272619,0.14835278689861298,0.18864591419696808,-0.018058352172374725,0.00554766645655036,-0.07838407158851624,0.4410463571548462,-0.005692144390195608,0.006903232540935278,34,1.134,,,,,,,,,,,,,,,,,,,,,,,,,,,,,,,,,,,,,,,,,,,,,,,,,,,,,,,,,,,,,,,,,,,,,,,,,,,,,,,,,,,,,,,,,,,,,,,,,,,,,,,,,,,,,,,,,,,,,,,,,,,,,,,,,,,,,,,,,,,,,,,,,,,,,,,,,,,,,,,,,,,,,,,,
-0.045328691601753235,-0.5902547836303711,-0.2377622425556183,0.9999162554740906,-0.03125917166471481,-0.6307789087295532,-0.229118213057518,0.9998592138290405,-0.031925152987241745,-0.630305290222168,-0.23097914457321167,0.9998645186424255,-0.03157307580113411,-0.6303234696388245,-0.22847355902194977,0.9998568296432495,-0.06762359291315079,-0.630585789680481,-0.2300298810005188,0.9998490810394287,-0.06561753898859024,-0.6309303045272827,-0.23100681602954865,0.9998522996902466,-0.06627453863620758,-0.629779577255249,-0.22676628828048706,0.9998383522033691,0.04538174718618393,-0.6275383234024048,-0.13568724691867828,0.9998852610588074,-0.10609336942434311,-0.621652364730835,-0.11791662126779556,0.9998474717140198,-0.01699935458600521,-0.5646684765815735,-0.21108151972293854,0.9999524354934692,-0.06196356937289238,-0.5617973804473877,-0.20433615148067474,0.9999392032623291,0.15959422290325165,-0.45006492733955383,-0.07400795817375183,0.9997877478599548,-0.17120572924613953,-0.4436782896518707,-0.03819550946354866,0.9997900128364563,0.2569328546524048,-0.24688515067100525,-0.15506605803966522,0.9936087131500244,-0.264597624540329,-0.25003430247306824,-0.12921474874019623,0.9822394251823425,0.08757315576076508,-0.2115139663219452,-0.3154732286930084,0.9668778777122498,-0.2010885775089264,-0.27721017599105835,-0.321086049079895,0.959313690662384,0.023846691474318504,-0.19674795866012573,-0.3610261082649231,0.9550654292106628,-0.175660640001297,-0.28255850076675415,-0.3712172508239746,0.94770348072052,-0.0003013765381183475,-0.23323097825050354,-0.3474085330963135,0.959912121295929,-0.1665695756673813,-0.3256452679634094,-0.3556064963340759,0.9529449939727783,0.059701427817344666,-0.2247810661792755,-0.3157931864261627,0.9570441842079163,-0.18419010937213898,-0.29115307331085205,-0.3219946622848511,0.9506945610046387,0.11430791020393372,-0.0037835566326975822,-0.006856213323771954,0.6108288168907166,-0.1130821481347084,-0.0015047765336930752,0.00719169806689024,0.6264433264732361,0.13349680602550507,-0.0734366923570633,-0.08606807887554169,0.01894332468509674,-0.15938405692577362,-0.03780367597937584,-0.10305257886648178,0.022406715899705887,0.1329549252986908,0.20326560735702515,0.19698269665241241,0.005090405233204365,-0.09018560498952866,0.38489824533462524,0.18640919029712677,0.006854970473796129,0.13340209424495697,0.2121836394071579,0.21527749300003052,0.0035249225329607725,-0.07439391314983368,0.40320780873298645,0.2174580693244934,0.0057630110532045364,0.16253122687339783,0.1802566647529602,-0.010891672223806381,0.005552251823246479,-0.06873457878828049,0.43469396233558655,-0.0039570084773004055,0.006830060854554176,35,1.167,,,,,,,,,,,,,,,,,,,,,,,,,,,,,,,,,,,,,,,,,,,,,,,,,,,,,,,,,,,,,,,,,,,,,,,,,,,,,,,,,,,,,,,,,,,,,,,,,,,,,,,,,,,,,,,,,,,,,,,,,,,,,,,,,,,,,,,,,,,,,,,,,,,,,,,,,,,,,,,,,,,,,,,,
-0.04660229757428169,-0.5907455086708069,-0.23615184426307678,0.9999114274978638,-0.031745318323373795,-0.6316481232643127,-0.2268638163805008,0.9998481273651123,-0.032442357391119,-0.6311872601509094,-0.22872869670391083,0.999851644039154,-0.03215443715453148,-0.6311715245246887,-0.22629593312740326,0.999841034412384,-0.0687878206372261,-0.6311091780662537,-0.22760452330112457,0.9998431205749512,-0.06682868301868439,-0.6315176486968994,-0.22850976884365082,0.9998472332954407,-0.06744053214788437,-0.6303995847702026,-0.2242673635482788,0.9998336434364319,0.04393787682056427,-0.6297208666801453,-0.1322973221540451,0.9998767375946045,-0.10898147523403168,-0.6220643520355225,-0.11413918435573578,0.9998488426208496,-0.018386078998446465,-0.5656090378761292,-0.20898354053497314,0.9999508261680603,-0.0625922903418541,-0.5622174143791199,-0.2023443579673767,0.9999393820762634,0.15897111594676971,-0.45074981451034546,-0.07340949773788452,0.9997780919075012,-0.1730862259864807,-0.44269150495529175,-0.036641765385866165,0.9997822642326355,0.25272902846336365,-0.24952276051044464,-0.14247232675552368,0.9939172267913818,-0.25688597559928894,-0.23593170940876007,-0.12059109658002853,0.9831192493438721,0.05830854922533035,-0.17195874452590942,-0.3041244149208069,0.9694223403930664,-0.19383090734481812,-0.24368712306022644,-0.32317259907722473,0.9621797204017639,-0.00671793520450592,-0.14644069969654083,-0.346003919839859,0.9555466771125793,-0.17125779390335083,-0.2469339221715927,-0.374676376581192,0.948159396648407,-0.03442852944135666,-0.18173490464687347,-0.34144845604896545,0.9599213004112244,-0.163901686668396,-0.2882833182811737,-0.36104997992515564,0.9530047178268433,0.02867308259010315,-0.18220770359039307,-0.3070733845233917,0.9567728638648987,-0.17819377779960632,-0.25669488310813904,-0.32428812980651855,0.949940025806427,0.11431403458118439,-0.00556193757802248,-0.0058876764960587025,0.5939967036247253,-0.11310433596372604,-0.0005809510475955904,0.00647574570029974,0.6055296659469604,0.1325593888759613,-0.05559186637401581,-0.07821815460920334,0.02215714380145073,-0.14846664667129517,0.0012040453730151057,-0.09895658493041992,0.0251421220600605,0.13366274535655975,0.204103484749794,0.20907357335090637,0.005572215653955936,-0.087367944419384,0.38058042526245117,0.18614108860492706,0.007359696552157402,0.13414540886878967,0.21394909918308258,0.22937193512916565,0.003972385544329882,-0.0719543844461441,0.3975183367729187,0.21668480336666107,0.0060754152946174145,0.16826461255550385,0.1844259798526764,0.012707396410405636,0.00604252377524972,-0.06643612682819366,0.43786635994911194,0.005623263772577047,0.007318040356040001,36,1.201,,,,,,,,,,,,,,,,,,,,,,,,,,,,,,,,,,,,,,,,,,,,,,,,,,,,,,,,,,,,,,,,,,,,,,,,,,,,,,,,,,,,,,,,,,,,,,,,,,,,,,,,,,,,,,,,,,,,,,,,,,,,,,,,,,,,,,,,,,,,,,,,,,,,,,,,,,,,,,,,,,,,,,,,
-0.05019967257976532,-0.5969417691230774,-0.23260320723056793,0.9999071359634399,-0.03636299818754196,-0.6384177803993225,-0.2233000099658966,0.99984210729599,-0.03700123354792595,-0.6379659175872803,-0.22514814138412476,0.9998452067375183,-0.03665880858898163,-0.63795405626297,-0.22272323071956635,0.9998335838317871,-0.07428913563489914,-0.6375573873519897,-0.22383134067058563,0.9998371601104736,-0.072357676923275,-0.6381341814994812,-0.224770650267601,0.9998413324356079,-0.07291726768016815,-0.6371161937713623,-0.22055575251579285,0.9998272061347961,0.04307030886411667,-0.6372997164726257,-0.12967126071453094,0.9998671412467957,-0.11286843568086624,-0.629328727722168,-0.11080055683851242,0.9998469948768616,-0.02076156996190548,-0.5724676251411438,-0.20567980408668518,0.999948263168335,-0.0659634992480278,-0.5686008334159851,-0.19876426458358765,0.9999372363090515,0.15862497687339783,-0.4538303017616272,-0.07801267504692078,0.9997597336769104,-0.1782757192850113,-0.4435634911060333,-0.036279499530792236,0.9997588396072388,0.2510144114494324,-0.25364232063293457,-0.1413925141096115,0.9939596652984619,-0.257627010345459,-0.23935289680957794,-0.1012081503868103,0.9834923148155212,0.07999995350837708,-0.15144333243370056,-0.29986563324928284,0.9711740612983704,-0.1855008602142334,-0.16655945777893066,-0.31029796600341797,0.9633314609527588,0.02589915506541729,-0.11365543305873871,-0.3423709571361542,0.955086350440979,-0.16194801032543182,-0.13756252825260162,-0.36054354906082153,0.9454298615455627,0.00550402095541358,-0.14395610988140106,-0.34192851185798645,0.9595007300376892,-0.14209938049316406,-0.17188693583011627,-0.3593643009662628,0.9509819149971008,0.055480219423770905,-0.15623800456523895,-0.30647167563438416,0.9562187194824219,-0.16527250409126282,-0.17026963829994202,-0.3156011700630188,0.9477468132972717,0.1142973080277443,-0.007444547954946756,-0.005702013615518808,0.576878547668457,-0.11310122162103653,0.00048129333299584687,0.006411172915250063,0.5847942233085632,0.13024327158927917,-0.05237056687474251,-0.07921481877565384,0.02720247022807598,-0.14311377704143524,0.013894973322749138,-0.09924909472465515,0.029544759541749954,0.13369175791740417,0.21101179718971252,0.20824818313121796,0.006631708238273859,-0.08782299607992172,0.3837617039680481,0.16691578924655914,0.008751951158046722,0.13413767516613007,0.22351549565792084,0.22593002021312714,0.004578820429742336,-0.07293833792209625,0.401482492685318,0.19690214097499847,0.0066459584049880505,0.16916833817958832,0.19389262795448303,0.012163571082055569,0.007137141656130552,-0.07022688537836075,0.4409206509590149,-0.0023239587899297476,0.008643421344459057,37,1.234,,,,,,,,,,,,,,,,,,,,,,,,,,,,,,,,,,,,,,,,,,,,,,,,,,,,,,,,,,,,,,,,,,,,,,,,,,,,,,,,,,,,,,,,,,,,,,,,,,,,,,,,,,,,,,,,,,,,,,,,,,,,,,,,,,,,,,,,,,,,,,,,,,,,,,,,,,,,,,,,,,,,,,,,
-0.0509316585958004,-0.5985831618309021,-0.24355080723762512,0.9998987317085266,-0.03709431365132332,-0.6397430300712585,-0.23331233859062195,0.9998282194137573,-0.03773375600576401,-0.6392791867256165,-0.23539325594902039,0.999832272529602,-0.03739926218986511,-0.639254093170166,-0.23304392397403717,0.9998178482055664,-0.07468339800834656,-0.6390627026557922,-0.23214007914066315,0.9998250603675842,-0.07273207604885101,-0.6396938562393188,-0.23262663185596466,0.9998306035995483,-0.07331302016973495,-0.6387014985084534,-0.22849194705486298,0.999814510345459,0.044602472335100174,-0.6372174024581909,-0.14056937396526337,0.9998528361320496,-0.11200794577598572,-0.6296588778495789,-0.11512269824743271,0.9998379945755005,-0.021483255550265312,-0.5734819769859314,-0.2174043506383896,0.9999433755874634,-0.06655827909708023,-0.5697901844978333,-0.2086104154586792,0.999931275844574,0.16356688737869263,-0.4534730017185211,-0.09689321368932724,0.9997251629829407,-0.17739219963550568,-0.4444112777709961,-0.052097417414188385,0.9997336864471436,0.25061044096946716,-0.24805419147014618,-0.14090923964977264,0.9925174713134766,-0.24735377728939056,-0.23721937835216522,-0.10750564932823181,0.9818498492240906,0.08399844914674759,-0.12139984220266342,-0.28570303320884705,0.9643887281417847,-0.17193397879600525,-0.15831826627254486,-0.3148886561393738,0.9575580358505249,0.028730949386954308,-0.07397496700286865,-0.3217863440513611,0.9380484223365784,-0.15099799633026123,-0.1264761984348297,-0.3615185618400574,0.9318011403083801,0.02273019775748253,-0.0943717360496521,-0.33845096826553345,0.9453462362289429,-0.13096198439598083,-0.15030744671821594,-0.36946675181388855,0.9396703243255615,0.06679369509220123,-0.119484543800354,-0.29765892028808594,0.9408328533172607,-0.15172740817070007,-0.15587636828422546,-0.32442525029182434,0.9354517459869385,0.11431387811899185,-0.00797797366976738,-0.005083968862891197,0.5441408753395081,-0.11310719698667526,0.0005898707895539701,0.006133695133030415,0.5518888831138611,0.1207420825958252,-0.05981799215078354,-0.08699198067188263,0.03322099521756172,-0.1380954533815384,0.011285599321126938,-0.12513944506645203,0.03416341543197632,0.13463258743286133,0.21071088314056396,0.17537452280521393,0.007673268206417561,-0.08859188854694366,0.38527214527130127,0.1348947435617447,0.010274658910930157,0.13509830832481384,0.22339822351932526,0.19662217795848846,0.005057681817561388,-0.07389148324728012,0.4019688665866852,0.16852249205112457,0.007221814710646868,0.17320787906646729,0.18509119749069214,-0.039939697831869125,0.008284322917461395,-0.07517871260643005,0.4267631769180298,-0.034752972424030304,0.010011764243245125,38,1.267,,,,,,,,,,,,,,,,,,,,,,,,,,,,,,,,,,,,,,,,,,,,,,,,,,,,,,,,,,,,,,,,,,,,,,,,,,,,,,,,,,,,,,,,,,,,,,,,,,,,,,,,,,,,,,,,,,,,,,,,,,,,,,,,,,,,,,,,,,,,,,,,,,,,,,,,,,,,,,,,,,,,,,,,
-0.05156964436173439,-0.5986765623092651,-0.2550513446331024,0.9998867511749268,-0.03726179897785187,-0.6396961808204651,-0.24451743066310883,0.9998090267181396,-0.03793090581893921,-0.6392267942428589,-0.2466810941696167,0.9998168349266052,-0.03762614727020264,-0.6391972899436951,-0.24444948136806488,0.9997967481613159,-0.07572875171899796,-0.6391551494598389,-0.24207216501235962,0.9998040795326233,-0.07381134480237961,-0.6397907733917236,-0.24224373698234558,0.999812126159668,-0.07433556020259857,-0.6387976408004761,-0.23819361627101898,0.9997883439064026,0.04617348685860634,-0.6345176100730896,-0.15307563543319702,0.999835193157196,-0.1115175113081932,-0.6291457414627075,-0.12031256407499313,0.9998176693916321,-0.022032013162970543,-0.5734231472015381,-0.22965501248836517,0.9999383091926575,-0.06677068024873734,-0.5697529911994934,-0.21877728402614594,0.9999235272407532,0.16538812220096588,-0.44723108410835266,-0.1165892630815506,0.9996829032897949,-0.17628923058509827,-0.44077277183532715,-0.0657271072268486,0.9996814727783203,0.24337907135486603,-0.2334471344947815,-0.1520073264837265,0.9884048700332642,-0.23836958408355713,-0.23178844153881073,-0.11024652421474457,0.9761202931404114,0.09186682850122452,-0.11589395254850388,-0.29083117842674255,0.9297543168067932,-0.16415555775165558,-0.15033464133739471,-0.3138923645019531,0.9251472353935242,0.04202214628458023,-0.06770790368318558,-0.327155739068985,0.8889365196228027,-0.1403072476387024,-0.11383935809135437,-0.3512859344482422,0.8867064118385315,0.021335095167160034,-0.08382836729288101,-0.3529931306838989,0.9036638140678406,-0.12412115186452866,-0.12905456125736237,-0.3674869239330292,0.901046633720398,0.06839345395565033,-0.11193768680095673,-0.30860617756843567,0.8953990936279297,-0.14455288648605347,-0.14384298026561737,-0.32441446185112,0.8949641585350037,0.11409318447113037,-0.008971264585852623,-0.004887657705694437,0.49616363644599915,-0.11266200244426727,0.001042236341163516,0.006105657201260328,0.5032399892807007,0.1045193076133728,-0.0883144736289978,-0.1014634221792221,0.036893244832754135,-0.12920793890953064,-0.0049306596629321575,-0.1635458618402481,0.03739283233880997,0.1405089646577835,0.20440734922885895,0.1563262939453125,0.008466582745313644,-0.08899395167827606,0.3814319968223572,0.11848626285791397,0.011485072784125805,0.1424843817949295,0.21868665516376495,0.18031738698482513,0.005389919970184565,-0.07719050347805023,0.3964071571826935,0.15870074927806854,0.00769082410261035,0.18333831429481506,0.16439153254032135,-0.07651836425065994,0.009027870371937752,-0.08909522742033005,0.4000447392463684,-0.04916607588529587,0.010823870077729225,39,1.301,,,,,,,,,,,,,,,,,,,,,,,,,,,,,,,,,,,,,,,,,,,,,,,,,,,,,,,,,,,,,,,,,,,,,,,,,,,,,,,,,,,,,,,,,,,,,,,,,,,,,,,,,,,,,,,,,,,,,,,,,,,,,,,,,,,,,,,,,,,,,,,,,,,,,,,,,,,,,,,,,,,,,,,,
