pose_world_0_x,pose_world_0_y,pose_world_0_z,pose_world_0_visibility,pose_world_1_x,pose_world_1_y,pose_world_1_z,pose_world_1_visibility,pose_world_2_x,pose_world_2_y,pose_world_2_z,pose_world_2_visibility,pose_world_3_x,pose_world_3_y,pose_world_3_z,pose_world_3_visibility,pose_world_4_x,pose_world_4_y,pose_world_4_z,pose_world_4_visibility,pose_world_5_x,pose_world_5_y,pose_world_5_z,pose_world_5_visibility,pose_world_6_x,pose_world_6_y,pose_world_6_z,pose_world_6_visibility,pose_world_7_x,pose_world_7_y,pose_world_7_z,pose_world_7_visibility,pose_world_8_x,pose_world_8_y,pose_world_8_z,pose_world_8_visibility,pose_world_9_x,pose_world_9_y,pose_world_9_z,pose_world_9_visibility,pose_world_10_x,pose_world_10_y,pose_world_10_z,pose_world_10_visibility,pose_world_11_x,pose_world_11_y,pose_world_11_z,pose_world_11_visibility,pose_world_12_x,pose_world_12_y,pose_world_12_z,pose_world_12_visibility,pose_world_13_x,pose_world_13_y,pose_world_13_z,pose_world_13_visibility,pose_world_14_x,pose_world_14_y,pose_world_14_z,pose_world_14_visibility,pose_world_15_x,pose_world_15_y,pose_world_15_z,pose_world_15_visibility,pose_world_16_x,pose_world_16_y,pose_world_16_z,pose_world_16_visibility,pose_world_17_x,pose_world_17_y,pose_world_17_z,pose_world_17_visibility,pose_world_18_x,pose_world_18_y,pose_world_18_z,pose_world_18_visibility,pose_world_19_x,pose_world_19_y,pose_world_19_z,pose_world_19_visibility,pose_world_20_x,pose_world_20_y,pose_world_20_z,pose_world_20_visibility,pose_world_21_x,pose_world_21_y,pose_world_21_z,pose_world_21_visibility,pose_world_22_x,pose_world_22_y,pose_world_22_z,pose_world_22_visibility,pose_world_23_x,pose_world_23_y,pose_world_23_z,pose_world_23_visibility,pose_world_24_x,pose_world_24_y,pose_world_24_z,pose_world_24_visibility,pose_world_25_x,pose_world_25_y,pose_world_25_z,pose_world_25_visibility,pose_world_26_x,pose_world_26_y,pose_world_26_z,pose_world_26_visibility,pose_world_27_x,pose_world_27_y,pose_world_27_z,pose_world_27_visibility,pose_world_28_x,pose_world_28_y,pose_world_28_z,pose_world_28_visibility,pose_world_29_x,pose_world_29_y,pose_world_29_z,pose_world_29_visibility,pose_world_30_x,pose_world_30_y,pose_world_30_z,pose_world_30_visibility,pose_world_31_x,pose_world_31_y,pose_world_31_z,pose_world_31_visibility,pose_world_32_x,pose_world_32_y,pose_world_32_z,pose_world_32_visibility,frame,timestamp,right_hand_0_x,right_hand_0_y,right_hand_0_z,right_hand_0_visibility,right_hand_1_x,right_hand_1_y,right_hand_1_z,right_hand_1_visibility,right_hand_2_x,right_hand_2_y,right_hand_2_z,right_hand_2_visibility,right_hand_3_x,right_hand_3_y,right_hand_3_z,right_hand_3_visibility,right_hand_4_x,right_hand_4_y,right_hand_4_z,right_hand_4_visibility,right_hand_5_x,right_hand_5_y,right_hand_5_z,right_hand_5_visibility,right_hand_6_x,right_hand_6_y,right_hand_6_z,right_hand_6_visibility,right_hand_7_x,right_hand_7_y,right_hand_7_z,right_hand_7_visibility,right_hand_8_x,right_hand_8_y,right_hand_8_z,right_hand_8_visibility,right_hand_9_x,right_hand_9_y,right_hand_9_z,right_hand_9_visibility,right_hand_10_x,right_hand_10_y,right_hand_10_z,right_hand_10_visibility,right_hand_11_x,right_hand_11_y,right_hand_11_z,right_hand_11_visibility,right_hand_12_x,right_hand_12_y,right_hand_12_z,right_hand_12_visibility,right_hand_13_x,right_hand_13_y,right_hand_13_z,right_hand_13_visibility,right_hand_14_x,right_hand_14_y,right_hand_14_z,right_hand_14_visibility,right_hand_15_x,right_hand_15_y,right_hand_15_z,right_hand_15_visibility,right_hand_16_x,right_hand_16_y,right_hand_16_z,right_hand_16_visibility,right_hand_17_x,right_hand_17_y,right_hand_17_z,right_hand_17_visibility,right_hand_18_x,right_hand_18_y,right_hand_18_z,right_hand_18_visibility,right_hand_19_x,right_hand_19_y,right_hand_19_z,right_hand_19_visibility,right_hand_20_x,right_hand_20_y,right_hand_20_z,right_hand_20_visibility,left_hand_0_x,left_hand_0_y,left_hand_0_z,left_hand_0_visibility,left_hand_1_x,left_hand_1_y,left_hand_1_z,left_hand_1_visibility,left_hand_2_x,left_hand_2_y,left_hand_2_z,left_hand_2_visibility,left_hand_3_x,left_hand_3_y,left_hand_3_z,left_hand_3_visibility,left_hand_4_x,left_hand_4_y,left_hand_4_z,left_hand_4_visibility,left_hand_5_x,left_hand_5_y,left_hand_5_z,left_hand_5_visibility,left_hand_6_x,left_hand_6_y,left_hand_6_z,left_hand_6_visibility,left_hand_7_x,left_hand_7_y,left_hand_7_z,left_hand_7_visibility,left_hand_8_x,left_hand_8_y,left_hand_8_z,left_hand_8_visibility,left_hand_9_x,left_hand_9_y,left_hand_9_z,left_hand_9_visibility,left_hand_10_x,left_hand_10_y,left_hand_10_z,left_hand_10_visibility,left_hand_11_x,left_hand_11_y,left_hand_11_z,left_hand_11_visibility,left_hand_12_x,left_hand_12_y,left_hand_12_z,left_hand_12_visibility,left_hand_13_x,left_hand_13_y,left_hand_13_z,left_hand_13_visibility,left_hand_14_x,left_hand_14_y,left_hand_14_z,left_hand_14_visibility,left_hand_15_x,left_hand_15_y,left_hand_15_z,left_hand_15_visibility,left_hand_16_x,left_hand_16_y,left_hand_16_z,left_hand_16_visibility,left_hand_17_x,left_hand_17_y,left_hand_17_z,left_hand_17_visibility,left_hand_18_x,left_hand_18_y,left_hand_18_z,left_hand_18_visibility,left_hand_19_x,left_hand_19_y,left_hand_19_z,left_hand_19_visibility,left_hand_20_x,left_hand_20_y,left_hand_20_z,left_hand_20_visibility
-0.07247141003608704,-0.5810487866401672,-0.3298562467098236,0.9957127571105957,-0.04767673462629318,-0.6177762746810913,-0.33259329199790955,0.9932984709739685,-0.04802470654249191,-0.6175144910812378,-0.3345073163509369,0.9940131306648254,-0.047579213976860046,-0.6175445914268494,-0.33276495337486267,0.9931847453117371,-0.08303339779376984,-0.6213254928588867,-0.31987127661705017,0.992954432964325,-0.080972820520401,-0.622236967086792,-0.31993019580841064,0.9935801029205322,-0.08168317377567291,-0.6212505102157593,-0.316067099571228,0.9929776787757874,0.06737542152404785,-0.6117103695869446,-0.26826873421669006,0.994928240776062,-0.07481949031352997,-0.6241433620452881,-0.18901830911636353,0.9926417469978333,-0.03470906987786293,-0.555928111076355,-0.31107592582702637,0.9985800981521606,-0.07563227415084839,-0.557722806930542,-0.28755706548690796,0.9985032081604004,0.18174205720424652,-0.41803351044654846,-0.23692093789577484,0.9991430044174194,-0.13870304822921753,-0.44849398732185364,-0.10117585211992264,0.9994040727615356,0.18908332288265228,-0.18524169921875,-0.2297326773405075,0.966140627861023,-0.1736457794904709,-0.21537530422210693,-0.0461246520280838,0.708453893661499,0.07380453497171402,-0.010889904573559761,-0.2732764482498169,0.6533663868904114,-0.18136712908744812,-0.03835076838731766,-0.14071130752563477,0.3553137481212616,0.04808400198817253,0.05145164579153061,-0.2990606427192688,0.5193817615509033,-0.18099679052829742,0.022565316408872604,-0.15615859627723694,0.30829280614852905,0.00922149233520031,0.04061127081513405,-0.3329025208950043,0.5860814452171326,-0.1684829294681549,0.02519897371530533,-0.1933971494436264,0.36421698331832886,0.04592164233326912,-0.003188386559486389,-0.2871323227882385,0.5405053496360779,-0.16797173023223877,-0.021061794832348824,-0.158363938331604,0.35482048988342285,0.1041758731007576,-0.00018547801300883293,-0.03380628302693367,0.45289918780326843,-0.10406741499900818,-0.005313916131854057,0.035036467015743256,0.511277437210083,0.0600799135863781,0.12357939779758453,-0.06358388811349869,0.20958441495895386,-0.09477587789297104,0.18480797111988068,-0.045724812895059586,0.2522398829460144,0.0927291288971901,0.387346088886261,0.18601638078689575,0.048799511045217514,-0.0825134813785553,0.531821608543396,0.18448232114315033,0.11492736637592316,0.0923919528722763,0.4114758372306824,0.20850138366222382,0.018759235739707947,-0.08370866626501083,0.5586865544319153,0.21392594277858734,0.05132487416267395,0.08419550210237503,0.4229198098182678,0.04380156099796295,0.049008727073669434,-0.14454016089439392,0.5803988575935364,0.07833092659711838,0.09153266996145248,0,0.0,,,,,,,,,,,,,,,,,,,,,,,,,,,,,,,,,,,,,,,,,,,,,,,,,,,,,,,,,,,,,,,,,,,,,,,,,,,,,,,,,,,,,,,,,,,,,,,,,,,,,,,,,,,,,,,,,,,,,,,,,,,,,,,,,,,,,,,,,,,,,,,,,,,,,,,,,,,,,,,,,,,,,,,,
-0.0720258429646492,-0.5946980118751526,-0.3204323947429657,0.9960247278213501,-0.04663999006152153,-0.6306318640708923,-0.32063043117523193,0.9937551617622375,-0.04699093475937843,-0.6303033232688904,-0.32243645191192627,0.9944360256195068,-0.046590209007263184,-0.6302571892738342,-0.32075557112693787,0.993663489818573,-0.08261562883853912,-0.6345705389976501,-0.30858558416366577,0.9934113025665283,-0.08056505769491196,-0.635302722454071,-0.3085353970527649,0.9940009713172913,-0.08127107471227646,-0.6342863440513611,-0.304664671421051,0.9934183359146118,0.06813828647136688,-0.6178234815597534,-0.250236451625824,0.9952674508094788,-0.07515377551317215,-0.6313930749893188,-0.17077499628067017,0.9930958151817322,-0.03445723280310631,-0.567084014415741,-0.30007219314575195,0.9986779689788818,-0.07562918215990067,-0.5693240165710449,-0.2764527499675751,0.9985923171043396,0.18156494200229645,-0.42219629883766174,-0.21862660348415375,0.9992002844810486,-0.1399279236793518,-0.4507259726524353,-0.0958310067653656,0.9994295835494995,0.19608132541179657,-0.1882554292678833,-0.21938475966453552,0.966255247592926,-0.18813925981521606,-0.2174513190984726,-0.04273773729801178,0.720237135887146,0.08648999780416489,-0.025430457666516304,-0.2750270366668701,0.6361168026924133,-0.19310760498046875,-0.04742126911878586,-0.13858631253242493,0.3533869981765747,0.06078001856803894,0.03442468121647835,-0.3003767728805542,0.5018425583839417,-0.18990537524223328,0.013287708163261414,-0.1495114117860794,0.30420413613319397,0.01846148818731308,0.02720141038298607,-0.3366498053073883,0.571898341178894,-0.17872367799282074,0.02069450542330742,-0.1902458518743515,0.3618682026863098,0.05673479661345482,-0.016701847314834595,-0.2901567816734314,0.5258910059928894,-0.17960454523563385,-0.02842075377702713,-0.1571311056613922,0.35245800018310547,0.10429023951292038,-0.0005570188513956964,-0.03337119147181511,0.43289095163345337,-0.10407139360904694,-0.005038504023104906,0.034672897309064865,0.4859166145324707,0.056099213659763336,0.07640568166971207,-0.07162878662347794,0.20050545036792755,-0.09535613656044006,0.18092922866344452,-0.05089137330651283,0.23852871358394623,0.10971753299236298,0.3688857853412628,0.172697514295578,0.047061000019311905,-0.09412228316068649,0.5361625552177429,0.20202355086803436,0.10819273442029953,0.11176682263612747,0.3910323679447174,0.1962408870458603,0.017929881811141968,-0.09698548913002014,0.561389148235321,0.24140970408916473,0.048373181372880936,0.10463069379329681,0.3780706822872162,-0.006459237542003393,0.04715155437588692,-0.1604682207107544,0.5763585567474365,0.09267770498991013,0.08607514947652817,1,0.041,,,,,,,,,,,,,,,,,,,,,,,,,,,,,,,,,,,,,,,,,,,,,,,,,,,,,,,,,,,,,,,,,,,,,,,,,,,,,,,,,,,,,,,,,,,,,,,,,,,,,,,,,,,,,,,,,,,,,,,,,,,,,,,,,,,,,,,,,,,,,,,,,,,,,,,,,,,,,,,,,,,,,,,,
-0.07034960389137268,-0.6015623211860657,-0.31846699118614197,0.9963172078132629,-0.04433046653866768,-0.6366857290267944,-0.318314790725708,0.9941864609718323,-0.04469691216945648,-0.6363739371299744,-0.3201073110103607,0.9948245882987976,-0.04433022812008858,-0.6363430023193359,-0.3184049427509308,0.9941098093986511,-0.08059266209602356,-0.6409066319465637,-0.30638009309768677,0.9938575029373169,-0.07853808999061584,-0.6416290998458862,-0.3063327670097351,0.9944119453430176,-0.0792403593659401,-0.6406221985816956,-0.3024635314941406,0.9938647747039795,0.0693529024720192,-0.6204246878623962,-0.24746862053871155,0.9955825805664062,-0.07472139596939087,-0.6350067257881165,-0.1691531389951706,0.9935466051101685,-0.03349815681576729,-0.5727590322494507,-0.29810014367103577,0.9987632632255554,-0.07495442032814026,-0.5752601623535156,-0.27478960156440735,0.9986742734909058,0.1815287172794342,-0.423132061958313,-0.21566715836524963,0.9992421865463257,-0.14021441340446472,-0.45256462693214417,-0.09263405948877335,0.9994465112686157,0.20671609044075012,-0.1887568086385727,-0.21384204924106598,0.9677119851112366,-0.19407424330711365,-0.21925382316112518,-0.04215383157134056,0.7339693307876587,0.0955682173371315,-0.02848679944872856,-0.2742478549480438,0.6433964967727661,-0.21170750260353088,-0.060532111674547195,-0.13996054232120514,0.36951571702957153,0.06908786296844482,0.02952885627746582,-0.2996559143066406,0.5072262287139893,-0.2123868465423584,-0.004941783379763365,-0.15114900469779968,0.31618601083755493,0.025622056797146797,0.01973051391541958,-0.33637937903404236,0.5786006450653076,-0.2038968801498413,0.0008490431937389076,-0.19277535378932953,0.37564605474472046,0.0651087537407875,-0.021072547882795334,-0.28973615169525146,0.5324527621269226,-0.20017029345035553,-0.04308682680130005,-0.15889215469360352,0.36594295501708984,0.1042560487985611,-0.0007304358296096325,-0.033259838819503784,0.42603233456611633,-0.10398528724908829,-0.004957681987434626,0.034583449363708496,0.4738018214702606,0.05657795071601868,0.08356589078903198,-0.07243742048740387,0.20038478076457977,-0.09533015638589859,0.18847662210464478,-0.05054294690489769,0.2332770675420761,0.1141946092247963,0.3706527650356293,0.15657977759838104,0.04735543578863144,-0.09459379315376282,0.5406348705291748,0.20061761140823364,0.10497552901506424,0.11593366414308548,0.39320653676986694,0.17788533866405487,0.017606504261493683,-0.09715208411216736,0.5648186206817627,0.23779191076755524,0.046556826680898666,0.11365856230258942,0.3861370384693146,-0.019575031474232674,0.047378625720739365,-0.15968060493469238,0.5781567692756653,0.09173941612243652,0.08364718407392502,2,0.083,,,,,,,,,,,,,,,,,,,,,,,,,,,,,,,,,,,,,,,,,,,,,,,,,,,,,,,,,,,,,,,,,,,,,,,,,,,,,,,,,,,,,,,,,,,,,,,,,,,,,,,,,,,,,,,,,,,,,,,,,,,,,,,,,,,,,,,,,,,,,,,,,,,,,,,,,,,,,,,,,,,,,,,,
-0.07040691375732422,-0.6082803010940552,-0.29789677262306213,0.9965478777885437,-0.0448351614177227,-0.6432830691337585,-0.2976777255535126,0.9945472478866577,-0.04523630067706108,-0.643052339553833,-0.2996450960636139,0.9951133728027344,-0.04483935609459877,-0.6431278586387634,-0.2976725399494171,0.9944615960121155,-0.0807909294962883,-0.6476662755012512,-0.2858005166053772,0.9942672252655029,-0.07872723788022995,-0.6485042572021484,-0.28591567277908325,0.9947846531867981,-0.07942993193864822,-0.6475810408592224,-0.2819739580154419,0.9942930340766907,0.06750403344631195,-0.6285409331321716,-0.2241946905851364,0.9958201050758362,-0.0759582370519638,-0.6443086862564087,-0.1543937474489212,0.993963897228241,-0.03376690298318863,-0.5803387761116028,-0.2774299681186676,0.9987937808036804,-0.07516743242740631,-0.5829488039016724,-0.2565304636955261,0.9987167716026306,0.18054567277431488,-0.4325016140937805,-0.19312886893749237,0.9991686344146729,-0.14319777488708496,-0.4664105176925659,-0.058138102293014526,0.9994117617607117,0.20619255304336548,-0.19645395874977112,-0.19401903450489044,0.9696424603462219,-0.19627675414085388,-0.23705676198005676,-0.0425005666911602,0.7435249090194702,0.08678794652223587,-0.033082131296396255,-0.26796403527259827,0.6740078926086426,-0.23187962174415588,-0.12167089432477951,-0.21550819277763367,0.41521400213241577,0.05546170100569725,0.022095175459980965,-0.2993776202201843,0.5475211143493652,-0.24393483996391296,-0.08442715555429459,-0.2596606910228729,0.36347705125808716,0.016618827357888222,0.0013337978161871433,-0.3337114453315735,0.6128633618354797,-0.23419089615345,-0.09896869957447052,-0.28575652837753296,0.41977933049201965,0.05782954394817352,-0.03006817027926445,-0.2834174335002899,0.5701903104782104,-0.22303073108196259,-0.114047572016716,-0.23191112279891968,0.41050711274147034,0.10407212376594543,-0.0009307473083026707,-0.03312258794903755,0.45737358927726746,-0.10393209010362625,-0.004956073127686977,0.03447677940130234,0.5007583498954773,0.08123210072517395,0.11020377278327942,-0.05449941009283066,0.21498005092144012,-0.09591145813465118,0.2062833309173584,-0.02997143752872944,0.23682387173175812,0.11301764100790024,0.3853052854537964,0.14283786714076996,0.05027797818183899,-0.08392171561717987,0.5260232090950012,0.16842329502105713,0.10505347698926926,0.11404629796743393,0.4072651267051697,0.15773458778858185,0.01859729364514351,-0.08001425862312317,0.5464672446250916,0.18633468449115753,0.04728701710700989,0.11330708861351013,0.4142640233039856,-0.013231814838945866,0.05090712755918503,-0.12784549593925476,0.5778921842575073,0.044869136065244675,0.08626749366521835,3,0.125,0.42780211567878723,0.8378769755363464,-1.3226107853370195e-07,,0.4440688490867615,0.863590657711029,-0.015089880675077438,,0.454509437084198,0.9005491137504578,-0.02449612133204937,,0.4603287875652313,0.9363265037536621,-0.03146098926663399,,0.4628120958805084,0.9673797488212585,-0.03747531399130821,,0.4206560552120209,0.9174579977989197,-0.023556040599942207,,0.4328349232673645,0.9774299263954163,-0.03498471900820732,,0.4445681869983673,1.006412148475647,-0.04184458777308464,,0.45194998383522034,1.0231341123580933,-0.04536586254835129,,0.4080910384654999,0.9217910766601562,-0.019846538081765175,,0.4205426871776581,0.9842990636825562,-0.029792534187436104,,0.4342413544654846,1.0082392692565918,-0.03339742124080658,,0.4436911344528198,1.0171984434127808,-0.035252682864665985,,0.40061596035957336,0.9223981499671936,-0.01697530597448349,,0.4110598564147949,0.9822545051574707,-0.02590983733534813,,0.4251115024089813,1.0035717487335205,-0.02660759910941124,,0.4349256753921509,1.01064932346344,-0.0257355235517025,,0.3971135914325714,0.9221929907798767,-0.01510425005108118,,0.40463829040527344,0.9731478095054626,-0.022407840937376022,,0.4162394106388092,0.9942090511322021,-0.023145975545048714,,0.42519015073776245,1.0020807981491089,-0.022282416000962257,,,,,,,,,,,,,,,,,,,,,,,,,,,,,,,,,,,,,,,,,,,,,,,,,,,,,,,,,,,,,,,,,,,,,,,,,,,,,,,,,,,,,
-0.06893963366746902,-0.6099837422370911,-0.2909766137599945,0.996840238571167,-0.04473332688212395,-0.6453460454940796,-0.2875388264656067,0.994979977607727,-0.04515212029218674,-0.6451365351676941,-0.2894606292247772,0.9954726696014404,-0.04474113509058952,-0.6452069878578186,-0.28738418221473694,0.9948828816413879,-0.08077683299779892,-0.6492072939872742,-0.2784433662891388,0.9947639107704163,-0.07871042191982269,-0.6500409245491028,-0.2786472737789154,0.9952391386032104,-0.07941052317619324,-0.6491226553916931,-0.2746593952178955,0.9948004484176636,0.06407999992370605,-0.6317273378372192,-0.20118103921413422,0.9961410164833069,-0.08410618454217911,-0.6449782252311707,-0.1470152884721756,0.994481086730957,-0.03347783908247948,-0.5822942852973938,-0.26735737919807434,0.9988741874694824,-0.07517171651124954,-0.5841602683067322,-0.2503347396850586,0.9988129734992981,0.17736908793449402,-0.4411711096763611,-0.1549067348241806,0.9991282820701599,-0.15036553144454956,-0.4662620425224304,-0.046146441251039505,0.9994162321090698,0.20617321133613586,-0.2164936065673828,-0.15687377750873566,0.9719027280807495,-0.19961129128932953,-0.2398015707731247,-0.07328718155622482,0.7612088918685913,0.07317568361759186,-0.05024947598576546,-0.2518484890460968,0.7038499712944031,-0.24302002787590027,-0.18198631703853607,-0.3055267333984375,0.46768468618392944,0.03286851942539215,-0.0023523950949311256,-0.28566330671310425,0.5865225195884705,-0.25670361518859863,-0.1706896871328354,-0.36086398363113403,0.41785019636154175,-0.001098106731660664,-0.02778054028749466,-0.31289130449295044,0.6458779573440552,-0.25340157747268677,-0.19327814877033234,-0.37079644203186035,0.4692198634147644,0.04404503479599953,-0.05087048187851906,-0.2658720314502716,0.6062705516815186,-0.2368854284286499,-0.1822775900363922,-0.31691014766693115,0.4588143229484558,0.10406793653964996,-0.002659071469679475,-0.028694944456219673,0.48197221755981445,-0.103975810110569,-0.004009389318525791,0.030140267685055733,0.5248578786849976,0.10605128109455109,0.08818315714597702,-0.05509212985634804,0.22701393067836761,-0.09582096338272095,0.19784103333950043,-0.039035405963659286,0.24264554679393768,0.1223721131682396,0.3375181257724762,0.1458611637353897,0.050419680774211884,-0.07987996935844421,0.49266499280929565,0.1448618620634079,0.10515803098678589,0.12180827558040619,0.3563182055950165,0.16222669184207916,0.019199389964342117,-0.07351341098546982,0.5123236179351807,0.1603921800851822,0.04765382781624794,0.13578152656555176,0.3723028600215912,-0.007101225201040506,0.05161553993821144,-0.10904712975025177,0.5596784949302673,0.004125144798308611,0.08764111250638962,4,0.166,,,,,,,,,,,,,,,,,,,,,,,,,,,,,,,,,,,,,,,,,,,,,,,,,,,,,,,,,,,,,,,,,,,,,,,,,,,,,,,,,,,,,,,,,,,,,,,,,,,,,,,,,,,,,,,,,,,,,,,,,,,,,,,,,,,,,,,,,,,,,,,,,,,,,,,,,,,,,,,,,,,,,,,,
-0.06894563883543015,-0.6151152849197388,-0.2902058959007263,0.9971334338188171,-0.04512516409158707,-0.6510022878646851,-0.2867266833782196,0.9954305291175842,-0.04557414352893829,-0.6507735848426819,-0.28851228952407837,0.9958648085594177,-0.045169997960329056,-0.6507855653762817,-0.2864123582839966,0.9953320622444153,-0.08132150024175644,-0.6545012593269348,-0.27873101830482483,0.9952539801597595,-0.07924078404903412,-0.6552173495292664,-0.27913472056388855,0.9956859946250916,-0.07994978874921799,-0.6542600989341736,-0.27510321140289307,0.9952924847602844,0.05823492631316185,-0.6376779079437256,-0.19906684756278992,0.996484637260437,-0.09196924418210983,-0.6487780809402466,-0.14786061644554138,0.9949960708618164,-0.034025177359580994,-0.5867071747779846,-0.2657112181186676,0.9989676475524902,-0.0765041783452034,-0.5881500840187073,-0.2496877908706665,0.9989164471626282,0.17093327641487122,-0.4465084969997406,-0.1478777825832367,0.9991322159767151,-0.1528279334306717,-0.46591266989707947,-0.042043186724185944,0.9994270205497742,0.20432761311531067,-0.21725252270698547,-0.15724700689315796,0.9743584394454956,-0.18815626204013824,-0.2418307662010193,-0.09459100663661957,0.7799899578094482,0.05083348974585533,-0.08026288449764252,-0.25087082386016846,0.7325337529182434,-0.2513919472694397,-0.2340601235628128,-0.3224692642688751,0.5181229710578918,0.004399413242936134,-0.0415535531938076,-0.28291523456573486,0.6244191527366638,-0.27204644680023193,-0.23646874725818634,-0.3747125566005707,0.46983426809310913,-0.022320354357361794,-0.07139188796281815,-0.3037339150905609,0.6780239343643188,-0.28036344051361084,-0.25777313113212585,-0.37981584668159485,0.5164614915847778,0.023494094610214233,-0.0862344428896904,-0.26256003975868225,0.6417575478553772,-0.2503049075603485,-0.2382914423942566,-0.3323962092399597,0.5059031248092651,0.10447520762681961,-0.003444689093157649,-0.026242638006806374,0.510948121547699,-0.1045738011598587,-0.0031855145934969187,0.02736595831811428,0.5509448647499084,0.10881156474351883,0.08171986043453217,-0.05014898255467415,0.22339431941509247,-0.10424189269542694,0.17902536690235138,-0.027855196967720985,0.2351691871881485,0.12181450426578522,0.32923415303230286,0.17268066108226776,0.049265630543231964,-0.08015961945056915,0.47876492142677307,0.17973464727401733,0.10032114386558533,0.12096904963254929,0.3460610508918762,0.1876685619354248,0.019074758514761925,-0.07392735779285431,0.4997929036617279,0.1939612478017807,0.04575647413730621,0.13068869709968567,0.36273351311683655,0.01644204743206501,0.05054693669080734,-0.1062307357788086,0.5544859766960144,0.005746040493249893,0.08420901000499725,5,0.208,,,,,,,,,,,,,,,,,,,,,,,,,,,,,,,,,,,,,,,,,,,,,,,,,,,,,,,,,,,,,,,,,,,,,,,,,,,,,,,,,,,,,,,,,,,,,,,,,,,,,,,,,,,,,,,,,,,,,,,,,,,,,,,,,,,,,,,,,,,,,,,,,,,,,,,,,,,,,,,,,,,,,,,,
-0.0663691833615303,-0.6141223907470703,-0.2880963385105133,0.9973887205123901,-0.04358583688735962,-0.6496519446372986,-0.2859856188297272,0.9958240389823914,-0.04410438984632492,-0.6494147181510925,-0.28772950172424316,0.9962040781974792,-0.043693579733371735,-0.6494418382644653,-0.285627543926239,0.9957210421562195,-0.07979787886142731,-0.6534498929977417,-0.27774864435195923,0.995682954788208,-0.07769816368818283,-0.6542156934738159,-0.2782188355922699,0.9960768222808838,-0.07838796824216843,-0.6532836556434631,-0.27414417266845703,0.9957242012023926,0.058391112834215164,-0.6368297934532166,-0.20127081871032715,0.996781587600708,-0.09125208854675293,-0.6480845808982849,-0.14596068859100342,0.9954382181167603,-0.03193604573607445,-0.5855871438980103,-0.2641822099685669,0.9990406036376953,-0.0748366191983223,-0.5874543786048889,-0.24716375768184662,0.9989987015724182,0.17120049893856049,-0.44626930356025696,-0.14746510982513428,0.9991294741630554,-0.15097159147262573,-0.4615591764450073,-0.028623372316360474,0.9994087219238281,0.20187409222126007,-0.21580688655376434,-0.16583284735679626,0.9763514399528503,-0.161804661154747,-0.23900148272514343,-0.08952803164720535,0.7903707027435303,0.02139003574848175,-0.09393095225095749,-0.2764728367328644,0.7579689025878906,-0.25405368208885193,-0.25885260105133057,-0.31611135601997375,0.5613520741462708,-0.03046347014605999,-0.06191915273666382,-0.30796924233436584,0.6577600836753845,-0.2796526551246643,-0.2764590382575989,-0.3646174669265747,0.5139864683151245,-0.056465573608875275,-0.09505165368318558,-0.3163876533508301,0.7062183618545532,-0.29981938004493713,-0.299186110496521,-0.36744099855422974,0.5568427443504333,-0.006509763188660145,-0.10292735695838928,-0.28364744782447815,0.6724186539649963,-0.2578091025352478,-0.26674261689186096,-0.3252469599246979,0.5447639226913452,0.10445455461740494,-0.004472502041608095,-0.025749847292900085,0.5295056104660034,-0.10457708686590195,-0.0023853557649999857,0.026839781552553177,0.564851701259613,0.10468865931034088,0.07709306478500366,-0.05096454173326492,0.21394510567188263,-0.11265759915113449,0.17370806634426117,-0.023474102839827538,0.22369764745235443,0.12062069773674011,0.32177960872650146,0.17202657461166382,0.04758410155773163,-0.08568890392780304,0.4724090099334717,0.17973628640174866,0.0943949893116951,0.11983588337898254,0.3373420536518097,0.18649733066558838,0.018997933715581894,-0.07660601288080215,0.4927500784397125,0.19508635997772217,0.04375068098306656,0.12772609293460846,0.34981051087379456,0.009977571666240692,0.04956088215112686,-0.11009377986192703,0.5506678223609924,0.02101447433233261,0.08048821985721588,6,0.25,,,,,,,,,,,,,,,,,,,,,,,,,,,,,,,,,,,,,,,,,,,,,,,,,,,,,,,,,,,,,,,,,,,,,,,,,,,,,,,,,,,,,,,,,,,,,,,,,,,,,,,,,,,,,,,,,,,,,,,,,,,,,,,,,,,,,,,,,,,,,,,,,,,,,,,,,,,,,,,,,,,,,,,,
-0.06569311767816544,-0.6136127710342407,-0.2746959328651428,0.9976280331611633,-0.04341307282447815,-0.6485974788665771,-0.27435463666915894,0.9961941838264465,-0.04394206032156944,-0.6483728289604187,-0.275872141122818,0.9965320229530334,-0.04355957731604576,-0.648402750492096,-0.2736225724220276,0.9960968494415283,-0.07932088524103165,-0.652327299118042,-0.2671723961830139,0.9960787296295166,-0.0772232860326767,-0.6531575918197632,-0.2682665288448334,0.9964369535446167,-0.07794543355703354,-0.6522426605224609,-0.2642020583152771,0.9961203932762146,0.05772259458899498,-0.6368998885154724,-0.1931232511997223,0.9970713257789612,-0.09059827774763107,-0.6478480696678162,-0.14025379717350006,0.9958588480949402,-0.031362134963274,-0.5852511525154114,-0.25185415148735046,0.9991238117218018,-0.07400723546743393,-0.5871926546096802,-0.23510383069515228,0.9990876913070679,0.16917015612125397,-0.44570714235305786,-0.13711461424827576,0.9991858005523682,-0.14768849313259125,-0.46171948313713074,-0.023592060431838036,0.999444842338562,0.1904979646205902,-0.2070137858390808,-0.17237819731235504,0.9786765575408936,-0.16442257165908813,-0.23889878392219543,-0.08865310251712799,0.8102111220359802,0.007156877778470516,-0.18905772268772125,-0.30367937684059143,0.7821025848388672,-0.2687567174434662,-0.3134688436985016,-0.30184754729270935,0.604732871055603,-0.047634467482566833,-0.18986079096794128,-0.342625230550766,0.69133061170578,-0.29161256551742554,-0.3407198488712311,-0.35082322359085083,0.5601401329040527,-0.06110968813300133,-0.23365184664726257,-0.3363329768180847,0.734916627407074,-0.3110567629337311,-0.37473779916763306,-0.3502715528011322,0.5986018180847168,-0.01535248477011919,-0.2110748589038849,-0.30590251088142395,0.7043919563293457,-0.2719554603099823,-0.33016717433929443,-0.3103395104408264,0.5875422954559326,0.1052100658416748,-0.0035174607764929533,-0.025710389018058777,0.5519228577613831,-0.10546419769525528,-0.002580295316874981,0.026499111205339432,0.5834721922874451,0.10806005448102951,0.056459665298461914,-0.051330048590898514,0.19566002488136292,-0.13525782525539398,0.12123219668865204,-0.023469164967536926,0.20503270626068115,0.1196119412779808,0.275058388710022,0.19714559614658356,0.04342123866081238,-0.10242156684398651,0.44004204869270325,0.2290530502796173,0.08572506904602051,0.11901924759149551,0.28389784693717957,0.21342024207115173,0.017515670508146286,-0.09239717572927475,0.4629305303096771,0.25341081619262695,0.040106672793626785,0.1239403709769249,0.3009388744831085,0.050269514322280884,0.045133065432310104,-0.11218669265508652,0.5183519721031189,0.08365869522094727,0.07307785749435425,7,0.291,0.3824482262134552,0.6454108357429504,1.3689087552393175e-07,,0.3943939208984375,0.6110332608222961,-0.00731245893985033,,0.3977234959602356,0.5712692141532898,-0.010675900615751743,,0.39631572365760803,0.5475277900695801,-0.01454848237335682,,0.3938652276992798,0.534838080406189,-0.01845676451921463,,0.3702602982521057,0.539011538028717,-0.0076721603982150555,,0.3609650433063507,0.5043820738792419,-0.015750499442219734,,0.355940043926239,0.48230424523353577,-0.02177390642464161,,0.3522762656211853,0.46450161933898926,-0.02554745227098465,,0.35887226462364197,0.5581874847412109,-0.00947925541549921,,0.3526335656642914,0.534957230091095,-0.018107745796442032,,0.3524344563484192,0.5177128314971924,-0.02292466349899769,,0.352212518453598,0.5047683715820312,-0.025418337434530258,,0.35141971707344055,0.5835444331169128,-0.012262484058737755,,0.3543359339237213,0.5795846581459045,-0.022672254592180252,,0.36405742168426514,0.5869338512420654,-0.023474015295505524,,0.3708380460739136,0.5953201055526733,-0.02156008966267109,,0.34727349877357483,0.6130889654159546,-0.015890369191765785,,0.3527643382549286,0.6047248840332031,-0.02306847646832466,,0.3615458607673645,0.608101487159729,-0.022017544135451317,,0.3682793080806732,0.6144599914550781,-0.019527502357959747,,0.6269734501838684,0.8583464026451111,-1.8559447312327393e-07,,0.5965127944946289,0.8281069397926331,-0.0010087394621223211,,0.558552086353302,0.8172778487205505,-0.005065984092652798,,0.5277934670448303,0.8324939012527466,-0.009329895488917828,,0.507936954498291,0.8577992916107178,-0.014600441791117191,,0.554861843585968,0.7912709712982178,-0.013261339627206326,,0.5201212763786316,0.8311893343925476,-0.024755112826824188,,0.5023261904716492,0.8677499890327454,-0.03380481153726578,,0.4911666810512543,0.8957909941673279,-0.03969201818108559,,0.5651284456253052,0.8118529915809631,-0.018314415588974953,,0.5325403809547424,0.849165678024292,-0.025211641564965248,,0.5190775990486145,0.882927417755127,-0.028819037601351738,,0.5153365135192871,0.9102824926376343,-0.03283792734146118,,0.5798875093460083,0.8405146598815918,-0.02325393818318844,,0.5517951846122742,0.8741837739944458,-0.02955297753214836,,0.5390917062759399,0.9022596478462219,-0.029380658641457558,,0.5339217185974121,0.924142062664032,-0.03039439208805561,,0.5962731838226318,0.8749655485153198,-0.028120409697294235,,0.5761041641235352,0.9009072780609131,-0.03483770787715912,,0.5671231746673584,0.9206424951553345,-0.034341733902692795,,0.5626460313796997,0.9383276104927063,-0.03384806588292122,
-0.06040065363049507,-0.6088414788246155,-0.2690982520580292,0.9978479743003845,-0.039429377764463425,-0.6455914378166199,-0.2690213918685913,0.9965344071388245,-0.03999846801161766,-0.6453066468238831,-0.27046969532966614,0.9968364834785461,-0.03971974551677704,-0.6453214883804321,-0.2681463360786438,0.9964444637298584,-0.0746593177318573,-0.6491127014160156,-0.2622927129268646,0.996439516544342,-0.07256932556629181,-0.6496700048446655,-0.2636045217514038,0.9967650175094604,-0.0733606219291687,-0.6486489772796631,-0.25954148173332214,0.9964807629585266,0.05845015496015549,-0.6365642547607422,-0.1894514560699463,0.9973399043083191,-0.08769752085208893,-0.6470639109611511,-0.13800737261772156,0.9962455034255981,-0.02622312307357788,-0.5808764100074768,-0.2467397302389145,0.9992032051086426,-0.06854227930307388,-0.5826108455657959,-0.2302049994468689,0.9991716146469116,0.170138880610466,-0.4451708197593689,-0.13118676841259003,0.9992497563362122,-0.14225907623767853,-0.46188685297966003,-0.026196522638201714,0.9994890093803406,0.1958054006099701,-0.20621351897716522,-0.17529618740081787,0.9807913899421692,-0.1739673614501953,-0.243257537484169,-0.09090128540992737,0.8288280963897705,0.017430536448955536,-0.2255568504333496,-0.3127244710922241,0.8038626909255981,-0.2840045094490051,-0.33583447337150574,-0.2947172224521637,0.6440979838371277,-0.03500067815184593,-0.23426610231399536,-0.35481542348861694,0.721823513507843,-0.3044596314430237,-0.36605262756347656,-0.34439945220947266,0.6029856204986572,-0.051169417798519135,-0.2801245450973511,-0.3456372618675232,0.7610219120979309,-0.3199350833892822,-0.4031834602355957,-0.34250113368034363,0.6374805569648743,-0.006502433214336634,-0.25023511052131653,-0.3137264847755432,0.7335081696510315,-0.28528574109077454,-0.35427427291870117,-0.30288708209991455,0.6275019645690918,0.10653159767389297,-0.0015167846577242017,-0.02503168396651745,0.5754578709602356,-0.10676030814647675,-0.003414704231545329,0.025289854034781456,0.6042836904525757,0.12114620208740234,0.03946996480226517,-0.05904103443026543,0.17831185460090637,-0.13821125030517578,0.08875901252031326,-0.031070750206708908,0.18754880130290985,0.12738795578479767,0.2610706388950348,0.19855348765850067,0.03949176147580147,-0.10114734619855881,0.43498364090919495,0.2311316579580307,0.0777534767985344,0.12821318209171295,0.2687954604625702,0.21491262316703796,0.016063036397099495,-0.0910399928689003,0.459253191947937,0.25709301233291626,0.036674175411462784,0.1311526745557785,0.28247973322868347,0.05134367197751999,0.040972981601953506,-0.10287129878997803,0.50835120677948,0.08457805961370468,0.06623571366071701,8,0.333,0.38105830550193787,0.6184302568435669,2.4562649514336954e-07,,0.39284849166870117,0.5752654075622559,-0.007276672404259443,,0.3968934118747711,0.5363218784332275,-0.01195646170526743,,0.3956165015697479,0.5104004740715027,-0.016857720911502838,,0.39317765831947327,0.4924130141735077,-0.022681651636958122,,0.37388405203819275,0.5023144483566284,-0.010295755229890347,,0.3663143217563629,0.4701150059700012,-0.02052236534655094,,0.3602786064147949,0.443479984998703,-0.02943498268723488,,0.3546305000782013,0.42012155055999756,-0.035680364817380905,,0.36170995235443115,0.5170213580131531,-0.013147997669875622,,0.35692140460014343,0.48260632157325745,-0.022252894937992096,,0.3525000810623169,0.45474401116371155,-0.030190709978342056,,0.34907853603363037,0.4301567077636719,-0.03580629825592041,,0.35267019271850586,0.5401095747947693,-0.016786104068160057,,0.3531150221824646,0.5159544944763184,-0.027505720034241676,,0.35701751708984375,0.49498793482780457,-0.03306233882904053,,0.3602306842803955,0.4778161644935608,-0.036232560873031616,,0.34785640239715576,0.5709752440452576,-0.020957471802830696,,0.3537100553512573,0.5546848177909851,-0.031104804947972298,,0.36377042531967163,0.5479951500892639,-0.0331573449075222,,0.37283965945243835,0.5449721813201904,-0.03349918872117996,,0.6334717273712158,0.8329383134841919,-1.92993297787325e-07,,0.6001794338226318,0.8239272236824036,-0.002107220934703946,,0.5613725781440735,0.8080790638923645,-0.007561769802123308,,0.5317010283470154,0.8066508173942566,-0.013479579240083694,,0.5097153782844543,0.8194722533226013,-0.020012864843010902,,0.566956639289856,0.7496147155761719,-0.018080875277519226,,0.5352035164833069,0.7521381974220276,-0.03505147248506546,,0.5178936123847961,0.78693687915802,-0.04733457416296005,,0.5093817710876465,0.8216832876205444,-0.05411597341299057,,0.5797144770622253,0.7579948306083679,-0.02441534772515297,,0.5484548211097717,0.7671239972114563,-0.03560733050107956,,0.5325760841369629,0.8028776049613953,-0.040977902710437775,,0.5271770358085632,0.8338322639465332,-0.045580144971609116,,0.5955597162246704,0.7778633832931519,-0.031002340838313103,,0.567245364189148,0.7910095453262329,-0.04037598520517349,,0.5538562536239624,0.8215820789337158,-0.041331697255373,,0.5495306253433228,0.8469980359077454,-0.042456384748220444,,0.6124016642570496,0.8061758279800415,-0.03768312931060791,,0.5915226340293884,0.8215091228485107,-0.04642711952328682,,0.5801693201065063,0.8421851992607117,-0.04720109701156616,,0.5748658180236816,0.8596223592758179,-0.04727649316191673,
-0.06058280169963837,-0.6086496114730835,-0.27243342995643616,0.998053789138794,-0.039521824568510056,-0.6452691555023193,-0.2722378671169281,0.9968567490577698,-0.04008562117815018,-0.6450079679489136,-0.2737494111061096,0.9971272349357605,-0.039798978716135025,-0.6450309157371521,-0.27145782113075256,0.9967740178108215,-0.074760302901268,-0.648703396320343,-0.26503226161003113,0.9967776536941528,-0.07267308980226517,-0.6493310332298279,-0.2662128210067749,0.9970725178718567,-0.07346384227275848,-0.6483333110809326,-0.2621653079986572,0.9968170523643494,0.05747661367058754,-0.6362653374671936,-0.1931586116552353,0.9975900053977966,-0.08759463578462601,-0.6469058394432068,-0.13944268226623535,0.9966052174568176,-0.026340605691075325,-0.5798186659812927,-0.25027742981910706,0.9992778301239014,-0.068679079413414,-0.5818327069282532,-0.23321384191513062,0.9992501735687256,0.16928870975971222,-0.4419870376586914,-0.1374278962612152,0.9993090629577637,-0.14241789281368256,-0.4622113108634949,-0.027883047237992287,0.9995322823524475,0.19569851458072662,-0.20315460860729218,-0.19348445534706116,0.9827015399932861,-0.2000749558210373,-0.2452375441789627,-0.11157653480768204,0.8457597494125366,0.022497009485960007,-0.2483574002981186,-0.32823389768600464,0.8234602808952332,-0.294005811214447,-0.3469442129135132,-0.3209795653820038,0.6796123385429382,-0.029692575335502625,-0.2636201083660126,-0.37038761377334595,0.7494093179702759,-0.31035181879997253,-0.37824830412864685,-0.3732893466949463,0.6420676708221436,-0.04673615097999573,-0.31048595905303955,-0.36026960611343384,0.7846673130989075,-0.31991538405418396,-0.41674551367759705,-0.36618444323539734,0.6730374693870544,-0.0022156666964292526,-0.2745981812477112,-0.32844969630241394,0.7598864436149597,-0.29214921593666077,-0.36614587903022766,-0.3274392783641815,0.6640628576278687,0.10801682621240616,-3.671384911285713e-05,-0.023863693699240685,0.5973260402679443,-0.10799645632505417,-0.004012273624539375,0.02368684858083725,0.6260539293289185,0.13411642611026764,0.017544733360409737,-0.07062457501888275,0.16300499439239502,-0.13914097845554352,0.05753728002309799,-0.044402144849300385,0.17233191430568695,0.1399141252040863,0.24402058124542236,0.19966650009155273,0.03596474975347519,-0.09842556715011597,0.4220222532749176,0.22778184711933136,0.07064201682806015,0.14158667623996735,0.25175023078918457,0.21699605882167816,0.014754561707377434,-0.08576872199773788,0.4462588131427765,0.2554730474948883,0.03357710689306259,0.14363227784633636,0.26014915108680725,0.05224883556365967,0.03719267249107361,-0.09172061830759048,0.48758965730667114,0.08234789222478867,0.060050107538700104,9,0.375,0.3832190930843353,0.5831995010375977,2.3145180705341772e-07,,0.3949729800224304,0.5404832363128662,-0.00405076565220952,,0.3999231159687042,0.49751392006874084,-0.006625268142670393,,0.39803510904312134,0.4695344865322113,-0.010864092968404293,,0.39191922545433044,0.46684151887893677,-0.015087521634995937,,0.37567222118377686,0.46422478556632996,-0.0004517498891800642,,0.3685183823108673,0.4312536120414734,-0.008063887245953083,,0.3631841242313385,0.4083363115787506,-0.013821662403643131,,0.3590931296348572,0.38758915662765503,-0.01709800772368908,,0.36314743757247925,0.47679468989372253,-0.004526244942098856,,0.35510385036468506,0.4412982761859894,-0.013326738961040974,,0.3519730865955353,0.41458573937416077,-0.01937726140022278,,0.35024452209472656,0.3913666009902954,-0.02178768627345562,,0.3534472584724426,0.49780184030532837,-0.009463317692279816,,0.36107149720191956,0.4827950596809387,-0.022438347339630127,,0.37487560510635376,0.5000766515731812,-0.024358481168746948,,0.38386815786361694,0.5162642002105713,-0.021156225353479385,,0.3472544550895691,0.5257443785667419,-0.014710881747305393,,0.35642361640930176,0.5134026408195496,-0.022947466000914574,,0.3683638572692871,0.5239692330360413,-0.021093904972076416,,0.3754327893257141,0.5363326072692871,-0.016880551353096962,,0.6322823762893677,0.8016211986541748,-2.13150897820924e-07,,0.5927244424819946,0.7941466569900513,-0.005708936136215925,,0.558167576789856,0.7693489193916321,-0.013991347514092922,,0.5320818424224854,0.7562705278396606,-0.022650903090834618,,0.5125017762184143,0.7668295502662659,-0.03180583938956261,,0.5692041516304016,0.6882704496383667,-0.02245984598994255,,0.5430651903152466,0.6820122599601746,-0.042427390813827515,,0.5298142433166504,0.7194130420684814,-0.055676355957984924,,0.5236656665802002,0.7527915835380554,-0.06322544813156128,,0.5864092707633972,0.695409893989563,-0.029465284198522568,,0.5551434755325317,0.7000752091407776,-0.04588942602276802,,0.5406628847122192,0.7411559820175171,-0.05170696601271629,,0.5365252494812012,0.7710644006729126,-0.05556514486670494,,0.6050736904144287,0.7169942259788513,-0.03740788251161575,,0.5750154256820679,0.723785400390625,-0.051852237433195114,,0.5611968636512756,0.7588900923728943,-0.05276162549853325,,0.5567471981048584,0.7865812182426453,-0.052848462015390396,,0.6241199970245361,0.746905505657196,-0.04574348032474518,,0.6025887131690979,0.7635303735733032,-0.05845498666167259,,0.5904662013053894,0.7829865217208862,-0.060243356972932816,,0.5837960243225098,0.7962193489074707,-0.06048828363418579,
-0.06319140642881393,-0.6078230738639832,-0.2678171396255493,0.9982385039329529,-0.04266975820064545,-0.6448582410812378,-0.267937570810318,0.997146725654602,-0.04326113313436508,-0.6445693969726562,-0.2694892883300781,0.9973887801170349,-0.043013300746679306,-0.6445886492729187,-0.2671282887458801,0.9970701932907104,-0.07711222022771835,-0.6483777165412903,-0.26069021224975586,0.9970812201499939,-0.07505026459693909,-0.6489165425300598,-0.26202884316444397,0.9973483681678772,-0.07586536556482315,-0.6478832960128784,-0.2580103576183319,0.9971187710762024,0.05274953320622444,-0.636080265045166,-0.1912122368812561,0.9978152513504028,-0.08899970352649689,-0.6467486619949341,-0.13793116807937622,0.996929407119751,-0.029373763129115105,-0.5787174701690674,-0.2470746487379074,0.9993446469306946,-0.07087733596563339,-0.5808025002479553,-0.22980009019374847,0.9993206262588501,0.16692231595516205,-0.4402681291103363,-0.1374223232269287,0.9993612170219421,-0.14438560605049133,-0.4628605842590332,-0.03074577823281288,0.9995716214179993,0.19221585988998413,-0.2030019909143448,-0.20434629917144775,0.9844183325767517,-0.21690413355827332,-0.25079435110092163,-0.11384540796279907,0.8609955310821533,0.025147538632154465,-0.2721693217754364,-0.34017565846443176,0.8410958051681519,-0.3032231032848358,-0.36150068044662476,-0.32976725697517395,0.7115774154663086,-0.027089275419712067,-0.29358935356140137,-0.38352230191230774,0.7742274403572083,-0.3184638023376465,-0.39609798789024353,-0.3829779028892517,0.6772959232330322,-0.04602879658341408,-0.34262481331825256,-0.3726174533367157,0.8059422373771667,-0.3262042999267578,-0.43605077266693115,-0.3751213550567627,0.7051075100898743,-7.92518548564658e-08,-0.3002406358718872,-0.3407402038574219,0.7836112380027771,-0.30042803287506104,-0.38168787956237793,-0.3361583948135376,0.6970161199569702,0.1087154746055603,0.0007431419799104333,-0.023740995675325394,0.6148132681846619,-0.10866634547710419,-0.004493176005780697,0.023472335189580917,0.6436705589294434,0.1331733614206314,0.013185534626245499,-0.07024946808815002,0.1496332436800003,-0.14030446112155914,0.06482885032892227,-0.044343769550323486,0.15883563458919525,0.14279606938362122,0.2306564450263977,0.2045994997024536,0.03279281035065651,-0.09769861400127411,0.41120684146881104,0.2338736653327942,0.06420893967151642,0.14467394351959229,0.23765921592712402,0.2228492945432663,0.013567542657256126,-0.08570091426372528,0.4339175224304199,0.2635202705860138,0.0307818241417408,0.1475435495376587,0.24578963220119476,0.05982451140880585,0.033801063895225525,-0.09528353810310364,0.4758715033531189,0.09248588234186172,0.05448347330093384,10,0.417,0.38474592566490173,0.5564345121383667,2.4394844899688906e-07,,0.3969106674194336,0.5181272029876709,-0.005968344397842884,,0.40286269783973694,0.47580191493034363,-0.010038225911557674,,0.400913268327713,0.4443132281303406,-0.015124090015888214,,0.3907544016838074,0.4475371241569519,-0.020004725083708763,,0.3761482834815979,0.43371739983558655,-0.004041669890284538,,0.3695058524608612,0.3997088074684143,-0.011564493179321289,,0.3640373945236206,0.375302255153656,-0.016926508396863937,,0.3594138026237488,0.35222065448760986,-0.020318176597356796,,0.362930566072464,0.4451075792312622,-0.007399261929094791,,0.3569459319114685,0.4078749120235443,-0.016217559576034546,,0.35681700706481934,0.383659303188324,-0.0209498330950737,,0.35728710889816284,0.36339351534843445,-0.02271859534084797,,0.3524673879146576,0.46497654914855957,-0.011619621887803078,,0.3636070489883423,0.44643503427505493,-0.02464585192501545,,0.37666013836860657,0.467589795589447,-0.0252040084451437,,0.3844359219074249,0.48726415634155273,-0.02132548578083515,,0.34566178917884827,0.49174854159355164,-0.01644018478691578,,0.35814860463142395,0.47710567712783813,-0.025214487686753273,,0.3700900375843048,0.4905603528022766,-0.023456580936908722,,0.3769035339355469,0.5053399205207825,-0.019460557028651237,,0.640328049659729,0.7585323452949524,-2.357568149591316e-07,,0.5970883965492249,0.7517884969711304,-0.006096514407545328,,0.5630771517753601,0.7302180528640747,-0.01452673226594925,,0.5364598631858826,0.7218498587608337,-0.02358878403902054,,0.5181003212928772,0.732932448387146,-0.0325230248272419,,0.5739234089851379,0.632503092288971,-0.015825312584638596,,0.5455241203308105,0.6470890045166016,-0.03350675851106644,,0.5354484915733337,0.6862124800682068,-0.045402705669403076,,0.5340040922164917,0.7112851738929749,-0.05208132416009903,,0.5929648876190186,0.6436091065406799,-0.0220310278236866,,0.5590406656265259,0.666359007358551,-0.03644930198788643,,0.5448951721191406,0.7060865163803101,-0.041290558874607086,,0.5433361530303955,0.729196310043335,-0.04407009109854698,,0.6122853755950928,0.670419454574585,-0.02958802320063114,,0.5793567895889282,0.6909061074256897,-0.04378221184015274,,0.5644584894180298,0.7249622344970703,-0.04367705434560776,,0.561325192451477,0.7457631826400757,-0.04215282201766968,,0.6301591992378235,0.705875039100647,-0.03755601868033409,,0.6039764285087585,0.7295054793357849,-0.04914934188127518,,0.5919498801231384,0.7488306760787964,-0.049123615026474,,0.5880858898162842,0.7583707571029663,-0.04720829427242279,
-0.06324252486228943,-0.6059870719909668,-0.2695558965206146,0.9984067678451538,-0.042842939496040344,-0.6434909105300903,-0.26974043250083923,0.9974127411842346,-0.04344296455383301,-0.6431658864021301,-0.27132466435432434,0.9976296424865723,-0.04319776967167854,-0.6431717276573181,-0.26898595690727234,0.9973422884941101,-0.07717296481132507,-0.6470850110054016,-0.2622297704219818,0.9973584413528442,-0.07511817663908005,-0.6475260257720947,-0.26351138949394226,0.9976001381874084,-0.07593747228384018,-0.6464466452598572,-0.2594981789588928,0.9973937273025513,0.052773624658584595,-0.6354078650474548,-0.19296465814113617,0.9980208873748779,-0.08884002268314362,-0.6459145545959473,-0.1388338953256607,0.9972240924835205,-0.029403936117887497,-0.5768411755561829,-0.24886734783649445,0.9994059801101685,-0.07091733813285828,-0.5789867639541626,-0.23132626712322235,0.9993849992752075,0.16708052158355713,-0.4376347064971924,-0.1401258111000061,0.9994106292724609,-0.14425703883171082,-0.46287912130355835,-0.03407368063926697,0.9996081590652466,0.1877630352973938,-0.20115219056606293,-0.21523572504520416,0.9859653115272522,-0.21377252042293549,-0.24996456503868103,-0.12458314001560211,0.8747463822364807,0.025737879797816277,-0.28072476387023926,-0.3515012562274933,0.8569720387458801,-0.2963140904903412,-0.3594621419906616,-0.34064602851867676,0.7403663396835327,-0.024603888392448425,-0.30478954315185547,-0.3936384320259094,0.796615481376648,-0.31123587489128113,-0.3946453332901001,-0.39286112785339355,0.7091382741928101,-0.03301750868558884,-0.3521743714809418,-0.3824460804462433,0.8251438140869141,-0.31822559237480164,-0.4337879717350006,-0.38381966948509216,0.7341142296791077,0.005677118897438049,-0.3086733818054199,-0.35190874338150024,0.8050297498703003,-0.29318931698799133,-0.3794163763523102,-0.34655818343162537,0.7268248200416565,0.10981055349111557,0.0016533558955416083,-0.02328644134104252,0.6312198042869568,-0.10954071581363678,-0.005003439728170633,0.02289491519331932,0.6606801152229309,0.13579708337783813,0.005245852749794722,-0.07283996045589447,0.13768960535526276,-0.14229752123355865,0.05058332160115242,-0.04791238158941269,0.14702947437763214,0.14456038177013397,0.21649456024169922,0.20897185802459717,0.029918920248746872,-0.0972336158156395,0.40026602149009705,0.23441986739635468,0.058396968990564346,0.14641642570495605,0.22315368056297302,0.2288753092288971,0.012507983483374119,-0.08561116456985474,0.4221232831478119,0.2660459578037262,0.02822861634194851,0.15012399852275848,0.22717973589897156,0.06649405509233475,0.03070572391152382,-0.09480392187833786,0.4597472548484802,0.09603729099035263,0.04941105470061302,11,0.458,0.388798326253891,0.5381004214286804,2.2554863221557753e-07,,0.40221869945526123,0.5039992928504944,-0.0061322590336203575,,0.4076632559299469,0.45814990997314453,-0.009860730729997158,,0.4054846167564392,0.4251369833946228,-0.01447923295199871,,0.39482301473617554,0.42668572068214417,-0.018714284524321556,,0.3793452978134155,0.41851773858070374,-0.0055380710400640965,,0.37271741032600403,0.3819933533668518,-0.013666113838553429,,0.3677583336830139,0.35747984051704407,-0.018254706636071205,,0.36332765221595764,0.3352930545806885,-0.020698344334959984,,0.36599746346473694,0.42892026901245117,-0.008988430723547935,,0.36067065596580505,0.38608574867248535,-0.019033988937735558,,0.3615022599697113,0.3591558337211609,-0.023184213787317276,,0.3631967604160309,0.3393486738204956,-0.023759113624691963,,0.3556539714336395,0.44767844676971436,-0.013325360603630543,,0.37021392583847046,0.42606380581855774,-0.02853243052959442,,0.3855975866317749,0.4498160779476166,-0.029591506347060204,,0.39530766010284424,0.47127655148506165,-0.02504485845565796,,0.35011208057403564,0.47185423970222473,-0.018179263919591904,,0.36816146969795227,0.4585840404033661,-0.02890698052942753,,0.3808248043060303,0.475955992937088,-0.02826227806508541,,0.38804903626441956,0.49268460273742676,-0.024498125538229942,,0.6420810222625732,0.7384487986564636,-2.692142970772693e-07,,0.6011857986450195,0.7280899286270142,-0.003910310100764036,,0.5663765668869019,0.7037687301635742,-0.011252478696405888,,0.540073812007904,0.6960591077804565,-0.019516918808221817,,0.5189390182495117,0.694843053817749,-0.027448151260614395,,0.5774797797203064,0.5969832539558411,-0.01597965508699417,,0.5421151518821716,0.624182939529419,-0.03172609210014343,,0.5357995629310608,0.6649842858314514,-0.04127233475446701,,0.5398640632629395,0.6855593919754028,-0.046649426221847534,,0.5962222218513489,0.6096974611282349,-0.022649677470326424,,0.5554265379905701,0.6390480995178223,-0.035442303866147995,,0.5462963581085205,0.6799112558364868,-0.03862305358052254,,0.5497876405715942,0.6985741853713989,-0.04052003473043442,,0.6155692338943481,0.6383844017982483,-0.030177738517522812,,0.5763555765151978,0.6593825221061707,-0.04373709857463837,,0.5644427537918091,0.6969180107116699,-0.042211808264255524,,0.5647544860839844,0.7161939144134521,-0.039635494351387024,,0.6329674124717712,0.6769736409187317,-0.03779913857579231,,0.6037853360176086,0.6899838447570801,-0.05074199289083481,,0.5870743989944458,0.7117767333984375,-0.051250066608190536,,0.5801249146461487,0.7241228818893433,-0.04908790439367294,
-0.06270935386419296,-0.6002820134162903,-0.27075862884521484,0.9985567927360535,-0.04262516647577286,-0.638643205165863,-0.27071619033813477,0.9976493716239929,-0.04323434829711914,-0.6382825374603271,-0.2722910940647125,0.9978435039520264,-0.04298519715666771,-0.6382755637168884,-0.2700048089027405,0.9975845217704773,-0.07688160985708237,-0.6421694159507751,-0.26305198669433594,0.997605562210083,-0.07484180480241776,-0.6425296664237976,-0.26424387097358704,0.9978244304656982,-0.07566024363040924,-0.6413997411727905,-0.2602331340312958,0.9976391196250916,0.052873555570840836,-0.6333644986152649,-0.19333451986312866,0.998203694820404,-0.08810529857873917,-0.6433324217796326,-0.13984735310077667,0.9974870681762695,-0.02857217565178871,-0.5722669959068298,-0.24982839822769165,0.9994605779647827,-0.06987754255533218,-0.5742979049682617,-0.23222316801548004,0.9994422793388367,0.16798095405101776,-0.4350409209728241,-0.14178356528282166,0.9994543194770813,-0.14309947192668915,-0.46281567215919495,-0.0391070581972599,0.9996405839920044,0.1841425895690918,-0.19919267296791077,-0.21721693873405457,0.9873523712158203,-0.21143557131290436,-0.24956610798835754,-0.1275148242712021,0.8870932459831238,0.02726089395582676,-0.283145546913147,-0.3524642288684845,0.8712552785873413,-0.2917001247406006,-0.35947221517562866,-0.34130528569221497,0.7662662267684937,-0.022932086139917374,-0.30757975578308105,-0.39366358518600464,0.8167207837104797,-0.3065371513366699,-0.3955704867839813,-0.39243650436401367,0.7377488613128662,-0.029193876311182976,-0.35488662123680115,-0.3836362361907959,0.8423792123794556,-0.3133603036403656,-0.43522125482559204,-0.3837088644504547,0.7601684927940369,0.006663345266133547,-0.31115463376045227,-0.3531613349914551,0.8242546916007996,-0.2885221838951111,-0.37964627146720886,-0.34713950753211975,0.7535882592201233,0.11061991751194,0.002393408678472042,-0.022285902872681618,0.6400938630104065,-0.11013997346162796,-0.005554641131311655,0.02184058539569378,0.6704832315444946,0.13464628159999847,0.001010769046843052,-0.07394517213106155,0.12691770493984222,-0.1451702117919922,0.04192119464278221,-0.052427325397729874,0.13656827807426453,0.14283928275108337,0.21672607958316803,0.2102833092212677,0.0273746345192194,-0.09895822405815125,0.39858874678611755,0.23216481506824493,0.05321715027093887,0.1444254368543625,0.2238515019416809,0.23049260675907135,0.011584995314478874,-0.08720142394304276,0.41992998123168945,0.2637521028518677,0.025948835536837578,0.14787587523460388,0.2236240655183792,0.0646287128329277,0.027957040816545486,-0.09553175419569016,0.4558071494102478,0.09364140033721924,0.04488662630319595,12,0.5,0.39219608902931213,0.5397254824638367,2.0426530511485907e-07,,0.40431755781173706,0.504660427570343,-0.005694761872291565,,0.4097653329372406,0.45899099111557007,-0.009366896003484726,,0.40875017642974854,0.42640599608421326,-0.014029682613909245,,0.3987886607646942,0.42678290605545044,-0.018130386248230934,,0.3812713623046875,0.4195593297481537,-0.005061236210167408,,0.3746173679828644,0.3821132779121399,-0.01338340062648058,,0.37012845277786255,0.356749027967453,-0.018171293660998344,,0.36618196964263916,0.33481067419052124,-0.020762372761964798,,0.36812448501586914,0.43005064129829407,-0.008858039043843746,,0.3619217574596405,0.3862762451171875,-0.019014451652765274,,0.36368897557258606,0.35851332545280457,-0.02327474020421505,,0.36591199040412903,0.33793720602989197,-0.024057503789663315,,0.35845786333084106,0.44815561175346375,-0.013599476777017117,,0.37490037083625793,0.42463672161102295,-0.028445538133382797,,0.3914893567562103,0.4453652799129486,-0.029614174738526344,,0.40186309814453125,0.4649173319339752,-0.02550620771944523,,0.3539586365222931,0.4714358448982239,-0.01892034150660038,,0.3736681342124939,0.4593261182308197,-0.02915852703154087,,0.3872608244419098,0.4755110740661621,-0.028839683160185814,,0.39546021819114685,0.4910358190536499,-0.025615787133574486,,0.6380125880241394,0.7365114688873291,-2.761186692623596e-07,,0.5979183316230774,0.7286337018013,-0.00625650305300951,,0.5648193955421448,0.7026843428611755,-0.014987003989517689,,0.5392540097236633,0.6924417614936829,-0.024430619552731514,,0.5164295434951782,0.6920813322067261,-0.033284686505794525,,0.583443284034729,0.5980656147003174,-0.01912982203066349,,0.5465718507766724,0.5981272459030151,-0.03750424087047577,,0.5349343419075012,0.6414824724197388,-0.04842199757695198,,0.5374020338058472,0.6678632497787476,-0.05457702651619911,,0.6010944247245789,0.6090232729911804,-0.025413382798433304,,0.5592430233955383,0.6138944625854492,-0.041998621076345444,,0.5427350997924805,0.6613983511924744,-0.04620646312832832,,0.5432755947113037,0.6871411204338074,-0.04796644300222397,,0.6178136467933655,0.6368867754936218,-0.033016327768564224,,0.5799301862716675,0.6367865800857544,-0.04932274669408798,,0.5613839626312256,0.6794911623001099,-0.04894563555717468,,0.5576887130737305,0.706028938293457,-0.04662187770009041,,0.6322078108787537,0.6755645871162415,-0.04093360900878906,,0.6067306995391846,0.6780020594596863,-0.055872898548841476,,0.5868383646011353,0.6992401480674744,-0.058001186698675156,,0.5770170092582703,0.7142879366874695,-0.05696794390678406,
-0.06266899406909943,-0.5949833989143372,-0.27156132459640503,0.9986904263496399,-0.04264301434159279,-0.6339135766029358,-0.27142658829689026,0.9978590607643127,-0.0432552732527256,-0.633530855178833,-0.2730007469654083,0.9980323910713196,-0.04300522431731224,-0.6335154175758362,-0.2707509398460388,0.997799277305603,-0.07690464705228806,-0.6373298168182373,-0.2635934352874756,0.997825026512146,-0.07486456632614136,-0.6376580595970154,-0.2647375464439392,0.9980234503746033,-0.0756821408867836,-0.6365011930465698,-0.26073142886161804,0.9978572726249695,0.053048960864543915,-0.6310532093048096,-0.19396720826625824,0.9983654618263245,-0.08797843009233475,-0.6405547857284546,-0.14073698222637177,0.9977203011512756,-0.02841930277645588,-0.5680002570152283,-0.25061166286468506,0.9995088577270508,-0.06972888112068176,-0.5699059963226318,-0.23286233842372894,0.9994930028915405,0.16811871528625488,-0.43264615535736084,-0.14235754311084747,0.999492347240448,-0.14296990633010864,-0.46244490146636963,-0.04151121899485588,0.9996687769889832,0.18077220022678375,-0.196302592754364,-0.2168324589729309,0.9885959625244141,-0.21008750796318054,-0.24870803952217102,-0.12808898091316223,0.8981802463531494,0.028148885816335678,-0.28003594279289246,-0.3514654338359833,0.8841060400009155,-0.289654016494751,-0.3638250231742859,-0.34035658836364746,0.7895713448524475,-0.02177899330854416,-0.304320365190506,-0.39208072423934937,0.834778904914856,-0.30541539192199707,-0.4019143879413605,-0.39104053378105164,0.7634631395339966,-0.02485019713640213,-0.3513716459274292,-0.3832584023475647,0.8578523993492126,-0.3113941550254822,-0.4425850808620453,-0.3822956085205078,0.7835771441459656,0.00828920491039753,-0.30784404277801514,-0.35243529081344604,0.8415111303329468,-0.2864939868450165,-0.3845820426940918,-0.34606197476387024,0.7776201963424683,0.11116942763328552,0.002740666037425399,-0.021470285952091217,0.643543541431427,-0.11051755398511887,-0.005863694939762354,0.021033328026533127,0.6746620535850525,0.13461817800998688,-0.00435717822983861,-0.0766153559088707,0.11730360984802246,-0.14566460251808167,0.030775634571909904,-0.05822336673736572,0.12709610164165497,0.14160127937793732,0.22163106501102448,0.20875416696071625,0.02515832707285881,-0.09864126145839691,0.3990497887134552,0.23058365285396576,0.048597484827041626,0.14303626120090485,0.22935932874679565,0.2286832183599472,0.010787238366901875,-0.08698103576898575,0.4203309416770935,0.26136112213134766,0.02391948737204075,0.14687873423099518,0.22553151845932007,0.058467552065849304,0.0255556832998991,-0.09244933724403381,0.45471540093421936,0.08696422725915909,0.040875405073165894,13,0.542,0.3970332741737366,0.5461402535438538,2.0519483712178044e-07,,0.4090806841850281,0.5084158182144165,-0.004728248808532953,,0.41398972272872925,0.4611833095550537,-0.008206376805901527,,0.4130977988243103,0.42753779888153076,-0.013088395819067955,,0.40372902154922485,0.4293873906135559,-0.01733456179499626,,0.38398733735084534,0.4242683947086334,-0.003920869901776314,,0.377617746591568,0.3857392370700836,-0.01283906027674675,,0.3734753131866455,0.3592229187488556,-0.017978640273213387,,0.3697928786277771,0.3362279534339905,-0.020817527547478676,,0.37103036046028137,0.4348594546318054,-0.008580231107771397,,0.36545228958129883,0.3905843198299408,-0.019680604338645935,,0.3675413131713867,0.3615937829017639,-0.024323318153619766,,0.36998283863067627,0.3401515483856201,-0.025171834975481033,,0.3621330261230469,0.45277589559555054,-0.014226863160729408,,0.38028088212013245,0.4282014071941376,-0.02964400313794613,,0.3973968029022217,0.4482969641685486,-0.03074820153415203,,0.40821734070777893,0.46760234236717224,-0.026446718722581863,,0.35915717482566833,0.47546854615211487,-0.020475035533308983,,0.38114768266677856,0.4631768465042114,-0.030592134222388268,,0.3946584165096283,0.4789994955062866,-0.030271871015429497,,0.4030112624168396,0.4938136637210846,-0.027043379843235016,,0.6368190050125122,0.7365269660949707,-2.8627931669689133e-07,,0.5932576656341553,0.7282203435897827,-0.004033317323774099,,0.5602154731750488,0.7017335891723633,-0.011543378233909607,,0.5343409776687622,0.6901286244392395,-0.02054405026137829,,0.5105343461036682,0.6886769533157349,-0.028857389464974403,,0.5810299515724182,0.6011499762535095,-0.013828369788825512,,0.5451943874359131,0.5881284475326538,-0.03211945667862892,,0.5307183265686035,0.625967264175415,-0.04308656230568886,,0.5308401584625244,0.6536117792129517,-0.048698630183935165,,0.5972970724105835,0.6108266711235046,-0.020680969581007957,,0.5549178719520569,0.6062199473381042,-0.037098102271556854,,0.5386738777160645,0.6524997353553772,-0.041358813643455505,,0.5405644178390503,0.6775301694869995,-0.04251891002058983,,0.6127714514732361,0.6366081237792969,-0.028935838490724564,,0.5744392275810242,0.6296603083610535,-0.04477071017026901,,0.5562655329704285,0.6712861061096191,-0.04420848935842514,,0.5534259080886841,0.6980484127998352,-0.04125811904668808,,0.62579345703125,0.6734477877616882,-0.037442222237586975,,0.6001652479171753,0.6727861166000366,-0.05039703845977783,,0.5809465646743774,0.6937968134880066,-0.051341503858566284,,0.5723283290863037,0.7115851044654846,-0.04944857209920883,
-0.062477607280015945,-0.5917023420333862,-0.27952632308006287,0.9988141655921936,-0.04262464493513107,-0.6306922435760498,-0.28058379888534546,0.998056173324585,-0.043239776045084,-0.6303061842918396,-0.28230342268943787,0.9982110261917114,-0.042984820902347565,-0.6302840113639832,-0.27995336055755615,0.9980006217956543,-0.07686907798051834,-0.6341056227684021,-0.27307096123695374,0.9980296492576599,-0.0748353898525238,-0.6344400644302368,-0.27428698539733887,0.9982093572616577,-0.0756489709019661,-0.6332746744155884,-0.27030375599861145,0.9980601072311401,0.05296935886144638,-0.6283888220787048,-0.20368660986423492,0.998516321182251,-0.08791396766901016,-0.6376429796218872,-0.1516401469707489,0.9979367852210999,-0.0283493809401989,-0.5649842619895935,-0.2590363323688507,0.9995537996292114,-0.06957307457923889,-0.5668120980262756,-0.24142993986606598,0.9995400905609131,0.16795338690280914,-0.4303463399410248,-0.14801828563213348,0.9995278120040894,-0.14305095374584198,-0.4608592987060547,-0.0550844669342041,0.9996947050094604,0.1753135323524475,-0.1933373361825943,-0.22590114176273346,0.989717423915863,-0.20881281793117523,-0.24152031540870667,-0.14455336332321167,0.9081608057022095,0.02698971889913082,-0.28083503246307373,-0.3597049117088318,0.8956725597381592,-0.2858664393424988,-0.36327722668647766,-0.3592531383037567,0.8105500936508179,-0.023724576458334923,-0.30664095282554626,-0.3981044292449951,0.8510512709617615,-0.2996496558189392,-0.4042761027812958,-0.4095829725265503,0.7866773009300232,-0.024902665987610817,-0.35324716567993164,-0.38818931579589844,0.8718007802963257,-0.30764058232307434,-0.44451335072517395,-0.39810389280319214,0.8047289848327637,0.008626489900052547,-0.30856701731681824,-0.36024874448776245,0.8570665121078491,-0.28320619463920593,-0.3845007121562958,-0.36365970969200134,0.7993199229240417,0.1113838255405426,0.0029470385052263737,-0.021174419671297073,0.650039792060852,-0.11066652834415436,-0.006053812336176634,0.020762089639902115,0.6820512413978577,0.13341091573238373,-0.0008444339619018137,-0.07679123431444168,0.11014343798160553,-0.14750200510025024,0.037297118455171585,-0.058055195957422256,0.12044262886047363,0.14099493622779846,0.21677060425281525,0.20930026471614838,0.023260565474629402,-0.10108434408903122,0.39071083068847656,0.2294500768184662,0.044593241065740585,0.14234647154808044,0.22450587153434753,0.230056032538414,0.01013968326151371,-0.08963008970022202,0.4109083414077759,0.2607113718986511,0.022192945703864098,0.14609365165233612,0.22230273485183716,0.06084258854389191,0.02342969924211502,-0.09340984374284744,0.4467156231403351,0.08891116082668304,0.03731789439916611,14,0.583,0.40495163202285767,0.5546072125434875,1.9903397685538948e-07,,0.4166867733001709,0.5162258744239807,-0.004975775722414255,,0.42171427607536316,0.466899573802948,-0.008429966866970062,,0.4221532344818115,0.4329594671726227,-0.01320363488048315,,0.4127972722053528,0.4328759014606476,-0.0173371359705925,,0.3881509602069855,0.4281441867351532,-0.0033045723102986813,,0.38165193796157837,0.3933940827846527,-0.012197314761579037,,0.37866634130477905,0.3676692843437195,-0.01782263070344925,,0.3765471279621124,0.34501421451568604,-0.020898114889860153,,0.3762238323688507,0.4403696656227112,-0.007911715656518936,,0.3712908625602722,0.3982420265674591,-0.018177291378378868,,0.37392327189445496,0.3673096299171448,-0.02242528833448887,,0.3772082030773163,0.343311071395874,-0.02321559749543667,,0.3688048720359802,0.4604853093624115,-0.013719112612307072,,0.3884042203426361,0.4327499568462372,-0.02869172766804695,,0.4064892530441284,0.4536806046962738,-0.029842417687177658,,0.41747742891311646,0.4732993245124817,-0.025723805651068687,,0.3678134083747864,0.48507118225097656,-0.02018553949892521,,0.39157620072364807,0.47058483958244324,-0.03042694367468357,,0.405631422996521,0.4864193797111511,-0.03043876588344574,,0.41387853026390076,0.5003839135169983,-0.027477620169520378,,0.6307660937309265,0.7375924587249756,-2.6867667202168377e-07,,0.5871095061302185,0.7305009365081787,-0.0034243990667164326,,0.5541444420814514,0.7025142908096313,-0.010882298462092876,,0.5285599231719971,0.6899747848510742,-0.01995806396007538,,0.5034061670303345,0.6869615912437439,-0.028486542403697968,,0.5751956701278687,0.6034876704216003,-0.014347323216497898,,0.5413851737976074,0.5792827606201172,-0.03263404592871666,,0.5254849791526794,0.6149584650993347,-0.043344441801309586,,0.5239615440368652,0.6412345170974731,-0.048785220831632614,,0.5910069346427917,0.6117979884147644,-0.021687019616365433,,0.5506483912467957,0.5964937806129456,-0.03797249123454094,,0.5326318740844727,0.6409174799919128,-0.042146023362874985,,0.5327014327049255,0.6660841107368469,-0.04330236464738846,,0.605829119682312,0.6363539695739746,-0.030317218974232674,,0.5685184001922607,0.6239414215087891,-0.04577907174825668,,0.5499069094657898,0.6638892889022827,-0.04516385495662689,,0.546343207359314,0.6899687647819519,-0.04249046370387077,,0.6183032393455505,0.6718332767486572,-0.03913038969039917,,0.5927130579948425,0.669887363910675,-0.051828306168317795,,0.5744009613990784,0.689784586429596,-0.05258588865399361,,0.5664270520210266,0.7061901688575745,-0.05080607905983925,
-0.06212012842297554,-0.5910887122154236,-0.2792147696018219,0.9989243149757385,-0.042342472821474075,-0.630010724067688,-0.2800719141960144,0.9982311129570007,-0.04297482594847679,-0.6296200752258301,-0.28184816241264343,0.9983687996864319,-0.042695872485637665,-0.6295921206474304,-0.27946993708610535,0.9981775879859924,-0.07654011249542236,-0.6334233283996582,-0.2724001109600067,0.9982120990753174,-0.07452663034200668,-0.633785605430603,-0.27354076504707336,0.9983752369880676,-0.07531832903623581,-0.6326272487640381,-0.26954731345176697,0.9982413649559021,0.05337181314826012,-0.6269011497497559,-0.20360273122787476,0.9986487030982971,-0.08717889338731766,-0.6363962292671204,-0.15102237462997437,0.9981302618980408,-0.02809765376150608,-0.5643424391746521,-0.25895455479621887,0.9995931386947632,-0.06924854218959808,-0.5661638379096985,-0.24124997854232788,0.9995815753936768,0.1688697338104248,-0.4270695447921753,-0.1482085883617401,0.9995530843734741,-0.14312699437141418,-0.4598791301250458,-0.0548928827047348,0.9997174739837646,0.1709470897912979,-0.1931149959564209,-0.2259986251592636,0.9906858205795288,-0.21047769486904144,-0.2378200739622116,-0.14273671805858612,0.9169526100158691,0.015245485119521618,-0.2811925709247589,-0.358053058385849,0.906030535697937,-0.2720523774623871,-0.35898157954216003,-0.36677035689353943,0.8293736577033997,-0.04135408625006676,-0.30500996112823486,-0.3950973451137543,0.8653477430343628,-0.2787005603313446,-0.39819058775901794,-0.4175533354282379,0.8073522448539734,-0.03859328851103783,-0.3529662489891052,-0.38618096709251404,0.8839959502220154,-0.2840999960899353,-0.43788039684295654,-0.4036332666873932,0.8235523104667664,-0.002066486282274127,-0.30848443508148193,-0.3586760461330414,0.8706230521202087,-0.26728489995002747,-0.3790389597415924,-0.36988887190818787,0.8185180425643921,0.11161497980356216,0.0030492402147501707,-0.02118273265659809,0.6494519114494324,-0.1107860803604126,-0.006444637198001146,0.020835401490330696,0.6835407614707947,0.12916554510593414,-0.004234736785292625,-0.0802152156829834,0.1074874997138977,-0.1500786542892456,0.02966185286641121,-0.05871706083416939,0.11748993396759033,0.1339910924434662,0.22103549540042877,0.20848485827445984,0.022251222282648087,-0.10357626527547836,0.385781854391098,0.22853980958461761,0.04165066406130791,0.1342901885509491,0.22967955470085144,0.22972840070724487,0.009899985045194626,-0.09189147502183914,0.40421226620674133,0.26003244519233704,0.021042170003056526,0.13806380331516266,0.22010537981987,0.04216380417346954,0.022110534831881523,-0.1010366827249527,0.43842700123786926,0.0836421474814415,0.03472364321351051,15,0.625,0.4366178810596466,0.5765054225921631,1.1411970035624108e-07,,0.45131659507751465,0.5466070175170898,-0.009780128486454487,,0.4551021456718445,0.49411842226982117,-0.014390077441930771,,0.453506737947464,0.46338558197021484,-0.019628044217824936,,0.4473356008529663,0.4640892446041107,-0.024386458098888397,,0.4200468957424164,0.4516865015029907,-0.007158093154430389,,0.4097388684749603,0.41379472613334656,-0.016544820740818977,,0.40376222133636475,0.3912755250930786,-0.022531798109412193,,0.3990247845649719,0.37166842818260193,-0.02603866159915924,,0.40681231021881104,0.46555909514427185,-0.00887826457619667,,0.403315007686615,0.43529418110847473,-0.022130310535430908,,0.4057866632938385,0.4118296205997467,-0.02847595512866974,,0.4083845913410187,0.39436379075050354,-0.030218053609132767,,0.3980555832386017,0.4875034987926483,-0.01214796956628561,,0.4170863926410675,0.4753873944282532,-0.02966974675655365,,0.4391164183616638,0.49391865730285645,-0.03357585519552231,,0.4535265862941742,0.5145772695541382,-0.030618347227573395,,0.3943042457103729,0.5144189596176147,-0.01625708118081093,,0.4163609445095062,0.5047492384910583,-0.02861187234520912,,0.4331023395061493,0.5176178216934204,-0.030750885605812073,,0.44360047578811646,0.5329581499099731,-0.028902273625135422,,0.5998730659484863,0.7317289113998413,-1.054751876949922e-07,,0.5630720853805542,0.7199217081069946,-0.00583704374730587,,0.5345678925514221,0.691611647605896,-0.01511333417147398,,0.5114671587944031,0.6766189932823181,-0.025706468150019646,,0.4876076579093933,0.672538161277771,-0.03521319851279259,,0.5451845526695251,0.604780912399292,-0.013611952774226665,,0.5322412252426147,0.5417288541793823,-0.034328535199165344,,0.5140336751937866,0.5640862584114075,-0.04711653292179108,,0.506423830986023,0.5952516198158264,-0.05313127487897873,,0.5622164607048035,0.6057621836662292,-0.020903483033180237,,0.5481038689613342,0.5484000444412231,-0.039624765515327454,,0.526974081993103,0.5813499093055725,-0.046230290085077286,,0.521586537361145,0.6136782169342041,-0.047682903707027435,,0.5797827839851379,0.6228735446929932,-0.03016834147274494,,0.5664061307907104,0.5767967104911804,-0.04568305239081383,,0.545907199382782,0.6019497513771057,-0.0484621524810791,,0.5373682975769043,0.6265621781349182,-0.048078905791044235,,0.5952213406562805,0.6527889370918274,-0.03991582617163658,,0.5817815661430359,0.6394654512405396,-0.05228796601295471,,0.5641360282897949,0.6534048318862915,-0.0547354556620121,,0.5539705157279968,0.666546642780304,-0.05435490608215332,
-0.06202247366309166,-0.5909736156463623,-0.271177738904953,0.999017059803009,-0.042202163487672806,-0.6299686431884766,-0.27124014496803284,0.9983757734298706,-0.04284455627202988,-0.629574716091156,-0.27302050590515137,0.9984972476959229,-0.04255896434187889,-0.6295440196990967,-0.2705668807029724,0.9983224272727966,-0.07630055397748947,-0.6333791017532349,-0.26306936144828796,0.99836665391922,-0.0742977038025856,-0.6337488889694214,-0.26405808329582214,0.9985157251358032,-0.07507757097482681,-0.6325985789299011,-0.2599997818470001,0.9983959794044495,0.05439796298742294,-0.6268126964569092,-0.19752727448940277,0.9987567067146301,-0.08463230729103088,-0.6363844275474548,-0.14229682087898254,0.9982955455780029,-0.02786165475845337,-0.5642812848091125,-0.2516140341758728,0.9996255040168762,-0.06892523914575577,-0.5661092400550842,-0.23352181911468506,0.9996162056922913,0.17177605628967285,-0.4261673092842102,-0.14628595113754272,0.9995650053024292,-0.14092740416526794,-0.4596673250198364,-0.044698745012283325,0.9997343420982361,0.16788141429424286,-0.19451719522476196,-0.2249295711517334,0.9914841651916504,-0.20516569912433624,-0.2355598509311676,-0.13718143105506897,0.9242637753486633,0.006736474577337503,-0.2876196503639221,-0.35516655445098877,0.9152748584747314,-0.2308197319507599,-0.3493037819862366,-0.3593688905239105,0.8460930585861206,-0.05200514197349548,-0.310543030500412,-0.3924308717250824,0.8777398467063904,-0.23323214054107666,-0.38372254371643066,-0.4105890393257141,0.824964165687561,-0.046569567173719406,-0.3615114688873291,-0.3846195638179779,0.894504725933075,-0.2353062480688095,-0.42655691504478455,-0.39831843972206116,0.8395286202430725,-0.009537683799862862,-0.31585240364074707,-0.3562537431716919,0.8822236657142639,-0.22349421679973602,-0.36869317293167114,-0.3633754551410675,0.8346418142318726,0.11169637739658356,0.0029809968546032906,-0.02170579507946968,0.6412574648857117,-0.11082196980714798,-0.006513048429042101,0.021606754511594772,0.676612913608551,0.12208295613527298,-0.016230693086981773,-0.08700050413608551,0.10261787474155426,-0.15213042497634888,0.01840253174304962,-0.0583193302154541,0.11168383061885834,0.12484096735715866,0.22406212985515594,0.20555514097213745,0.021386414766311646,-0.10522512346506119,0.3892521858215332,0.22908024489879608,0.03890026733279228,0.12395117431879044,0.23304493725299835,0.2260623425245285,0.009718657471239567,-0.09305723011493683,0.4081743061542511,0.26035958528518677,0.020085534080863,0.1208229809999466,0.21795594692230225,0.013340204954147339,0.021184897050261497,-0.11090860515832901,0.4432539939880371,0.07441166788339615,0.03262222185730934,16,0.667,0.4489501714706421,0.5943523049354553,3.572192985856759e-09,,0.46172669529914856,0.5678234696388245,-0.010139789432287216,,0.46712008118629456,0.5294041037559509,-0.015116711147129536,,0.4683992266654968,0.49694252014160156,-0.0190709438174963,,0.4686535596847534,0.4734971225261688,-0.022246047854423523,,0.4405151307582855,0.48955509066581726,-0.005753044970333576,,0.4282433092594147,0.4520995616912842,-0.010451973415911198,,0.41911932826042175,0.43496304750442505,-0.015295489691197872,,0.4112869203090668,0.4211934506893158,-0.019107269123196602,,0.4282633662223816,0.49428215622901917,-0.003976850770413876,,0.41656678915023804,0.46212446689605713,-0.008186684921383858,,0.40916725993156433,0.44708168506622314,-0.012903174385428429,,0.4030538499355316,0.4374978840351105,-0.016338925808668137,,0.42033228278160095,0.5027449727058411,-0.0032038684003055096,,0.40918105840682983,0.47125232219696045,-0.0069218468852341175,,0.402025043964386,0.4543054699897766,-0.007682798895984888,,0.39659926295280457,0.44342273473739624,-0.007982416078448296,,0.4173261821269989,0.5121877193450928,-0.003518732963129878,,0.40951263904571533,0.4835641086101532,-0.0056790877133607864,,0.4033116400241852,0.4658217430114746,-0.004192939028143883,,0.39893999695777893,0.4533874988555908,-0.002659240970388055,,0.5956405401229858,0.723546028137207,4.802701525363773e-08,,0.5570970773696899,0.7066676616668701,-0.004778691567480564,,0.5267900824546814,0.6749663949012756,-0.013541381806135178,,0.5020018815994263,0.660210907459259,-0.023552212864160538,,0.47866958379745483,0.6514825224876404,-0.0340467169880867,,0.5439780354499817,0.5963976383209229,-0.014551672153174877,,0.5285378694534302,0.5438175797462463,-0.032657913863658905,,0.5102039575576782,0.5248956084251404,-0.04731685295701027,,0.4935789704322815,0.5184670090675354,-0.05715503171086311,,0.5580762624740601,0.5956698656082153,-0.023899327963590622,,0.5446980595588684,0.5382533669471741,-0.040684230625629425,,0.5217732191085815,0.5224243402481079,-0.051470980048179626,,0.5032433867454529,0.5224944353103638,-0.058538664132356644,,0.5727222561836243,0.6115037798881531,-0.03440741077065468,,0.5578705668449402,0.5646506547927856,-0.04938483238220215,,0.5356770753860474,0.5515509843826294,-0.056330606341362,,0.517594575881958,0.5486183166503906,-0.06102922186255455,,0.5856456160545349,0.6425421833992004,-0.04534665867686272,,0.5743569731712341,0.6246498227119446,-0.05941883847117424,,0.5592972040176392,0.6214985847473145,-0.06422658264636993,,0.5461879372596741,0.6230213046073914,-0.06690213084220886,
-0.055842071771621704,-0.5874132513999939,-0.25395381450653076,0.9990918636322021,-0.036977894604206085,-0.6273107528686523,-0.2525196671485901,0.9984980225563049,-0.03766021877527237,-0.6269015073776245,-0.2544972896575928,0.9986066818237305,-0.037315934896469116,-0.6268839240074158,-0.2519990801811218,0.9984484314918518,-0.07141397893428802,-0.6308939456939697,-0.24481044709682465,0.9984942078590393,-0.06946874409914017,-0.63130784034729,-0.24556562304496765,0.9986289739608765,-0.07020296156406403,-0.6301907896995544,-0.24144704639911652,0.9985219240188599,0.06200035288929939,-0.6255649328231812,-0.17698392271995544,0.9988499879837036,-0.07870887219905853,-0.6360792517662048,-0.1238362044095993,0.998431921005249,-0.020523980259895325,-0.5617461204528809,-0.23360833525657654,0.9996511936187744,-0.062072642147541046,-0.5638738870620728,-0.21638530492782593,0.9996422529220581,0.18104873597621918,-0.42477160692214966,-0.1289225071668625,0.9995671510696411,-0.13680978119373322,-0.4598464369773865,-0.03062504343688488,0.999741792678833,0.16840985417366028,-0.19488555192947388,-0.20553162693977356,0.9919692277908325,-0.20495760440826416,-0.2359556257724762,-0.10738706588745117,0.9300103187561035,0.001602908130735159,-0.2911612391471863,-0.34543779492378235,0.923319935798645,-0.1981189250946045,-0.3340334892272949,-0.33589085936546326,0.8606019616127014,-0.0613568015396595,-0.313750296831131,-0.3861807882785797,0.8878437876701355,-0.19340045750141144,-0.35850223898887634,-0.38874125480651855,0.8391932845115662,-0.058150455355644226,-0.36563795804977417,-0.37636932730674744,0.902923583984375,-0.18935424089431763,-0.4033595621585846,-0.3741006851196289,0.8522814512252808,-0.015784354880452156,-0.31957700848579407,-0.34607335925102234,0.8914315104484558,-0.18702951073646545,-0.3516893684864044,-0.33907538652420044,0.8473371267318726,0.11222603917121887,0.0029821882490068674,-0.021037232130765915,0.6216014623641968,-0.11107775568962097,-0.006850194651633501,0.021253030747175217,0.6560789942741394,0.12218298017978668,-0.032067038118839264,-0.0868893414735794,0.09825824201107025,-0.15120680630207062,-0.003815640928223729,-0.06898774206638336,0.10645327717065811,0.12495427578687668,0.21865214407444,0.20540347695350647,0.020568232983350754,-0.10187525302171707,0.3846034109592438,0.2198408544063568,0.03647691011428833,0.12408652156591415,0.22808772325515747,0.22582389414310455,0.009579114615917206,-0.08856340497732162,0.4017271399497986,0.2524110674858093,0.019255127757787704,0.1266402304172516,0.19722452759742737,0.0013021832564845681,0.02037101425230503,-0.10373667627573013,0.42935362458229065,0.049702711403369904,0.030801402404904366,17,0.709,0.5761571526527405,0.6971232295036316,-2.4374037366214907e-07,,0.549503743648529,0.6916425228118896,-0.003949469421058893,,0.5217863917350769,0.6595337986946106,-0.010929894633591175,,0.4979570508003235,0.6454296708106995,-0.019803596660494804,,0.4763166308403015,0.6407530307769775,-0.028432942926883698,,0.5437381863594055,0.5652489066123962,-0.0038578573148697615,,0.523887038230896,0.5192317366600037,-0.019940463826060295,,0.49989625811576843,0.5178700685501099,-0.03340646252036095,,0.48263320326805115,0.5339030623435974,-0.040721066296100616,,0.5527678728103638,0.5639354586601257,-0.010204325430095196,,0.5272664427757263,0.515857458114624,-0.02327217161655426,,0.4998687505722046,0.5217322707176208,-0.03194381296634674,,0.48305264115333557,0.54159015417099,-0.03606056794524193,,0.5603851675987244,0.576353132724762,-0.018294379115104675,,0.5335555076599121,0.5315824747085571,-0.0293026864528656,,0.5059237480163574,0.5387760400772095,-0.03346006199717522,,0.4887242615222931,0.5569959878921509,-0.03424627706408501,,0.5636708736419678,0.5999880433082581,-0.02704835869371891,,0.5393581986427307,0.5703505873680115,-0.03521981090307236,,0.5182548761367798,0.567701518535614,-0.03680230304598808,,0.5033605694770813,0.5743266940116882,-0.036039087921381,,0.5865018963813782,0.7093132138252258,-8.02026960400326e-08,,0.5529734492301941,0.6992080807685852,-0.0026849531568586826,,0.5233457684516907,0.6624542474746704,-0.0075479531660676,,0.4999633729457855,0.6461632251739502,-0.01448920276015997,,0.47753143310546875,0.6405181288719177,-0.02053794264793396,,0.5424889922142029,0.5722740292549133,0.001955677755177021,,0.5242792963981628,0.5220981240272522,-0.011513147503137589,,0.5007866621017456,0.5189016461372375,-0.022810300812125206,,0.4843173325061798,0.5313737988471985,-0.028760472312569618,,0.5510808229446411,0.5696617960929871,-0.004666020628064871,,0.5288574695587158,0.5163208246231079,-0.015065164305269718,,0.5015933513641357,0.5193854570388794,-0.021197279915213585,,0.48447757959365845,0.5358796715736389,-0.023692263290286064,,0.5596787929534912,0.5796642303466797,-0.013485778123140335,,0.5352069139480591,0.5330126881599426,-0.022351158782839775,,0.5079301595687866,0.5346291065216064,-0.02450314536690712,,0.48989439010620117,0.5471510887145996,-0.02422291971743107,,0.565047562122345,0.6023377180099487,-0.023119019344449043,,0.5406203866004944,0.5725286602973938,-0.029809879139065742,,0.519829511642456,0.5701114535331726,-0.03035481832921505,,0.5051831007003784,0.5767261385917664,-0.029016638174653053,
-0.05231320112943649,-0.5837509632110596,-0.2608169615268707,0.9991652369499207,-0.03429209068417549,-0.6241903901100159,-0.25782448053359985,0.9986157417297363,-0.03499125316739082,-0.6237766146659851,-0.2599473297595978,0.9987125396728516,-0.0346074253320694,-0.6237483620643616,-0.2574029266834259,0.9985678791999817,-0.0692712739109993,-0.6276644468307495,-0.2509899437427521,0.9986178278923035,-0.06733863055706024,-0.6280995607376099,-0.2515820562839508,0.9987401366233826,-0.06805533915758133,-0.6270058155059814,-0.24741700291633606,0.9986445903778076,0.06528854370117188,-0.6234868764877319,-0.17828069627285004,0.9989377856254578,-0.07777445018291473,-0.6338958144187927,-0.1299007683992386,0.9985660910606384,-0.01657130755484104,-0.5586622357368469,-0.23909881711006165,0.9996785521507263,-0.058991946280002594,-0.5606186985969543,-0.22331362962722778,0.9996711015701294,0.18625281751155853,-0.42222368717193604,-0.13094563782215118,0.9995768666267395,-0.13685216009616852,-0.4595719575881958,-0.0400669239461422,0.9997556805610657,0.17183230817317963,-0.19501419365406036,-0.2060362845659256,0.9924719929695129,-0.20948787033557892,-0.23534809052944183,-0.1151237040758133,0.9359938502311707,0.003266361076384783,-0.2903220057487488,-0.3504084050655365,0.9306173324584961,-0.17786571383476257,-0.3174855709075928,-0.34740304946899414,0.8739445209503174,-0.0598662830889225,-0.31272029876708984,-0.3934463858604431,0.8971118330955505,-0.1642901748418808,-0.3379265367984772,-0.40177303552627563,0.8527694940567017,-0.057755038142204285,-0.3648892343044281,-0.3846932649612427,0.9106605648994446,-0.1557682305574417,-0.3841565251350403,-0.3865099251270294,0.8644816279411316,-0.014469866640865803,-0.318746417760849,-0.3515782654285431,0.8998845219612122,-0.16316834092140198,-0.3350355625152588,-0.34980255365371704,0.8594769239425659,0.11307799816131592,0.002970702713355422,-0.01863802596926689,0.6011682152748108,-0.11170002818107605,-0.007037154398858547,0.01925557851791382,0.6368823051452637,0.12377899885177612,-0.03535568714141846,-0.08648683875799179,0.09444867074489594,-0.1505761295557022,-0.002124989638105035,-0.07618865370750427,0.10239621251821518,0.12607024610042572,0.21508155763149261,0.2082730233669281,0.0197149608284235,-0.10094981640577316,0.38540273904800415,0.21541330218315125,0.034318603575229645,0.1253109574317932,0.22464047372341156,0.22915002703666687,0.009455104358494282,-0.08714595437049866,0.4024392068386078,0.24816009402275085,0.018441181629896164,0.1360168606042862,0.1915876418352127,0.006506785284727812,0.0195150189101696,-0.09818299859762192,0.4306940734386444,0.04080655053257942,0.029109738767147064,18,0.75,0.5916112065315247,0.7025942206382751,-3.438865974203509e-07,,0.5534505844116211,0.6959567666053772,0.0003459744621068239,,0.5241307020187378,0.6643381118774414,-0.0036572148092091084,,0.49984055757522583,0.6475182771682739,-0.010777187533676624,,0.4778608977794647,0.634211540222168,-0.016852252185344696,,0.54129558801651,0.5621830821037292,0.004908121190965176,,0.5089199542999268,0.5334639549255371,-0.007918083108961582,,0.49267297983169556,0.5665948987007141,-0.017555661499500275,,0.49437662959098816,0.5981587171554565,-0.022417880594730377,,0.5494599938392639,0.5585163831710815,-0.0024757483042776585,,0.5108243227005005,0.5325323343276978,-0.013423814438283443,,0.49450233578681946,0.5765363574028015,-0.01771511696279049,,0.49970200657844543,0.60772705078125,-0.01843179762363434,,0.5569058060646057,0.5665571689605713,-0.011661266908049583,,0.5183343887329102,0.5480261445045471,-0.021429292857646942,,0.5070628523826599,0.590888261795044,-0.01993434503674507,,0.515494704246521,0.6199650764465332,-0.016684100031852722,,0.5616627931594849,0.584677517414093,-0.021427283063530922,,0.5324265360832214,0.565843939781189,-0.02822657860815525,,0.521678626537323,0.5913826823234558,-0.025877388194203377,,0.5265965461730957,0.6162199378013611,-0.02207523211836815,,0.5920791625976562,0.7047402262687683,-3.0473447054646385e-07,,0.5543493032455444,0.6950497627258301,-0.0004531739396043122,,0.5254048109054565,0.6669481992721558,-0.004987964406609535,,0.5014971494674683,0.6495509743690491,-0.012790081091225147,,0.4796420931816101,0.6348792314529419,-0.019252808764576912,,0.5382513403892517,0.5663594603538513,0.0046695140190422535,,0.5073530077934265,0.5330298542976379,-0.008730502799153328,,0.4927957057952881,0.5655698776245117,-0.018653636798262596,,0.49563243985176086,0.5969310998916626,-0.023598164319992065,,0.5468122363090515,0.5622596144676208,-0.0025652963668107986,,0.5104652047157288,0.5302798748016357,-0.013664004392921925,,0.49574530124664307,0.5724677443504333,-0.0180982518941164,,0.4998819828033447,0.602647066116333,-0.0189969502389431,,0.5549333691596985,0.5693941712379456,-0.011751146987080574,,0.5191581845283508,0.5503051280975342,-0.02182357758283615,,0.5106251835823059,0.59368896484375,-0.019961679354310036,,0.5188543796539307,0.6224825382232666,-0.016365617513656616,,0.5610133409500122,0.5869391560554504,-0.021702826023101807,,0.5337021946907043,0.5673614740371704,-0.028494929894804955,,0.5233966708183289,0.5933774709701538,-0.025937145575881004,,0.5266060829162598,0.618733286857605,-0.022059127688407898,
-0.051490575075149536,-0.580143928527832,-0.2657056152820587,0.9992364645004272,-0.03365742042660713,-0.6209716200828552,-0.2610873579978943,0.9987282752990723,-0.03434563800692558,-0.6205608248710632,-0.26303648948669434,0.9988135695457458,-0.03398146852850914,-0.6205025911331177,-0.2604714035987854,0.9986799359321594,-0.06907276064157486,-0.6242629289627075,-0.2559519112110138,0.998737633228302,-0.06712397933006287,-0.6246476173400879,-0.2568003535270691,0.9988493919372559,-0.06784918904304504,-0.6235647201538086,-0.2526397705078125,0.9987637996673584,0.06523618847131729,-0.6223636269569397,-0.18074378371238708,0.9990214705467224,-0.07959507405757904,-0.6320039629936218,-0.13529238104820251,0.9986969828605652,-0.016009850427508354,-0.555777370929718,-0.24173074960708618,0.9997056126594543,-0.05903330817818642,-0.5573866963386536,-0.2282389998435974,0.9997001886367798,0.18716301023960114,-0.42230167984962463,-0.13150034844875336,0.9995890259742737,-0.14049069583415985,-0.45950794219970703,-0.0488307923078537,0.9997731447219849,0.17752356827259064,-0.1978030502796173,-0.20676475763320923,0.9931117296218872,-0.21066351234912872,-0.2358575314283371,-0.1375698298215866,0.9420837163925171,0.004032546654343605,-0.29146093130111694,-0.3524271547794342,0.9374141097068787,-0.1598588228225708,-0.30958792567253113,-0.36820030212402344,0.8863168954849243,-0.06014593690633774,-0.3125883936882019,-0.3974605202674866,0.9061884880065918,-0.14095784723758698,-0.3270447552204132,-0.4253331422805786,0.865955114364624,-0.05907593294978142,-0.365707129240036,-0.38859981298446655,0.9183306097984314,-0.12997756898403168,-0.3728846609592438,-0.4099166989326477,0.8763952255249023,-0.014081907458603382,-0.3205060064792633,-0.35358569025993347,0.9084256887435913,-0.14307887852191925,-0.3274441659450531,-0.37014052271842957,0.8716337084770203,0.11442005634307861,0.0028766596224159002,-0.01618502102792263,0.5957277417182922,-0.11327660083770752,-0.007030079141259193,0.016636235639452934,0.6348516345024109,0.12422464042901993,-0.03017530031502247,-0.08668962121009827,0.08892274647951126,-0.15108537673950195,0.0005415429477579892,-0.0771016851067543,0.09700494259595871,0.12466643750667572,0.21664658188819885,0.2082982361316681,0.018544377759099007,-0.1076890230178833,0.39228376746177673,0.21453730762004852,0.03193816542625427,0.12422595918178558,0.22634802758693695,0.2287886142730713,0.009069081395864487,-0.09451340138912201,0.41179385781288147,0.2458021640777588,0.017308378592133522,0.13612091541290283,0.1941763013601303,0.008545496501028538,0.018311476334929466,-0.10206441581249237,0.45009568333625793,0.037183359265327454,0.027095375582575798,19,0.792,0.6192411780357361,0.7221155762672424,-4.457810973690357e-07,,0.5728421807289124,0.7107557058334351,-0.00086566450772807,,0.5417942404747009,0.675977349281311,-0.0063826241530478,,0.5160064101219177,0.6523833274841309,-0.01420594286173582,,0.4931189715862274,0.638161301612854,-0.020677588880062103,,0.5739368200302124,0.5648260712623596,-0.0030251089483499527,,0.5268506407737732,0.5533593893051147,-0.016158977523446083,,0.5226402878761292,0.6029808521270752,-0.023526718840003014,,0.5334411263465881,0.6281840205192566,-0.02715589478611946,,0.5819345116615295,0.5668182969093323,-0.009321623481810093,,0.5275047421455383,0.5634564757347107,-0.022690191864967346,,0.5242013931274414,0.6199667453765869,-0.023998966440558434,,0.5383836627006531,0.6379396915435791,-0.022968605160713196,,0.5860459208488464,0.5833827257156372,-0.016872277483344078,,0.5346524119377136,0.5816699266433716,-0.029525257647037506,,0.5316572785377502,0.6290661096572876,-0.02422698773443699,,0.5467211008071899,0.6455126404762268,-0.018249554559588432,,0.5858675241470337,0.6091933846473694,-0.02470831573009491,,0.5458929538726807,0.6000632643699646,-0.0330018512904644,,0.5416170358657837,0.6313921809196472,-0.028581518679857254,,0.5551102757453918,0.6494660377502441,-0.023178810253739357,,0.6175278425216675,0.7239108681678772,-4.4983548264099227e-07,,0.571479856967926,0.7109589576721191,-0.0010917134350165725,,0.5417120456695557,0.6765822172164917,-0.006969306617975235,,0.5161166787147522,0.6528083682060242,-0.015210858546197414,,0.4930318295955658,0.6384453773498535,-0.022033384069800377,,0.573943018913269,0.5654093027114868,-0.003548892680555582,,0.5268195271492004,0.5528497099876404,-0.016867339611053467,,0.523203432559967,0.6027713418006897,-0.02423832006752491,,0.5343055129051208,0.6278389692306519,-0.027864785864949226,,0.5823202133178711,0.5669202208518982,-0.009853450581431389,,0.5268798470497131,0.5632184147834778,-0.02351229451596737,,0.5244078636169434,0.62016761302948,-0.024927150458097458,,0.5390344858169556,0.6374077796936035,-0.02402614615857601,,0.5864365696907043,0.5830864906311035,-0.017385318875312805,,0.5339977145195007,0.5818272829055786,-0.030071929097175598,,0.5315350294113159,0.6294225454330444,-0.024526380002498627,,0.5470127463340759,0.6454333662986755,-0.0184684619307518,,0.5858392119407654,0.6085814237594604,-0.02524789422750473,,0.5449599027633667,0.6001873016357422,-0.03342659771442413,,0.5409913659095764,0.6321007013320923,-0.028822744265198708,,0.5549415946006775,0.6500638723373413,-0.02339654043316841,
-0.05019455775618553,-0.577576220035553,-0.2727378010749817,0.999301016330719,-0.03251952677965164,-0.6185824275016785,-0.2679574489593506,0.9988303184509277,-0.0332137867808342,-0.6181631088256836,-0.2698429524898529,0.998905599117279,-0.032855380326509476,-0.6180916428565979,-0.26726463437080383,0.9987823367118835,-0.06823699176311493,-0.6216709613800049,-0.26320624351501465,0.9988452196121216,-0.06628120690584183,-0.6220387816429138,-0.26415202021598816,0.9989473819732666,-0.06700684875249863,-0.6209591627120972,-0.259989470243454,0.9988706707954407,0.06567016988992691,-0.6209058165550232,-0.1845281571149826,0.9990978837013245,-0.07969041168689728,-0.6296048164367676,-0.14258769154548645,0.9988138675689697,-0.014947122894227505,-0.5535057187080383,-0.24830223619937897,0.9997302889823914,-0.058432817459106445,-0.5548279881477356,-0.2352612167596817,0.9997262954711914,0.18875381350517273,-0.42200562357902527,-0.13178737461566925,0.9996035099029541,-0.141184002161026,-0.45873910188674927,-0.05609258636832237,0.9997878670692444,0.18541884422302246,-0.1991933435201645,-0.21156810224056244,0.993684709072113,-0.21064037084579468,-0.23545370995998383,-0.14724646508693695,0.9474900364875793,0.0057352823205292225,-0.29178065061569214,-0.3624655604362488,0.9435287117958069,-0.16029682755470276,-0.30630263686180115,-0.3798626959323883,0.8974365592002869,-0.058257728815078735,-0.3123822808265686,-0.4083276689052582,0.9144019484519958,-0.14295126497745514,-0.3240521550178528,-0.43678897619247437,0.8778524994850159,-0.057661022990942,-0.36539873480796814,-0.3995906114578247,0.9252890944480896,-0.13327297568321228,-0.369193971157074,-0.4217696487903595,0.8871783018112183,-0.012972380965948105,-0.32064542174339294,-0.3636351525783539,0.9161534905433655,-0.14422555267810822,-0.3241073191165924,-0.3819986879825592,0.882590651512146,0.11547444015741348,0.002858996158465743,-0.015085119754076004,0.5869988203048706,-0.11427529901266098,-0.0070520685985684395,0.015552731230854988,0.6277321577072144,0.12466616928577423,-0.03309626132249832,-0.09030654281377792,0.08458229154348373,-0.15204359591007233,0.003629611572250724,-0.07962126284837723,0.092662014067173,0.12377426773309708,0.2167382836341858,0.20846600830554962,0.01762905903160572,-0.10978599637746811,0.3930114209651947,0.21407456696033478,0.02993004024028778,0.12336363643407822,0.22617153823375702,0.22885935008525848,0.008820313028991222,-0.09647758305072784,0.4125300347805023,0.24518921971321106,0.016376692801713943,0.13607007265090942,0.19926106929779053,0.010722837410867214,0.017349544912576675,-0.10305173695087433,0.4502117335796356,0.034685276448726654,0.02540075220167637,20,0.834,0.624119758605957,0.7201220393180847,-3.69345656281439e-07,,0.5785244107246399,0.705996036529541,-0.0010628621093928814,,0.5500141382217407,0.6737882494926453,-0.007469546515494585,,0.5260428786277771,0.6504871845245361,-0.016234761103987694,,0.5043426752090454,0.632620632648468,-0.023640431463718414,,0.5803220868110657,0.5615873336791992,-0.0008044095593504608,,0.5349931716918945,0.5498909950256348,-0.014448923990130424,,0.5263854265213013,0.5947461724281311,-0.0228193961083889,,0.5338839888572693,0.6219724416732788,-0.026909342035651207,,0.5880352258682251,0.5626097321510315,-0.006948977243155241,,0.5343814492225647,0.558478832244873,-0.019540861248970032,,0.5294973254203796,0.6122320890426636,-0.020930791273713112,,0.5421112179756165,0.6301924586296082,-0.020002076402306557,,0.5920785069465637,0.5775446891784668,-0.014641329646110535,,0.541469156742096,0.5809901356697083,-0.02592494525015354,,0.5399921536445618,0.6269787549972534,-0.020035892724990845,,0.5541905760765076,0.6411945223808289,-0.01417428720742464,,0.5915374755859375,0.6017434000968933,-0.022844666615128517,,0.5530502200126648,0.6006143093109131,-0.029959628358483315,,0.5507792234420776,0.6323076486587524,-0.02497432567179203,,0.5628917813301086,0.6466737389564514,-0.01937902346253395,,0.6239541172981262,0.7201328277587891,-3.664820837911975e-07,,0.5780571699142456,0.7052791118621826,-0.000826720439363271,,0.5498871207237244,0.6731246709823608,-0.007155955769121647,,0.526262104511261,0.6500833034515381,-0.015876302495598793,,0.5048545598983765,0.6330269575119019,-0.023266572505235672,,0.5798894166946411,0.5620949268341064,-0.0007277373224496841,,0.5351179242134094,0.5498945713043213,-0.014353043399751186,,0.526477575302124,0.5950943231582642,-0.022714439779520035,,0.5338866710662842,0.6223700046539307,-0.026821184903383255,,0.5877858996391296,0.5628358721733093,-0.006969161331653595,,0.5343510508537292,0.5574944615364075,-0.019588517025113106,,0.529133141040802,0.6118447184562683,-0.020871790125966072,,0.541856586933136,0.63008713722229,-0.019805723801255226,,0.5920493602752686,0.5776889324188232,-0.014734986238181591,,0.5416353940963745,0.5807099938392639,-0.02587633766233921,,0.5398829579353333,0.6267953515052795,-0.01990593411028385,,0.5541980266571045,0.6408002376556396,-0.013999925926327705,,0.5917235612869263,0.6017877459526062,-0.022993052378296852,,0.5533866882324219,0.6005915403366089,-0.029705826193094254,,0.5508915185928345,0.6321441531181335,-0.024519070982933044,,0.5629530549049377,0.6462112069129944,-0.018854718655347824,
-0.05036875233054161,-0.5778074264526367,-0.27500930428504944,0.9993624091148376,-0.03261914476752281,-0.6187509298324585,-0.27010563015937805,0.998929500579834,-0.03332005813717842,-0.6183321475982666,-0.27201011776924133,0.9989959597587585,-0.03295751288533211,-0.6182610988616943,-0.26944342255592346,0.9988825917243958,-0.06839069724082947,-0.6217831969261169,-0.2655046284198761,0.9989471435546875,-0.06643594801425934,-0.622156023979187,-0.26641741394996643,0.9990400075912476,-0.06715723872184753,-0.6210765838623047,-0.2622346580028534,0.998971164226532,0.06522797793149948,-0.6208555698394775,-0.1856529414653778,0.9991728067398071,-0.0808926671743393,-0.6289560794830322,-0.14501962065696716,0.9989227652549744,-0.015149005688726902,-0.5535991191864014,-0.2507482171058655,0.9997538924217224,-0.05852367356419563,-0.554803729057312,-0.2377154678106308,0.9997509121894836,0.1885627955198288,-0.4219752848148346,-0.13260744512081146,0.9996221661567688,-0.1427164524793625,-0.45797616243362427,-0.05847444757819176,0.9998019337654114,0.19053307175636292,-0.20309162139892578,-0.21258485317230225,0.9941668510437012,-0.21450413763523102,-0.23544645309448242,-0.14896303415298462,0.952275276184082,0.007649332284927368,-0.2943948805332184,-0.3661685585975647,0.9489926099777222,-0.16063331067562103,-0.30720221996307373,-0.3828310966491699,0.9073987603187561,-0.056997910141944885,-0.3152635991573334,-0.4113326072692871,0.9216642379760742,-0.1416236162185669,-0.32615357637405396,-0.4391559064388275,0.8884863257408142,-0.05674596503376961,-0.36828163266181946,-0.4024122953414917,0.9314318299293518,-0.13264234364032745,-0.37010401487350464,-0.42245087027549744,0.896843671798706,-0.011490617878735065,-0.32309240102767944,-0.36734023690223694,0.9229080080986023,-0.14473062753677368,-0.3249043822288513,-0.38415154814720154,0.8922651410102844,0.11578591912984848,0.0027647786773741245,-0.014586596749722958,0.5765142440795898,-0.11451809853315353,-0.007072046864777803,0.01514773815870285,0.6177308559417725,0.12466920912265778,-0.039836883544921875,-0.09040941298007965,0.08125517517328262,-0.15234482288360596,0.0010768502252176404,-0.07860548049211502,0.08937644958496094,0.12331756949424744,0.20987434685230255,0.21612855792045593,0.016936251893639565,-0.1108366921544075,0.3895885944366455,0.21572346985340118,0.028290949761867523,0.12284062802791595,0.21894478797912598,0.23773659765720367,0.008718380704522133,-0.0974014475941658,0.40830525755882263,0.2473650723695755,0.01570288836956024,0.13604561984539032,0.1916017085313797,0.012860765680670738,0.016635464504361153,-0.10517404973506927,0.44673964381217957,0.03739817813038826,0.024089306592941284,21,0.875,0.5882775783538818,0.7230680584907532,-2.5409718773516943e-07,,0.5592662692070007,0.6912391185760498,-0.011924906633794308,,0.5349669456481934,0.6594244837760925,-0.024866782128810883,,0.5200122594833374,0.653401255607605,-0.03807291388511658,,0.5137196779251099,0.6559427976608276,-0.048927970230579376,,0.5869390368461609,0.5508870482444763,-0.005243583116680384,,0.5393245816230774,0.5556960701942444,-0.022442763671278954,,0.5310519933700562,0.6027013659477234,-0.03583821654319763,,0.5401400327682495,0.6245909929275513,-0.04373586177825928,,0.5959731936454773,0.5552051663398743,-0.007821637205779552,,0.5418765544891357,0.5621753931045532,-0.021446093916893005,,0.5362169742584229,0.6117116808891296,-0.026016801595687866,,0.5449550151824951,0.6318150758743286,-0.027248917147517204,,0.6007794141769409,0.5690299868583679,-0.012955144979059696,,0.5490915179252625,0.5747067928314209,-0.024413755163550377,,0.5449461340904236,0.6224244236946106,-0.02198992855846882,,0.5545346736907959,0.6395280361175537,-0.018288543447852135,,0.603630781173706,0.5927867293357849,-0.020031819120049477,,0.5622345209121704,0.5948546528816223,-0.02583376131951809,,0.5563681721687317,0.6273446679115295,-0.022213516756892204,,0.563300371170044,0.6431019902229309,-0.017213042825460434,,0.6286839246749878,0.7132682800292969,-3.5925123142988014e-07,,0.582699179649353,0.6986501216888428,-0.0008281154441647232,,0.5550481081008911,0.6657829284667969,-0.006592454854398966,,0.5321767926216125,0.6430352330207825,-0.01476187165826559,,0.5112159848213196,0.6250148415565491,-0.02170509286224842,,0.5850974321365356,0.5537208914756775,0.00045234852586872876,,0.5404101014137268,0.5454325675964355,-0.012880278751254082,,0.5298045873641968,0.5885793566703796,-0.02137000299990177,,0.5358810424804688,0.6170483231544495,-0.02541162818670273,,0.5932173728942871,0.5546700954437256,-0.005609814077615738,,0.5399904847145081,0.5501800179481506,-0.01801232248544693,,0.5327950716018677,0.6039688587188721,-0.019722474738955498,,0.5443488359451294,0.6245376467704773,-0.018670011311769485,,0.5978554487228394,0.5701678991317749,-0.013228125870227814,,0.5486379861831665,0.5735381841659546,-0.024412771686911583,,0.5444302558898926,0.6191315054893494,-0.01950369030237198,,0.5568280816078186,0.6356956958770752,-0.013914880342781544,,0.5980369448661804,0.5954049229621887,-0.02136559598147869,,0.5623874068260193,0.593326210975647,-0.02798054739832878,,0.5568244457244873,0.6239234209060669,-0.023547612130641937,,0.5656992197036743,0.6402043104171753,-0.018244843930006027,
-0.05017351359128952,-0.5774719715118408,-0.2748647928237915,0.9994178414344788,-0.03259268030524254,-0.6185591220855713,-0.2702101171016693,0.9990194439888,-0.03329546004533768,-0.6181386709213257,-0.2721042335033417,0.9990782737731934,-0.032933592796325684,-0.6180669665336609,-0.2695532739162445,0.9989742636680603,-0.06839233636856079,-0.621433436870575,-0.26539599895477295,0.9990389347076416,-0.06643596291542053,-0.6218070387840271,-0.26631101965904236,0.9991232752799988,-0.067156121134758,-0.6207264065742493,-0.26213350892066956,0.9990614652633667,0.06525216996669769,-0.620776355266571,-0.1864476352930069,0.9992406368255615,-0.0810389444231987,-0.628311276435852,-0.14472758769989014,0.9990204572677612,-0.014805256389081478,-0.5533165335655212,-0.2508380711078644,0.9997751712799072,-0.05835617706179619,-0.5543147921562195,-0.2375403791666031,0.9997729063034058,0.18967768549919128,-0.4220063388347626,-0.130851149559021,0.9996410012245178,-0.14281076192855835,-0.4574359953403473,-0.05817253887653351,0.9998149275779724,0.19602656364440918,-0.20445363223552704,-0.21138662099838257,0.9946115612983704,-0.21512150764465332,-0.23545674979686737,-0.14694835245609283,0.9566487073898315,0.015773789957165718,-0.29311129450798035,-0.3654661476612091,0.9539307355880737,-0.15998923778533936,-0.30617403984069824,-0.3786252439022064,0.9163949489593506,-0.049993421882390976,-0.3134751617908478,-0.41057100892066956,0.9283172488212585,-0.14115862548351288,-0.32533693313598633,-0.43420982360839844,0.8981420397758484,-0.050548575818538666,-0.3658543527126312,-0.40185314416885376,0.9370768666267395,-0.13196907937526703,-0.3694787323474884,-0.41857269406318665,0.905614972114563,-0.0036482352297753096,-0.3214527666568756,-0.3667527139186859,0.9291605353355408,-0.14396175742149353,-0.3239275813102722,-0.3804640769958496,0.9011292457580566,0.116141676902771,0.0027231727726757526,-0.013732796534895897,0.5707855224609375,-0.11480357497930527,-0.00709312129765749,0.014356418512761593,0.611786425113678,0.125271737575531,-0.04250050336122513,-0.09134072810411453,0.07740423083305359,-0.15227511525154114,-0.00209060893394053,-0.08095085620880127,0.08558202534914017,0.1233636885881424,0.2083880603313446,0.2155086100101471,0.016190718859434128,-0.11073873192071915,0.3886258900165558,0.21346095204353333,0.026633234694600105,0.12290976941585541,0.21727824211120605,0.236908957362175,0.008555861189961433,-0.09728890657424927,0.40720686316490173,0.24518084526062012,0.014979633502662182,0.13758967816829681,0.18962261080741882,0.013092810288071632,0.015886373817920685,-0.10474219173192978,0.4447334408760071,0.0328056626021862,0.022747479379177094,22,0.917,0.6215218305587769,0.7120615243911743,-3.120165104064654e-07,,0.581853985786438,0.6941554546356201,-0.006034174934029579,,0.5534079670906067,0.6600165963172913,-0.0125340037047863,,0.5302641987800598,0.6403691172599792,-0.02048024721443653,,0.5128111839294434,0.6291627883911133,-0.02675618976354599,,0.5852198600769043,0.544853687286377,0.0012911654775962234,,0.5397011041641235,0.5428367257118225,-0.013223553076386452,,0.5318387746810913,0.5903408527374268,-0.023489935323596,,0.538974940776825,0.6175057291984558,-0.028467008844017982,,0.5943740606307983,0.5456202030181885,-0.002278511645272374,,0.5427345633506775,0.5465829372406006,-0.014873434789478779,,0.5348813533782959,0.6018714308738708,-0.017682300880551338,,0.5455406904220581,0.625451922416687,-0.016649708151817322,,0.6002008318901062,0.5607777833938599,-0.008192617446184158,,0.5519704222679138,0.5607184171676636,-0.02073671668767929,,0.5455672740936279,0.6113852262496948,-0.0177058856934309,,0.5569478869438171,0.6326034069061279,-0.012188584543764591,,0.6036122441291809,0.5852473974227905,-0.015150685794651508,,0.567581057548523,0.5842429995536804,-0.022104782983660698,,0.5595768690109253,0.614192008972168,-0.018799850717186928,,0.5664922595024109,0.6331707239151001,-0.01343686692416668,,0.6302039623260498,0.7084670066833496,-3.3829101653282123e-07,,0.5839973092079163,0.6914690136909485,-0.000745602126698941,,0.5557795763015747,0.6576506495475769,-0.006356792990118265,,0.531572699546814,0.6359598636627197,-0.014374294318258762,,0.5103151798248291,0.6187168955802917,-0.021161995828151703,,0.584394633769989,0.546985924243927,0.0017948262393474579,,0.5402252078056335,0.5429096817970276,-0.010513374581933022,,0.5333870649337769,0.5880537033081055,-0.01883804239332676,,0.5407682657241821,0.6118224859237671,-0.023271312937140465,,0.5939856767654419,0.5465936660766602,-0.004556157626211643,,0.5409253239631653,0.5435863733291626,-0.017402581870555878,,0.5359174013137817,0.5992084741592407,-0.019908109679818153,,0.5488389730453491,0.6177056431770325,-0.019257845357060432,,0.6003469228744507,0.5620157122612,-0.012332604266703129,,0.5514997243881226,0.5621810555458069,-0.023789405822753906,,0.546865701675415,0.609957218170166,-0.018859559670090675,,0.5597355365753174,0.625221312046051,-0.013033661060035229,,0.6017720699310303,0.5873909592628479,-0.02057190239429474,,0.5662223100662231,0.5832201838493347,-0.02715483121573925,,0.5602811574935913,0.6145029664039612,-0.02249421551823616,,0.570452868938446,0.62883460521698,-0.016973813995718956,
-0.05012492462992668,-0.577593982219696,-0.27552253007888794,0.9994683861732483,-0.032496482133865356,-0.6186099052429199,-0.27071723341941833,0.9991011023521423,-0.0331997275352478,-0.6181901693344116,-0.272598534822464,0.9991530179977417,-0.032838836312294006,-0.6181178689002991,-0.2700522840023041,0.9990571737289429,-0.06834086030721664,-0.6214993596076965,-0.26604703068733215,0.9991225004196167,-0.06638205051422119,-0.6218747496604919,-0.26697370409965515,0.9991992712020874,-0.06710185110569,-0.6207943558692932,-0.26279935240745544,0.9991437196731567,0.06519358605146408,-0.6206137537956238,-0.1871158927679062,0.9993014931678772,-0.08150675147771835,-0.6282349228858948,-0.14520637691020966,0.999109148979187,-0.014888246543705463,-0.5533597469329834,-0.25129228830337524,0.9997941851615906,-0.0584431067109108,-0.5543814301490784,-0.23813876509666443,0.999792754650116,0.18947461247444153,-0.4219643771648407,-0.13105763494968414,0.9996554851531982,-0.14421886205673218,-0.457564115524292,-0.058745693415403366,0.9998266100883484,0.19754083454608917,-0.2045096755027771,-0.21143431961536407,0.9950148463249207,-0.21772676706314087,-0.23617713153362274,-0.1480131298303604,0.9605967998504639,0.02018161490559578,-0.2921295762062073,-0.3664318919181824,0.9583733081817627,-0.16003961861133575,-0.30631712079048157,-0.3801402747631073,0.9244884252548218,-0.04499438405036926,-0.31244486570358276,-0.4122554659843445,0.9342796802520752,-0.14054040610790253,-0.32576748728752136,-0.43663960695266724,0.9068033695220947,-0.045480892062187195,-0.36465752124786377,-0.4037131667137146,0.9421329498291016,-0.13002297282218933,-0.36974382400512695,-0.42049139738082886,0.9134804606437683,0.0011615540133789182,-0.3203541338443756,-0.3679526746273041,0.9347703456878662,-0.14357753098011017,-0.3240412175655365,-0.381802499294281,0.9091031551361084,0.11634137481451035,0.0026798646431416273,-0.013416683301329613,0.5689497590065002,-0.11500798910856247,-0.007112440187484026,0.014049365185201168,0.6113249063491821,0.12531057000160217,-0.040838923305273056,-0.09214401245117188,0.07396437972784042,-0.15289123356342316,-5.767001857748255e-05,-0.08192579448223114,0.08215728402137756,0.12340333312749863,0.20946745574474335,0.2141355276107788,0.015510412864387035,-0.11174401640892029,0.3906582295894623,0.21038171648979187,0.025163644924759865,0.12296987324953079,0.21841266751289368,0.23547841608524323,0.008405430242419243,-0.09833274781703949,0.4094260334968567,0.24165958166122437,0.014391442760825157,0.1375689059495926,0.1926123946905136,0.012338903732597828,0.01520972978323698,-0.10665663331747055,0.4486944079399109,0.029630986973643303,0.021578392013907433,23,0.959,0.5594447255134583,0.6971123814582825,-6.827671938935964e-08,,0.5607476830482483,0.7024426460266113,-0.01959494687616825,,0.5582995414733887,0.6855776906013489,-0.034692857414484024,,0.5362484455108643,0.6598758697509766,-0.04746687039732933,,0.5182539224624634,0.6381856799125671,-0.05698823928833008,,0.6060372591018677,0.5721044540405273,-0.01608382537961006,,0.5609821081161499,0.5675159692764282,-0.036236196756362915,,0.5528030395507812,0.6064044237136841,-0.050236497074365616,,0.5648844838142395,0.6232848167419434,-0.05839736759662628,,0.6009137630462646,0.5525437593460083,-0.014789593406021595,,0.5493360161781311,0.5552183389663696,-0.031588394194841385,,0.5439292788505554,0.6057674288749695,-0.036673933267593384,,0.5555574297904968,0.622208297252655,-0.03798165172338486,,0.5910671949386597,0.5463404655456543,-0.01632700115442276,,0.5432649254798889,0.5540603399276733,-0.03127681463956833,,0.5402881503105164,0.6050150990486145,-0.02866295538842678,,0.5513514280319214,0.6202871799468994,-0.02432970516383648,,0.5797417163848877,0.5520238876342773,-0.020221229642629623,,0.5452202558517456,0.5610026121139526,-0.029017087072134018,,0.5424597263336182,0.5993190407752991,-0.026713624596595764,,0.5518640875816345,0.6144053936004639,-0.02230793796479702,,0.6285215616226196,0.7099072933197021,-3.532594803346001e-07,,0.5838045477867126,0.6906338334083557,-0.0007822061306796968,,0.5563228130340576,0.6553839445114136,-0.005955437198281288,,0.5333897471427917,0.6316629648208618,-0.01349503081291914,,0.5130391120910645,0.6104082465171814,-0.019784683361649513,,0.5854684114456177,0.5473926663398743,0.0016302574658766389,,0.5410690903663635,0.5421708822250366,-0.011025630868971348,,0.5352703928947449,0.5886499881744385,-0.019301284104585648,,0.54379802942276,0.6119972467422485,-0.02357894740998745,,0.5951972603797913,0.547393262386322,-0.004898601211607456,,0.5426475405693054,0.5402312278747559,-0.018632445484399796,,0.5376111268997192,0.5961637496948242,-0.02154412865638733,,0.5509094595909119,0.6162052154541016,-0.020783012732863426,,0.6018397212028503,0.5626262426376343,-0.012767692096531391,,0.5527296662330627,0.5599976181983948,-0.02495739422738552,,0.5486664772033691,0.6083056330680847,-0.01980215683579445,,0.5624067187309265,0.6237055659294128,-0.013417581096291542,,0.6040242910385132,0.5882951617240906,-0.021030308678746223,,0.5670610666275024,0.5805987119674683,-0.028217099606990814,,0.5616165995597839,0.6119278073310852,-0.023157697170972824,,0.5730767250061035,0.6261634826660156,-0.01702631637454033,
-0.049128271639347076,-0.577325701713562,-0.27599143981933594,0.9995129108428955,-0.03134537115693092,-0.6182388067245483,-0.27093520760536194,0.999172568321228,-0.0320473238825798,-0.6178197264671326,-0.2727966010570526,0.9992182850837708,-0.031696852296590805,-0.617741584777832,-0.27024903893470764,0.9991295337677002,-0.0674729272723198,-0.6211715936660767,-0.26649874448776245,0.9991961717605591,-0.0655047744512558,-0.6215390563011169,-0.2674623131752014,0.9992662072181702,-0.06623122841119766,-0.6204568147659302,-0.2632896900177002,0.9992161989212036,0.06542462110519409,-0.620012640953064,-0.18746259808540344,0.9993550181388855,-0.08175236731767654,-0.627809464931488,-0.14550615847110748,0.9991881847381592,-0.01435116771608591,-0.5529999136924744,-0.25143927335739136,0.9998111724853516,-0.058235201984643936,-0.5540835857391357,-0.2385358363389969,0.9998105764389038,0.18943990767002106,-0.42159566283226013,-0.13019269704818726,0.9996678233146667,-0.14567521214485168,-0.45756232738494873,-0.05946427956223488,0.9998371601104736,0.19857066869735718,-0.20360511541366577,-0.21148377656936646,0.9954039454460144,-0.21942047774791718,-0.23652084171772003,-0.15075057744979858,0.9642605185508728,0.023922178894281387,-0.2914533019065857,-0.3687940537929535,0.9624099135398865,-0.16023634374141693,-0.3054824471473694,-0.38321998715400696,0.9318366646766663,-0.04054789990186691,-0.3116582930088043,-0.41637158393859863,0.9398062825202942,-0.14066673815250397,-0.3245551586151123,-0.44068747758865356,0.9148019552230835,-0.040851328521966934,-0.3638472855091095,-0.4075250029563904,0.9468377232551575,-0.12892313301563263,-0.36865314841270447,-0.42468956112861633,0.9207519888877869,0.005224600434303284,-0.3195638954639435,-0.3704001009464264,0.9400385618209839,-0.14329834282398224,-0.3232195973396301,-0.3850284814834595,0.9165823459625244,0.11678189039230347,0.002666648244485259,-0.012840298935770988,0.5694226622581482,-0.11545281112194061,-0.007123507559299469,0.013403255492448807,0.6129817366600037,0.12691454589366913,-0.0398448184132576,-0.09605258703231812,0.06999316811561584,-0.15298941731452942,0.001774627366103232,-0.08540556579828262,0.07809767872095108,0.12458354234695435,0.21021899580955505,0.21004654467105865,0.014710968360304832,-0.11164472997188568,0.39406755566596985,0.20643426477909088,0.023603469133377075,0.12436933815479279,0.21927353739738464,0.2308238297700882,0.008165765553712845,-0.09814255684614182,0.4139021337032318,0.23725612461566925,0.013694273307919502,0.13857224583625793,0.19478704035282135,0.010755496099591255,0.014389642514288425,-0.10543074458837509,0.4538101553916931,0.024859212338924408,0.02025408111512661,24,1.001,0.5992295145988464,0.7189332246780396,-2.489045130005252e-07,,0.572235107421875,0.6917012333869934,-0.009571305476129055,,0.55009526014328,0.6592026948928833,-0.020712092518806458,,0.5306894779205322,0.6462805271148682,-0.03247206285595894,,0.5181117057800293,0.6404682397842407,-0.0415349155664444,,0.5920552611351013,0.5476624369621277,-0.0032404407393187284,,0.5468318462371826,0.5464142560958862,-0.01929095946252346,,0.538794994354248,0.594690203666687,-0.030998826026916504,,0.5492819547653198,0.6126098036766052,-0.03805817663669586,,0.6005392074584961,0.5501939654350281,-0.006855802610516548,,0.5484291315078735,0.5526349544525146,-0.02011803910136223,,0.542464017868042,0.6050007343292236,-0.023125287145376205,,0.5537580847740173,0.6222091913223267,-0.023270558565855026,,0.6052568554878235,0.5649092197418213,-0.01286222878843546,,0.5555814504623413,0.56424480676651,-0.024689994752407074,,0.5510292649269104,0.6142293810844421,-0.02028605155646801,,0.5632929801940918,0.6307852864265442,-0.015150120481848717,,0.6078009009361267,0.5890195369720459,-0.020507551729679108,,0.5690034031867981,0.5872127413749695,-0.0262843519449234,,0.5641812086105347,0.6191471815109253,-0.021468734368681908,,0.5731675028800964,0.635271430015564,-0.015749244019389153,,0.6280072927474976,0.7117403745651245,-3.6785598922506324e-07,,0.583760142326355,0.6921966671943665,-0.0007830560789443552,,0.5564916729927063,0.6570519208908081,-0.005943354219198227,,0.5338524580001831,0.6335157752037048,-0.013462606817483902,,0.5142021179199219,0.6111887693405151,-0.01963353343307972,,0.5853139758110046,0.5479261875152588,0.0015869081253185868,,0.5413157343864441,0.5419780015945435,-0.01159435510635376,,0.5364314317703247,0.5897937417030334,-0.019774600863456726,,0.5449468493461609,0.6131420135498047,-0.023829244077205658,,0.595353364944458,0.5482689142227173,-0.005026404745876789,,0.5431926846504211,0.5411056280136108,-0.01927255652844906,,0.5392594337463379,0.5989147424697876,-0.021753905341029167,,0.5522875189781189,0.6196931600570679,-0.02051985077559948,,0.6024879217147827,0.5634406805038452,-0.013065732084214687,,0.5536340475082397,0.560698926448822,-0.025876708328723907,,0.5511834025382996,0.6114438772201538,-0.020084083080291748,,0.5650810599327087,0.6278491616249084,-0.013100385665893555,,0.6052521467208862,0.5893541574478149,-0.021459300071001053,,0.5683724880218506,0.5823179483413696,-0.02909053862094879,,0.5639753341674805,0.6151427626609802,-0.023751558735966682,,0.5756003856658936,0.6295468211174011,-0.017275892198085785,
-0.048534393310546875,-0.5769376754760742,-0.2761915326118469,0.9995527863502502,-0.030783237889409065,-0.6178207993507385,-0.2710239887237549,0.9992364048957825,-0.031480491161346436,-0.6174027919769287,-0.2728970944881439,0.9992765188217163,-0.03114066645503044,-0.6173213720321655,-0.2703559398651123,0.9991941452026367,-0.06702518463134766,-0.6207549571990967,-0.2667464017868042,0.9992621541023254,-0.06504841148853302,-0.6211106181144714,-0.2677452266216278,0.999326229095459,-0.06578109413385391,-0.6200270652770996,-0.2635779082775116,0.9992812275886536,0.06548114866018295,-0.619545042514801,-0.1877145767211914,0.9994030594825745,-0.08196241408586502,-0.6273008584976196,-0.14586865901947021,0.9992592930793762,-0.013955979607999325,-0.5525184273719788,-0.2515408396720886,0.9998264908790588,-0.058032456785440445,-0.5536043047904968,-0.23874327540397644,0.9998266696929932,0.1893499791622162,-0.42142635583877563,-0.12989972531795502,0.9996792674064636,-0.14600759744644165,-0.45742183923721313,-0.06035948917269707,0.9998471140861511,0.19820748269557953,-0.20297378301620483,-0.2117033451795578,0.9957735538482666,-0.21929815411567688,-0.23659968376159668,-0.1533719152212143,0.967606246471405,0.024444598704576492,-0.29095137119293213,-0.36886945366859436,0.9660641551017761,-0.15891821682453156,-0.3054468035697937,-0.38426673412323,0.9384855628013611,-0.039596863090991974,-0.31111735105514526,-0.4165494441986084,0.9448761940002441,-0.1390427201986313,-0.32434454560279846,-0.44185972213745117,0.9221294522285461,-0.03971751034259796,-0.3632184565067291,-0.4077800512313843,0.9511614441871643,-0.1268274337053299,-0.36860987544059753,-0.42621687054634094,0.9274064898490906,0.005885310936719179,-0.31902676820755005,-0.3704565763473511,0.9448965787887573,-0.1416076123714447,-0.3232640027999878,-0.38621947169303894,0.9234662652015686,0.11699240654706955,0.002669482957571745,-0.012451856397092342,0.5718790292739868,-0.11569284647703171,-0.00713672349229455,0.01292718667536974,0.6166855692863464,0.12760944664478302,-0.039454080164432526,-0.09793981909751892,0.06635084003210068,-0.15293799340724945,0.0029387399554252625,-0.08762793242931366,0.07453107088804245,0.12467317283153534,0.215849369764328,0.20549392700195312,0.013979512266814709,-0.11150647699832916,0.3975438177585602,0.203997403383255,0.0222079548984766,0.12455520033836365,0.2252189964056015,0.22524307668209076,0.007906651124358177,-0.09795797616243362,0.4186137318611145,0.23420597612857819,0.01303910557180643,0.13872195780277252,0.2045145034790039,0.009732121601700783,0.013620976358652115,-0.10438209772109985,0.45785555243492126,0.022570723667740822,0.01903565414249897,25,1.042,0.5677239894866943,0.7099742889404297,-1.217287177723847e-07,,0.5590901374816895,0.6980729699134827,-0.018029997125267982,,0.5498312711715698,0.6757332682609558,-0.033198244869709015,,0.5307369232177734,0.654666543006897,-0.0463833287358284,,0.5186600685119629,0.6417898535728455,-0.05595919489860535,,0.6022768020629883,0.5693846940994263,-0.014533024281263351,,0.5556054711341858,0.5633246302604675,-0.034639623016119,,0.5483251810073853,0.6053470373153687,-0.04888462647795677,,0.5616490244865417,0.6227936744689941,-0.05727124959230423,,0.6048855185508728,0.5584476590156555,-0.013971883803606033,,0.5495525002479553,0.5595406293869019,-0.030291402712464333,,0.54433274269104,0.6099663376808167,-0.035362135618925095,,0.5569217801094055,0.6268315315246582,-0.03685006499290466,,0.6020132899284363,0.5603242516517639,-0.01612669974565506,,0.5499719381332397,0.5650765895843506,-0.029800895601511,,0.5467209219932556,0.6144599914550781,-0.026996728032827377,,0.5585693717002869,0.6300735473632812,-0.02303658239543438,,0.5968765616416931,0.5727238655090332,-0.02069537527859211,,0.5576762557029724,0.5792335271835327,-0.029349781572818756,,0.5544414520263672,0.6154434084892273,-0.027361668646335602,,0.5641682744026184,0.6309040784835815,-0.023153498768806458,,0.6294468641281128,0.7151826620101929,-3.6981197126806364e-07,,0.585824191570282,0.6954103112220764,-0.0011582925217226148,,0.5582543611526489,0.6607212424278259,-0.006909423507750034,,0.5349661707878113,0.6370930075645447,-0.015021052211523056,,0.5144784450531006,0.6151445508003235,-0.021741528064012527,,0.5867342948913574,0.5504801273345947,0.0009473626269027591,,0.5418218374252319,0.544765055179596,-0.012596676126122475,,0.5373972058296204,0.5924878716468811,-0.02084590494632721,,0.5460565090179443,0.6156606078147888,-0.02492666058242321,,0.5965874791145325,0.5508413314819336,-0.0056276991963386536,,0.5438591837882996,0.5450024008750916,-0.019950881600379944,,0.5411064624786377,0.6030369997024536,-0.0221614520996809,,0.5543929934501648,0.6224267482757568,-0.020860454067587852,,0.6036799550056458,0.5660935640335083,-0.013675911352038383,,0.5541496872901917,0.5641611814498901,-0.026451336219906807,,0.5530645847320557,0.6153667569160461,-0.02012883871793747,,0.5673457980155945,0.6305429339408875,-0.013040713965892792,,0.6065008044242859,0.5921728014945984,-0.022135991603136063,,0.5690414905548096,0.5870637893676758,-0.029977044090628624,,0.5656234622001648,0.6203627586364746,-0.024510925635695457,,0.577727198600769,0.6335997581481934,-0.018021324649453163,
-0.048571065068244934,-0.5770178437232971,-0.2761462926864624,0.9995898604393005,-0.030800804495811462,-0.6178926229476929,-0.27111515402793884,0.9992957711219788,-0.031497277319431305,-0.6174736022949219,-0.27296751737594604,0.9993308782577515,-0.031158853322267532,-0.6173908114433289,-0.2704322636127472,0.9992547631263733,-0.06704151630401611,-0.620849609375,-0.2667250335216522,0.9993231892585754,-0.06506449729204178,-0.6212003827095032,-0.267740398645401,0.9993817806243896,-0.065797358751297,-0.6201165914535522,-0.26357945799827576,0.9993413686752319,0.06544657051563263,-0.6195412278175354,-0.1874336153268814,0.9994474053382874,-0.08246561884880066,-0.6273761987686157,-0.14577975869178772,0.9993241429328918,-0.013996772468090057,-0.5525540709495544,-0.2515670955181122,0.999840497970581,-0.05810215696692467,-0.5536643266677856,-0.23867081105709076,0.9998413324356079,0.1892618089914322,-0.42143622040748596,-0.12929551303386688,0.9996901750564575,-0.1466754823923111,-0.45751655101776123,-0.06027650833129883,0.999856173992157,0.19793352484703064,-0.2027129977941513,-0.21115323901176453,0.9961118102073669,-0.22015723586082458,-0.23681434988975525,-0.15261584520339966,0.9706130027770996,0.027767855674028397,-0.2900213897228241,-0.3686891794204712,0.9693619608879089,-0.1605982482433319,-0.30307736992836,-0.3833167552947998,0.9444704055786133,-0.03452077507972717,-0.3098869323730469,-0.4158087372779846,0.9495329260826111,-0.1415049433708191,-0.3201272189617157,-0.4407786428928375,0.9287408590316772,-0.034363776445388794,-0.3617507517337799,-0.4071262776851654,0.9551575183868408,-0.12938830256462097,-0.36436426639556885,-0.4256126284599304,0.9334224462509155,0.009689763188362122,-0.3180563449859619,-0.3701779842376709,0.949389636516571,-0.14341719448566437,-0.32067450881004333,-0.385455846786499,0.9297096729278564,0.1172221228480339,0.0026575091760605574,-0.012140242382884026,0.5726668238639832,-0.11593328416347504,-0.007140934932976961,0.012566582299768925,0.618208110332489,0.12791943550109863,-0.03879476338624954,-0.09792016446590424,0.06308583915233612,-0.15327200293540955,0.0034003157634288073,-0.08833039551973343,0.0710931122303009,0.12452603131532669,0.2182510942220688,0.20420052111148834,0.013339072465896606,-0.1115192174911499,0.39805883169174194,0.20399267971515656,0.0208989679813385,0.12442909926176071,0.22748933732509613,0.22355325520038605,0.007671360392123461,-0.09798353165388107,0.4192218482494354,0.23420089483261108,0.01240225974470377,0.13866011798381805,0.20753607153892517,0.008675336837768555,0.012943843379616737,-0.10424518585205078,0.4583355486392975,0.02254347875714302,0.01790582574903965,26,1.084,0.6060897707939148,0.7227976322174072,-2.7905377919523744e-07,,0.5757406949996948,0.695977509021759,-0.009358899667859077,,0.5495050549507141,0.6579203009605408,-0.01912224106490612,,0.5295542478561401,0.6387605667114258,-0.029605278745293617,,0.5221644043922424,0.6346378922462463,-0.037229832261800766,,0.5925459265708923,0.5489267110824585,-0.0016569310100749135,,0.5474345684051514,0.5492890477180481,-0.017479756847023964,,0.5397531986236572,0.6003052592277527,-0.029112473130226135,,0.5489515066146851,0.6215444803237915,-0.03593258187174797,,0.6023159623146057,0.553124725818634,-0.004930165596306324,,0.5496008992195129,0.5575856566429138,-0.01834039017558098,,0.5448630452156067,0.6115176677703857,-0.021153973415493965,,0.5559656620025635,0.6313546299934387,-0.020829955115914345,,0.6078908443450928,0.5697357654571533,-0.010788802988827229,,0.5579717755317688,0.5698192715644836,-0.022810285910964012,,0.5540651679039001,0.6206235289573669,-0.018140414729714394,,0.5655643343925476,0.6392093300819397,-0.012489530257880688,,0.6107656359672546,0.5959529280662537,-0.018374435603618622,,0.5725973844528198,0.5953060388565063,-0.02472785674035549,,0.5680334568023682,0.6261469721794128,-0.02042318321764469,,0.5762988328933716,0.6428115367889404,-0.014825268648564816,,0.6309758424758911,0.718934178352356,-3.6448406603994954e-07,,0.5872523784637451,0.6986244916915894,-0.001134203397668898,,0.5596814155578613,0.6642327308654785,-0.007150366436690092,,0.5362552404403687,0.6411482095718384,-0.015494676306843758,,0.5156176090240479,0.6202498078346252,-0.02244570665061474,,0.5879284739494324,0.5540546774864197,0.0007897145114839077,,0.5428948998451233,0.5489225387573242,-0.012652848847210407,,0.5383031964302063,0.595825731754303,-0.021092763170599937,,0.5465342998504639,0.6188093423843384,-0.025422265753149986,,0.5975937843322754,0.5549750328063965,-0.0058852736838161945,,0.5447596907615662,0.5496655702590942,-0.020101351663470268,,0.5425618290901184,0.606421172618866,-0.02243853732943535,,0.5556557178497314,0.6257901787757874,-0.021356282755732536,,0.6047288775444031,0.5706851482391357,-0.013986426405608654,,0.555422306060791,0.5697683095932007,-0.02650553546845913,,0.5549479722976685,0.6195851564407349,-0.02014087699353695,,0.5689907073974609,0.6341390609741211,-0.01323278620839119,,0.6077262759208679,0.5970438718795776,-0.022522762417793274,,0.5705210566520691,0.5929585099220276,-0.03016364760696888,,0.5675300359725952,0.625879168510437,-0.024581464007496834,,0.5793193578720093,0.6385369896888733,-0.01816273294389248,
-0.04855537787079811,-0.577048659324646,-0.2794657051563263,0.9996236562728882,-0.030784131959080696,-0.6179016828536987,-0.27415210008621216,0.9993494153022766,-0.0314786396920681,-0.6174829602241516,-0.27594897150993347,0.9993797540664673,-0.031141046434640884,-0.6173999309539795,-0.2734227478504181,0.9993090629577637,-0.06705626845359802,-0.6208659410476685,-0.27008935809135437,0.9993791580200195,-0.06507860124111176,-0.6212170124053955,-0.27116474509239197,0.9994330406188965,-0.06581142544746399,-0.6201337575912476,-0.2670402526855469,0.9993969202041626,0.06530225276947021,-0.619504451751709,-0.18823346495628357,0.9994863271713257,-0.08381912857294083,-0.6273437142372131,-0.14900200068950653,0.9993840456008911,-0.01403204258531332,-0.5525497198104858,-0.25438225269317627,0.9998531341552734,-0.0582185722887516,-0.5536579489707947,-0.242076113820076,0.9998548626899719,0.18888074159622192,-0.42141589522361755,-0.1296413391828537,0.9996975660324097,-0.14946278929710388,-0.4574396014213562,-0.06307867169380188,0.9998648762702942,0.19714878499507904,-0.20267780125141144,-0.214081272482872,0.9964017868041992,-0.2215793877840042,-0.23711875081062317,-0.16078978776931763,0.9733269214630127,0.027511704713106155,-0.28970447182655334,-0.37323737144470215,0.9723061919212341,-0.15714287757873535,-0.30161023139953613,-0.3936821222305298,0.949830174446106,-0.03480882570147514,-0.3095877468585968,-0.4215819239616394,0.9535538554191589,-0.13514398038387299,-0.31784486770629883,-0.4518101215362549,0.9345204830169678,-0.03470505774021149,-0.3614223599433899,-0.413633793592453,0.9585849046707153,-0.12244037538766861,-0.3617617189884186,-0.43679335713386536,0.9386682510375977,0.009448505006730556,-0.31773605942726135,-0.375357985496521,0.9532098770141602,-0.13910961151123047,-0.31884631514549255,-0.3958331048488617,0.9350914359092712,0.1174212321639061,0.0025330267380923033,-0.01139452401548624,0.5698031783103943,-0.11623126268386841,-0.0071097142063081264,0.011791371740400791,0.616534948348999,0.12660278379917145,-0.03851201757788658,-0.09515353292226791,0.060698170214891434,-0.15483728051185608,0.010317196138203144,-0.08795326203107834,0.06864344328641891,0.12006428837776184,0.218679279088974,0.20437665283679962,0.012849480845034122,-0.11713816970586777,0.3981558680534363,0.20415997505187988,0.01982038840651512,0.1196904107928276,0.22785769402980804,0.2236265391111374,0.007508238777518272,-0.10423712432384491,0.4192863702774048,0.23434613645076752,0.011842182837426662,0.1362568438053131,0.20899595320224762,0.009214488789439201,0.012459679506719112,-0.11035449057817459,0.4598592221736908,0.023258304223418236,0.017019573599100113,27,1.126,0.5550568103790283,0.7173356413841248,-8.913584537140196e-08,,0.5563883781433105,0.7211499810218811,-0.02453436702489853,,0.5536596179008484,0.7040775418281555,-0.04232142120599747,,0.529757559299469,0.6713587045669556,-0.056439466774463654,,0.5124786496162415,0.6450566053390503,-0.06684357672929764,,0.6097861528396606,0.6057710647583008,-0.024626174941658974,,0.5638729929924011,0.5929781198501587,-0.04705776646733284,,0.5576000213623047,0.634422242641449,-0.06215427815914154,,0.5711531639099121,0.6524485349655151,-0.07085949927568436,,0.6044941544532776,0.5789809823036194,-0.02068205550312996,,0.5504382252693176,0.5774624347686768,-0.038693320006132126,,0.5460768938064575,0.6275187730789185,-0.04424230381846428,,0.5592904090881348,0.6442904472351074,-0.04626009985804558,,0.5929322838783264,0.5677773356437683,-0.01956833526492119,,0.5431745648384094,0.572597861289978,-0.03451666608452797,,0.5404508113861084,0.6224764585494995,-0.0314711257815361,,0.5524569153785706,0.6373268961906433,-0.027551855891942978,,0.5791661143302917,0.5681527853012085,-0.021295344457030296,,0.5439560413360596,0.5757488012313843,-0.03134215623140335,,0.5418314933776855,0.6140791773796082,-0.029556741937994957,,0.5515927672386169,0.6302937269210815,-0.025446292012929916,,0.6321276426315308,0.7284402251243591,-3.6920789625582984e-07,,0.5882775783538818,0.710839033126831,-0.001159116392955184,,0.5602355599403381,0.6761144399642944,-0.0073831514455378056,,0.5364569425582886,0.6539603471755981,-0.015822652727365494,,0.5158397555351257,0.6346049904823303,-0.02309480495750904,,0.5891807675361633,0.5649020671844482,-0.0012511463137343526,,0.5438941121101379,0.5572999715805054,-0.0138029670342803,,0.5368901491165161,0.6030512452125549,-0.02173740044236183,,0.5443617105484009,0.628869891166687,-0.02591458335518837,,0.5986649990081787,0.5679001808166504,-0.007828008383512497,,0.5459248423576355,0.5650054812431335,-0.02075410634279251,,0.542289674282074,0.6191881895065308,-0.023085368797183037,,0.5547218918800354,0.6393724679946899,-0.02256016619503498,,0.6053661704063416,0.5862371921539307,-0.015661640092730522,,0.5562869310379028,0.5850613117218018,-0.027198756113648415,,0.5544812083244324,0.6321734189987183,-0.021520644426345825,,0.5677326917648315,0.6483638286590576,-0.015587853267788887,,0.6079664826393127,0.6146634817123413,-0.02393222413957119,,0.5711541771888733,0.61009681224823,-0.03133029118180275,,0.5668113827705383,0.6425207257270813,-0.026384424418210983,,0.5772902369499207,0.6586929559707642,-0.020723635330796242,
-0.04844442009925842,-0.5745875835418701,-0.28120046854019165,0.9996529817581177,-0.030670780688524246,-0.6155627965927124,-0.2762623131275177,0.999396026134491,-0.03136584162712097,-0.6151450276374817,-0.27802979946136475,0.9994220733642578,-0.031030595302581787,-0.6150506734848022,-0.27550429105758667,0.9993558526039124,-0.06700168550014496,-0.6185675263404846,-0.27200061082839966,0.9994276165962219,-0.06502217799425125,-0.6189081072807312,-0.273112416267395,0.999477207660675,-0.06575571000576019,-0.617819607257843,-0.2689886689186096,0.999444842338562,0.06534680724143982,-0.6181109547615051,-0.19009695947170258,0.9995203018188477,-0.08393625915050507,-0.6260800361633301,-0.150737002491951,0.9994361400604248,-0.013938882388174534,-0.5504666566848755,-0.2561706304550171,0.9998642802238464,-0.05821552872657776,-0.5516185760498047,-0.24363814294338226,0.9998666644096375,0.18899530172348022,-0.4206737279891968,-0.13054528832435608,0.999704897403717,-0.14976847171783447,-0.45711061358451843,-0.06411682069301605,0.9998723864555359,0.19703249633312225,-0.20029376447200775,-0.21587656438350677,0.9966711401939392,-0.22195671498775482,-0.23663777112960815,-0.16146421432495117,0.9757689833641052,0.027415942400693893,-0.2871091365814209,-0.3771207332611084,0.9749771356582642,-0.1582040786743164,-0.29914289712905884,-0.39732322096824646,0.95468670129776,-0.03492536023259163,-0.30666711926460266,-0.4259125590324402,0.9573137164115906,-0.13715152442455292,-0.3152109384536743,-0.45581820607185364,0.9399406909942627,-0.03485164791345596,-0.3589644730091095,-0.41814908385276794,0.9618096947669983,-0.12460686266422272,-0.3592566251754761,-0.4413084089756012,0.9436232447624207,0.009352251887321472,-0.3153868317604065,-0.3792281150817871,0.9568241238594055,-0.1403464823961258,-0.31648993492126465,-0.3997231125831604,0.9402164816856384,0.11768008768558502,0.002493516309186816,-0.010997331701219082,0.5689957737922668,-0.11649888753890991,-0.0070769344456493855,0.011354927904903889,0.617108941078186,0.1270892471075058,-0.037988826632499695,-0.09663794189691544,0.057920441031455994,-0.15489967167377472,0.010216436348855495,-0.08874654769897461,0.06585030257701874,0.12038374692201614,0.21987631916999817,0.20243704319000244,0.012329669669270515,-0.1168452799320221,0.3991951644420624,0.2020317018032074,0.018772806972265244,0.12012597173452377,0.22919756174087524,0.22141173481941223,0.007346343714743853,-0.10401133447885513,0.4204690158367157,0.23183053731918335,0.011308723129332066,0.13672976195812225,0.21069544553756714,0.007593004032969475,0.011926139704883099,-0.10870373249053955,0.46128109097480774,0.019787078723311424,0.016115184873342514,28,1.167,0.5900500416755676,0.7370483875274658,-2.1799085914153693e-07,,0.563291609287262,0.7058959603309631,-0.010277708061039448,,0.5406012535095215,0.6711447238922119,-0.022774526849389076,,0.5246028900146484,0.6601415276527405,-0.03542076423764229,,0.5206781029701233,0.6617926359176636,-0.04510555788874626,,0.586887776851654,0.5683673620223999,-0.007061017211526632,,0.5435727834701538,0.5718969106674194,-0.024877779185771942,,0.5385847091674805,0.6178087592124939,-0.037276409566402435,,0.5510310530662537,0.6335485577583313,-0.04483257979154587,,0.5984019637107849,0.5725322961807251,-0.011067214421927929,,0.5459353923797607,0.5819811820983887,-0.024706920608878136,,0.5430191159248352,0.6311253309249878,-0.027773864567279816,,0.5552766919136047,0.6436153054237366,-0.028396891430020332,,0.6054161787033081,0.5881165266036987,-0.01749548502266407,,0.5544113516807556,0.598125159740448,-0.02882135473191738,,0.5529963970184326,0.6452288627624512,-0.02404959686100483,,0.5658723711967468,0.6561075448989868,-0.01946384459733963,,0.6100306510925293,0.6124723553657532,-0.02583252266049385,,0.5694977641105652,0.6184826493263245,-0.03145049884915352,,0.5653333067893982,0.6497845649719238,-0.026644324883818626,,0.5738247632980347,0.660606324672699,-0.021334636956453323,,0.632127046585083,0.7319250702857971,-3.512890032197902e-07,,0.5878849625587463,0.7142910957336426,-0.001520613324828446,,0.5596235394477844,0.6822763085365295,-0.008483882993459702,,0.5356109738349915,0.6613926291465759,-0.01750650815665722,,0.5147994160652161,0.6423172354698181,-0.02521822415292263,,0.5877414345741272,0.569343090057373,-0.002789672464132309,,0.5420001745223999,0.5635020136833191,-0.015572693198919296,,0.5359506607055664,0.609041690826416,-0.023419074714183807,,0.5436655879020691,0.6335152387619019,-0.027515485882759094,,0.5974777340888977,0.5730008482933044,-0.009212548844516277,,0.5441110134124756,0.5721121430397034,-0.02235889807343483,,0.5414871573448181,0.6251477003097534,-0.024371419101953506,,0.5542400479316711,0.64368736743927,-0.023822840303182602,,0.604181170463562,0.5918205380439758,-0.016835488379001617,,0.5549060106277466,0.5927647948265076,-0.02844454161822796,,0.5539417862892151,0.6389918923377991,-0.022305872291326523,,0.5675621032714844,0.6537966132164001,-0.016249965876340866,,0.6067898273468018,0.6200081706047058,-0.024897608906030655,,0.5699775218963623,0.6163101196289062,-0.03237461298704147,,0.5658328533172607,0.6487215757369995,-0.027235478162765503,,0.5761747360229492,0.6640658378601074,-0.021526731550693512,
-0.04804005101323128,-0.5739943385124207,-0.2811793088912964,0.9996814727783203,-0.030183013528585434,-0.6150122284889221,-0.2762479782104492,0.9994421005249023,-0.030876269564032555,-0.6145926713943481,-0.2780076861381531,0.9994646906852722,-0.030551323667168617,-0.6144957542419434,-0.2754824459552765,0.9994032382965088,-0.06665834784507751,-0.6180315613746643,-0.2719772160053253,0.9994744658470154,-0.06467030197381973,-0.6183607578277588,-0.2730962634086609,0.9995200037956238,-0.06540846079587936,-0.6172707080841064,-0.26897311210632324,0.9994909763336182,0.06570647656917572,-0.6177018284797668,-0.19000287353992462,0.9995554685592651,-0.08396337181329727,-0.6256969571113586,-0.15068332850933075,0.9994856715202332,-0.013538741506636143,-0.5498476028442383,-0.2561490535736084,0.9998753070831299,-0.05802254006266594,-0.5510106682777405,-0.24361146986484528,0.9998781085014343,0.18933500349521637,-0.42042601108551025,-0.13044947385787964,0.9997171759605408,-0.1497892141342163,-0.4569190740585327,-0.0640445277094841,0.9998807311058044,0.1968795210123062,-0.19962693750858307,-0.21592751145362854,0.9969356060028076,-0.22188317775726318,-0.237263023853302,-0.16137495636940002,0.9780281186103821,0.0273134745657444,-0.286861389875412,-0.37642809748649597,0.9774001240730286,-0.15624189376831055,-0.2993389070034027,-0.3960513174533844,0.9590851068496704,-0.03507904335856438,-0.30638301372528076,-0.42499682307243347,0.9607901573181152,-0.13443024456501007,-0.3155463635921478,-0.45428112149238586,0.9448823928833008,-0.03505837172269821,-0.35865429043769836,-0.41715216636657715,0.9648007154464722,-0.12121441215276718,-0.35940608382225037,-0.4396255314350128,0.9481284022331238,0.009244853630661964,-0.3151768743991852,-0.3785040080547333,0.9601925015449524,-0.13790397346019745,-0.3166780471801758,-0.3984339237213135,0.9449148774147034,0.11796554177999496,0.002487015211954713,-0.010920736007392406,0.5738733410835266,-0.11682576686143875,-0.0070776911452412605,0.011246216483414173,0.6223414540290833,0.12706004083156586,-0.03760511055588722,-0.09738653153181076,0.055306326597929,-0.15593719482421875,0.009121399372816086,-0.08898033946752548,0.06309188902378082,0.1202002465724945,0.22052055597305298,0.201090008020401,0.01182748656719923,-0.11677204072475433,0.39921650290489197,0.20224353671073914,0.01775667443871498,0.1200137808918953,0.2297278642654419,0.2197062373161316,0.007145826239138842,-0.10384850949048996,0.4205333888530731,0.23196566104888916,0.010790304280817509,0.13581712543964386,0.21191257238388062,0.006723176687955856,0.011408094316720963,-0.10872534662485123,0.46154606342315674,0.020429639145731926,0.01524323970079422,29,1.209,0.6248335242271423,0.7386560440063477,-3.096616580933187e-07,,0.5857411026954651,0.720543384552002,-0.005885473918169737,,0.5589746832847595,0.6873316764831543,-0.013069462962448597,,0.5345935821533203,0.6648585200309753,-0.021570978686213493,,0.5140254497528076,0.650960385799408,-0.028055278584361076,,0.587133526802063,0.5721254348754883,-0.0002188433427363634,,0.5421198010444641,0.5711723566055298,-0.015582608990371227,,0.5367177128791809,0.6189194917678833,-0.026277903467416763,,0.5456776022911072,0.6452348232269287,-0.03162087872624397,,0.5968669056892395,0.5738006234169006,-0.004494643770158291,,0.5452442765235901,0.5766267776489258,-0.016462786123156548,,0.5396556258201599,0.6301335692405701,-0.018457435071468353,,0.5510156154632568,0.6504807472229004,-0.017581168562173843,,0.6032758355140686,0.5924819707870483,-0.011134427972137928,,0.5542562007904053,0.5952162146568298,-0.02284584566950798,,0.5507351756095886,0.6430647373199463,-0.018360810354351997,,0.5629711151123047,0.6608328819274902,-0.012761794961988926,,0.6063826084136963,0.6210468411445618,-0.01890973560512066,,0.5692241787910461,0.6234506368637085,-0.024988727644085884,,0.5633324384689331,0.6523413062095642,-0.02068314515054226,,0.5708029270172119,0.6697089076042175,-0.01526764314621687,,0.6321291327476501,0.7371044754981995,-3.5099668593829847e-07,,0.5877565145492554,0.7198535203933716,-0.002084326697513461,,0.5589317083358765,0.6879189610481262,-0.009284423664212227,,0.5343406796455383,0.6669600605964661,-0.018404260277748108,,0.5129691362380981,0.6479799747467041,-0.026148691773414612,,0.586780309677124,0.5737423300743103,-0.0030266849789768457,,0.5406125783920288,0.5695304274559021,-0.015914440155029297,,0.5345713496208191,0.6150283813476562,-0.023834023624658585,,0.5424116849899292,0.6397393941879272,-0.027961136773228645,,0.5965622067451477,0.5775085687637329,-0.00921197421848774,,0.5428357124328613,0.5778289437294006,-0.022496938705444336,,0.5403373837471008,0.6308736801147461,-0.02457553893327713,,0.5528277158737183,0.6500601172447205,-0.023985115811228752,,0.6033602952957153,0.596451461315155,-0.01665620319545269,,0.5536854863166809,0.599260151386261,-0.028336144983768463,,0.5529121160507202,0.6451800465583801,-0.02233707346022129,,0.5662240982055664,0.6600935459136963,-0.016322791576385498,,0.6060669422149658,0.6251903772354126,-0.024601902812719345,,0.5687267780303955,0.6231716871261597,-0.032297439873218536,,0.5649302005767822,0.6555471420288086,-0.02739751525223255,,0.5752432346343994,0.6706842184066772,-0.02179536782205105,
-0.047945536673069,-0.5738419890403748,-0.2811582088470459,0.9997063279151917,-0.030176391825079918,-0.6149177551269531,-0.2762077748775482,0.9994821548461914,-0.030869361013174057,-0.6144970655441284,-0.2779742479324341,0.9995017647743225,-0.030543655157089233,-0.6144046783447266,-0.27544862031936646,0.9994452595710754,-0.06667480617761612,-0.6179316639900208,-0.27193206548690796,0.9995154142379761,-0.06468652933835983,-0.6182655692100525,-0.2730429172515869,0.999557375907898,-0.06542381644248962,-0.6171769499778748,-0.2689235508441925,0.9995314478874207,0.065716452896595,-0.6176660060882568,-0.18951408565044403,0.9995868802070618,-0.08438136428594589,-0.6256580948829651,-0.15055258572101593,0.9995293617248535,-0.013365340419113636,-0.5497276186943054,-0.2561129331588745,0.9998850226402283,-0.057965829968452454,-0.5508833527565002,-0.24358490109443665,0.9998881220817566,0.18956662714481354,-0.4204047620296478,-0.13033218681812286,0.999728798866272,-0.14998343586921692,-0.4569140672683716,-0.06396468728780746,0.9998882412910461,0.1970224678516388,-0.19962327182292938,-0.21457600593566895,0.9971541166305542,-0.2235298454761505,-0.23856882750988007,-0.1609308123588562,0.9800354838371277,0.02683570422232151,-0.2862285077571869,-0.3733670711517334,0.979545533657074,-0.155128613114357,-0.29912227392196655,-0.39531123638153076,0.9630042910575867,-0.03633725643157959,-0.3053722381591797,-0.42194265127182007,0.9637511372566223,-0.13230158388614655,-0.31430450081825256,-0.453084260225296,0.9491594433784485,-0.037707697600126266,-0.35685691237449646,-0.4142652153968811,0.9673274755477905,-0.11812476813793182,-0.35741719603538513,-0.4382627010345459,0.9519947171211243,0.008182692341506481,-0.31403225660324097,-0.3754073977470398,0.9630329012870789,-0.1363735944032669,-0.31579381227493286,-0.3976168632507324,0.9489337205886841,0.11829251050949097,0.0024968525394797325,-0.010747114196419716,0.5744214057922363,-0.11709620803594589,-0.0071351183578372,0.011102086864411831,0.6238343715667725,0.12779821455478668,-0.03754511848092079,-0.09788833558559418,0.05441870167851448,-0.15590764582157135,0.005707602947950363,-0.09369844943284988,0.062402840703725815,0.12105072289705276,0.2197357714176178,0.2001783847808838,0.011518727988004684,-0.11599452048540115,0.398637056350708,0.1994575560092926,0.01717509515583515,0.12091739475727081,0.2288481593132019,0.2190391719341278,0.00703602097928524,-0.10292311012744904,0.4195778965950012,0.2296106368303299,0.01049295999109745,0.138391375541687,0.20843634009361267,0.0055174133740365505,0.01110146939754486,-0.10676328837871552,0.4575631320476532,0.017550600692629814,0.014742166735231876,30,1.251,0.545823335647583,0.7138667106628418,-5.517902579299516e-08,,0.551754891872406,0.7362035512924194,-0.027910199016332626,,0.5533987283706665,0.7295784950256348,-0.046065546572208405,,0.527633011341095,0.6915075182914734,-0.05956876650452614,,0.507732629776001,0.6605329513549805,-0.06973718851804733,,0.6047748327255249,0.6299875974655151,-0.03207956999540329,,0.5637978315353394,0.6180146336555481,-0.052899815142154694,,0.5579534769058228,0.6527800559997559,-0.06496071815490723,,0.5690826773643494,0.6699942350387573,-0.07159149646759033,,0.5975404381752014,0.5979316830635071,-0.026077164337038994,,0.5483033061027527,0.597877562046051,-0.04358259215950966,,0.5440770387649536,0.6418715715408325,-0.04816310852766037,,0.5551834106445312,0.6587210297584534,-0.04961927607655525,,0.5839623212814331,0.5820567607879639,-0.02261817641556263,,0.5382109880447388,0.5900200009346008,-0.03743138909339905,,0.5362176895141602,0.634405791759491,-0.03505665436387062,,0.5469344854354858,0.6497530937194824,-0.03163263946771622,,0.5681919455528259,0.5764774084091187,-0.02199484221637249,,0.5371590256690979,0.5871663093566895,-0.03199876844882965,,0.5343977212905884,0.623602032661438,-0.03066111169755459,,0.5418164134025574,0.6403499245643616,-0.027090538293123245,,0.6325952410697937,0.7408332824707031,-3.4494925671424426e-07,,0.5881550908088684,0.7243483662605286,-0.0018726170528680086,,0.5589404106140137,0.6937366127967834,-0.009115779772400856,,0.5340544581413269,0.6742483973503113,-0.01828792691230774,,0.5126160979270935,0.6557121872901917,-0.026096027344465256,,0.585784375667572,0.579035222530365,-0.0031118937768042088,,0.5397279262542725,0.5752002596855164,-0.01595398783683777,,0.5333874225616455,0.6201608180999756,-0.023952119052410126,,0.5412055253982544,0.6452391147613525,-0.028131460770964622,,0.5952861309051514,0.5833499431610107,-0.009319599717855453,,0.5417346954345703,0.5847684741020203,-0.02234470099210739,,0.539046049118042,0.6368150115013123,-0.024476896971464157,,0.5515938401222229,0.6556288599967957,-0.024045506492257118,,0.6018065810203552,0.6026260852813721,-0.016761815175414085,,0.5524238348007202,0.6065815091133118,-0.028097329661250114,,0.5517247319221497,0.6511343121528625,-0.02222026139497757,,0.5651906728744507,0.6653330326080322,-0.0164426751434803,,0.6043385863304138,0.6311884522438049,-0.02470817230641842,,0.5674318671226501,0.6308789849281311,-0.03201086446642876,,0.5637800097465515,0.6624628305435181,-0.027108728885650635,,0.5740885734558105,0.6770274043083191,-0.021630162373185158,
-0.04872699826955795,-0.5730372667312622,-0.27826863527297974,0.9997277855873108,-0.0311876367777586,-0.6143141388893127,-0.27315232157707214,0.9995166659355164,-0.0318768285214901,-0.6138920783996582,-0.27492430806159973,0.999533474445343,-0.03155524656176567,-0.6138015389442444,-0.2723938226699829,0.9994808435440063,-0.06787165999412537,-0.6173080801963806,-0.26883190870285034,0.9995511770248413,-0.0658801719546318,-0.6176424622535706,-0.269955039024353,0.9995899796485901,-0.06661582738161087,-0.6165553331375122,-0.2658439874649048,0.9995667338371277,0.06478945165872574,-0.6174958348274231,-0.18599197268486023,0.9996128678321838,-0.08636964857578278,-0.625476062297821,-0.14734680950641632,0.9995679259300232,-0.014000063762068748,-0.5491507649421692,-0.2532263398170471,0.9998931288719177,-0.05880853161215782,-0.5502732396125793,-0.240695983171463,0.9998967051506042,0.18948815762996674,-0.4203786849975586,-0.12858815491199493,0.9997340440750122,-0.15197952091693878,-0.45683223009109497,-0.06086970120668411,0.9998936057090759,0.19695469737052917,-0.19945022463798523,-0.21367380023002625,0.9973374605178833,-0.22738805413246155,-0.2388273924589157,-0.1590006947517395,0.9817996621131897,0.02377532608807087,-0.28540492057800293,-0.37311238050460815,0.9814704656600952,-0.15622083842754364,-0.29304778575897217,-0.3950310945510864,0.9664950370788574,-0.040873438119888306,-0.30405664443969727,-0.4216749370098114,0.9663489460945129,-0.13292992115020752,-0.3052220642566681,-0.45250338315963745,0.9527958631515503,-0.04381225258111954,-0.35582149028778076,-0.4139016568660736,0.9695386290550232,-0.11937356740236282,-0.347425639629364,-0.43742653727531433,0.9552913308143616,0.004378306679427624,-0.31316643953323364,-0.37513482570648193,0.965512216091156,-0.1367826759815216,-0.30856451392173767,-0.39712053537368774,0.9523757696151733,0.11864554136991501,0.0024294862523674965,-0.01050848700106144,0.5740339756011963,-0.11745838075876236,-0.007109927944839001,0.010866930708289146,0.6236094832420349,0.12780235707759857,-0.03896395489573479,-0.09887216985225677,0.052576277405023575,-0.15591782331466675,0.0036504962481558323,-0.09563443064689636,0.060258716344833374,0.12110035121440887,0.21898554265499115,0.19570571184158325,0.011139018461108208,-0.11584923416376114,0.39556947350502014,0.19548963010311127,0.016397131606936455,0.12097809463739395,0.22808068990707397,0.21432751417160034,0.006902492605149746,-0.10278840363025665,0.41622382402420044,0.22545602917671204,0.010083951987326145,0.13889406621456146,0.20760363340377808,-0.0006707696011289954,0.010756422765552998,-0.10621486604213715,0.4549528658390045,0.012171264737844467,0.014114800840616226,31,1.292,0.568619966506958,0.7345207929611206,-1.144822832088721e-07,,0.5593901872634888,0.7421448230743408,-0.0214969664812088,,0.5470882058143616,0.7348962426185608,-0.03908436372876167,,0.5237798094749451,0.7130947113037109,-0.05374569445848465,,0.5077338218688965,0.6931228041648865,-0.06547760218381882,,0.5944875478744507,0.6265295743942261,-0.026333585381507874,,0.5524764657020569,0.6248005032539368,-0.047261688858270645,,0.5443800687789917,0.6633855104446411,-0.061032846570014954,,0.5561853051185608,0.6803403496742249,-0.06944771856069565,,0.5945906639099121,0.6054865121841431,-0.024208728224039078,,0.5435829758644104,0.6161218285560608,-0.03943881392478943,,0.536827802658081,0.6605952978134155,-0.043333351612091064,,0.5481458902359009,0.6756429672241211,-0.045152872800827026,,0.5888007283210754,0.5993655323982239,-0.024320777505636215,,0.539472758769989,0.6131712794303894,-0.03588586300611496,,0.5342362523078918,0.6570135951042175,-0.03103312849998474,,0.5444153547286987,0.6709492802619934,-0.02722400613129139,,0.5814763903617859,0.6040375828742981,-0.027121135964989662,,0.5436804294586182,0.6180692911148071,-0.034696172922849655,,0.5373889207839966,0.6517282128334045,-0.0310498159378767,,0.5435976386070251,0.6670591235160828,-0.026488950476050377,,0.6348595023155212,0.7434404492378235,-3.2190547472055187e-07,,0.5858270525932312,0.7320140600204468,-0.0018658745102584362,,0.5562203526496887,0.7070758938789368,-0.008883955888450146,,0.5334360599517822,0.6933450102806091,-0.018054550513625145,,0.514635443687439,0.6792290806770325,-0.026426022872328758,,0.5799691677093506,0.5919835567474365,-0.0038259578868746758,,0.5361289381980896,0.5947781205177307,-0.017827840521931648,,0.5265454053878784,0.6362383961677551,-0.027580486610531807,,0.5323593020439148,0.6623310446739197,-0.03266649320721626,,0.5899481773376465,0.5984664559364319,-0.010358099825680256,,0.5389054417610168,0.5992158651351929,-0.023286044597625732,,0.5320160388946533,0.6498090028762817,-0.02618384175002575,,0.5426382422447205,0.672156810760498,-0.02612505853176117,,0.5975680351257324,0.6203500628471375,-0.018211906775832176,,0.5506719946861267,0.6253060698509216,-0.030026927590370178,,0.5448157787322998,0.6681638956069946,-0.025753896683454514,,0.5549064874649048,0.6862426996231079,-0.020414842292666435,,0.6014851927757263,0.6522232890129089,-0.026561785489320755,,0.567225456237793,0.6505488157272339,-0.033023834228515625,,0.5587230920791626,0.6774747967720032,-0.02813742868602276,,0.564152717590332,0.6953444480895996,-0.02254144661128521,
-0.04919770732522011,-0.5727112889289856,-0.2766326069831848,0.9997462034225464,-0.03197077661752701,-0.6140831708908081,-0.2715897858142853,0.9995458722114563,-0.03265044093132019,-0.6136642098426819,-0.273335725069046,0.999559760093689,-0.0323353037238121,-0.6135743856430054,-0.27082034945487976,0.9995099902153015,-0.068724125623703,-0.6171018481254578,-0.2674264907836914,0.9995825886726379,-0.06672491878271103,-0.6174406409263611,-0.2685697674751282,0.9996188282966614,-0.06746067851781845,-0.6163561344146729,-0.26446664333343506,0.9995981454849243,0.06336614489555359,-0.6175312399864197,-0.18424737453460693,0.9996331930160522,-0.08809839189052582,-0.6256025433540344,-0.14657561480998993,0.9996023774147034,-0.014586454257369041,-0.5490278005599976,-0.2515559196472168,0.999899685382843,-0.059438321739435196,-0.5501604676246643,-0.2393246442079544,0.9999040961265564,0.18882225453853607,-0.4205695390701294,-0.12755414843559265,0.9997297525405884,-0.15388979017734528,-0.45700618624687195,-0.059605296701192856,0.9998970627784729,0.1944287270307541,-0.19944073259830475,-0.21235142648220062,0.9974762797355652,-0.2297007441520691,-0.23887979984283447,-0.15709279477596283,0.9833338856697083,0.01661638170480728,-0.2852035462856293,-0.3716110289096832,0.9831774830818176,-0.15969431400299072,-0.2848449945449829,-0.39477694034576416,0.9695833921432495,-0.04886658117175102,-0.3034827709197998,-0.4205462336540222,0.9685291647911072,-0.13742239773273468,-0.29463568329811096,-0.45193901658058167,0.9558241367340088,-0.05166931077837944,-0.3557399809360504,-0.4131014347076416,0.9713783264160156,-0.12262722849845886,-0.3361535668373108,-0.43661677837371826,0.9580402374267578,-0.0027638832107186317,-0.3131099045276642,-0.37394121289253235,0.9675511717796326,-0.14015039801597595,-0.2998822033405304,-0.3966389000415802,0.9552091956138611,0.11869660019874573,0.0021091331727802753,-0.010127720423042774,0.568785548210144,-0.11758245527744293,-0.006928243208676577,0.0104734031483531,0.6188077926635742,0.1262298822402954,-0.037342753261327744,-0.09645038843154907,0.05103264003992081,-0.1559753268957138,0.01593288965523243,-0.09478159993886948,0.05858961120247841,0.11988906562328339,0.21911418437957764,0.195108100771904,0.010846876539289951,-0.11797153204679489,0.39561280608177185,0.19515344500541687,0.015736322849988937,0.11980386823415756,0.22819605469703674,0.2135239541530609,0.006792656145989895,-0.10518272966146469,0.4162367582321167,0.22456270456314087,0.009694098494946957,0.13877810537815094,0.2105337679386139,-0.00026557024102658033,0.010509214363992214,-0.10862325876951218,0.457785427570343,0.012429126538336277,0.013599115423858166,32,1.334,0.5967543125152588,0.7557116150856018,-2.532252665332635e-07,,0.5702946186065674,0.7417805790901184,-0.011405756697058678,,0.5455568432807922,0.7201738953590393,-0.022946150973439217,,0.5251529812812805,0.7064590454101562,-0.034619614481925964,,0.511063277721405,0.7019352316856384,-0.043974220752716064,,0.5750479698181152,0.602389931678772,-0.008293591439723969,,0.5314131379127502,0.6109693050384521,-0.02570975571870804,,0.5235142111778259,0.6562752723693848,-0.03765375539660454,,0.5320866107940674,0.6765313148498535,-0.044151484966278076,,0.5871052742004395,0.6062818169593811,-0.01105494238436222,,0.5366010069847107,0.6216537356376648,-0.023146627470850945,,0.530386209487915,0.670141339302063,-0.025008736178278923,,0.5403237342834473,0.6868800520896912,-0.02463614195585251,,0.5951126217842102,0.6267222762107849,-0.016370879486203194,,0.5481389164924622,0.6387822031974792,-0.02776525728404522,,0.5421848297119141,0.6835169792175293,-0.023059919476509094,,0.5520192384719849,0.6984878182411194,-0.01790483295917511,,0.6010867953300476,0.6567339301109314,-0.023436350747942924,,0.5652778744697571,0.6672316789627075,-0.029300708323717117,,0.5560267567634583,0.6949581503868103,-0.024621345102787018,,0.5597557425498962,0.7097955346107483,-0.01914556510746479,,0.6329083442687988,0.7454586029052734,-3.07368878793568e-07,,0.5842298269271851,0.7390567064285278,-0.0011705424403771758,,0.553580641746521,0.7159172892570496,-0.007935925386846066,,0.5300264358520508,0.705294668674469,-0.01668725162744522,,0.510387659072876,0.6958458423614502,-0.02475685067474842,,0.5759950876235962,0.6023352146148682,-0.005810927599668503,,0.5325309634208679,0.607738733291626,-0.019371002912521362,,0.5230242013931274,0.6483229994773865,-0.028222832828760147,,0.5280985832214355,0.6724197864532471,-0.0328005813062191,,0.5865499973297119,0.6094708442687988,-0.0123743312433362,,0.5365740656852722,0.6160721778869629,-0.02409808337688446,,0.5301201343536377,0.6642987132072449,-0.025548651814460754,,0.5392780303955078,0.6825701594352722,-0.025137800723314285,,0.59476637840271,0.6322561502456665,-0.020122729241847992,,0.5486233234405518,0.6403025984764099,-0.030741719529032707,,0.5427005887031555,0.6801978349685669,-0.025925759226083755,,0.5513866543769836,0.6947086453437805,-0.021013492718338966,,0.5993787050247192,0.6648014783859253,-0.02829671837389469,,0.565735399723053,0.667008638381958,-0.03423440083861351,,0.5570085048675537,0.6924322247505188,-0.02959497831761837,,0.5612823963165283,0.707148015499115,-0.024736441671848297,
-0.04945935681462288,-0.5728788375854492,-0.2762296497821808,0.9997621178627014,-0.0323132760822773,-0.6142725348472595,-0.27115774154663086,0.9995708465576172,-0.0329885296523571,-0.6138567328453064,-0.27290964126586914,0.9995818138122559,-0.03266916796565056,-0.6137677431106567,-0.2704051434993744,0.999534547328949,-0.0691002756357193,-0.6173270344734192,-0.26704642176628113,0.9996100664138794,-0.0671003982424736,-0.6176740527153015,-0.26817768812179565,0.9996440410614014,-0.06783229112625122,-0.616594135761261,-0.26407554745674133,0.9996258020401001,0.06276869773864746,-0.6178023815155029,-0.18355883657932281,0.9996497631072998,-0.08893583714962006,-0.6261141896247864,-0.14632129669189453,0.9996326565742493,-0.015015920624136925,-0.5492523312568665,-0.2511345148086548,0.9999048709869385,-0.05990539863705635,-0.5504001975059509,-0.23900505900382996,0.9999102354049683,0.18838810920715332,-0.4208735227584839,-0.1271749585866928,0.9997215867042542,-0.15558089315891266,-0.45722463726997375,-0.05873260274529457,0.9998990297317505,0.1942654252052307,-0.2004355490207672,-0.21209295094013214,0.9975669384002686,-0.23192182183265686,-0.23894765973091125,-0.1547316312789917,0.9845967888832092,0.013318083249032497,-0.2851150631904602,-0.37157541513442993,0.984672486782074,-0.16508571803569794,-0.2790803015232086,-0.3939453065395355,0.9722710251808167,-0.05340530350804329,-0.3033849596977234,-0.42064130306243896,0.9703200459480286,-0.14486470818519592,-0.2884160280227661,-0.4512309432029724,0.9582737684249878,-0.056859035044908524,-0.3557600975036621,-0.41329365968704224,0.9728744626045227,-0.12988996505737305,-0.3296753168106079,-0.4367082417011261,0.9602788090705872,-0.006495671812444925,-0.3130559027194977,-0.3740159571170807,0.9691518545150757,-0.14600969851016998,-0.2937549948692322,-0.39599984884262085,0.9574223756790161,0.11873223632574081,0.001682401867583394,-0.00960137601941824,0.5628858804702759,-0.11764249205589294,-0.006743988953530788,0.009994808584451675,0.6133589744567871,0.12585383653640747,-0.03697874769568443,-0.08928628265857697,0.050181057304143906,-0.15498006343841553,0.027076775208115578,-0.09056968241930008,0.05762438848614693,0.11994350701570511,0.21883004903793335,0.19910815358161926,0.010700513608753681,-0.11826141923666,0.39565014839172363,0.19528353214263916,0.015318520367145538,0.119868703186512,0.22798368334770203,0.2177731990814209,0.006796205881983042,-0.10559108108282089,0.41623347997665405,0.22482049465179443,0.009446843527257442,0.14058278501033783,0.21058115363121033,0.005137599539011717,0.010457330383360386,-0.10907717049121857,0.4591987729072571,0.01271879207342863,0.013354171067476273,33,1.376,0.4948398768901825,0.7222559452056885,-1.772727387105988e-07,,0.5171370506286621,0.7519684433937073,-0.01584290899336338,,0.5380376577377319,0.7589517831802368,-0.026486407965421677,,0.5381399989128113,0.7312880158424377,-0.03561849147081375,,0.5326844453811646,0.696684718132019,-0.04222135618329048,,0.5914343595504761,0.6685527563095093,-0.01154473889619112,,0.5657778382301331,0.6712405681610107,-0.02797526866197586,,0.5520859956741333,0.7007842063903809,-0.039036329835653305,,0.552128791809082,0.7218049764633179,-0.04520334675908089,,0.5808608531951904,0.6371272802352905,-0.010835779830813408,,0.5469035506248474,0.6564109921455383,-0.024584723636507988,,0.5353391170501709,0.690901517868042,-0.030195927247405052,,0.5381983518600464,0.7056252956390381,-0.03243081271648407,,0.5645554065704346,0.618868350982666,-0.012421113438904285,,0.5328711271286011,0.6463872790336609,-0.026165267452597618,,0.5266109108924866,0.6828697323799133,-0.025683527812361717,,0.5314419865608215,0.6980723738670349,-0.022978922352194786,,0.5466612577438354,0.6105399131774902,-0.01592656970024109,,0.5260484218597412,0.6393237709999084,-0.025321420282125473,,0.5201338529586792,0.6735747456550598,-0.02400447428226471,,0.5239126086235046,0.6892651319503784,-0.02000259980559349,,0.6346080899238586,0.7496882677078247,-3.0247531412896933e-07,,0.5859009623527527,0.7500771284103394,0.00033733737654984,,0.5537233352661133,0.7295999526977539,-0.00564929423853755,,0.5292848348617554,0.7223566174507141,-0.013797403313219547,,0.5091967582702637,0.7138507962226868,-0.021428436040878296,,0.5725574493408203,0.6146666407585144,-0.004945056978613138,,0.5303857326507568,0.6185550689697266,-0.017545869573950768,,0.5188435912132263,0.6555445790290833,-0.025575745850801468,,0.5221144556999207,0.6789622902870178,-0.029634203761816025,,0.5830471515655518,0.6225073337554932,-0.012017771601676941,,0.5348204374313354,0.6312404274940491,-0.022374527528882027,,0.5274587273597717,0.677024781703949,-0.023579059168696404,,0.5355406999588013,0.694251537322998,-0.02331775426864624,,0.5916404128074646,0.6456957459449768,-0.020057450979948044,,0.5469252467155457,0.6571542024612427,-0.029495885595679283,,0.5406168699264526,0.6953977942466736,-0.02498610131442547,,0.548291802406311,0.709900975227356,-0.020632943138480186,,0.5974088311195374,0.6794284582138062,-0.02836959809064865,,0.5641529560089111,0.6847218871116638,-0.033425696194171906,,0.5560112595558167,0.709381103515625,-0.028647076338529587,,0.5601451992988586,0.7249004244804382,-0.023889467120170593,
-0.04969733580946922,-0.5779856443405151,-0.2698071002960205,0.9997778534889221,-0.032525684684515,-0.6188738346099854,-0.26376333832740784,0.9995962977409363,-0.03319101780653,-0.618473470211029,-0.2654419243335724,0.9996048808097839,-0.03287900984287262,-0.618382453918457,-0.2629931569099426,0.9995598196983337,-0.06936139613389969,-0.6220744848251343,-0.2605316638946533,0.9996371865272522,-0.0673527792096138,-0.6224350929260254,-0.26172906160354614,0.999669075012207,-0.06808814406394958,-0.6213706135749817,-0.2576359212398529,0.9996528029441833,0.061194729059934616,-0.6203978061676025,-0.17401589453220367,0.9996669888496399,-0.09103997051715851,-0.6292903423309326,-0.1407831460237503,0.9996617436408997,-0.015853216871619225,-0.5535839200019836,-0.2441072016954422,0.999909520149231,-0.060830313712358475,-0.5548096895217896,-0.23317039012908936,0.9999159574508667,0.18556788563728333,-0.4229438304901123,-0.12100342661142349,0.9997076988220215,-0.1591654270887375,-0.45858538150787354,-0.054265815764665604,0.9998992085456848,0.1946835070848465,-0.2015681266784668,-0.20655612647533417,0.9976552724838257,-0.23413614928722382,-0.24125435948371887,-0.15138325095176697,0.9857704043388367,0.013019291684031487,-0.2819070816040039,-0.3655938506126404,0.9860097169876099,-0.16730067133903503,-0.2727961242198944,-0.38737472891807556,0.9746361374855042,-0.05337582901120186,-0.2980000376701355,-0.416016548871994,0.9717694520950317,-0.1473081111907959,-0.2792941629886627,-0.4455757141113281,0.9600054621696472,-0.05773014947772026,-0.3510979413986206,-0.40869855880737305,0.9740555882453918,-0.1316651701927185,-0.3183853030204773,-0.43281352519989014,0.9618320465087891,-0.006914742756634951,-0.3097080588340759,-0.36859768629074097,0.9704708456993103,-0.14832673966884613,-0.2862982451915741,-0.39024338126182556,0.9590630531311035,0.11874545365571976,0.000998500152491033,-0.009218305349349976,0.564656138420105,-0.1176786720752716,-0.0062476033344864845,0.009575664065778255,0.6153858304023743,0.12586168944835663,-0.03164982423186302,-0.08604439347982407,0.04830605909228325,-0.15403270721435547,0.04410548508167267,-0.0873694196343422,0.055580977350473404,0.12365139275789261,0.21969442069530487,0.19826216995716095,0.010323463007807732,-0.11786078661680222,0.3983299136161804,0.19466117024421692,0.014656315557658672,0.12397679686546326,0.22881005704402924,0.21670573949813843,0.0066448720172047615,-0.10530140995979309,0.4190599322319031,0.22321081161499023,0.009103292599320412,0.14515367150306702,0.21874766051769257,0.006262744311243296,0.010171492584049702,-0.10905692726373672,0.469863623380661,0.013164086267352104,0.012889355421066284,34,1.418,0.4869230091571808,0.7164401412010193,-8.895368353023514e-08,,0.5050768256187439,0.746392548084259,-0.01154346577823162,,0.5246778130531311,0.7612197399139404,-0.020932817831635475,,0.5308916568756104,0.7502171993255615,-0.029538538306951523,,0.5312538743019104,0.7224523425102234,-0.036973513662815094,,0.5720874071121216,0.6971156597137451,-0.012842254713177681,,0.5750147104263306,0.7012872695922852,-0.026201611384749413,,0.570635199546814,0.7192224264144897,-0.03596145287156105,,0.5700743794441223,0.7340739369392395,-0.04193348437547684,,0.5651223659515381,0.6650043725967407,-0.012983892112970352,,0.5511951446533203,0.6864932775497437,-0.023718317970633507,,0.5398601293563843,0.7106794714927673,-0.028711283579468727,,0.5383201837539673,0.7202262282371521,-0.031308431178331375,,0.5512610673904419,0.6433039307594299,-0.014543402008712292,,0.537047803401947,0.6746112108230591,-0.024537790566682816,,0.5310038328170776,0.6998083591461182,-0.023866361007094383,,0.5319391489028931,0.7091339230537415,-0.02224748395383358,,0.5348943471908569,0.6298986077308655,-0.017481867223978043,,0.5265377163887024,0.6636103987693787,-0.024672625586390495,,0.5206887125968933,0.688298225402832,-0.022818733006715775,,0.520649254322052,0.6972411870956421,-0.0193592868745327,,0.6356655359268188,0.754625678062439,-2.9635782539116917e-07,,0.5876286625862122,0.7589245438575745,0.0017519373213872313,,0.5533503293991089,0.7412266135215759,-0.003381704445928335,,0.5278804898262024,0.7370427250862122,-0.010767269879579544,,0.5090380907058716,0.7343791723251343,-0.01766841858625412,,0.5666264891624451,0.6276974081993103,-0.003985865041613579,,0.5240648984909058,0.6366329789161682,-0.01667620614171028,,0.5173989534378052,0.6774231195449829,-0.02483089081943035,,0.5243127346038818,0.6973092555999756,-0.02921835146844387,,0.5771759152412415,0.6348365545272827,-0.011733843013644218,,0.5307812690734863,0.6497887372970581,-0.02153397537767887,,0.5259304046630859,0.6949495673179626,-0.02266114018857479,,0.5353664755821228,0.7089991569519043,-0.02280823327600956,,0.5865062475204468,0.6582897901535034,-0.020367946475744247,,0.5429008603096008,0.678687334060669,-0.029709147289395332,,0.539918839931488,0.7165377736091614,-0.025202954187989235,,0.5494703054428101,0.7264395356178284,-0.021159308031201363,,0.5936352014541626,0.691955029964447,-0.029092591255903244,,0.5611558556556702,0.7081526517868042,-0.03418051823973656,,0.5574496388435364,0.7343239784240723,-0.029244324192404747,,0.5646330714225769,0.7456403374671936,-0.024538030847907066,
-0.04969710856676102,-0.5793587565422058,-0.2692561447620392,0.9997918009757996,-0.03236260265111923,-0.6197794079780579,-0.2628549337387085,0.999618411064148,-0.03301791101694107,-0.6193886399269104,-0.2644527852535248,0.9996244311332703,-0.0327187217772007,-0.6192793250083923,-0.2620132565498352,0.9995796084403992,-0.06928996741771698,-0.6231850981712341,-0.26005977392196655,0.9996616244316101,-0.06727235019207001,-0.6235334873199463,-0.26132506132125854,0.999691903591156,-0.06801211088895798,-0.6224700808525085,-0.2572300136089325,0.9996771812438965,0.060381971299648285,-0.6204134821891785,-0.17200426757335663,0.9996799826622009,-0.09295734018087387,-0.6297333240509033,-0.14068157970905304,0.9996882081031799,-0.016374927014112473,-0.5544168949127197,-0.24316029250621796,0.9999132752418518,-0.06162596866488457,-0.5558287501335144,-0.23278965055942535,0.9999212026596069,0.18219392001628876,-0.42302075028419495,-0.12025107443332672,0.9996844530105591,-0.16446194052696228,-0.45864567160606384,-0.05396582558751106,0.9998984336853027,0.19445441663265228,-0.20024268329143524,-0.20667092502117157,0.997771143913269,-0.23391731083393097,-0.2412395477294922,-0.1512252688407898,0.986905574798584,0.010604451410472393,-0.25776100158691406,-0.36557453870773315,0.9872574806213379,-0.17134049534797668,-0.251739501953125,-0.38652873039245605,0.9768512845039368,-0.05515556037425995,-0.2653099298477173,-0.41603919863700867,0.9731531143188477,-0.15349353849887848,-0.25188788771629333,-0.4450661540031433,0.961810827255249,-0.06123524159193039,-0.318858802318573,-0.408851683139801,0.9751922488212585,-0.13733448088169098,-0.2881491184234619,-0.4328969120979309,0.9635204076766968,-0.009764729999005795,-0.28437837958335876,-0.3685993254184723,0.9717713594436646,-0.15280216932296753,-0.26356959342956543,-0.389916330575943,0.9608917832374573,0.11877068132162094,0.00011660571908578277,-0.008954414166510105,0.5702645182609558,-0.11781664192676544,-0.005261895712465048,0.009187065996229649,0.6222057938575745,0.12622509896755219,-0.027024131268262863,-0.08806782960891724,0.04597201198339462,-0.1532074362039566,0.056023333221673965,-0.08649186044931412,0.052951548248529434,0.12843352556228638,0.22599780559539795,0.18648706376552582,0.00990742351859808,-0.11662024259567261,0.4055750370025635,0.1889275461435318,0.013909419998526573,0.12952947616577148,0.2356308102607727,0.20317767560482025,0.006477702874690294,-0.10406635701656342,0.4283697307109833,0.2147216498851776,0.008686121553182602,0.14833645522594452,0.2366214096546173,0.0032849591225385666,0.00979909673333168,-0.10879290848970413,0.4871824085712433,0.008407319895923138,0.012286284938454628,35,1.459,0.5725460052490234,0.6992889046669006,-1.02237216026424e-07,,0.5432303547859192,0.6747207641601562,-0.014966720715165138,,0.5153118968009949,0.6781354546546936,-0.03436104208230972,,0.5015368461608887,0.7063433527946472,-0.0533549003303051,,0.49756115674972534,0.7376042008399963,-0.07459066808223724,,0.5180521011352539,0.6803816556930542,-0.04869359731674194,,0.5004963278770447,0.7058483362197876,-0.07018029689788818,,0.49547043442726135,0.7267593145370483,-0.0851401761174202,,0.4932701885700226,0.7399545907974243,-0.09439068287611008,,0.5344574451446533,0.7022238373756409,-0.05101105198264122,,0.5229419469833374,0.7330614328384399,-0.07241849601268768,,0.5135143995285034,0.756249189376831,-0.08220178633928299,,0.506812572479248,0.768631100654602,-0.08867840468883514,,0.5541661381721497,0.7228915691375732,-0.052146587520837784,,0.5438961982727051,0.7495749592781067,-0.06976284831762314,,0.5331593751907349,0.769744873046875,-0.07368101179599762,,0.5248432755470276,0.7803493738174438,-0.07464788109064102,,0.5737590193748474,0.7422988414764404,-0.054090097546577454,,0.5704549551010132,0.761263906955719,-0.06274536997079849,,0.5680191516876221,0.7760664224624634,-0.061120182275772095,,0.5650774836540222,0.7852156162261963,-0.060220811516046524,,0.6233980655670166,0.7501275539398193,-3.007241957675433e-07,,0.5880498290061951,0.7219297885894775,0.0026175661478191614,,0.54624342918396,0.7221133708953857,-0.0037274204660207033,,0.519210159778595,0.748015284538269,-0.012435190379619598,,0.5067741870880127,0.778701901435852,-0.022026726976037025,,0.5305508971214294,0.6699618101119995,-0.010703152976930141,,0.494941383600235,0.7107845544815063,-0.026561079546809196,,0.4999690055847168,0.734971821308136,-0.037580739706754684,,0.5100030899047852,0.7409358620643616,-0.04399075731635094,,0.5440216064453125,0.6857916712760925,-0.019877150654792786,,0.5135870575904846,0.7418807148933411,-0.03323431313037872,,0.5216588973999023,0.7583554983139038,-0.03898441791534424,,0.5319277048110962,0.7524369359016418,-0.04312339052557945,,0.5618329048156738,0.7117568850517273,-0.02893148735165596,,0.5338513851165771,0.7639159560203552,-0.041284509003162384,,0.5414909720420837,0.7747065424919128,-0.03986206650733948,,0.5502703785896301,0.7675654888153076,-0.0382409542798996,,0.5802773237228394,0.7443743944168091,-0.037275176495313644,,0.556613564491272,0.7827580571174622,-0.045409996062517166,,0.5632612705230713,0.78608238697052,-0.0411713682115078,,0.5715204477310181,0.7775897979736328,-0.03712715208530426,
-0.04929305240511894,-0.5822119116783142,-0.2594541311264038,0.9997972846031189,-0.031812358647584915,-0.6221335530281067,-0.25238195061683655,0.9996258616447449,-0.032445572316646576,-0.621768057346344,-0.2538459300994873,0.9996286630630493,-0.03216306120157242,-0.6216562986373901,-0.25147634744644165,0.9995822310447693,-0.06880627572536469,-0.6254469156265259,-0.2509373724460602,0.999674916267395,-0.06676824390888214,-0.6258043050765991,-0.2522835433483124,0.9997048377990723,-0.06751767545938492,-0.6247433423995972,-0.24817198514938354,0.999691367149353,0.05930669233202934,-0.621773362159729,-0.15922042727470398,0.9996804594993591,-0.09426849335432053,-0.6308399438858032,-0.1330251842737198,0.9997057914733887,-0.016476290300488472,-0.5569906234741211,-0.23211927711963654,0.9999126195907593,-0.0617561973631382,-0.5582407116889954,-0.22343802452087402,0.9999232292175293,0.1766495257616043,-0.4264534115791321,-0.10659191012382507,0.9996548295021057,-0.1663465052843094,-0.4586491286754608,-0.045389339327812195,0.9998910427093506,0.1932714581489563,-0.20023280382156372,-0.189168319106102,0.997806966304779,-0.22999884188175201,-0.23980820178985596,-0.1369868665933609,0.9876607060432434,0.006159966811537743,-0.2442738264799118,-0.3443352282047272,0.9882792830467224,-0.17406024038791656,-0.24754515290260315,-0.360483318567276,0.9785158634185791,-0.058346815407276154,-0.24972811341285706,-0.39478594064712524,0.9737865924835205,-0.1588030308485031,-0.25031450390815735,-0.41785234212875366,0.9619541764259338,-0.06636162847280502,-0.3024735748767853,-0.3883398771286011,0.9755985736846924,-0.14655041694641113,-0.28726205229759216,-0.4088858366012573,0.9635980129241943,-0.014588977210223675,-0.2703016698360443,-0.3479168713092804,0.9722535610198975,-0.15758897364139557,-0.26040422916412354,-0.36459457874298096,0.9609605669975281,0.11823014914989471,-0.000836765393614769,-0.008764282800257206,0.576504647731781,-0.11762762069702148,-0.0042364466935396194,0.008907228708267212,0.6287012100219727,0.12682737410068512,-0.011837138794362545,-0.08824937790632248,0.04359966516494751,-0.14893551170825958,0.07391222566366196,-0.0823909193277359,0.05057903379201889,0.13044382631778717,0.23570376634597778,0.18536259233951569,0.009450087323784828,-0.11430680751800537,0.41753530502319336,0.18351198732852936,0.01327912975102663,0.13175338506698608,0.24599947035312653,0.2022681087255478,0.006318266503512859,-0.10218944400548935,0.44205203652381897,0.2073151022195816,0.008412840776145458,0.15021882951259613,0.2582838535308838,0.009604714810848236,0.009400511160492897,-0.10809507220983505,0.5052580237388611,0.0077832480892539024,0.011795783415436745,36,1.501,0.4550495445728302,0.7409517765045166,2.1892690327263153e-08,,0.47277331352233887,0.7633206248283386,-0.006570929661393166,,0.4930550456047058,0.7772411704063416,-0.01285594329237938,,0.5062253475189209,0.7850863933563232,-0.020088456571102142,,0.5156351327896118,0.7903538346290588,-0.026873625814914703,,0.5246322751045227,0.7315508127212524,-0.00354549428448081,,0.5299135446548462,0.76470547914505,-0.016890976577997208,,0.5293803215026855,0.7904917597770691,-0.027652665972709656,,0.5284242033958435,0.8113982081413269,-0.033435799181461334,,0.5184848308563232,0.7097086310386658,-0.006298626773059368,,0.5229183435440063,0.7538313865661621,-0.019679078832268715,,0.5173591375350952,0.7869714498519897,-0.026474453508853912,,0.511228084564209,0.8125146627426147,-0.028441457077860832,,0.5068934559822083,0.6930969953536987,-0.010642585344612598,,0.5109304785728455,0.7370883822441101,-0.02422645129263401,,0.5034855008125305,0.7695687413215637,-0.024865444749593735,,0.4960825741291046,0.7919496893882751,-0.02143397368490696,,0.4915725290775299,0.682144284248352,-0.015771543607115746,,0.49916312098503113,0.7159994840621948,-0.024376969784498215,,0.4964939057826996,0.7417519688606262,-0.022538108751177788,,0.49256324768066406,0.7592927813529968,-0.01836041361093521,,0.6387961506843567,0.7643443942070007,-1.788098558108686e-07,,0.60002601146698,0.7397436499595642,0.008115963079035282,,0.5571410059928894,0.737758457660675,0.007879301905632019,,0.5311510562896729,0.7625154256820679,0.004187832586467266,,0.5175262689590454,0.7938058376312256,-9.647534898249432e-05,,0.5357474684715271,0.7152525782585144,0.004307774361222982,,0.5035723447799683,0.7586386799812317,-0.0037254749331623316,,0.5078453421592712,0.7671462893486023,-0.010534974746406078,,0.5173508524894714,0.7614535689353943,-0.01453319750726223,,0.5459858775138855,0.7345126867294312,-0.004571499768644571,,0.5159181356430054,0.793928325176239,-0.009773902595043182,,0.5232663154602051,0.7938224673271179,-0.012481245212256908,,0.5327398777008057,0.7805730700492859,-0.015092557296156883,,0.5613180994987488,0.7587912678718567,-0.013306383974850178,,0.5340421199798584,0.810998797416687,-0.017475390806794167,,0.5420549511909485,0.809371829032898,-0.01615186035633087,,0.5502285957336426,0.795815646648407,-0.015906207263469696,,0.5794838070869446,0.7842548489570618,-0.021491732448339462,,0.5573902130126953,0.8241538405418396,-0.023474719375371933,,0.5617085099220276,0.8256009817123413,-0.020027387887239456,,0.5673313736915588,0.817558765411377,-0.017416145652532578,
-0.0492231547832489,-0.5889104604721069,-0.24368485808372498,0.9998021721839905,-0.03152327612042427,-0.627946674823761,-0.23586422204971313,0.9996330142021179,-0.03213978558778763,-0.6276007294654846,-0.2373250424861908,0.9996326565742493,-0.031863920390605927,-0.6274896860122681,-0.23500168323516846,0.9995853304862976,-0.068534716963768,-0.6314097046852112,-0.23501117527484894,0.9996874332427979,-0.06648591160774231,-0.6317944526672363,-0.23632042109966278,0.9997167587280273,-0.06724005192518234,-0.6307429075241089,-0.2321930229663849,0.9997044205665588,0.05821363627910614,-0.6245589256286621,-0.14157938957214355,0.9996805191040039,-0.09539579600095749,-0.6343019008636475,-0.11786461621522903,0.9997210502624512,-0.01706644892692566,-0.5627532601356506,-0.2158915102481842,0.9999099373817444,-0.062327057123184204,-0.5641173124313354,-0.20804361999034882,0.999923586845398,0.17112982273101807,-0.43111199140548706,-0.09307266026735306,0.9996098279953003,-0.1684291660785675,-0.4592474699020386,-0.030793722718954086,0.9998772740364075,0.19211538136005402,-0.201330304145813,-0.17200243473052979,0.9977229237556458,-0.22555017471313477,-0.2397816926240921,-0.1228347197175026,0.9879127144813538,-0.00235721655189991,-0.2310020923614502,-0.3240334391593933,0.9890138506889343,-0.1739640235900879,-0.23997943103313446,-0.34663504362106323,0.9794738292694092,-0.06730952113866806,-0.23206134140491486,-0.37433692812919617,0.9734447002410889,-0.15909679234027863,-0.24112719297409058,-0.40415656566619873,0.960225522518158,-0.0794028639793396,-0.28331056237220764,-0.3678511679172516,0.9750704765319824,-0.14773596823215485,-0.2761329114437103,-0.395724892616272,0.9619446992874146,-0.024522814899683,-0.25542885065078735,-0.3277031183242798,0.9716612100601196,-0.1578180342912674,-0.25176429748535156,-0.35097911953926086,0.9591823220252991,0.11751609295606613,-0.002268068492412567,-0.008588207885622978,0.5845653414726257,-0.11724268645048141,-0.002946058753877878,0.008705594576895237,0.6366276144981384,0.12693266570568085,-0.004515421111136675,-0.08329911530017853,0.04192394018173218,-0.14504317939281464,0.0876377522945404,-0.07563607394695282,0.04860923811793327,0.1311654895544052,0.24269084632396698,0.18586701154708862,0.009171757847070694,-0.11303336918354034,0.4267013370990753,0.1822313666343689,0.012841450050473213,0.13237103819847107,0.2536943852901459,0.2029416859149933,0.006270039360970259,-0.10136936604976654,0.4511089324951172,0.2055358588695526,0.008264198899269104,0.15090930461883545,0.2678373456001282,0.014471722766757011,0.009206193499267101,-0.10810159146785736,0.5151197910308838,0.008030109107494354,0.011519334279000759,37,1.543,,,,,,,,,,,,,,,,,,,,,,,,,,,,,,,,,,,,,,,,,,,,,,,,,,,,,,,,,,,,,,,,,,,,,,,,,,,,,,,,,,,,,0.6401926875114441,0.7756843566894531,-1.293391136414357e-07,,0.5996928215026855,0.7527346014976501,0.0059789689257740974,,0.5545356273651123,0.7573797702789307,0.006339746993035078,,0.5252690315246582,0.7770232558250427,0.004020056687295437,,0.5050960779190063,0.802456796169281,0.0012643433874472976,,0.5272036790847778,0.7569435834884644,0.004736000671982765,,0.5005554556846619,0.8144643306732178,-0.003635220928117633,,0.5032913684844971,0.8217453360557556,-0.010855235159397125,,0.5088387131690979,0.8154894709587097,-0.01492869108915329,,0.5383358597755432,0.7821142077445984,-0.002620820188894868,,0.512974202632904,0.8483951091766357,-0.008513489738106728,,0.5228445529937744,0.8428848385810852,-0.010508215986192226,,0.532459020614624,0.8249706625938416,-0.011931069195270538,,0.5555720925331116,0.8093774914741516,-0.010212174616754055,,0.5322545170783997,0.8661066293716431,-0.01642550341784954,,0.5419819951057434,0.8560435771942139,-0.014294123277068138,,0.5506243705749512,0.8357841372489929,-0.012515299953520298,,0.5758747458457947,0.8357699513435364,-0.017378592863678932,,0.5576227307319641,0.8775374293327332,-0.02177603356540203,,0.5643999576568604,0.8719204068183899,-0.0186898335814476,,0.5714744925498962,0.8578095436096191,-0.015462198294699192,
-0.05024755746126175,-0.5954101085662842,-0.24267274141311646,0.9998087286949158,-0.03200365975499153,-0.6337716579437256,-0.23465180397033691,0.9996426701545715,-0.032610177993774414,-0.6334429383277893,-0.23614133894443512,0.9996397495269775,-0.0323355458676815,-0.633342444896698,-0.23381920158863068,0.999592125415802,-0.06907709687948227,-0.6371707320213318,-0.23320287466049194,0.9997000694274902,-0.06701832264661789,-0.637598991394043,-0.2344525307416916,0.9997286200523376,-0.06776751577854156,-0.6365519165992737,-0.23033486306667328,0.9997174739837646,0.056533798575401306,-0.6274936199188232,-0.14071504771709442,0.9996801018714905,-0.09727125614881516,-0.6371791958808899,-0.11458629369735718,0.9997351169586182,-0.01941334642469883,-0.5683591365814209,-0.2153295874595642,0.9999088644981384,-0.06475578248500824,-0.5696162581443787,-0.20675918459892273,0.9999247789382935,0.16797219216823578,-0.43278640508651733,-0.09294339269399643,0.9995818138122559,-0.17243927717208862,-0.45996206998825073,-0.027486879378557205,0.9998690485954285,0.18954741954803467,-0.20168103277683258,-0.1753164529800415,0.9976721405982971,-0.2285420149564743,-0.23993650078773499,-0.11730021983385086,0.9883038401603699,-0.0015479805879294872,-0.22508369386196136,-0.327661395072937,0.9897422194480896,-0.18683157861232758,-0.23304516077041626,-0.3480091392993927,0.9805837273597717,-0.06641407310962677,-0.22552484273910522,-0.3761526346206665,0.9737575650215149,-0.17527638375759125,-0.23225387930870056,-0.4063974618911743,0.9599493145942688,-0.07710777223110199,-0.2769615054130554,-0.3734290599822998,0.9752650856971741,-0.1639592945575714,-0.266788512468338,-0.3988434672355652,0.9618216753005981,-0.023374250158667564,-0.24890710413455963,-0.32910025119781494,0.9717956185340881,-0.1719128042459488,-0.24393555521965027,-0.3530083894729614,0.9589349627494812,0.11696695536375046,-0.003216584911569953,-0.008601298555731773,0.5970994234085083,-0.11691288650035858,-0.002136450493708253,0.008718997240066528,0.648404598236084,0.12592120468616486,0.0009452251251786947,-0.08301062136888504,0.04125931113958359,-0.1440138965845108,0.0991920530796051,-0.0711570531129837,0.04765620455145836,0.13107122480869293,0.24941939115524292,0.18558603525161743,0.009142635390162468,-0.11289706081151962,0.4354240596294403,0.18149489164352417,0.01269454974681139,0.13220351934432983,0.26126813888549805,0.2027878612279892,0.006417437456548214,-0.10132663697004318,0.4596049189567566,0.20459124445915222,0.008304781280457973,0.14995521306991577,0.2737210690975189,0.01541189756244421,0.009283960796892643,-0.11068681627511978,0.5235053300857544,0.008201179094612598,0.011555229313671589,38,1.584,,,,,,,,,,,,,,,,,,,,,,,,,,,,,,,,,,,,,,,,,,,,,,,,,,,,,,,,,,,,,,,,,,,,,,,,,,,,,,,,,,,,,0.64507657289505,0.7891027927398682,-1.0557919694065276e-07,,0.5980654358863831,0.7774502038955688,0.0072636851109564304,,0.5514404773712158,0.7989025115966797,0.00763427559286356,,0.5208773612976074,0.8264220952987671,0.00528695760294795,,0.49844640493392944,0.8526748418807983,0.001525579602457583,,0.5379865169525146,0.7914261221885681,-0.0015334819909185171,,0.5096984505653381,0.825270414352417,-0.011278798803687096,,0.4953705966472626,0.854810893535614,-0.01961178332567215,,0.48695051670074463,0.8824530243873596,-0.02505355514585972,,0.5514965653419495,0.8107234239578247,-0.010447380132973194,,0.5223315358161926,0.8540127277374268,-0.017379440367221832,,0.5128418207168579,0.8809305429458618,-0.02154015190899372,,0.511512041091919,0.902868926525116,-0.02539651468396187,,0.5712671279907227,0.8341054916381836,-0.01911485567688942,,0.5441001653671265,0.8750079274177551,-0.02464539185166359,,0.5332765579223633,0.8988692164421082,-0.025993121787905693,,0.5285276174545288,0.9177495837211609,-0.027967093512415886,,0.5953419208526611,0.8595435619354248,-0.027101995423436165,,0.5745866298675537,0.8947665691375732,-0.032091278582811356,,0.5632612109184265,0.9172838926315308,-0.033076874911785126,,0.5554942488670349,0.9375900030136108,-0.033925142139196396,
-0.04964594170451164,-0.5960198044776917,-0.2424556463956833,0.9998210072517395,-0.030867883935570717,-0.6344946026802063,-0.23414236307144165,0.9996655583381653,-0.0314798578619957,-0.6341728568077087,-0.2357049584388733,0.9996628165245056,-0.03119986318051815,-0.6340808272361755,-0.2334080934524536,0.999616801738739,-0.06834729015827179,-0.6378671526908875,-0.2318335771560669,0.9997202754020691,-0.06628221273422241,-0.6383435130119324,-0.23290109634399414,0.9997472763061523,-0.06701196730136871,-0.637301504611969,-0.2287341058254242,0.9997367262840271,0.059439029544591904,-0.6292121410369873,-0.13912594318389893,0.9996954202651978,-0.09629347175359726,-0.6395041346549988,-0.10835316777229309,0.9997540712356567,-0.018617654219269753,-0.5699703693389893,-0.2149503231048584,0.9999122619628906,-0.0642678290605545,-0.5713411569595337,-0.20529651641845703,0.99992835521698,0.17265993356704712,-0.43303215503692627,-0.0943574458360672,0.9995916485786438,-0.1723683923482895,-0.46057090163230896,-0.019473016262054443,0.9998692870140076,0.19179628789424896,-0.19516406953334808,-0.173448383808136,0.9976142048835754,-0.23500114679336548,-0.23540714383125305,-0.0817350298166275,0.9884204268455505,-0.00863291509449482,-0.18556448817253113,-0.3317051827907562,0.9903745055198669,-0.1987701803445816,-0.17512503266334534,-0.3006915748119354,0.9811094999313354,-0.07380209863185883,-0.1800062507390976,-0.3810611963272095,0.9745144248008728,-0.1897651106119156,-0.16297562420368195,-0.3538818955421448,0.9589020013809204,-0.0899941623210907,-0.23163270950317383,-0.3768784701824188,0.9759498238563538,-0.17702323198318481,-0.19053739309310913,-0.3524933159351349,0.961344301700592,-0.031949564814567566,-0.20764678716659546,-0.334024041891098,0.9724563956260681,-0.184739887714386,-0.18046195805072784,-0.30691957473754883,0.9584545493125916,0.11671806126832962,-0.003998998086899519,-0.008965483866631985,0.6109833717346191,-0.11669021844863892,-0.0016831004759296775,0.009216557256877422,0.6594410538673401,0.12428489327430725,0.004378045909106731,-0.0972040593624115,0.040526289492845535,-0.14397047460079193,0.09408637136220932,-0.07663029432296753,0.04636925458908081,0.13267704844474792,0.2560800611972809,0.15324369072914124,0.009209077805280685,-0.11004828661680222,0.43432292342185974,0.1440173089504242,0.01252744160592556,0.1334429532289505,0.2685638964176178,0.17133603990077972,0.006718325428664684,-0.0976237878203392,0.45728757977485657,0.16718386113643646,0.008431465364992619,0.1498347967863083,0.2761807143688202,-0.022675449028611183,0.009553839452564716,-0.10970409959554672,0.5202115178108215,-0.022433025762438774,0.011698798276484013,39,1.626,0.4666616916656494,0.8245378732681274,7.404705826274949e-08,,0.4751281142234802,0.8470940589904785,-0.004246239550411701,,0.47607406973838806,0.8783137202262878,-0.00541498139500618,,0.4735100269317627,0.9005827903747559,-0.006425756029784679,,0.47197678685188293,0.9171580672264099,-0.007444227114319801,,0.4624634385108948,0.889500081539154,-0.002858089981600642,,0.45867130160331726,0.916857123374939,-0.007819218561053276,,0.4592631459236145,0.9390214681625366,-0.01233004406094551,,0.4602360129356384,0.9584173560142517,-0.015296370722353458,,0.4566799998283386,0.8863402605056763,-0.003589838510379195,,0.45325854420661926,0.9152947664260864,-0.007688198238611221,,0.454795777797699,0.9398965239524841,-0.011507609859108925,,0.4558483958244324,0.9638509750366211,-0.01405650470405817,,0.4516061544418335,0.8830214142799377,-0.004955674055963755,,0.44990748167037964,0.9109094738960266,-0.009073023684322834,,0.45249974727630615,0.9363062381744385,-0.01094057597219944,,0.45432817935943604,0.9588650465011597,-0.011462229304015636,,0.44700953364372253,0.8798326253890991,-0.00692069111391902,,0.4465702176094055,0.9082593321800232,-0.010476295836269855,,0.4495422840118408,0.9306694865226746,-0.011092259548604488,,0.45245906710624695,0.9488133192062378,-0.01086946576833725,,0.6296921372413635,0.8258100748062134,-6.998400436941665e-08,,0.5868290066719055,0.8247065544128418,0.00603308854624629,,0.5519074201583862,0.8583563566207886,0.0025390468072146177,,0.5291332602500916,0.8995006680488586,-0.0021930967923253775,,0.5160581469535828,0.9398506283760071,-0.008768711239099503,,0.5358466506004333,0.8597292900085449,-0.02133765257894993,,0.49508923292160034,0.9126865267753601,-0.03452763333916664,,0.4777948260307312,0.955682635307312,-0.041349876672029495,,0.467542439699173,0.9899775981903076,-0.04473254457116127,,0.5499817728996277,0.8831794857978821,-0.030638495460152626,,0.5088858604431152,0.9553882479667664,-0.04164773225784302,,0.4936886727809906,1.0081416368484497,-0.0444611981511116,,0.48719000816345215,1.0457209348678589,-0.04643015190958977,,0.5700234174728394,0.9074822068214417,-0.038312360644340515,,0.5320070385932922,0.9797122478485107,-0.04642771556973457,,0.5181993842124939,1.0290303230285645,-0.047342099249362946,,0.5129650235176086,1.0623984336853027,-0.047917015850543976,,0.5923097729682922,0.9301831126213074,-0.04489118605852127,,0.5646527409553528,0.995036244392395,-0.05236510932445526,,0.5531679391860962,1.0353542566299438,-0.052849266678094864,,0.5482409000396729,1.06466543674469,-0.05221511796116829,
-0.04392779618501663,-0.5960220098495483,-0.23568446934223175,0.9998295307159424,-0.023165788501501083,-0.6344355344772339,-0.2277083545923233,0.9996832013130188,-0.023796042427420616,-0.6341142058372498,-0.22968363761901855,0.9996820092201233,-0.023421067744493484,-0.6340579390525818,-0.22735612094402313,0.9996384978294373,-0.06077791750431061,-0.6381655335426331,-0.223018616437912,0.9997332692146301,-0.05875248461961746,-0.6387012004852295,-0.22365154325962067,0.9997586607933044,-0.059431418776512146,-0.6376680135726929,-0.219538152217865,0.9997471570968628,0.07302959263324738,-0.6290483474731445,-0.13484345376491547,0.9997114539146423,-0.08356218039989471,-0.6405991315841675,-0.09558410197496414,0.9997642040252686,-0.012085718102753162,-0.5699923038482666,-0.2096165120601654,0.9999136924743652,-0.057395149022340775,-0.571882426738739,-0.19721834361553192,0.9999282956123352,0.18695513904094696,-0.43203917145729065,-0.09478575736284256,0.9996078014373779,-0.16629557311534882,-0.46442434191703796,-0.014907633885741234,0.9998677372932434,0.2040570229291916,-0.19454647600650787,-0.17444419860839844,0.9975675344467163,-0.2294282466173172,-0.23776240646839142,-0.06434279680252075,0.9881724715232849,-0.005998447071760893,-0.16199404001235962,-0.3406756520271301,0.9908737540245056,-0.20933423936367035,-0.15734738111495972,-0.28214675188064575,0.9815285801887512,-0.07046381384134293,-0.14769132435321808,-0.39452818036079407,0.9756074547767639,-0.2115785777568817,-0.1363326758146286,-0.3333651125431061,0.9594643712043762,-0.08941703289747238,-0.1914200633764267,-0.3938060402870178,0.9769952893257141,-0.1948719173669815,-0.15829256176948547,-0.34069374203681946,0.9621342420578003,-0.030396295711398125,-0.17738597095012665,-0.3453906774520874,0.9736154079437256,-0.19605500996112823,-0.15603068470954895,-0.29238423705101013,0.9595418572425842,0.11671958863735199,-0.002243614289909601,-0.010143554769456387,0.6312481164932251,-0.11657733470201492,-0.004024921450763941,0.010901052504777908,0.6760041117668152,0.11942002922296524,0.003025586949661374,-0.1218637153506279,0.04644917696714401,-0.1418658047914505,0.04133594408631325,-0.1382424682378769,0.0508919358253479,0.12412478029727936,0.25473496317863464,0.10250989347696304,0.00998133234679699,-0.10920792818069458,0.4064694344997406,0.054011065512895584,0.014037319459021091,0.12339676171541214,0.26804307103157043,0.12218615412712097,0.007310017477720976,-0.09743921458721161,0.42476126551628113,0.08020526170730591,0.009643424302339554,0.1400991678237915,0.2742142379283905,-0.07317274063825607,0.010453575290739536,-0.10989375412464142,0.4541071355342865,-0.10111310333013535,0.013200425542891026,40,1.668,0.4400523900985718,0.807296872138977,4.315581136893343e-08,,0.4584289789199829,0.8351432085037231,-0.012655050493776798,,0.4673917293548584,0.8827938437461853,-0.02123909443616867,,0.4696618914604187,0.9286333918571472,-0.026594586670398712,,0.470350980758667,0.9677812457084656,-0.03132060170173645,,0.43752503395080566,0.8836610317230225,-0.030770787969231606,,0.44047972559928894,0.9594847559928894,-0.04167195409536362,,0.4455152153968811,1.0006561279296875,-0.045406509190797806,,0.4513288736343384,1.0283249616622925,-0.04620383679866791,,0.41932421922683716,0.8840673565864563,-0.02846020646393299,,0.41501322388648987,0.9623209238052368,-0.037797149270772934,,0.4200076758861542,1.004430890083313,-0.03952563926577568,,0.42679500579833984,1.0322448015213013,-0.03960670530796051,,0.4091739356517792,0.8839014172554016,-0.025949731469154358,,0.40574896335601807,0.9556775689125061,-0.033849745988845825,,0.4100218117237091,0.9964785575866699,-0.03417932242155075,,0.41575297713279724,1.0245692729949951,-0.03300833702087402,,0.4062870442867279,0.8854235410690308,-0.02371787838637829,,0.4051488935947418,0.9439439177513123,-0.03016555681824684,,0.407946914434433,0.9786093235015869,-0.029962673783302307,,0.4128912091255188,1.0023444890975952,-0.02830667234957218,,0.621716320514679,0.8467322587966919,4.191409530562851e-08,,0.5796953439712524,0.8455787301063538,0.008256969042122364,,0.5477392673492432,0.8799270987510681,0.006621482316404581,,0.5287697315216064,0.9178690314292908,0.0028346097096800804,,0.5173295736312866,0.9533958435058594,-0.002819138579070568,,0.5304945111274719,0.8852047920227051,-0.013106903992593288,,0.49198034405708313,0.9379807710647583,-0.02404879778623581,,0.47369638085365295,0.9761150479316711,-0.030117621645331383,,0.46406540274620056,1.007117748260498,-0.032954778522253036,,0.5423380732536316,0.9106921553611755,-0.022647595033049583,,0.504420816898346,0.9742605686187744,-0.031090082600712776,,0.487711101770401,1.0228271484375,-0.03367812559008598,,0.4805772006511688,1.059669017791748,-0.03546801954507828,,0.561069130897522,0.9339160323143005,-0.030805572867393494,,0.5268036127090454,0.9964883923530579,-0.035857491195201874,,0.5130068063735962,1.0414345264434814,-0.03678843751549721,,0.5066959261894226,1.0743147134780884,-0.03788134455680847,,0.5837254524230957,0.953443706035614,-0.037921637296676636,,0.5611200928688049,1.0086047649383545,-0.04283776134252548,,0.550390362739563,1.046832799911499,-0.04333066940307617,,0.544441819190979,1.0781371593475342,-0.04292544350028038,
-0.0382876843214035,-0.5964955687522888,-0.23670801520347595,0.999814510345459,-0.01744331791996956,-0.6350131034851074,-0.2288704216480255,0.9996684193611145,-0.01805305853486061,-0.6347053647041321,-0.23063823580741882,0.9996681213378906,-0.017643330618739128,-0.6346750855445862,-0.22828814387321472,0.9996219277381897,-0.05579642578959465,-0.6388658881187439,-0.2251441478729248,0.9997163414955139,-0.05375729873776436,-0.639447033405304,-0.225955069065094,0.9997414946556091,-0.05440482869744301,-0.6384246945381165,-0.2218269258737564,0.9997281432151794,0.08262927830219269,-0.6294426321983337,-0.13541872799396515,0.9996892809867859,-0.07743152976036072,-0.6419496536254883,-0.09942128509283066,0.999748706817627,-0.004865077789872885,-0.5706555247306824,-0.2102760523557663,0.999899685382843,-0.05112609639763832,-0.5726396441459656,-0.1989620327949524,0.9999151229858398,0.19801442325115204,-0.4319371283054352,-0.10367356240749359,0.9995787739753723,-0.16253340244293213,-0.4659906029701233,-0.015710191801190376,0.9998506307601929,0.2140571027994156,-0.1939808577299118,-0.1849900335073471,0.9969695806503296,-0.22579731047153473,-0.23707735538482666,-0.06801967322826385,0.9870300889015198,-0.0041600377298891544,-0.1488202065229416,-0.361260324716568,0.9903267025947571,-0.20599280297756195,-0.1316128671169281,-0.2789953649044037,0.9802430272102356,-0.06930974870920181,-0.127778559923172,-0.4179764688014984,0.9737820029258728,-0.20492017269134521,-0.10238233953714371,-0.32970502972602844,0.9561957716941833,-0.09060080349445343,-0.172585129737854,-0.4207827150821686,0.9753320217132568,-0.18821051716804504,-0.12602598965168,-0.3415469229221344,0.9596113562583923,-0.029367288574576378,-0.16346095502376556,-0.36837083101272583,0.9716213941574097,-0.1919144243001938,-0.12900306284427643,-0.29044651985168457,0.9571525454521179,0.11675986647605896,-0.002050763927400112,-0.009995776228606701,0.6345985531806946,-0.11658133566379547,-0.004511397331953049,0.010856075212359428,0.6764997839927673,0.11956246197223663,0.009175746701657772,-0.10758709162473679,0.0502074733376503,-0.13759475946426392,0.06027254834771156,-0.13016583025455475,0.054273031651973724,0.12464927136898041,0.2712845802307129,0.12242420762777328,0.010657547041773796,-0.10660772770643234,0.41897958517074585,0.08845141530036926,0.015043098479509354,0.12397071719169617,0.2867812216281891,0.14126183092594147,0.0076750461012125015,-0.09533505886793137,0.43644124269485474,0.11276225745677948,0.010060417465865612,0.14556096494197845,0.2785622775554657,-0.05407966300845146,0.011545027606189251,-0.10732053220272064,0.4593632221221924,-0.07282602041959763,0.01455645076930523,41,1.71,0.42722001671791077,0.8693547248840332,-1.5297109356993133e-08,,0.4487588107585907,0.8826290369033813,-0.013118770904839039,,0.46256023645401,0.9183942675590515,-0.019137434661388397,,0.4672994911670685,0.9577550888061523,-0.02268887124955654,,0.46949535608291626,0.990460991859436,-0.02490534633398056,,0.43710988759994507,0.9683486819267273,-0.014972579665482044,,0.44287410378456116,1.0210442543029785,-0.022417470812797546,,0.45094266533851624,1.0504053831100464,-0.027282755821943283,,0.45796629786491394,1.0697652101516724,-0.03001340478658676,,0.4210738241672516,0.9791988730430603,-0.011477140709757805,,0.42795756459236145,1.0304261445999146,-0.017127472907304764,,0.43682947754859924,1.0577712059020996,-0.019801007583737373,,0.4440488815307617,1.0772011280059814,-0.02135593257844448,,0.41032329201698303,0.9834553003311157,-0.008984405547380447,,0.4165526330471039,1.0308862924575806,-0.014543764293193817,,0.42450466752052307,1.0572538375854492,-0.014373714104294777,,0.4308816194534302,1.0781607627868652,-0.013374803587794304,,0.40489575266838074,0.9827802181243896,-0.007625935133546591,,0.4085940718650818,1.0265980958938599,-0.012350575998425484,,0.4149932861328125,1.0516281127929688,-0.011902287602424622,,0.42079922556877136,1.069992184638977,-0.010364812798798084,,0.6101744174957275,0.868026852607727,6.708182809234131e-08,,0.5689002275466919,0.8643537163734436,0.008241720497608185,,0.5385239124298096,0.8973451852798462,0.007080658804625273,,0.5209605097770691,0.9345677495002747,0.0038743806071579456,,0.5118392109870911,0.9687613844871521,-0.0005806209519505501,,0.5200890898704529,0.9063947796821594,-0.009492447599768639,,0.48217064142227173,0.9563841223716736,-0.018498657271265984,,0.46764108538627625,0.9905389547348022,-0.0228627510368824,,0.4631873071193695,1.0135527849197388,-0.024022996425628662,,0.53183913230896,0.9318363070487976,-0.01743570901453495,,0.49573591351509094,0.9917258620262146,-0.02207057736814022,,0.4818612337112427,1.032204270362854,-0.022586625069379807,,0.47696006298065186,1.0596483945846558,-0.023135144263505936,,0.5497697591781616,0.953805685043335,-0.02417086809873581,,0.5200682878494263,1.012881875038147,-0.02584102191030979,,0.5107555389404297,1.0525052547454834,-0.024805931374430656,,0.5070120692253113,1.0787067413330078,-0.025023428723216057,,0.5713436603546143,0.9708148241043091,-0.02999091148376465,,0.5532098412513733,1.0199768543243408,-0.03177473321557045,,0.5458247661590576,1.0522297620773315,-0.03036506101489067,,0.541602611541748,1.0771303176879883,-0.02890447899699211,
-0.033629145473241806,-0.5962129235267639,-0.253758043050766,0.9997979998588562,-0.011923582293093204,-0.6348104476928711,-0.2463456392288208,0.9996448755264282,-0.012468320317566395,-0.6344998478889465,-0.24818284809589386,0.9996503591537476,-0.012113232165575027,-0.6344669461250305,-0.24592536687850952,0.9995996356010437,-0.051200516521930695,-0.6386367678642273,-0.2408563196659088,0.9996888637542725,-0.04912805184721947,-0.6392104625701904,-0.24143488705158234,0.9997161626815796,-0.049779705703258514,-0.6381865739822388,-0.23747701942920685,0.9996986389160156,0.08941834419965744,-0.6288411617279053,-0.1552472859621048,0.9996640682220459,-0.07308919727802277,-0.6418717503547668,-0.11000120639801025,0.9997243285179138,0.00037395491381175816,-0.5704396367073059,-0.2275957316160202,0.9998891949653625,-0.046652600169181824,-0.5723849534988403,-0.21371795237064362,0.9999039173126221,0.20174498856067657,-0.43111228942871094,-0.12471210211515427,0.9995812177658081,-0.15810613334178925,-0.46560102701187134,-0.037440117448568344,0.9998471140861511,0.2132607102394104,-0.18828298151493073,-0.1966048926115036,0.9966570734977722,-0.2248643934726715,-0.2293538749217987,-0.0685698539018631,0.9869628548622131,-0.0038793073035776615,-0.12961064279079437,-0.3608798384666443,0.988658607006073,-0.2104840725660324,-0.0951702743768692,-0.2397194355726242,0.9782191514968872,-0.06745303422212601,-0.10148225724697113,-0.41640326380729675,0.9672067165374756,-0.20925597846508026,-0.05443751811981201,-0.27776792645454407,0.9490628242492676,-0.09161034226417542,-0.1409064382314682,-0.4184172451496124,0.9697373509407043,-0.19098417460918427,-0.0709727481007576,-0.3024694621562958,0.9536765813827515,-0.029397809877991676,-0.14115655422210693,-0.36747363209724426,0.9652822613716125,-0.19512875378131866,-0.08830336481332779,-0.25467485189437866,0.9519102573394775,0.1168111115694046,-0.001523111597634852,-0.01011861301958561,0.6274303197860718,-0.11659621447324753,-0.004974153824150562,0.01101059652864933,0.66778165102005,0.1136166974902153,0.00952414982020855,-0.10725688189268112,0.05240169167518616,-0.1316613256931305,0.06903187185525894,-0.12623640894889832,0.05616364628076553,0.1287822127342224,0.2866670489311218,0.11223423480987549,0.01109999231994152,-0.10486865788698196,0.4382063150405884,0.10061614960432053,0.015543756075203419,0.13005460798740387,0.30287665128707886,0.12899573147296906,0.007616502232849598,-0.09503327310085297,0.45876410603523254,0.12634555995464325,0.010051723569631577,0.15318895876407623,0.288248747587204,-0.07048190385103226,0.01210586354136467,-0.10839346051216125,0.46590709686279297,-0.06060490757226944,0.014993631280958652,42,1.751,0.42629531025886536,0.8955312371253967,-1.3818930710840505e-07,,0.4491358697414398,0.9264653325080872,0.002597034676000476,,0.4626680612564087,0.9642609357833862,0.0032166852615773678,,0.46571579575538635,0.9942902326583862,0.0024212582502514124,,0.46354493498802185,1.014612078666687,0.001940575777553022,,0.44626685976982117,1.007586121559143,0.0051422216929495335,,0.4523838460445404,1.040447473526001,0.003730369731783867,,0.4550272822380066,1.0331768989562988,0.0006608623662032187,,0.45554330945014954,1.024300456047058,-0.0011846600100398064,,0.43333467841148376,1.0141112804412842,0.002594951307401061,,0.4383043646812439,1.0404856204986572,0.004355720244348049,,0.4408932626247406,1.031274676322937,0.0024254810996353626,,0.44116657972335815,1.0187171697616577,0.00033182979677803814,,0.42093420028686523,1.0122252702713013,9.870049689197913e-05,,0.4258575141429901,1.0363733768463135,0.0026421118527650833,,0.4282669723033905,1.0262106657028198,0.0032252934761345387,,0.4290529191493988,1.0134366750717163,0.0025179097428917885,,0.4101685583591461,1.0054701566696167,-0.002414962975308299,,0.41314148902893066,1.0268982648849487,0.0012953743571415544,,0.4161851704120636,1.0198887586593628,0.004964603576809168,,0.4180890619754791,1.0089666843414307,0.007326116785407066,,0.595318078994751,0.8957030773162842,4.4366171181309255e-08,,0.5571351647377014,0.8854901194572449,0.0052528684027493,,0.5258640050888062,0.9167835712432861,0.005228799302130938,,0.5053406953811646,0.9514023661613464,0.004458586685359478,,0.49306195974349976,0.9794950485229492,0.0028718814719468355,,0.5090160369873047,0.9267190098762512,-0.011087269522249699,,0.4711889624595642,0.973383903503418,-0.01822509989142418,,0.45664072036743164,1.0063655376434326,-0.020863279700279236,,0.4499460458755493,1.0303122997283936,-0.02152465283870697,,0.5206194519996643,0.9544675946235657,-0.016286958009004593,,0.48701173067092896,1.0080618858337402,-0.021649111062288284,,0.4762730300426483,1.0462539196014404,-0.02241586521267891,,0.4729941785335541,1.0727124214172363,-0.0225877333432436,,0.5373018980026245,0.9787724018096924,-0.020272962749004364,,0.5127917528152466,1.0316569805145264,-0.02263239026069641,,0.5052283406257629,1.0661386251449585,-0.021968647837638855,,0.5034766793251038,1.089688777923584,-0.021910984069108963,,0.555608868598938,0.997315526008606,-0.02346971444785595,,0.5403422713279724,1.0400149822235107,-0.024843674153089523,,0.5346500873565674,1.0660450458526611,-0.023276926949620247,,0.5321791768074036,1.0859533548355103,-0.02170613780617714,
-0.03323959931731224,-0.5953659415245056,-0.2668701410293579,0.9997787475585938,-0.01156938262283802,-0.633760392665863,-0.26129138469696045,0.9996176958084106,-0.012106362730264664,-0.6334498524665833,-0.2632023096084595,0.9996265172958374,-0.011746102012693882,-0.6334136724472046,-0.26107269525527954,0.9995681047439575,-0.05066502094268799,-0.6376354098320007,-0.2540680468082428,0.999663770198822,-0.04860375449061394,-0.6382505297660828,-0.2543697655200958,0.9996960759162903,-0.049243997782468796,-0.6372376680374146,-0.25042927265167236,0.9996764659881592,0.09090174734592438,-0.6276894211769104,-0.17509028315544128,0.9996321201324463,-0.06971338391304016,-0.64113450050354,-0.12152335047721863,0.9997027516365051,0.0009835403179749846,-0.5699130296707153,-0.24199163913726807,0.9998773336410522,-0.0456119142472744,-0.571904182434082,-0.22592991590499878,0.9998921155929565,0.20320461690425873,-0.42998602986335754,-0.1450994908809662,0.9995680451393127,-0.153318852186203,-0.46524372696876526,-0.04696657508611679,0.9998405575752258,0.20418043434619904,-0.18630549311637878,-0.19645191729068756,0.9950587153434753,-0.22481215000152588,-0.22798803448677063,-0.06901901215314865,0.9836633205413818,-0.01829986833035946,-0.10885807126760483,-0.32685473561286926,0.9795229434967041,-0.21647348999977112,-0.11116039007902145,-0.25139209628105164,0.9678254723548889,-0.08123636245727539,-0.07310260087251663,-0.3690046966075897,0.9487053751945496,-0.21577021479606628,-0.0765538290143013,-0.2890267074108124,0.932446300983429,-0.11493983864784241,-0.11000236123800278,-0.3862932622432709,0.9545659422874451,-0.1990731954574585,-0.09067043662071228,-0.31167131662368774,0.9407287240028381,-0.049885593354701996,-0.11785034090280533,-0.33751606941223145,0.947425365447998,-0.20207497477531433,-0.10495267808437347,-0.2654607892036438,0.9380854368209839,0.116292804479599,-0.0014942624839022756,-0.01159175205975771,0.6060004830360413,-0.11597184836864471,-0.005138895940035582,0.01281801052391529,0.6469722390174866,0.08963336795568466,0.02079840749502182,-0.10382536053657532,0.05918720364570618,-0.131925567984581,0.10059715807437897,-0.11218366026878357,0.0624425932765007,0.1148655116558075,0.29715675115585327,0.1204296350479126,0.012574411928653717,-0.12232314050197601,0.45362991094589233,0.11331290751695633,0.017821066081523895,0.11516854912042618,0.3142752945423126,0.13627171516418457,0.008073152042925358,-0.11699400842189789,0.47373658418655396,0.14404644072055817,0.010752253234386444,0.13126890361309052,0.29942747950553894,-0.059882551431655884,0.014008482918143272,-0.15026789903640747,0.4892635941505432,-0.027580302208662033,0.01730480045080185,43,1.793,,,,,,,,,,,,,,,,,,,,,,,,,,,,,,,,,,,,,,,,,,,,,,,,,,,,,,,,,,,,,,,,,,,,,,,,,,,,,,,,,,,,,0.5797210931777954,0.9311254620552063,-1.1842018921015551e-07,,0.5421585440635681,0.9391098618507385,0.005981361493468285,,0.5022550225257874,0.9782267212867737,0.005750551819801331,,0.47645363211631775,1.0148448944091797,0.0038385321386158466,,0.46644511818885803,1.0530176162719727,0.0001389255776302889,,0.4828733801841736,0.9815868735313416,-0.002321887295693159,,0.46689820289611816,1.048910140991211,-0.010852817445993423,,0.46638762950897217,1.0927549600601196,-0.01866287738084793,,0.46842241287231445,1.1171754598617554,-0.02353716269135475,,0.49695879220962524,0.9924135208129883,-0.009302979335188866,,0.48287466168403625,1.06389319896698,-0.013372471556067467,,0.48503974080085754,1.100610375404358,-0.017357004806399345,,0.4888838827610016,1.1205897331237793,-0.02157275192439556,,0.5155172944068909,1.00417160987854,-0.015736356377601624,,0.5020817518234253,1.072489857673645,-0.018684687092900276,,0.5042000412940979,1.102891445159912,-0.01735791750252247,,0.5062763690948486,1.1175785064697266,-0.017719823867082596,,0.5364099740982056,1.0153884887695312,-0.021577194333076477,,0.5241754055023193,1.0757535696029663,-0.02426181361079216,,0.5251369476318359,1.0985286235809326,-0.021088870242238045,,0.5269598364830017,1.1101305484771729,-0.01872166246175766,
-0.033853333443403244,-0.5952086448669434,-0.26869410276412964,0.9997701048851013,-0.01210562139749527,-0.633605420589447,-0.26399317383766174,0.9996021389961243,-0.01265759114176035,-0.6332905888557434,-0.265851229429245,0.9996136426925659,-0.01229754276573658,-0.6332284808158875,-0.263874351978302,0.9995453357696533,-0.05105569213628769,-0.6375278234481812,-0.25593748688697815,0.9996503591537476,-0.04899033531546593,-0.6381310224533081,-0.2561146914958954,0.999687671661377,-0.049643564969301224,-0.6371172070503235,-0.25217029452323914,0.9996650218963623,0.09064982831478119,-0.6266236901283264,-0.18154367804527283,0.99960857629776,-0.06822975724935532,-0.6410203576087952,-0.12220513820648193,0.9996919631958008,0.0006511873798444867,-0.5697533488273621,-0.2445923388004303,0.9998709559440613,-0.046051669865846634,-0.5717102289199829,-0.22713103890419006,0.9998853802680969,0.20266801118850708,-0.42918530106544495,-0.156321182847023,0.9995666146278381,-0.15056802332401276,-0.46462321281433105,-0.049976155161857605,0.9998376965522766,0.19468095898628235,-0.186478853225708,-0.19643820822238922,0.9910838603973389,-0.224518820643425,-0.22829072177410126,-0.06855875253677368,0.975508987903595,-0.032801005989313126,-0.09871532022953033,-0.31149592995643616,0.9440979361534119,-0.21442249417304993,-0.11345546692609787,-0.25284892320632935,0.9322338700294495,-0.0961308628320694,-0.05507173761725426,-0.3440680205821991,0.9000786542892456,-0.2120109498500824,-0.07449987530708313,-0.2816041111946106,0.8907546997070312,-0.13717393577098846,-0.08624369651079178,-0.368581622838974,0.9142389893531799,-0.19590342044830322,-0.0762864425778389,-0.30833303928375244,0.9078215956687927,-0.06829459220170975,-0.10409101098775864,-0.3237130641937256,0.9010854959487915,-0.20001479983329773,-0.10298452526330948,-0.2673761248588562,0.9017124772071838,0.11500132083892822,-0.0023907071445137262,-0.013738992623984814,0.5778017640113831,-0.11449021100997925,-0.004485421348363161,0.015291758812963963,0.6178499460220337,0.06396366655826569,0.028351733461022377,-0.10171516239643097,0.06526145339012146,-0.12875205278396606,0.14676058292388916,-0.09006243199110031,0.06745365262031555,0.1146007850766182,0.3179149329662323,0.12485293298959732,0.01511936355382204,-0.12974807620048523,0.4867198169231415,0.15010181069374084,0.020677993074059486,0.11536458879709244,0.33779770135879517,0.13794274628162384,0.008922277018427849,-0.12795817852020264,0.5073880553245544,0.18722482025623322,0.011559589765965939,0.12516063451766968,0.3210982084274292,-0.05894238501787186,0.017121968790888786,-0.17591354250907898,0.5272852182388306,0.021289855241775513,0.02014678157866001,44,1.835,,,,,,,,,,,,,,,,,,,,,,,,,,,,,,,,,,,,,,,,,,,,,,,,,,,,,,,,,,,,,,,,,,,,,,,,,,,,,,,,,,,,,,,,,,,,,,,,,,,,,,,,,,,,,,,,,,,,,,,,,,,,,,,,,,,,,,,,,,,,,,,,,,,,,,,,,,,,,,,,,,,,,,,,
-0.03410451114177704,-0.5972142815589905,-0.2707500755786896,0.9997425675392151,-0.012281341478228569,-0.634716808795929,-0.26644375920295715,0.9995473623275757,-0.01280730590224266,-0.6343753933906555,-0.2682727575302124,0.9995678663253784,-0.012464147992432117,-0.6342790126800537,-0.2663712203502655,0.999484121799469,-0.05120522528886795,-0.6390963196754456,-0.2575353682041168,0.9995971322059631,-0.04915021359920502,-0.6396951079368591,-0.2576424479484558,0.9996448755264282,-0.04980282485485077,-0.6386763453483582,-0.253731906414032,0.9996134042739868,0.09277049452066422,-0.626453697681427,-0.1866125762462616,0.9995603561401367,-0.06475894153118134,-0.6412729024887085,-0.1227111667394638,0.9996447563171387,0.0001543976686662063,-0.5709673166275024,-0.24753011763095856,0.9998581409454346,-0.046461548656225204,-0.5734385848045349,-0.2286931276321411,0.999869167804718,0.20250798761844635,-0.42915475368499756,-0.16722704470157623,0.9995598196983337,-0.14676262438297272,-0.46460962295532227,-0.05490332841873169,0.9998308420181274,0.187704399228096,-0.18970809876918793,-0.1974378377199173,0.9883535504341125,-0.21932290494441986,-0.23222607374191284,-0.06752785295248032,0.969581127166748,-0.02863568253815174,-0.08893951773643494,-0.29823365807533264,0.9050784111022949,-0.20619620382785797,-0.10566258430480957,-0.24214141070842743,0.8977931141853333,-0.09373723715543747,-0.03684520348906517,-0.3270063102245331,0.8479518294334412,-0.19979369640350342,-0.0553896501660347,-0.2639881670475006,0.8481496572494507,-0.12880294024944305,-0.06025742366909981,-0.3570118546485901,0.8703427910804749,-0.18312223255634308,-0.05075492337346077,-0.29794538021087646,0.8726491332054138,-0.06284911185503006,-0.08937355130910873,-0.31183260679244995,0.8522908687591553,-0.19058789312839508,-0.09017076343297958,-0.25923967361450195,0.8646124601364136,0.11449185758829117,-0.002981249475851655,-0.01691458560526371,0.5399573445320129,-0.11378365755081177,-0.003984066192060709,0.018656611442565918,0.5780995488166809,0.05871046334505081,0.02607720158994198,-0.10043136775493622,0.07303983718156815,-0.12281793355941772,0.14431338012218475,-0.08782751858234406,0.0717647597193718,0.11690915375947952,0.314256489276886,0.12820415198802948,0.01721554808318615,-0.12977749109268188,0.4916524589061737,0.17939132452011108,0.02254003845155239,0.11894718557596207,0.33376646041870117,0.14272862672805786,0.009152133949100971,-0.1293838769197464,0.5120555758476257,0.22039951384067535,0.011783751659095287,0.12677325308322906,0.3143153488636017,-0.06636346131563187,0.01911589875817299,-0.18324272334575653,0.5262218713760376,0.04917115345597267,0.021430259570479393,45,1.876,,,,,,,,,,,,,,,,,,,,,,,,,,,,,,,,,,,,,,,,,,,,,,,,,,,,,,,,,,,,,,,,,,,,,,,,,,,,,,,,,,,,,,,,,,,,,,,,,,,,,,,,,,,,,,,,,,,,,,,,,,,,,,,,,,,,,,,,,,,,,,,,,,,,,,,,,,,,,,,,,,,,,,,,
-0.03397803008556366,-0.598182737827301,-0.2770296335220337,0.9997167587280273,-0.011151643469929695,-0.6351982951164246,-0.2727701961994171,0.9994913339614868,-0.011619728058576584,-0.6348500847816467,-0.274515300989151,0.9995204210281372,-0.011303496547043324,-0.6347446441650391,-0.2727118730545044,0.9994217157363892,-0.05008162185549736,-0.6397430896759033,-0.26401716470718384,0.999544620513916,-0.048029590398073196,-0.6403478980064392,-0.26408758759498596,0.9996032118797302,-0.04867962375283241,-0.6393324732780457,-0.2602471709251404,0.9995653033256531,0.0936095342040062,-0.6264165043830872,-0.19274291396141052,0.999505877494812,-0.0629328042268753,-0.6414047479629517,-0.12915319204330444,0.9996002316474915,-0.00010139173537027091,-0.5717833638191223,-0.2537766098976135,0.9998433589935303,-0.04633694887161255,-0.5744049549102783,-0.23507747054100037,0.9998527765274048,0.2020363211631775,-0.4293699264526367,-0.17251387238502502,0.9995471239089966,-0.14565753936767578,-0.46460863947868347,-0.06477951258420944,0.9998215436935425,0.18558162450790405,-0.19201619923114777,-0.1981576383113861,0.9860528707504272,-0.21831995248794556,-0.23276633024215698,-0.06930399686098099,0.9651942849159241,-0.016074754297733307,-0.07686416804790497,-0.29283463954925537,0.8685792684555054,-0.20592255890369415,-0.09267567843198776,-0.23709651827812195,0.8669818043708801,-0.06814984977245331,-0.02215568721294403,-0.3207765519618988,0.7995445132255554,-0.19941595196723938,-0.03890131041407585,-0.2570660710334778,0.8097829222679138,-0.11245939135551453,-0.042593784630298615,-0.3532741367816925,0.8295716643333435,-0.1830107718706131,-0.03251205012202263,-0.29367518424987793,0.840980052947998,-0.05260324478149414,-0.07516523450613022,-0.30773329734802246,0.8070157766342163,-0.19038784503936768,-0.07539323717355728,-0.25507012009620667,0.83064866065979,0.11371225863695145,-0.0035613093059509993,-0.018610255792737007,0.5044978857040405,-0.11306298524141312,-0.0035518333315849304,0.020361626520752907,0.5410833358764648,0.05294479802250862,0.026167893782258034,-0.09705532342195511,0.08325724303722382,-0.12069191783666611,0.17613983154296875,-0.08490230143070221,0.07965259253978729,0.11709387600421906,0.31486088037490845,0.13023978471755981,0.019391212612390518,-0.1361542046070099,0.5080664753913879,0.1868017315864563,0.025346431881189346,0.1191459372639656,0.33415430784225464,0.1452546864748001,0.00934410747140646,-0.13877974450588226,0.5292949676513672,0.22628097236156464,0.012131699360907078,0.12791462242603302,0.3205881416797638,-0.06303470581769943,0.021365495398640633,-0.19845914840698242,0.5479540228843689,0.05782404541969299,0.023515433073043823,46,1.918,,,,,,,,,,,,,,,,,,,,,,,,,,,,,,,,,,,,,,,,,,,,,,,,,,,,,,,,,,,,,,,,,,,,,,,,,,,,,,,,,,,,,,,,,,,,,,,,,,,,,,,,,,,,,,,,,,,,,,,,,,,,,,,,,,,,,,,,,,,,,,,,,,,,,,,,,,,,,,,,,,,,,,,,
-0.034082502126693726,-0.5980669260025024,-0.28844717144966125,0.9996867775917053,-0.011272420175373554,-0.6347754001617432,-0.28549689054489136,0.9994256496429443,-0.011728765442967415,-0.6344260573387146,-0.287259578704834,0.9994633197784424,-0.011409969069063663,-0.6343252658843994,-0.28548258543014526,0.9993506669998169,-0.050023794174194336,-0.6395952105522156,-0.27600106596946716,0.999481201171875,-0.04797331616282463,-0.640216052532196,-0.2760098874568939,0.9995503425598145,-0.048627424985170364,-0.6392073631286621,-0.27220743894577026,0.9995068907737732,0.09378759562969208,-0.6247084736824036,-0.20705410838127136,0.9994435906410217,-0.06076018884778023,-0.6413472294807434,-0.14127077162265778,0.9995409846305847,-0.00038123404374346137,-0.5717056393623352,-0.2656260132789612,0.9998247027397156,-0.04653817415237427,-0.5743007063865662,-0.24635951220989227,0.9998330473899841,0.20103131234645844,-0.42905017733573914,-0.18285132944583893,0.9995335340499878,-0.1448228508234024,-0.46491673588752747,-0.07128050923347473,0.9998132586479187,0.1849583238363266,-0.19221875071525574,-0.19831693172454834,0.984007716178894,-0.2184254676103592,-0.2328280657529831,-0.06761855632066727,0.9591451287269592,0.008958671241998672,-0.06484425067901611,-0.28516021370887756,0.8380695581436157,-0.21017105877399445,-0.08087269216775894,-0.22411875426769257,0.8378207683563232,-0.03319863602519035,-0.011172941885888577,-0.314045250415802,0.760965883731842,-0.20441867411136627,-0.02648019976913929,-0.2446979284286499,0.7759727835655212,-0.07720687240362167,-0.029325105249881744,-0.3482511639595032,0.7976455092430115,-0.18855030834674835,-0.020635563880205154,-0.28298595547676086,0.8123671412467957,-0.025611842051148415,-0.06190560385584831,-0.3011406660079956,0.771196186542511,-0.19493943452835083,-0.06285316497087479,-0.24281467497348785,0.8002591133117676,0.11246165633201599,-0.004008147865533829,-0.020500918850302696,0.47149768471717834,-0.11187434941530228,-0.003333446802571416,0.02234072797000408,0.5070659518241882,0.05917646363377571,0.02650129422545433,-0.08200615644454956,0.09518131613731384,-0.11228030174970627,0.18675515055656433,-0.07528148591518402,0.08821279555559158,0.12621788680553436,0.31451162695884705,0.13536608219146729,0.021658623591065407,-0.13047975301742554,0.5116841197013855,0.1934126913547516,0.028402797877788544,0.12858669459819794,0.333699494600296,0.15326732397079468,0.00961955264210701,-0.13663020730018616,0.5318218469619751,0.23112180829048157,0.012854786589741707,0.14043353497982025,0.322967529296875,-0.05827973410487175,0.02379663661122322,-0.18707740306854248,0.5522312521934509,0.06518742442131042,0.026061099022626877,47,1.96,,,,,,,,,,,,,,,,,,,,,,,,,,,,,,,,,,,,,,,,,,,,,,,,,,,,,,,,,,,,,,,,,,,,,,,,,,,,,,,,,,,,,,,,,,,,,,,,,,,,,,,,,,,,,,,,,,,,,,,,,,,,,,,,,,,,,,,,,,,,,,,,,,,,,,,,,,,,,,,,,,,,,,,,
