pose_world_0_x,pose_world_0_y,pose_world_0_z,pose_world_0_visibility,pose_world_1_x,pose_world_1_y,pose_world_1_z,pose_world_1_visibility,pose_world_2_x,pose_world_2_y,pose_world_2_z,pose_world_2_visibility,pose_world_3_x,pose_world_3_y,pose_world_3_z,pose_world_3_visibility,pose_world_4_x,pose_world_4_y,pose_world_4_z,pose_world_4_visibility,pose_world_5_x,pose_world_5_y,pose_world_5_z,pose_world_5_visibility,pose_world_6_x,pose_world_6_y,pose_world_6_z,pose_world_6_visibility,pose_world_7_x,pose_world_7_y,pose_world_7_z,pose_world_7_visibility,pose_world_8_x,pose_world_8_y,pose_world_8_z,pose_world_8_visibility,pose_world_9_x,pose_world_9_y,pose_world_9_z,pose_world_9_visibility,pose_world_10_x,pose_world_10_y,pose_world_10_z,pose_world_10_visibility,pose_world_11_x,pose_world_11_y,pose_world_11_z,pose_world_11_visibility,pose_world_12_x,pose_world_12_y,pose_world_12_z,pose_world_12_visibility,pose_world_13_x,pose_world_13_y,pose_world_13_z,pose_world_13_visibility,pose_world_14_x,pose_world_14_y,pose_world_14_z,pose_world_14_visibility,pose_world_15_x,pose_world_15_y,pose_world_15_z,pose_world_15_visibility,pose_world_16_x,pose_world_16_y,pose_world_16_z,pose_world_16_visibility,pose_world_17_x,pose_world_17_y,pose_world_17_z,pose_world_17_visibility,pose_world_18_x,pose_world_18_y,pose_world_18_z,pose_world_18_visibility,pose_world_19_x,pose_world_19_y,pose_world_19_z,pose_world_19_visibility,pose_world_20_x,pose_world_20_y,pose_world_20_z,pose_world_20_visibility,pose_world_21_x,pose_world_21_y,pose_world_21_z,pose_world_21_visibility,pose_world_22_x,pose_world_22_y,pose_world_22_z,pose_world_22_visibility,pose_world_23_x,pose_world_23_y,pose_world_23_z,pose_world_23_visibility,pose_world_24_x,pose_world_24_y,pose_world_24_z,pose_world_24_visibility,pose_world_25_x,pose_world_25_y,pose_world_25_z,pose_world_25_visibility,pose_world_26_x,pose_world_26_y,pose_world_26_z,pose_world_26_visibility,pose_world_27_x,pose_world_27_y,pose_world_27_z,pose_world_27_visibility,pose_world_28_x,pose_world_28_y,pose_world_28_z,pose_world_28_visibility,pose_world_29_x,pose_world_29_y,pose_world_29_z,pose_world_29_visibility,pose_world_30_x,pose_world_30_y,pose_world_30_z,pose_world_30_visibility,pose_world_31_x,pose_world_31_y,pose_world_31_z,pose_world_31_visibility,pose_world_32_x,pose_world_32_y,pose_world_32_z,pose_world_32_visibility,frame,timestamp,right_hand_0_x,right_hand_0_y,right_hand_0_z,right_hand_0_visibility,right_hand_1_x,right_hand_1_y,right_hand_1_z,right_hand_1_visibility,right_hand_2_x,right_hand_2_y,right_hand_2_z,right_hand_2_visibility,right_hand_3_x,right_hand_3_y,right_hand_3_z,right_hand_3_visibility,right_hand_4_x,right_hand_4_y,right_hand_4_z,right_hand_4_visibility,right_hand_5_x,right_hand_5_y,right_hand_5_z,right_hand_5_visibility,right_hand_6_x,right_hand_6_y,right_hand_6_z,right_hand_6_visibility,right_hand_7_x,right_hand_7_y,right_hand_7_z,right_hand_7_visibility,right_hand_8_x,right_hand_8_y,right_hand_8_z,right_hand_8_visibility,right_hand_9_x,right_hand_9_y,right_hand_9_z,right_hand_9_visibility,right_hand_10_x,right_hand_10_y,right_hand_10_z,right_hand_10_visibility,right_hand_11_x,right_hand_11_y,right_hand_11_z,right_hand_11_visibility,right_hand_12_x,right_hand_12_y,right_hand_12_z,right_hand_12_visibility,right_hand_13_x,right_hand_13_y,right_hand_13_z,right_hand_13_visibility,right_hand_14_x,right_hand_14_y,right_hand_14_z,right_hand_14_visibility,right_hand_15_x,right_hand_15_y,right_hand_15_z,right_hand_15_visibility,right_hand_16_x,right_hand_16_y,right_hand_16_z,right_hand_16_visibility,right_hand_17_x,right_hand_17_y,right_hand_17_z,right_hand_17_visibility,right_hand_18_x,right_hand_18_y,right_hand_18_z,right_hand_18_visibility,right_hand_19_x,right_hand_19_y,right_hand_19_z,right_hand_19_visibility,right_hand_20_x,right_hand_20_y,right_hand_20_z,right_hand_20_visibility
-0.05534537881612778,-0.605872631072998,-0.3234766125679016,0.9990822076797485,-0.03718007355928421,-0.6418097019195557,-0.31885215640068054,0.9986125230789185,-0.03755716606974602,-0.6413576602935791,-0.3210141062736511,0.9987457990646362,-0.03699050471186638,-0.6414502263069153,-0.31909188628196716,0.998640239238739,-0.07110880315303802,-0.643463671207428,-0.31514686346054077,0.9984524250030518,-0.06914316117763519,-0.6443382501602173,-0.31510528922080994,0.9984194040298462,-0.06981410086154938,-0.6432955265045166,-0.3110649883747101,0.9981880784034729,0.051400814205408096,-0.6223849654197693,-0.2418575882911682,0.9989257454872131,-0.08779390156269073,-0.6261075139045715,-0.20047862827777863,0.9981023669242859,-0.026589732617139816,-0.5751233696937561,-0.30218252539634705,0.9996358156204224,-0.06668413430452347,-0.5746528506278992,-0.2894253730773926,0.9995817542076111,0.15824365615844727,-0.41614294052124023,-0.1880224496126175,0.9991865754127502,-0.14901719987392426,-0.43562158942222595,-0.13453452289104462,0.999184787273407,0.1946178823709488,-0.15939578413963318,-0.1662915050983429,0.845691442489624,-0.18423838913440704,-0.19899839162826538,-0.07744646072387695,0.6710254549980164,0.1756846159696579,0.04799574241042137,-0.23911602795124054,0.3944016993045807,-0.20744942128658295,-0.001923264004290104,-0.15692545473575592,0.27377384901046753,0.17316950857639313,0.11449429392814636,-0.26249489188194275,0.33879056572914124,-0.21530023217201233,0.06260643899440765,-0.1723875254392624,0.24469178915023804,0.1488976925611496,0.1132100522518158,-0.29837629199028015,0.4120914340019226,-0.20523647964000702,0.06836282461881638,-0.2072756141424179,0.3022224009037018,0.1571359783411026,0.06207193806767464,-0.2566475570201874,0.3839470148086548,-0.19669610261917114,0.019064314663410187,-0.17474888265132904,0.29096677899360657,0.10406456142663956,-0.004447519779205322,-0.010003985837101936,0.1372094601392746,-0.1026713028550148,-0.003567669540643692,0.012133737094700336,0.19539903104305267,0.07236666977405548,0.0012478386051952839,-0.01159705687314272,0.05985552445054054,-0.11067994683980942,0.06583797186613083,-0.07687796652317047,0.11813688278198242,0.10083071887493134,0.22811011970043182,0.32099366188049316,0.011486975476145744,-0.1003965362906456,0.44574832916259766,0.22074510157108307,0.04275228828191757,0.10069271922111511,0.24289102852344513,0.3531409502029419,0.008816436864435673,-0.09945427626371384,0.4636928141117096,0.26151812076568604,0.02878692001104355,0.11638997495174408,0.21476995944976807,0.15565672516822815,0.012387949042022228,-0.13925418257713318,0.46898362040519714,0.08943627774715424,0.03431061655282974,0,0.0,,,,,,,,,,,,,,,,,,,,,,,,,,,,,,,,,,,,,,,,,,,,,,,,,,,,,,,,,,,,,,,,,,,,,,,,,,,,,,,,,,,,
-0.05546274408698082,-0.6098246574401855,-0.29316258430480957,0.9990290999412537,-0.038475122302770615,-0.64646315574646,-0.28711676597595215,0.9985237121582031,-0.03885580599308014,-0.6460978388786316,-0.2891378402709961,0.9986425042152405,-0.03826912119984627,-0.646230936050415,-0.2871253192424774,0.9985247254371643,-0.07220004498958588,-0.6473426222801208,-0.2843295931816101,0.998431384563446,-0.07020431756973267,-0.648243248462677,-0.2845763862133026,0.9984210133552551,-0.0708819180727005,-0.6473222970962524,-0.2805916965007782,0.9981985092163086,0.048192575573921204,-0.6330330967903137,-0.2032449096441269,0.9988442659378052,-0.09081210941076279,-0.6319292783737183,-0.17311906814575195,0.9981027245521545,-0.026750821620225906,-0.5812261700630188,-0.26972949504852295,0.9995758533477783,-0.06686940789222717,-0.5792922377586365,-0.26021260023117065,0.9995562434196472,0.1580127626657486,-0.4355652630329132,-0.15263932943344116,0.9988388419151306,-0.151276096701622,-0.4420033395290375,-0.09753123670816422,0.9990354776382446,0.18069905042648315,-0.18560217320919037,-0.12738282978534698,0.8475977778434753,-0.17976829409599304,-0.2062772661447525,-0.09294280409812927,0.6596720218658447,0.1551406979560852,0.013585534878075123,-0.1888025850057602,0.42010581493377686,-0.18985864520072937,-0.08589005470275879,-0.27330446243286133,0.28627675771713257,0.1511271744966507,0.07236228138208389,-0.2175123244524002,0.36584725975990295,-0.19792190194129944,-0.04940806329250336,-0.31891748309135437,0.26148325204849243,0.132266566157341,0.061086732894182205,-0.25600478053092957,0.43676215410232544,-0.188123419880867,-0.06687454879283905,-0.33589839935302734,0.31797584891319275,0.13952264189720154,0.0217950027436018,-0.20967625081539154,0.4091729521751404,-0.18041470646858215,-0.07932364195585251,-0.2872512638568878,0.30579546093940735,0.10369329154491425,-0.005799619480967522,-0.009501175954937935,0.1636950671672821,-0.10265231132507324,-0.0025821798481047153,0.011511013843119144,0.23239389061927795,0.07447423040866852,0.01179773360490799,-0.014507493935525417,0.07171732187271118,-0.10852551460266113,0.11240960657596588,-0.10272245854139328,0.1404373049736023,0.10084362328052521,0.22900529205799103,0.279009610414505,0.012402777560055256,-0.10099712014198303,0.4427420496940613,0.08711633831262589,0.054193370044231415,0.1009066104888916,0.24460653960704803,0.3066404163837433,0.009665903635323048,-0.09946441650390625,0.4618612229824066,0.10569265484809875,0.03351501747965813,0.13559409976005554,0.263915091753006,0.15564072132110596,0.014013146050274372,-0.12910979986190796,0.49766138195991516,-0.055237989872694016,0.04543282091617584,1,0.033,,,,,,,,,,,,,,,,,,,,,,,,,,,,,,,,,,,,,,,,,,,,,,,,,,,,,,,,,,,,,,,,,,,,,,,,,,,,,,,,,,,,
-0.055450212210416794,-0.6048607230186462,-0.29652515053749084,0.999060332775116,-0.03976035118103027,-0.6434360146522522,-0.2909793555736542,0.9985631108283997,-0.040184568613767624,-0.6430670619010925,-0.29304414987564087,0.9986667037010193,-0.0395745187997818,-0.6431677937507629,-0.2910309135913849,0.9985491037368774,-0.07372290641069412,-0.6436735987663269,-0.2880202829837799,0.9984966516494751,-0.07173777371644974,-0.6445422768592834,-0.2882063686847687,0.9984927177429199,-0.07240498811006546,-0.6436639428138733,-0.28419655561447144,0.9982871413230896,0.04754895344376564,-0.6330692768096924,-0.20824842154979706,0.998863697052002,-0.0928177759051323,-0.631827712059021,-0.17604462802410126,0.9981988668441772,-0.026148265227675438,-0.5790393352508545,-0.27338749170303345,0.9995838403701782,-0.06658672541379929,-0.576364278793335,-0.2632961869239807,0.999571681022644,0.16042092442512512,-0.4372423589229584,-0.14605067670345306,0.9987213015556335,-0.1516837477684021,-0.44344863295555115,-0.10095550864934921,0.9990193843841553,0.18076641857624054,-0.1831354945898056,-0.11425215005874634,0.8432402014732361,-0.19486401975154877,-0.21431982517242432,-0.11872763931751251,0.6659586429595947,0.16029135882854462,0.01453392393887043,-0.19106397032737732,0.43156298995018005,-0.18784812092781067,-0.1551230549812317,-0.31884703040122986,0.31509819626808167,0.1559116691350937,0.07292993366718292,-0.21557733416557312,0.37863489985466003,-0.1870833784341812,-0.1337679922580719,-0.36360257863998413,0.2883775532245636,0.1457211673259735,0.06425265967845917,-0.2549043595790863,0.44855162501335144,-0.1775972992181778,-0.15647487342357635,-0.37222540378570557,0.34312552213668823,0.1480422019958496,0.023356633260846138,-0.21175886690616608,0.42087748646736145,-0.17686781287193298,-0.15362820029258728,-0.3291679322719574,0.3265756368637085,0.1039765253663063,-0.007258173078298569,-0.006058269180357456,0.1574724018573761,-0.10306339710950851,-0.0017566222231835127,0.008203172124922276,0.2252630591392517,0.10625510662794113,-0.012221572920680046,-0.013555280864238739,0.07573925703763962,-0.10300524532794952,0.10616748034954071,-0.10070144385099411,0.1464577317237854,0.12393012642860413,0.21070954203605652,0.2830265462398529,0.012881854549050331,-0.09454719722270966,0.41769593954086304,0.1295318901538849,0.05529450997710228,0.12424655258655548,0.22462333738803864,0.31069448590278625,0.01012473739683628,-0.08867468684911728,0.4318159520626068,0.1577158123254776,0.03375694528222084,0.17767150700092316,0.22349782288074493,0.13273708522319794,0.01471872627735138,-0.09659368544816971,0.4738011658191681,-0.017934760078787804,0.04690205678343773,2,0.066,,,,,,,,,,,,,,,,,,,,,,,,,,,,,,,,,,,,,,,,,,,,,,,,,,,,,,,,,,,,,,,,,,,,,,,,,,,,,,,,,,,,
-0.0564083456993103,-0.6049029231071472,-0.2851264178752899,0.9991154074668884,-0.044039614498615265,-0.6439698338508606,-0.2798875570297241,0.9986466765403748,-0.04453336074948311,-0.6435965895652771,-0.2820657193660736,0.9987337589263916,-0.043888721615076065,-0.6436837911605835,-0.2799510955810547,0.9986228346824646,-0.0775141566991806,-0.6438019871711731,-0.2779495120048523,0.9985938668251038,-0.07552443444728851,-0.6446576714515686,-0.2781529426574707,0.9985894560813904,-0.07618263363838196,-0.6437813639640808,-0.274046391248703,0.9984013438224792,0.04051561281085014,-0.6356492638587952,-0.19778424501419067,0.9989310503005981,-0.09867151081562042,-0.6316961646080017,-0.16943445801734924,0.9983258843421936,-0.026770496740937233,-0.579112708568573,-0.26268917322158813,0.999603271484375,-0.06716310232877731,-0.576303243637085,-0.25361010432243347,0.9995943903923035,0.1585814654827118,-0.44076716899871826,-0.12503498792648315,0.9986237287521362,-0.15292681753635406,-0.44238796830177307,-0.08991176635026932,0.998986542224884,0.17496980726718903,-0.18465183675289154,-0.09923850744962692,0.8370415568351746,-0.20064327120780945,-0.22080743312835693,-0.13917778432369232,0.6740120053291321,0.1613321155309677,0.006186704151332378,-0.1884772628545761,0.450344055891037,-0.18330343067646027,-0.23553799092769623,-0.36015787720680237,0.35895949602127075,0.15723291039466858,0.060966163873672485,-0.2082906812429428,0.3977283537387848,-0.17717480659484863,-0.23678749799728394,-0.40798527002334595,0.3295736014842987,0.14870427548885345,0.053391944617033005,-0.24342676997184753,0.4649641215801239,-0.17230243980884552,-0.2690795958042145,-0.40279504656791687,0.38057777285575867,0.14894817769527435,0.01435716450214386,-0.20750582218170166,0.43661099672317505,-0.17227666079998016,-0.24217259883880615,-0.3655884265899658,0.3582187592983246,0.10400669276714325,-0.009066500701010227,-0.0034667288418859243,0.1528075635433197,-0.10313484817743301,-0.0007666894234716892,0.005762957036495209,0.21951721608638763,0.11376437544822693,-0.04886215925216675,0.010879584588110447,0.07852040976285934,-0.10282042622566223,0.07433245331048965,-0.08685485273599625,0.14809975028038025,0.12742219865322113,0.1705823689699173,0.29407569766044617,0.013090590946376324,-0.09359561651945114,0.36893412470817566,0.13574323058128357,0.05447874590754509,0.12783780694007874,0.18196089565753937,0.31746774911880493,0.010248539038002491,-0.0858483836054802,0.37869200110435486,0.1690281480550766,0.033113181591033936,0.1843809336423874,0.15994837880134583,0.1350969821214676,0.01528033148497343,-0.08795086294412613,0.41736695170402527,0.004745522513985634,0.04718044027686119,3,0.1,0.41641050577163696,0.823413610458374,9.280167034830811e-08,,0.4374341368675232,0.8067519664764404,-0.010611837729811668,,0.45049887895584106,0.7691313028335571,-0.015061863698065281,,0.45295166969299316,0.7353906035423279,-0.018472978845238686,,0.4484856426715851,0.7067939043045044,-0.02149687148630619,,0.42810264229774475,0.7042925357818604,-0.01041081827133894,,0.4278060495853424,0.6509773135185242,-0.018119290471076965,,0.4288938343524933,0.615510106086731,-0.02428201399743557,,0.43052712082862854,0.5884573459625244,-0.028577212244272232,,0.41236889362335205,0.7080151438713074,-0.008167218416929245,,0.4121798574924469,0.6844910383224487,-0.01667580008506775,,0.4165514409542084,0.7031338214874268,-0.01928655616939068,,0.41934138536453247,0.7226414084434509,-0.01991463266313076,,0.39900970458984375,0.7215679287910461,-0.006901171989738941,,0.3999943733215332,0.7012880444526672,-0.015446469187736511,,0.40458768606185913,0.7172576189041138,-0.013368741609156132,,0.4068025052547455,0.7334016561508179,-0.010294453240931034,,0.3879144787788391,0.7400891780853271,-0.006534396670758724,,0.38934433460235596,0.7218912243843079,-0.012097968719899654,,0.3939207196235657,0.7335594296455383,-0.009368712082505226,,0.3962451219558716,0.7480307817459106,-0.005937896203249693,
-0.0612746998667717,-0.6043602824211121,-0.2905462980270386,0.9991812109947205,-0.050563253462314606,-0.6437118649482727,-0.2865809500217438,0.9987367987632751,-0.05110622197389603,-0.6433412432670593,-0.28870975971221924,0.9988082647323608,-0.05045544356107712,-0.643405020236969,-0.28654515743255615,0.9987041354179382,-0.08368517458438873,-0.6431196331977844,-0.284650593996048,0.9986997842788696,-0.08170456439256668,-0.6439409255981445,-0.28491711616516113,0.9986972212791443,-0.08231674879789352,-0.6430463790893555,-0.28073790669441223,0.9985274076461792,0.03243130072951317,-0.6353824138641357,-0.20458410680294037,0.9990017414093018,-0.10490816831588745,-0.6279868483543396,-0.1767360121011734,0.9984576106071472,-0.03208243474364281,-0.5782210826873779,-0.2692035436630249,0.9996287226676941,-0.07208965718746185,-0.5744019150733948,-0.2603747248649597,0.999622642993927,0.15185481309890747,-0.43967071175575256,-0.13417772948741913,0.9986233115196228,-0.15879368782043457,-0.43281298875808716,-0.09462151676416397,0.999015748500824,0.16074778139591217,-0.1801123172044754,-0.09989277273416519,0.8369390368461609,-0.2067771852016449,-0.2197635918855667,-0.18296566605567932,0.6906337141990662,0.16028155386447906,0.009375588037073612,-0.17547465860843658,0.470379114151001,-0.18337811529636383,-0.30499720573425293,-0.41996800899505615,0.41142913699150085,0.15521140396595,0.06316790729761124,-0.18395796418190002,0.4150696396827698,-0.17316338419914246,-0.3296769857406616,-0.4636886715888977,0.3799296021461487,0.14866875112056732,0.056989654898643494,-0.2193637490272522,0.4800499379634857,-0.17344610393047333,-0.36454498767852783,-0.45249274373054504,0.42637088894844055,0.14831486344337463,0.017788244411349297,-0.19283875823020935,0.449737012386322,-0.17265160381793976,-0.3178827166557312,-0.422387033700943,0.39833295345306396,0.10421469807624817,-0.011316897347569466,-0.0030634626746177673,0.14677730202674866,-0.10343662649393082,0.0007867770618759096,0.005415076389908791,0.21019117534160614,0.10933428257703781,-0.06057138741016388,0.01433192752301693,0.08643660694360733,-0.10360027104616165,0.07231569290161133,-0.07205388695001602,0.149790957570076,0.13039614260196686,0.16437998414039612,0.289518803358078,0.0140115637332201,-0.09316813200712204,0.360134094953537,0.17908574640750885,0.05293090641498566,0.13124752044677734,0.17534968256950378,0.3122002184391022,0.010408894158899784,-0.0846237912774086,0.36874112486839294,0.20850814878940582,0.031535591930150986,0.18195131421089172,0.14459311962127686,0.10222417861223221,0.016705306246876717,-0.0899139791727066,0.4090045094490051,0.015378625132143497,0.04671233147382736,4,0.133,0.41620150208473206,0.7438670992851257,3.0795622052437466e-08,,0.4387107193470001,0.7197480797767639,-0.006653853226453066,,0.45240920782089233,0.6751282811164856,-0.010384715162217617,,0.4539138078689575,0.6384513974189758,-0.014089386910200119,,0.44630300998687744,0.6181858777999878,-0.018053457140922546,,0.42909836769104004,0.6207712292671204,-0.012133837677538395,,0.42893528938293457,0.5628646612167358,-0.020065633580088615,,0.43046116828918457,0.526216983795166,-0.025806495919823647,,0.43160590529441833,0.49753057956695557,-0.029835231602191925,,0.41001972556114197,0.6238632798194885,-0.012672538869082928,,0.41916707158088684,0.6191507577896118,-0.023028414696455002,,0.42496055364608765,0.6448037624359131,-0.025561349466443062,,0.42593908309936523,0.6657044887542725,-0.026049746200442314,,0.3958505392074585,0.6393074989318848,-0.01339401863515377,,0.40502893924713135,0.63692307472229,-0.020521854981780052,,0.41137686371803284,0.6549829244613647,-0.016200225800275803,,0.41327524185180664,0.6711286306381226,-0.012598401866853237,,0.38441523909568787,0.6596260070800781,-0.015082363039255142,,0.3929513096809387,0.6531279683113098,-0.019118698313832283,,0.3992845416069031,0.6670538187026978,-0.01469490211457014,,0.40121954679489136,0.6805448532104492,-0.010245750658214092,
-0.06258201599121094,-0.6009707450866699,-0.29291868209838867,0.9992501735687256,-0.053298220038414,-0.641801655292511,-0.2888777554035187,0.9988409876823425,-0.05388066545128822,-0.6414200663566589,-0.29102596640586853,0.9989021420478821,-0.05320976674556732,-0.6414512395858765,-0.28888893127441406,0.9988067746162415,-0.086134172976017,-0.6402563452720642,-0.2866424322128296,0.998809814453125,-0.08416706323623657,-0.6410306692123413,-0.2868598699569702,0.9988064169883728,-0.08475489169359207,-0.6401090621948242,-0.2826901376247406,0.998652458190918,0.03086627647280693,-0.6350888609886169,-0.20756950974464417,0.9990847706794739,-0.10605558753013611,-0.6245599985122681,-0.17782242596149445,0.998588502407074,-0.03256363421678543,-0.5752143859863281,-0.27158859372138977,0.9996581077575684,-0.07251442223787308,-0.5700284242630005,-0.26214084029197693,0.9996526837348938,0.15170538425445557,-0.4386853575706482,-0.13358323276042938,0.9986774325370789,-0.15876156091690063,-0.42724403738975525,-0.09398157149553299,0.9990593791007996,0.15651960670948029,-0.17678573727607727,-0.09614688903093338,0.8377796411514282,-0.2090211808681488,-0.2206408977508545,-0.18385490775108337,0.7087634801864624,0.1597929298877716,0.011331291869282722,-0.17561492323875427,0.49962159991264343,-0.17966550588607788,-0.32284581661224365,-0.4183114469051361,0.4632206857204437,0.153567373752594,0.06385452300310135,-0.18443256616592407,0.4440510869026184,-0.16645558178424835,-0.3518373966217041,-0.46260884404182434,0.43117567896842957,0.14863507449626923,0.059188950806856155,-0.21594172716140747,0.5053494572639465,-0.1689106822013855,-0.3900454640388489,-0.4470285475254059,0.47309139370918274,0.14814205467700958,0.02004340849816799,-0.1913016438484192,0.4744856059551239,-0.1687561571598053,-0.33719760179519653,-0.41916224360466003,0.4421616494655609,0.10461850464344025,-0.01248487550765276,-0.0013895080192014575,0.14564308524131775,-0.10374843329191208,0.0015560392057523131,0.0039069256745278835,0.20890818536281586,0.12046851217746735,-0.08800923079252243,0.018400682136416435,0.08943109214305878,-0.10371100902557373,0.031031649559736252,-0.07251511514186859,0.15193739533424377,0.14571118354797363,0.12983666360378265,0.30015069246292114,0.014193900860846043,-0.08306070417165756,0.34323757886886597,0.18007676303386688,0.05195095017552376,0.14744530618190765,0.1389087736606598,0.32222652435302734,0.010462384670972824,-0.0703776627779007,0.35040488839149475,0.2107938975095749,0.030449405312538147,0.20200523734092712,0.09419792145490646,0.11055982857942581,0.017361130565404892,-0.06579936295747757,0.3822305202484131,0.017863331362605095,0.046872884035110474,5,0.166,0.4253760576248169,0.7059047818183899,9.882522533644078e-08,,0.4434235692024231,0.6669778823852539,-0.005284944549202919,,0.4523778557777405,0.6225257515907288,-0.008556277491152287,,0.4553145170211792,0.589600145816803,-0.01325883436948061,,0.451874315738678,0.5650516152381897,-0.018198488280177116,,0.4318823218345642,0.5721510052680969,-0.0014028430450707674,,0.4319128096103668,0.5220968127250671,-0.009176931343972683,,0.4328879117965698,0.4869317412376404,-0.01592770777642727,,0.43255412578582764,0.4569047689437866,-0.020668799057602882,,0.41723015904426575,0.5799038410186768,-0.003576109651476145,,0.42115142941474915,0.552910566329956,-0.016808846965432167,,0.4327104985713959,0.5808505415916443,-0.022260921075940132,,0.4375731945037842,0.6070141792297363,-0.022847576066851616,,0.4042147994041443,0.5945881605148315,-0.006533483974635601,,0.40740200877189636,0.5692770481109619,-0.017697442322969437,,0.4194619655609131,0.5922368168830872,-0.015429922379553318,,0.4245654046535492,0.6159793734550476,-0.010830903425812721,,0.3916425108909607,0.6158426403999329,-0.010250250808894634,,0.3949591815471649,0.5879637598991394,-0.017787981778383255,,0.40623754262924194,0.6021900177001953,-0.014445045031607151,,0.4118850827217102,0.6213886737823486,-0.009538416750729084,
-0.06415525078773499,-0.6006006598472595,-0.2860945761203766,0.9993097186088562,-0.055325403809547424,-0.6416658163070679,-0.283008873462677,0.9989304542541504,-0.05593915656208992,-0.6412814855575562,-0.2852608561515808,0.9989815354347229,-0.055267658084630966,-0.6413064002990723,-0.2830873131752014,0.9988948702812195,-0.08776726573705673,-0.6400149464607239,-0.2801271975040436,0.9989030957221985,-0.08582035452127457,-0.640779435634613,-0.2802785336971283,0.9988980889320374,-0.08640036731958389,-0.6398488879203796,-0.276056706905365,0.9987587928771973,0.029783302918076515,-0.6350449323654175,-0.20528626441955566,0.99915611743927,-0.10614150017499924,-0.6245357990264893,-0.1717705875635147,0.9986984729766846,-0.03350105509161949,-0.5749356150627136,-0.26618555188179016,0.9996829032897949,-0.07315552979707718,-0.5696720480918884,-0.25545534491539,0.9996766448020935,0.1511041820049286,-0.4378036558628082,-0.1273048222064972,0.9987122416496277,-0.158660426735878,-0.4276200830936432,-0.08711740374565125,0.9990816116333008,0.15695761144161224,-0.17644798755645752,-0.09064485132694244,0.8376995921134949,-0.209983691573143,-0.2357434332370758,-0.17371723055839539,0.7247171998023987,0.16046814620494843,0.01295359618961811,-0.17387571930885315,0.5240622162818909,-0.17357398569583893,-0.3541397452354431,-0.39686283469200134,0.5098170042037964,0.15388111770153046,0.06636057049036026,-0.18342310190200806,0.4677162170410156,-0.15728142857551575,-0.3858124613761902,-0.4408746659755707,0.4769381880760193,0.1514938622713089,0.062338992953300476,-0.2128211408853531,0.525871753692627,-0.1607370227575302,-0.42333799600601196,-0.4241597056388855,0.5146598219871521,0.1498945951461792,0.022063713520765305,-0.188659206032753,0.4948251247406006,-0.16254998743534088,-0.36856314539909363,-0.3972206711769104,0.4808461666107178,0.10476423054933548,-0.01314290426671505,-0.001059029484167695,0.1433979868888855,-0.10382328182458878,0.0019792269449681044,0.0036407173611223698,0.20475172996520996,0.12602302432060242,-0.10569889098405838,0.016380449756979942,0.09097159653902054,-0.10376189649105072,0.015762949362397194,-0.06788863986730576,0.14979954063892365,0.15883277356624603,0.11535392701625824,0.29820963740348816,0.014282471500337124,-0.07188588380813599,0.3372966945171356,0.19679465889930725,0.049797479063272476,0.1611166000366211,0.12398146092891693,0.3210844099521637,0.01047767885029316,-0.05745233595371246,0.34374767541885376,0.22792741656303406,0.029083775356411934,0.21264615654945374,0.0733175277709961,0.09888453781604767,0.017788218334317207,-0.05463297292590141,0.37116292119026184,0.021202096715569496,0.04568958282470703,6,0.2,0.4280703663825989,0.6680044531822205,9.25391674400089e-08,,0.4463540315628052,0.6227250695228577,-0.004110240843147039,,0.45569732785224915,0.5744960904121399,-0.006322195753455162,,0.4574070870876312,0.5382676124572754,-0.010451368056237698,,0.4488890469074249,0.5196841955184937,-0.014707449823617935,,0.4339139461517334,0.5289894938468933,0.0027543294709175825,,0.4357074797153473,0.47925809025764465,-0.004150330554693937,,0.4370864927768707,0.44494563341140747,-0.009658866561949253,,0.4369392991065979,0.4145645499229431,-0.013415548950433731,,0.42099255323410034,0.535765528678894,0.00010305629984941334,,0.4299166202545166,0.5084512829780579,-0.012769585475325584,,0.4391825795173645,0.5398797988891602,-0.017390679568052292,,0.4410465657711029,0.5647472739219666,-0.01690671220421791,,0.40881606936454773,0.5479625463485718,-0.0035235141403973103,,0.4185183048248291,0.5243767499923706,-0.0162876658141613,,0.42771169543266296,0.5534886121749878,-0.014192157424986362,,0.4293934106826782,0.5771718621253967,-0.00859440304338932,,0.39625057578086853,0.5660275816917419,-0.007654267363250256,,0.4034426212310791,0.5374486446380615,-0.015868598595261574,,0.4142199754714966,0.5546899437904358,-0.012130430899560452,,0.41827818751335144,0.5749686360359192,-0.00636020302772522,
-0.06561389565467834,-0.6006554961204529,-0.2764940559864044,0.9993643760681152,-0.056658416986465454,-0.6418526768684387,-0.2739526033401489,0.9990144371986389,-0.05728690326213837,-0.6414664387702942,-0.27627766132354736,0.9990564584732056,-0.05661967396736145,-0.6414851546287537,-0.27408888936042786,0.9989786744117737,-0.08906524628400803,-0.6401556134223938,-0.27018898725509644,0.9989886283874512,-0.08713807910680771,-0.6409114003181458,-0.2702716886997223,0.998981237411499,-0.08770834654569626,-0.6399747729301453,-0.2659994959831238,0.99885493516922,0.03022877499461174,-0.635964035987854,-0.1981857568025589,0.9992235898971558,-0.10585270822048187,-0.6253635287284851,-0.15934428572654724,0.9987959265708923,-0.033918965607881546,-0.5749911665916443,-0.2571637034416199,0.999705970287323,-0.07357196509838104,-0.56972336769104,-0.2448970526456833,0.999697744846344,0.15119615197181702,-0.43772092461586,-0.11962495744228363,0.9987610578536987,-0.1583913415670395,-0.4293619692325592,-0.07643040269613266,0.9991039633750916,0.15610188245773315,-0.17583319544792175,-0.08233513683080673,0.8395066857337952,-0.20963069796562195,-0.2527557611465454,-0.16689510643482208,0.7421042323112488,0.16066259145736694,0.014878815971314907,-0.16035422682762146,0.5506046414375305,-0.16600632667541504,-0.38668859004974365,-0.3859620690345764,0.5540351867675781,0.1540028303861618,0.06707852333784103,-0.16785340011119843,0.49363335967063904,-0.14777405560016632,-0.4227522909641266,-0.4286107122898102,0.5210028886795044,0.1514507532119751,0.06555072218179703,-0.19419173896312714,0.5484738349914551,-0.15198898315429688,-0.46068650484085083,-0.409646600484848,0.5547884702682495,0.14990901947021484,0.024612898007035255,-0.1730537712574005,0.5176233053207397,-0.15502649545669556,-0.40203413367271423,-0.38521507382392883,0.5192893743515015,0.10499385744333267,-0.013475274667143822,-0.0011071065673604608,0.1434086412191391,-0.10391140729188919,0.0022434701677411795,0.0036869447212666273,0.20215249061584473,0.13073815405368805,-0.11396678537130356,0.012828238308429718,0.09244825690984726,-0.10369858145713806,2.435362694086507e-05,-0.06306062638759613,0.1471961885690689,0.16523900628089905,0.11150924116373062,0.2951339781284332,0.014444426633417606,-0.06439004093408585,0.33280253410339355,0.20942752063274384,0.04758767783641815,0.1677214652299881,0.12045057862997055,0.31864288449287415,0.010498840361833572,-0.04936470091342926,0.3388950824737549,0.24188773334026337,0.027666930109262466,0.21688883006572723,0.06420796364545822,0.09063931554555893,0.018192080780863762,-0.04775778576731682,0.35941004753112793,0.031322576105594635,0.044282663613557816,7,0.233,0.43166086077690125,0.629935622215271,7.334880081089068e-08,,0.44960638880729675,0.5886133313179016,-0.004662440158426762,,0.45807063579559326,0.5406480431556702,-0.007852350361645222,,0.45868805050849915,0.5022927522659302,-0.01291029341518879,,0.4458029568195343,0.49134737253189087,-0.01835954375565052,,0.43789201974868774,0.4915717840194702,-0.0006452546804212034,,0.43970394134521484,0.43972471356391907,-0.008440688252449036,,0.440611869096756,0.4071521461009979,-0.013641712255775928,,0.44028934836387634,0.3773844838142395,-0.017097223550081253,,0.42481380701065063,0.5002084374427795,-0.003772518364712596,,0.4332607388496399,0.47333019971847534,-0.018868044018745422,,0.44184738397598267,0.5092832446098328,-0.02300020307302475,,0.444470077753067,0.536214292049408,-0.02162187732756138,,0.4122326076030731,0.5147125124931335,-0.007760990876704454,,0.4221840500831604,0.49242573976516724,-0.023257208988070488,,0.43149128556251526,0.5266348719596863,-0.020847752690315247,,0.43433713912963867,0.5531442165374756,-0.014190024696290493,,0.3990694582462311,0.5344365835189819,-0.012136725708842278,,0.4077741205692291,0.5076791048049927,-0.022041447460651398,,0.41819247603416443,0.5274819135665894,-0.018354568630456924,,0.4222301244735718,0.5489941239356995,-0.012273875065147877,
-0.06954167783260345,-0.601996898651123,-0.2694591283798218,0.9994106888771057,-0.060595154762268066,-0.6436058282852173,-0.2671686112880707,0.9990835785865784,-0.061228372156620026,-0.6432249546051025,-0.26945960521698,0.9991162419319153,-0.06058453023433685,-0.643243134021759,-0.2672954499721527,0.9990466833114624,-0.09286931157112122,-0.6415494680404663,-0.26286616921424866,0.999059796333313,-0.09094749391078949,-0.6422976851463318,-0.2629565894603729,0.999050498008728,-0.09151580184698105,-0.6413532495498657,-0.2587142586708069,0.9989365339279175,0.02860306203365326,-0.639106810092926,-0.1928625851869583,0.9992792010307312,-0.10702697187662125,-0.6269302368164062,-0.15121665596961975,0.9988770484924316,-0.03647410869598389,-0.5765764117240906,-0.2505010962486267,0.9997238516807556,-0.0759582445025444,-0.5709910988807678,-0.23749975860118866,0.9997140169143677,0.15075801312923431,-0.440314918756485,-0.11450519412755966,0.9987996220588684,-0.15828974545001984,-0.4311056137084961,-0.06856128573417664,0.9991283416748047,0.15387670695781708,-0.176260307431221,-0.07770270109176636,0.8444443345069885,-0.21101105213165283,-0.25840330123901367,-0.16259826719760895,0.7589414119720459,0.1607344150543213,0.015747860074043274,-0.1504853367805481,0.5778188705444336,-0.16683487594127655,-0.3923381268978119,-0.36885690689086914,0.5944151282310486,0.15423031151294708,0.06872884929180145,-0.1573253571987152,0.5195831060409546,-0.14961713552474976,-0.4283798336982727,-0.4100472331047058,0.5614699125289917,0.15146911144256592,0.06688182801008224,-0.1851164698600769,0.5712994337081909,-0.15373051166534424,-0.46829360723495483,-0.39570292830467224,0.5917538404464722,0.14992570877075195,0.02560662478208542,-0.16366086900234222,0.5405496954917908,-0.1560862511396408,-0.4088968336582184,-0.3694908916950226,0.5550788044929504,0.10500586032867432,-0.013800826855003834,-0.0011741836788132787,0.14596937596797943,-0.10392267256975174,0.0025342183653265238,0.003764588851481676,0.2044106423854828,0.13232603669166565,-0.1023082584142685,0.01155804842710495,0.09683901816606522,-0.10111644864082336,0.01017196848988533,-0.0553007572889328,0.15071330964565277,0.16684632003307343,0.12399881333112717,0.2926206886768341,0.015007899142801762,-0.061539728194475174,0.34461843967437744,0.21303723752498627,0.04719815403223038,0.16949217021465302,0.13392862677574158,0.3162294924259186,0.010646428912878036,-0.04741709679365158,0.35265839099884033,0.2444530576467514,0.026898447424173355,0.218984454870224,0.08592212945222855,0.09350606799125671,0.01920241117477417,-0.05045454949140549,0.37477177381515503,0.03795970231294632,0.04477287828922272,8,0.266,0.4343806207180023,0.603103518486023,5.406002046015601e-08,,0.45144620537757874,0.5657920837402344,-0.006299291271716356,,0.45949670672416687,0.5213024020195007,-0.010686356574296951,,0.4587337374687195,0.48585832118988037,-0.016509700566530228,,0.44473591446876526,0.47602397203445435,-0.022383535280823708,,0.44086819887161255,0.47320881485939026,-0.004720641300082207,,0.4418562054634094,0.4184696674346924,-0.01384743396192789,,0.4427884817123413,0.38662219047546387,-0.01893896982073784,,0.4430111050605774,0.35683321952819824,-0.022014159709215164,,0.42709168791770935,0.48222967982292175,-0.007530358154326677,,0.4326929748058319,0.45326563715934753,-0.0243177842348814,,0.44135671854019165,0.4912724792957306,-0.027605852112174034,,0.44575515389442444,0.5209766030311584,-0.025238679721951485,,0.4141109585762024,0.4966604709625244,-0.011277553625404835,,0.42310258746147156,0.47714582085609436,-0.027625789865851402,,0.4327935576438904,0.5126599669456482,-0.024202466011047363,,0.4368216395378113,0.5399741530418396,-0.016663184389472008,,0.40076738595962524,0.5155903697013855,-0.01564912497997284,,0.4101353883743286,0.4940347969532013,-0.025168389081954956,,0.4205777049064636,0.5150439739227295,-0.02108122408390045,,0.4250626564025879,0.5356425046920776,-0.014888588339090347,
-0.07220213860273361,-0.6013590693473816,-0.26465460658073425,0.9994497895240784,-0.06302543729543686,-0.6431915163993835,-0.2626307010650635,0.9991409778594971,-0.0636705681681633,-0.6428104639053345,-0.26492324471473694,0.9991644024848938,-0.06303918361663818,-0.6428295969963074,-0.26274725794792175,0.9991028904914856,-0.0953768938779831,-0.6411657333374023,-0.2578892707824707,0.9991186857223511,-0.0934700071811676,-0.6419150233268738,-0.25796523690223694,0.9991072416305542,-0.09403818100690842,-0.6409667134284973,-0.2537368834018707,0.9990046620368958,0.02790100686252117,-0.6390997171401978,-0.1887955367565155,0.999326765537262,-0.10776326060295105,-0.6272964477539062,-0.14561308920383453,0.9989432692527771,-0.038260381668806076,-0.5763115286827087,-0.2456677109003067,0.9997389912605286,-0.07773717492818832,-0.5708264112472534,-0.23223458230495453,0.9997273087501526,0.15076768398284912,-0.4402887225151062,-0.1107340008020401,0.9988349676132202,-0.15820282697677612,-0.4337644875049591,-0.06060713902115822,0.9991578459739685,0.1506032943725586,-0.17603696882724762,-0.07488348335027695,0.849884569644928,-0.21396254003047943,-0.2632836699485779,-0.15316593647003174,0.7744367122650146,0.15667124092578888,0.016503216698765755,-0.14825105667114258,0.6041633486747742,-0.16824257373809814,-0.3962915539741516,-0.3592647910118103,0.6312373280525208,0.14853443205356598,0.06906052678823471,-0.15519215166568756,0.544962465763092,-0.1530921757221222,-0.4313139021396637,-0.4000172019004822,0.5986868739128113,0.14732961356639862,0.06718938052654266,-0.18369626998901367,0.5937352180480957,-0.15602095425128937,-0.47145912051200867,-0.3891761898994446,0.6258466243743896,0.14589481055736542,0.026097716763615608,-0.16161683201789856,0.5630431771278381,-0.157451331615448,-0.4127900004386902,-0.3610426187515259,0.5885246992111206,0.10508397221565247,-0.01387536246329546,-0.0013757568085566163,0.1467258483171463,-0.10396389663219452,0.002622035564854741,0.003984818235039711,0.2050202488899231,0.13276307284832,-0.09788413345813751,0.004428844898939133,0.10372371971607208,-0.09979894012212753,0.015987759456038475,-0.055123221129179,0.15704281628131866,0.16555313766002655,0.13153958320617676,0.2869909405708313,0.01604405976831913,-0.060094043612480164,0.35043489933013916,0.2126810997724533,0.0479188971221447,0.1680954247713089,0.14201657474040985,0.310468852519989,0.011007222346961498,-0.046346355229616165,0.3590414822101593,0.2440175563097,0.026551777496933937,0.2174650877714157,0.0958317294716835,0.08724994212388992,0.0206808689981699,-0.05102882906794548,0.3809092342853546,0.03831154480576515,0.046103715896606445,9,0.3,0.43434494733810425,0.5968218445777893,3.203430409826069e-08,,0.4504830241203308,0.5616154074668884,-0.006717965938150883,,0.4586035907268524,0.5175533294677734,-0.011449968442320824,,0.4566231966018677,0.4835221767425537,-0.0174600500613451,,0.44156718254089355,0.47005337476730347,-0.023603282868862152,,0.43894389271736145,0.467731237411499,-0.005852954927831888,,0.4394914507865906,0.4123167097568512,-0.0159795843064785,,0.4405319392681122,0.37900257110595703,-0.021828370168805122,,0.4402327537536621,0.3488083481788635,-0.02533133514225483,,0.4251177906990051,0.47656887769699097,-0.008695562370121479,,0.43146300315856934,0.44985634088516235,-0.025749530643224716,,0.4405020773410797,0.48884567618370056,-0.029315028339624405,,0.44418713450431824,0.5175166726112366,-0.02734563499689102,,0.4120957851409912,0.4916418492794037,-0.012517549097537994,,0.42106619477272034,0.47250527143478394,-0.029231922701001167,,0.4308547377586365,0.5093188285827637,-0.025380346924066544,,0.4343494176864624,0.5351318120956421,-0.01772455684840679,,0.3990473747253418,0.5121827125549316,-0.016931258141994476,,0.4066295325756073,0.48879969120025635,-0.026780465617775917,,0.4172968566417694,0.5096004605293274,-0.02194221131503582,,0.4219643771648407,0.5293019413948059,-0.01520764920860529,
-0.07210053503513336,-0.600976288318634,-0.26764383912086487,0.9994803667068481,-0.06255429983139038,-0.6428636312484741,-0.26509222388267517,0.9991834163665771,-0.06318433582782745,-0.6424877047538757,-0.26735371351242065,0.9991963505744934,-0.0625525414943695,-0.6425086259841919,-0.26519590616226196,0.9991415739059448,-0.09490708261728287,-0.6409012675285339,-0.2609321177005768,0.9991645216941833,-0.09299683570861816,-0.6416581869125366,-0.2610153555870056,0.9991515874862671,-0.09357104450464249,-0.6407099366188049,-0.2568119764328003,0.9990601539611816,0.028159623965620995,-0.6393041610717773,-0.1882598102092743,0.999358594417572,-0.10834714025259018,-0.6279094815254211,-0.148739293217659,0.9989948868751526,-0.03819867596030235,-0.5762296915054321,-0.2476423680782318,0.9997470378875732,-0.07764153182506561,-0.570807933807373,-0.23515760898590088,0.9997345805168152,0.15058375895023346,-0.44169557094573975,-0.10624653100967407,0.9988371729850769,-0.1588848978281021,-0.4375770390033722,-0.06454460322856903,0.9991723895072937,0.15173912048339844,-0.17587250471115112,-0.07193920761346817,0.8544117212295532,-0.21622434258460999,-0.26610681414604187,-0.1514212191104889,0.7892447710037231,0.1572970747947693,0.017457162961363792,-0.1513713300228119,0.6262878775596619,-0.17215295135974884,-0.3937506377696991,-0.359770268201828,0.6640443205833435,0.14926506578922272,0.06934517621994019,-0.15998421609401703,0.5658095479011536,-0.15538360178470612,-0.42957931756973267,-0.40273815393447876,0.6316254138946533,0.14879317581653595,0.06771694123744965,-0.18969479203224182,0.6121625304222107,-0.1624230444431305,-0.4692821204662323,-0.38765278458595276,0.6559764742851257,0.14679192006587982,0.02671775594353676,-0.1656925231218338,0.5815694332122803,-0.16277560591697693,-0.41010811924934387,-0.36022114753723145,0.6178213357925415,0.10509618371725082,-0.014116513542830944,-0.0010548176942393184,0.14982198178768158,-0.10398150235414505,0.002899371087551117,0.003638695925474167,0.20894350111484528,0.13754233717918396,-0.09731142222881317,0.0008483716519549489,0.11051715910434723,-0.09513626992702484,0.043132588267326355,-0.05618220567703247,0.1649113893508911,0.17142952978610992,0.13992218673229218,0.2762354612350464,0.017132312059402466,-0.0553622841835022,0.36417949199676514,0.20427511632442474,0.049194660037755966,0.17429517209529877,0.15098784863948822,0.2989446818828583,0.01152718160301447,-0.041782088577747345,0.3728557527065277,0.23261678218841553,0.026592057198286057,0.22957493364810944,0.10665477067232132,0.08260355144739151,0.022308144718408585,-0.043126147240400314,0.3996701240539551,0.03192425146698952,0.04804718494415283,10,0.333,0.4291785657405853,0.5983209013938904,1.1989275350288153e-08,,0.4453868567943573,0.5671161413192749,-0.005794928874820471,,0.45385366678237915,0.5217390060424805,-0.010606587864458561,,0.45207223296165466,0.4898795187473297,-0.01664593815803528,,0.4375380575656891,0.4813804626464844,-0.02312171459197998,,0.433967262506485,0.4643235504627228,-0.009133212268352509,,0.43489643931388855,0.40905117988586426,-0.01944129541516304,,0.4356967806816101,0.3743027448654175,-0.02576996386051178,,0.4347321093082428,0.3436239957809448,-0.029880736023187637,,0.41726404428482056,0.47454172372817993,-0.01243873592466116,,0.4294101595878601,0.45870184898376465,-0.02921302616596222,,0.43731987476348877,0.4996291697025299,-0.032489798963069916,,0.43843257427215576,0.5272789597511292,-0.030916236340999603,,0.4031662940979004,0.4931217432022095,-0.016295555979013443,,0.41751107573509216,0.48459920287132263,-0.03253607451915741,,0.42573434114456177,0.5208677649497986,-0.028738727793097496,,0.4267957806587219,0.5435901284217834,-0.021857190877199173,,0.3905869424343109,0.5169999599456787,-0.02058788575232029,,0.40186166763305664,0.4999552071094513,-0.030231695622205734,,0.4118441045284271,0.5219249129295349,-0.02517223358154297,,0.41499999165534973,0.5396174788475037,-0.018587840721011162,
-0.07093244791030884,-0.6009204983711243,-0.2696295976638794,0.9995123744010925,-0.061505526304244995,-0.6427532434463501,-0.26690664887428284,0.9992292523384094,-0.06214582175016403,-0.6423781514167786,-0.2691589295864105,0.9992344379425049,-0.06151099130511284,-0.642396867275238,-0.2670104205608368,0.9991851449012756,-0.09375657886266708,-0.6408469080924988,-0.2630082070827484,0.9992138147354126,-0.09184636175632477,-0.6416040658950806,-0.26309406757354736,0.999200165271759,-0.09241542965173721,-0.6406540870666504,-0.2588989734649658,0.9991179704666138,0.028388723731040955,-0.6391661167144775,-0.18961745500564575,0.9993957281112671,-0.10825888067483902,-0.6280728578567505,-0.15089423954486847,0.9990516901016235,-0.037804193794727325,-0.5761867165565491,-0.2493646889925003,0.9997580647468567,-0.0772174671292305,-0.5708194375038147,-0.23725515604019165,0.99974524974823,0.149893119931221,-0.4414626359939575,-0.10786190629005432,0.99884432554245,-0.1590249389410019,-0.438579261302948,-0.06715584546327591,0.9991846084594727,0.1514417827129364,-0.1753968596458435,-0.06889984756708145,0.8563067317008972,-0.21699340641498566,-0.2656315267086029,-0.15376947820186615,0.8006853461265564,0.15786223113536835,0.018089983612298965,-0.145493283867836,0.6432798504829407,-0.17622053623199463,-0.39368051290512085,-0.3718012869358063,0.6929447054862976,0.15015293657779694,0.07018357515335083,-0.15330888330936432,0.5818407535552979,-0.15960030257701874,-0.4308815896511078,-0.4159875810146332,0.6605328321456909,0.15084531903266907,0.06849069893360138,-0.18319742381572723,0.6262356042861938,-0.16871106624603271,-0.46948930621147156,-0.39730146527290344,0.6823626756668091,0.14788243174552917,0.027034128084778786,-0.15998698770999908,0.5955159664154053,-0.16758261620998383,-0.4097294211387634,-0.3711673319339752,0.6430620551109314,0.10510824620723724,-0.014372015371918678,-0.0010007413802668452,0.15031690895557404,-0.1039937287569046,0.0031348669435828924,0.0035834794398397207,0.21008208394050598,0.1395009160041809,-0.09297280013561249,0.0008092677453532815,0.11556863784790039,-0.09410856664180756,0.04488278925418854,-0.05493577942252159,0.16963012516498566,0.1750938892364502,0.1400294452905655,0.27791842818260193,0.01777089387178421,-0.05370105803012848,0.36468392610549927,0.2065989226102829,0.049814414232969284,0.17794783413410187,0.15088725090026855,0.3013792634010315,0.011822901666164398,-0.04015950486063957,0.37383154034614563,0.235037162899971,0.026477070525288582,0.2318105846643448,0.10870469361543655,0.0866139754652977,0.02338687889277935,-0.04288824275135994,0.400958389043808,0.03372656926512718,0.04927694797515869,11,0.367,0.4192640483379364,0.6120930910110474,-4.463313718616746e-09,,0.43657997250556946,0.5827804803848267,-0.006581188645213842,,0.447201132774353,0.5360856652259827,-0.011862054467201233,,0.4433169662952423,0.5073568224906921,-0.018089203163981438,,0.4274328947067261,0.5032311677932739,-0.024655360728502274,,0.42594602704048157,0.4739205241203308,-0.010286925360560417,,0.427158385515213,0.41725295782089233,-0.021563459187746048,,0.42812517285346985,0.3815779685974121,-0.028759807348251343,,0.4271232783794403,0.3501856327056885,-0.03384268283843994,,0.4075460731983185,0.48298266530036926,-0.013583067804574966,,0.4207793176174164,0.4815189242362976,-0.029945848509669304,,0.4264334440231323,0.5245382785797119,-0.033055730164051056,,0.424556702375412,0.5430505871772766,-0.03214535862207413,,0.3929978609085083,0.5025941729545593,-0.01758085936307907,,0.40752169489860535,0.5068762302398682,-0.03298192471265793,,0.41452693939208984,0.542131245136261,-0.02832428552210331,,0.4134615957736969,0.5535303354263306,-0.021985962986946106,,0.3803448975086212,0.5268886089324951,-0.02226756326854229,,0.39300036430358887,0.5246381163597107,-0.0307670496404171,,0.4018220901489258,0.5485836267471313,-0.02467026375234127,,0.40257686376571655,0.5574718117713928,-0.017916647717356682,
-0.07082594931125641,-0.5993528366088867,-0.27032575011253357,0.9995409250259399,-0.06134168431162834,-0.6410181522369385,-0.2672507166862488,0.9992691874504089,-0.061967361718416214,-0.6406403183937073,-0.26948490738868713,0.999267041683197,-0.061335086822509766,-0.640651524066925,-0.26736289262771606,0.9992237091064453,-0.0936032310128212,-0.6395230293273926,-0.26338133215904236,0.9992577433586121,-0.09168814867734909,-0.6402814388275146,-0.2634677290916443,0.9992431998252869,-0.09226235002279282,-0.6393247246742249,-0.2592789828777313,0.9991699457168579,0.028577882796525955,-0.6384115815162659,-0.1902599334716797,0.9994269013404846,-0.10811340808868408,-0.6280654072761536,-0.1512071192264557,0.9991002082824707,-0.037713807076215744,-0.5749081373214722,-0.25014105439186096,0.9997663497924805,-0.07714536041021347,-0.57005375623703,-0.23798584938049316,0.9997527003288269,0.14979079365730286,-0.4413089454174042,-0.11014357954263687,0.9988320469856262,-0.1590537428855896,-0.4392847418785095,-0.06886935234069824,0.9991886615753174,0.15178456902503967,-0.17490075528621674,-0.07227616757154465,0.8592645525932312,-0.21689006686210632,-0.26451781392097473,-0.15462058782577515,0.8098141551017761,0.16207805275917053,0.01860020123422146,-0.14685451984405518,0.6605997085571289,-0.18415698409080505,-0.38450533151626587,-0.37838029861450195,0.7187397480010986,0.15507720410823822,0.07070699334144592,-0.15696404874324799,0.598796010017395,-0.17173828184604645,-0.41896915435791016,-0.4231140613555908,0.6864357590675354,0.15536877512931824,0.06907252222299576,-0.18713077902793884,0.641287088394165,-0.1808689683675766,-0.4561152458190918,-0.40467652678489685,0.7060854434967041,0.1521672159433365,0.027288200333714485,-0.16161368787288666,0.6106576323509216,-0.17622677981853485,-0.3992420732975006,-0.37823155522346497,0.6661030054092407,0.10513007640838623,-0.01448775827884674,-0.0009487500647082925,0.1478240191936493,-0.10400847345590591,0.003252446884289384,0.003536701202392578,0.20744538307189941,0.13827624917030334,-0.0901051014661789,0.0002784329408314079,0.1196560189127922,-0.09441331028938293,0.04328396916389465,-0.055623311549425125,0.17183369398117065,0.17248381674289703,0.1413726657629013,0.27752384543418884,0.018339715898036957,-0.05530525743961334,0.36454498767852783,0.2064998894929886,0.04978805035352707,0.1750423163175583,0.15210208296775818,0.3010312616825104,0.012059713713824749,-0.0421670600771904,0.3732691705226898,0.2350355088710785,0.02611962892115116,0.2271347939968109,0.10945327579975128,0.08266574144363403,0.024264704436063766,-0.04500909522175789,0.39972975850105286,0.03435902297496796,0.049627453088760376,12,0.4,0.4153853952884674,0.6254839897155762,3.254101343941329e-08,,0.4313039183616638,0.5982054471969604,-0.008050842210650444,,0.43924036622047424,0.5579012632369995,-0.014786346815526485,,0.435033917427063,0.5290569067001343,-0.022309789434075356,,0.4191005229949951,0.5264325141906738,-0.030271906405687332,,0.41885247826576233,0.49117332696914673,-0.012088021263480186,,0.4195542633533478,0.4355524778366089,-0.023966003209352493,,0.4194594621658325,0.39738035202026367,-0.03183342143893242,,0.4185503125190735,0.36480432748794556,-0.036972273141145706,,0.399672269821167,0.49960118532180786,-0.014246356673538685,,0.4109693467617035,0.4985893666744232,-0.03207044303417206,,0.41811293363571167,0.5408779382705688,-0.035969093441963196,,0.4202996790409088,0.5668954253196716,-0.03477081283926964,,0.3845476508140564,0.5192649364471436,-0.01703808642923832,,0.3972935080528259,0.5250704884529114,-0.033034466207027435,,0.4056834280490875,0.5591232776641846,-0.02912585437297821,,0.4085753560066223,0.5783417224884033,-0.022471003234386444,,0.37211060523986816,0.5449981689453125,-0.020603954792022705,,0.3819187581539154,0.5415694117546082,-0.029894789680838585,,0.3917386829853058,0.5631898641586304,-0.02473852038383484,,0.39577716588974,0.5768854022026062,-0.01794654130935669,
-0.06982092559337616,-0.5968919396400452,-0.2835542857646942,0.9995627999305725,-0.05979275330901146,-0.6380425691604614,-0.280284583568573,0.999293327331543,-0.06043362617492676,-0.6376583576202393,-0.28250113129615784,0.9992830157279968,-0.05980082228779793,-0.6376549601554871,-0.28035080432891846,0.9992454051971436,-0.09249157458543777,-0.6371591687202454,-0.27689433097839355,0.9992899298667908,-0.09058409184217453,-0.6379226446151733,-0.27695879340171814,0.9992762804031372,-0.09114743024110794,-0.6369612812995911,-0.272782564163208,0.9992114901542664,0.029020732268691063,-0.6353590488433838,-0.1987907439470291,0.9994444251060486,-0.10800773650407791,-0.6272632479667664,-0.1629737913608551,0.9991344213485718,-0.03741667419672012,-0.572353720664978,-0.2615574896335602,0.9997704029083252,-0.07701139152050018,-0.5682854056358337,-0.2503734827041626,0.9997572302818298,0.14958550035953522,-0.43990084528923035,-0.11262374371290207,0.9988222122192383,-0.15945696830749512,-0.43950122594833374,-0.07217181473970413,0.9992057681083679,0.15206770598888397,-0.17334023118019104,-0.07445402443408966,0.8632388114929199,-0.22121629118919373,-0.2631208896636963,-0.1561267226934433,0.8189116716384888,0.16659000515937805,0.021601606160402298,-0.14808934926986694,0.6755146980285645,-0.20004665851593018,-0.37402182817459106,-0.38380542397499084,0.7416581511497498,0.15993520617485046,0.07353413850069046,-0.15909495949745178,0.613006591796875,-0.19144323468208313,-0.4054640233516693,-0.4282683730125427,0.7094506025314331,0.1597471535205841,0.07091153413057327,-0.18903116881847382,0.6543216109275818,-0.19868803024291992,-0.4412926733493805,-0.41250845789909363,0.7273241877555847,0.15634329617023468,0.029988830909132957,-0.16410744190216064,0.6234586834907532,-0.19201265275478363,-0.38775545358657837,-0.384757936000824,0.6866745352745056,0.10514219850301743,-0.014520376920700073,-0.0007198515813797712,0.14534731209278107,-0.10402005165815353,0.0033197784796357155,0.0033052389044314623,0.2053033411502838,0.13703450560569763,-0.0872388556599617,-0.004158754367381334,0.12554781138896942,-0.09462403506040573,0.043743859976530075,-0.058005448430776596,0.17633147537708282,0.17062556743621826,0.14949631690979004,0.27280187606811523,0.019270867109298706,-0.056395888328552246,0.36564552783966064,0.20426715910434723,0.05085476487874985,0.1730443835258484,0.160499706864357,0.2962753176689148,0.012493920512497425,-0.043534230440855026,0.3742183446884155,0.23318049311637878,0.026171773672103882,0.22436435520648956,0.11734939366579056,0.07515379786491394,0.02549794688820839,-0.04580816254019737,0.40038609504699707,0.03297460079193115,0.05077621340751648,13,0.433,0.4132923185825348,0.6351773142814636,5.199822439294621e-08,,0.42835018038749695,0.6087896823883057,-0.010283906012773514,,0.4367743134498596,0.568324089050293,-0.018635373562574387,,0.4322771728038788,0.5380223989486694,-0.027262438088655472,,0.41617536544799805,0.5353381037712097,-0.036125071346759796,,0.4149797856807709,0.49749115109443665,-0.013784524984657764,,0.4167342483997345,0.44236570596694946,-0.02648266591131687,,0.41644129157066345,0.40386858582496643,-0.03480292484164238,,0.4153495132923126,0.37200653553009033,-0.0400300994515419,,0.39494702219963074,0.5056999921798706,-0.015311836265027523,,0.4075205326080322,0.5024832487106323,-0.034277454018592834,,0.4165603816509247,0.5477105975151062,-0.03841381147503853,,0.41933968663215637,0.57450932264328,-0.03674330189824104,,0.37959742546081543,0.5253408551216125,-0.01765606738626957,,0.3949677348136902,0.5303052663803101,-0.035061657428741455,,0.40584269165992737,0.5677003860473633,-0.030958028510212898,,0.409893661737442,0.5889546871185303,-0.023448986932635307,,0.3670418858528137,0.5520809888839722,-0.02093607373535633,,0.37843868136405945,0.550296425819397,-0.03161333501338959,,0.39099064469337463,0.5729610919952393,-0.02657134272158146,,0.39696982502937317,0.586534857749939,-0.01922471448779106,
-0.06980614364147186,-0.5931431651115417,-0.2851702570915222,0.9995746612548828,-0.05954182893037796,-0.6340078711509705,-0.2828371822834015,0.999299943447113,-0.060180071741342545,-0.6336250901222229,-0.2850554585456848,0.9992804527282715,-0.059547219425439835,-0.6336315870285034,-0.28287288546562195,0.9992488622665405,-0.09226813167333603,-0.6335968375205994,-0.27867040038108826,0.9993038177490234,-0.09036024659872055,-0.6343784332275391,-0.2787362039089203,0.9992905855178833,-0.09092554450035095,-0.6334214210510254,-0.27456286549568176,0.9992347359657288,0.029131365939974785,-0.6327947378158569,-0.20370085537433624,0.9994497895240784,-0.10751999169588089,-0.626481831073761,-0.16464832425117493,0.9991447925567627,-0.03749019652605057,-0.569237232208252,-0.2637298107147217,0.999768078327179,-0.07703868299722672,-0.5658419728279114,-0.2517745792865753,0.999754011631012,0.1496085226535797,-0.43865931034088135,-0.11790014058351517,0.9987887144088745,-0.1588064432144165,-0.4402916431427002,-0.07249217480421066,0.9992113709449768,0.15094998478889465,-0.17093020677566528,-0.07506024092435837,0.8675063848495483,-0.22137747704982758,-0.261992871761322,-0.15326692163944244,0.8253182768821716,0.165433868765831,0.023009909316897392,-0.1508117914199829,0.6916006803512573,-0.2054770439863205,-0.3678896129131317,-0.3787045180797577,0.7625924348831177,0.15886878967285156,0.07480534166097641,-0.1616518795490265,0.6288089156150818,-0.19881251454353333,-0.3974592983722687,-0.4226657450199127,0.7307353019714355,0.15948407351970673,0.07130436599254608,-0.192121684551239,0.6684474945068359,-0.2039463073015213,-0.4332886338233948,-0.407865971326828,0.7468991279602051,0.15544356405735016,0.031031012535095215,-0.16667437553405762,0.6375982165336609,-0.19708113372325897,-0.3812408149242401,-0.3799877464771271,0.7059875130653381,0.10513719916343689,-0.014454628340899944,-0.001418556785210967,0.1427166908979416,-0.10401707142591476,0.003282309742644429,0.0040008146315813065,0.20241819322109222,0.1358894407749176,-0.08257731795310974,-0.013055731542408466,0.13339188694953918,-0.0963590070605278,0.04361654072999954,-0.05930408462882042,0.18147601187229156,0.16719293594360352,0.15811023116111755,0.254097580909729,0.020547032356262207,-0.056905072182416916,0.3661496043205261,0.1982233226299286,0.051933515816926956,0.16894017159938812,0.16941991448402405,0.276082307100296,0.012935703620314598,-0.04438045620918274,0.37482750415802,0.22662118077278137,0.026325136423110962,0.21646982431411743,0.12712858617305756,0.05396006628870964,0.027080750092864037,-0.046553436666727066,0.4008656144142151,0.028460491448640823,0.052156683057546616,14,0.467,0.41307803988456726,0.633565366268158,7.726833217702733e-08,,0.42759791016578674,0.6077039837837219,-0.010423951782286167,,0.4360630512237549,0.5674017071723938,-0.01901649683713913,,0.4320715367794037,0.5363801121711731,-0.02791416458785534,,0.4158393144607544,0.5351696610450745,-0.037124719470739365,,0.4137735664844513,0.4971262514591217,-0.013248217292129993,,0.4157308042049408,0.4445481300354004,-0.025550369173288345,,0.4156223237514496,0.40696245431900024,-0.03355015069246292,,0.41425302624702454,0.37627625465393066,-0.03869035094976425,,0.3943716585636139,0.5062189698219299,-0.014847220852971077,,0.4055153429508209,0.5009971261024475,-0.03360127657651901,,0.41555318236351013,0.5458219647407532,-0.037769608199596405,,0.4182340204715729,0.571909487247467,-0.03612278029322624,,0.37941065430641174,0.5265158414840698,-0.017287880182266235,,0.39361292123794556,0.5314199328422546,-0.03494132310152054,,0.40525999665260315,0.5685073733329773,-0.03110893815755844,,0.40911662578582764,0.58963543176651,-0.023703234270215034,,0.3671468198299408,0.5541374087333679,-0.02064557932317257,,0.3775656819343567,0.5509205460548401,-0.03187628835439682,,0.3907570540904999,0.5729409456253052,-0.02715425193309784,,0.39666369557380676,0.5870205760002136,-0.02005636878311634,
-0.06967770308256149,-0.5928655862808228,-0.2864529490470886,0.9995864629745483,-0.05934295430779457,-0.6335859894752502,-0.28411874175071716,0.9993093609809875,-0.05997796729207039,-0.6332076787948608,-0.28632405400276184,0.9992803931236267,-0.0593455471098423,-0.6332143545150757,-0.2841395437717438,0.9992526769638062,-0.09209000319242477,-0.6332154870033264,-0.2801112234592438,0.9993225336074829,-0.09018096327781677,-0.6340011358261108,-0.2801927924156189,0.9993100166320801,-0.09074769914150238,-0.6330445408821106,-0.27602171897888184,0.9992619752883911,0.029169335961341858,-0.6322888135910034,-0.2044329047203064,0.9994553923606873,-0.1075565293431282,-0.6262527704238892,-0.16644586622714996,0.9991670250892639,-0.03750471770763397,-0.5688737630844116,-0.2648325264453888,0.9997664093971252,-0.077088862657547,-0.5655444264411926,-0.25317609310150146,0.9997543692588806,0.1488925814628601,-0.4385088086128235,-0.11848745495080948,0.998736560344696,-0.15935349464416504,-0.44038769602775574,-0.0729789137840271,0.9992139339447021,0.14935655891895294,-0.17085756361484528,-0.07626716792583466,0.8693990111351013,-0.2228548526763916,-0.2611589729785919,-0.15339680016040802,0.8320126533508301,0.16331085562705994,0.022801809012889862,-0.1526494026184082,0.7036593556404114,-0.20681266486644745,-0.36657440662384033,-0.38026198744773865,0.781193196773529,0.15659284591674805,0.07423844933509827,-0.16288432478904724,0.6405290961265564,-0.19980914890766144,-0.3976019024848938,-0.42524051666259766,0.7494702935218811,0.1576799750328064,0.06987879425287247,-0.19402086734771729,0.6787931323051453,-0.20479093492031097,-0.4343964755535126,-0.40978604555130005,0.7640443444252014,0.15344876050949097,0.03064713627099991,-0.1684618890285492,0.6477333307266235,-0.19836640357971191,-0.3805736303329468,-0.3812845051288605,0.7224937081336975,0.105117566883564,-0.01454754825681448,-0.0013550975127145648,0.14083869755268097,-0.10401874035596848,0.003387868870049715,0.0039285290986299515,0.20073166489601135,0.13518092036247253,-0.07896501570940018,-0.012658214196562767,0.1384517103433609,-0.09622601419687271,0.05140722915530205,-0.059560153633356094,0.18528980016708374,0.1663716435432434,0.16035345196723938,0.25607627630233765,0.02121594175696373,-0.05754582956433296,0.36733096837997437,0.1955692172050476,0.052501268684864044,0.16813871264457703,0.1717415601015091,0.27833643555641174,0.013232685625553131,-0.0450778491795063,0.37596848607063293,0.22320866584777832,0.026256762444972992,0.2160797268152237,0.13268549740314484,0.059817858040332794,0.02804374136030674,-0.04746989533305168,0.4050487279891968,0.026774616912007332,0.053036317229270935,15,0.5,0.4141130745410919,0.6325265169143677,8.75937402611271e-08,,0.42858558893203735,0.6060980558395386,-0.01066424511373043,,0.4367968440055847,0.5646543502807617,-0.019568786025047302,,0.4329020380973816,0.5321835279464722,-0.028763337060809135,,0.4160937964916229,0.5314024090766907,-0.038349829614162445,,0.414592981338501,0.4967542588710785,-0.01389897707849741,,0.41707414388656616,0.44313955307006836,-0.026283007115125656,,0.4168558120727539,0.4045577049255371,-0.034429535269737244,,0.4151424765586853,0.37348681688308716,-0.039773061871528625,,0.39513933658599854,0.5068749189376831,-0.015624567866325378,,0.4056455194950104,0.49873584508895874,-0.03489413484930992,,0.41570550203323364,0.5448179244995117,-0.03897162526845932,,0.4182684123516083,0.5712015628814697,-0.03709075599908829,,0.38003072142601013,0.5272419452667236,-0.018168440088629723,,0.39299559593200684,0.5279829502105713,-0.036291178315877914,,0.40512615442276,0.5654950737953186,-0.03211027756333351,,0.409296452999115,0.587327241897583,-0.02432362549006939,,0.3676441013813019,0.5550636649131775,-0.021638549864292145,,0.37645289301872253,0.546271562576294,-0.03359003737568855,,0.3905426859855652,0.5669588446617126,-0.028711684048175812,,0.3978213369846344,0.5816041231155396,-0.021351691335439682,
-0.06954735517501831,-0.5917875170707703,-0.29276955127716064,0.9995999932289124,-0.059201810508966446,-0.6324144005775452,-0.29066213965415955,0.9993235468864441,-0.05983571335673332,-0.6320391893386841,-0.2928473651409149,0.9992873072624207,-0.059201885014772415,-0.6320443153381348,-0.29068541526794434,0.999262809753418,-0.09197617322206497,-0.63202965259552,-0.286842942237854,0.9993435144424438,-0.09006456285715103,-0.6328199505805969,-0.2869540750980377,0.9993313550949097,-0.09063219279050827,-0.6318647861480713,-0.28278490900993347,0.9992896318435669,0.029269302263855934,-0.6313526034355164,-0.21011961996555328,0.9994640946388245,-0.10748717933893204,-0.6253421902656555,-0.17333294451236725,0.9991912245750427,-0.03745868429541588,-0.5678353905677795,-0.27077117562294006,0.999765157699585,-0.0770542323589325,-0.5644956827163696,-0.259479284286499,0.9997543692588806,0.14870058000087738,-0.43816784024238586,-0.12218466401100159,0.9986942410469055,-0.15939757227897644,-0.4403381943702698,-0.07700508087873459,0.9992108941078186,0.14933983981609344,-0.1701340675354004,-0.07880213111639023,0.8708663582801819,-0.22249414026737213,-0.260581910610199,-0.15904909372329712,0.8376232981681824,0.16338783502578735,0.025091787800192833,-0.15560190379619598,0.7139818668365479,-0.20649310946464539,-0.36601340770721436,-0.38485094904899597,0.7977771162986755,0.15702751278877258,0.07645871490240097,-0.16480115056037903,0.6507846117019653,-0.19957686960697174,-0.39804932475090027,-0.4298550486564636,0.7661883234977722,0.1578766405582428,0.07208919525146484,-0.19687196612358093,0.6878195405006409,-0.2046426385641098,-0.4344003200531006,-0.4139823317527771,0.779319703578949,0.1535656899213791,0.032953426241874695,-0.1717616766691208,0.6567896008491516,-0.19812171161174774,-0.38010549545288086,-0.3856280446052551,0.7372725605964661,0.1050986796617508,-0.014571457169950008,-0.0013122104573994875,0.14115063846111298,-0.10402224212884903,0.0034271017648279667,0.0038751517422497272,0.2009960412979126,0.13497449457645416,-0.06704781949520111,-0.010934616439044476,0.14290648698806763,-0.09630437940359116,0.05936203524470329,-0.05815519765019417,0.1882016509771347,0.16580548882484436,0.16951696574687958,0.2579866349697113,0.021850429475307465,-0.05797083303332329,0.36917436122894287,0.19569317996501923,0.0527394637465477,0.16740888357162476,0.18117424845695496,0.28033536672592163,0.013476739637553692,-0.04550395905971527,0.37794679403305054,0.22350440919399261,0.026110315695405006,0.21510979533195496,0.14742326736450195,0.06360413879156113,0.028996052220463753,-0.04816870391368866,0.41117000579833984,0.027064140886068344,0.05371022969484329,16,0.533,0.41594111919403076,0.6311506032943726,8.684910568490523e-08,,0.4295024275779724,0.6060774326324463,-0.010768315754830837,,0.4374528229236603,0.5641099214553833,-0.019584421068429947,,0.4340067505836487,0.5317104458808899,-0.028501266613602638,,0.41793516278266907,0.5291240215301514,-0.037690743803977966,,0.4160204231739044,0.49658912420272827,-0.014195251278579235,,0.4186002016067505,0.44397255778312683,-0.02685432694852352,,0.4189806878566742,0.4057190418243408,-0.03508413955569267,,0.4175683259963989,0.37454861402511597,-0.04055396467447281,,0.3967840075492859,0.5061892867088318,-0.015953129157423973,,0.4073478877544403,0.4961797595024109,-0.03539300709962845,,0.41813230514526367,0.5422056317329407,-0.039224885404109955,,0.4204871356487274,0.5684003233909607,-0.03728335723280907,,0.3817100524902344,0.5267643332481384,-0.018576456233859062,,0.39467865228652954,0.5259235501289368,-0.03709202632308006,,0.40750473737716675,0.5638909339904785,-0.03257537633180618,,0.41119584441185,0.5852077007293701,-0.024627337232232094,,0.36933016777038574,0.5552692413330078,-0.0220738984644413,,0.37845176458358765,0.547099232673645,-0.034260205924510956,,0.39288491010665894,0.5690300464630127,-0.029234865680336952,,0.3992396295070648,0.5830681920051575,-0.021899985149502754,
-0.06948033720254898,-0.5910129547119141,-0.2935701608657837,0.9996131658554077,-0.05905970185995102,-0.6316847205162048,-0.29148679971694946,0.9993392825126648,-0.05969112366437912,-0.6313052177429199,-0.2936854660511017,0.9992967247962952,-0.059058062732219696,-0.6313121318817139,-0.2915162742137909,0.9992759227752686,-0.09185462445020676,-0.6312497854232788,-0.28783220052719116,0.9993647933006287,-0.08994191139936447,-0.6320369243621826,-0.28794342279434204,0.9993528723716736,-0.09051050990819931,-0.6310795545578003,-0.28377407789230347,0.9993171095848083,0.029244156554341316,-0.6309055089950562,-0.2110527902841568,0.9994754791259766,-0.10749442875385284,-0.6248072981834412,-0.17506226897239685,0.9992161393165588,-0.03741351515054703,-0.5671212673187256,-0.2716221213340759,0.999765932559967,-0.07702097296714783,-0.5637386441230774,-0.2605026066303253,0.9997557401657104,0.1483636200428009,-0.4380420744419098,-0.12288989871740341,0.9986551403999329,-0.15943174064159393,-0.4402477741241455,-0.07841175049543381,0.9992117881774902,0.14814943075180054,-0.17022983729839325,-0.07926207035779953,0.8720561265945435,-0.22223900258541107,-0.26009634137153625,-0.15937983989715576,0.8432471752166748,0.16032111644744873,0.02310565486550331,-0.1565016806125641,0.7238370776176453,-0.20664288103580475,-0.36817553639411926,-0.3838326036930084,0.81319260597229,0.15316632390022278,0.07410043478012085,-0.16556528210639954,0.6602016091346741,-0.19998040795326233,-0.4011053144931793,-0.4284709692001343,0.7818256616592407,0.15368089079856873,0.06946729868650436,-0.19774137437343597,0.696137547492981,-0.20530711114406586,-0.4376496374607086,-0.412730872631073,0.793679416179657,0.15017752349376678,0.030863288789987564,-0.17258603870868683,0.6650043725967407,-0.19839011132717133,-0.3825017511844635,-0.38461655378341675,0.7513402104377747,0.10508781671524048,-0.014584536664187908,-0.001075978740118444,0.13809369504451752,-0.10401929914951324,0.0034417174756526947,0.003640424460172653,0.19758465886116028,0.13470932841300964,-0.06852519512176514,-0.008419586345553398,0.1465011090040207,-0.09685547649860382,0.057046547532081604,-0.05762078985571861,0.19151671230793,0.16231557726860046,0.16902108490467072,0.25970810651779175,0.022405052557587624,-0.06048474460840225,0.36764371395111084,0.19693218171596527,0.05324610322713852,0.16367870569229126,0.18062874674797058,0.2816186249256134,0.013676995411515236,-0.04787010699510574,0.3762325048446655,0.22467727959156036,0.02593960054218769,0.21383421123027802,0.14580854773521423,0.06443460285663605,0.029839390888810158,-0.04875943064689636,0.40822553634643555,0.027612071484327316,0.054454442113637924,17,0.567,0.4164828360080719,0.6324061751365662,9.109542986607266e-08,,0.42981967329978943,0.6074047684669495,-0.010974096134305,,0.43809741735458374,0.5653603672981262,-0.019915973767638206,,0.4350912868976593,0.5321545004844666,-0.028924116864800453,,0.4187127351760864,0.529556393623352,-0.038159605115652084,,0.41744354367256165,0.49837303161621094,-0.01432989165186882,,0.4199422597885132,0.4454476237297058,-0.027049453929066658,,0.4201657772064209,0.4066849648952484,-0.03518863394856453,,0.41838860511779785,0.3754218518733978,-0.04064968228340149,,0.3982919752597809,0.5079288482666016,-0.016144918277859688,,0.40779051184654236,0.4963240623474121,-0.03614877164363861,,0.4186481535434723,0.5436357259750366,-0.039859164506196976,,0.4212763011455536,0.5704926252365112,-0.03760865330696106,,0.3830631375312805,0.5280120968818665,-0.018849864602088928,,0.3947583734989166,0.5264431238174438,-0.0379265621304512,,0.4078723192214966,0.5653017163276672,-0.033151473850011826,,0.41194403171539307,0.5870249271392822,-0.024814961478114128,,0.37040960788726807,0.5560958981513977,-0.022429224103689194,,0.3783751428127289,0.5472168922424316,-0.03506265953183174,,0.3929356336593628,0.5698436498641968,-0.02994653396308422,,0.39961951971054077,0.5842089056968689,-0.022437069565057755,
-0.06908395886421204,-0.5895083546638489,-0.29599690437316895,0.9996309876441956,-0.0585901141166687,-0.6302710771560669,-0.29378610849380493,0.9993658065795898,-0.05922970548272133,-0.6298813223838806,-0.29601743817329407,0.9993200898170471,-0.05859212949872017,-0.629887580871582,-0.2938268780708313,0.9993027448654175,-0.09159037470817566,-0.6299746632575989,-0.2901027500629425,0.9993938207626343,-0.0896814614534378,-0.6307574510574341,-0.2901979982852936,0.9993817806243896,-0.09024755656719208,-0.6297968029975891,-0.2860161364078522,0.9993507862091064,0.029850758612155914,-0.6299380660057068,-0.21239127218723297,0.9994961619377136,-0.10745210945606232,-0.6243913173675537,-0.17647522687911987,0.9992501735687256,-0.03704299405217171,-0.5657570362091064,-0.27369117736816406,0.9997730255126953,-0.07685760408639908,-0.5625842213630676,-0.2625464200973511,0.999762773513794,0.14896836876869202,-0.43762436509132385,-0.12409023940563202,0.9986587166786194,-0.15945962071418762,-0.44034436345100403,-0.07923253625631332,0.999225378036499,0.14847534894943237,-0.16992533206939697,-0.08016221225261688,0.8743714094161987,-0.2224424183368683,-0.25976407527923584,-0.16001451015472412,0.849044919013977,0.1586853712797165,0.022762354463338852,-0.15985865890979767,0.7346726059913635,-0.20604044198989868,-0.3680712580680847,-0.3881099820137024,0.8272871971130371,0.15002357959747314,0.07376769930124283,-0.16867589950561523,0.6712165474891663,-0.19919507205486298,-0.4003881514072418,-0.4333556592464447,0.7962432503700256,0.14963893592357635,0.06877729296684265,-0.2006838619709015,0.7059985399246216,-0.20436249673366547,-0.4371703863143921,-0.41706112027168274,0.806971549987793,0.14795994758605957,0.030430201441049576,-0.17563948035240173,0.6750194430351257,-0.19771936535835266,-0.3823400139808655,-0.38880443572998047,0.7646728754043579,0.10529891401529312,-0.014578167349100113,-0.0009542302577756345,0.1354297697544098,-0.10419099777936935,0.003441649954766035,0.0035322518087923527,0.19397014379501343,0.13450247049331665,-0.0728553980588913,-0.008544879965484142,0.14932399988174438,-0.09978879988193512,0.04462606459856033,-0.0586465485394001,0.19238144159317017,0.15881645679473877,0.1651899814605713,0.26101621985435486,0.022801890969276428,-0.06423398852348328,0.36348074674606323,0.1969941407442093,0.053090520203113556,0.15971042215824127,0.17630784213542938,0.2831794023513794,0.013828433118760586,-0.05124446749687195,0.3713790774345398,0.22481274604797363,0.02559935487806797,0.21074403822422028,0.13592904806137085,0.06569404155015945,0.030343402177095413,-0.05005044862627983,0.4005708396434784,0.027759535238146782,0.054418355226516724,18,0.6,0.41556599736213684,0.6361486911773682,7.736604601404906e-08,,0.4303053915500641,0.6115649938583374,-0.010469877161085606,,0.43869292736053467,0.5690553784370422,-0.0179427582770586,,0.4358308017253876,0.5369696617126465,-0.02535141631960869,,0.42051586508750916,0.5333144664764404,-0.03308345377445221,,0.4163891673088074,0.5028918385505676,-0.012939817272126675,,0.41884419322013855,0.44952577352523804,-0.02485348843038082,,0.4193994104862213,0.41208338737487793,-0.032937102019786835,,0.4182850420475006,0.3807079493999481,-0.0382605642080307,,0.39789119362831116,0.5123450756072998,-0.014160222373902798,,0.40700480341911316,0.5009737610816956,-0.0324639193713665,,0.4183705449104309,0.5447781085968018,-0.03647500276565552,,0.42278727889060974,0.5730999112129211,-0.03488534688949585,,0.3829187750816345,0.5328055620193481,-0.016238326206803322,,0.39487046003341675,0.5306329727172852,-0.03355255722999573,,0.40719160437583923,0.567916750907898,-0.029587730765342712,,0.411785364151001,0.5915012359619141,-0.02223423682153225,,0.3703312575817108,0.5608164072036743,-0.01919921487569809,,0.37899476289749146,0.5520783066749573,-0.030788447707891464,,0.3931756615638733,0.5741333961486816,-0.026324693113565445,,0.39996758103370667,0.5898336172103882,-0.01948716677725315,
-0.06922938674688339,-0.5881161093711853,-0.30205240845680237,0.9996466040611267,-0.05861488729715347,-0.6289406418800354,-0.2998507618904114,0.9993880391120911,-0.05925234779715538,-0.6285437941551208,-0.3020884394645691,0.9993395209312439,-0.05861392617225647,-0.6285412907600403,-0.29989659786224365,0.9993245005607605,-0.09180960804224014,-0.6287169456481934,-0.29576143622398376,0.9994195699691772,-0.08990190178155899,-0.6294947862625122,-0.2958424687385559,0.9994078874588013,-0.0904671847820282,-0.6285327672958374,-0.29165118932724,0.9993809461593628,0.029906751587986946,-0.6286529302597046,-0.21764060854911804,0.9995129704475403,-0.10766945034265518,-0.623458206653595,-0.18008267879486084,0.999281644821167,-0.037110574543476105,-0.5642940402030945,-0.2795197665691376,0.999779224395752,-0.07710977643728256,-0.5612162351608276,-0.2678470313549042,0.9997694492340088,0.14916157722473145,-0.4367908537387848,-0.129381462931633,0.9986572265625,-0.15968404710292816,-0.44000351428985596,-0.08136100322008133,0.9992384910583496,0.1481841653585434,-0.16970792412757874,-0.08649273216724396,0.8761058449745178,-0.22392719984054565,-0.25914812088012695,-0.161543071269989,0.8535763621330261,0.15383045375347137,0.020343098789453506,-0.16844722628593445,0.7420382499694824,-0.20570184290409088,-0.366502583026886,-0.3923415541648865,0.8389958143234253,0.14373140037059784,0.07070256769657135,-0.17682845890522003,0.6785587072372437,-0.19855213165283203,-0.3980695605278015,-0.4369763433933258,0.8078271746635437,0.14278139173984528,0.0652393102645874,-0.20928610861301422,0.712731659412384,-0.20354856550693512,-0.43461254239082336,-0.4211365878582001,0.8176307082176208,0.14261606335639954,0.027658214792609215,-0.18412138521671295,0.6814064383506775,-0.19720283150672913,-0.38059714436531067,-0.39317917823791504,0.7747562527656555,0.10544592142105103,-0.014622452668845654,-0.0009319809614680707,0.13161231577396393,-0.1043294295668602,0.003488324349746108,0.00351331545971334,0.18837279081344604,0.1331024169921875,-0.07415488362312317,-0.008885334245860577,0.15126191079616547,-0.10093299299478531,0.042769379913806915,-0.05942896753549576,0.191730335354805,0.15711958706378937,0.16393135488033295,0.2618923485279083,0.023044437170028687,-0.06616925448179245,0.36178067326545715,0.19761617481708527,0.05241093784570694,0.15790168941020966,0.17482993006706238,0.28436335921287537,0.013880339451134205,-0.05319125950336456,0.3694700598716736,0.22604167461395264,0.025071799755096436,0.2087022066116333,0.1328285187482834,0.06411071121692657,0.030617935582995415,-0.051444102078676224,0.3981277644634247,0.02794748730957508,0.053826168179512024,19,0.633,0.4144962728023529,0.6496294736862183,5.417487614067795e-08,,0.43083345890045166,0.6228063702583313,-0.009618970565497875,,0.43892380595207214,0.5807181596755981,-0.016219303011894226,,0.43678393959999084,0.5493791699409485,-0.022955741733312607,,0.4219810366630554,0.5436068177223206,-0.029972633346915245,,0.4167602062225342,0.5112466216087341,-0.01139058731496334,,0.41954493522644043,0.4578512907028198,-0.0229133702814579,,0.41967639327049255,0.42096465826034546,-0.030425479635596275,,0.4182421863079071,0.3896699547767639,-0.035139475017786026,,0.3982790410518646,0.520790696144104,-0.012802254408597946,,0.4061277210712433,0.5112488865852356,-0.031239692121744156,,0.41857975721359253,0.5540675520896912,-0.03534175455570221,,0.4255077838897705,0.5835343599319458,-0.03334856778383255,,0.3830559253692627,0.5412143468856812,-0.015050072222948074,,0.39480364322662354,0.5441849231719971,-0.03240806236863136,,0.4075426161289215,0.5806604623794556,-0.028930265456438065,,0.41354554891586304,0.6041843295097351,-0.021452005952596664,,0.37051087617874146,0.5687498450279236,-0.018105780705809593,,0.3789488673210144,0.5629792213439941,-0.02917473576962948,,0.39266878366470337,0.585671603679657,-0.02476777881383896,,0.3997572958469391,0.6014301180839539,-0.01773114688694477,
-0.06900856643915176,-0.5859153270721436,-0.305268794298172,0.9996599555015564,-0.05844501033425331,-0.6270890831947327,-0.3029155731201172,0.9994105100631714,-0.05908522009849548,-0.6266710758209229,-0.30519944429397583,0.9993613958358765,-0.05844217911362648,-0.6266635060310364,-0.3029923439025879,0.9993491768836975,-0.09173835813999176,-0.6266818046569824,-0.2986566424369812,0.9994425177574158,-0.08983448147773743,-0.6274486184120178,-0.29871442914009094,0.999430239200592,-0.0903983935713768,-0.6264852285385132,-0.2944994866847992,0.9994059801101685,0.030999545007944107,-0.6268235445022583,-0.22087708115577698,0.999530017375946,-0.10736697912216187,-0.6209089756011963,-0.1820802241563797,0.9993072152137756,-0.03650464117527008,-0.5620402097702026,-0.2827877700328827,0.9997854232788086,-0.07672053575515747,-0.5587494969367981,-0.27072006464004517,0.9997742176055908,0.15157131850719452,-0.43583548069000244,-0.1326255202293396,0.9986721277236938,-0.1593373566865921,-0.438163161277771,-0.08436208218336105,0.999239444732666,0.1515481024980545,-0.1687912791967392,-0.08885334432125092,0.8741207122802734,-0.2239304482936859,-0.25488683581352234,-0.16309379041194916,0.8537958264350891,0.16004185378551483,0.020440390333533287,-0.17554348707199097,0.7436907291412354,-0.2022658884525299,-0.35602518916130066,-0.3967042565345764,0.8464806079864502,0.15158461034297943,0.07094161212444305,-0.18536990880966187,0.6815028786659241,-0.1936948299407959,-0.38409993052482605,-0.4411427080631256,0.814726710319519,0.14931057393550873,0.06543590128421783,-0.21867795288562775,0.7157324552536011,-0.19595211744308472,-0.420635849237442,-0.42619559168815613,0.8239961266517639,0.14885085821151733,0.02781461738049984,-0.19170258939266205,0.6844950318336487,-0.19238555431365967,-0.3693474531173706,-0.3981875777244568,0.7799530625343323,0.10586268454790115,-0.014628100208938122,-0.0007018052856437862,0.12895268201828003,-0.10461477935314178,0.0034985679667443037,0.003318545175716281,0.18339478969573975,0.13250091671943665,-0.08390077948570251,-0.012883871793746948,0.14765535295009613,-0.10356227308511734,0.017921380698680878,-0.0691230371594429,0.1848682314157486,0.15550510585308075,0.15461322665214539,0.2611292600631714,0.022529734298586845,-0.06746099889278412,0.34930622577667236,0.19434843957424164,0.050303470343351364,0.1561199128627777,0.16477082669734955,0.284167617559433,0.013753377832472324,-0.05411822348833084,0.35595110058784485,0.22449246048927307,0.02426108717918396,0.20655646920204163,0.11372656375169754,0.056350868195295334,0.030001835897564888,-0.05158839374780655,0.37980592250823975,0.022618615999817848,0.05195290967822075,20,0.667,0.4147379398345947,0.6757102012634277,-1.5917242635055118e-08,,0.43245431780815125,0.6453824043273926,-0.010022514499723911,,0.4423164427280426,0.6026599407196045,-0.016942249611020088,,0.44217008352279663,0.5733550190925598,-0.02446248009800911,,0.4295872449874878,0.5611249208450317,-0.03205094113945961,,0.4193021059036255,0.5314261317253113,-0.011965751647949219,,0.42228713631629944,0.47662675380706787,-0.023545043542981148,,0.42244240641593933,0.44002291560173035,-0.03102204017341137,,0.421854704618454,0.40817344188690186,-0.03572654351592064,,0.40008923411369324,0.5400207042694092,-0.01357132289558649,,0.40897318720817566,0.5355032086372375,-0.03209041431546211,,0.4195448160171509,0.5780115723609924,-0.03654509037733078,,0.42651256918907166,0.6094146966934204,-0.035158682614564896,,0.3843190670013428,0.5605136156082153,-0.016084959730505943,,0.3946376144886017,0.5641924142837524,-0.03311008960008621,,0.40681928396224976,0.5990760922431946,-0.029904240742325783,,0.41444820165634155,0.6247611045837402,-0.022927740588784218,,0.37121355533599854,0.5878415703773499,-0.01960992068052292,,0.37845808267593384,0.5813256502151489,-0.030487805604934692,,0.3922899663448334,0.6037471294403076,-0.026406845077872276,,0.40138113498687744,0.6232428550720215,-0.019743787124753,
-0.06887127459049225,-0.5828943252563477,-0.31100261211395264,0.9996744394302368,-0.05831661820411682,-0.6244316101074219,-0.30891406536102295,0.9994333386421204,-0.0589592345058918,-0.6239896416664124,-0.3112207055091858,0.9993845820426941,-0.05831211805343628,-0.6239792704582214,-0.30900222063064575,0.9993742108345032,-0.0916822999715805,-0.623842716217041,-0.304347425699234,0.9994656443595886,-0.08978147804737091,-0.6245980262756348,-0.3043920397758484,0.9994532465934753,-0.09034399688243866,-0.6236332058906555,-0.3001787066459656,0.9994312524795532,0.03208368271589279,-0.6248993873596191,-0.22764509916305542,0.9995471239089966,-0.10687866806983948,-0.6182926893234253,-0.18684999644756317,0.999333918094635,-0.036003101617097855,-0.5593189597129822,-0.28865963220596313,0.9997926950454712,-0.07636527717113495,-0.5558068156242371,-0.2760157883167267,0.9997804760932922,0.15395255386829376,-0.4349687397480011,-0.13813629746437073,0.9986971616744995,-0.158482626080513,-0.43669748306274414,-0.09024594724178314,0.9992491006851196,0.15349090099334717,-0.1683802306652069,-0.09610506892204285,0.8729050159454346,-0.2232876420021057,-0.24909213185310364,-0.16631142795085907,0.8541052341461182,0.1649610698223114,0.019579919055104256,-0.1893163025379181,0.7447836399078369,-0.19816100597381592,-0.3403244912624359,-0.4014395475387573,0.8528526425361633,0.15824833512306213,0.07006807625293732,-0.20091037452220917,0.6834918260574341,-0.1888820081949234,-0.3645229935646057,-0.44560471177101135,0.820456862449646,0.15526312589645386,0.06543340533971786,-0.235223650932312,0.7181544899940491,-0.18976612389087677,-0.3990525007247925,-0.4321703016757965,0.8293921947479248,0.15384681522846222,0.027434809133410454,-0.20626457035541534,0.686729907989502,-0.1873975396156311,-0.35202446579933167,-0.4036772549152374,0.78407883644104,0.10621356219053268,-0.014616217464208603,-0.0004955506301485002,0.12521250545978546,-0.10487285256385803,0.0034841103479266167,0.0031443091575056314,0.17733538150787354,0.13012737035751343,-0.09247398376464844,-0.015181821770966053,0.14368358254432678,-0.10723186284303665,0.011824063025414944,-0.07556702941656113,0.17860201001167297,0.1521577686071396,0.1472846269607544,0.2612169086933136,0.02198256552219391,-0.07342652976512909,0.347162663936615,0.19258099794387817,0.048404108732938766,0.15245367586612701,0.1569076031446457,0.28457972407341003,0.01355669554322958,-0.060212574899196625,0.35360804200172424,0.22383339703083038,0.02350575104355812,0.20268677175045013,0.10299758613109589,0.05248833820223808,0.02936631441116333,-0.055709272623062134,0.37658464908599854,0.01928078569471836,0.05028271675109863,21,0.7,0.4154427647590637,0.7120532393455505,-5.526442592440617e-08,,0.4338069260120392,0.6862980127334595,-0.010015358217060566,,0.4478914737701416,0.6447701454162598,-0.017742358148097992,,0.45217621326446533,0.6173360347747803,-0.026075586676597595,,0.44309014081954956,0.6006799936294556,-0.03438525274395943,,0.42347219586372375,0.564154326915741,-0.01279037818312645,,0.4267120063304901,0.5091763138771057,-0.02491370402276516,,0.4286728799343109,0.4750140309333801,-0.03267088159918785,,0.4297374486923218,0.4443545639514923,-0.037618815898895264,,0.40462785959243774,0.5714399814605713,-0.01503038126975298,,0.41598719358444214,0.5680559277534485,-0.0338604636490345,,0.4260777235031128,0.6143699288368225,-0.038316015154123306,,0.43069010972976685,0.645136296749115,-0.037199024111032486,,0.38846051692962646,0.5913823843002319,-0.018290115520358086,,0.39971160888671875,0.5937894582748413,-0.03623272106051445,,0.41082513332366943,0.6331055164337158,-0.0326419323682785,,0.41580408811569214,0.6576269268989563,-0.02559770829975605,,0.3745119869709015,0.618255078792572,-0.022466810420155525,,0.38190585374832153,0.608550488948822,-0.033908165991306305,,0.3951384127140045,0.635843813419342,-0.029162487015128136,,0.4020864963531494,0.6559349894523621,-0.022277282550930977,
-0.06880305707454681,-0.583102285861969,-0.31027117371559143,0.9996833205223083,-0.058235932141542435,-0.624573290348053,-0.30816107988357544,0.9994485378265381,-0.05887816846370697,-0.6241329908370972,-0.3104656934738159,0.9993996620178223,-0.05823332816362381,-0.6241239905357361,-0.3082471489906311,0.9993894696235657,-0.09162997454404831,-0.6239802837371826,-0.30366799235343933,0.9994817972183228,-0.08972954005002975,-0.6247349381446838,-0.30371996760368347,0.9994691014289856,-0.090294249355793,-0.623769998550415,-0.29950517416000366,0.9994484782218933,0.032121703028678894,-0.624380886554718,-0.2277543991804123,0.9995610117912292,-0.10666042566299438,-0.6176142692565918,-0.18704192340373993,0.9993555545806885,-0.035981032997369766,-0.5593850016593933,-0.28823718428611755,0.9997979998588562,-0.07634066790342331,-0.5558522343635559,-0.27563634514808655,0.9997859001159668,0.1539357602596283,-0.43468040227890015,-0.1417040079832077,0.9986969232559204,-0.15844020247459412,-0.434604287147522,-0.09060744941234589,0.9992409944534302,0.1551167517900467,-0.16964179277420044,-0.09989628195762634,0.8706849813461304,-0.22290317714214325,-0.2425374537706375,-0.1666897088289261,0.8506046533584595,0.16531972587108612,0.012019108980894089,-0.18782849609851837,0.7439504265785217,-0.1961616724729538,-0.3164931535720825,-0.4010653793811798,0.8564814925193787,0.1585090309381485,0.061979275196790695,-0.1990269273519516,0.6826481819152832,-0.1867331862449646,-0.3350124657154083,-0.44529590010643005,0.8229380249977112,0.15555603802204132,0.05762377008795738,-0.23281851410865784,0.7173172831535339,-0.18647393584251404,-0.3688800036907196,-0.4322051703929901,0.8315622806549072,0.1542471945285797,0.020189255475997925,-0.2044619768857956,0.6853610277175903,-0.18484987318515778,-0.32662391662597656,-0.4034947454929352,0.7843824625015259,0.10631716996431351,-0.014597318135201931,-0.0007924412493593991,0.12118636816740036,-0.10495547950267792,0.0034549282863736153,0.0034690292086452246,0.17129278182983398,0.1260973960161209,-0.09269846230745316,-0.010035423561930656,0.14159171283245087,-0.11057160049676895,0.005536018870770931,-0.07502297312021255,0.17321175336837769,0.1453026384115219,0.14435309171676636,0.27149856090545654,0.021649088710546494,-0.07747407257556915,0.3380531966686249,0.19491086900234222,0.046845875680446625,0.14518432319164276,0.1539708524942398,0.29556557536125183,0.013393238186836243,-0.06465690582990646,0.3442787528038025,0.2269921451807022,0.023002291098237038,0.19169023633003235,0.10183507949113846,0.06069085747003555,0.02889203652739525,-0.06452351063489914,0.3687913119792938,0.02127925120294094,0.04894556477665901,22,0.734,0.4148430824279785,0.7709678411483765,-3.4679388249969634e-09,,0.43482840061187744,0.7456506490707397,-0.008525779470801353,,0.45057088136672974,0.7047889828681946,-0.014900741167366505,,0.45755133032798767,0.6737769246101379,-0.022011198103427887,,0.4530874192714691,0.6471508741378784,-0.02903793938457966,,0.42985138297080994,0.6293776631355286,-0.010974733158946037,,0.43333569169044495,0.5782611966133118,-0.02310582809150219,,0.43646830320358276,0.5433255434036255,-0.03162457048892975,,0.43909138441085815,0.5133404731750488,-0.03732994198799133,,0.4111163318157196,0.6305217742919922,-0.013284588232636452,,0.42115986347198486,0.6272017359733582,-0.03255234658718109,,0.4309168756008148,0.6734678149223328,-0.03741423785686493,,0.43613168597221375,0.7094967365264893,-0.03658604621887207,,0.3941863179206848,0.6455909013748169,-0.016593588516116142,,0.40305429697036743,0.645411491394043,-0.03198445960879326,,0.41366615891456604,0.6826798319816589,-0.02766520529985428,,0.41928714513778687,0.7117746472358704,-0.0211455300450325,,0.3792427182197571,0.6694949269294739,-0.02107415534555912,,0.3873768150806427,0.6693800091743469,-0.030832882970571518,,0.397825688123703,0.6950117349624634,-0.027301860973238945,,0.40368229150772095,0.7146903276443481,-0.021879199892282486,
-0.06564530730247498,-0.5837715268135071,-0.3052603602409363,0.9996799826622009,-0.056353021413087845,-0.6253960728645325,-0.3026663064956665,0.9994477033615112,-0.056974463164806366,-0.6249449253082275,-0.30500730872154236,0.9993979930877686,-0.05630706623196602,-0.624943733215332,-0.30277812480926514,0.9993842244148254,-0.08931365609169006,-0.6244776248931885,-0.299578994512558,0.9994824528694153,-0.08740190416574478,-0.6252264380455017,-0.2996729612350464,0.9994692802429199,-0.08799325674772263,-0.6242715716362,-0.2954404652118683,0.9994475245475769,0.03215012699365616,-0.6254816055297852,-0.22303883731365204,0.9995652437210083,-0.10633853077888489,-0.6176643371582031,-0.18691106140613556,0.9993690252304077,-0.033816564828157425,-0.5601763725280762,-0.2832997441291809,0.9998006224632263,-0.07386526465415955,-0.5562002062797546,-0.27235662937164307,0.9997904896736145,0.15420766174793243,-0.4383070170879364,-0.1384374052286148,0.9986736178398132,-0.15817293524742126,-0.43458786606788635,-0.09164798259735107,0.9992175698280334,0.16108067333698273,-0.18205638229846954,-0.09889116138219833,0.8632195591926575,-0.2218819111585617,-0.2407606840133667,-0.16650928556919098,0.843735933303833,0.16614234447479248,0.0020386939868330956,-0.18678681552410126,0.7345256209373474,-0.18669456243515015,-0.2837202847003937,-0.3996571898460388,0.8524352312088013,0.1588539332151413,0.054650068283081055,-0.19834285974502563,0.6741432547569275,-0.17549677193164825,-0.2907191216945648,-0.44424185156822205,0.8171241879463196,0.15556135773658752,0.05015524849295616,-0.23161983489990234,0.7094796299934387,-0.1712888777256012,-0.32388341426849365,-0.43183550238609314,0.8261061310768127,0.154816135764122,0.010984205640852451,-0.20327474176883698,0.6770243048667908,-0.17394135892391205,-0.2913525104522705,-0.40208715200424194,0.776019275188446,0.10639726370573044,-0.014612170867621899,-0.00018394550716038793,0.11676152050495148,-0.1050511971116066,0.0034577003680169582,0.002882069908082485,0.16518515348434448,0.12603391706943512,-0.09371247887611389,0.009092086926102638,0.13694889843463898,-0.11041039228439331,0.004238622263073921,-0.077414870262146,0.16851137578487396,0.14426352083683014,0.13586251437664032,0.3070703446865082,0.02085570991039276,-0.07889247685670853,0.32896655797958374,0.19398044049739838,0.04558148980140686,0.14435502886772156,0.14522410929203033,0.33335280418395996,0.013140775263309479,-0.06627920269966125,0.3350694477558136,0.22607159614562988,0.02279801107943058,0.19203618168830872,0.098004050552845,0.10858640819787979,0.027878593653440475,-0.06443507969379425,0.3636299669742584,0.020814981311559677,0.04787925258278847,23,0.767,0.41592371463775635,0.8377360701560974,-2.794644515802247e-08,,0.4376997947692871,0.8089725971221924,-0.006925859488546848,,0.45612603425979614,0.7677451968193054,-0.012869883328676224,,0.46147698163986206,0.7356580495834351,-0.019905036315321922,,0.45501795411109924,0.7195395827293396,-0.027388013899326324,,0.43583565950393677,0.7001331448554993,-0.00942381750792265,,0.44086840748786926,0.6672618985176086,-0.01971953548491001,,0.44321519136428833,0.6432710289955139,-0.02730955369770527,,0.44628801941871643,0.6248170137405396,-0.032459549605846405,,0.41534358263015747,0.7007357478141785,-0.011511110700666904,,0.42908719182014465,0.72684246301651,-0.02624487690627575,,0.43728533387184143,0.7652714252471924,-0.030532220378518105,,0.4409409761428833,0.7957665920257568,-0.03062283620238304,,0.3981577754020691,0.7180553078651428,-0.014324026182293892,,0.4132182002067566,0.7489310503005981,-0.02686040848493576,,0.42125850915908813,0.7801275849342346,-0.024042883887887,,0.4246283769607544,0.8064892292022705,-0.019376669079065323,,0.3835560083389282,0.7446398138999939,-0.01819954812526703,,0.3977240324020386,0.7716235518455505,-0.02673083357512951,,0.40629106760025024,0.7957011461257935,-0.024628205224871635,,0.410374253988266,0.8149582743644714,-0.02046624943614006,
-0.05875999107956886,-0.5838770270347595,-0.3032366931438446,0.9995942115783691,-0.04935389384627342,-0.6254236102104187,-0.30094990134239197,0.9993050694465637,-0.049915481358766556,-0.6249787211418152,-0.3032415509223938,0.9992455244064331,-0.0492415577173233,-0.6249836087226868,-0.30103036761283875,0.9992101192474365,-0.08228098601102829,-0.6245753169059753,-0.29786089062690735,0.9993708729743958,-0.08034493029117584,-0.6253288388252258,-0.29802119731903076,0.9993680715560913,-0.0809776559472084,-0.6243768930435181,-0.2938556373119354,0.9993450045585632,0.03858551010489464,-0.626176118850708,-0.22218865156173706,0.9994306564331055,-0.09924368560314178,-0.6197298169136047,-0.18664848804473877,0.9992740750312805,-0.026883035898208618,-0.5603311061859131,-0.2811411917209625,0.9997460842132568,-0.06677624583244324,-0.5565305352210999,-0.27060043811798096,0.9997474551200867,0.162595734000206,-0.4415716826915741,-0.13910405337810516,0.9983118772506714,-0.15104331076145172,-0.4440886080265045,-0.09609165787696838,0.9991152882575989,0.17423927783966064,-0.1921362429857254,-0.10476177930831909,0.8559037446975708,-0.20394806563854218,-0.24100971221923828,-0.16528552770614624,0.8320145010948181,0.1741252839565277,-0.005730390548706055,-0.18877270817756653,0.7196540236473083,-0.16581903398036957,-0.22409683465957642,-0.38874244689941406,0.8363969326019287,0.16868136823177338,0.049914997071027756,-0.20449332892894745,0.659957766532898,-0.15622852742671967,-0.2083592414855957,-0.43672534823417664,0.7996717691421509,0.16303697228431702,0.04363347589969635,-0.2402658462524414,0.6964611411094666,-0.14481249451637268,-0.2341761291027069,-0.43138816952705383,0.8099414110183716,0.16296705603599548,0.003308541839942336,-0.2065952718257904,0.6643868684768677,-0.15137973427772522,-0.2244909405708313,-0.3948623239994049,0.758277952671051,0.1063586175441742,-0.013675414957106113,-0.00016460816550534219,0.11575907468795776,-0.10506857931613922,0.0027695365715771914,0.002832455327734351,0.16484594345092773,0.11749863624572754,-0.03631868585944176,0.007180236745625734,0.13869725167751312,-0.11084254831075668,0.056633807718753815,-0.082949198782444,0.17378519475460052,0.12024420499801636,0.19558565318584442,0.2864404320716858,0.02121933549642563,-0.09072127193212509,0.3655889332294464,0.16122205555438995,0.047861386090517044,0.11863766610622406,0.2094407081604004,0.3107072412967682,0.013527213595807552,-0.08121030777692795,0.3772432506084442,0.18723176419734955,0.024116015061736107,0.16691164672374725,0.19065067172050476,0.10240351408720016,0.02814466692507267,-0.08534936606884003,0.41693902015686035,-0.0014210992958396673,0.050021398812532425,24,0.8,,,,,,,,,,,,,,,,,,,,,,,,,,,,,,,,,,,,,,,,,,,,,,,,,,,,,,,,,,,,,,,,,,,,,,,,,,,,,,,,,,,,
-0.060438018292188644,-0.5905905961990356,-0.28962641954421997,0.9995347857475281,-0.049420516937971115,-0.6297001242637634,-0.28579655289649963,0.9992101788520813,-0.0500020794570446,-0.6293300986289978,-0.28789210319519043,0.9991642236709595,-0.04932491481304169,-0.6293988227844238,-0.2858574688434601,0.999103307723999,-0.08235784620046616,-0.6301640868186951,-0.2813173234462738,0.9992981553077698,-0.08041216433048248,-0.6310490369796753,-0.28164929151535034,0.9993100762367249,-0.08105362206697464,-0.63015216588974,-0.277705579996109,0.9992722868919373,0.03870289772748947,-0.6274386048316956,-0.20581035315990448,0.9993387460708618,-0.09920860826969147,-0.6256518959999084,-0.168453186750412,0.9991962909698486,-0.029001884162425995,-0.5661848187446594,-0.2666390836238861,0.999688982963562,-0.0688895508646965,-0.5639410018920898,-0.2553885281085968,0.9997128248214722,0.1622370034456253,-0.4414746165275574,-0.14586438238620758,0.9981380105018616,-0.1517745852470398,-0.4500052332878113,-0.08472620695829391,0.9990154504776001,0.16456599533557892,-0.19078129529953003,-0.11539142578840256,0.8600410223007202,-0.18897730112075806,-0.23666216433048248,-0.12088435888290405,0.8089640140533447,0.10494320839643478,-0.021524032577872276,-0.1788896918296814,0.7188963294029236,-0.1688542664051056,-0.15512967109680176,-0.31339672207832336,0.7982702851295471,0.09273087233304977,0.028096532449126244,-0.20370973646640778,0.6607936024665833,-0.1657661348581314,-0.12741586565971375,-0.35860469937324524,0.766263484954834,0.07267017662525177,0.011751307174563408,-0.23986773192882538,0.6975048184394836,-0.14661858975887299,-0.14457601308822632,-0.37386882305145264,0.7798592448234558,0.08838190883398056,-0.01736593432724476,-0.19675755500793457,0.665978193283081,-0.15485599637031555,-0.1503552794456482,-0.3264835774898529,0.7325761318206787,0.1061527356505394,-0.011433781124651432,-0.004411764442920685,0.16223306953907013,-0.10508473217487335,0.0016204644925892353,0.00644548237323761,0.21947050094604492,0.07445885986089706,0.04085467755794525,-0.005056632217019796,0.15268933773040771,-0.12733542919158936,0.09661754220724106,-0.15202920138835907,0.19955386221408844,0.09346920996904373,0.22650392353534698,0.271683931350708,0.022144392132759094,-0.09406360238790512,0.36457347869873047,0.05060046911239624,0.05814901739358902,0.09403727203607559,0.24230487644672394,0.29898422956466675,0.014400015585124493,-0.08569549024105072,0.37675753235816956,0.07205433398485184,0.029883624985814095,0.13039512932300568,0.28061631321907043,0.15020544826984406,0.029517097398638725,-0.09898151457309723,0.4372815489768982,-0.06687438488006592,0.060924217104911804,25,0.834,,,,,,,,,,,,,,,,,,,,,,,,,,,,,,,,,,,,,,,,,,,,,,,,,,,,,,,,,,,,,,,,,,,,,,,,,,,,,,,,,,,,
-0.06035034731030464,-0.5884408950805664,-0.294770747423172,0.999210000038147,-0.0485164076089859,-0.6276997327804565,-0.29155221581459045,0.9987949132919312,-0.04903576523065567,-0.6273184418678284,-0.29351678490638733,0.998822808265686,-0.04840771108865738,-0.6273989677429199,-0.2915715277194977,0.9987348318099976,-0.08203995227813721,-0.6284873485565186,-0.28741782903671265,0.9987701773643494,-0.08008573204278946,-0.6293514966964722,-0.28762972354888916,0.9987964630126953,-0.0807294026017189,-0.6284346580505371,-0.2837534546852112,0.9986931085586548,0.040828898549079895,-0.6268584132194519,-0.2130848616361618,0.99895840883255,-0.09871693700551987,-0.6255561709403992,-0.17246973514556885,0.9985427856445312,-0.028642304241657257,-0.5649479627609253,-0.27126431465148926,0.999533474445343,-0.06877586245536804,-0.5630937814712524,-0.25927606225013733,0.9995051026344299,0.16190755367279053,-0.44126710295677185,-0.15230692923069,0.9981012940406799,-0.15178075432777405,-0.44966965913772583,-0.10126874595880508,0.9988523721694946,0.17188598215579987,-0.18960730731487274,-0.12723274528980255,0.8500038385391235,-0.18893270194530487,-0.22769086062908173,-0.07284080237150192,0.7898578643798828,0.1270224153995514,-0.017182650044560432,-0.20098844170570374,0.672911524772644,-0.16969263553619385,-0.06504957377910614,-0.16725794970989227,0.7391711473464966,0.12568534910678864,0.029426230117678642,-0.22701334953308105,0.6173384189605713,-0.1682206243276596,-0.008910336531698704,-0.1847987174987793,0.7080365419387817,0.08665066212415695,0.015432234853506088,-0.2664027214050293,0.6573229432106018,-0.14751440286636353,-0.012002994306385517,-0.21893815696239471,0.7251411080360413,0.10578779131174088,-0.012873017229139805,-0.22124390304088593,0.626316487789154,-0.15613803267478943,-0.04964024946093559,-0.18461239337921143,0.6812087893486023,0.10593477636575699,-0.011001368053257465,-0.00472587626427412,0.1505591869354248,-0.10490109026432037,0.0013705480378121138,0.006743026897311211,0.2032335251569748,0.08288611471652985,0.005828825756907463,-0.020450061187148094,0.14381833374500275,-0.11664567142724991,0.10467662662267685,-0.14077329635620117,0.19082382321357727,0.10416898131370544,0.22938962280750275,0.24727295339107513,0.021353641524910927,-0.09616249054670334,0.43408530950546265,0.062142349779605865,0.055895235389471054,0.10655972361564636,0.2442636638879776,0.27367058396339417,0.013806495815515518,-0.09104179590940475,0.450316458940506,0.10818116366863251,0.02897411212325096,0.1396416574716568,0.2377929985523224,0.09016591310501099,0.028309952467679977,-0.11551285535097122,0.47432535886764526,-0.02203674055635929,0.05822649970650673,26,0.867,,,,,,,,,,,,,,,,,,,,,,,,,,,,,,,,,,,,,,,,,,,,,,,,,,,,,,,,,,,,,,,,,,,,,,,,,,,,,,,,,,,,
-0.0646999254822731,-0.5849459171295166,-0.3024834394454956,0.9990692734718323,-0.05051134526729584,-0.6245604753494263,-0.30080121755599976,0.9985836744308472,-0.05095093324780464,-0.6241466403007507,-0.30258339643478394,0.9986647963523865,-0.05040954425930977,-0.624206006526947,-0.30075523257255554,0.9985529184341431,-0.0852288231253624,-0.6257588863372803,-0.2959050238132477,0.998487651348114,-0.0832529217004776,-0.6265690922737122,-0.2960069179534912,0.9985330104827881,-0.0838894322514534,-0.6256161332130432,-0.29218921065330505,0.9983819127082825,0.040733013302087784,-0.6257656216621399,-0.22499771416187286,0.9987533092498779,-0.09966545552015305,-0.6254804134368896,-0.17625859379768372,0.9982041716575623,-0.03146541491150856,-0.5625901818275452,-0.27899041771888733,0.9994760751724243,-0.07235299795866013,-0.561280369758606,-0.2648242115974426,0.9994115233421326,0.16111069917678833,-0.44108009338378906,-0.16335491836071014,0.9981839656829834,-0.15332411229610443,-0.44932177662849426,-0.11064078658819199,0.9988225698471069,0.17634736001491547,-0.18903684616088867,-0.14585892856121063,0.8421330451965332,-0.19114765524864197,-0.221696138381958,-0.056381627917289734,0.7735822796821594,0.14238765835762024,-0.015421351417899132,-0.2276739627122879,0.621401309967041,-0.18144069612026215,-0.042470239102840424,-0.1328309327363968,0.678145706653595,0.14601369202136993,0.03332787752151489,-0.25196388363838196,0.5687679052352905,-0.17972630262374878,0.020239265635609627,-0.14027608931064606,0.6482433676719666,0.09585548937320709,0.018158918246626854,-0.2954069972038269,0.6109857559204102,-0.16662520170211792,0.026170901954174042,-0.18221451342105865,0.667718768119812,0.11783821880817413,-0.009030251763761044,-0.2496872991323471,0.5805437564849854,-0.16903315484523773,-0.02299431897699833,-0.15240028500556946,0.62708580493927,0.10584048181772232,-0.010984188877046108,-0.006159312557429075,0.13843132555484772,-0.10482797771692276,0.0013711174251511693,0.008147204294800758,0.18622271716594696,0.07661262154579163,-0.002733701141551137,-0.03447460010647774,0.13445064425468445,-0.11375021189451218,0.12351711839437485,-0.12180034816265106,0.17926491796970367,0.10944189876317978,0.22500711679458618,0.22712309658527374,0.020549526438117027,-0.10953933745622635,0.46523451805114746,0.1564410775899887,0.05280075967311859,0.11357923597097397,0.23912020027637482,0.2533886432647705,0.013092119246721268,-0.10950525850057602,0.48205676674842834,0.20608896017074585,0.027476010844111443,0.1456255316734314,0.21984907984733582,0.03973149135708809,0.02709616720676422,-0.15154877305030823,0.4964965581893921,0.046392567455768585,0.05476204305887222,27,0.9,,,,,,,,,,,,,,,,,,,,,,,,,,,,,,,,,,,,,,,,,,,,,,,,,,,,,,,,,,,,,,,,,,,,,,,,,,,,,,,,,,,,
-0.0653446614742279,-0.5839065313339233,-0.3028584420681,0.9988243579864502,-0.05055442452430725,-0.6234680414199829,-0.3015499711036682,0.998265266418457,-0.05098564922809601,-0.6230499148368835,-0.30332860350608826,0.9984068274497986,-0.050451841205358505,-0.6231132745742798,-0.3014962077140808,0.9982733726501465,-0.08539051562547684,-0.6249951124191284,-0.2965599298477173,0.9980689883232117,-0.0834108293056488,-0.625793993473053,-0.2966453433036804,0.9981259703636169,-0.08404984325170517,-0.6248345971107483,-0.2928151786327362,0.997914731502533,0.04120970889925957,-0.6251736879348755,-0.22620870172977448,0.9984657168388367,-0.0995703786611557,-0.6256781220436096,-0.17638657987117767,0.9976681470870972,-0.031890444457530975,-0.5618366599082947,-0.27943098545074463,0.9993637204170227,-0.07284417003393173,-0.5609319806098938,-0.2650158405303955,0.9992440938949585,0.1604338437318802,-0.44093599915504456,-0.16331170499324799,0.9981794953346252,-0.15339712798595428,-0.4503820240497589,-0.1094118058681488,0.9986841082572937,0.17657020688056946,-0.18849460780620575,-0.14558298885822296,0.830964982509613,-0.19054630398750305,-0.22304418683052063,-0.047018054872751236,0.7490540742874146,0.14715833961963654,-0.014470268040895462,-0.22909069061279297,0.5775046348571777,-0.1867530345916748,-0.05649957060813904,-0.12985295057296753,0.6227483749389648,0.15261927247047424,0.036558765918016434,-0.2541726529598236,0.5281727910041809,-0.18726558983325958,0.0021319487132132053,-0.14180679619312286,0.5948466062545776,0.10070017725229263,0.021881921216845512,-0.29545050859451294,0.5725746750831604,-0.17841783165931702,0.005088162142783403,-0.1796422004699707,0.6161573529243469,0.12234189361333847,-0.006690157577395439,-0.25050318241119385,0.5427040457725525,-0.17568224668502808,-0.03860234096646309,-0.1485956609249115,0.5787530541419983,0.10557015240192413,-0.010803543031215668,-0.007570963818579912,0.1282697170972824,-0.10459151118993759,0.0012568532256409526,0.009547260589897633,0.17165477573871613,0.07775020599365234,-0.013743611052632332,-0.03986122086644173,0.12598557770252228,-0.11227953433990479,0.11963306367397308,-0.10560344159603119,0.16832764446735382,0.1124618873000145,0.22783724963665009,0.2183218002319336,0.019756419584155083,-0.11051204055547714,0.461437463760376,0.17675742506980896,0.04985715448856354,0.11597812175750732,0.24190859496593475,0.24377059936523438,0.012514608912169933,-0.11003394424915314,0.4776870012283325,0.22155490517616272,0.026325499638915062,0.15303930640220642,0.219212144613266,0.029918640851974487,0.025917695835232735,-0.1509288102388382,0.49340277910232544,0.05490583926439285,0.05159083008766174,28,0.934,,,,,,,,,,,,,,,,,,,,,,,,,,,,,,,,,,,,,,,,,,,,,,,,,,,,,,,,,,,,,,,,,,,,,,,,,,,,,,,,,,,,
