pose_world_0_x,pose_world_0_y,pose_world_0_z,pose_world_0_visibility,pose_world_1_x,pose_world_1_y,pose_world_1_z,pose_world_1_visibility,pose_world_2_x,pose_world_2_y,pose_world_2_z,pose_world_2_visibility,pose_world_3_x,pose_world_3_y,pose_world_3_z,pose_world_3_visibility,pose_world_4_x,pose_world_4_y,pose_world_4_z,pose_world_4_visibility,pose_world_5_x,pose_world_5_y,pose_world_5_z,pose_world_5_visibility,pose_world_6_x,pose_world_6_y,pose_world_6_z,pose_world_6_visibility,pose_world_7_x,pose_world_7_y,pose_world_7_z,pose_world_7_visibility,pose_world_8_x,pose_world_8_y,pose_world_8_z,pose_world_8_visibility,pose_world_9_x,pose_world_9_y,pose_world_9_z,pose_world_9_visibility,pose_world_10_x,pose_world_10_y,pose_world_10_z,pose_world_10_visibility,pose_world_11_x,pose_world_11_y,pose_world_11_z,pose_world_11_visibility,pose_world_12_x,pose_world_12_y,pose_world_12_z,pose_world_12_visibility,pose_world_13_x,pose_world_13_y,pose_world_13_z,pose_world_13_visibility,pose_world_14_x,pose_world_14_y,pose_world_14_z,pose_world_14_visibility,pose_world_15_x,pose_world_15_y,pose_world_15_z,pose_world_15_visibility,pose_world_16_x,pose_world_16_y,pose_world_16_z,pose_world_16_visibility,pose_world_17_x,pose_world_17_y,pose_world_17_z,pose_world_17_visibility,pose_world_18_x,pose_world_18_y,pose_world_18_z,pose_world_18_visibility,pose_world_19_x,pose_world_19_y,pose_world_19_z,pose_world_19_visibility,pose_world_20_x,pose_world_20_y,pose_world_20_z,pose_world_20_visibility,pose_world_21_x,pose_world_21_y,pose_world_21_z,pose_world_21_visibility,pose_world_22_x,pose_world_22_y,pose_world_22_z,pose_world_22_visibility,pose_world_23_x,pose_world_23_y,pose_world_23_z,pose_world_23_visibility,pose_world_24_x,pose_world_24_y,pose_world_24_z,pose_world_24_visibility,pose_world_25_x,pose_world_25_y,pose_world_25_z,pose_world_25_visibility,pose_world_26_x,pose_world_26_y,pose_world_26_z,pose_world_26_visibility,pose_world_27_x,pose_world_27_y,pose_world_27_z,pose_world_27_visibility,pose_world_28_x,pose_world_28_y,pose_world_28_z,pose_world_28_visibility,pose_world_29_x,pose_world_29_y,pose_world_29_z,pose_world_29_visibility,pose_world_30_x,pose_world_30_y,pose_world_30_z,pose_world_30_visibility,pose_world_31_x,pose_world_31_y,pose_world_31_z,pose_world_31_visibility,pose_world_32_x,pose_world_32_y,pose_world_32_z,pose_world_32_visibility,frame,timestamp,right_hand_0_x,right_hand_0_y,right_hand_0_z,right_hand_0_visibility,right_hand_1_x,right_hand_1_y,right_hand_1_z,right_hand_1_visibility,right_hand_2_x,right_hand_2_y,right_hand_2_z,right_hand_2_visibility,right_hand_3_x,right_hand_3_y,right_hand_3_z,right_hand_3_visibility,right_hand_4_x,right_hand_4_y,right_hand_4_z,right_hand_4_visibility,right_hand_5_x,right_hand_5_y,right_hand_5_z,right_hand_5_visibility,right_hand_6_x,right_hand_6_y,right_hand_6_z,right_hand_6_visibility,right_hand_7_x,right_hand_7_y,right_hand_7_z,right_hand_7_visibility,right_hand_8_x,right_hand_8_y,right_hand_8_z,right_hand_8_visibility,right_hand_9_x,right_hand_9_y,right_hand_9_z,right_hand_9_visibility,right_hand_10_x,right_hand_10_y,right_hand_10_z,right_hand_10_visibility,right_hand_11_x,right_hand_11_y,right_hand_11_z,right_hand_11_visibility,right_hand_12_x,right_hand_12_y,right_hand_12_z,right_hand_12_visibility,right_hand_13_x,right_hand_13_y,right_hand_13_z,right_hand_13_visibility,right_hand_14_x,right_hand_14_y,right_hand_14_z,right_hand_14_visibility,right_hand_15_x,right_hand_15_y,right_hand_15_z,right_hand_15_visibility,right_hand_16_x,right_hand_16_y,right_hand_16_z,right_hand_16_visibility,right_hand_17_x,right_hand_17_y,right_hand_17_z,right_hand_17_visibility,right_hand_18_x,right_hand_18_y,right_hand_18_z,right_hand_18_visibility,right_hand_19_x,right_hand_19_y,right_hand_19_z,right_hand_19_visibility,right_hand_20_x,right_hand_20_y,right_hand_20_z,right_hand_20_visibility
-0.0762314572930336,-0.595885694026947,-0.31606653332710266,0.9998090863227844,-0.05750751867890358,-0.6347499489784241,-0.3107375204563141,0.9996059536933899,-0.05785471946001053,-0.6342422366142273,-0.31255221366882324,0.9996531009674072,-0.05748842656612396,-0.634121298789978,-0.3107813596725464,0.9995514750480652,-0.09601768851280212,-0.6370625495910645,-0.3048084080219269,0.9996094107627869,-0.093990758061409,-0.6377825736999512,-0.3048264682292938,0.9996500015258789,-0.0945156067609787,-0.6367747783660889,-0.3010740578174591,0.9995465874671936,0.0458221435546875,-0.6247709393501282,-0.22990906238555908,0.9995399713516235,-0.10871964693069458,-0.6323249340057373,-0.17601387202739716,0.9995136260986328,-0.04093962162733078,-0.5688378214836121,-0.29283180832862854,0.9998842477798462,-0.08561941981315613,-0.569021463394165,-0.2765994369983673,0.9998770952224731,0.16787037253379822,-0.42731598019599915,-0.184518963098526,0.9994575381278992,-0.1687471717596054,-0.445983350276947,-0.12584830820560455,0.9996052384376526,0.20172910392284393,-0.17764557898044586,-0.18639890849590302,0.8272300958633423,-0.20818312466144562,-0.22833941876888275,-0.10711562633514404,0.7820846438407898,0.19458416104316711,0.00738275982439518,-0.2768004238605499,0.1382598876953125,-0.1871609389781952,-0.06978525221347809,-0.23378446698188782,0.16852176189422607,0.19570274651050568,0.07757329940795898,-0.29258808493614197,0.1117180734872818,-0.1756594479084015,-0.005994091741740704,-0.2425767034292221,0.13372038304805756,0.1640544831752777,0.08329909294843674,-0.3448532521724701,0.17684084177017212,-0.16528628766536713,0.007808691821992397,-0.2876136004924774,0.18840472400188446,0.17336700856685638,0.024374743923544884,-0.3005000054836273,0.15090587735176086,-0.17185233533382416,-0.04703838750720024,-0.2550470232963562,0.17650724947452545,0.11083019524812698,-0.012177372351288795,-0.006135847885161638,0.062301091849803925,-0.10980582982301712,0.0034417491406202316,0.008247545920312405,0.0897565707564354,0.05727113410830498,-0.04060756787657738,-0.06075408309698105,0.07384508848190308,-0.09437085688114166,0.10087758302688599,-0.15176256000995636,0.13218607008457184,0.14575086534023285,0.23381488025188446,0.208391934633255,0.0215365681797266,-0.11237281560897827,0.4617299437522888,0.1493145227432251,0.05678896605968475,0.1505802571773529,0.24930742383003235,0.23615103960037231,0.008836030960083008,-0.1146986335515976,0.48033902049064636,0.19386175274848938,0.019798941910266876,0.1835368275642395,0.21944743394851685,-0.005233728792518377,0.024460025131702423,-0.15644463896751404,0.4849894940853119,4.287301271688193e-05,0.04489040747284889,0,0.0,,,,,,,,,,,,,,,,,,,,,,,,,,,,,,,,,,,,,,,,,,,,,,,,,,,,,,,,,,,,,,,,,,,,,,,,,,,,,,,,,,,,
-0.07238903641700745,-0.5949137806892395,-0.3134669363498688,0.99972003698349,-0.055220041424036026,-0.634090006351471,-0.3082766532897949,0.999469518661499,-0.0556112639605999,-0.6336125135421753,-0.3101659119129181,0.9995344877243042,-0.05520153045654297,-0.6335263252258301,-0.30831125378608704,0.9994263052940369,-0.09313447773456573,-0.6358258128166199,-0.3026205003261566,0.9994474649429321,-0.09113103151321411,-0.636570394039154,-0.30263617634773254,0.9994977116584778,-0.09168805927038193,-0.635581374168396,-0.29881444573402405,0.9993789196014404,0.046221744269132614,-0.6251286864280701,-0.2268163412809372,0.9994176626205444,-0.10705533623695374,-0.631261944770813,-0.17560142278671265,0.9993425011634827,-0.03728792816400528,-0.5685996413230896,-0.29001426696777344,0.999847948551178,-0.08135614544153214,-0.5682291388511658,-0.2747150659561157,0.9998265504837036,0.16858531534671783,-0.4300498068332672,-0.1732560247182846,0.999420166015625,-0.16532854735851288,-0.4461570382118225,-0.12108114361763,0.9995625019073486,0.20229917764663696,-0.18224909901618958,-0.16485004127025604,0.8337729573249817,-0.20692066848278046,-0.22771897912025452,-0.10188513249158859,0.7893111109733582,0.18599654734134674,-0.003948820289224386,-0.2565273940563202,0.16628308594226837,-0.146989107131958,-0.08256425708532333,-0.23380239307880402,0.1988845318555832,0.17940294742584229,0.059785015881061554,-0.27884185314178467,0.13429488241672516,-0.12625451385974884,-0.02845451608300209,-0.24968300759792328,0.15900538861751556,0.15271508693695068,0.054599616676568985,-0.32444560527801514,0.20175568759441376,-0.10871146619319916,-0.03630339726805687,-0.28762897849082947,0.2151983380317688,0.16561339795589447,0.007739117369055748,-0.2780151963233948,0.17451122403144836,-0.12742285430431366,-0.06944682449102402,-0.25396570563316345,0.20096038281917572,0.11029218137264252,-0.01183165144175291,-0.006545389071106911,0.0659487172961235,-0.1092977300286293,0.0031329405028373003,0.008638543076813221,0.09165515005588531,0.07454927265644073,-0.030599504709243774,-0.06493018567562103,0.0805429145693779,-0.09420820325613022,0.10147538781166077,-0.12149728834629059,0.13526736199855804,0.1460794359445572,0.252704381942749,0.1838802695274353,0.022675426676869392,-0.092656709253788,0.4589170515537262,0.15284234285354614,0.05657796934247017,0.15068207681179047,0.27068907022476196,0.20718342065811157,0.009295126423239708,-0.08982152491807938,0.4769228994846344,0.19414269924163818,0.020193852484226227,0.18421466648578644,0.24223800003528595,-0.013830367475748062,0.025491194799542427,-0.12460504472255707,0.4848383665084839,0.010125087574124336,0.0451357439160347,1,0.041,,,,,,,,,,,,,,,,,,,,,,,,,,,,,,,,,,,,,,,,,,,,,,,,,,,,,,,,,,,,,,,,,,,,,,,,,,,,,,,,,,,,
-0.07226251810789108,-0.594892144203186,-0.31006354093551636,0.9996668100357056,-0.055215515196323395,-0.6340767741203308,-0.3051731288433075,0.9993777871131897,-0.055609751492738724,-0.6336034536361694,-0.30706536769866943,0.9994482398033142,-0.05519549921154976,-0.6335219740867615,-0.30514129996299744,0.9993354082107544,-0.09287295490503311,-0.6357361078262329,-0.2995920777320862,0.9993578195571899,-0.0908680185675621,-0.6364904642105103,-0.2996448278427124,0.9994188547134399,-0.09143249690532684,-0.6355098485946655,-0.29578256607055664,0.9992985129356384,0.0455746091902256,-0.625720202922821,-0.22385567426681519,0.9993309378623962,-0.10653956234455109,-0.6310938000679016,-0.17496322095394135,0.9992552995681763,-0.03730917349457741,-0.5686608552932739,-0.28689268231391907,0.9998209476470947,-0.08113507181406021,-0.5682052969932556,-0.27237871289253235,0.9997950196266174,0.16811567544937134,-0.43214184045791626,-0.16739879548549652,0.9993669390678406,-0.16479605436325073,-0.4468078911304474,-0.11271806806325912,0.9995235204696655,0.20333746075630188,-0.1829129010438919,-0.15448206663131714,0.8408410549163818,-0.2063935399055481,-0.2277199774980545,-0.10332853347063065,0.7904317378997803,0.1854560524225235,-0.004781375173479319,-0.2450837790966034,0.19615386426448822,-0.15421095490455627,-0.11761637032032013,-0.27255600690841675,0.22281375527381897,0.17918002605438232,0.05634215101599693,-0.2710270881652832,0.15946727991104126,-0.1365654617547989,-0.07845045626163483,-0.3057893216609955,0.1809084564447403,0.15280857682228088,0.04756925627589226,-0.31642791628837585,0.22932177782058716,-0.12107434123754501,-0.09290815889835358,-0.3331642150878906,0.23838575184345245,0.1654375195503235,0.0052236090414226055,-0.2676908075809479,0.20065073668956757,-0.13607104122638702,-0.1104816272854805,-0.28938549757003784,0.22207356989383698,0.10876429080963135,-0.01183176040649414,-0.007430527824908495,0.07146213948726654,-0.108201764523983,0.0030975546687841415,0.009500183165073395,0.09547073394060135,0.08807624876499176,-0.014861924573779106,-0.06317143142223358,0.08649123460054398,-0.0913776084780693,0.1273181140422821,-0.09903248399496078,0.1357044130563736,0.1516736000776291,0.26252782344818115,0.17388448119163513,0.023512916639447212,-0.07715515792369843,0.45777684450149536,0.15804815292358398,0.055788904428482056,0.15509864687919617,0.2800314724445343,0.19511188566684723,0.009751099161803722,-0.07282500714063644,0.47506293654441833,0.1947336345911026,0.02074098214507103,0.1901196390390396,0.2603372037410736,-0.01647595502436161,0.02639533206820488,-0.10988639295101166,0.4905552864074707,0.01756684109568596,0.04531104862689972,2,0.083,,,,,,,,,,,,,,,,,,,,,,,,,,,,,,,,,,,,,,,,,,,,,,,,,,,,,,,,,,,,,,,,,,,,,,,,,,,,,,,,,,,,
-0.07313080877065659,-0.5929641127586365,-0.3031326234340668,0.9996411204338074,-0.05653197318315506,-0.6324314475059509,-0.30035075545310974,0.9993284940719604,-0.05696394294500351,-0.6320111751556396,-0.3022846281528473,0.9993900060653687,-0.05650031939148903,-0.6319724321365356,-0.30028873682022095,0.9992749691009521,-0.09324914962053299,-0.6342173218727112,-0.29350709915161133,0.9993191361427307,-0.09124445915222168,-0.6350246071815491,-0.29362621903419495,0.9993824362754822,-0.09182386100292206,-0.6340775489807129,-0.2897052466869354,0.9992676973342896,0.04502250999212265,-0.6257551312446594,-0.22205570340156555,0.9992784261703491,-0.10463513433933258,-0.6311801671981812,-0.17159514129161835,0.9992128610610962,-0.03779738396406174,-0.5677735805511475,-0.28130820393562317,0.9997983574867249,-0.08119381964206696,-0.5673729181289673,-0.26603397727012634,0.9997720122337341,0.16810962557792664,-0.43309226632118225,-0.16495580971240997,0.9992587566375732,-0.1613982617855072,-0.4503903090953827,-0.09536682814359665,0.9994856715202332,0.20297494530677795,-0.18237555027008057,-0.15271596610546112,0.8486580848693848,-0.20600904524326324,-0.23200544714927673,-0.11332796514034271,0.7905548214912415,0.18505512177944183,0.003523917868733406,-0.24352915585041046,0.24255691468715668,-0.15985770523548126,-0.15991196036338806,-0.3225538730621338,0.26501208543777466,0.17967131733894348,0.0618717335164547,-0.26931247115135193,0.20174801349639893,-0.1484135240316391,-0.13228972256183624,-0.3663126528263092,0.22065429389476776,0.15317410230636597,0.048799481242895126,-0.31236720085144043,0.27120429277420044,-0.13442711532115936,-0.1483220010995865,-0.3814588189125061,0.276837557554245,0.16561050713062286,0.012010878883302212,-0.265086829662323,0.2421308010816574,-0.14385583996772766,-0.15531685948371887,-0.33533960580825806,0.2577689290046692,0.10707135498523712,-0.011811763048171997,-0.00903452280908823,0.09024728834629059,-0.10689136385917664,0.0030604596249759197,0.01105599943548441,0.11480771005153656,0.09484226256608963,0.01838681846857071,-0.056706566363573074,0.0952211543917656,-0.0914006307721138,0.14367026090621948,-0.08045746386051178,0.13843850791454315,0.15129882097244263,0.2854466140270233,0.164583221077919,0.02494005672633648,-0.06778950989246368,0.4573935568332672,0.15788763761520386,0.05573681741952896,0.15367308259010315,0.30340027809143066,0.18301503360271454,0.01059324573725462,-0.06147066131234169,0.47427642345428467,0.18875184655189514,0.021818090230226517,0.18434245884418488,0.2928018271923065,-0.01766764372587204,0.02804679051041603,-0.09490378946065903,0.49832358956336975,0.01654454506933689,0.046420589089393616,3,0.125,0.4614827334880829,0.8376089334487915,6.446106226576376e-08,,0.48639243841171265,0.8685495257377625,-0.003037933027371764,,0.4978819787502289,0.9208762049674988,-0.007725294213742018,,0.49805840849876404,0.9682375192642212,-0.011734023690223694,,0.4940284192562103,1.002988338470459,-0.01589914970099926,,0.4834078252315521,0.9243835210800171,-0.018985847011208534,,0.4833706021308899,0.9813814163208008,-0.027829475700855255,,0.48316842317581177,1.0117533206939697,-0.031224284321069717,,0.4836577773094177,1.0311747789382935,-0.032274920493364334,,0.4636858403682709,0.9257330298423767,-0.021066565066576004,,0.46193209290504456,0.9875767827033997,-0.02828422375023365,,0.4613351821899414,1.0169682502746582,-0.029236340895295143,,0.46084827184677124,1.034019947052002,-0.02920617163181305,,0.445372998714447,0.9243254661560059,-0.022615952417254448,,0.44380509853363037,0.9871345162391663,-0.028246430680155754,,0.44447410106658936,1.0168296098709106,-0.026722058653831482,,0.4450640380382538,1.033807635307312,-0.024714915081858635,,0.42971375584602356,0.9214682579040527,-0.02405528910458088,,0.42642122507095337,0.9749117493629456,-0.028353197500109673,,0.42630454897880554,1.0051298141479492,-0.027171773836016655,,0.42697271704673767,1.0249115228652954,-0.025162383913993835,
-0.07322564721107483,-0.5910601615905762,-0.26559850573539734,0.9996132254600525,-0.057270701974630356,-0.6310667991638184,-0.2643500864505768,0.9992754459381104,-0.05772963538765907,-0.6307119727134705,-0.2663244605064392,0.9993170499801636,-0.05723438411951065,-0.630723774433136,-0.26424556970596313,0.9992014169692993,-0.09327129274606705,-0.6327493190765381,-0.2573167085647583,0.9992814660072327,-0.09126576036214828,-0.6336126923561096,-0.25759485363960266,0.9993438124656677,-0.0918470248579979,-0.6327036023139954,-0.253604531288147,0.9992397427558899,0.04269234091043472,-0.627511203289032,-0.19081850349903107,0.9992292523384094,-0.10326231271028519,-0.6324368119239807,-0.14399386942386627,0.9991821646690369,-0.0380600243806839,-0.5674892663955688,-0.24500583112239838,0.9997649192810059,-0.08104003965854645,-0.5669810771942139,-0.23101602494716644,0.9997454881668091,0.16808824241161346,-0.439220130443573,-0.13321545720100403,0.9991000294685364,-0.15934845805168152,-0.46129336953163147,-0.06251198053359985,0.9994779229164124,0.19940783083438873,-0.18464888632297516,-0.1153726577758789,0.8569978475570679,-0.21166642010211945,-0.2582651674747467,-0.11624358594417572,0.8008002042770386,0.18845432996749878,0.014270183630287647,-0.19448675215244293,0.3031933903694153,-0.1602713018655777,-0.21479590237140656,-0.3532031178474426,0.32910454273223877,0.18516598641872406,0.07378576695919037,-0.2193555384874344,0.2604384422302246,-0.151504248380661,-0.1964484602212906,-0.4086294174194336,0.2851741909980774,0.16876263916492462,0.059224683791399,-0.25938132405281067,0.32587024569511414,-0.13730137050151825,-0.22099995613098145,-0.4110639691352844,0.3368116021156311,0.17367447912693024,0.022339409217238426,-0.21474172174930573,0.2979768216609955,-0.1453913301229477,-0.2147415280342102,-0.36172425746917725,0.31663405895233154,0.10569729655981064,-0.011705984361469746,-0.009723661467432976,0.1362432837486267,-0.10604303330183029,0.0029237286653369665,0.011662871576845646,0.16735069453716278,0.10846858471632004,0.05270414799451828,-0.03553213179111481,0.11351548880338669,-0.08834555745124817,0.17408327758312225,-0.05213222652673721,0.1532680243253708,0.1513090431690216,0.30989351868629456,0.16882570087909698,0.02776017040014267,-0.05022652819752693,0.4605362117290497,0.15362650156021118,0.0610470212996006,0.15363235771656036,0.32950350642204285,0.1873643845319748,0.011951254680752754,-0.041241466999053955,0.4775455594062805,0.17290008068084717,0.024806560948491096,0.18361838161945343,0.33479735255241394,0.008912567980587482,0.03191085532307625,-0.07389380037784576,0.5201568007469177,0.014348848722875118,0.05369267240166664,4,0.166,0.4649195671081543,0.7467169761657715,1.7260009599340265e-07,,0.48841455578804016,0.7787787318229675,-0.008133111521601677,,0.4994034469127655,0.8308958411216736,-0.015824642032384872,,0.4985424280166626,0.8807412385940552,-0.021086987107992172,,0.49520525336265564,0.9153099656105042,-0.026354487985372543,,0.4904342591762543,0.8112796545028687,-0.033859655261039734,,0.49414852261543274,0.8760927319526672,-0.04618273302912712,,0.49425452947616577,0.9177647829055786,-0.049994390457868576,,0.49357640743255615,0.9481440186500549,-0.05097997188568115,,0.46978554129600525,0.8088048100471497,-0.03481335937976837,,0.4689192771911621,0.8843357563018799,-0.04608979448676109,,0.4684452712535858,0.932121753692627,-0.04874640703201294,,0.4678540825843811,0.9668970704078674,-0.04995773360133171,,0.449288010597229,0.8084442019462585,-0.034766748547554016,,0.4469272494316101,0.8836752772331238,-0.04428132623434067,,0.44714754819869995,0.9291847944259644,-0.04609467089176178,,0.44837161898612976,0.9611915349960327,-0.04616216570138931,,0.43230217695236206,0.810172975063324,-0.03457644209265709,,0.4278113842010498,0.8712173700332642,-0.04153719171881676,,0.4256446957588196,0.9089350700378418,-0.04263105243444443,,0.4243452548980713,0.9367737174034119,-0.04242270067334175,
-0.05917023494839668,-0.5776304602622986,-0.30087679624557495,0.9996141791343689,-0.046017587184906006,-0.6192110180854797,-0.30103644728660583,0.9992712140083313,-0.04660620540380478,-0.6188700199127197,-0.30313941836357117,0.9993037581443787,-0.04602014273405075,-0.6188909411430359,-0.3010193109512329,0.9991998076438904,-0.08037160336971283,-0.6192384958267212,-0.2953610122203827,0.9992774128913879,-0.07841482013463974,-0.6200978755950928,-0.2954810857772827,0.9993347525596619,-0.07899969816207886,-0.6191595792770386,-0.29128703474998474,0.9992421865463257,0.04868051037192345,-0.6225507259368896,-0.22333355247974396,0.9992427825927734,-0.09214795380830765,-0.6200436949729919,-0.18061478435993195,0.9991737008094788,-0.02544516883790493,-0.5560575127601624,-0.27895602583885193,0.9997689723968506,-0.0665726512670517,-0.5534508228302002,-0.26612037420272827,0.999748170375824,0.17132997512817383,-0.4367755949497223,-0.1398227959871292,0.9991491436958313,-0.1472940295934677,-0.44920703768730164,-0.0698886513710022,0.99950110912323,0.20147554576396942,-0.1697036325931549,-0.10830795764923096,0.8669438362121582,-0.209444060921669,-0.24880364537239075,-0.1380363553762436,0.8119955062866211,0.2032202035188675,0.041793521493673325,-0.18735170364379883,0.358761727809906,-0.14708846807479858,-0.2777446508407593,-0.35818395018577576,0.388994425535202,0.199157252907753,0.09930901974439621,-0.2018052488565445,0.31272926926612854,-0.12753121554851532,-0.28885698318481445,-0.40344569087028503,0.34521374106407166,0.1886541098356247,0.09156885743141174,-0.24128477275371552,0.3745674788951874,-0.1202501729130745,-0.32603633403778076,-0.3986806571483612,0.39217156171798706,0.1901889443397522,0.05069662630558014,-0.20570296049118042,0.34655269980430603,-0.13166818022727966,-0.28938719630241394,-0.3620518445968628,0.3686154782772064,0.10552465915679932,-0.01167265884578228,-0.009498780593276024,0.15032540261745453,-0.10571419447660446,0.002844718750566244,0.011475472711026669,0.18207097053527832,0.11508390307426453,0.044116679579019547,-0.03448853641748428,0.12160049378871918,-0.08840785920619965,0.13479693233966827,-0.06175193190574646,0.15950413048267365,0.15589892864227295,0.27770689129829407,0.19794777035713196,0.028531361371278763,-0.045470234006643295,0.43678706884384155,0.17017364501953125,0.06115526705980301,0.15817266702651978,0.29347845911979675,0.21723780035972595,0.012714742682874203,-0.0341092124581337,0.45040982961654663,0.1931275725364685,0.02561686560511589,0.19141115248203278,0.27348023653030396,0.023567814379930496,0.03313886746764183,-0.0514119453728199,0.49002960324287415,0.024966806173324585,0.055039845407009125,5,0.208,0.4686006009578705,0.6988961696624756,-1.84221775612059e-07,,0.48688948154449463,0.6959594488143921,-0.00972291175276041,,0.5061517357826233,0.6898918747901917,-0.01884310133755207,,0.5209152102470398,0.693942129611969,-0.02811160311102867,,0.5281645655632019,0.7006107568740845,-0.037303172051906586,,0.5081363320350647,0.6329798698425293,-0.018707768991589546,,0.5102735161781311,0.6551881432533264,-0.03574110567569733,,0.5057719349861145,0.6950643658638,-0.047174353152513504,,0.5015382766723633,0.7301793098449707,-0.05219648778438568,,0.4890899360179901,0.6200098395347595,-0.01926749013364315,,0.48682114481925964,0.6554131507873535,-0.033263299614191055,,0.48413628339767456,0.6933373808860779,-0.037920668721199036,,0.482200026512146,0.7247323989868164,-0.039237868040800095,,0.46937403082847595,0.6181838512420654,-0.02107580192387104,,0.4664630591869354,0.6572355031967163,-0.03340596333146095,,0.4635362923145294,0.68982994556427,-0.03508846089243889,,0.4606795907020569,0.7157484889030457,-0.03367757424712181,,0.4515828490257263,0.622511088848114,-0.023740055039525032,,0.4480201005935669,0.6505575776100159,-0.031710654497146606,,0.44549283385276794,0.6800006628036499,-0.03147686645388603,,0.44335106015205383,0.702186107635498,-0.029179498553276062,
-0.05651485174894333,-0.5747186541557312,-0.28753209114074707,0.9996016025543213,-0.043934352695941925,-0.616717517375946,-0.28888726234436035,0.9992438554763794,-0.0445750467479229,-0.6163819432258606,-0.29106637835502625,0.9992672801017761,-0.04398954659700394,-0.616430938243866,-0.28887784481048584,0.9991821646690369,-0.07681571692228317,-0.6163750886917114,-0.28266462683677673,0.9992371201515198,-0.07490680366754532,-0.6172228455543518,-0.2827857434749603,0.9992859959602356,-0.07551838457584381,-0.6162691712379456,-0.2785380482673645,0.9992072582244873,0.04954928159713745,-0.6223865747451782,-0.21691133081912994,0.9992470145225525,-0.08548112958669662,-0.6188938617706299,-0.17206336557865143,0.9991120100021362,-0.022859467193484306,-0.554013192653656,-0.2676023542881012,0.9997676014900208,-0.06219687685370445,-0.5511249303817749,-0.2536185681819916,0.999739944934845,0.17167635262012482,-0.43637609481811523,-0.13447029888629913,0.9991990327835083,-0.13784147799015045,-0.4477137625217438,-0.06596526503562927,0.9995191097259521,0.1994442641735077,-0.16126437485218048,-0.08740589767694473,0.8780352473258972,-0.2058706134557724,-0.24817562103271484,-0.12652236223220825,0.8241119980812073,0.2027713805437088,0.05009002611041069,-0.15363724529743195,0.4179973900318146,-0.13681261241436005,-0.3097749352455139,-0.338290810585022,0.4471224546432495,0.197612926363945,0.10699079930782318,-0.1649247109889984,0.37176525592803955,-0.11482103168964386,-0.3264768123626709,-0.37671959400177,0.405030757188797,0.18576844036579132,0.10077866911888123,-0.19914162158966064,0.42835140228271484,-0.1073395386338234,-0.3695299029350281,-0.3836498558521271,0.4472631514072418,0.18854139745235443,0.058827467262744904,-0.16850976645946503,0.4018656611442566,-0.1206459328532219,-0.3251495957374573,-0.35626912117004395,0.4232024550437927,0.10514751821756363,-0.010965436697006226,-0.010074223391711712,0.16747140884399414,-0.10498205572366714,0.0022132897283881903,0.012049292214214802,0.1995677649974823,0.12115903198719025,0.04035785794258118,-0.035735320299863815,0.12782174348831177,-0.08945733308792114,0.07771122455596924,-0.06412435322999954,0.16353455185890198,0.15571382641792297,0.271480530500412,0.20059974491596222,0.029158838093280792,-0.038162507116794586,0.41490137577056885,0.17149381339550018,0.06080741062760353,0.15800271928310394,0.2866591215133667,0.2195233702659607,0.013253702782094479,-0.0244316253811121,0.42818135023117065,0.1955406218767166,0.026178032159805298,0.19075064361095428,0.2580675780773163,0.021972516551613808,0.033901941031217575,-0.03905516490340233,0.4594156742095947,0.024509480223059654,0.05564370006322861,6,0.25,0.481681227684021,0.6488963961601257,-1.8884276187236537e-07,,0.5038283467292786,0.635808527469635,-0.0071453675627708435,,0.5217474699020386,0.6154741048812866,-0.012220916338264942,,0.5304446220397949,0.6029657125473022,-0.017674334347248077,,0.5289318561553955,0.5937882661819458,-0.022770896553993225,,0.523205041885376,0.5792486071586609,-0.008497173897922039,,0.5235587954521179,0.5726915597915649,-0.02154639922082424,,0.5150169134140015,0.6043298244476318,-0.030787119641900063,,0.5078635811805725,0.6319456100463867,-0.03475533798336983,,0.506432831287384,0.5689274668693542,-0.008771573193371296,,0.505372166633606,0.5664315223693848,-0.019758235663175583,,0.4973950982093811,0.6004079580307007,-0.023714132606983185,,0.49147430062294006,0.6294548511505127,-0.02416052110493183,,0.490427702665329,0.5649687051773071,-0.010386592708528042,,0.4899611175060272,0.5613390207290649,-0.020017782226204872,,0.4832235276699066,0.5924219489097595,-0.019164318218827248,,0.4779318869113922,0.6189067959785461,-0.016044948250055313,,0.47634345293045044,0.5659943222999573,-0.012618179433047771,,0.4741225242614746,0.5641632676124573,-0.018383273854851723,,0.46938130259513855,0.5886064767837524,-0.016042139381170273,,0.4670342803001404,0.6084360480308533,-0.012296437285840511,
-0.056700874119997025,-0.5726297497749329,-0.2659570872783661,0.9995793700218201,-0.043688394129276276,-0.6144015789031982,-0.2668471336364746,0.999194860458374,-0.04434467479586601,-0.6140773892402649,-0.2689579129219055,0.9992085099220276,-0.04376233369112015,-0.6141403913497925,-0.266804575920105,0.9991468191146851,-0.07590851187705994,-0.6140895485877991,-0.2602391242980957,0.9991673827171326,-0.07401607930660248,-0.6149219274520874,-0.26036015152931213,0.9992013573646545,-0.07465619593858719,-0.6139609813690186,-0.25607922673225403,0.9991344213485718,0.049544889479875565,-0.6210535764694214,-0.19658808410167694,0.9992428421974182,-0.08246293663978577,-0.617100179195404,-0.14799416065216064,0.9989906549453735,-0.023165805265307426,-0.5521098971366882,-0.24662014842033386,0.9997623562812805,-0.06189421936869621,-0.5493277907371521,-0.23155701160430908,0.9997238516807556,0.17016325891017914,-0.4360906481742859,-0.11427266895771027,0.9992461204528809,-0.13259626924991608,-0.4472401440143585,-0.04555061459541321,0.9995290637016296,0.1972062736749649,-0.16159796714782715,-0.06877674907445908,0.8880433440208435,-0.19683672487735748,-0.2509233355522156,-0.10626072436571121,0.8339088559150696,0.2023341953754425,0.05212051793932915,-0.1411493718624115,0.4714130759239197,-0.1061967983841896,-0.34183454513549805,-0.33324697613716125,0.4989871084690094,0.19749411940574646,0.10656413435935974,-0.15583489835262299,0.42528077960014343,-0.07867412269115448,-0.3676756024360657,-0.36604005098342896,0.4580792486667633,0.18687334656715393,0.10171446204185486,-0.1859547197818756,0.4769774079322815,-0.07142315059900284,-0.4138663113117218,-0.3585408926010132,0.49587181210517883,0.1888313591480255,0.06093447282910347,-0.15489231050014496,0.4517219662666321,-0.08920631557703018,-0.3600618541240692,-0.33808445930480957,0.47048500180244446,0.10353142023086548,-0.01068720780313015,-0.01204877719283104,0.18694409728050232,-0.10289150476455688,0.0020048317965120077,0.01399148814380169,0.21825569868087769,0.12715758383274078,0.036480680108070374,-0.04707014188170433,0.12758682668209076,-0.08781436085700989,0.06458157300949097,-0.06788358837366104,0.1602027714252472,0.16062544286251068,0.2664284110069275,0.19909349083900452,0.028623873367905617,-0.02540954202413559,0.41249483823776245,0.17040620744228363,0.05868876725435257,0.1629565805196762,0.2812298536300659,0.21779488027095795,0.01360818836838007,-0.01107567548751831,0.4265195429325104,0.19544550776481628,0.026976799592375755,0.1913101077079773,0.2526121139526367,0.019923904910683632,0.033283721655607224,-0.029283687472343445,0.45576557517051697,0.023584172129631042,0.054471734911203384,7,0.291,0.492986798286438,0.6173412203788757,-8.880311241910022e-08,,0.514896035194397,0.6112216114997864,-0.008960402570664883,,0.5334989428520203,0.5994086861610413,-0.01477851439267397,,0.539845883846283,0.5808655023574829,-0.02083217166364193,,0.5375028848648071,0.5636249780654907,-0.026072075590491295,,0.5324641466140747,0.5421031713485718,-0.006126738153398037,,0.5384717583656311,0.5121545791625977,-0.017718475311994553,,0.532465934753418,0.5294926762580872,-0.026645051315426826,,0.5260556936264038,0.5515999794006348,-0.03070783242583275,,0.51781165599823,0.533859133720398,-0.006248909048736095,,0.5212470293045044,0.5035120248794556,-0.01711863838136196,,0.5175398588180542,0.5235393643379211,-0.023240726441144943,,0.5128046274185181,0.5478636622428894,-0.025030815973877907,,0.504010796546936,0.532188892364502,-0.00796839315444231,,0.5056466460227966,0.5065426230430603,-0.016511492431163788,,0.5048696994781494,0.5246422290802002,-0.01743764616549015,,0.5024122595787048,0.5452547669410706,-0.015895090997219086,,0.49136653542518616,0.5370493531227112,-0.010611158795654774,,0.49235865473747253,0.5191739797592163,-0.015534301288425922,,0.4915291368961334,0.5331994891166687,-0.014098195359110832,,0.490231454372406,0.5498504638671875,-0.011396238580346107,
-0.055802177637815475,-0.5719237923622131,-0.27041858434677124,0.9995701313018799,-0.04269769787788391,-0.6135345697402954,-0.270419180393219,0.9991735219955444,-0.04337761178612709,-0.6132071614265442,-0.27250903844833374,0.9991753101348877,-0.042777251452207565,-0.6132655739784241,-0.2703920900821686,0.9991310238838196,-0.07480087131261826,-0.6135445833206177,-0.26402392983436584,0.9991366863250732,-0.0729275569319725,-0.6143696308135986,-0.26413461565971375,0.999159038066864,-0.07357601076364517,-0.6134058833122253,-0.2599169909954071,0.9991019368171692,0.04997888207435608,-0.6201291084289551,-0.19779226183891296,0.9992436170578003,-0.08215323090553284,-0.6169584393501282,-0.14994694292545319,0.9989285469055176,-0.022493038326501846,-0.5511593818664551,-0.25020793080329895,0.9997631311416626,-0.06123867630958557,-0.548790454864502,-0.23537907004356384,0.9997200965881348,0.16979488730430603,-0.4348151683807373,-0.11361467838287354,0.9992858171463013,-0.1329248696565628,-0.4477796256542206,-0.05457823723554611,0.9995453357696533,0.19524425268173218,-0.1602822244167328,-0.07189174741506577,0.8964962959289551,-0.19571968913078308,-0.2570987343788147,-0.11212748289108276,0.8446872234344482,0.20381085574626923,0.05554051697254181,-0.1530802845954895,0.5192099213600159,-0.08809565007686615,-0.3530636429786682,-0.337304025888443,0.5463624596595764,0.19964775443077087,0.10876621305942535,-0.16915036737918854,0.4733949303627014,-0.05581136792898178,-0.37836408615112305,-0.3843992352485657,0.5069044232368469,0.19143885374069214,0.1057003065943718,-0.20034745335578918,0.520727276802063,-0.0454692468047142,-0.42393478751182556,-0.36234354972839355,0.5406710505485535,0.19169101119041443,0.06494587659835815,-0.16752168536186218,0.49669572710990906,-0.06921213120222092,-0.370682030916214,-0.3370359241962433,0.5144110918045044,0.10315863788127899,-0.010202848352491856,-0.011841938830912113,0.20296862721443176,-0.10221468657255173,0.0016126129776239395,0.013793567195534706,0.23483715951442719,0.13217219710350037,0.02640160359442234,-0.04845840483903885,0.12566739320755005,-0.0875110924243927,0.04801382124423981,-0.07098042964935303,0.15659627318382263,0.1616540402173996,0.2582090198993683,0.20681345462799072,0.027798520401120186,-0.025994107127189636,0.40276581048965454,0.16984224319458008,0.05629628151655197,0.16391226649284363,0.27299782633781433,0.2272801399230957,0.01393718458712101,-0.011702910996973515,0.41614583134651184,0.1956874132156372,0.027243180200457573,0.1930711418390274,0.23912012577056885,0.02728874608874321,0.03228683024644852,-0.021497603505849838,0.4394071698188782,0.02297607809305191,0.052760157734155655,8,0.333,0.5110260844230652,0.6114316582679749,1.6906365374325105e-07,,0.5296096205711365,0.6011438965797424,-0.006212084088474512,,0.5434207916259766,0.5889310240745544,-0.013147764839231968,,0.5524798035621643,0.5807726383209229,-0.02086200751364231,,0.55573570728302,0.5819545388221741,-0.02906900830566883,,0.5423145294189453,0.5320121645927429,-0.011802668683230877,,0.551952600479126,0.5017077922821045,-0.02385568991303444,,0.5616352558135986,0.5045422911643982,-0.03299944847822189,,0.5697415471076965,0.5168197154998779,-0.038374219089746475,,0.5307604074478149,0.5286581516265869,-0.0156702920794487,,0.5334802865982056,0.48899298906326294,-0.026587465777993202,,0.5447623133659363,0.48980313539505005,-0.034076470881700516,,0.5542447566986084,0.5023441314697266,-0.03839647024869919,,0.5178388953208923,0.5360387563705444,-0.02036266401410103,,0.515693187713623,0.4963741898536682,-0.029998155310750008,,0.52596116065979,0.4963645040988922,-0.03576833754777908,,0.5370033979415894,0.5055768489837646,-0.03896471858024597,,0.5048677921295166,0.5517402291297913,-0.02560579590499401,,0.4951398968696594,0.5298627614974976,-0.03423858806490898,,0.49689802527427673,0.5253230929374695,-0.038305215537548065,,0.5012130737304688,0.5273207426071167,-0.04036221280694008,
-0.055966414511203766,-0.5721912384033203,-0.27211669087409973,0.9995602965354919,-0.04291893541812897,-0.6137192845344543,-0.27109000086784363,0.9991412162780762,-0.04359244927763939,-0.6133888959884644,-0.2731955051422119,0.9991298317909241,-0.042994435876607895,-0.6134465932846069,-0.27109572291374207,0.9991098642349243,-0.07525358349084854,-0.6138626933097839,-0.26545441150665283,0.9991058707237244,-0.0733734518289566,-0.6146905422210693,-0.26555031538009644,0.9991219639778137,-0.07401861250400543,-0.613728404045105,-0.2613503336906433,0.9990770220756531,0.04947850480675697,-0.6201738715171814,-0.1936229020357132,0.9992310404777527,-0.08286236226558685,-0.6172715425491333,-0.15051066875457764,0.9988837242126465,-0.02274620719254017,-0.5513709187507629,-0.2505528926849365,0.9997628331184387,-0.061763547360897064,-0.5491437315940857,-0.23682402074337006,0.9997196793556213,0.16786709427833557,-0.43471428751945496,-0.10699960589408875,0.9993237853050232,-0.13357606530189514,-0.4506244957447052,-0.059212587773799896,0.9995669722557068,0.19367709755897522,-0.15937334299087524,-0.063963882625103,0.9037953615188599,-0.19987179338932037,-0.2745979428291321,-0.1231062188744545,0.856164276599884,0.20484477281570435,0.06315094977617264,-0.14605578780174255,0.5613125562667847,-0.07440945506095886,-0.35768285393714905,-0.33500444889068604,0.5883979797363281,0.20118482410907745,0.1178922951221466,-0.16236412525177002,0.5151787996292114,-0.03504239022731781,-0.3761986792087555,-0.3829313814640045,0.5488749146461487,0.19300194084644318,0.11704187095165253,-0.19337767362594604,0.5587198734283447,-0.021608611568808556,-0.41710418462753296,-0.3606903851032257,0.5788925290107727,0.1931879073381424,0.07399147003889084,-0.16044385731220245,0.5359019637107849,-0.05359096825122833,-0.37157970666885376,-0.33376723527908325,0.5513428449630737,0.10306080430746078,-0.010021567344665527,-0.010302302427589893,0.22378475964069366,-0.10200165957212448,0.0015252395533025265,0.012238118797540665,0.25681254267692566,0.13406537473201752,0.02014130726456642,-0.04881652817130089,0.12544609606266022,-0.08709108829498291,0.0520406998693943,-0.072826087474823,0.1561501920223236,0.16139686107635498,0.25926730036735535,0.20870381593704224,0.027567796409130096,-0.02877800725400448,0.4034822881221771,0.16745901107788086,0.05502853915095329,0.16346271336078644,0.2745724618434906,0.22971466183662415,0.014644634909927845,-0.015023967251181602,0.4172678589820862,0.19305767118930817,0.027845239266753197,0.1937127709388733,0.2397197037935257,0.03157258778810501,0.032011181116104126,-0.01878625713288784,0.4407673180103302,0.019421709701418877,0.05215327441692352,9,0.375,0.5190237164497375,0.6111347079277039,1.2405388361003133e-07,,0.5405967235565186,0.6105003356933594,-0.007995450869202614,,0.5568550825119019,0.6061509251594543,-0.01853031851351261,,0.5670524835586548,0.6042366027832031,-0.029523734003305435,,0.5654410719871521,0.5977080464363098,-0.04069996997714043,,0.5613934993743896,0.5401716828346252,-0.021005280315876007,,0.5778290033340454,0.5091277360916138,-0.038943253457546234,,0.588805615901947,0.5273400545120239,-0.05163589119911194,,0.5936759114265442,0.5492963194847107,-0.05826975777745247,,0.5484389662742615,0.537801206111908,-0.025689076632261276,,0.5534970164299011,0.49179261922836304,-0.04218684509396553,,0.5676597952842712,0.508838951587677,-0.052326906472444534,,0.5763528943061829,0.532072901725769,-0.05785141512751579,,0.5337605476379395,0.5450623631477356,-0.03116467222571373,,0.532909095287323,0.49919724464416504,-0.043231669813394547,,0.5466057658195496,0.5099287033081055,-0.04950558766722679,,0.5580565929412842,0.5263862013816833,-0.052832771092653275,,0.519133985042572,0.5604507923126221,-0.03736552223563194,,0.5075984001159668,0.5298389196395874,-0.04676306992769241,,0.5148693919181824,0.5301607847213745,-0.05133096128702164,,0.524762749671936,0.5381337404251099,-0.05400839447975159,
-0.05630073323845863,-0.5720322728157043,-0.2735155522823334,0.9995360374450684,-0.043076999485492706,-0.6134949922561646,-0.2721220850944519,0.9990748763084412,-0.043765611946582794,-0.6131636500358582,-0.27422860264778137,0.999049723148346,-0.04315413162112236,-0.613223671913147,-0.27213624119758606,0.9990583062171936,-0.07554509490728378,-0.6137318015098572,-0.26672303676605225,0.9990408420562744,-0.07365614175796509,-0.6145669221878052,-0.26681405305862427,0.9990522861480713,-0.07429789006710052,-0.6136088371276855,-0.2626301646232605,0.9990213513374329,0.04757298529148102,-0.6200528144836426,-0.1937517374753952,0.9991940855979919,-0.08408001065254211,-0.6173744797706604,-0.15125007927417755,0.9988001585006714,-0.022905949503183365,-0.5512235760688782,-0.25165486335754395,0.9997561573982239,-0.06213273108005524,-0.5491083264350891,-0.23819564282894135,0.9997121095657349,0.16473732888698578,-0.4343057870864868,-0.10736947506666183,0.9993504881858826,-0.13416028022766113,-0.45161521434783936,-0.06190282106399536,0.9995827078819275,0.19226332008838654,-0.15751458704471588,-0.06222476065158844,0.9101109504699707,-0.20611611008644104,-0.2795090675354004,-0.12821687757968903,0.8658449053764343,0.2090340554714203,0.06779419630765915,-0.1434580534696579,0.598292887210846,-0.07267147302627563,-0.3554729223251343,-0.3366546928882599,0.6254934668540955,0.2068759799003601,0.12294281274080276,-0.15962879359722137,0.5515161156654358,-0.03149889409542084,-0.3720492124557495,-0.38576453924179077,0.5854116082191467,0.19989095628261566,0.12206096947193146,-0.19192132353782654,0.5918323993682861,-0.016924375668168068,-0.41368478536605835,-0.36098217964172363,0.6120989918708801,0.19844457507133484,0.0788833275437355,-0.15851262211799622,0.5698468685150146,-0.05099509656429291,-0.36905384063720703,-0.3341074585914612,0.5828630924224854,0.10278650373220444,-0.009964854456484318,-0.009464196860790253,0.23444344103336334,-0.10163528472185135,0.001483463915064931,0.01140927616506815,0.26954543590545654,0.13520017266273499,0.016936158761382103,-0.049665097147226334,0.12538717687129974,-0.086607925593853,0.05672883987426758,-0.07317163795232773,0.1560768485069275,0.1611948013305664,0.2588210999965668,0.20857003331184387,0.02721400000154972,-0.030135460197925568,0.40458622574806213,0.1634436696767807,0.054002612829208374,0.16326816380023956,0.2742133140563965,0.22980080544948578,0.015190276317298412,-0.016598662361502647,0.4183613955974579,0.18913806974887848,0.028554189950227737,0.19607175886631012,0.24067866802215576,0.03203222155570984,0.03165699914097786,-0.020147625356912613,0.44239452481269836,0.01491664070636034,0.05175225809216499,10,0.417,0.5156903862953186,0.611812174320221,1.0963490382209784e-07,,0.5402489304542542,0.6165517568588257,-0.007127766031771898,,0.5582708716392517,0.6172232031822205,-0.01700475625693798,,0.5704879760742188,0.6147418022155762,-0.027513589709997177,,0.5630593299865723,0.6042932271957397,-0.03843536972999573,,0.5642874240875244,0.552403450012207,-0.020036179572343826,,0.5800492167472839,0.5195313096046448,-0.039019450545310974,,0.5897594094276428,0.5389829277992249,-0.05368872731924057,,0.593338131904602,0.5675833821296692,-0.061742398887872696,,0.5510741472244263,0.5473200678825378,-0.02509685419499874,,0.5596309304237366,0.5002737045288086,-0.04140549898147583,,0.5711937546730042,0.517486035823822,-0.05293664336204529,,0.5771600008010864,0.5436306595802307,-0.059724096208810806,,0.5359713435173035,0.5521518588066101,-0.030867023393511772,,0.5371967554092407,0.504194974899292,-0.042583901435136795,,0.5477294921875,0.5137412548065186,-0.05006866529583931,,0.5572758913040161,0.5325250625610352,-0.05460553243756294,,0.5208647847175598,0.5652121305465698,-0.037369053810834885,,0.5106993913650513,0.5338273644447327,-0.047060754150152206,,0.5155808329582214,0.532983124256134,-0.05282897502183914,,0.5239089727401733,0.5429010987281799,-0.05650310590863228,
-0.05574281886219978,-0.5722524523735046,-0.27425503730773926,0.9995246529579163,-0.0429060161113739,-0.6136738061904907,-0.2725210189819336,0.9990388751029968,-0.04359036684036255,-0.6133411526679993,-0.27462971210479736,0.9990031123161316,-0.04297343268990517,-0.6134003400802612,-0.27254074811935425,0.9990296363830566,-0.07544819265604019,-0.6139223575592041,-0.26736384630203247,0.9990102648735046,-0.07355660200119019,-0.6147597432136536,-0.2674505114555359,0.9990187287330627,-0.0741957500576973,-0.613803505897522,-0.2632754147052765,0.9989991188049316,0.0475989393889904,-0.6200928688049316,-0.19334299862384796,0.9991738200187683,-0.08461382985115051,-0.6174530386924744,-0.15182696282863617,0.9987679719924927,-0.022524747997522354,-0.5513742566108704,-0.25219810009002686,0.9997519254684448,-0.06181724742054939,-0.5492709875106812,-0.23900745809078217,0.9997093081474304,0.16475272178649902,-0.4341981112957001,-0.10605614632368088,0.9993676543235779,-0.135250985622406,-0.4516812562942505,-0.06354363262653351,0.999596118927002,0.19064836204051971,-0.1575005203485489,-0.06299591809511185,0.9145728945732117,-0.20652148127555847,-0.27797532081604004,-0.1328544020652771,0.874172568321228,0.20893891155719757,0.06462644040584564,-0.14559181034564972,0.6291171312332153,-0.06764300912618637,-0.3515514135360718,-0.34010031819343567,0.6582614779472351,0.20683600008487701,0.120480477809906,-0.16198383271694183,0.5811349749565125,-0.02567245624959469,-0.36917147040367126,-0.38969773054122925,0.6174354553222656,0.20016609132289886,0.11941727250814438,-0.19427193701267242,0.6188417077064514,-0.012031279504299164,-0.41098201274871826,-0.3631315231323242,0.6410999298095703,0.19848543405532837,0.0756111666560173,-0.16101886332035065,0.5970560312271118,-0.04607103392481804,-0.3652292490005493,-0.3365941345691681,0.6095986366271973,0.1026487648487091,-0.009939713403582573,-0.008467037230730057,0.2408033311367035,-0.10150615125894547,0.001409886172041297,0.010454530827701092,0.27721312642097473,0.13364264369010925,0.01564011722803116,-0.04866590350866318,0.12640425562858582,-0.08649233728647232,0.059479258954524994,-0.07436628639698029,0.1576654314994812,0.15995517373085022,0.25718268752098083,0.20942942798137665,0.02709641121327877,-0.03164609521627426,0.4052005410194397,0.16181603074073792,0.05338006466627121,0.16181989014148712,0.27259528636932373,0.2307298183441162,0.01571551524102688,-0.018874753266572952,0.4186995327472687,0.18733561038970947,0.029150431975722313,0.19657239317893982,0.2407265156507492,0.03298454359173775,0.03172138333320618,-0.02541564591228962,0.44449183344841003,0.012167106382548809,0.05197620019316673,11,0.458,0.5147102475166321,0.6138676404953003,1.3619856531477126e-07,,0.5383819341659546,0.6194631457328796,-0.006328862626105547,,0.5562766194343567,0.618539035320282,-0.015083887614309788,,0.5690103769302368,0.6169466972351074,-0.02456137351691723,,0.5621610879898071,0.6085425615310669,-0.03451882675290108,,0.562788724899292,0.5542770028114319,-0.018340270966291428,,0.5796842575073242,0.5235700607299805,-0.03587539121508598,,0.5895110964775085,0.541355311870575,-0.049228351563215256,,0.5941241979598999,0.5700997114181519,-0.057034555822610855,,0.5505735278129578,0.5481737852096558,-0.023969873785972595,,0.5604380369186401,0.5020537972450256,-0.039861924946308136,,0.571299135684967,0.5180639028549194,-0.05053524300456047,,0.5774326920509338,0.5437348484992981,-0.057025473564863205,,0.5358837842941284,0.552435040473938,-0.03037518449127674,,0.5377992391586304,0.5049377679824829,-0.04272681102156639,,0.5484296083450317,0.5154358744621277,-0.05096878856420517,,0.5579825639724731,0.5352852940559387,-0.05620523914694786,,0.5211772322654724,0.5656516551971436,-0.037454746663570404,,0.5113840699195862,0.5357353091239929,-0.04836972430348396,,0.5150887966156006,0.534805953502655,-0.05542270466685295,,0.5217496752738953,0.5428741574287415,-0.06017560139298439,
-0.05488470569252968,-0.572063148021698,-0.2748377025127411,0.9995262622833252,-0.04213710129261017,-0.6135101318359375,-0.27302518486976624,0.9990277886390686,-0.042823970317840576,-0.6131765246391296,-0.27513137459754944,0.9989855885505676,-0.04221368581056595,-0.6132350564002991,-0.27303844690322876,0.9990222454071045,-0.07469216734170914,-0.6138313412666321,-0.26788750290870667,0.9990039467811584,-0.07279981672763824,-0.614669680595398,-0.26797768473625183,0.9990121126174927,-0.07343611866235733,-0.6137181520462036,-0.2638106048107147,0.9990007281303406,0.04826224967837334,-0.6200039386749268,-0.19399882853031158,0.9991751909255981,-0.08444821834564209,-0.6175635457038879,-0.15210290253162384,0.9987730383872986,-0.021897483617067337,-0.5511801242828369,-0.25280267000198364,0.999754786491394,-0.061152420938014984,-0.5491504669189453,-0.2395995408296585,0.9997144937515259,0.16585500538349152,-0.43268752098083496,-0.10838215053081512,0.9993859529495239,-0.13599306344985962,-0.4516843259334564,-0.06462690234184265,0.9996148943901062,0.18961037695407867,-0.15467548370361328,-0.06678567081689835,0.9202330112457275,-0.20698171854019165,-0.2758735716342926,-0.13514187932014465,0.8831362724304199,0.2127915620803833,0.06486833840608597,-0.143662691116333,0.66008061170578,-0.0674043670296669,-0.34166184067726135,-0.3447488844394684,0.6896862983703613,0.2114344835281372,0.12180523574352264,-0.1570976823568344,0.6112537384033203,-0.025556374341249466,-0.3539729416370392,-0.3935059607028961,0.6493764519691467,0.207294300198555,0.12030254304409027,-0.19164913892745972,0.6463679671287537,-0.009394117631018162,-0.3946325480937958,-0.368474543094635,0.6704926490783691,0.20325450599193573,0.07584008574485779,-0.15939821302890778,0.6252596378326416,-0.044491641223430634,-0.35422128438949585,-0.34145912528038025,0.6387407779693604,0.10273910313844681,-0.009919771924614906,-0.008350563235580921,0.24420465528964996,-0.1016034409403801,0.0013847803929820657,0.010337531566619873,0.28315243124961853,0.13345500826835632,0.008740754798054695,-0.04873407632112503,0.1335744559764862,-0.08650969713926315,0.06227431073784828,-0.07509619742631912,0.1649261862039566,0.16037502884864807,0.25543031096458435,0.20816579461097717,0.02803577482700348,-0.03234725445508957,0.40500590205192566,0.16134242713451385,0.05457527935504913,0.1623539924621582,0.2709064483642578,0.22855685651302338,0.016155334189534187,-0.019326649606227875,0.41843247413635254,0.18673190474510193,0.029549282044172287,0.19919976592063904,0.23954151570796967,0.030133629217743874,0.032793059945106506,-0.027519041672348976,0.44492077827453613,0.009644857607781887,0.05350108817219734,12,0.5,0.5165727138519287,0.6214813590049744,9.965097547137702e-08,,0.5387749671936035,0.6279991269111633,-0.005582433193922043,,0.555327832698822,0.6290054321289062,-0.013916809111833572,,0.5671473741531372,0.6305124163627625,-0.02303861267864704,,0.5629085302352905,0.6227343082427979,-0.032698918133974075,,0.5625714063644409,0.5673823356628418,-0.01913025788962841,,0.5802119374275208,0.5340390205383301,-0.03640543296933174,,0.5899413824081421,0.5534457564353943,-0.04968153312802315,,0.5932024121284485,0.5810660123825073,-0.057261157780885696,,0.5505173802375793,0.5613475441932678,-0.02454853430390358,,0.5600272417068481,0.515009880065918,-0.03908531740307808,,0.5693551898002625,0.5348286628723145,-0.04851635545492172,,0.5730380415916443,0.5601874589920044,-0.054381996393203735,,0.5354675054550171,0.5649125576019287,-0.030546145513653755,,0.5376469492912292,0.5187221169471741,-0.041352614760398865,,0.5472509860992432,0.5314040780067444,-0.04751507565379143,,0.5551939010620117,0.5522018671035767,-0.051541224122047424,,0.5202155113220215,0.5760566592216492,-0.03713308274745941,,0.5098215937614441,0.5453399419784546,-0.046754300594329834,,0.5134275555610657,0.547119140625,-0.05189228802919388,,0.5192239880561829,0.558463990688324,-0.055194105952978134,
-0.052774615585803986,-0.5724889039993286,-0.26644018292427063,0.9995265007019043,-0.04092102497816086,-0.6142125725746155,-0.2632482647895813,0.9990217089653015,-0.04158107563853264,-0.613885223865509,-0.265239953994751,0.9989751577377319,-0.04098685830831528,-0.6139537692070007,-0.26314622163772583,0.9990220665931702,-0.07338587939739227,-0.6141893863677979,-0.2596474587917328,0.9990045428276062,-0.07146479934453964,-0.6150203347206116,-0.259871244430542,0.9990110993385315,-0.07211575657129288,-0.6140739917755127,-0.2557326555252075,0.9990096688270569,0.048311833292245865,-0.6216497421264648,-0.18304461240768433,0.9991690516471863,-0.08454973995685577,-0.6176273822784424,-0.14720717072486877,0.9987936019897461,-0.020139874890446663,-0.5518384575843811,-0.24399252235889435,0.9997526407241821,-0.059234313666820526,-0.5493611097335815,-0.23282866179943085,0.9997162818908691,0.16587281227111816,-0.43508294224739075,-0.0983908548951149,0.9993970394134521,-0.1363767683506012,-0.45132482051849365,-0.0625820979475975,0.9996296167373657,0.18927493691444397,-0.15965791046619415,-0.058816056698560715,0.9244252443313599,-0.21328431367874146,-0.27529287338256836,-0.134471595287323,0.8909268379211426,0.21278983354568481,0.044685252010822296,-0.1358238011598587,0.6862127184867859,-0.06970085948705673,-0.33510515093803406,-0.34286677837371826,0.71614670753479,0.21167881786823273,0.09395395964384079,-0.15328797698020935,0.6355627179145813,-0.02788536623120308,-0.34421610832214355,-0.3923577070236206,0.6742505431175232,0.20767341554164886,0.08827110379934311,-0.18645687401294708,0.6685978174209595,-0.010600890964269638,-0.38332170248031616,-0.3680921196937561,0.693045437335968,0.2037585973739624,0.05240577086806297,-0.15230509638786316,0.6478754878044128,-0.04654189571738243,-0.34544047713279724,-0.34018442034721375,0.6600019335746765,0.1022399440407753,-0.010168655775487423,-0.007208426017314196,0.2518874704837799,-0.10135143250226974,0.0015456336550414562,0.00908973254263401,0.29219692945480347,0.13257063925266266,0.008572258055210114,-0.03970988467335701,0.1297185719013214,-0.0856349989771843,0.09036126732826233,-0.07381005585193634,0.16054390370845795,0.16005708277225494,0.25541064143180847,0.20784874260425568,0.02720942348241806,-0.033351488411426544,0.4054608643054962,0.16127872467041016,0.052559755742549896,0.16212613880634308,0.2708022892475128,0.2284071147441864,0.016020838171243668,-0.020411478355526924,0.41904476284980774,0.1863606721162796,0.02912757731974125,0.20212844014167786,0.2430661916732788,0.03250204026699066,0.032141003757715225,-0.029331954196095467,0.45458605885505676,0.009623768739402294,0.052365560084581375,13,0.542,0.5136711001396179,0.6539109945297241,4.9613916530688584e-08,,0.5339254140853882,0.6616694927215576,-0.006155453156679869,,0.551921010017395,0.6679632663726807,-0.015251174569129944,,0.5614351630210876,0.670599102973938,-0.025215504691004753,,0.5579954981803894,0.6680918335914612,-0.03575720638036728,,0.5623626708984375,0.6093618869781494,-0.02010204643011093,,0.5831364989280701,0.5844841599464417,-0.03699854016304016,,0.5895705819129944,0.6080329418182373,-0.04853464663028717,,0.5908425450325012,0.635094940662384,-0.054558441042900085,,0.5483666658401489,0.600902795791626,-0.02544572576880455,,0.5609081387519836,0.5643905401229858,-0.04037153720855713,,0.5670405626296997,0.5882808566093445,-0.048774655908346176,,0.5683773159980774,0.6147307753562927,-0.053415700793266296,,0.5314943194389343,0.6014817953109741,-0.031373605132102966,,0.5367263555526733,0.5665177702903748,-0.04279083013534546,,0.5448703765869141,0.5837996006011963,-0.04817028343677521,,0.5507827401161194,0.6043407320976257,-0.05117572844028473,,0.5147725343704224,0.6098740100860596,-0.037802908569574356,,0.508497416973114,0.5891219973564148,-0.04584016278386116,,0.5112482309341431,0.5939199924468994,-0.04881690442562103,,0.5144297480583191,0.6022367477416992,-0.05064823478460312,
-0.05156830698251724,-0.5731702446937561,-0.26745346188545227,0.9995337128639221,-0.04044077545404434,-0.615308940410614,-0.2644367814064026,0.9990333318710327,-0.04109128564596176,-0.6149870157241821,-0.26644042134284973,0.99898362159729,-0.04050137847661972,-0.6150619983673096,-0.2643500566482544,0.9990336298942566,-0.07307320088148117,-0.6147927045822144,-0.2605336010456085,0.9990230202674866,-0.07113669067621231,-0.6156226992607117,-0.26073551177978516,0.9990308284759521,-0.07177729159593582,-0.6146802306175232,-0.25659075379371643,0.9990362524986267,0.048307985067367554,-0.6234666705131531,-0.18451754748821259,0.9991766214370728,-0.08493419736623764,-0.6177076101303101,-0.1488487869501114,0.9988383054733276,-0.019094673916697502,-0.5526712536811829,-0.24506525695323944,0.9997556209564209,-0.05844658985733986,-0.5495917201042175,-0.2332499772310257,0.9997237920761108,0.16693583130836487,-0.43658503890037537,-0.10102060437202454,0.9994102716445923,-0.13760855793952942,-0.44942227005958557,-0.06634779274463654,0.9996474385261536,0.19097331166267395,-0.16489362716674805,-0.06154206022620201,0.9283174276351929,-0.21668745577335358,-0.26994654536247253,-0.1402970552444458,0.8987520337104797,0.21330609917640686,0.03226984664797783,-0.13772985339164734,0.7093620300292969,-0.07194220274686813,-0.33301612734794617,-0.3474450409412384,0.741127073764801,0.21146953105926514,0.08383601158857346,-0.154022216796875,0.6567135453224182,-0.030028659850358963,-0.341827392578125,-0.39575570821762085,0.6991145610809326,0.20678900182247162,0.07707969099283218,-0.1882714182138443,0.6880320906639099,-0.013108301907777786,-0.3786001205444336,-0.3739643096923828,0.7159691452980042,0.2038920819759369,0.03991585597395897,-0.1544676125049591,0.667358934879303,-0.048753198236227036,-0.3434116840362549,-0.3451152443885803,0.6823621392250061,0.10228908807039261,-0.010331706143915653,-0.005446223076432943,0.2558625042438507,-0.10150586813688278,0.0015890088398009539,0.00734702218323946,0.29873359203338623,0.13198329508304596,0.0080101964995265,-0.030678359791636467,0.13497184216976166,-0.08564687520265579,0.09859977662563324,-0.0728694275021553,0.1672268658876419,0.15899109840393066,0.2552960216999054,0.20912358164787292,0.027901506051421165,-0.03733525425195694,0.40636464953422546,0.16023273766040802,0.05372440069913864,0.16122160851955414,0.2706771194934845,0.22887027263641357,0.016241243109107018,-0.024441828951239586,0.42008090019226074,0.18418928980827332,0.029123902320861816,0.2055315226316452,0.24322524666786194,0.035402439534664154,0.03351506590843201,-0.03097612038254738,0.45517799258232117,0.007853811606764793,0.0545542947947979,14,0.583,0.5086951851844788,0.6763849854469299,8.937792728147542e-08,,0.5291998386383057,0.6849253177642822,-0.005938812159001827,,0.5469253063201904,0.6887195706367493,-0.01501185167580843,,0.5574913024902344,0.6923611164093018,-0.024854980409145355,,0.5558905601501465,0.688805103302002,-0.03536064922809601,,0.5577563047409058,0.6344078183174133,-0.022640248760581017,,0.5794401168823242,0.6072028875350952,-0.04058203473687172,,0.586350679397583,0.630584180355072,-0.05277707055211067,,0.5880013108253479,0.6583711504936218,-0.05927741155028343,,0.5437226891517639,0.6261215806007385,-0.028302298858761787,,0.5586482882499695,0.5904365181922913,-0.04416543245315552,,0.5657145977020264,0.614559531211853,-0.05283743515610695,,0.5681772828102112,0.6407200694084167,-0.05777183920145035,,0.5264236927032471,0.6263642311096191,-0.034451644867658615,,0.533346951007843,0.5940848588943481,-0.04683580994606018,,0.5422713756561279,0.6125404834747314,-0.05229292809963226,,0.5490650534629822,0.6335959434509277,-0.055389076471328735,,0.5090828537940979,0.6343829035758972,-0.041086673736572266,,0.5070728659629822,0.6160856485366821,-0.05023457854986191,,0.5111691951751709,0.6231064796447754,-0.05344241484999657,,0.5151710510253906,0.6336898803710938,-0.055424828082323074,
-0.048680178821086884,-0.5747265219688416,-0.2684764266014099,0.9995449185371399,-0.03776002675294876,-0.6170139312744141,-0.26486435532569885,0.9990572929382324,-0.03841475024819374,-0.6166914105415344,-0.26691609621047974,0.9990063905715942,-0.037822872400283813,-0.6167686581611633,-0.26478713750839233,0.9990590214729309,-0.07095352560281754,-0.6163951754570007,-0.2613988518714905,0.99904865026474,-0.06901387125253677,-0.6172211766242981,-0.26159656047821045,0.9990556836128235,-0.06963474303483963,-0.6162782311439514,-0.25745728611946106,0.999066174030304,0.050643738359212875,-0.624609649181366,-0.18535949289798737,0.9991950392723083,-0.08483283221721649,-0.6185128092765808,-0.15035724639892578,0.9988821148872375,-0.016160355880856514,-0.5539708733558655,-0.2457657754421234,0.9997609257698059,-0.05622529610991478,-0.5507124066352844,-0.23473447561264038,0.9997319579124451,0.17067942023277283,-0.4367739260196686,-0.10237705707550049,0.9994245767593384,-0.13788999617099762,-0.4494186341762543,-0.06925313919782639,0.9996644854545593,0.19506341218948364,-0.16535216569900513,-0.06328269839286804,0.9320408701896667,-0.22503241896629333,-0.2690105140209198,-0.14077195525169373,0.9062107801437378,0.21893329918384552,0.030080437660217285,-0.13926467299461365,0.7313750982284546,-0.07440684735774994,-0.3264961242675781,-0.34874776005744934,0.7643277049064636,0.21589219570159912,0.08297029882669449,-0.15577536821365356,0.6779576539993286,-0.03164439648389816,-0.33091723918914795,-0.396677702665329,0.7230234742164612,0.2115117907524109,0.07648356258869171,-0.18973377346992493,0.7075737714767456,-0.017340971156954765,-0.3731711506843567,-0.3765634000301361,0.7381986379623413,0.20933599770069122,0.038147978484630585,-0.15582489967346191,0.6874255537986755,-0.04973279684782028,-0.3380233645439148,-0.34694382548332214,0.7050345540046692,0.1026495024561882,-0.010316289961338043,-0.004225271753966808,0.25920483469963074,-0.10185034573078156,0.001547752064652741,0.006175278220325708,0.3050827085971832,0.13276225328445435,0.005426474846899509,-0.03155919164419174,0.13863928616046906,-0.0857994556427002,0.09157479554414749,-0.0738695040345192,0.171619713306427,0.1573106348514557,0.2540132403373718,0.2099815309047699,0.028269898146390915,-0.04160427674651146,0.40542080998420715,0.15805885195732117,0.05415540933609009,0.1592496782541275,0.26929977536201477,0.22953926026821136,0.016385039314627647,-0.028705798089504242,0.4187760651111603,0.18228554725646973,0.02888488955795765,0.20526845753192902,0.2381521761417389,0.03543497994542122,0.03417477756738663,-0.03154004365205765,0.4496467709541321,0.005621568765491247,0.05547727644443512,15,0.625,0.5029511451721191,0.6928945183753967,1.3124896725003055e-07,,0.5259106159210205,0.7024453282356262,-0.005884334910660982,,0.5444087386131287,0.7063695192337036,-0.015875399112701416,,0.5550908446311951,0.7124038338661194,-0.026872888207435608,,0.5509000420570374,0.7107958793640137,-0.03901836276054382,,0.5537925958633423,0.65167635679245,-0.024775292724370956,,0.5771471858024597,0.6277458667755127,-0.044039178639650345,,0.5845835208892822,0.6530458331108093,-0.05741545930504799,,0.5870665311813354,0.6821666955947876,-0.06506476551294327,,0.5395135283470154,0.6453022360801697,-0.03169022500514984,,0.5578337907791138,0.6141417622566223,-0.04980611428618431,,0.5662316083908081,0.6429356336593628,-0.06050499901175499,,0.569439709186554,0.6707466840744019,-0.06695113331079483,,0.5219685435295105,0.6464048027992249,-0.03890360891819,,0.5318459868431091,0.6156845688819885,-0.05347057804465294,,0.5413616299629211,0.6380189657211304,-0.061000045388936996,,0.5479364395141602,0.6599034667015076,-0.06555501371622086,,0.5040978193283081,0.6538019180297852,-0.04647083207964897,,0.5033298134803772,0.6366050839424133,-0.05740728974342346,,0.5085443258285522,0.6453201770782471,-0.06225336343050003,,0.5134614109992981,0.6564697623252869,-0.0657072514295578,
-0.047314081341028214,-0.5754448771476746,-0.2718106210231781,0.9995554685592651,-0.03650019317865372,-0.617687463760376,-0.26735129952430725,0.9990763664245605,-0.03714478388428688,-0.6173689961433411,-0.2694011926651001,0.9990217685699463,-0.0365508608520031,-0.6174439787864685,-0.2672433853149414,0.9990742206573486,-0.07012663036584854,-0.617100179195404,-0.26468586921691895,0.9990757703781128,-0.06817134469747543,-0.6179249286651611,-0.26491618156433105,0.9990838766098022,-0.06878576427698135,-0.6169854402542114,-0.26080578565597534,0.9990987181663513,0.051513101905584335,-0.6249545812606812,-0.18557791411876678,0.9992071986198425,-0.08498844504356384,-0.6188603639602661,-0.15428471565246582,0.9989330172538757,-0.014955254271626472,-0.5545305013656616,-0.24838045239448547,0.9997655153274536,-0.055552612990140915,-0.551210343837738,-0.23873676359653473,0.9997420310974121,0.17199572920799255,-0.4367535412311554,-0.10355518013238907,0.9994184970855713,-0.14171700179576874,-0.4492970108985901,-0.07284486293792725,0.9996798038482666,0.19539935886859894,-0.16513605415821075,-0.06448201090097427,0.9349111914634705,-0.23780705034732819,-0.2682946026325226,-0.14588192105293274,0.9132358431816101,0.22233499586582184,0.031179631128907204,-0.14027534425258636,0.7500126361846924,-0.09186940640211105,-0.31669890880584717,-0.358955979347229,0.7851057052612305,0.21997316181659698,0.08415307849645615,-0.15680275857448578,0.6948809027671814,-0.04912198334932327,-0.31861427426338196,-0.407294362783432,0.7440066933631897,0.2160833477973938,0.07841699570417404,-0.190656840801239,0.7232808470726013,-0.030060626566410065,-0.3618384599685669,-0.3895100951194763,0.757673978805542,0.21287186443805695,0.039543408900499344,-0.1562264859676361,0.7033501863479614,-0.06635234504938126,-0.32804781198501587,-0.35789746046066284,0.7246091961860657,0.10286582261323929,-0.010633193887770176,-0.002661466132849455,0.2557607591152191,-0.10218682140111923,0.001719401334412396,0.004613698460161686,0.3050912916660309,0.13365843892097473,0.0006288907025009394,-0.029866890981793404,0.14093147218227386,-0.0858534574508667,0.0971294716000557,-0.07407553493976593,0.17514604330062866,0.1574808806180954,0.24927102029323578,0.21035794913768768,0.028175922110676765,-0.046106599271297455,0.405810683965683,0.15414181351661682,0.054118793457746506,0.1595391184091568,0.2642284035682678,0.22966760396957397,0.01629716344177723,-0.03346377611160278,0.4193241000175476,0.17731991410255432,0.028308872133493423,0.21219024062156677,0.234475240111351,0.0368192195892334,0.03432157635688782,-0.03339915722608566,0.4497908353805542,-0.0007401264156214893,0.0557667501270771,16,0.667,0.4979657530784607,0.6986145973205566,1.5455570689937304e-07,,0.5231558680534363,0.7102211117744446,-0.0043641263619065285,,0.5420140027999878,0.711877167224884,-0.013621088117361069,,0.5526887774467468,0.721856951713562,-0.024169454351067543,,0.5473373532295227,0.7326260209083557,-0.03608529269695282,,0.5513365268707275,0.6628758907318115,-0.02339048869907856,,0.5749709010124207,0.6418144106864929,-0.04143189638853073,,0.5833382606506348,0.6674095392227173,-0.05425695329904556,,0.585964560508728,0.6968350410461426,-0.062024638056755066,,0.5378639698028564,0.6574805378913879,-0.03116626664996147,,0.5565672516822815,0.6311173439025879,-0.04863378405570984,,0.5670404434204102,0.6595146059989929,-0.058983396738767624,,0.5706565976142883,0.6868297457695007,-0.0656132623553276,,0.520744264125824,0.6594066023826599,-0.039097271859645844,,0.5320520401000977,0.6328232884407043,-0.0536884143948555,,0.5422637462615967,0.656149685382843,-0.06166888773441315,,0.5482107400894165,0.6778348684310913,-0.06669755280017853,,0.5027684569358826,0.6669944524765015,-0.047291241586208344,,0.5025453567504883,0.6516859531402588,-0.05887320637702942,,0.5081705451011658,0.6601037979125977,-0.06445442885160446,,0.5130189657211304,0.6705759763717651,-0.06856576353311539,
-0.048080720007419586,-0.5761633515357971,-0.27204880118370056,0.9995788335800171,-0.037012677639722824,-0.618294358253479,-0.26767560839653015,0.9991201758384705,-0.03764732927083969,-0.6179748773574829,-0.2697104215621948,0.999065637588501,-0.03706817328929901,-0.618047297000885,-0.26754894852638245,0.9991146922111511,-0.07081020623445511,-0.6178671717643738,-0.26484203338623047,0.9991259574890137,-0.06883402168750763,-0.618679940700531,-0.2650896906852722,0.9991350173950195,-0.06945332884788513,-0.6177458167076111,-0.26098939776420593,0.999151349067688,0.051284946501255035,-0.6251795887947083,-0.18613307178020477,0.9992422461509705,-0.08637569099664688,-0.6196338534355164,-0.15432681143283844,0.999004602432251,-0.01566152460873127,-0.5550481677055359,-0.2487833946943283,0.9997763633728027,-0.05650274455547333,-0.5518353581428528,-0.23899328708648682,0.9997575283050537,0.172063410282135,-0.43671366572380066,-0.10422244668006897,0.9994224309921265,-0.1466212123632431,-0.4492879807949066,-0.07259508222341537,0.9996986389160156,0.19569748640060425,-0.16521239280700684,-0.06619086861610413,0.938877284526825,-0.2478054314851761,-0.2681175768375397,-0.14538022875785828,0.9201486706733704,0.22396351397037506,0.028086412698030472,-0.14144763350486755,0.7690808773040771,-0.10434722155332565,-0.30162206292152405,-0.3569509983062744,0.8042833805084229,0.22213567793369293,0.08145011216402054,-0.15779460966587067,0.7123672962188721,-0.06175463646650314,-0.29909828305244446,-0.4049344062805176,0.7631660103797913,0.2183385044336319,0.07518327236175537,-0.1922806203365326,0.7394063472747803,-0.03959200531244278,-0.3398404121398926,-0.3877165615558624,0.7754775881767273,0.21473561227321625,0.036210689693689346,-0.15780521929264069,0.7201511859893799,-0.07831598818302155,-0.3114256262779236,-0.3561208248138428,0.7431802153587341,0.10313336551189423,-0.011135061271488667,-0.0026487167924642563,0.25484439730644226,-0.10265722125768661,0.002070523099973798,0.004587731324136257,0.30883821845054626,0.13422495126724243,-0.004629811272025108,-0.02995431423187256,0.142547145485878,-0.08709605783224106,0.10575010627508163,-0.07410111278295517,0.176857128739357,0.16086579859256744,0.243515744805336,0.2076013684272766,0.027935510501265526,-0.04799547791481018,0.40899813175201416,0.1538613736629486,0.05368463695049286,0.16336025297641754,0.2575717568397522,0.22570320963859558,0.01592395454645157,-0.0354539193212986,0.4225665330886841,0.17673249542713165,0.027515564113855362,0.2165965437889099,0.2323438674211502,0.03486345708370209,0.03420866280794144,-0.04106522724032402,0.4571760296821594,-0.0029196152463555336,0.05556850880384445,17,0.709,0.49142855405807495,0.7182992100715637,1.5429500876962265e-07,,0.5174123644828796,0.7315514087677002,-0.003919860813766718,,0.5364587903022766,0.731714129447937,-0.01238169614225626,,0.5465562343597412,0.7406052947044373,-0.022345760837197304,,0.5411820411682129,0.7511611580848694,-0.033463217318058014,,0.5462673306465149,0.6822155117988586,-0.019795462489128113,,0.569887101650238,0.6602771282196045,-0.03713519498705864,,0.5784714818000793,0.684409499168396,-0.04992443695664406,,0.5812655687332153,0.7130220532417297,-0.05786455050110817,,0.5340353846549988,0.6760379076004028,-0.027624422684311867,,0.5548250079154968,0.6513925790786743,-0.04452011361718178,,0.5653426051139832,0.6806501746177673,-0.05447743833065033,,0.5699341297149658,0.7090002298355103,-0.06058204174041748,,0.5177822113037109,0.677812397480011,-0.0358562208712101,,0.5315665602684021,0.6490777730941772,-0.04992269352078438,,0.5426077842712402,0.6750501394271851,-0.057431645691394806,,0.5503434538841248,0.7008923292160034,-0.06199350953102112,,0.5000426769256592,0.6861811280250549,-0.04449096694588661,,0.49800485372543335,0.6697406768798828,-0.055745597928762436,,0.5037720799446106,0.6802046298980713,-0.061348557472229004,,0.5097545385360718,0.6940944790840149,-0.0653069019317627,
-0.052054502069950104,-0.5771540999412537,-0.27146920561790466,0.9996037483215332,-0.040375564247369766,-0.6192252039909363,-0.26711031794548035,0.9991671442985535,-0.04098648950457573,-0.6188979148864746,-0.2691147029399872,0.9991138577461243,-0.040440596640110016,-0.6189664006233215,-0.2669479250907898,0.9991597533226013,-0.07445615530014038,-0.61896812915802,-0.264107346534729,0.9991776347160339,-0.07245173305273056,-0.6197691559791565,-0.2643853425979614,0.9991874098777771,-0.07307340204715729,-0.6188387274742126,-0.26030710339546204,0.9992043375968933,0.04897639900445938,-0.625815749168396,-0.1857282668352127,0.9992799162864685,-0.0904153361916542,-0.6209729313850403,-0.15335547924041748,0.9990744590759277,-0.019356228411197662,-0.5559187531471252,-0.24836774170398712,0.9997881650924683,-0.06048795208334923,-0.5528358817100525,-0.2384834736585617,0.9997730851173401,0.17122173309326172,-0.4370986521244049,-0.1046384796500206,0.9994356036186218,-0.15274719893932343,-0.449362188577652,-0.07124173641204834,0.9997168779373169,0.19592556357383728,-0.16576062142848969,-0.06745776534080505,0.9424242377281189,-0.2553500831127167,-0.26774731278419495,-0.14502695202827454,0.9262752532958984,0.22510749101638794,0.02423992194235325,-0.1422838419675827,0.785371720790863,-0.10880457609891891,-0.29044124484062195,-0.3557821810245514,0.8208410739898682,0.22378338873386383,0.07766365259885788,-0.15857301652431488,0.7266263365745544,-0.0652196854352951,-0.2847748100757599,-0.40204229950904846,0.7785834074020386,0.21944129467010498,0.07153201103210449,-0.19328714907169342,0.7528139352798462,-0.04249371960759163,-0.32310283184051514,-0.38694143295288086,0.789810836315155,0.21589073538780212,0.03246079012751579,-0.15882527828216553,0.7339290380477905,-0.08260476589202881,-0.29877394437789917,-0.35545992851257324,0.7577785849571228,0.10337231308221817,-0.011824997141957283,-0.002657969482243061,0.25127094984054565,-0.10303960740566254,0.0025385755579918623,0.004595511127263308,0.30798760056495667,0.13413135707378387,-0.012043774127960205,-0.029697436839342117,0.14329689741134644,-0.08904625475406647,0.10875546187162399,-0.07423163205385208,0.17661605775356293,0.16152425110340118,0.23798704147338867,0.2053350806236267,0.027695797383785248,-0.052418481558561325,0.4102075695991516,0.1539851576089859,0.052938368171453476,0.16404816508293152,0.25142404437065125,0.22294504940509796,0.01553543470799923,-0.04041193053126335,0.4235985577106476,0.176847442984581,0.02667974680662155,0.21692803502082825,0.22816099226474762,0.029930301010608673,0.03413442522287369,-0.05302711948752403,0.4598364233970642,-0.0032553961500525475,0.05516480281949043,18,0.75,0.4873937666416168,0.7316035628318787,1.735282211257072e-07,,0.5148891806602478,0.7481575012207031,-0.0037820786237716675,,0.5339741706848145,0.7499722242355347,-0.013134711422026157,,0.543363630771637,0.7577696442604065,-0.024012209847569466,,0.5391685366630554,0.7685450315475464,-0.036410748958587646,,0.5453291535377502,0.6976261138916016,-0.02390267327427864,,0.5672987103462219,0.6760014891624451,-0.042604025453329086,,0.5760923027992249,0.6989875435829163,-0.05613712593913078,,0.5797466039657593,0.7286730408668518,-0.06454143673181534,,0.5324710011482239,0.6918804049491882,-0.03237936273217201,,0.5505548119544983,0.6705295443534851,-0.0502527691423893,,0.5616750121116638,0.6972233653068542,-0.061452414840459824,,0.5668681263923645,0.7249913215637207,-0.06897541880607605,,0.5151419639587402,0.6937628388404846,-0.04088843613862991,,0.5277828574180603,0.6739152073860168,-0.05629092827439308,,0.5382764935493469,0.6970959901809692,-0.0653788223862648,,0.5449606776237488,0.7199893593788147,-0.0713113322854042,,0.49630698561668396,0.7021642923355103,-0.04956962913274765,,0.4977060556411743,0.6935118436813354,-0.06190665438771248,,0.5035765171051025,0.7019189596176147,-0.0680411159992218,,0.5084059834480286,0.7124852538108826,-0.07252074033021927,
-0.05318678170442581,-0.5776245594024658,-0.26921164989471436,0.9996195435523987,-0.04162510484457016,-0.6198136210441589,-0.2649018466472626,0.9991973638534546,-0.04222492501139641,-0.6194837093353271,-0.2669072449207306,0.999144971370697,-0.04168977588415146,-0.6195544600486755,-0.2647368609905243,0.9991884827613831,-0.07574495673179626,-0.6195412874221802,-0.26156923174858093,0.9992098808288574,-0.07373153418302536,-0.620345413684845,-0.26184919476509094,0.9992201924324036,-0.07434878498315811,-0.6194222569465637,-0.257799357175827,0.9992379546165466,0.04851987585425377,-0.6266694664955139,-0.18454506993293762,0.999301552772522,-0.09121938794851303,-0.6218504905700684,-0.15105262398719788,0.9991241693496704,-0.020044291391968727,-0.5564944744110107,-0.24660953879356384,0.999794602394104,-0.061171818524599075,-0.5533614158630371,-0.2364564687013626,0.9997827410697937,0.17130747437477112,-0.4375799000263214,-0.1049712747335434,0.9994364380836487,-0.15336298942565918,-0.4495116174221039,-0.07051344960927963,0.9997289776802063,0.19596269726753235,-0.1658983677625656,-0.06937094032764435,0.9447045922279358,-0.25771257281303406,-0.2675367295742035,-0.14403516054153442,0.9314386248588562,0.2259148359298706,0.024961236864328384,-0.14284242689609528,0.7978224754333496,-0.1090003028512001,-0.28227391839027405,-0.3517930507659912,0.8350459933280945,0.22518129646778107,0.07913924008607864,-0.1591246873140335,0.736750066280365,-0.0652475357055664,-0.273121178150177,-0.39608874917030334,0.7913686633110046,0.22029124200344086,0.0733039453625679,-0.19352364540100098,0.7625309824943542,-0.04244743287563324,-0.31095972657203674,-0.3836976885795593,0.8017482757568359,0.21664656698703766,0.03298648074269295,-0.15926332771778107,0.7438187599182129,-0.08263152837753296,-0.28968966007232666,-0.35225504636764526,0.7697567939758301,0.10347045958042145,-0.01207607239484787,-0.0026507708244025707,0.249003067612648,-0.10319608449935913,0.002702439436689019,0.004587789066135883,0.30776283144950867,0.13336549699306488,-0.011736702173948288,-0.029987936839461327,0.14737260341644287,-0.089155413210392,0.11155904084444046,-0.07459583133459091,0.18099470436573029,0.1614740788936615,0.24316060543060303,0.19838961958885193,0.028435705229640007,-0.053159695118665695,0.414972722530365,0.15008658170700073,0.053981341421604156,0.16398636996746063,0.25745588541030884,0.2151707261800766,0.015503243543207645,-0.041338417679071426,0.4285023510456085,0.1727137714624405,0.02640298381447792,0.21661415696144104,0.23474271595478058,0.02074742317199707,0.03522101044654846,-0.055486664175987244,0.46394991874694824,-0.0081898532807827,0.05655078962445259,19,0.792,0.4824431240558624,0.7392696142196655,1.6593777729667636e-07,,0.5145678520202637,0.759736955165863,0.000535052502527833,,0.5369132161140442,0.7641751170158386,-0.005560891702771187,,0.5511114597320557,0.767111599445343,-0.013599153608083725,,0.5560851693153381,0.7754132747650146,-0.022794954478740692,,0.546194314956665,0.6980775594711304,-0.01677958481013775,,0.5678960084915161,0.6999120116233826,-0.0322783961892128,,0.5758261680603027,0.7300224900245667,-0.043345410376787186,,0.578555166721344,0.7596305012702942,-0.05018610879778862,,0.53314608335495,0.6929082274436951,-0.025530988350510597,,0.5537272691726685,0.7024492025375366,-0.03909526765346527,,0.5639343857765198,0.7336640357971191,-0.04643227905035019,,0.5672286152839661,0.7609966397285461,-0.05176598206162453,,0.5155461430549622,0.6996164917945862,-0.03415100276470184,,0.5317897796630859,0.7105085849761963,-0.04667672887444496,,0.5403181910514832,0.7373397946357727,-0.052195560187101364,,0.5441418886184692,0.7599444389343262,-0.05599076673388481,,0.49632763862609863,0.7136856317520142,-0.04259189963340759,,0.5000758171081543,0.7284175157546997,-0.05259564146399498,,0.5059317946434021,0.743490993976593,-0.05620768666267395,,0.5101200938224792,0.7577446103096008,-0.0587015375494957,
-0.05913061648607254,-0.579508364200592,-0.26936623454093933,0.9996402263641357,-0.04697420075535774,-0.6215519905090332,-0.2650608718395233,0.9992360472679138,-0.047541242092847824,-0.6212148666381836,-0.26705223321914673,0.9991846680641174,-0.04703793674707413,-0.6212777495384216,-0.26488596200942993,0.9992240071296692,-0.08139596879482269,-0.6214925050735474,-0.2616511881351471,0.9992530345916748,-0.07936181873083115,-0.6222865581512451,-0.26194122433662415,0.9992644190788269,-0.07997758686542511,-0.6213703155517578,-0.2578996419906616,0.99928218126297,0.044559966772794724,-0.6277472376823425,-0.18470749258995056,0.9993272423744202,-0.09664499759674072,-0.6237887740135193,-0.1508483737707138,0.9991819262504578,-0.025664642453193665,-0.5580977201461792,-0.24678994715213776,0.9998030066490173,-0.06705082207918167,-0.5551427602767944,-0.23656949400901794,0.9997949004173279,0.1693165898323059,-0.4380364716053009,-0.10754962265491486,0.9994357228279114,-0.1595780849456787,-0.4502095878124237,-0.07060942053794861,0.9997435808181763,0.19398075342178345,-0.1661832630634308,-0.0761149525642395,0.9470598101615906,-0.26452308893203735,-0.267423540353775,-0.14384011924266815,0.9364748001098633,0.22561374306678772,0.025658108294010162,-0.14594385027885437,0.8088467717170715,-0.11503084003925323,-0.271073579788208,-0.3511420786380768,0.8479382395744324,0.2248358279466629,0.07987318187952042,-0.1627269685268402,0.7446449995040894,-0.07083586603403091,-0.25866734981536865,-0.3957699239253998,0.8025938868522644,0.21988950669765472,0.07412973046302795,-0.200149804353714,0.7705042362213135,-0.04620238393545151,-0.2940225601196289,-0.38337963819503784,0.8123548626899719,0.21642839908599854,0.03392313793301582,-0.16385582089424133,0.7518274784088135,-0.08802734315395355,-0.27703264355659485,-0.35161495208740234,0.7805404663085938,0.103594109416008,-0.012586760334670544,-0.0026366321835666895,0.24613074958324432,-0.10346104204654694,0.003077390603721142,0.004564001690596342,0.30786818265914917,0.13043230772018433,-0.011989823542535305,-0.028173061087727547,0.1481466442346573,-0.0898977518081665,0.12132281064987183,-0.07451757043600082,0.18094052374362946,0.16138219833374023,0.24334529042243958,0.19655658304691315,0.028419839218258858,-0.0591316893696785,0.41692835092544556,0.15047116577625275,0.05343499407172203,0.16392113268375397,0.2576581537723541,0.2131364941596985,0.015164925716817379,-0.04855415225028992,0.4305381178855896,0.17294913530349731,0.025596551597118378,0.21626397967338562,0.2353229969739914,0.01888013258576393,0.035417117178440094,-0.06704939156770706,0.46750542521476746,-0.007932391948997974,0.05633457377552986,20,0.834,0.47437918186187744,0.7587776780128479,1.4007781601321767e-07,,0.5063402056694031,0.7855979204177856,-0.0008888382581062615,,0.5306088328361511,0.7915927171707153,-0.006106409709900618,,0.5453866720199585,0.7920808792114258,-0.012852747924625874,,0.5550729632377625,0.7968840599060059,-0.020548295229673386,,0.5429571270942688,0.7285930514335632,-0.015408278442919254,,0.5660921335220337,0.7295153737068176,-0.030432771891355515,,0.5744005441665649,0.7587072849273682,-0.04116560518741608,,0.5773568153381348,0.7888733744621277,-0.04777925834059715,,0.5303429365158081,0.722821831703186,-0.022735174745321274,,0.5510451793670654,0.7365487217903137,-0.0359327495098114,,0.5614920258522034,0.7683559656143188,-0.04386806860566139,,0.5666845440864563,0.7964304685592651,-0.04971408471465111,,0.5129256248474121,0.7275695204734802,-0.030179301276803017,,0.5310140252113342,0.7456963062286377,-0.04427724704146385,,0.5398269891738892,0.7779062986373901,-0.05105781555175781,,0.5443326830863953,0.8056678771972656,-0.05522826686501503,,0.4934890866279602,0.740403950214386,-0.037360627204179764,,0.4998181462287903,0.763289213180542,-0.050316788256168365,,0.5048277974128723,0.7856720089912415,-0.055256690829992294,,0.5080496072769165,0.805634617805481,-0.05799604579806328,
-0.062125228345394135,-0.5797957181930542,-0.2694969177246094,0.9996586441993713,-0.04947967827320099,-0.6217741370201111,-0.2651783227920532,0.9992707371711731,-0.05002046376466751,-0.6214382648468018,-0.26714572310447693,0.9992202520370483,-0.04954284429550171,-0.6214911341667175,-0.2649886906147003,0.9992519617080688,-0.08424300700426102,-0.6217918992042542,-0.2616717219352722,0.9992918968200684,-0.08219600468873978,-0.6225781440734863,-0.26197969913482666,0.9993042945861816,-0.08282337337732315,-0.6216623783111572,-0.2579454183578491,0.9993211030960083,0.04304716736078262,-0.6278461217880249,-0.18484966456890106,0.9993500709533691,-0.09940268844366074,-0.6242080926895142,-0.15038613975048065,0.9992350935935974,-0.028463836759328842,-0.5583338737487793,-0.24693715572357178,0.9998117685317993,-0.07018985599279404,-0.5554346442222595,-0.23664462566375732,0.9998066425323486,0.1692371815443039,-0.438285768032074,-0.10989391803741455,0.999431848526001,-0.16224561631679535,-0.4505057632923126,-0.07131973654031754,0.999757707118988,0.19530528783798218,-0.16712208092212677,-0.08432753384113312,0.9494585394859314,-0.2642143964767456,-0.2654520869255066,-0.1444583535194397,0.9412493705749512,0.22750158607959747,0.030198438093066216,-0.15694761276245117,0.8179218173027039,-0.12192784249782562,-0.24865391850471497,-0.3574133813381195,0.8600234389305115,0.22801882028579712,0.08970338106155396,-0.17486102879047394,0.7492955327033997,-0.07972410321235657,-0.23254512250423431,-0.4037152826786041,0.8138779997825623,0.22118766605854034,0.08429732173681259,-0.2163313776254654,0.7758246660232544,-0.05319369584321976,-0.2661247253417969,-0.3971262574195862,0.8231305480003357,0.21776576340198517,0.039558783173561096,-0.17676903307437897,0.7569583654403687,-0.09467842429876328,-0.2536769211292267,-0.36000800132751465,0.7916223406791687,0.10366562008857727,-0.013071293011307716,-0.002828754484653473,0.2457379698753357,-0.10368600487709045,0.00358441099524498,0.004702263977378607,0.31182244420051575,0.12686337530612946,-0.00920528918504715,-0.027907274663448334,0.14902473986148834,-0.08995748311281204,0.14592310786247253,-0.0732400193810463,0.18076518177986145,0.16348828375339508,0.24492128193378448,0.19555053114891052,0.02818482369184494,-0.06059796363115311,0.4323329031467438,0.1562136560678482,0.05283104628324509,0.1666722148656845,0.25918519496917725,0.21215516328811646,0.014760525897145271,-0.05088777840137482,0.4475725293159485,0.17902371287345886,0.024819640442728996,0.21730901300907135,0.24339134991168976,0.019116077572107315,0.03507822006940842,-0.07384886592626572,0.48790857195854187,0.000430047424742952,0.055552203208208084,21,0.875,0.4813600778579712,0.7815617918968201,1.9340093615483056e-07,,0.5127022862434387,0.7910815477371216,-0.00045623976620845497,,0.5391368269920349,0.8147197365760803,-0.005797261837869883,,0.5560685992240906,0.8390408754348755,-0.011648536659777164,,0.5673232078552246,0.8595584034919739,-0.017553621903061867,,0.542309582233429,0.7951969504356384,-0.02053038403391838,,0.5655553340911865,0.8073317408561707,-0.034896835684776306,,0.5738756656646729,0.8351084589958191,-0.04392910376191139,,0.57645583152771,0.8612996339797974,-0.04937783256173134,,0.529726505279541,0.8000932931900024,-0.027451151981949806,,0.5483159422874451,0.8167818784713745,-0.04029308259487152,,0.5577265024185181,0.8474765419960022,-0.04608334228396416,,0.5617366433143616,0.8742755651473999,-0.050156768411397934,,0.5130460858345032,0.8099834322929382,-0.03401751071214676,,0.5269667506217957,0.8283873200416565,-0.04675961658358574,,0.535718560218811,0.8549589514732361,-0.0523856095969677,,0.5418176054954529,0.8770446181297302,-0.05590170994400978,,0.49467676877975464,0.8239463567733765,-0.04022602364420891,,0.4975268840789795,0.8450914621353149,-0.05078142136335373,,0.5012732744216919,0.863489031791687,-0.054780926555395126,,0.5048657655715942,0.8816404938697815,-0.057281795889139175,
-0.06492480635643005,-0.5801336169242859,-0.2688547968864441,0.9996728301048279,-0.052198268473148346,-0.6221275925636292,-0.26447734236717224,0.9992981553077698,-0.05273561552166939,-0.6217889189720154,-0.2664107084274292,0.9992479085922241,-0.052260592579841614,-0.6218363046646118,-0.26425859332084656,0.999273955821991,-0.08701814711093903,-0.6221522688865662,-0.260648250579834,0.999323308467865,-0.08498192578554153,-0.6229331493377686,-0.26098236441612244,0.9993364810943604,-0.08561016619205475,-0.622017502784729,-0.2569592297077179,0.9993528723716736,0.041323378682136536,-0.6282917261123657,-0.18451139330863953,0.9993667006492615,-0.1016063317656517,-0.6247258186340332,-0.14870157837867737,0.9992790222167969,-0.03089303709566593,-0.5587392449378967,-0.24646714329719543,0.9998180270195007,-0.07268448919057846,-0.5558232665061951,-0.2358277142047882,0.9998155236244202,0.16921791434288025,-0.4390718638896942,-0.11032585799694061,0.9994248747825623,-0.16357262432575226,-0.45076417922973633,-0.07133559882640839,0.999768853187561,0.19670189917087555,-0.16885539889335632,-0.08630821108818054,0.9512472152709961,-0.262425035238266,-0.2622929811477661,-0.14427059888839722,0.9452733993530273,0.2301155924797058,0.030341902747750282,-0.16150157153606415,0.8264957070350647,-0.12259135395288467,-0.24139097332954407,-0.36018192768096924,0.8708752989768982,0.23132839798927307,0.08987979590892792,-0.18000981211662292,0.7551978826522827,-0.08192498236894608,-0.2257089763879776,-0.4074785113334656,0.8244612812995911,0.22362366318702698,0.08440107107162476,-0.22214674949645996,0.7820928692817688,-0.05525415018200874,-0.26011842489242554,-0.4020821154117584,0.8332651257514954,0.22010450065135956,0.03974577784538269,-0.1818229854106903,0.7632338404655457,-0.09558626264333725,-0.24658909440040588,-0.3635004162788391,0.8021866083145142,0.10390395671129227,-0.013307931832969189,-0.0028364616446197033,0.24261650443077087,-0.10402011126279831,0.0037677541840821505,0.004707697778940201,0.31121349334716797,0.12474347651004791,-0.009900410659611225,-0.02709769271314144,0.14893364906311035,-0.09154410660266876,0.1406378597021103,-0.0727158859372139,0.17905934154987335,0.16312222182750702,0.24440248310565948,0.195794478058815,0.027819989249110222,-0.06472088396549225,0.43152815103530884,0.15835557878017426,0.051820430904626846,0.16632011532783508,0.25852787494659424,0.21237243711948395,0.014380906708538532,-0.05529032647609711,0.44638562202453613,0.18164899945259094,0.02396700158715248,0.21707533299922943,0.24191319942474365,0.019273223355412483,0.0346488393843174,-0.0772462710738182,0.4852026700973511,0.0018070952501147985,0.05452146753668785,22,0.917,0.47837913036346436,0.7941795587539673,2.0725337890326045e-07,,0.50700843334198,0.8091080188751221,-0.001337004010565579,,0.5324528217315674,0.8328675627708435,-0.007142776157706976,,0.5484720468521118,0.8569137454032898,-0.013133819214999676,,0.5578386187553406,0.8731990456581116,-0.01901824027299881,,0.5358853340148926,0.8061938285827637,-0.02402651496231556,,0.5634604692459106,0.8153212070465088,-0.039738480001688004,,0.5713292956352234,0.8449190855026245,-0.049302004277706146,,0.5737972855567932,0.8721182942390442,-0.05505385994911194,,0.5232084393501282,0.8084717988967896,-0.031035399064421654,,0.545198917388916,0.8246914744377136,-0.04697179049253464,,0.5551964044570923,0.8560588955879211,-0.05394512414932251,,0.5602391958236694,0.8825440406799316,-0.05829593166708946,,0.5064235925674438,0.8174760341644287,-0.03757582604885101,,0.52120041847229,0.8368226289749146,-0.0518350712954998,,0.5314240455627441,0.8620108366012573,-0.057749878615140915,,0.5393609404563904,0.882845938205719,-0.061265405267477036,,0.48794519901275635,0.8320161700248718,-0.04389249160885811,,0.4929453730583191,0.8545550107955933,-0.05553789809346199,,0.4981689155101776,0.8737447261810303,-0.060147449374198914,,0.503939151763916,0.8931924700737,-0.06306135654449463,
-0.06656566262245178,-0.580308735370636,-0.26908963918685913,0.9996917843818665,-0.05357827618718147,-0.6222886443138123,-0.2646101415157318,0.9993363618850708,-0.05411941185593605,-0.6219465732574463,-0.26653793454170227,0.9992880821228027,-0.0536428727209568,-0.6219874024391174,-0.26438960433006287,0.9993095397949219,-0.08860177546739578,-0.6223747134208679,-0.26072290539741516,0.9993628263473511,-0.08657539635896683,-0.6231529712677002,-0.261056512594223,0.9993759393692017,-0.08719651401042938,-0.6222351789474487,-0.2570315897464752,0.9993910789489746,0.040776148438453674,-0.6283022165298462,-0.18459142744541168,0.999395489692688,-0.10290048271417618,-0.6249629855155945,-0.14842484891414642,0.9993262887001038,-0.032311178743839264,-0.5588480830192566,-0.2467198520898819,0.9998272657394409,-0.07430016249418259,-0.5559999942779541,-0.23588931560516357,0.9998260736465454,0.16923888027668,-0.43899109959602356,-0.11285801231861115,0.9994311928749084,-0.16457605361938477,-0.45077428221702576,-0.07174231857061386,0.9997803568840027,0.19859257340431213,-0.16884030401706696,-0.0894821509718895,0.9526531100273132,-0.26121392846107483,-0.25881996750831604,-0.14459970593452454,0.9487559199333191,0.23265810310840607,0.031325794756412506,-0.1677848845720291,0.8325921893119812,-0.1220526471734047,-0.23896481096744537,-0.364181786775589,0.880237877368927,0.23431560397148132,0.09177006036043167,-0.18575596809387207,0.7587510347366333,-0.08171907812356949,-0.2238781601190567,-0.4111548960208893,0.8333821296691895,0.22529298067092896,0.08686120063066483,-0.2287011593580246,0.7864411473274231,-0.055270541459321976,-0.25719189643859863,-0.4066208600997925,0.841906726360321,0.22212211787700653,0.041246671229600906,-0.1883355975151062,0.7673904299736023,-0.09518001228570938,-0.24379172921180725,-0.36800968647003174,0.8110427856445312,0.10420418530702591,-0.013525632210075855,-0.0028671380132436752,0.24066893756389618,-0.10432218015193939,0.003957970999181271,0.004742730874568224,0.31160199642181396,0.12205030024051666,-0.013423190452158451,-0.02820040099322796,0.15009872615337372,-0.09261679649353027,0.13733012974262238,-0.07472089678049088,0.17839519679546356,0.16306248307228088,0.24345362186431885,0.19411790370941162,0.027817845344543457,-0.06577254086732864,0.4310051202774048,0.15831373631954193,0.05137839540839195,0.1662478744983673,0.25765877962112427,0.21114782989025116,0.014160812832415104,-0.056391503661870956,0.4456239342689514,0.18190567195415497,0.023363465443253517,0.21669359505176544,0.23816092312335968,0.013183020986616611,0.03465041518211365,-0.07829033583402634,0.4839319586753845,0.0015840580454096198,0.05401035025715828,23,0.959,0.48074379563331604,0.7949432730674744,2.1796442695176665e-07,,0.5098865628242493,0.8113275766372681,-0.0024664823431521654,,0.5355779528617859,0.8388528227806091,-0.009454531595110893,,0.5511663556098938,0.8653420805931091,-0.016449885442852974,,0.5600302219390869,0.8846895098686218,-0.023411229252815247,,0.5377848744392395,0.8100906610488892,-0.027551492676138878,,0.5641306638717651,0.8192326426506042,-0.04392561689019203,,0.570881187915802,0.8504828810691833,-0.05328964442014694,,0.5721868276596069,0.8778898119926453,-0.05877375602722168,,0.524108350276947,0.8103901147842407,-0.03442675992846489,,0.5447207689285278,0.825933575630188,-0.05124262347817421,,0.5529611706733704,0.8575466871261597,-0.05797387287020683,,0.5563036799430847,0.8824678063392639,-0.06212211772799492,,0.5066084265708923,0.8174498081207275,-0.04085038974881172,,0.5206505060195923,0.8364933729171753,-0.05665245279669762,,0.5300249457359314,0.8632429838180542,-0.06333592534065247,,0.5368541479110718,0.8840610384941101,-0.06711370497941971,,0.48743024468421936,0.8305199146270752,-0.046928707510232925,,0.49207228422164917,0.8554573059082031,-0.05925958603620529,,0.4970952570438385,0.876933753490448,-0.06444091349840164,,0.5023741126060486,0.8970836997032166,-0.06789195537567139,
-0.06762407720088959,-0.5814343690872192,-0.2690495550632477,0.9997109770774841,-0.05428740382194519,-0.6233108043670654,-0.26442164182662964,0.9993748664855957,-0.05482511967420578,-0.6229564547538757,-0.26631614565849304,0.9993285536766052,-0.054366108030080795,-0.6229766011238098,-0.26417556405067444,0.9993457198143005,-0.08952736109495163,-0.6235271096229553,-0.26047012209892273,0.9994025826454163,-0.08750156313180923,-0.6242764592170715,-0.2608281970024109,0.9994155764579773,-0.08812613785266876,-0.6233494877815247,-0.25680702924728394,0.9994292259216309,0.04019348695874214,-0.6286348104476929,-0.1840420514345169,0.999426007270813,-0.10444270074367523,-0.6257517337799072,-0.14711683988571167,0.9993730783462524,-0.033435262739658356,-0.5595988035202026,-0.24662481248378754,0.9998371601104736,-0.07572551816701889,-0.5568932294845581,-0.2356652170419693,0.9998371601104736,0.16890735924243927,-0.4391854405403137,-0.11307960003614426,0.9994415640830994,-0.1659093201160431,-0.45080989599227905,-0.0718105286359787,0.9997920989990234,0.19868087768554688,-0.16921687126159668,-0.09236238896846771,0.9548836946487427,-0.26039886474609375,-0.25819072127342224,-0.14542211592197418,0.9525009989738464,0.23311609029769897,0.031754907220602036,-0.17284132540225983,0.8405966758728027,-0.1228177398443222,-0.240330770611763,-0.3660622835159302,0.8895108699798584,0.23504799604415894,0.09309316426515579,-0.1906750649213791,0.7635799646377563,-0.08294731378555298,-0.2255454957485199,-0.41249513626098633,0.8423056602478027,0.22562411427497864,0.08910425007343292,-0.2337244302034378,0.7918480634689331,-0.05685945600271225,-0.2581019997596741,-0.40851104259490967,0.8505069017410278,0.22243885695934296,0.042071279138326645,-0.19335801899433136,0.7729895710945129,-0.09602676331996918,-0.24525626003742218,-0.37019869685173035,0.820282518863678,0.10458807647228241,-0.013762783259153366,-0.0028714616782963276,0.23787762224674225,-0.10474642366170883,0.004257743712514639,0.004735501948744059,0.31095123291015625,0.11950436979532242,-0.018351826816797256,-0.028839806094765663,0.14612141251564026,-0.0954136922955513,0.13579237461090088,-0.07537194341421127,0.17308355867862701,0.1629263311624527,0.23775720596313477,0.19499903917312622,0.02688404731452465,-0.07143470644950867,0.43063974380493164,0.16449517011642456,0.04945460334420204,0.16618335247039795,0.2509825527667999,0.21235519647598267,0.0135727534070611,-0.0625929981470108,0.44522824883461,0.19041572511196136,0.02224041149020195,0.21577277779579163,0.23024894297122955,0.013632401823997498,0.03342729061841965,-0.0842725858092308,0.4827389717102051,0.006113771349191666,0.05179755017161369,24,1.001,0.4813520014286041,0.7977547645568848,2.0916857579322823e-07,,0.5099228620529175,0.8124332427978516,-0.0023840072099119425,,0.5351535677909851,0.8400440216064453,-0.008676476776599884,,0.550342321395874,0.867314338684082,-0.01502387598156929,,0.5576404333114624,0.886782705783844,-0.021204398944973946,,0.5375218391418457,0.8126834034919739,-0.024584762752056122,,0.5636488795280457,0.8243393898010254,-0.03957696631550789,,0.5701941251754761,0.854793131351471,-0.0482824444770813,,0.5715304613113403,0.8816888928413391,-0.05353282392024994,,0.5237337946891785,0.8138349652290344,-0.03120763972401619,,0.5438387989997864,0.8300173282623291,-0.04687514156103134,,0.5521706938743591,0.860536515712738,-0.0531274676322937,,0.5555312037467957,0.8850376009941101,-0.05690321326255798,,0.5061950087547302,0.8216858506202698,-0.03751916065812111,,0.5198293924331665,0.8425136804580688,-0.05211711674928665,,0.5296480655670166,0.8691774606704712,-0.05823816731572151,,0.5369094014167786,0.8902499079704285,-0.06170693784952164,,0.4869604706764221,0.8355066180229187,-0.04362216219305992,,0.49115097522735596,0.8604617714881897,-0.05543890967965126,,0.49629250168800354,0.8816827535629272,-0.060467224568128586,,0.5017070174217224,0.9020335078239441,-0.06371248513460159,
-0.06975442916154861,-0.5823670625686646,-0.26896318793296814,0.9997256398200989,-0.056646205484867096,-0.6242835521697998,-0.2642483115196228,0.9994038939476013,-0.057171884924173355,-0.6239320039749146,-0.26610976457595825,0.9993583559989929,-0.056730445474386215,-0.6239513158798218,-0.263978511095047,0.9993718266487122,-0.0918499156832695,-0.6243139505386353,-0.2603561282157898,0.999433696269989,-0.08980964869260788,-0.6250571012496948,-0.2607347369194031,0.9994469285011292,-0.0904441699385643,-0.6241286993026733,-0.25671645998954773,0.999459981918335,0.03646702691912651,-0.629972517490387,-0.183463454246521,0.9994473457336426,-0.10817798972129822,-0.6262784004211426,-0.14691747725009918,0.9994118809700012,-0.03596784174442291,-0.5606150031089783,-0.24642255902290344,0.9998446702957153,-0.07824286818504333,-0.5576514005661011,-0.23553822934627533,0.999846339225769,0.16591401398181915,-0.4413710832595825,-0.11298426985740662,0.9994544386863708,-0.16901640594005585,-0.4507826566696167,-0.07173120975494385,0.9998029470443726,0.1981523036956787,-0.17062845826148987,-0.09207017719745636,0.9572869539260864,-0.2604888379573822,-0.2545313835144043,-0.1450386792421341,0.9558690190315247,0.23279429972171783,0.03365170210599899,-0.17200089991092682,0.8499617576599121,-0.12503033876419067,-0.23719851672649384,-0.36544182896614075,0.8981797695159912,0.23477090895175934,0.09571121633052826,-0.1896509826183319,0.7719841003417969,-0.08574343472719193,-0.22343221306800842,-0.4117520749568939,0.8512891530990601,0.22543884813785553,0.09140446037054062,-0.23221158981323242,0.7998875975608826,-0.060434289276599884,-0.25815048813819885,-0.40698909759521484,0.8590418100357056,0.22211574018001556,0.04398658499121666,-0.19224990904331207,0.7814103364944458,-0.09856676310300827,-0.2434595674276352,-0.3692302405834198,0.8295138478279114,0.10461580753326416,-0.014110861346125603,-0.0029146061278879642,0.2415635585784912,-0.10484164953231812,0.004630658775568008,0.004752374719828367,0.31779545545578003,0.11909842491149902,-0.015089370310306549,-0.025693494826555252,0.1434422880411148,-0.09558514505624771,0.1424141675233841,-0.07037615031003952,0.16979964077472687,0.1626039743423462,0.2379547506570816,0.20099300146102905,0.026075206696987152,-0.0720735415816307,0.43196049332618713,0.17020577192306519,0.04809390380978584,0.1659027338027954,0.2511833608150482,0.2185916304588318,0.013080766424536705,-0.06325720250606537,0.44696035981178284,0.19514496624469757,0.0214210394769907,0.21530026197433472,0.23304255306720734,0.028760818764567375,0.03248478099703789,-0.08513888716697693,0.4872259795665741,0.014258653856813908,0.05038841441273689,25,1.042,0.47987955808639526,0.8117032647132874,2.1303709729636466e-07,,0.5105039477348328,0.8222838640213013,0.00010942712106043473,,0.5367424488067627,0.8472804427146912,-0.003966996446251869,,0.5529250502586365,0.8741949796676636,-0.008409765549004078,,0.561229407787323,0.8988403677940369,-0.012750407680869102,,0.5391074419021606,0.8280662894248962,-0.018121030181646347,,0.5616300106048584,0.8412874341011047,-0.030470434576272964,,0.5683065056800842,0.8701290488243103,-0.03814949840307236,,0.5703951716423035,0.8975878357887268,-0.042875178158283234,,0.5251522064208984,0.8340661525726318,-0.02478286437690258,,0.5436528921127319,0.8583409786224365,-0.036679573357105255,,0.5531845092773438,0.8893903493881226,-0.04223327338695526,,0.5582818984985352,0.9166940450668335,-0.04585466533899307,,0.507103681564331,0.8455178737640381,-0.031013408675789833,,0.5200679302215576,0.8726421594619751,-0.04232056066393852,,0.5305299162864685,0.9010723233222961,-0.04736187681555748,,0.5381243228912354,0.9257411956787109,-0.050349749624729156,,0.48813706636428833,0.8602567315101624,-0.03694987669587135,,0.49325019121170044,0.8939260244369507,-0.04623910412192345,,0.4992354214191437,0.9200425148010254,-0.0499071329832077,,0.5051758289337158,0.9456310272216797,-0.05202111974358559,
-0.07446713745594025,-0.5832169055938721,-0.2683296501636505,0.9997366070747375,-0.06137842684984207,-0.6252616047859192,-0.26369398832321167,0.9994262456893921,-0.061892930418252945,-0.6249175667762756,-0.2655237317085266,0.9993813037872314,-0.06146470457315445,-0.6249428391456604,-0.26340973377227783,0.9993916749954224,-0.0964415892958641,-0.6251240968704224,-0.2594202756881714,0.9994567632675171,-0.09440304338932037,-0.6258773803710938,-0.25982150435447693,0.9994701147079468,-0.0950450524687767,-0.6249507665634155,-0.2558089792728424,0.9994828701019287,0.03349082171916962,-0.6315665245056152,-0.18318812549114227,0.9994620084762573,-0.11057005077600479,-0.6271793842315674,-0.14488980174064636,0.9994409084320068,-0.03979809209704399,-0.5616375207901001,-0.24588005244731903,0.9998500347137451,-0.08186660706996918,-0.5584645867347717,-0.23451311886310577,0.9998527765274048,0.1646142154932022,-0.44342151284217834,-0.11395098268985748,0.9994694590568542,-0.16970224678516388,-0.4507841467857361,-0.06934936344623566,0.9998120665550232,0.1979537010192871,-0.17260144650936127,-0.09431251138448715,0.95990389585495,-0.26011958718299866,-0.2482852339744568,-0.1372564733028412,0.958637535572052,0.22790922224521637,0.03577006980776787,-0.17295651137828827,0.8596700429916382,-0.12812724709510803,-0.2271050363779068,-0.3595185875892639,0.905962347984314,0.22959640622138977,0.09878148138523102,-0.19192850589752197,0.7824417948722839,-0.09025703370571136,-0.21239936351776123,-0.4078116714954376,0.8597903251647949,0.2178834080696106,0.09407143294811249,-0.23436227440834045,0.8095588684082031,-0.06498764455318451,-0.24903035163879395,-0.40477314591407776,0.867164134979248,0.2165106236934662,0.04621502012014389,-0.1931801289319992,0.7915811538696289,-0.10191827267408371,-0.23426666855812073,-0.363939106464386,0.8384567499160767,0.10461263358592987,-0.014350488781929016,-0.003971602767705917,0.25178641080856323,-0.10487312078475952,0.0049348571337759495,0.005697216838598251,0.3303568661212921,0.11871780455112457,-0.0019878381863236427,-0.02455616183578968,0.14289572834968567,-0.0951744019985199,0.15421365201473236,-0.06354663521051407,0.16834646463394165,0.16262581944465637,0.24491338431835175,0.20172536373138428,0.025674618780612946,-0.07089374214410782,0.43927839398384094,0.17402565479278564,0.04733680188655853,0.16592644155025482,0.258530855178833,0.21931490302085876,0.012756984680891037,-0.06235651299357414,0.45499271154403687,0.19826285541057587,0.020917080342769623,0.21410486102104187,0.24750638008117676,0.0339646153151989,0.031999003142118454,-0.08406248688697815,0.49699822068214417,0.022989921271800995,0.04966183379292488,26,1.084,0.476342111825943,0.8258089423179626,1.9488246039145452e-07,,0.5054660439491272,0.8345320224761963,-0.0014404677785933018,,0.5322816967964172,0.8619248270988464,-0.006425812840461731,,0.5490507483482361,0.8918665051460266,-0.011339357122778893,,0.5578951835632324,0.9188547730445862,-0.016222599893808365,,0.5341659188270569,0.8426738977432251,-0.021723749116063118,,0.5559387803077698,0.8630043864250183,-0.03395100682973862,,0.563930332660675,0.8911515474319458,-0.04088761657476425,,0.5667175650596619,0.9168557524681091,-0.04498341307044029,,0.5202046632766724,0.8506176471710205,-0.027382412925362587,,0.5392026901245117,0.8767717480659485,-0.03882114961743355,,0.5488556623458862,0.9077469110488892,-0.04321742430329323,,0.5530310273170471,0.9344146251678467,-0.046101149171590805,,0.5024048686027527,0.86421799659729,-0.03258562833070755,,0.51680988073349,0.8955578804016113,-0.04326135292649269,,0.5273451805114746,0.9262897968292236,-0.04743245616555214,,0.5343489646911621,0.9513417482376099,-0.04983484745025635,,0.483590304851532,0.8817556500434875,-0.0375409796833992,,0.4906651973724365,0.9193733930587769,-0.04609602317214012,,0.49806374311447144,0.9470657110214233,-0.04940839484333992,,0.5047034621238708,0.972447395324707,-0.051379382610321045,
-0.0822330191731453,-0.5872063636779785,-0.26142749190330505,0.9997341632843018,-0.0701284110546112,-0.629256010055542,-0.25636282563209534,0.999426543712616,-0.07063005119562149,-0.6289348006248474,-0.2582116425037384,0.9993807673454285,-0.07017958909273148,-0.6290024518966675,-0.25608423352241516,0.9993890523910522,-0.1046457439661026,-0.6284534335136414,-0.2518576383590698,0.9994587302207947,-0.1026095449924469,-0.629252016544342,-0.25223758816719055,0.9994726777076721,-0.1032492071390152,-0.6283434629440308,-0.24824537336826324,0.9994863867759705,0.023542722687125206,-0.6351686120033264,-0.17654795944690704,0.9994494318962097,-0.11841408908367157,-0.6285080909729004,-0.13859941065311432,0.9994478821754456,-0.04767777398228645,-0.5655673742294312,-0.23931267857551575,0.9998459815979004,-0.08908333629369736,-0.5615522265434265,-0.22795343399047852,0.999850332736969,0.15730935335159302,-0.4478142559528351,-0.11292111873626709,0.9994581341743469,-0.17457108199596405,-0.45061060786247253,-0.06438805907964706,0.999811053276062,0.19173026084899902,-0.18212655186653137,-0.09380316734313965,0.9614377021789551,-0.26000699400901794,-0.23711103200912476,-0.12336554378271103,0.9601078629493713,0.21460506319999695,0.027432775124907494,-0.17233295738697052,0.867456316947937,-0.13222862780094147,-0.19580227136611938,-0.34761735796928406,0.9119964241981506,0.21552900969982147,0.08959000557661057,-0.1914428472518921,0.7918291091918945,-0.09791328012943268,-0.17490172386169434,-0.3994661569595337,0.8664358854293823,0.2034396529197693,0.08134239912033081,-0.23366524279117584,0.8180943131446838,-0.07145311683416367,-0.21447759866714478,-0.39911577105522156,0.8736283183097839,0.20316177606582642,0.036762528121471405,-0.19298072159290314,0.800588071346283,-0.10636743903160095,-0.2027934044599533,-0.35325145721435547,0.8456556797027588,0.10437905043363571,-0.01446411944925785,-0.004786350764334202,0.26886236667633057,-0.10476209223270416,0.005060506518930197,0.006487200502306223,0.349543035030365,0.11860208213329315,0.015587813220918179,-0.024030674248933792,0.15025004744529724,-0.09460490196943283,0.1571434885263443,-0.06016409024596214,0.17351645231246948,0.15673784911632538,0.26565590500831604,0.20026475191116333,0.026682989671826363,-0.06925949454307556,0.44208770990371704,0.1705998331308365,0.04918595775961876,0.15909472107887268,0.28147920966148376,0.21743792295455933,0.012974442914128304,-0.06080878898501396,0.45828840136528015,0.1922195851802826,0.02142190933227539,0.2052987962961197,0.27519041299819946,0.035399504005908966,0.033223122358322144,-0.0833362266421318,0.5014859437942505,0.02198142372071743,0.051822200417518616,27,1.126,0.47068727016448975,0.8516076803207397,2.0677431677995628e-07,,0.4991319477558136,0.8580998182296753,-0.0011522927088662982,,0.5253174304962158,0.8812077045440674,-0.006030575837939978,,0.542931079864502,0.909199059009552,-0.011171800084412098,,0.5520614385604858,0.9364537000656128,-0.016508154571056366,,0.5286286473274231,0.8698229789733887,-0.0193968266248703,,0.5481902360916138,0.8968780636787415,-0.03110012784600258,,0.5554197430610657,0.9247456192970276,-0.03767521306872368,,0.5589798092842102,0.9498201012611389,-0.041669391095638275,,0.5155594944953918,0.8790904879570007,-0.024895772337913513,,0.532891571521759,0.9159051179885864,-0.035895414650440216,,0.5403829216957092,0.9487321376800537,-0.04030274227261543,,0.542945146560669,0.976200520992279,-0.04317799583077431,,0.4981933534145355,0.8926560282707214,-0.029895097017288208,,0.5118052363395691,0.9308154582977295,-0.040345918387174606,,0.5191993117332458,0.9586259126663208,-0.0437529981136322,,0.5234005451202393,0.97981196641922,-0.04544736444950104,,0.4795539677143097,0.9087180495262146,-0.03464135527610779,,0.48688381910324097,0.9500055313110352,-0.042745862156152725,,0.49308642745018005,0.9775716662406921,-0.045369066298007965,,0.49799200892448425,1.0012644529342651,-0.046701911836862564,
-0.08472137898206711,-0.5901153683662415,-0.26191985607147217,0.9997022747993469,-0.07405315339565277,-0.6323784589767456,-0.2564886808395386,0.9993873238563538,-0.07452595978975296,-0.6320555806159973,-0.25836819410324097,0.9993457794189453,-0.07405319064855576,-0.6321709156036377,-0.25625425577163696,0.9993497133255005,-0.10854768753051758,-0.6305496096611023,-0.25220614671707153,0.9994100332260132,-0.10651001334190369,-0.6313938498497009,-0.25253796577453613,0.9994271397590637,-0.10713323205709457,-0.6305045485496521,-0.24856634438037872,0.9994383454322815,0.017279213294386864,-0.6384150385856628,-0.17677752673625946,0.9993935227394104,-0.12462036311626434,-0.6285468339920044,-0.13980136811733246,0.9994108080863953,-0.050477392971515656,-0.5687062740325928,-0.23972868919372559,0.999828577041626,-0.09176069498062134,-0.5633495450019836,-0.22877137362957,0.9998317956924438,0.1534082591533661,-0.4509982466697693,-0.11511562019586563,0.9994286894798279,-0.1802489161491394,-0.44871631264686584,-0.07060200721025467,0.999782383441925,0.19174310564994812,-0.1931140124797821,-0.09774221479892731,0.9602386355400085,-0.2604541778564453,-0.22435836493968964,-0.1129947230219841,0.9584739804267883,0.20088985562324524,0.0075743491761386395,-0.18509739637374878,0.8649160265922546,-0.1376093029975891,-0.15083593130111694,-0.3182016909122467,0.9089535474777222,0.19884946942329407,0.0680161565542221,-0.21419396996498108,0.789513885974884,-0.10572046041488647,-0.11953224241733551,-0.3670274615287781,0.8613873720169067,0.18081633746623993,0.05574434623122215,-0.25743594765663147,0.8172200322151184,-0.079465351998806,-0.15757852792739868,-0.3777383267879486,0.8703809976577759,0.18660317361354828,0.015636904165148735,-0.20774993300437927,0.7991319894790649,-0.11254376918077469,-0.15504488348960876,-0.3275447189807892,0.8418776392936707,0.10417082905769348,-0.01449546031653881,-0.004793923813849688,0.2699301838874817,-0.10464513301849365,0.005068737547844648,0.006507480517029762,0.34620511531829834,0.11740139126777649,0.014985515736043453,-0.020530525594949722,0.15708234906196594,-0.09047461301088333,0.15584272146224976,-0.05940425395965576,0.17973725497722626,0.15344522893428802,0.27395257353782654,0.20151382684707642,0.02788645587861538,-0.0674300268292427,0.4414101243019104,0.16803674399852753,0.0517447292804718,0.15549805760383606,0.29158926010131836,0.21923615038394928,0.013309738598763943,-0.05955474078655243,0.4574087858200073,0.1895696073770523,0.022246185690164566,0.20486508309841156,0.28632280230522156,0.04044884815812111,0.03489072620868683,-0.08291687816381454,0.5001379251480103,0.021107925102114677,0.054977938532829285,28,1.167,0.46024012565612793,0.8768470287322998,1.3559842670929356e-07,,0.486219584941864,0.8878036141395569,-0.0028530771378427744,,0.5118420124053955,0.9168760776519775,-0.007881447672843933,,0.529269814491272,0.9452325701713562,-0.012872300110757351,,0.5399601459503174,0.9695784449577332,-0.018160009756684303,,0.5157238245010376,0.9128487706184387,-0.01782059855759144,,0.5335521697998047,0.9385382533073425,-0.02981681004166603,,0.5432772040367126,0.9612479209899902,-0.03773464262485504,,0.5505539774894714,0.9813215732574463,-0.04307965561747551,,0.5056264400482178,0.9198487997055054,-0.022444771602749825,,0.5216802358627319,0.9498507380485535,-0.03346233814954758,,0.5298349857330322,0.9737948179244995,-0.03969940170645714,,0.5357410311698914,0.9959290623664856,-0.044503312557935715,,0.4909355640411377,0.9297770261764526,-0.026743384078145027,,0.502168595790863,0.9642066359519958,-0.037221379578113556,,0.5065546035766602,0.9917654991149902,-0.040565427392721176,,0.5093729496002197,1.0154826641082764,-0.04267619922757149,,0.4733993709087372,0.9399362206459045,-0.031077153980731964,,0.4793984293937683,0.9720888733863831,-0.03934665396809578,,0.4823140501976013,0.9954279065132141,-0.041480135172605515,,0.4844486117362976,1.016447901725769,-0.04274311289191246,
-0.08026114106178284,-0.5921429395675659,-0.27354249358177185,0.999672532081604,-0.06670615822076797,-0.6336215734481812,-0.26793012022972107,0.9993503093719482,-0.0671200230717659,-0.6332721710205078,-0.2698388397693634,0.9993214011192322,-0.066670723259449,-0.633368730545044,-0.2678411602973938,0.9993166923522949,-0.10264470428228378,-0.632493793964386,-0.2633691430091858,0.9993516206741333,-0.1006077378988266,-0.6333270072937012,-0.2634986639022827,0.999370813369751,-0.10120214521884918,-0.6324138045310974,-0.25958967208862305,0.9993681907653809,0.027853019535541534,-0.6380448937416077,-0.1872703582048416,0.9993507266044617,-0.1182476207613945,-0.6289969086647034,-0.14559344947338104,0.9993439316749573,-0.04590676352381706,-0.5695463418960571,-0.25080421566963196,0.9998118877410889,-0.08812148123979568,-0.5649986267089844,-0.238280788064003,0.9998047947883606,0.15625625848770142,-0.45011094212532043,-0.13167813420295715,0.9994025826454163,-0.17650948464870453,-0.44844725728034973,-0.08225777745246887,0.9997279644012451,0.20279546082019806,-0.19472795724868774,-0.12393851578235626,0.9562807679176331,-0.24517464637756348,-0.2265080213546753,-0.09859230369329453,0.9516103267669678,0.2023354023694992,-0.007034507114440203,-0.2212468683719635,0.8348710536956787,-0.15987199544906616,-0.12383043766021729,-0.26201173663139343,0.8785372972488403,0.20021280646324158,0.05349704623222351,-0.24928496778011322,0.7570569515228271,-0.13950107991695404,-0.08094801008701324,-0.29234763979911804,0.8252091407775879,0.17806310951709747,0.04547818377614021,-0.292633593082428,0.7908535599708557,-0.12240947037935257,-0.09837055206298828,-0.3183804154396057,0.8400676250457764,0.1864178627729416,0.0028159157373011112,-0.24372071027755737,0.7704876065254211,-0.14027051627635956,-0.11767929047346115,-0.27676600217819214,0.8106271624565125,0.10411902517080307,-0.014334961771965027,-0.0054936944507062435,0.254716157913208,-0.1045050248503685,0.004916750825941563,0.007309208158403635,0.3234030604362488,0.10446850210428238,0.004879733547568321,-0.029333923012018204,0.15435972809791565,-0.09021853655576706,0.14493514597415924,-0.07029563933610916,0.17493173480033875,0.1534947007894516,0.2726426124572754,0.19202394783496857,0.028125053271651268,-0.06879899650812149,0.4448418915271759,0.169679194688797,0.050829943269491196,0.15566185116767883,0.290008544921875,0.21154779195785522,0.013132518157362938,-0.06274228543043137,0.46094366908073425,0.1976914405822754,0.02193240262567997,0.20283344388008118,0.2804698348045349,0.009171562269330025,0.03485054895281792,-0.09599925577640533,0.49910110235214233,0.027625376358628273,0.053672924637794495,29,1.209,,,,,,,,,,,,,,,,,,,,,,,,,,,,,,,,,,,,,,,,,,,,,,,,,,,,,,,,,,,,,,,,,,,,,,,,,,,,,,,,,,,,
-0.07650736719369888,-0.5941341519355774,-0.2821624279022217,0.9996389150619507,-0.05977914482355118,-0.6346009969711304,-0.2770814299583435,0.9992976784706116,-0.06014464050531387,-0.6342334151268005,-0.2789345681667328,0.9992867708206177,-0.05973438173532486,-0.6343129873275757,-0.27701225876808167,0.9992669820785522,-0.09659454226493835,-0.6344377398490906,-0.2724696695804596,0.9992691874504089,-0.0945591926574707,-0.6352455615997314,-0.2724917531013489,0.9992915391921997,-0.09511782228946686,-0.6342915296554565,-0.26863691210746765,0.9992634654045105,0.03637019917368889,-0.6372060179710388,-0.1972029209136963,0.9992808699607849,-0.11216538399457932,-0.6305086612701416,-0.151203453540802,0.9992204904556274,-0.04260706529021263,-0.5704970955848694,-0.25907623767852783,0.9997857809066772,-0.08541867882013321,-0.5672413110733032,-0.2453117072582245,0.9997699856758118,0.15715159475803375,-0.44870078563690186,-0.14247144758701324,0.9993963837623596,-0.17356127500534058,-0.4497053623199463,-0.09449655562639236,0.999696671962738,0.20341907441616058,-0.19603976607322693,-0.14022783935070038,0.9517565369606018,-0.2413093000650406,-0.2326943427324295,-0.07418157160282135,0.9468030333518982,0.20355451107025146,-0.00321443029679358,-0.2351841777563095,0.7965901494026184,-0.2129928469657898,-0.08324752002954483,-0.1813233494758606,0.8425823450088501,0.20200441777706146,0.05854681879281998,-0.25929179787635803,0.7164596319198608,-0.207626074552536,-0.02337816171348095,-0.19369252026081085,0.7833166718482971,0.17899465560913086,0.047249261289834976,-0.30415359139442444,0.7568013668060303,-0.1952628493309021,-0.021633265540003777,-0.23335422575473785,0.8049747347831726,0.18675726652145386,0.007811631076037884,-0.2574962377548218,0.733741044998169,-0.19819501042366028,-0.06571348011493683,-0.20002326369285583,0.7754920721054077,0.10413052886724472,-0.012985446490347385,-0.005492655094712973,0.2393450140953064,-0.10446636378765106,0.003863512771204114,0.0073115029372274876,0.3029457628726959,0.08156019449234009,0.001507416251115501,-0.037751223891973495,0.14748577773571014,-0.09209712594747543,0.12967143952846527,-0.11234225332736969,0.17103388905525208,0.13929630815982819,0.2739885747432709,0.18882441520690918,0.027735481038689613,-0.09443763643503189,0.459179162979126,0.13345107436180115,0.050876185297966,0.1421733796596527,0.291437029838562,0.20965074002742767,0.01274015475064516,-0.09390775114297867,0.4776538610458374,0.16832992434501648,0.021621575579047203,0.1852465271949768,0.2769443988800049,0.0018384212162345648,0.03432650864124298,-0.13216625154018402,0.4980202317237854,-0.004878378007560968,0.05311516672372818,30,1.251,,,,,,,,,,,,,,,,,,,,,,,,,,,,,,,,,,,,,,,,,,,,,,,,,,,,,,,,,,,,,,,,,,,,,,,,,,,,,,,,,,,,
