pose_world_0_x,pose_world_0_y,pose_world_0_z,pose_world_0_visibility,pose_world_1_x,pose_world_1_y,pose_world_1_z,pose_world_1_visibility,pose_world_2_x,pose_world_2_y,pose_world_2_z,pose_world_2_visibility,pose_world_3_x,pose_world_3_y,pose_world_3_z,pose_world_3_visibility,pose_world_4_x,pose_world_4_y,pose_world_4_z,pose_world_4_visibility,pose_world_5_x,pose_world_5_y,pose_world_5_z,pose_world_5_visibility,pose_world_6_x,pose_world_6_y,pose_world_6_z,pose_world_6_visibility,pose_world_7_x,pose_world_7_y,pose_world_7_z,pose_world_7_visibility,pose_world_8_x,pose_world_8_y,pose_world_8_z,pose_world_8_visibility,pose_world_9_x,pose_world_9_y,pose_world_9_z,pose_world_9_visibility,pose_world_10_x,pose_world_10_y,pose_world_10_z,pose_world_10_visibility,pose_world_11_x,pose_world_11_y,pose_world_11_z,pose_world_11_visibility,pose_world_12_x,pose_world_12_y,pose_world_12_z,pose_world_12_visibility,pose_world_13_x,pose_world_13_y,pose_world_13_z,pose_world_13_visibility,pose_world_14_x,pose_world_14_y,pose_world_14_z,pose_world_14_visibility,pose_world_15_x,pose_world_15_y,pose_world_15_z,pose_world_15_visibility,pose_world_16_x,pose_world_16_y,pose_world_16_z,pose_world_16_visibility,pose_world_17_x,pose_world_17_y,pose_world_17_z,pose_world_17_visibility,pose_world_18_x,pose_world_18_y,pose_world_18_z,pose_world_18_visibility,pose_world_19_x,pose_world_19_y,pose_world_19_z,pose_world_19_visibility,pose_world_20_x,pose_world_20_y,pose_world_20_z,pose_world_20_visibility,pose_world_21_x,pose_world_21_y,pose_world_21_z,pose_world_21_visibility,pose_world_22_x,pose_world_22_y,pose_world_22_z,pose_world_22_visibility,pose_world_23_x,pose_world_23_y,pose_world_23_z,pose_world_23_visibility,pose_world_24_x,pose_world_24_y,pose_world_24_z,pose_world_24_visibility,pose_world_25_x,pose_world_25_y,pose_world_25_z,pose_world_25_visibility,pose_world_26_x,pose_world_26_y,pose_world_26_z,pose_world_26_visibility,pose_world_27_x,pose_world_27_y,pose_world_27_z,pose_world_27_visibility,pose_world_28_x,pose_world_28_y,pose_world_28_z,pose_world_28_visibility,pose_world_29_x,pose_world_29_y,pose_world_29_z,pose_world_29_visibility,pose_world_30_x,pose_world_30_y,pose_world_30_z,pose_world_30_visibility,pose_world_31_x,pose_world_31_y,pose_world_31_z,pose_world_31_visibility,pose_world_32_x,pose_world_32_y,pose_world_32_z,pose_world_32_visibility,frame,timestamp,right_hand_0_x,right_hand_0_y,right_hand_0_z,right_hand_0_visibility,right_hand_1_x,right_hand_1_y,right_hand_1_z,right_hand_1_visibility,right_hand_2_x,right_hand_2_y,right_hand_2_z,right_hand_2_visibility,right_hand_3_x,right_hand_3_y,right_hand_3_z,right_hand_3_visibility,right_hand_4_x,right_hand_4_y,right_hand_4_z,right_hand_4_visibility,right_hand_5_x,right_hand_5_y,right_hand_5_z,right_hand_5_visibility,right_hand_6_x,right_hand_6_y,right_hand_6_z,right_hand_6_visibility,right_hand_7_x,right_hand_7_y,right_hand_7_z,right_hand_7_visibility,right_hand_8_x,right_hand_8_y,right_hand_8_z,right_hand_8_visibility,right_hand_9_x,right_hand_9_y,right_hand_9_z,right_hand_9_visibility,right_hand_10_x,right_hand_10_y,right_hand_10_z,right_hand_10_visibility,right_hand_11_x,right_hand_11_y,right_hand_11_z,right_hand_11_visibility,right_hand_12_x,right_hand_12_y,right_hand_12_z,right_hand_12_visibility,right_hand_13_x,right_hand_13_y,right_hand_13_z,right_hand_13_visibility,right_hand_14_x,right_hand_14_y,right_hand_14_z,right_hand_14_visibility,right_hand_15_x,right_hand_15_y,right_hand_15_z,right_hand_15_visibility,right_hand_16_x,right_hand_16_y,right_hand_16_z,right_hand_16_visibility,right_hand_17_x,right_hand_17_y,right_hand_17_z,right_hand_17_visibility,right_hand_18_x,right_hand_18_y,right_hand_18_z,right_hand_18_visibility,right_hand_19_x,right_hand_19_y,right_hand_19_z,right_hand_19_visibility,right_hand_20_x,right_hand_20_y,right_hand_20_z,right_hand_20_visibility,left_hand_0_x,left_hand_0_y,left_hand_0_z,left_hand_0_visibility,left_hand_1_x,left_hand_1_y,left_hand_1_z,left_hand_1_visibility,left_hand_2_x,left_hand_2_y,left_hand_2_z,left_hand_2_visibility,left_hand_3_x,left_hand_3_y,left_hand_3_z,left_hand_3_visibility,left_hand_4_x,left_hand_4_y,left_hand_4_z,left_hand_4_visibility,left_hand_5_x,left_hand_5_y,left_hand_5_z,left_hand_5_visibility,left_hand_6_x,left_hand_6_y,left_hand_6_z,left_hand_6_visibility,left_hand_7_x,left_hand_7_y,left_hand_7_z,left_hand_7_visibility,left_hand_8_x,left_hand_8_y,left_hand_8_z,left_hand_8_visibility,left_hand_9_x,left_hand_9_y,left_hand_9_z,left_hand_9_visibility,left_hand_10_x,left_hand_10_y,left_hand_10_z,left_hand_10_visibility,left_hand_11_x,left_hand_11_y,left_hand_11_z,left_hand_11_visibility,left_hand_12_x,left_hand_12_y,left_hand_12_z,left_hand_12_visibility,left_hand_13_x,left_hand_13_y,left_hand_13_z,left_hand_13_visibility,left_hand_14_x,left_hand_14_y,left_hand_14_z,left_hand_14_visibility,left_hand_15_x,left_hand_15_y,left_hand_15_z,left_hand_15_visibility,left_hand_16_x,left_hand_16_y,left_hand_16_z,left_hand_16_visibility,left_hand_17_x,left_hand_17_y,left_hand_17_z,left_hand_17_visibility,left_hand_18_x,left_hand_18_y,left_hand_18_z,left_hand_18_visibility,left_hand_19_x,left_hand_19_y,left_hand_19_z,left_hand_19_visibility,left_hand_20_x,left_hand_20_y,left_hand_20_z,left_hand_20_visibility
-0.06123223900794983,-0.5772623419761658,-0.3199821412563324,0.9995224475860596,-0.047086767852306366,-0.6178491711616516,-0.31645289063453674,0.9992257356643677,-0.04751276224851608,-0.6173318028450012,-0.3184311091899872,0.9993669390678406,-0.04707695543766022,-0.6173446774482727,-0.31651678681373596,0.9992369413375854,-0.08360588550567627,-0.616358757019043,-0.31328094005584717,0.9989884495735168,-0.08158327639102936,-0.6170938014984131,-0.3131871521472931,0.9990313053131104,-0.08211936056613922,-0.6160233020782471,-0.309215247631073,0.9988083839416504,0.042210306972265244,-0.6190751194953918,-0.23624710738658905,0.9994679093360901,-0.1065012738108635,-0.6097316145896912,-0.1927831768989563,0.9990880489349365,-0.028836222365498543,-0.5550848245620728,-0.2958047389984131,0.9998719692230225,-0.0719432607293129,-0.5507004261016846,-0.2823525369167328,0.99981290102005,0.16611020267009735,-0.45248177647590637,-0.16829557716846466,0.9998314380645752,-0.1649240106344223,-0.4356958866119385,-0.12878015637397766,0.9996674060821533,0.2648509442806244,-0.2496500313282013,-0.1450456827878952,0.9250389933586121,-0.2581527531147003,-0.2337329387664795,-0.06831379979848862,0.8747401237487793,0.20006434619426727,-0.06981781125068665,-0.2341092824935913,0.29198548197746277,-0.24430522322654724,-0.07688914239406586,-0.1539902240037918,0.3046797811985016,0.18203933537006378,-0.0028324020095169544,-0.25445711612701416,0.18921373784542084,-0.23329010605812073,-0.01743411272764206,-0.16030406951904297,0.22276146709918976,0.14272983372211456,-0.004421570338308811,-0.2936769723892212,0.26116541028022766,-0.22374436259269714,-0.015248981304466724,-0.19775080680847168,0.2870742380619049,0.17189474403858185,-0.055793337523937225,-0.252445250749588,0.22582973539829254,-0.23010610044002533,-0.05953560769557953,-0.17148864269256592,0.2583644688129425,0.10901027172803879,-0.00846857950091362,-0.010347501374781132,0.0746036097407341,-0.10737962275743484,-0.0001319493167102337,0.012649147771298885,0.07370606809854507,0.04956425726413727,-0.04960164427757263,-0.06806101649999619,0.07424990087747574,-0.11764829605817795,0.05620759725570679,-0.11958875507116318,0.09717667102813721,0.11180801689624786,0.2384101003408432,0.20790135860443115,0.02314600721001625,-0.11315380781888962,0.44948291778564453,0.1784357875585556,0.04279385507106781,0.11457383632659912,0.2544538080692291,0.23430432379245758,0.010985279455780983,-0.11229348927736282,0.4670984447002411,0.2225273847579956,0.02308669313788414,0.14373092353343964,0.20844176411628723,-0.009506247006356716,0.024698292836546898,-0.151716947555542,0.46967813372612,0.030817769467830658,0.03633144497871399,0,0.0,,,,,,,,,,,,,,,,,,,,,,,,,,,,,,,,,,,,,,,,,,,,,,,,,,,,,,,,,,,,,,,,,,,,,,,,,,,,,,,,,,,,,,,,,,,,,,,,,,,,,,,,,,,,,,,,,,,,,,,,,,,,,,,,,,,,,,,,,,,,,,,,,,,,,,,,,,,,,,,,,,,,,,,,
-0.06110834702849388,-0.5782383680343628,-0.31994104385375977,0.9995367527008057,-0.04712241142988205,-0.618777871131897,-0.3163829743862152,0.9992436170578003,-0.04755208641290665,-0.6182973384857178,-0.3183554410934448,0.9993753433227539,-0.04711563140153885,-0.618329644203186,-0.3164360821247101,0.9992477893829346,-0.08361002802848816,-0.617438554763794,-0.31331923604011536,0.9990268349647522,-0.08158576488494873,-0.618155837059021,-0.3132404386997223,0.9990700483322144,-0.08212333917617798,-0.6171050071716309,-0.30927032232284546,0.998864471912384,0.04054420441389084,-0.6202572584152222,-0.23543530702590942,0.9994679093360901,-0.10787376761436462,-0.6112185120582581,-0.19445601105690002,0.9991351962089539,-0.028864001855254173,-0.5563096404075623,-0.2956198751926422,0.9998716711997986,-0.07195643335580826,-0.5519441962242126,-0.28249606490135193,0.9998171925544739,0.1660599410533905,-0.45785173773765564,-0.16799476742744446,0.9998224973678589,-0.17010439932346344,-0.4421714246273041,-0.13118383288383484,0.9996748566627502,0.28697526454925537,-0.27646055817604065,-0.14376091957092285,0.9288588762283325,-0.292542964220047,-0.25234925746917725,-0.09243692457675934,0.8818992972373962,0.18996819853782654,-0.11435364931821823,-0.22740711271762848,0.3185286223888397,-0.24548302590847015,-0.11176784336566925,-0.19587835669517517,0.33364641666412354,0.15810294449329376,-0.05552498251199722,-0.251036137342453,0.2054312378168106,-0.2314332276582718,-0.06000630930066109,-0.2138022631406784,0.2444402128458023,0.10938000679016113,-0.06880205869674683,-0.2854335904121399,0.27748826146125793,-0.21845462918281555,-0.06873305886983871,-0.2400425523519516,0.3084845542907715,0.15722116827964783,-0.10703892260789871,-0.24445493519306183,0.2412114143371582,-0.23025470972061157,-0.10016510635614395,-0.2088720202445984,0.2785250246524811,0.10900750011205673,-0.008545306511223316,-0.008335775695741177,0.07630014419555664,-0.10742909461259842,-0.00012268532009329647,0.010654756799340248,0.0752062126994133,0.06459067761898041,-0.035649530589580536,-0.05705977976322174,0.07568328082561493,-0.11634060740470886,0.09194564819335938,-0.11314211040735245,0.096464604139328,0.11501280218362808,0.2516070008277893,0.18992947041988373,0.023537442088127136,-0.11517436057329178,0.44932472705841064,0.16371382772922516,0.042153116315603256,0.11715362221002579,0.26815173029899597,0.211818128824234,0.011055154725909233,-0.11398272216320038,0.4664645195007324,0.20017027854919434,0.022548189386725426,0.15837888419628143,0.2315950244665146,-0.022980820387601852,0.025328166782855988,-0.15124766528606415,0.4754215478897095,0.0047060525976121426,0.03630535304546356,1,0.041,,,,,,,,,,,,,,,,,,,,,,,,,,,,,,,,,,,,,,,,,,,,,,,,,,,,,,,,,,,,,,,,,,,,,,,,,,,,,,,,,,,,,,,,,,,,,,,,,,,,,,,,,,,,,,,,,,,,,,,,,,,,,,,,,,,,,,,,,,,,,,,,,,,,,,,,,,,,,,,,,,,,,,,,
-0.05875655263662338,-0.5788201689720154,-0.31994062662124634,0.9995488524436951,-0.04517865553498268,-0.619279682636261,-0.31624504923820496,0.9992564916610718,-0.0456383116543293,-0.6188070178031921,-0.31822624802589417,0.9993811845779419,-0.04517555236816406,-0.6188461184501648,-0.3162851929664612,0.9992576241493225,-0.08125561475753784,-0.6180994510650635,-0.31331270933151245,0.9990555047988892,-0.07922167330980301,-0.618802547454834,-0.313238263130188,0.999097466468811,-0.07978495210409164,-0.617771327495575,-0.3092632293701172,0.9989067912101746,0.04142642393708229,-0.6207010746002197,-0.23375818133354187,0.999473512172699,-0.10657190531492233,-0.6120047569274902,-0.19454316794872284,0.9991697669029236,-0.02696153335273266,-0.557015597820282,-0.29553112387657166,0.9998721480369568,-0.0699932724237442,-0.5527527332305908,-0.2825717329978943,0.9998204708099365,0.16877029836177826,-0.4619287848472595,-0.16215145587921143,0.9998164176940918,-0.16976997256278992,-0.4499649703502655,-0.13043798506259918,0.9996779561042786,0.31822553277015686,-0.3031061589717865,-0.13599328696727753,0.933857262134552,-0.30909812450408936,-0.27521923184394836,-0.0901036486029625,0.8895077109336853,0.18090826272964478,-0.13720865547657013,-0.21668006479740143,0.3547261357307434,-0.24483445286750793,-0.12692661583423615,-0.19134512543678284,0.3630956709384918,0.13452425599098206,-0.0841783657670021,-0.24607281386852264,0.23067453503608704,-0.22548969089984894,-0.08025651425123215,-0.21257521212100983,0.26654425263404846,0.08342369645833969,-0.10192504525184631,-0.26976656913757324,0.30151742696762085,-0.20543096959590912,-0.09372523427009583,-0.23353934288024902,0.329407274723053,0.14483007788658142,-0.13238637149333954,-0.22951556742191315,0.2635572552680969,-0.22760161757469177,-0.1172698363661766,-0.20326773822307587,0.2971683144569397,0.1087554544210434,-0.008116083219647408,-0.00798771996051073,0.08281172066926956,-0.10728283226490021,-0.0008702937047928572,0.01032466534525156,0.0807541087269783,0.07165288180112839,-0.03566354885697365,-0.06071856617927551,0.07582847028970718,-0.11671095341444016,0.0834331214427948,-0.11842858791351318,0.09451059252023697,0.11501553654670715,0.24470695853233337,0.18238332867622375,0.023077428340911865,-0.11513569951057434,0.4287339448928833,0.1425928771495819,0.04090137779712677,0.1171056479215622,0.2591736912727356,0.20513682067394257,0.011140871793031693,-0.1133870854973793,0.4438759982585907,0.17731627821922302,0.022507257759571075,0.15913625061511993,0.22449220716953278,-0.02754468470811844,0.025093916803598404,-0.14578545093536377,0.463422954082489,-0.020138215273618698,0.035908009856939316,2,0.083,,,,,,,,,,,,,,,,,,,,,,,,,,,,,,,,,,,,,,,,,,,,,,,,,,,,,,,,,,,,,,,,,,,,,,,,,,,,,,,,,,,,,,,,,,,,,,,,,,,,,,,,,,,,,,,,,,,,,,,,,,,,,,,,,,,,,,,,,,,,,,,,,,,,,,,,,,,,,,,,,,,,,,,,
-0.05495014041662216,-0.5830178260803223,-0.31682226061820984,0.9995540976524353,-0.042231906205415726,-0.6233673691749573,-0.31187954545021057,0.9992578029632568,-0.04271932318806648,-0.62293541431427,-0.3139597177505493,0.9993727803230286,-0.04220888391137123,-0.6230115294456482,-0.31190213561058044,0.999255359172821,-0.07782008498907089,-0.6222916841506958,-0.30990737676620483,0.9990797638893127,-0.07575859129428864,-0.6230066418647766,-0.30991461873054504,0.9991218447685242,-0.07635693997144699,-0.6220228672027588,-0.3058737516403198,0.9989500641822815,0.04328802973031998,-0.6242545247077942,-0.22600488364696503,0.9994692802429199,-0.1044074147939682,-0.6153329014778137,-0.19317501783370972,0.9992091655731201,-0.023324646055698395,-0.5611270666122437,-0.2916954755783081,0.9998689293861389,-0.06631424278020859,-0.5567830801010132,-0.2805401682853699,0.9998223185539246,0.17334765195846558,-0.4676898419857025,-0.15243180096149445,0.9997987151145935,-0.16931486129760742,-0.4564489424228668,-0.12512953579425812,0.9996844530105591,0.3326011896133423,-0.3181816637516022,-0.11963769793510437,0.9387807250022888,-0.3292255401611328,-0.29286494851112366,-0.09609447419643402,0.8979355692863464,0.18006080389022827,-0.15597845613956451,-0.18980814516544342,0.40068984031677246,-0.23983991146087646,-0.14856024086475372,-0.20572160184383392,0.4040371775627136,0.1298469603061676,-0.10685044527053833,-0.22290611267089844,0.26976820826530457,-0.2119101732969284,-0.10530693084001541,-0.23604194819927216,0.3001501262187958,0.08073343336582184,-0.1282905638217926,-0.23879456520080566,0.33689606189727783,-0.183499276638031,-0.12512339651584625,-0.24258847534656525,0.3597877323627472,0.14424926042556763,-0.15319399535655975,-0.19987189769744873,0.2988950312137604,-0.21816889941692352,-0.1411730945110321,-0.2121409773826599,0.32646575570106506,0.1084255799651146,-0.007538997568190098,-0.007162127178162336,0.09935712069272995,-0.10712629556655884,-0.0016704490408301353,0.009498832747340202,0.09639636427164078,0.08012088388204575,-0.008821312338113785,-0.05827171728014946,0.07835181802511215,-0.11891350150108337,0.0806102454662323,-0.1123460978269577,0.09390605241060257,0.106545589864254,0.25775349140167236,0.17946894466876984,0.023032600060105324,-0.11480838060379028,0.41362613439559937,0.13424189388751984,0.03992006927728653,0.10612279176712036,0.27234765887260437,0.20103342831134796,0.011488081887364388,-0.1114371046423912,0.4277719557285309,0.1642693132162094,0.022618863731622696,0.15391410887241364,0.2394847720861435,-0.026893455535173416,0.025426870211958885,-0.1347106695175171,0.4540089964866638,-0.02709626406431198,0.0360226109623909,3,0.125,,,,,,,,,,,,,,,,,,,,,,,,,,,,,,,,,,,,,,,,,,,,,,,,,,,,,,,,,,,,,,,,,,,,,,,,,,,,,,,,,,,,,,,,,,,,,,,,,,,,,,,,,,,,,,,,,,,,,,,,,,,,,,,,,,,,,,,,,,,,,,,,,,,,,,,,,,,,,,,,,,,,,,,,
-0.04996213689446449,-0.5843539237976074,-0.31616103649139404,0.9995837211608887,-0.037728291004896164,-0.6249261498451233,-0.31053978204727173,0.9992997050285339,-0.03826688602566719,-0.6245173215866089,-0.3127042055130005,0.9994040727615356,-0.03769157454371452,-0.6246166825294495,-0.310583233833313,0.9992966055870056,-0.07338455319404602,-0.6236562728881836,-0.3086647391319275,0.9991434812545776,-0.07128077000379562,-0.6243801712989807,-0.3086913824081421,0.9991834163665771,-0.07189363241195679,-0.6234185695648193,-0.3046238422393799,0.9990288615226746,0.05107121542096138,-0.626205563545227,-0.22278344631195068,0.9995002746582031,-0.09917689859867096,-0.6159468293190002,-0.19150754809379578,0.9992727637290955,-0.01649083010852337,-0.5626240968704224,-0.29079389572143555,0.9998758435249329,-0.06026017293334007,-0.5578750371932983,-0.2800579071044922,0.9998347163200378,0.1860288679599762,-0.4715143144130707,-0.1511858105659485,0.9997959136962891,-0.16706936061382294,-0.4575016498565674,-0.11746671050786972,0.999703586101532,0.35310593247413635,-0.3347051441669464,-0.12115065008401871,0.9441813230514526,-0.3439657390117645,-0.31231120228767395,-0.10734643042087555,0.9068986773490906,0.1809847503900528,-0.168391615152359,-0.19391293823719025,0.4528461694717407,-0.23549063503742218,-0.1648670881986618,-0.22796492278575897,0.4513208270072937,0.12892721593379974,-0.12046924978494644,-0.22617563605308533,0.32253924012184143,-0.2013464868068695,-0.12261448800563812,-0.26363030076026917,0.34243062138557434,0.0776841789484024,-0.14005494117736816,-0.2433483749628067,0.3843439817428589,-0.16787280142307281,-0.14233410358428955,-0.2602372467517853,0.3978743851184845,0.14558064937591553,-0.16429868340492249,-0.20384851098060608,0.34735989570617676,-0.21041595935821533,-0.15601100027561188,-0.23109176754951477,0.36453163623809814,0.1083800196647644,-0.007519148755818605,-0.006516748107969761,0.11945673823356628,-0.10711924731731415,-0.0018102155299857259,0.008908066898584366,0.11957774311304092,0.09753928333520889,-0.013686398044228554,-0.060932643711566925,0.08116583526134491,-0.12236853688955307,0.0637611672282219,-0.12162943184375763,0.095840223133564,0.10670065879821777,0.2395046502351761,0.17856945097446442,0.02251482754945755,-0.11453893035650253,0.4021056890487671,0.09851852059364319,0.03972424939274788,0.10598825663328171,0.2523795962333679,0.20052999258041382,0.011738368310034275,-0.1095304787158966,0.4154715836048126,0.1245792806148529,0.023150930181145668,0.15515828132629395,0.21799269318580627,-0.02140948362648487,0.02547047659754753,-0.12738505005836487,0.4407764673233032,-0.07055632770061493,0.03702392056584358,4,0.166,,,,,,,,,,,,,,,,,,,,,,,,,,,,,,,,,,,,,,,,,,,,,,,,,,,,,,,,,,,,,,,,,,,,,,,,,,,,,,,,,,,,,,,,,,,,,,,,,,,,,,,,,,,,,,,,,,,,,,,,,,,,,,,,,,,,,,,,,,,,,,,,,,,,,,,,,,,,,,,,,,,,,,,,
-0.048572175204753876,-0.5838587880134583,-0.32716837525367737,0.9996185302734375,-0.036254625767469406,-0.6238294839859009,-0.31904321908950806,0.9993492960929871,-0.036770932376384735,-0.6234682202339172,-0.3213578164577484,0.9994422793388367,-0.03614490479230881,-0.6235688924789429,-0.3192026913166046,0.999346137046814,-0.07215550541877747,-0.6226760149002075,-0.3187996745109558,0.9992151856422424,-0.06997086852788925,-0.6234059929847717,-0.31900638341903687,0.9992522597312927,-0.07055739313364029,-0.6224459409713745,-0.31505951285362244,0.9991143941879272,0.051320768892765045,-0.6190318465232849,-0.22600212693214417,0.9995325803756714,-0.0992673859000206,-0.6072883605957031,-0.20369434356689453,0.9993396401405334,-0.015821170061826706,-0.5606337785720825,-0.300870805978775,0.9998806118965149,-0.05975253880023956,-0.5553403496742249,-0.2932356894016266,0.9998469352722168,0.1847863346338272,-0.46882808208465576,-0.17426422238349915,0.9997742772102356,-0.17080003023147583,-0.44872623682022095,-0.12953902781009674,0.9997180700302124,0.3666304647922516,-0.3577573597431183,-0.25178903341293335,0.9493751525878906,-0.3546229302883148,-0.3366926610469818,-0.23494276404380798,0.9153748154640198,0.17972327768802643,-0.24134959280490875,-0.3939811885356903,0.5027016401290894,-0.22306467592716217,-0.2102995365858078,-0.3834526240825653,0.49229487776756287,0.12045753747224808,-0.21318954229354858,-0.4466230571269989,0.37421390414237976,-0.17875820398330688,-0.17830832302570343,-0.42421087622642517,0.3714600205421448,0.06060353294014931,-0.23186899721622467,-0.4386535584926605,0.42981114983558655,-0.14769606292247772,-0.192440927028656,-0.40934184193611145,0.42221298813819885,0.14175114035606384,-0.23876546323299408,-0.3984377682209015,0.39267146587371826,-0.19676923751831055,-0.1982603818178177,-0.38405299186706543,0.38870540261268616,0.10661881417036057,-0.008063952438533306,-0.0044120363891124725,0.16630424559116364,-0.10629556328058243,-0.0013678978430107236,0.006656875368207693,0.16717197000980377,0.11335889250040054,0.036546751856803894,-0.048585303127765656,0.08243080973625183,-0.10071513056755066,0.12985025346279144,-0.1212875247001648,0.09491028636693954,0.10520335286855698,0.26597002148628235,0.14573387801647186,0.02213212475180626,-0.11408762633800507,0.4057978689670563,0.07664761692285538,0.03851473331451416,0.10225223004817963,0.2797451913356781,0.16184251010417938,0.012167957611382008,-0.10957327485084534,0.4210917353630066,0.09663885831832886,0.023224014788866043,0.15219096839427948,0.269107460975647,-0.023169752210378647,0.02616504766047001,-0.12861022353172302,0.4777202904224396,-0.0766315907239914,0.03773830458521843,5,0.208,0.3557335436344147,0.7401319742202759,8.15487553040839e-08,,0.40041616559028625,0.7231099009513855,0.01410193182528019,,0.4267030358314514,0.7496854066848755,0.028351686894893646,,0.4384356737136841,0.7777309417724609,0.039268191903829575,,0.4410533010959625,0.8076950311660767,0.05035753548145294,,0.4199375808238983,0.8510918021202087,0.04100824147462845,,0.43767470121383667,0.9019066691398621,0.05187665671110153,,0.4509430527687073,0.9323875308036804,0.055575720965862274,,0.45987796783447266,0.9571552276611328,0.057764243334531784,,0.41285669803619385,0.8670160174369812,0.03581966459751129,,0.43199217319488525,0.9195261597633362,0.047509677708148956,,0.44619020819664,0.9505140781402588,0.0492696575820446,,0.45916956663131714,0.9805471897125244,0.05007054656744003,,0.4053269326686859,0.875373125076294,0.029133038595318794,,0.4242090880870819,0.9224538207054138,0.03709203749895096,,0.43888774514198303,0.9508146643638611,0.036827877163887024,,0.45175445079803467,0.9759480953216553,0.03656907007098198,,0.3992038369178772,0.8795326948165894,0.02282562479376793,,0.41696274280548096,0.9183666110038757,0.028411490842700005,,0.4298796057701111,0.939365029335022,0.029941413551568985,,0.4404967129230499,0.9560750126838684,0.031080124899744987,,,,,,,,,,,,,,,,,,,,,,,,,,,,,,,,,,,,,,,,,,,,,,,,,,,,,,,,,,,,,,,,,,,,,,,,,,,,,,,,,,,,,
-0.04949197918176651,-0.5870110988616943,-0.32137802243232727,0.9996539354324341,-0.036395952105522156,-0.6254318356513977,-0.3107525408267975,0.9994041323661804,-0.036909740418195724,-0.6250786781311035,-0.31304675340652466,0.9994869828224182,-0.03629210963845253,-0.6251686811447144,-0.31082335114479065,0.9994007349014282,-0.072298064827919,-0.6248165369033813,-0.3116725981235504,0.999286949634552,-0.07012966275215149,-0.625478208065033,-0.3122008144855499,0.9993207454681396,-0.07071548700332642,-0.6245273947715759,-0.30825290083885193,0.9991970658302307,0.049359533935785294,-0.6158761978149414,-0.2131197601556778,0.9995706677436829,-0.10162551701068878,-0.6058201193809509,-0.1966523975133896,0.9994029998779297,-0.018498823046684265,-0.5609605312347412,-0.2944042384624481,0.9998883008956909,-0.06272228807210922,-0.5558423399925232,-0.2884582281112671,0.9998598694801331,0.17210723459720612,-0.4675159752368927,-0.17424672842025757,0.9997552037239075,-0.17868554592132568,-0.4451029300689697,-0.12456388026475906,0.9997290968894958,0.3600458800792694,-0.4049777686595917,-0.3157058656215668,0.9543434381484985,-0.36437782645225525,-0.3655460774898529,-0.25896117091178894,0.9234553575515747,0.1731339693069458,-0.3279847502708435,-0.4847278296947479,0.5514805316925049,-0.2258019745349884,-0.27254411578178406,-0.4205440282821655,0.538571298122406,0.1088671162724495,-0.30941617488861084,-0.5420786738395691,0.430752694606781,-0.1853712648153305,-0.24845655262470245,-0.4650173485279083,0.4143877625465393,0.05046234279870987,-0.32078924775123596,-0.5237531661987305,0.48046886920928955,-0.15719486773014069,-0.2597162127494812,-0.44454672932624817,0.46006545424461365,0.13473694026470184,-0.32417771220207214,-0.4859597980976105,0.4455919563770294,-0.19783219695091248,-0.2608228027820587,-0.4202907085418701,0.4282788932323456,0.10594534128904343,-0.008131459355354309,-0.004330329596996307,0.22558805346488953,-0.10600515455007553,-0.0011767165269702673,0.006446390878409147,0.22728852927684784,0.10990425199270248,0.025640303269028664,-0.04519730433821678,0.08005751669406891,-0.10249799489974976,0.1262882649898529,-0.11094589531421661,0.09146637469530106,0.097342848777771,0.26561886072158813,0.1517379879951477,0.02132994681596756,-0.1192573830485344,0.4243682026863098,0.09283160418272018,0.03701220825314522,0.09315244853496552,0.27965033054351807,0.16819407045841217,0.012063258327543736,-0.11643128097057343,0.4449949860572815,0.11638674885034561,0.022868823260068893,0.1353578418493271,0.2713066041469574,-0.01804524101316929,0.025671275332570076,-0.1386287808418274,0.5028398036956787,-0.06330768018960953,0.037238892167806625,6,0.25,,,,,,,,,,,,,,,,,,,,,,,,,,,,,,,,,,,,,,,,,,,,,,,,,,,,,,,,,,,,,,,,,,,,,,,,,,,,,,,,,,,,,,,,,,,,,,,,,,,,,,,,,,,,,,,,,,,,,,,,,,,,,,,,,,,,,,,,,,,,,,,,,,,,,,,,,,,,,,,,,,,,,,,,
-0.0496562123298645,-0.5919508337974548,-0.3203331232070923,0.9996864795684814,-0.03641302511096001,-0.6285763382911682,-0.30969321727752686,0.9994556903839111,-0.03692131116986275,-0.6282397508621216,-0.3120180666446686,0.9995293021202087,-0.03629833087325096,-0.6283255815505981,-0.3098337650299072,0.9994522929191589,-0.07231709361076355,-0.6279186010360718,-0.31112900376319885,0.9993530511856079,-0.07013092935085297,-0.6285820603370667,-0.3116401731967926,0.999383807182312,-0.07070542126893997,-0.6276533007621765,-0.3076919615268707,0.9992730021476746,0.04636871814727783,-0.6156579256057739,-0.2112882435321808,0.9996075630187988,-0.10357000678777695,-0.6052492260932922,-0.19658461213111877,0.9994608759880066,-0.019407588988542557,-0.5637068748474121,-0.29312631487846375,0.9998949766159058,-0.0633690133690834,-0.5584056377410889,-0.2881491780281067,0.9998714923858643,0.16117945313453674,-0.46721822023391724,-0.17268970608711243,0.9997023940086365,-0.18498730659484863,-0.44195979833602905,-0.12318792939186096,0.999721348285675,0.35558342933654785,-0.45876649022102356,-0.2898532748222351,0.9585241079330444,-0.3693854808807373,-0.40016934275627136,-0.2559845447540283,0.9302154779434204,0.1811034381389618,-0.41405224800109863,-0.42667973041534424,0.5912091135978699,-0.23502136766910553,-0.36643388867378235,-0.38460758328437805,0.5708256363868713,0.11216867715120316,-0.40242406725883484,-0.47136977314949036,0.4679300785064697,-0.18647855520248413,-0.35943877696990967,-0.41936904191970825,0.43439579010009766,0.061028290539979935,-0.40228086709976196,-0.455615758895874,0.5122976303100586,-0.1628442406654358,-0.36285510659217834,-0.3979964554309845,0.47595617175102234,0.1462811678647995,-0.40673306584358215,-0.42840608954429626,0.47744980454444885,-0.21032683551311493,-0.3543025553226471,-0.3827054500579834,0.44377946853637695,0.10419726371765137,-0.008918397128582,-0.00300325988791883,0.2629936635494232,-0.10474058240652084,-0.0005852817557752132,0.005106815602630377,0.2657293677330017,0.11573319137096405,0.020821664482355118,-0.02585107833147049,0.08630888909101486,-0.0853239968419075,0.13900242745876312,-0.08764378726482391,0.09725981205701828,0.0976014956831932,0.27235591411590576,0.1546814739704132,0.02321573719382286,-0.11370377987623215,0.4367617666721344,0.09799395501613617,0.0402027890086174,0.09320539236068726,0.288816899061203,0.17369766533374786,0.013280942104756832,-0.112401083111763,0.45738086104393005,0.12652024626731873,0.0246787928044796,0.13624761998653412,0.2951376438140869,-0.007006429135799408,0.029589088633656502,-0.13782598078250885,0.5216153860092163,-0.06109821796417236,0.04310489445924759,7,0.291,,,,,,,,,,,,,,,,,,,,,,,,,,,,,,,,,,,,,,,,,,,,,,,,,,,,,,,,,,,,,,,,,,,,,,,,,,,,,,,,,,,,,,,,,,,,,,,,,,,,,,,,,,,,,,,,,,,,,,,,,,,,,,,,,,,,,,,,,,,,,,,,,,,,,,,,,,,,,,,,,,,,,,,,
-0.045182354748249054,-0.6026400923728943,-0.310842365026474,0.9997175931930542,-0.031082069501280785,-0.6386148929595947,-0.2955346703529358,0.999508798122406,-0.03164804354310036,-0.6382148265838623,-0.2979186177253723,0.9995747804641724,-0.031041307374835014,-0.638281524181366,-0.29564759135246277,0.9995056986808777,-0.06803572177886963,-0.638514518737793,-0.3007848262786865,0.9994170069694519,-0.06583340466022491,-0.6390772461891174,-0.3013775944709778,0.9994447827339172,-0.06636879593133926,-0.6380889415740967,-0.2973771393299103,0.999345064163208,0.04627720266580582,-0.6162808537483215,-0.181931734085083,0.9996458888053894,-0.10683346539735794,-0.6066242456436157,-0.1854621171951294,0.9995145201683044,-0.01842525228857994,-0.5697354674339294,-0.27959614992141724,0.9999049305915833,-0.06311117112636566,-0.5651319026947021,-0.27920183539390564,0.9998841285705566,0.15300753712654114,-0.46622443199157715,-0.14707571268081665,0.9997139573097229,-0.1900966763496399,-0.43751293420791626,-0.11367049068212509,0.999739944934845,0.3522453010082245,-0.44811323285102844,-0.2786620557308197,0.9626303911209106,-0.36698058247566223,-0.41379377245903015,-0.2821803390979767,0.9370704889297485,0.1784418523311615,-0.47782188653945923,-0.442596435546875,0.6317859888076782,-0.2312198132276535,-0.462851881980896,-0.41729673743247986,0.6123633980751038,0.10978853702545166,-0.49089282751083374,-0.48966890573501587,0.5186798572540283,-0.17984230816364288,-0.47327396273612976,-0.4541836082935333,0.4810808598995209,0.061310186982154846,-0.4981487989425659,-0.46284374594688416,0.5583433508872986,-0.1593436598777771,-0.482483834028244,-0.4178575277328491,0.5176019072532654,0.1432708501815796,-0.4783252775669098,-0.43999233841896057,0.5263557434082031,-0.20736561715602875,-0.4563811719417572,-0.4106520414352417,0.4870786666870117,0.10456430912017822,-0.009803613647818565,0.0023446944542229176,0.2978103458881378,-0.10493706911802292,0.0004940198268741369,-0.00048506719758734107,0.302827388048172,0.13175447285175323,-0.011720682494342327,-0.029851268976926804,0.08373869955539703,-0.08821313828229904,0.06925266236066818,-0.11643660813570023,0.09678879380226135,0.10696927458047867,0.24441920220851898,0.18693335354328156,0.022225050255656242,-0.10744583606719971,0.42676621675491333,0.09611827880144119,0.039570000022649765,0.10326758772134781,0.25816747546195984,0.20663604140281677,0.013098991475999355,-0.10225457698106766,0.4471135437488556,0.12253038585186005,0.024221008643507957,0.16025853157043457,0.2502196729183197,0.010045971721410751,0.02862500585615635,-0.10409851372241974,0.5067455172538757,-0.08191286772489548,0.04271073639392853,8,0.333,,,,,,,,,,,,,,,,,,,,,,,,,,,,,,,,,,,,,,,,,,,,,,,,,,,,,,,,,,,,,,,,,,,,,,,,,,,,,,,,,,,,,,,,,,,,,,,,,,,,,,,,,,,,,,,,,,,,,,,,,,,,,,,,,,,,,,,,,,,,,,,,,,,,,,,,,,,,,,,,,,,,,,,,
-0.04587843641638756,-0.6102147102355957,-0.2854776382446289,0.9997457265853882,-0.03247831016778946,-0.6463635563850403,-0.27009817957878113,0.9995574355125427,-0.033122554421424866,-0.6459786891937256,-0.2722320258617401,0.9996166825294495,-0.03256552666425705,-0.6461282968521118,-0.26993104815483093,0.9995545744895935,-0.07008827477693558,-0.646595299243927,-0.2772163152694702,0.9994750618934631,-0.06787552684545517,-0.6470814347267151,-0.277995765209198,0.9995000958442688,-0.06845733523368835,-0.6460168957710266,-0.27402055263519287,0.9994103312492371,0.035850804299116135,-0.6231648921966553,-0.15091219544410706,0.9996809363365173,-0.1228722482919693,-0.61622154712677,-0.16084828972816467,0.9995629787445068,-0.021530533209443092,-0.5770033597946167,-0.25130489468574524,0.999914288520813,-0.06754381954669952,-0.5736381411552429,-0.2533351182937622,0.9998956322669983,0.14021262526512146,-0.4670155942440033,-0.1131257563829422,0.9997320175170898,-0.20755480229854584,-0.43958741426467896,-0.09043256938457489,0.9997625946998596,0.29678499698638916,-0.455554336309433,-0.23713655769824982,0.9663164019584656,-0.37098821997642517,-0.42937031388282776,-0.25737056136131287,0.9433037638664246,0.14112229645252228,-0.6065384745597839,-0.3972163498401642,0.6684746146202087,-0.24271462857723236,-0.5737987160682678,-0.38296690583229065,0.6508592963218689,0.08252595365047455,-0.6499580144882202,-0.45033785700798035,0.5656084418296814,-0.18833012878894806,-0.6052420139312744,-0.4192458689212799,0.5301915407180786,0.049068156629800797,-0.6665826439857483,-0.392655611038208,0.6011703014373779,-0.1773865967988968,-0.6186214685440063,-0.3897660970687866,0.5625189542770386,0.11302206665277481,-0.6191335320472717,-0.3849714994430542,0.5722723007202148,-0.22266745567321777,-0.5754001140594482,-0.37808889150619507,0.5348561406135559,0.10824257880449295,-0.010455398820340633,0.0034088515676558018,0.30839237570762634,-0.10779096186161041,0.0015667491825297475,-0.0016375513514503837,0.3188064992427826,0.13521501421928406,-0.05179338529706001,-0.03420742601156235,0.07846477627754211,-0.13186196982860565,-0.0013703821459785104,-0.11906372010707855,0.09185212105512619,0.1072608157992363,0.20737609267234802,0.20611163973808289,0.020672179758548737,-0.11987808346748352,0.386082261800766,0.10928910970687866,0.037013255059719086,0.10353516787290573,0.21902640163898468,0.22791649401187897,0.01234963908791542,-0.11042144149541855,0.4034551978111267,0.13684898614883423,0.022736679762601852,0.1595955640077591,0.2039027363061905,0.014104879461228848,0.02658475562930107,-0.10897225886583328,0.44896200299263,-0.07919725030660629,0.03978589177131653,9,0.375,0.4118318557739258,0.36280617117881775,6.801775498388452e-08,,0.4437310993671417,0.3473408818244934,0.0003413379308767617,,0.46502959728240967,0.31112998723983765,0.003593093017116189,,0.47919926047325134,0.28278210759162903,0.004556690808385611,,0.4910070300102234,0.2655125856399536,0.005472760181874037,,0.4584431052207947,0.23179185390472412,0.01596546173095703,,0.4698185622692108,0.19131919741630554,0.013929000124335289,,0.4779750108718872,0.1695481836795807,0.009009437635540962,,0.4857752323150635,0.14947044849395752,0.004800720140337944,,0.44719189405441284,0.2197904884815216,0.011389214545488358,,0.45867109298706055,0.17053204774856567,0.009970600716769695,,0.4680347144603729,0.1445324569940567,0.005980085115879774,,0.4778026044368744,0.12232427299022675,0.0025359021965414286,,0.4350411891937256,0.21719692647457123,0.004749669227749109,,0.44472479820251465,0.1675758957862854,0.001844056649133563,,0.45268893241882324,0.14101693034172058,-0.0003868549538310617,,0.4616239070892334,0.11874569952487946,-0.0021251565776765347,,0.4214012324810028,0.2221841663122177,-0.0027352243196219206,,0.42898666858673096,0.18236622214317322,-0.0049101137556135654,,0.4356367290019989,0.15947625041007996,-0.004765359219163656,,0.44370919466018677,0.13925087451934814,-0.004876432474702597,,0.7047275304794312,0.298787385225296,-1.1459466264795992e-07,,0.674859344959259,0.293644517660141,-0.003059143666177988,,0.6537808179855347,0.2652609944343567,-0.006556544452905655,,0.6421002149581909,0.24595049023628235,-0.011317423544824123,,0.6319354176521301,0.22996295988559723,-0.015286644920706749,,0.6526661515235901,0.16617336869239807,0.001601007068529725,,0.638633131980896,0.11684899032115936,-0.007703832816332579,,0.623615562915802,0.1093452200293541,-0.01596629060804844,,0.6150591373443604,0.11462163925170898,-0.020501703023910522,,0.6621843576431274,0.15920153260231018,-0.002211964689195156,,0.6471986770629883,0.11096293479204178,-0.008005662821233273,,0.6311654448509216,0.10580339282751083,-0.011862081475555897,,0.6210483908653259,0.11010971665382385,-0.014131840318441391,,0.6740768551826477,0.15948694944381714,-0.007678553462028503,,0.660792887210846,0.11092837899923325,-0.012591063044965267,,0.6455956697463989,0.10492083430290222,-0.01139057520776987,,0.6357004642486572,0.10761401802301407,-0.009941427037119865,,0.6872878670692444,0.1690647006034851,-0.014145820401608944,,0.6784456372261047,0.12609891593456268,-0.017300941050052643,,0.6668127179145813,0.10872434079647064,-0.015170695260167122,,0.657296359539032,0.101100392639637,-0.012741531245410442,
-0.045831628143787384,-0.6169884204864502,-0.2641223967075348,0.9997710585594177,-0.03266147896647453,-0.6530640721321106,-0.24915950000286102,0.9996013045310974,-0.03330964222550392,-0.6526911854743958,-0.25112664699554443,0.9996545314788818,-0.0327635295689106,-0.6529269218444824,-0.24881428480148315,0.9995987415313721,-0.07021088898181915,-0.6534627079963684,-0.25701579451560974,0.9995273351669312,-0.06799888610839844,-0.6539074182510376,-0.25789231061935425,0.999549925327301,-0.0685865581035614,-0.6528172492980957,-0.25391942262649536,0.9994691610336304,0.03279026225209236,-0.6291406154632568,-0.1311032474040985,0.9997125864028931,-0.12526218593120575,-0.6236786842346191,-0.14289844036102295,0.9996066093444824,-0.02167465165257454,-0.5834161043167114,-0.2302769124507904,0.9999227523803711,-0.0677402913570404,-0.5807294249534607,-0.2331497222185135,0.9999060034751892,0.13596901297569275,-0.46922627091407776,-0.09543726593255997,0.9997485280036926,-0.20800258219242096,-0.4432412385940552,-0.07654092460870743,0.9997826814651489,0.29096508026123047,-0.46650251746177673,-0.2062709480524063,0.9696395993232727,-0.3668360114097595,-0.4464884102344513,-0.24511104822158813,0.9489160180091858,0.14529842138290405,-0.6277728080749512,-0.3473380506038666,0.7015273571014404,-0.2427130788564682,-0.5972990393638611,-0.3667500913143158,0.685551643371582,0.09116940200328827,-0.6705623269081116,-0.39671507477760315,0.6080315113067627,-0.18991832435131073,-0.6260049343109131,-0.4007228910923004,0.5745736956596375,0.05322054401040077,-0.6852167844772339,-0.3517877757549286,0.6399234533309937,-0.1803046315908432,-0.6356360912322998,-0.3796044886112213,0.603116512298584,0.11729089915752411,-0.6398490071296692,-0.3408055603504181,0.6138942241668701,-0.22364775836467743,-0.597201943397522,-0.36705926060676575,0.5782676339149475,0.10995112359523773,-0.01112726517021656,0.003911442123353481,0.3033394515514374,-0.10910545289516449,0.0024219839833676815,-0.002168352482840419,0.3143409192562103,0.1395873725414276,-0.08124260604381561,-0.03986504673957825,0.07257620245218277,-0.15370529890060425,-0.02144959196448326,-0.11402469128370285,0.0853934958577156,0.10782916843891144,0.18446920812129974,0.20450307428836823,0.019102834165096283,-0.1322154402732849,0.36853840947151184,0.14209376275539398,0.03409191220998764,0.10384706407785416,0.19473819434642792,0.2258528172969818,0.011486020870506763,-0.12107594311237335,0.3839177191257477,0.17156192660331726,0.021039504557847977,0.15987533330917358,0.1755923479795456,0.006785617675632238,0.02447003498673439,-0.11080565303564072,0.4262796640396118,-0.07343455404043198,0.03650651127099991,10,0.417,0.4181591272354126,0.3374403715133667,1.1023826118616853e-07,,0.4426279366016388,0.3398168385028839,-0.004775009583681822,,0.46208035945892334,0.33649131655693054,-0.009405507706105709,,0.47412312030792236,0.32730934023857117,-0.014957326464354992,,0.4819309711456299,0.31082528829574585,-0.020242072641849518,,0.4706113040447235,0.2472592294216156,0.0025599354412406683,,0.4827408492565155,0.20645049214363098,-0.0021133252885192633,,0.4871697425842285,0.18210944533348083,-0.007467766758054495,,0.4899301826953888,0.1620635986328125,-0.011001009494066238,,0.4601954519748688,0.22936055064201355,0.0005952767096459866,,0.47142985463142395,0.18325868248939514,-0.0020962445996701717,,0.475382536649704,0.15679657459259033,-0.006062151864171028,,0.478529691696167,0.13539843261241913,-0.009226040914654732,,0.4477052688598633,0.21757005155086517,-0.0028591055888682604,,0.45715656876564026,0.17429028451442719,-0.0050203255377709866,,0.4612180292606354,0.15126165747642517,-0.006676495540887117,,0.4650794565677643,0.13184195756912231,-0.008101972751319408,,0.43355637788772583,0.21168483793735504,-0.0072530354373157024,,0.4401434361934662,0.1773781180381775,-0.007255848031491041,,0.44418755173683167,0.1589864194393158,-0.0056900628842413425,,0.44870179891586304,0.14282803237438202,-0.004753966815769672,,0.7179674506187439,0.2806468605995178,-7.383822264728224e-08,,0.6896080374717712,0.2798283100128174,0.006120290607213974,,0.6778454780578613,0.2645280659198761,0.010133828967809677,,0.6706780195236206,0.24723872542381287,0.010657062754034996,,0.6624132394790649,0.2293214648962021,0.01114664413034916,,0.6831321716308594,0.17262445390224457,0.03000524267554283,,0.6653189063072205,0.13825231790542603,0.03602946549654007,,0.6507390737533569,0.12136273086071014,0.03581051900982857,,0.6382691860198975,0.11203578114509583,0.03454383835196495,,0.6859727501869202,0.15552741289138794,0.024628782644867897,,0.6651460528373718,0.11474496126174927,0.031108543276786804,,0.6498830914497375,0.09766048938035965,0.028865307569503784,,0.6358660459518433,0.08235643059015274,0.02588440477848053,,0.6906671524047852,0.14181546866893768,0.017339488491415977,,0.6731328368186951,0.09841211885213852,0.022365368902683258,,0.6578230857849121,0.0778588131070137,0.019389793276786804,,0.6437249183654785,0.06281228363513947,0.015606028027832508,,0.6969724893569946,0.1306248903274536,0.009663150645792484,,0.6831987500190735,0.09313812851905823,0.013375609181821346,,0.6712750196456909,0.07483483105897903,0.013696609996259212,,0.6591368317604065,0.06341962516307831,0.012841257266700268,
-0.04470347985625267,-0.624903678894043,-0.2515941560268402,0.9997938275337219,-0.032047174870967865,-0.6607426404953003,-0.2362716943025589,0.9996408224105835,-0.032732222229242325,-0.6603601574897766,-0.23818838596343994,0.9996886253356934,-0.0322326235473156,-0.6606096625328064,-0.23584435880184174,0.9996384382247925,-0.06945555657148361,-0.6610061526298523,-0.244315966963768,0.9995743632316589,-0.06724666059017181,-0.6614090204238892,-0.2452978938817978,0.9995946884155273,-0.06786680221557617,-0.6602948904037476,-0.24129705131053925,0.9995220303535461,0.032251302152872086,-0.6335914731025696,-0.12082730233669281,0.9997410178184509,-0.12486445158720016,-0.6279463171958923,-0.1328721046447754,0.9996458292007446,-0.021366124972701073,-0.5898051857948303,-0.21870562434196472,0.9999303817749023,-0.06739574670791626,-0.587192177772522,-0.22146648168563843,0.999915361404419,0.13606934249401093,-0.46977096796035767,-0.08599808812141418,0.999763011932373,-0.20571471750736237,-0.44542011618614197,-0.07472161203622818,0.9997995495796204,0.2956589460372925,-0.4565027058124542,-0.1948620080947876,0.9726398587226868,-0.3630947470664978,-0.445797324180603,-0.24305696785449982,0.9539823532104492,0.15344056487083435,-0.6016823649406433,-0.33723869919776917,0.7313015460968018,-0.24037055671215057,-0.5847760438919067,-0.35909610986709595,0.7168340682983398,0.10751118510961533,-0.6391222476959229,-0.3868377208709717,0.6463661789894104,-0.1882352977991104,-0.6075862050056458,-0.3946836292743683,0.6149283647537231,0.07743846625089645,-0.6527384519577026,-0.3482969403266907,0.6749584674835205,-0.17800678312778473,-0.6184155344963074,-0.3741671144962311,0.6401284337043762,0.1298760324716568,-0.6123349070549011,-0.3329565227031708,0.6515588164329529,-0.2216474711894989,-0.5845378637313843,-0.35853248834609985,0.6179792881011963,0.11123087257146835,-0.011171908117830753,0.005156842991709709,0.3069431781768799,-0.10998224467039108,0.0027438546530902386,-0.003579547395929694,0.31769680976867676,0.14426398277282715,-0.07961343973875046,-0.05900461599230766,0.06657272577285767,-0.15993745625019073,-0.043694157153367996,-0.12583088874816895,0.0786992609500885,0.11120966076850891,0.19469322264194489,0.1944158524274826,0.017572103068232536,-0.1308063119649887,0.36867082118988037,0.13932259380817413,0.031230153515934944,0.10747838765382767,0.20596542954444885,0.21422246098518372,0.010662944987416267,-0.12080419063568115,0.3852139711380005,0.16985906660556793,0.019400110468268394,0.16191905736923218,0.18378467857837677,-0.019126230850815773,0.022400517016649246,-0.10672401636838913,0.42114394903182983,-0.08820381760597229,0.03331928327679634,11,0.458,0.42556139826774597,0.34014633297920227,-2.0471584605274984e-07,,0.45259004831314087,0.3518492877483368,0.005438022315502167,,0.4745202660560608,0.3463015854358673,0.006046449765563011,,0.48745477199554443,0.3241156041622162,0.004177006892859936,,0.49010735750198364,0.29752805829048157,0.0026801719795912504,,0.4954955577850342,0.2979007661342621,0.012664607726037502,,0.4974678158760071,0.27063846588134766,0.011051801033318043,,0.48589006066322327,0.27544787526130676,0.0069559053517878056,,0.4787447154521942,0.2863730788230896,0.004486446734517813,,0.48855817317962646,0.26737087965011597,0.008688364177942276,,0.49187344312667847,0.24374783039093018,0.009981519542634487,,0.4804762601852417,0.25348466634750366,0.007092166692018509,,0.47299328446388245,0.2695648968219757,0.0048419092781841755,,0.4777805507183075,0.24241892993450165,0.004662391263991594,,0.48219430446624756,0.219694584608078,0.00721766659989953,,0.4738641679286957,0.23287522792816162,0.008559759706258774,,0.46790459752082825,0.2501915693283081,0.00859217531979084,,0.4643782675266266,0.22030027210712433,0.0008677116129547358,,0.46993178129196167,0.20336663722991943,0.005074815824627876,,0.4637557566165924,0.2162828892469406,0.010329942218959332,,0.45811665058135986,0.23265570402145386,0.014279252849519253,,0.7205827832221985,0.26832664012908936,-6.188339085611005e-08,,0.6998052000999451,0.2674633264541626,0.004568340722471476,,0.6848383545875549,0.24752779304981232,0.009060443378984928,,0.6737008690834045,0.2279248982667923,0.011348777450621128,,0.6661707162857056,0.20791573822498322,0.013156373985111713,,0.6964389681816101,0.21792545914649963,0.019504478201270103,,0.6898144483566284,0.19238585233688354,0.024698687717318535,,0.6845987439155579,0.17454813420772552,0.02587752416729927,,0.6797875165939331,0.1619393676519394,0.025986066088080406,,0.7032381296157837,0.19855459034442902,0.01655418798327446,,0.6974079012870789,0.17312270402908325,0.022994427010416985,,0.690618097782135,0.15578816831111908,0.02220814675092697,,0.6847831606864929,0.13980139791965485,0.020409829914569855,,0.7095075845718384,0.18154382705688477,0.01274718064814806,,0.7041075825691223,0.1553552746772766,0.017339112237095833,,0.6978832483291626,0.13773739337921143,0.016337178647518158,,0.6927748322486877,0.12252412736415863,0.014588898979127407,,0.7153523564338684,0.1676507294178009,0.008903350681066513,,0.7100525498390198,0.14030955731868744,0.012292635627090931,,0.7039286494255066,0.12437410652637482,0.014164300635457039,,0.6983205080032349,0.11440227180719376,0.014920812100172043,
-0.03476434946060181,-0.6333740949630737,-0.2453213930130005,0.9998143315315247,-0.020940255373716354,-0.6683083176612854,-0.22975414991378784,0.9996762275695801,-0.021712368354201317,-0.6679151654243469,-0.2316722273826599,0.9997190833091736,-0.021305149421095848,-0.66816645860672,-0.22929728031158447,0.9996740221977234,-0.05799871310591698,-0.6689525842666626,-0.2372722625732422,0.9996166229248047,-0.055817097425460815,-0.6693549156188965,-0.23826684057712555,0.9996349215507507,-0.05648457258939743,-0.6682436466217041,-0.23425880074501038,0.9995695352554321,0.03874020278453827,-0.6372884511947632,-0.11555027216672897,0.99976646900177,-0.11726727336645126,-0.6333727836608887,-0.12570255994796753,0.9996811151504517,-0.01379879005253315,-0.5968703627586365,-0.21306674182415009,0.9999371767044067,-0.05948089063167572,-0.5948801040649414,-0.21514317393302917,0.9999237060546875,0.13777907192707062,-0.4703323543071747,-0.0822857990860939,0.9997750520706177,-0.20271746814250946,-0.4501481354236603,-0.06846395879983902,0.9998137354850769,0.2985227108001709,-0.44704025983810425,-0.18929222226142883,0.9753432273864746,-0.35841163992881775,-0.44442376494407654,-0.23818475008010864,0.9585336446762085,0.17261528968811035,-0.5703569054603577,-0.3362196683883667,0.7581028342247009,-0.2383485585451126,-0.565162181854248,-0.3548940122127533,0.7449661493301392,0.13194935023784637,-0.602491021156311,-0.3864879012107849,0.6809459924697876,-0.18702571094036102,-0.5823597311973572,-0.3918135166168213,0.6510747075080872,0.10301794856786728,-0.6161161065101624,-0.3516954183578491,0.7065861225128174,-0.17432202398777008,-0.5942062735557556,-0.3697046935558319,0.6732866764068604,0.15011665225028992,-0.5796577334403992,-0.3333289921283722,0.6855518221855164,-0.21888960897922516,-0.5640139579772949,-0.3539709448814392,0.653666615486145,0.11188361793756485,-0.011185631155967712,0.0055731539614498615,0.30940306186676025,-0.11038332432508469,0.0029069450683891773,-0.0040585072711110115,0.31976327300071716,0.14617331326007843,-0.08139968663454056,-0.07602818310260773,0.06107128784060478,-0.16482402384281158,-0.048624612390995026,-0.1348443180322647,0.07236828655004501,0.1139020100235939,0.20051953196525574,0.17201605439186096,0.016194045543670654,-0.1301245242357254,0.3722608685493469,0.13045687973499298,0.02859419770538807,0.11017981916666031,0.21228116750717163,0.19043457508087158,0.009928354062139988,-0.12041780352592468,0.3889934718608856,0.16150206327438354,0.017927061766386032,0.16237695515155792,0.18876709043979645,-0.05020824819803238,0.020535925403237343,-0.10562077909708023,0.4222235679626465,-0.09982630610466003,0.030412763357162476,12,0.5,,,,,,,,,,,,,,,,,,,,,,,,,,,,,,,,,,,,,,,,,,,,,,,,,,,,,,,,,,,,,,,,,,,,,,,,,,,,,,,,,,,,,,,,,,,,,,,,,,,,,,,,,,,,,,,,,,,,,,,,,,,,,,,,,,,,,,,,,,,,,,,,,,,,,,,,,,,,,,,,,,,,,,,,
-0.03109869547188282,-0.6440439820289612,-0.23683378100395203,0.9998326897621155,-0.01706988923251629,-0.6783026456832886,-0.22081337869167328,0.999707818031311,-0.017844000831246376,-0.677935779094696,-0.22270305454730988,0.9997462034225464,-0.01746773160994053,-0.6782251596450806,-0.22038708627223969,0.9997057914733887,-0.05413540080189705,-0.6785370707511902,-0.22808629274368286,0.9996544718742371,-0.05194573849439621,-0.6790043711662292,-0.2290119230747223,0.9996709823608398,-0.05260965973138809,-0.6779065132141113,-0.22504249215126038,0.9996121525764465,0.041314005851745605,-0.6462652087211609,-0.10579098016023636,0.9997891783714294,-0.11455917358398438,-0.6410358548164368,-0.11523280292749405,0.9997127652168274,-0.01082574762403965,-0.6076688766479492,-0.20456884801387787,0.9999431371688843,-0.05634387582540512,-0.6052412390708923,-0.20651021599769592,0.9999311566352844,0.1389324814081192,-0.4766538441181183,-0.07426504045724869,0.9997824430465698,-0.201820969581604,-0.45669025182724,-0.06136471405625343,0.9998247027397156,0.3005148768424988,-0.44886553287506104,-0.1748349666595459,0.9777602553367615,-0.35516300797462463,-0.4554845988750458,-0.2353716343641281,0.9626230001449585,0.17514054477214813,-0.5701090693473816,-0.31308668851852417,0.7821765542030334,-0.238096222281456,-0.5839671492576599,-0.33331745862960815,0.7702082991600037,0.1353427916765213,-0.6015654802322388,-0.36015698313713074,0.7117177844047546,-0.1874801516532898,-0.603692352771759,-0.371272474527359,0.6829273700714111,0.10482615232467651,-0.6156560182571411,-0.33284229040145874,0.7346714735031128,-0.17453685402870178,-0.6136906743049622,-0.3383505344390869,0.7023240923881531,0.15203127264976501,-0.5791548490524292,-0.31305205821990967,0.7157721519470215,-0.21884241700172424,-0.5822052955627441,-0.32938429713249207,0.6850176453590393,0.11199925094842911,-0.01132550835609436,0.005605682265013456,0.31237509846687317,-0.11049529910087585,0.0031551283318549395,-0.00409384211525321,0.32135969400405884,0.14315180480480194,-0.07475725561380386,-0.07683917880058289,0.056805070489645004,-0.16706308722496033,-0.02813912369310856,-0.13345225155353546,0.06754898279905319,0.11063028126955032,0.2081567496061325,0.15696926414966583,0.015130488201975822,-0.13734008371829987,0.3747235834598541,0.12600012123584747,0.02641984075307846,0.10634755343198776,0.2203313410282135,0.1747838854789734,0.009341471828520298,-0.1269296556711197,0.3913470208644867,0.1554984599351883,0.016685670241713524,0.15795117616653442,0.20217157900333405,-0.058010879904031754,0.019058983772993088,-0.11377207934856415,0.4300328195095062,-0.09787270426750183,0.02800082601606846,13,0.542,0.43905505537986755,0.3317188024520874,1.7120235895617952e-07,,0.4561195373535156,0.3624202013015747,0.003867250168696046,,0.46608150005340576,0.38910341262817383,0.0070761325769126415,,0.4722819924354553,0.41287165880203247,0.00826249923557043,,0.47612249851226807,0.4333353042602539,0.008811100386083126,,0.46538954973220825,0.36004477739334106,0.016431303694844246,,0.48162388801574707,0.3490900993347168,0.020360412076115608,,0.4925988018512726,0.3414930999279022,0.020604290068149567,,0.5017617344856262,0.3334490954875946,0.0205621886998415,,0.4606539309024811,0.330826073884964,0.014669562689960003,,0.481366366147995,0.31936174631118774,0.020092593505978584,,0.493745893239975,0.3114338517189026,0.01938617043197155,,0.5053384304046631,0.3041996955871582,0.01769162341952324,,0.4555163085460663,0.305029034614563,0.012171592563390732,,0.4753190279006958,0.296278178691864,0.01705964282155037,,0.4875318109989166,0.2901442050933838,0.015413896180689335,,0.4992727041244507,0.28509262204170227,0.013383512385189533,,0.4490480422973633,0.28406858444213867,0.009562705643475056,,0.4655994772911072,0.27530255913734436,0.01541233342140913,,0.47612670063972473,0.27085408568382263,0.017884371802210808,,0.48561930656433105,0.2685471773147583,0.018549589440226555,,,,,,,,,,,,,,,,,,,,,,,,,,,,,,,,,,,,,,,,,,,,,,,,,,,,,,,,,,,,,,,,,,,,,,,,,,,,,,,,,,,,,
-0.028848921880126,-0.648247480392456,-0.23327909409999847,0.9998492002487183,-0.01471477746963501,-0.6825916767120361,-0.21685540676116943,0.9997361898422241,-0.015484688803553581,-0.6822115182876587,-0.21882887184619904,0.9997705817222595,-0.015109660103917122,-0.682481050491333,-0.2165030837059021,0.9997344017028809,-0.05170168727636337,-0.6827114820480347,-0.2237003743648529,0.9996885061264038,-0.049520477652549744,-0.68320631980896,-0.22452226281166077,0.9997034072875977,-0.05016405135393143,-0.6821150779724121,-0.22054333984851837,0.9996504783630371,0.044184427708387375,-0.6499935984611511,-0.10271844267845154,0.9998095631599426,-0.11120124161243439,-0.6443308591842651,-0.11065523326396942,0.99974125623703,-0.008488773368299007,-0.611735463142395,-0.2015981376171112,0.9999485015869141,-0.05384596064686775,-0.6091546416282654,-0.20293043553829193,0.999937891960144,0.13922281563282013,-0.47791343927383423,-0.07152946293354034,0.999789297580719,-0.19856849312782288,-0.45952296257019043,-0.06017832085490227,0.9998345971107483,0.3015637695789337,-0.44918346405029297,-0.1739969402551651,0.9799312353134155,-0.3528749346733093,-0.4604872465133667,-0.23491598665714264,0.9663081169128418,0.17680464684963226,-0.5748275518417358,-0.31372836232185364,0.8038265705108643,-0.2348862886428833,-0.5890010595321655,-0.32853639125823975,0.7929180860519409,0.1361113041639328,-0.6076143980026245,-0.3597952127456665,0.7393456697463989,-0.18527305126190186,-0.608783483505249,-0.36619889736175537,0.7116011381149292,0.10600334405899048,-0.6222155094146729,-0.3349320590496063,0.7598825693130493,-0.17124944925308228,-0.6192610859870911,-0.3310971260070801,0.7285163998603821,0.15338116884231567,-0.5840123891830444,-0.3141453266143799,0.7428872585296631,-0.21565447747707367,-0.5870031118392944,-0.32383307814598083,0.7132233381271362,0.11206722259521484,-0.011410200037062168,0.005716546438634396,0.3225170969963074,-0.11052246391773224,0.0033351010642945766,-0.004197489004582167,0.3316729664802551,0.14349213242530823,-0.07255660742521286,-0.08222223818302155,0.05343969166278839,-0.16337193548679352,-0.02026030793786049,-0.13346050679683685,0.06403647363185883,0.11372280865907669,0.20967520773410797,0.15539038181304932,0.01424216665327549,-0.13513164222240448,0.3823142349720001,0.12158195674419403,0.02469637431204319,0.10989226400852203,0.22199031710624695,0.1740145981311798,0.008897555992007256,-0.12321227043867111,0.39914920926094055,0.15102316439151764,0.015722203999757767,0.1612306386232376,0.2013256996870041,-0.055654216557741165,0.01781570538878441,-0.1096862405538559,0.4324413239955902,-0.096378393471241,0.026021193712949753,14,0.583,0.4371393322944641,0.3352116644382477,1.603459338639368e-07,,0.455064058303833,0.3631457984447479,0.002638846868649125,,0.4665844440460205,0.3885619640350342,0.0043250867165625095,,0.47359296679496765,0.4137318432331085,0.0039091273210942745,,0.4781530201435089,0.43490105867385864,0.002854296937584877,,0.4672780930995941,0.36175471544265747,0.01207255944609642,,0.4842889606952667,0.35140952467918396,0.013762617483735085,,0.4953610599040985,0.3440037667751312,0.012913897633552551,,0.5052070617675781,0.3352995812892914,0.012155440635979176,,0.46284693479537964,0.33184754848480225,0.009970876388251781,,0.4836485981941223,0.32236525416374207,0.01297574769705534,,0.4967126250267029,0.3141835033893585,0.011971608735620975,,0.5092588663101196,0.306508868932724,0.01030953973531723,,0.45799413323402405,0.305402547121048,0.007168358191847801,,0.4786488711833954,0.2975205183029175,0.01018117368221283,,0.4912792146205902,0.2925484776496887,0.009166228584945202,,0.5029765963554382,0.28784459829330444,0.007945597171783447,,0.45144978165626526,0.28360071778297424,0.004089392255991697,,0.4691812992095947,0.2760494351387024,0.008516397327184677,,0.4802909195423126,0.2726093828678131,0.011170530691742897,,0.4897489547729492,0.271178275346756,0.012313003651797771,,,,,,,,,,,,,,,,,,,,,,,,,,,,,,,,,,,,,,,,,,,,,,,,,,,,,,,,,,,,,,,,,,,,,,,,,,,,,,,,,,,,,
-0.027390256524086,-0.6467384696006775,-0.23463286459445953,0.9998641014099121,-0.01314722653478384,-0.6813114285469055,-0.21869781613349915,0.9997618794441223,-0.013925782404839993,-0.6809228658676147,-0.2207036316394806,0.9997926950454712,-0.013548648916184902,-0.681183397769928,-0.21837200224399567,0.9997602701187134,-0.05016006901860237,-0.6814472079277039,-0.2249596118927002,0.9997192025184631,-0.04798673093318939,-0.6819387078285217,-0.22577393054962158,0.9997326135635376,-0.04863448068499565,-0.6808484792709351,-0.22178129851818085,0.9996849894523621,0.04764869809150696,-0.6497275233268738,-0.1058819442987442,0.999828040599823,-0.10771302133798599,-0.6440688371658325,-0.11096566915512085,0.9997668862342834,-0.006287305615842342,-0.610713541507721,-0.20335905253887177,0.9999533891677856,-0.05162593349814415,-0.6081231832504272,-0.20389440655708313,0.9999439716339111,0.14218991994857788,-0.47793498635292053,-0.07509183138608932,0.9997971653938293,-0.19433006644248962,-0.46057265996932983,-0.05933498963713646,0.999843955039978,0.30232760310173035,-0.44871753454208374,-0.1769663542509079,0.9818927049636841,-0.349490761756897,-0.4630587697029114,-0.23431073129177094,0.9696222543716431,0.18028372526168823,-0.5725017189979553,-0.3173554241657257,0.8233351111412048,-0.230628103017807,-0.5842230916023254,-0.3282497525215149,0.8133642077445984,0.13904285430908203,-0.6040711998939514,-0.365135133266449,0.7643750905990601,-0.18115268647670746,-0.6012017130851746,-0.36607781052589417,0.7373803853988647,0.10834263265132904,-0.6174682974815369,-0.33746975660324097,0.782752275466919,-0.16563645005226135,-0.6105239391326904,-0.331011563539505,0.7520576119422913,0.15630359947681427,-0.5809917449951172,-0.31723153591156006,0.7674819231033325,-0.2107897251844406,-0.5810632705688477,-0.32362014055252075,0.7386894226074219,0.11239752918481827,-0.01143280602991581,0.00569192273542285,0.32436421513557434,-0.11072134226560593,0.003399417968466878,-0.004166912287473679,0.33281823992729187,0.144076406955719,-0.0785767063498497,-0.08574606478214264,0.04971107468008995,-0.16453871130943298,-0.03034922294318676,-0.1336749643087387,0.059827595949172974,0.11555888503789902,0.2045009583234787,0.15561024844646454,0.013268545269966125,-0.1343165636062622,0.3827291429042816,0.12156802415847778,0.022844649851322174,0.1118246465921402,0.2162366509437561,0.17472095787525177,0.008384712971746922,-0.1229906752705574,0.39915382862091064,0.15110333263874054,0.014689646661281586,0.16186179220676422,0.1903475821018219,-0.05774427577853203,0.016505399718880653,-0.10943952202796936,0.4310128688812256,-0.09449375420808792,0.02397266775369644,15,0.625,0.4370003938674927,0.34996896982192993,1.5149649357226735e-07,,0.4546467959880829,0.37884750962257385,0.003942898008972406,,0.46573588252067566,0.4020345211029053,0.007418285124003887,,0.4725635051727295,0.42162251472473145,0.008678766898810863,,0.47765955328941345,0.4361266493797302,0.009507340379059315,,0.46925562620162964,0.3704969882965088,0.01660892181098461,,0.4875926971435547,0.3627009391784668,0.020039360970258713,,0.4983671009540558,0.35685697197914124,0.019934244453907013,,0.5075828433036804,0.34867867827415466,0.01967233419418335,,0.4661598205566406,0.3403533399105072,0.014588492922484875,,0.4880152642726898,0.3321061134338379,0.019584817811846733,,0.5004310607910156,0.32579270005226135,0.018976766616106033,,0.5119763016700745,0.31926029920578003,0.017549699172377586,,0.4618102014064789,0.3141210079193115,0.011777462437748909,,0.48301270604133606,0.3074205219745636,0.01634282059967518,,0.4952685832977295,0.30401110649108887,0.015296120196580887,,0.5063632130622864,0.30071693658828735,0.013897212222218513,,0.4552682936191559,0.2924771010875702,0.008787177503108978,,0.47287553548812866,0.2868151366710663,0.014553483575582504,,0.4837105870246887,0.2841998040676117,0.017493044957518578,,0.492792546749115,0.28340011835098267,0.018768681213259697,,0.7008854746818542,0.2744726836681366,5.763311961004547e-08,,0.6896464228630066,0.30603086948394775,0.013940146192908287,,0.684270441532135,0.3270493149757385,0.024655558168888092,,0.6857203245162964,0.34711456298828125,0.030733026564121246,,0.6889155507087708,0.3676552176475525,0.034610453993082047,,0.6809118390083313,0.3015972077846527,0.041240394115448,,0.6714438199996948,0.3019838333129883,0.05903879553079605,,0.6668527722358704,0.29889294505119324,0.06676578521728516,,0.6609915494918823,0.294808954000473,0.07046595960855484,,0.6817609667778015,0.272658109664917,0.03648065775632858,,0.6706977486610413,0.2749093472957611,0.05602873116731644,,0.6633133888244629,0.2726341784000397,0.05945860221982002,,0.6578534245491028,0.27080607414245605,0.059751953929662704,,0.6853174567222595,0.2444116324186325,0.03136255964636803,,0.6768416166305542,0.2478734701871872,0.04697718471288681,,0.6698969006538391,0.24772287905216217,0.047330938279628754,,0.6639596819877625,0.24653607606887817,0.045842211693525314,,0.6919135451316833,0.22031594812870026,0.026579581201076508,,0.6868512034416199,0.2128409743309021,0.0397462472319603,,0.6825650930404663,0.21366596221923828,0.04535559564828873,,0.6787688136100769,0.22008071839809418,0.048039644956588745,
-0.026268325746059418,-0.6484615802764893,-0.23617875576019287,0.9998775124549866,-0.012100756168365479,-0.6827912330627441,-0.21994374692440033,0.9997850060462952,-0.01287438627332449,-0.6824107766151428,-0.2219577431678772,0.9998126029968262,-0.012488506734371185,-0.6826751828193665,-0.219645157456398,0.9997835755348206,-0.049109067767858505,-0.6828895211219788,-0.22654502093791962,0.9997468590736389,-0.04693173989653587,-0.6833942532539368,-0.2273373305797577,0.9997589588165283,-0.047575220465660095,-0.6823068261146545,-0.2233544886112213,0.9997161626815796,0.04822862148284912,-0.6501548886299133,-0.10604910552501678,0.9998446702957153,-0.1070563942193985,-0.6442980766296387,-0.11294931918382645,0.9997900128364563,-0.005559753160923719,-0.6119778752326965,-0.20474107563495636,0.999957799911499,-0.050848666578531265,-0.6092798709869385,-0.20570781826972961,0.9999494552612305,0.1426277905702591,-0.4779171943664551,-0.07571609318256378,0.9998043179512024,-0.19409765303134918,-0.4604606032371521,-0.060904063284397125,0.9998530745506287,0.3027972877025604,-0.4492942690849304,-0.17844170331954956,0.9836509823799133,-0.34908783435821533,-0.45962992310523987,-0.2327159196138382,0.9726024866104126,0.18084415793418884,-0.5693824291229248,-0.3184213936328888,0.840871274471283,-0.22950804233551025,-0.579836905002594,-0.3299448490142822,0.8317498564720154,0.1389516294002533,-0.6009787321090698,-0.36695191264152527,0.7867769598960876,-0.17955973744392395,-0.5985814929008484,-0.3684985637664795,0.7605882883071899,0.10719319432973862,-0.6149020195007324,-0.33797481656074524,0.8031973242759705,-0.16437074542045593,-0.6087844371795654,-0.3319476842880249,0.7732475399971008,0.1562746912240982,-0.5778973698616028,-0.31830447912216187,0.7894536852836609,-0.20969265699386597,-0.5772534608840942,-0.32490286231040955,0.761469304561615,0.11242789030075073,-0.011631849221885204,0.005877245217561722,0.3270602524280548,-0.11074859648942947,0.0035846526734530926,-0.004320637788623571,0.335373193025589,0.14397479593753815,-0.07789765298366547,-0.08498165756464005,0.046739883720874786,-0.16336689889431,-0.024714896455407143,-0.13340778648853302,0.0565577931702137,0.1165391132235527,0.20296764373779297,0.15694017708301544,0.012476959265768528,-0.13375574350357056,0.3839360475540161,0.12163632363080978,0.021313300356268883,0.11284425109624863,0.21484364569187164,0.17603543400764465,0.007984466850757599,-0.12258860468864441,0.4002923369407654,0.15115633606910706,0.013851912692189217,0.16361533105373383,0.18951305747032166,-0.054471205919981,0.015441717579960823,-0.10989973694086075,0.43285319209098816,-0.09293738007545471,0.02228330448269844,16,0.667,0.441916823387146,0.3471408486366272,1.8025377812591614e-07,,0.45975610613822937,0.38262149691581726,0.0003893377142958343,,0.46823346614837646,0.4060119688510895,0.001679500681348145,,0.4737650752067566,0.4272920489311218,0.0014722563792020082,,0.47743913531303406,0.44550299644470215,0.0006268081488087773,,0.4694013297557831,0.3735741078853607,0.011610470712184906,,0.48662060499191284,0.3658258318901062,0.012818991206586361,,0.49807411432266235,0.35829687118530273,0.01093425415456295,,0.5078287720680237,0.35151487588882446,0.009310848079621792,,0.46684160828590393,0.3464537560939789,0.010014737956225872,,0.4862525463104248,0.33733320236206055,0.012418542988598347,,0.4998432397842407,0.3309154510498047,0.008948412723839283,,0.5114794969558716,0.32681772112846375,0.005499746184796095,,0.4633224606513977,0.32155361771583557,0.007598551921546459,,0.4808949828147888,0.3135916292667389,0.009750650264322758,,0.4947224259376526,0.3080621063709259,0.00687857111915946,,0.5066197514533997,0.3054042458534241,0.004068345297127962,,0.45849886536598206,0.29805895686149597,0.004862967878580093,,0.4733206033706665,0.29132968187332153,0.006952755618840456,,0.4845193922519684,0.2883748710155487,0.007588497828692198,,0.4942617118358612,0.28786998987197876,0.007461212109774351,,,,,,,,,,,,,,,,,,,,,,,,,,,,,,,,,,,,,,,,,,,,,,,,,,,,,,,,,,,,,,,,,,,,,,,,,,,,,,,,,,,,,
-0.025999242439866066,-0.6472029685974121,-0.2382546365261078,0.999889612197876,-0.012255320325493813,-0.6815521121025085,-0.22229258716106415,0.9998059272766113,-0.013031632639467716,-0.6811813712120056,-0.2242887020111084,0.9998306035995483,-0.012643354013562202,-0.6814455986022949,-0.22198385000228882,0.9998045563697815,-0.049193788319826126,-0.6816062927246094,-0.2289709746837616,0.9997718334197998,-0.047013234347105026,-0.6821061372756958,-0.2297694981098175,0.9997827410697937,-0.04766631871461868,-0.68101567029953,-0.22578692436218262,0.9997442364692688,0.04814238101243973,-0.6496013402938843,-0.10864392668008804,0.9998596906661987,-0.10708890855312347,-0.6438016295433044,-0.11536577343940735,0.9998108744621277,-0.005427451804280281,-0.6108577847480774,-0.20677736401557922,0.999961793422699,-0.05064472556114197,-0.6080742478370667,-0.20784150063991547,0.9999544024467468,0.14276517927646637,-0.4776211678981781,-0.07709050178527832,0.9998115301132202,-0.194025918841362,-0.4602337181568146,-0.06205352768301964,0.9998623132705688,0.3032293915748596,-0.44811031222343445,-0.17943023145198822,0.9852377772331238,-0.34876739978790283,-0.4573870003223419,-0.23932801187038422,0.9752957224845886,0.18087217211723328,-0.5635485649108887,-0.3258345425128937,0.8566873073577881,-0.22939318418502808,-0.5775864720344543,-0.3452458083629608,0.8483840823173523,0.13897199928760529,-0.5945539474487305,-0.37706226110458374,0.8071278929710388,-0.17890293896198273,-0.596702516078949,-0.38679665327072144,0.7821676731109619,0.10628249496221542,-0.6084036827087402,-0.34911707043647766,0.8217873573303223,-0.16405294835567474,-0.6069179773330688,-0.34955039620399475,0.7930461168289185,0.15596669912338257,-0.5721471905708313,-0.3268119692802429,0.809449315071106,-0.20955465734004974,-0.5754399299621582,-0.3401983976364136,0.7827394604682922,0.11265599727630615,-0.011699404567480087,0.007205664645880461,0.3252462148666382,-0.11095307022333145,0.003729929681867361,-0.005656233988702297,0.333871066570282,0.14870382845401764,-0.0765703096985817,-0.08500166237354279,0.043179403990507126,-0.1636185348033905,-0.022909941151738167,-0.13679929077625275,0.05259428173303604,0.12058448791503906,0.20392921566963196,0.15404757857322693,0.01155712828040123,-0.13333652913570404,0.38475093245506287,0.11066371202468872,0.019679954275488853,0.1170506551861763,0.21591395139694214,0.173052579164505,0.00751039432361722,-0.12241213023662567,0.4011380076408386,0.13915137946605682,0.012933011166751385,0.16904766857624054,0.19076597690582275,-0.05724127218127251,0.014246628619730473,-0.1080639436841011,0.43402329087257385,-0.110753133893013,0.02049724943935871,17,0.709,0.429923415184021,0.35618141293525696,1.5754851290239458e-07,,0.4536823332309723,0.38372161984443665,0.009497170336544514,,0.4641714096069336,0.4050571918487549,0.01801932416856289,,0.470415860414505,0.4260653257369995,0.023174608126282692,,0.477785587310791,0.4383575916290283,0.028262194246053696,,0.46604639291763306,0.3692764341831207,0.03243626654148102,,0.48397430777549744,0.35705408453941345,0.039906807243824005,,0.49479973316192627,0.3512353003025055,0.04128272458910942,,0.5042545795440674,0.341621071100235,0.0419098325073719,,0.4620424807071686,0.339065283536911,0.028940794989466667,,0.48267874121665955,0.3275822401046753,0.03725175932049751,,0.4958711564540863,0.3204624056816101,0.03718658536672592,,0.5078239440917969,0.31472069025039673,0.03643502667546272,,0.4578624963760376,0.31267249584198,0.024202976375818253,,0.4772554337978363,0.3024424612522125,0.031551118940114975,,0.48930951952934265,0.2974885404109955,0.03162413090467453,,0.5013096332550049,0.29354551434516907,0.03128539025783539,,0.45267072319984436,0.29160526394844055,0.019439158961176872,,0.47135183215141296,0.2832852900028229,0.026819324120879173,,0.48329710960388184,0.2803753614425659,0.030583636835217476,,0.4938872158527374,0.2802119851112366,0.03284654766321182,,,,,,,,,,,,,,,,,,,,,,,,,,,,,,,,,,,,,,,,,,,,,,,,,,,,,,,,,,,,,,,,,,,,,,,,,,,,,,,,,,,,,
-0.02401888184249401,-0.6477680802345276,-0.23818625509738922,0.9999004006385803,-0.010354535654187202,-0.6822043061256409,-0.22210876643657684,0.9998245239257812,-0.011126379482448101,-0.6818341016769409,-0.2241058349609375,0.9998465180397034,-0.01073818001896143,-0.6820911169052124,-0.2218024581670761,0.999823272228241,-0.04745494946837425,-0.6821390986442566,-0.22884079813957214,0.9997941255569458,-0.0452791191637516,-0.6826396584510803,-0.2296513319015503,0.9998040199279785,-0.04592892900109291,-0.6815441846847534,-0.22566437721252441,0.9997693300247192,0.050484798848629,-0.6501871347427368,-0.10831394791603088,0.9998730421066284,-0.10523297637701035,-0.6438585519790649,-0.1153268814086914,0.9998295903205872,-0.0030449959449470043,-0.611408531665802,-0.20664973556995392,0.9999653100967407,-0.04845595732331276,-0.6084912419319153,-0.20775121450424194,0.9999588131904602,0.14557570219039917,-0.4779353141784668,-0.07581473886966705,0.9998162984848022,-0.1913563460111618,-0.4601857662200928,-0.0630108192563057,0.9998688697814941,0.308419793844223,-0.44753822684288025,-0.17899289727210999,0.9866669774055481,-0.3461066484451294,-0.45501768589019775,-0.23853328824043274,0.9777155518531799,0.18587610125541687,-0.5619385838508606,-0.3259691596031189,0.8709105253219604,-0.2293102741241455,-0.573455810546875,-0.34503379464149475,0.8633264899253845,0.1433851420879364,-0.5923368334770203,-0.3770643472671509,0.8253778219223022,-0.17922519147396088,-0.5926370620727539,-0.38602736592292786,0.8014087677001953,0.11046411842107773,-0.606351375579834,-0.34960344433784485,0.8384534120559692,-0.16432826220989227,-0.6040118932723999,-0.3487952947616577,0.8106988668441772,0.1605258285999298,-0.5705842971801758,-0.32703596353530884,0.8273717761039734,-0.20952925086021423,-0.5718739628791809,-0.33969634771347046,0.8016433119773865,0.11271380633115768,-0.011687053367495537,0.0073350402526557446,0.3307257890701294,-0.11099696159362793,0.003751857439056039,-0.005794402677565813,0.3384811282157898,0.1479809582233429,-0.07457924634218216,-0.08403880894184113,0.04053613916039467,-0.1642521321773529,-0.02145949751138687,-0.13631068170070648,0.049738604575395584,0.11904655396938324,0.20517529547214508,0.15527544915676117,0.010859731584787369,-0.13323207199573517,0.38529831171035767,0.11315159499645233,0.018346793949604034,0.11543317139148712,0.21712253987789154,0.17439161241054535,0.007157839834690094,-0.12222348153591156,0.40169966220855713,0.14195245504379272,0.012176759541034698,0.167074054479599,0.1915433704853058,-0.05456630140542984,0.013298365287482738,-0.10819613188505173,0.4347993731498718,-0.10609100013971329,0.019013117998838425,18,0.75,0.43233752250671387,0.348733127117157,2.0082340768112772e-07,,0.45374220609664917,0.37920767068862915,0.00025737445685081184,,0.4638277292251587,0.39972272515296936,0.0003807087487075478,,0.46897149085998535,0.42136088013648987,-0.0007550914888270199,,0.4725459814071655,0.4382002353668213,-0.002437987830489874,,0.46296226978302,0.3656652569770813,0.006182953715324402,,0.48030808568000793,0.3559170067310333,0.005422490648925304,,0.4920004606246948,0.3473900854587555,0.0031815418042242527,,0.5026084780693054,0.33949291706085205,0.001447326852940023,,0.45984289050102234,0.33705341815948486,0.004277717787772417,,0.47980326414108276,0.32683587074279785,0.00393068278208375,,0.49383068084716797,0.31896406412124634,0.0006309557938948274,,0.506450355052948,0.31339284777641296,-0.002405354054644704,,0.45585089921951294,0.3114093542098999,0.0018293887842446566,,0.47401925921440125,0.30214688181877136,0.0018544980557635427,,0.48815464973449707,0.29539787769317627,-0.0009815174853429198,,0.5007972121238708,0.2917775511741638,-0.0033882074058055878,,0.4510817229747772,0.28913992643356323,-0.0008552977233193815,,0.46732884645462036,0.28141435980796814,-0.0004884930676780641,,0.4795472323894501,0.2783062160015106,-0.0006721476675011218,,0.4903717041015625,0.277790904045105,-0.0011786420363932848,,0.7011538147926331,0.2802926301956177,-6.588685153019469e-08,,0.6926283240318298,0.3185329735279083,0.020152343437075615,,0.6887243986129761,0.3443916440010071,0.03552951291203499,,0.6889733076095581,0.36498314142227173,0.04529987648129463,,0.6902146339416504,0.38111767172813416,0.05305754020810127,,0.6841179728507996,0.3111918568611145,0.051723260432481766,,0.6747826337814331,0.3131820261478424,0.07085122168064117,,0.6688047647476196,0.3121146261692047,0.07818437367677689,,0.6624919176101685,0.3099922239780426,0.08164896070957184,,0.6843163371086121,0.28196197748184204,0.0445190966129303,,0.6730246543884277,0.2862711250782013,0.06561878323554993,,0.663629412651062,0.28610652685165405,0.06810221076011658,,0.6564999222755432,0.2868086099624634,0.06740988790988922,,0.686799943447113,0.2517473101615906,0.03703678399324417,,0.6756714582443237,0.25720855593681335,0.05369481444358826,,0.6665508151054382,0.25893256068229675,0.05375399813055992,,0.6595970988273621,0.25952765345573425,0.05191178619861603,,0.6919420957565308,0.22535978257656097,0.030268466100096703,,0.6836387515068054,0.2220737189054489,0.043367378413677216,,0.6769495010375977,0.22336345911026,0.04849020391702652,,0.6710004210472107,0.22992010414600372,0.05080726742744446,
-0.02431897632777691,-0.6470264196395874,-0.2389492690563202,0.9999101758003235,-0.01067733857780695,-0.6815189123153687,-0.2230379283428192,0.9998413920402527,-0.011445567011833191,-0.6811500191688538,-0.2250632792711258,0.9998610019683838,-0.011056032963097095,-0.681404709815979,-0.22276097536087036,0.9998401999473572,-0.04776422679424286,-0.6814634203910828,-0.22942321002483368,0.9998142719268799,-0.04558723419904709,-0.6819624304771423,-0.23017631471157074,0.9998232126235962,-0.04623761028051376,-0.6808667778968811,-0.22619059681892395,0.9997920393943787,0.05008070543408394,-0.6498699188232422,-0.10974636673927307,0.9998851418495178,-0.1056559830904007,-0.6434807777404785,-0.115799680352211,0.9998464584350586,-0.003240736899897456,-0.6108132004737854,-0.20760320127010345,0.9999685287475586,-0.04862719401717186,-0.6078914999961853,-0.20837584137916565,0.9999628067016602,0.14517657458782196,-0.477865993976593,-0.07657153159379959,0.9998220801353455,-0.19156402349472046,-0.4600061774253845,-0.06340716034173965,0.999876081943512,0.30917471647262573,-0.4465649425983429,-0.17646555602550507,0.9879644513130188,-0.3453505337238312,-0.4533780813217163,-0.23748552799224854,0.9799004197120667,0.18578961491584778,-0.5608859062194824,-0.3206002414226532,0.8837395310401917,-0.23057042062282562,-0.5705286860466003,-0.341078519821167,0.8768213987350464,0.14320674538612366,-0.5923004746437073,-0.36971375346183777,0.8419462442398071,-0.18091842532157898,-0.5904110670089722,-0.3823503851890564,0.8190280199050903,0.10979503393173218,-0.6068514585494995,-0.3439324200153351,0.8536018133163452,-0.16702453792095184,-0.6019207239151001,-0.34482163190841675,0.8268975019454956,0.16020141541957855,-0.570163369178772,-0.3215986490249634,0.8436716198921204,-0.21116326749324799,-0.5694742798805237,-0.33550575375556946,0.8190230131149292,0.11275316774845123,-0.01172736193984747,0.007368703372776508,0.3327099680900574,-0.11105173826217651,0.0038866933900862932,-0.005850442219525576,0.33996492624282837,0.1481340527534485,-0.07207292318344116,-0.08350513130426407,0.03767204284667969,-0.16459693014621735,-0.021085605025291443,-0.13499397039413452,0.04644181206822395,0.12075720727443695,0.2072552591562271,0.15574106574058533,0.010111868381500244,-0.13267263770103455,0.38559064269065857,0.11417509615421295,0.01695445366203785,0.11742527782917023,0.21895189583301544,0.1746341437101364,0.006739361677318811,-0.12122609466314316,0.40217676758766174,0.14266185462474823,0.011371582746505737,0.16773416101932526,0.19664083421230316,-0.05328221246600151,0.01231567282229662,-0.10700522363185883,0.4366742968559265,-0.10492334514856339,0.01750624179840088,19,0.792,0.432684063911438,0.3474104404449463,1.769678164009747e-07,,0.45259547233581543,0.37942197918891907,-0.0002882737317122519,,0.4621918499469757,0.3998742997646332,-0.0008614405523985624,,0.46798980236053467,0.4195239245891571,-0.002657849807292223,,0.4722077250480652,0.436517596244812,-0.00506645068526268,,0.4616699814796448,0.3668093681335449,0.003983264323323965,,0.4784097671508789,0.3553618788719177,0.0022738913539797068,,0.4903917610645294,0.34578344225883484,-0.0006124080973677337,,0.5014736652374268,0.3372455835342407,-0.0028270247858017683,,0.4584151804447174,0.3382726311683655,0.0019149940926581621,,0.4777771532535553,0.32645508646965027,0.00040377757977694273,,0.49224820733070374,0.31801220774650574,-0.0035464151296764612,,0.5056029558181763,0.31207340955734253,-0.006959192920476198,,0.4543374478816986,0.31285199522972107,-0.0005271577392704785,,0.4719887375831604,0.3024623692035675,-0.001500207930803299,,0.4864357113838196,0.2950458526611328,-0.004141428507864475,,0.49981769919395447,0.2906782627105713,-0.006289886310696602,,0.4495839476585388,0.29069653153419495,-0.0032166156452149153,,0.465464323759079,0.28142017126083374,-0.0035105696879327297,,0.4777129590511322,0.27820420265197754,-0.0033246278762817383,,0.4886654317378998,0.2778063714504242,-0.0034505140502005816,,0.7018142938613892,0.27891820669174194,-5.8725188267771955e-08,,0.6875576376914978,0.31020498275756836,0.016363589093089104,,0.6798403859138489,0.3303566873073578,0.030198834836483,,0.6788720488548279,0.3422006666660309,0.03927060216665268,,0.680061936378479,0.35057955980300903,0.046592604368925095,,0.6806168556213379,0.30425065755844116,0.045842383056879044,,0.6703087091445923,0.305258572101593,0.062342569231987,,0.6652455925941467,0.303153932094574,0.0681544691324234,,0.6595994830131531,0.3002075254917145,0.07097911834716797,,0.6842875480651855,0.2764955461025238,0.04036939516663551,,0.6729391813278198,0.2756689488887787,0.057700883597135544,,0.6650498509407043,0.2732298970222473,0.05843096226453781,,0.6603522896766663,0.27408987283706665,0.05738694593310356,,0.6892305016517639,0.24839089810848236,0.03458711877465248,,0.6776068210601807,0.24960605800151825,0.048781391233205795,,0.669500470161438,0.25051793456077576,0.048856284469366074,,0.6647051572799683,0.25090569257736206,0.04780605807900429,,0.696358859539032,0.22531022131443024,0.02941136807203293,,0.687544047832489,0.21722954511642456,0.043015606701374054,,0.6811973452568054,0.21781706809997559,0.049545131623744965,,0.6766086220741272,0.22333115339279175,0.053059693425893784,
-0.02863762341439724,-0.6467508673667908,-0.24075233936309814,0.9999189376831055,-0.015428484417498112,-0.6813132166862488,-0.22471533715724945,0.9998564124107361,-0.016181524842977524,-0.6809324026107788,-0.22663666307926178,0.9998738169670105,-0.015809806063771248,-0.6811786890029907,-0.2243664413690567,0.9998552203178406,-0.05262086167931557,-0.6812495589256287,-0.23224003612995148,0.9998323917388916,-0.05042620003223419,-0.6817453503608704,-0.23310057818889618,0.9998404383659363,-0.05108911916613579,-0.6806535720825195,-0.22913257777690887,0.9998124241828918,0.041707295924425125,-0.6496123671531677,-0.11064011603593826,0.9998958706855774,-0.11444974690675735,-0.6431961059570312,-0.11966092139482498,0.9998615980148315,-0.009029067121446133,-0.6105146408081055,-0.20816142857074738,0.9999713897705078,-0.054543834179639816,-0.6075778603553772,-0.2103690654039383,0.9999663829803467,0.13815762102603912,-0.47790414094924927,-0.0766913965344429,0.9998261332511902,-0.2004249393939972,-0.45990386605262756,-0.06399542093276978,0.9998828768730164,0.3090555965900421,-0.44535741209983826,-0.17096051573753357,0.989129364490509,-0.3510372042655945,-0.4476841986179352,-0.23695994913578033,0.9818636775016785,0.1837005615234375,-0.5604574680328369,-0.3106588125228882,0.8952770829200745,-0.24038344621658325,-0.5675037503242493,-0.33778467774391174,0.8889387845993042,0.14115285873413086,-0.593444287776947,-0.3589400351047516,0.8567965030670166,-0.19153772294521332,-0.5876778364181519,-0.3793511986732483,0.8346832990646362,0.10681001096963882,-0.609581470489502,-0.33523112535476685,0.8671762943267822,-0.17924882471561432,-0.5997981429100037,-0.3422143757343292,0.8412597179412842,0.1578453779220581,-0.5706598162651062,-0.3122616708278656,0.8582700490951538,-0.22173212468624115,-0.5666684508323669,-0.3321269154548645,0.8344407677650452,0.11275148391723633,-0.012057885527610779,0.007554374169558287,0.33372727036476135,-0.11108534038066864,0.004297289066016674,-0.006079329177737236,0.3418780565261841,0.1477663218975067,-0.06186004355549812,-0.07656648755073547,0.035208433866500854,-0.1643494963645935,0.006075339391827583,-0.12899483740329742,0.04369242489337921,0.12067050486803055,0.21342548727989197,0.15607117116451263,0.009445339441299438,-0.13286970555782318,0.3949417769908905,0.11444184929132462,0.015772774815559387,0.11735561490058899,0.22532975673675537,0.17498721182346344,0.006371873896569014,-0.12157154828310013,0.41224756836891174,0.14276759326457977,0.010687381029129028,0.16761930286884308,0.21172399818897247,-0.04600651562213898,0.011467824690043926,-0.10824450105428696,0.45405399799346924,-0.10407917946577072,0.016236884519457817,20,0.834,0.43003126978874207,0.34823957085609436,8.949557894766258e-08,,0.44825926423072815,0.3768232464790344,0.0049550822004675865,,0.4577640891075134,0.3986510634422302,0.009528463706374168,,0.4641823470592499,0.41861987113952637,0.011884341947734356,,0.4707443416118622,0.4304909110069275,0.014016848988831043,,0.4626540243625641,0.36148008704185486,0.018099384382367134,,0.47895923256874084,0.349462628364563,0.021329186856746674,,0.4901379942893982,0.34363633394241333,0.02072751894593239,,0.500217854976654,0.3347368836402893,0.020165685564279556,,0.45771071314811707,0.33406969904899597,0.015573134645819664,,0.47708314657211304,0.3215509057044983,0.020234331488609314,,0.49058395624160767,0.3136644661426544,0.019689086824655533,,0.5033248662948608,0.3072001039981842,0.018287118524312973,,0.45335444808006287,0.30993032455444336,0.012157004326581955,,0.47197413444519043,0.29783880710601807,0.01626628078520298,,0.4844001531600952,0.29168501496315,0.01593863219022751,,0.4969603419303894,0.28607285022735596,0.015231644734740257,,0.44839370250701904,0.2903634011745453,0.00851161777973175,,0.4649865925312042,0.27771836519241333,0.013420809991657734,,0.47650641202926636,0.272352010011673,0.016546742990612984,,0.4868772327899933,0.26983392238616943,0.01819077506661415,,0.7011191248893738,0.2863166630268097,-8.473081436477514e-08,,0.686738908290863,0.31555381417274475,0.019892526790499687,,0.6809933185577393,0.3328745365142822,0.03714139387011528,,0.6790322065353394,0.34209248423576355,0.049099408090114594,,0.6784161925315857,0.3486672639846802,0.059511683881282806,,0.6830449104309082,0.3037143349647522,0.05322270467877388,,0.6724931001663208,0.3034728765487671,0.07100214064121246,,0.6653849482536316,0.30064210295677185,0.07697997987270355,,0.6582334637641907,0.2981964349746704,0.07984081655740738,,0.6862649917602539,0.27622127532958984,0.046634554862976074,,0.6753106117248535,0.27523645758628845,0.06536129862070084,,0.664584219455719,0.2711475193500519,0.06535585224628448,,0.6569218039512634,0.271547794342041,0.06338948756456375,,0.6906693577766418,0.24817907810211182,0.039635613560676575,,0.6793602705001831,0.24819695949554443,0.05443717911839485,,0.6694079637527466,0.24736882746219635,0.05312814936041832,,0.6624979376792908,0.2473868429660797,0.05087548866868019,,0.695814847946167,0.22537612915039062,0.03343579173088074,,0.686769425868988,0.21828094124794006,0.04579498618841171,,0.6782236695289612,0.21793770790100098,0.050342049449682236,,0.6708134412765503,0.22306105494499207,0.05249078944325447,
-0.034077782183885574,-0.6404412388801575,-0.22140522301197052,0.9999268651008606,-0.02111443132162094,-0.6759336590766907,-0.2069166898727417,0.9998701810836792,-0.02182995155453682,-0.6755868792533875,-0.2084893137216568,0.9998856782913208,-0.021541640162467957,-0.6758401989936829,-0.20621705055236816,0.9998689889907837,-0.05755669251084328,-0.675496518611908,-0.2152051329612732,0.9998487830162048,-0.05531687289476395,-0.6759451627731323,-0.2163604348897934,0.9998560547828674,-0.056014664471149445,-0.6748057007789612,-0.21239551901817322,0.9998308420181274,0.032935477793216705,-0.6494698524475098,-0.09496382623910904,0.9999057650566101,-0.11981751024723053,-0.6424095630645752,-0.10745862126350403,0.9998753070831299,-0.015362399630248547,-0.60666823387146,-0.1888420283794403,0.9999740719795227,-0.060022179037332535,-0.6034013628959656,-0.19209833443164825,0.9999696612358093,0.1328665018081665,-0.47793567180633545,-0.054476041346788406,0.9998368620872498,-0.20421302318572998,-0.45916733145713806,-0.052469927817583084,0.9998923540115356,0.2964671850204468,-0.4274538457393646,-0.13903675973415375,0.9901875257492065,-0.35086479783058167,-0.42543646693229675,-0.20885495841503143,0.983656108379364,0.17622333765029907,-0.5593642592430115,-0.25954940915107727,0.9056978821754456,-0.24587322771549225,-0.566408097743988,-0.2973179519176483,0.899971067905426,0.13602641224861145,-0.5948008894920349,-0.3059781491756439,0.8703858852386475,-0.20051898062229156,-0.5865180492401123,-0.33673331141471863,0.8500249981880188,0.10581930726766586,-0.614730954170227,-0.2827628254890442,0.8796300292015076,-0.18978635966777802,-0.601529061794281,-0.30210843682289124,0.8556442856788635,0.15278522670269012,-0.571562647819519,-0.260737806558609,0.8716678619384766,-0.22840441763401031,-0.5650784373283386,-0.2914468050003052,0.8496476411819458,0.11270985752344131,-0.012113150209188461,0.007291185203939676,0.3549346327781677,-0.11112090200185776,0.004571912810206413,-0.005966935306787491,0.364894300699234,0.14593102037906647,-0.05285756289958954,-0.07379432022571564,0.03260844945907593,-0.16421353816986084,0.025016361847519875,-0.11907650530338287,0.04070132598280907,0.12218582630157471,0.22878962755203247,0.15172694623470306,0.008790058083832264,-0.12847284972667694,0.41330862045288086,0.11537015438079834,0.014587238430976868,0.11985338479280472,0.24075457453727722,0.16785337030887604,0.0059591494500637054,-0.11719423532485962,0.4341747760772705,0.14295236766338348,0.009971998631954193,0.16749835014343262,0.23856785893440247,-0.0459025576710701,0.01063243392854929,-0.10837898403406143,0.48305702209472656,-0.1004069522023201,0.014986235648393631,21,0.875,0.4241294264793396,0.3584742248058319,4.560985189527855e-08,,0.4403248429298401,0.3767126202583313,-0.0028321261052042246,,0.45147380232810974,0.39118266105651855,-0.0057306005619466305,,0.4607897102832794,0.4031142294406891,-0.0097175482660532,,0.4711902141571045,0.4159761667251587,-0.014161304570734501,,0.4577273428440094,0.3503732681274414,-0.002030104398727417,,0.47050032019615173,0.33571580052375793,-0.006845464464277029,,0.48129910230636597,0.3268042802810669,-0.011043095961213112,,0.49135684967041016,0.3172004818916321,-0.01378922164440155,,0.4528701901435852,0.3243420422077179,-0.003536255331709981,,0.4695742726325989,0.30728182196617126,-0.005877922289073467,,0.4827832579612732,0.29798951745033264,-0.007120683789253235,,0.4962509572505951,0.2901434600353241,-0.00898543931543827,,0.44764798879623413,0.30215632915496826,-0.005974952597171068,,0.4645525813102722,0.28495240211486816,-0.008608026430010796,,0.4769696891307831,0.27837124466896057,-0.009759516455233097,,0.48979225754737854,0.2730356454849243,-0.010829871520400047,,0.4413086771965027,0.28430497646331787,-0.009101638570427895,,0.454904168844223,0.2665007412433624,-0.010708124376833439,,0.4660566747188568,0.26271235942840576,-0.010059480555355549,,0.47676512598991394,0.2631773352622986,-0.009877137839794159,,0.7040598392486572,0.32708287239074707,4.105501005824408e-08,,0.6885700225830078,0.3236079216003418,0.003828111570328474,,0.6801702976226807,0.30573800206184387,0.010802825912833214,,0.6687703728675842,0.29143452644348145,0.01590493880212307,,0.6596612930297852,0.2863379418849945,0.02066250517964363,,0.6911071538925171,0.2895951271057129,0.026733480393886566,,0.67964106798172,0.282613068819046,0.035401176661252975,,0.669472873210907,0.28171876072883606,0.03632708266377449,,0.6590694189071655,0.28065213561058044,0.0350472554564476,,0.6878694891929626,0.279631644487381,0.025311047211289406,,0.6760440468788147,0.2648038864135742,0.03334399312734604,,0.6647534370422363,0.2603604793548584,0.02892776019871235,,0.6539069414138794,0.2559167742729187,0.023670295253396034,,0.6858256459236145,0.271456241607666,0.023016490042209625,,0.6746118068695068,0.25483933091163635,0.028278425335884094,,0.6636760234832764,0.24967962503433228,0.023986808955669403,,0.6545025706291199,0.24632404744625092,0.0190797857940197,,0.685556173324585,0.26639124751091003,0.02071239985525608,,0.6751755475997925,0.25467583537101746,0.0255383662879467,,0.6674352884292603,0.25167661905288696,0.026315608993172646,,0.6604620814323425,0.25237345695495605,0.02522621862590313,
-0.03635256737470627,-0.627526044845581,-0.21701358258724213,0.9999339580535889,-0.02342722937464714,-0.663538932800293,-0.20343086123466492,0.9998825192451477,-0.024154551327228546,-0.6631935238838196,-0.20501777529716492,0.9998963475227356,-0.02387639507651329,-0.6634597182273865,-0.2027052640914917,0.999881386756897,-0.059655677527189255,-0.6631803512573242,-0.21167148649692535,0.9998635053634644,-0.05742333456873894,-0.6635898351669312,-0.21280847489833832,0.9998700618743896,-0.058140888810157776,-0.6623935103416443,-0.20880773663520813,0.999847412109375,0.029522860422730446,-0.6436620354652405,-0.09230771660804749,0.9999147653579712,-0.12251055240631104,-0.636622965335846,-0.10483468323945999,0.9998876452445984,-0.018092773854732513,-0.5961586236953735,-0.18446893990039825,0.9999765157699585,-0.06252534687519073,-0.593167781829834,-0.18770372867584229,0.9999726414680481,0.13100041449069977,-0.47474998235702515,-0.050923340022563934,0.999848484992981,-0.20772086083889008,-0.4552869498729706,-0.04709150269627571,0.999901294708252,0.2872283458709717,-0.4059504568576813,-0.12368001788854599,0.9911336898803711,-0.35073137283325195,-0.40307074785232544,-0.19163574278354645,0.9852655529975891,0.16672265529632568,-0.5589373707771301,-0.2387160062789917,0.9150721430778503,-0.24728456139564514,-0.5596245527267456,-0.28003787994384766,0.9099041223526001,0.12624457478523254,-0.5938675403594971,-0.2836751639842987,0.8826003670692444,-0.20348966121673584,-0.5853995680809021,-0.3175123333930969,0.8639304637908936,0.09992089122533798,-0.6154879927635193,-0.26028043031692505,0.8908277153968811,-0.19439588487148285,-0.5996778607368469,-0.28356826305389404,0.8687164187431335,0.14418216049671173,-0.5705432295799255,-0.2393442988395691,0.8837316036224365,-0.23058700561523438,-0.5634336471557617,-0.2744198441505432,0.8634623289108276,0.11306703090667725,-0.012144231237471104,0.006260615307837725,0.35610145330429077,-0.111505426466465,0.004729743581265211,-0.005066304467618465,0.3675890266895294,0.1457163244485855,-0.06611316651105881,-0.07429056614637375,0.03017699532210827,-0.16753526031970978,0.0010000538313761353,-0.11748126894235611,0.03766512870788574,0.12490277737379074,0.22053077816963196,0.15242166817188263,0.008151055313646793,-0.12669312953948975,0.40936845541000366,0.1239810585975647,0.013409263454377651,0.12305568903684616,0.231399804353714,0.16883789002895355,0.005555132869631052,-0.11472611129283905,0.4299136698246002,0.15187929570674896,0.00926102977246046,0.16726116836071014,0.22197644412517548,-0.04706413298845291,0.009802639484405518,-0.10842075943946838,0.4758716821670532,-0.09289853274822235,0.013735760934650898,22,0.917,0.416778028011322,0.4016970992088318,5.097950150911856e-08,,0.43885117769241333,0.4007575511932373,5.007880099583417e-05,,0.45351147651672363,0.39770904183387756,-0.00036437634844332933,,0.4616148769855499,0.3963029384613037,-0.0037360461428761482,,0.4669606387615204,0.3991638422012329,-0.007771317381411791,,0.45604756474494934,0.3363499939441681,0.014095203019678593,,0.46970096230506897,0.3166411817073822,0.012825687415897846,,0.4796580374240875,0.30899518728256226,0.008196570910513401,,0.4877559542655945,0.30009594559669495,0.004370551090687513,,0.45085716247558594,0.318835586309433,0.009978007525205612,,0.46704739332199097,0.29512134194374084,0.010491028428077698,,0.47930455207824707,0.28696826100349426,0.005899180192500353,,0.4916946291923523,0.2822289764881134,0.001151261618360877,,0.44385552406311035,0.30283984541893005,0.004236359149217606,,0.4597705900669098,0.27760422229766846,0.003756137564778328,,0.4733937680721283,0.27219706773757935,-0.00091724464436993,,0.4859491288661957,0.2722804844379425,-0.004964557476341724,,0.4351322650909424,0.2890903651714325,-0.002234201179817319,,0.44897371530532837,0.2654651403427124,-0.001768077607266605,,0.4617782533168793,0.2634502053260803,-0.00184355687815696,,0.4738677144050598,0.2679544687271118,-0.0026707348879426718,,0.6903987526893616,0.33133965730667114,-2.8064323487342335e-07,,0.6739803552627563,0.32875123620033264,0.0180235393345356,,0.6697697043418884,0.3113173246383667,0.033018775284290314,,0.6645614504814148,0.29344862699508667,0.04368250444531441,,0.6581629514694214,0.27996763586997986,0.05385652929544449,,0.6780456900596619,0.2811954617500305,0.04587360471487045,,0.6659670472145081,0.2687091529369354,0.057455021888017654,,0.6548575758934021,0.26928243041038513,0.05914262309670448,,0.6464871764183044,0.2726823687553406,0.05947847664356232,,0.679200291633606,0.26625603437423706,0.03993183374404907,,0.6655663251876831,0.2552592158317566,0.05301650986075401,,0.6527677774429321,0.25613176822662354,0.04976608231663704,,0.6442195773124695,0.2599981129169464,0.04552493244409561,,0.6813185811042786,0.25001928210258484,0.03368547931313515,,0.6666743755340576,0.23539872467517853,0.044361576437950134,,0.6546059250831604,0.23555395007133484,0.041344307363033295,,0.6470151543617249,0.2388327568769455,0.0373336598277092,,0.6844315528869629,0.23259814083576202,0.028369944542646408,,0.6725120544433594,0.2172795981168747,0.03694866970181465,,0.6613366007804871,0.21465152502059937,0.039168212562799454,,0.651893138885498,0.21664327383041382,0.039640139788389206,
-0.03955692797899246,-0.621170699596405,-0.2127673178911209,0.9999403953552246,-0.026403630152344704,-0.6574224829673767,-0.19952398538589478,0.999893844127655,-0.027151357382535934,-0.6570509076118469,-0.20105279982089996,0.9999061822891235,-0.026904232800006866,-0.6573070287704468,-0.19866707921028137,0.9998927712440491,-0.06247522681951523,-0.6573175191879272,-0.20765332877635956,0.999876856803894,-0.06025765463709831,-0.6576690673828125,-0.20886674523353577,0.9998827576637268,-0.06100406497716904,-0.6564365029335022,-0.2048203945159912,0.9998624324798584,0.027036305516958237,-0.6387971043586731,-0.0898473858833313,0.9999229907989502,-0.12452762573957443,-0.6326820850372314,-0.10158482193946838,0.9998987913131714,-0.020929746329784393,-0.5896244049072266,-0.1806686967611313,0.99997878074646,-0.0652681291103363,-0.5871503949165344,-0.1835823655128479,0.999975323677063,0.12991183996200562,-0.4672430753707886,-0.04641624912619591,0.9998605251312256,-0.2078205645084381,-0.4514067471027374,-0.04180352762341499,0.9999099373817444,0.2789463400840759,-0.38189682364463806,-0.10962752997875214,0.9919986128807068,-0.34138622879981995,-0.3915385901927948,-0.1745210886001587,0.9867219924926758,0.15831857919692993,-0.5551197528839111,-0.21677877008914948,0.92353355884552,-0.24784308671951294,-0.5556558966636658,-0.2546292543411255,0.9188703894615173,0.11723564565181732,-0.5928032994270325,-0.26056215167045593,0.8938034772872925,-0.20633019506931305,-0.5848440527915955,-0.29027730226516724,0.8766890168190002,0.09472353756427765,-0.6147603392601013,-0.23602129518985748,0.9011324644088745,-0.199175626039505,-0.5984185338020325,-0.25789856910705566,0.8807634115219116,0.13659892976284027,-0.5700045228004456,-0.21632787585258484,0.8948208689689636,-0.2319577932357788,-0.5623030662536621,-0.2496931403875351,0.8762050271034241,0.11381994187831879,-0.011991580948233604,0.005395885556936264,0.36031273007392883,-0.1121516153216362,0.0047612376511096954,-0.004388783127069473,0.37405645847320557,0.14778758585453033,-0.0840611532330513,-0.08293783664703369,0.027735237032175064,-0.17368030548095703,-0.03964003175497055,-0.11809951066970825,0.0346866212785244,0.13034087419509888,0.20590130984783173,0.1527709662914276,0.007514690048992634,-0.12259416282176971,0.40170779824256897,0.1338895708322525,0.012280949391424656,0.12911711633205414,0.21492747962474823,0.1694888323545456,0.005146937444806099,-0.10898316651582718,0.4225691556930542,0.163422092795372,0.008562186732888222,0.16725391149520874,0.1964181810617447,-0.04880623519420624,0.008979848586022854,-0.10447777807712555,0.4603731036186218,-0.0865253210067749,0.012530652806162834,23,0.959,0.41540756821632385,0.4134867787361145,1.2789041647920385e-07,,0.434989333152771,0.41598594188690186,0.00340462988242507,,0.44807422161102295,0.4016059339046478,0.00654826732352376,,0.4547930955886841,0.39159974455833435,0.0071607427671551704,,0.4578317403793335,0.3843396306037903,0.007716367021203041,,0.4447539448738098,0.32903894782066345,0.016252746805548668,,0.4565127491950989,0.29942163825035095,0.01417894009500742,,0.4709182381629944,0.29469069838523865,0.009481549263000488,,0.48235273361206055,0.2973218262195587,0.006563662085682154,,0.4395710527896881,0.3206002116203308,0.011662015691399574,,0.4532341957092285,0.2855919301509857,0.01018837746232748,,0.46965983510017395,0.2840697467327118,0.005067737307399511,,0.4824831187725067,0.2922101616859436,0.0012392657808959484,,0.43326860666275024,0.3131808638572693,0.005744566209614277,,0.4476662576198578,0.27848607301712036,0.0025935980957001448,,0.46425825357437134,0.2814316749572754,-0.0030839487444609404,,0.4745465815067291,0.29558447003364563,-0.006383455824106932,,0.4259149432182312,0.3076207637786865,-0.00025099486811086535,,0.438237726688385,0.2757676839828491,-0.0030109290964901447,,0.45051926374435425,0.2806745171546936,-0.004903313238173723,,0.4584919512271881,0.2983679175376892,-0.005879249423742294,,0.677029550075531,0.35466212034225464,-2.2275452238318394e-07,,0.666004478931427,0.3350055515766144,0.011155094020068645,,0.6638468503952026,0.3032503128051758,0.020347217097878456,,0.6620023846626282,0.2799812853336334,0.026379525661468506,,0.6575819849967957,0.2644652724266052,0.032468196004629135,,0.6750063896179199,0.28187692165374756,0.028065918013453484,,0.6615471243858337,0.2574537992477417,0.03170129656791687,,0.6473013162612915,0.2545816898345947,0.030670451000332832,,0.6388809680938721,0.2629704475402832,0.03056907281279564,,0.6774194836616516,0.2707158327102661,0.0233836080878973,,0.6610349416732788,0.2477109730243683,0.028308061882853508,,0.6460856795310974,0.24894043803215027,0.02479017898440361,,0.6359851360321045,0.26081424951553345,0.022275757044553757,,0.6789563298225403,0.2603617012500763,0.018173405900597572,,0.6620621085166931,0.2373007833957672,0.022855324670672417,,0.6468501687049866,0.23481082916259766,0.019776560366153717,,0.6368857026100159,0.24420881271362305,0.017312485724687576,,0.679017961025238,0.2511194944381714,0.013478812761604786,,0.664253294467926,0.23041771352291107,0.01783953793346882,,0.651522159576416,0.22457581758499146,0.018237076699733734,,0.6412394046783447,0.22979246079921722,0.018289245665073395,
-0.04313141852617264,-0.612114667892456,-0.21294721961021423,0.9999461770057678,-0.030028095468878746,-0.6486363410949707,-0.20050358772277832,0.9999039173126221,-0.030813349410891533,-0.6482274532318115,-0.2020612359046936,0.9999148845672607,-0.03056439943611622,-0.648478090763092,-0.19962957501411438,0.9999029040336609,-0.0655566081404686,-0.648958146572113,-0.20786139369010925,0.9998887777328491,-0.0633922666311264,-0.6492806077003479,-0.20907245576381683,0.9998941421508789,-0.06415560841560364,-0.648023247718811,-0.20500542223453522,0.9998758435249329,0.025913352146744728,-0.6311836242675781,-0.09148749709129333,0.9999303221702576,-0.12433678656816483,-0.6270911693572998,-0.1021713986992836,0.9999087452888489,-0.02328621782362461,-0.5806638598442078,-0.18203982710838318,0.9999808073043823,-0.06705676019191742,-0.5789353251457214,-0.18394966423511505,0.999977707862854,0.13031181693077087,-0.45341992378234863,-0.04877801239490509,0.9998709559440613,-0.20732372999191284,-0.4479924738407135,-0.04154668003320694,0.9999176263809204,0.2595707178115845,-0.3471217453479767,-0.11122774332761765,0.9927640557289124,-0.32287633419036865,-0.36896294355392456,-0.16576088964939117,0.9880220890045166,0.13977676630020142,-0.5361946225166321,-0.22444391250610352,0.9311429262161255,-0.24750058352947235,-0.5389309525489807,-0.25902003049850464,0.9269378781318665,0.09813030809164047,-0.5816282629966736,-0.26876401901245117,0.9038541913032532,-0.20808045566082,-0.5722643136978149,-0.2963135540485382,0.8882325887680054,0.08153831958770752,-0.6110844612121582,-0.2452872097492218,0.9103782773017883,-0.20349571108818054,-0.5913556814193726,-0.26572340726852417,0.8916898965835571,0.11965598165988922,-0.5578819513320923,-0.224468395113945,0.9047644734382629,-0.232000470161438,-0.5487786531448364,-0.25513529777526855,0.8877192735671997,0.1150241270661354,-0.011159240268170834,0.004725863691419363,0.35268208384513855,-0.11306695640087128,0.004367806948721409,-0.0037837866693735123,0.3680090606212616,0.14761292934417725,-0.11147033423185349,-0.09155309945344925,0.025523334741592407,-0.1845071017742157,-0.08373087644577026,-0.12254608422517776,0.03198153153061867,0.13015606999397278,0.17960421741008759,0.15659460425376892,0.006944662891328335,-0.12346889823675156,0.37338030338287354,0.14380250871181488,0.011248915456235409,0.12895044684410095,0.18736544251441956,0.17356780171394348,0.0047892057336866856,-0.10924822092056274,0.39159083366394043,0.17597278952598572,0.007925976067781448,0.16079242527484894,0.15693961083889008,-0.05238962545990944,0.008231745101511478,-0.10466853529214859,0.4202482998371124,-0.0822923332452774,0.01142823975533247,24,1.001,0.41863420605659485,0.44297072291374207,-9.899600250662388e-09,,0.43623146414756775,0.42815452814102173,0.0015271075535565615,,0.4492097795009613,0.3846246302127838,0.0030532933305948973,,0.4592067301273346,0.35026392340660095,0.001779987127520144,,0.4664941728115082,0.3216332197189331,0.0011056524235755205,,0.4413639008998871,0.3433796763420105,0.010213365778326988,,0.4542350172996521,0.30324113368988037,0.0010353648103773594,,0.4684443175792694,0.3157943785190582,-0.006814782507717609,,0.47382864356040955,0.33881571888923645,-0.009911729022860527,,0.43568354845046997,0.33955249190330505,0.005583983846008778,,0.450805127620697,0.29909512400627136,-0.0028949095867574215,,0.46590209007263184,0.31935805082321167,-0.0093146413564682,,0.4697141945362091,0.3445403277873993,-0.011678755283355713,,0.42825424671173096,0.3370197117328644,-0.0006082906620576978,,0.44441139698028564,0.2985081374645233,-0.00926162675023079,,0.45977523922920227,0.3216019570827484,-0.012568492442369461,,0.4630303978919983,0.34880682826042175,-0.012217104434967041,,0.4191674590110779,0.3375491499900818,-0.00690173264592886,,0.4360717236995697,0.3061482310295105,-0.013881799764931202,,0.4493750333786011,0.3223583400249481,-0.01491888239979744,,0.4529934525489807,0.34647315740585327,-0.01377742551267147,,0.6756196022033691,0.41454094648361206,-4.985635086995899e-07,,0.6505745649337769,0.3839482367038727,0.007273373659700155,,0.6412253379821777,0.3413885831832886,0.00803628284484148,,0.635940432548523,0.31156277656555176,0.004302940331399441,,0.6312686800956726,0.28966304659843445,0.00033551373053342104,,0.6626375913619995,0.2639293670654297,0.014779411256313324,,0.6303439736366272,0.23962558805942535,0.005620165262371302,,0.6137582659721375,0.26324260234832764,-0.004396787844598293,,0.6103838682174683,0.29306960105895996,-0.009610636159777641,,0.6657506227493286,0.25198373198509216,0.006504700519144535,,0.6269083023071289,0.23216651380062103,0.000779214664362371,,0.6121933460235596,0.2616215646266937,-0.006360212806612253,,0.61116623878479,0.29492515325546265,-0.010732727125287056,,0.6670580506324768,0.24782611429691315,-0.0027196130249649286,,0.6289822459220886,0.22861331701278687,-0.0077568176202476025,,0.6164291501045227,0.26113003492355347,-0.010182034224271774,,0.6164253950119019,0.29402416944503784,-0.01093301735818386,,0.6654943823814392,0.2503652274608612,-0.011763250455260277,,0.6336796283721924,0.2331492006778717,-0.013423047959804535,,0.6234682202339172,0.25474560260772705,-0.010772403329610825,,0.6228060126304626,0.28147685527801514,-0.007942894473671913,
-0.038298964500427246,-0.6070646047592163,-0.22661176323890686,0.9999503493309021,-0.02497865818440914,-0.6440226435661316,-0.21657072007656097,0.9999106526374817,-0.025813572108745575,-0.643578052520752,-0.21842870116233826,0.9999203681945801,-0.025499751791357994,-0.6437775492668152,-0.21581174433231354,0.9999095797538757,-0.06040484085679054,-0.6443002223968506,-0.21996517479419708,0.9998974204063416,-0.05836112052202225,-0.6446637511253357,-0.22101888060569763,0.9999022483825684,-0.0590706504881382,-0.6434314846992493,-0.21686922013759613,0.9998856782913208,0.04070543870329857,-0.6250312924385071,-0.11980122327804565,0.9999352693557739,-0.10775896161794662,-0.6213729977607727,-0.11280807107686996,0.9999163150787354,-0.014765622094273567,-0.5748301148414612,-0.2003159373998642,0.9999821782112122,-0.05837920680642128,-0.5730584263801575,-0.19674894213676453,0.9999794363975525,0.14682690799236298,-0.43833068013191223,-0.07259265333414078,0.9998751878738403,-0.18343523144721985,-0.44123032689094543,-0.04648159071803093,0.9999198913574219,0.25198400020599365,-0.28618675470352173,-0.14731885492801666,0.993411660194397,-0.2938886284828186,-0.3110515773296356,-0.1666717678308487,0.9891188144683838,0.09739921987056732,-0.40420791506767273,-0.3012945055961609,0.9379321336746216,-0.24184994399547577,-0.45741233229637146,-0.2989882230758667,0.9341465830802917,0.042323704808950424,-0.4277106821537018,-0.3462269604206085,0.9124130606651306,-0.20790033042430878,-0.4866558611392975,-0.3438611924648285,0.898357093334198,0.024674775078892708,-0.46322810649871826,-0.3262256979942322,0.9181571006774902,-0.20195844769477844,-0.5215603709220886,-0.320903480052948,0.9012561440467834,0.07301775366067886,-0.424178808927536,-0.30058157444000244,0.9131106734275818,-0.22730939090251923,-0.4718555808067322,-0.2985641360282898,0.8976872563362122,0.11575095355510712,-0.008425199426710606,0.003544350853189826,0.3422752320766449,-0.1133781298995018,0.0021840513218194246,-0.002502107061445713,0.3560108542442322,0.1439734846353531,-0.10960042476654053,-0.10591720789670944,0.024533862248063087,-0.18670322000980377,-0.11172661930322647,-0.13716205954551697,0.03058645874261856,0.12645889818668365,0.18297044932842255,0.15670442581176758,0.006770794745534658,-0.12045051902532578,0.3620605766773224,0.14549563825130463,0.010564267635345459,0.12541818618774414,0.19084390997886658,0.17375190556049347,0.00469292514026165,-0.10506779700517654,0.37861841917037964,0.17958182096481323,0.0075680348090827465,0.15205703675746918,0.1557839810848236,-0.06995884329080582,0.007781836204230785,-0.09687667340040207,0.39005088806152344,-0.07813408970832825,0.010599804110825062,25,1.042,,,,,,,,,,,,,,,,,,,,,,,,,,,,,,,,,,,,,,,,,,,,,,,,,,,,,,,,,,,,,,,,,,,,,,,,,,,,,,,,,,,,,,,,,,,,,,,,,,,,,,,,,,,,,,,,,,,,,,,,,,,,,,,,,,,,,,,,,,,,,,,,,,,,,,,,,,,,,,,,,,,,,,,,
-0.03578425571322441,-0.5940524339675903,-0.26368415355682373,0.9999513626098633,-0.022044308483600616,-0.6327268481254578,-0.2555627226829529,0.9999101161956787,-0.0228709876537323,-0.6322150826454163,-0.25768840312957764,0.9999187588691711,-0.02248723991215229,-0.6322669386863708,-0.2550237476825714,0.9999085664749146,-0.0576358400285244,-0.632666289806366,-0.25584229826927185,0.9998996257781982,-0.05567055195569992,-0.6330850124359131,-0.2566293478012085,0.9999043345451355,-0.056319139897823334,-0.6318991184234619,-0.25239846110343933,0.9998892545700073,0.051207322627305984,-0.620093047618866,-0.1631639003753662,0.9999354481697083,-0.09796083718538284,-0.6152788400650024,-0.14400939643383026,0.9999198317527771,-0.009475519880652428,-0.5646812915802002,-0.23841038346290588,0.9999825358390808,-0.05346702039241791,-0.562259316444397,-0.23072409629821777,0.9999802112579346,0.1627025604248047,-0.4350737929344177,-0.1022903323173523,0.9998788237571716,-0.1692507416009903,-0.4376046359539032,-0.06471380591392517,0.9999223351478577,0.2523130476474762,-0.2639297842979431,-0.17547567188739777,0.9939925670623779,-0.2814555764198303,-0.2617644965648651,-0.16890069842338562,0.9900625348091125,0.07656452804803848,-0.3214663863182068,-0.3401124179363251,0.9439958333969116,-0.21381376683712006,-0.3515278398990631,-0.3494143784046173,0.9405674934387207,0.008469159714877605,-0.33000192046165466,-0.3826545476913452,0.9198406934738159,-0.18441975116729736,-0.3712153136730194,-0.3978773355484009,0.9072226285934448,-0.006806900259107351,-0.37056663632392883,-0.36833488941192627,0.9249025583267212,-0.1750718504190445,-0.41439735889434814,-0.3758138418197632,0.9097029566764832,0.050169751048088074,-0.3403681516647339,-0.3392723798751831,0.9201762676239014,-0.19645927846431732,-0.36728745698928833,-0.3485114872455597,0.9062099456787109,0.11619041860103607,-0.006184219382703304,0.0017786904936656356,0.3460165560245514,-0.11361536383628845,0.0001095779734896496,-0.0006525004282593727,0.3595777451992035,0.13483859598636627,-0.10579211264848709,-0.11339625716209412,0.025871461257338524,-0.18505027890205383,-0.10362878441810608,-0.14026620984077454,0.03173746541142464,0.12359629571437836,0.18533846735954285,0.1758301556110382,0.007074826397001743,-0.10847772657871246,0.35845255851745605,0.1526973694562912,0.010556481778621674,0.12310215085744858,0.19383713603019714,0.19547466933727264,0.004987035412341356,-0.09184848517179489,0.3745420277118683,0.18844519555568695,0.007703063078224659,0.146537646651268,0.15166223049163818,-0.057661864906549454,0.007807635702192783,-0.0817883163690567,0.38342735171318054,-0.05363725870847702,0.0103843342512846,26,1.084,0.38748699426651,0.6326988935470581,3.109578727844564e-08,,0.40402311086654663,0.5826382637023926,-0.006099026650190353,,0.425846129655838,0.5340490341186523,-0.013136395253241062,,0.4445781707763672,0.4950210154056549,-0.02042219415307045,,0.4520336091518402,0.45687335729599,-0.027126388624310493,,0.4335598349571228,0.5204106569290161,-0.022602496668696404,,0.471640408039093,0.5329047441482544,-0.0398266427218914,,0.4854621887207031,0.5685575008392334,-0.0472303107380867,,0.49080368876457214,0.5957708358764648,-0.05025680363178253,,0.4283929765224457,0.5405691266059875,-0.026509813964366913,,0.4660457372665405,0.5773075819015503,-0.04215865954756737,,0.4782416522502899,0.6163932681083679,-0.04535413905978203,,0.4828181564807892,0.6452964544296265,-0.04672878235578537,,0.4231727719306946,0.5695579051971436,-0.030983516946434975,,0.4575982093811035,0.6149804592132568,-0.04717503860592842,,0.4691525995731354,0.6531060934066772,-0.04806677997112274,,0.47423478960990906,0.6825084686279297,-0.046618662774562836,,0.41920140385627747,0.6048266291618347,-0.03571692109107971,,0.4447687566280365,0.6474254131317139,-0.05005165934562683,,0.4538451135158539,0.6786983609199524,-0.05272291228175163,,0.45909634232521057,0.7040125131607056,-0.052178509533405304,,,,,,,,,,,,,,,,,,,,,,,,,,,,,,,,,,,,,,,,,,,,,,,,,,,,,,,,,,,,,,,,,,,,,,,,,,,,,,,,,,,,,
-0.029353370890021324,-0.5925994515419006,-0.25877657532691956,0.9999503493309021,-0.015283586457371712,-0.6320086121559143,-0.24914242327213287,0.9999066591262817,-0.016051849350333214,-0.631477952003479,-0.2511458992958069,0.9999145865440369,-0.01565452665090561,-0.6314991116523743,-0.24856670200824738,0.9999048709869385,-0.05106571689248085,-0.6324354410171509,-0.25161150097846985,0.9998989105224609,-0.04914144054055214,-0.6328735947608948,-0.2524990737438202,0.9999038577079773,-0.04974878579378128,-0.6317233443260193,-0.24834178388118744,0.9998899102210999,0.06103844940662384,-0.6207913756370544,-0.15266300737857819,0.9999331831932068,-0.08818844705820084,-0.616057813167572,-0.14035838842391968,0.9999216198921204,-0.0017773028230294585,-0.5639067888259888,-0.2318636178970337,0.9999819397926331,-0.04580540955066681,-0.5619795918464661,-0.22670939564704895,0.9999800324440002,0.1714278608560562,-0.433287113904953,-0.09772676974534988,0.9998729825019836,-0.16057050228118896,-0.43813711404800415,-0.06242312863469124,0.9999215602874756,0.24341166019439697,-0.23979119956493378,-0.1728668063879013,0.9944409132003784,-0.27319082617759705,-0.2548324167728424,-0.15292754769325256,0.9908354878425598,0.05232441797852516,-0.284865140914917,-0.33488261699676514,0.9493183493614197,-0.19438126683235168,-0.3044240176677704,-0.34618186950683594,0.9461514949798584,-0.020289799198508263,-0.28884562849998474,-0.379054456949234,0.9257463812828064,-0.16635310649871826,-0.3120865821838379,-0.39492473006248474,0.9140592217445374,-0.035244137048721313,-0.3320600688457489,-0.3663821518421173,0.9302220344543457,-0.15103547275066376,-0.35349273681640625,-0.37629076838493347,0.9162071943283081,0.02565210498869419,-0.3043246269226074,-0.3349696695804596,0.925765335559845,-0.17458176612854004,-0.3171074390411377,-0.34636053442955017,0.9128788113594055,0.11620757728815079,-0.005497359205037355,0.0015683752717450261,0.3478940725326538,-0.11363683640956879,-0.0006759925163350999,-0.0004309343930799514,0.3626854121685028,0.13049015402793884,-0.1027526929974556,-0.11097626388072968,0.026742789894342422,-0.17910024523735046,-0.09009942412376404,-0.1380978673696518,0.03263746574521065,0.12346986681222916,0.18749135732650757,0.1905241757631302,0.007181255146861076,-0.10466724634170532,0.36071842908859253,0.16446605324745178,0.010495679453015327,0.12297551333904266,0.19638769328594208,0.21048469841480255,0.005102064460515976,-0.08816471695899963,0.3767968416213989,0.20014062523841858,0.0076937125995755196,0.1472758948802948,0.1466798633337021,-0.035357311367988586,0.007774366531521082,-0.07817842066287994,0.3884560763835907,-0.029298873618245125,0.010174247436225414,27,1.126,,,,,,,,,,,,,,,,,,,,,,,,,,,,,,,,,,,,,,,,,,,,,,,,,,,,,,,,,,,,,,,,,,,,,,,,,,,,,,,,,,,,,,,,,,,,,,,,,,,,,,,,,,,,,,,,,,,,,,,,,,,,,,,,,,,,,,,,,,,,,,,,,,,,,,,,,,,,,,,,,,,,,,,,
-0.024877425283193588,-0.6006974577903748,-0.2294071912765503,0.9999486804008484,-0.009333995170891285,-0.640468180179596,-0.21742941439151764,0.9999037981033325,-0.010032880119979382,-0.6399238109588623,-0.21942782402038574,0.9999110698699951,-0.009688894264400005,-0.6398441791534424,-0.21688106656074524,0.9999010562896729,-0.04531906545162201,-0.642012894153595,-0.2192261517047882,0.9998979568481445,-0.043386202305555344,-0.6425001621246338,-0.22011126577854156,0.9999029040336609,-0.04400907829403877,-0.6414251923561096,-0.2158491313457489,0.999889612197876,0.0648823231458664,-0.6283559799194336,-0.12236355245113373,0.9999294281005859,-0.08483417332172394,-0.6296871304512024,-0.10964471101760864,0.9999223351478577,0.0011355462484061718,-0.5717283487319946,-0.20304705202579498,0.9999802112579346,-0.04298844560980797,-0.5710775256156921,-0.19770820438861847,0.9999787211418152,0.17090699076652527,-0.4353194236755371,-0.08029483258724213,0.9998583197593689,-0.16166052222251892,-0.4452958405017853,-0.03851032629609108,0.9999111294746399,0.24016179144382477,-0.2430177927017212,-0.15935347974300385,0.994771420955658,-0.269084095954895,-0.25321894884109497,-0.11388247460126877,0.9913294911384583,0.037755127996206284,-0.25375357270240784,-0.3265972137451172,0.9539769291877747,-0.18684060871601105,-0.24090975522994995,-0.32671862840652466,0.9507566094398499,-0.03448653593659401,-0.24799150228500366,-0.3707960247993469,0.9304879307746887,-0.1611883044242859,-0.23237577080726624,-0.38500940799713135,0.9186020493507385,-0.054150331765413284,-0.2929686903953552,-0.35752376914024353,0.9345019459724426,-0.14092695713043213,-0.2701907753944397,-0.3654749095439911,0.9207539558410645,0.010358365252614021,-0.2721345126628876,-0.32646486163139343,0.9302850365638733,-0.16621239483356476,-0.25012657046318054,-0.33178937435150146,0.9176890850067139,0.1161339059472084,-0.005543435458093882,0.0009371954365633428,0.3691374361515045,-0.11364161223173141,-0.0006398901459760964,0.00014619198918808252,0.3816746175289154,0.13067790865898132,-0.08274804800748825,-0.10864271968603134,0.027094131335616112,-0.16337734460830688,-0.0476066954433918,-0.12823061645030975,0.03254162520170212,0.13378767669200897,0.19282536208629608,0.1887388676404953,0.007209136616438627,-0.09010709077119827,0.3708791136741638,0.16415607929229736,0.010323325172066689,0.13448919355869293,0.20197542011737823,0.2086135298013687,0.005211592186242342,-0.07369201630353928,0.38816171884536743,0.19829213619232178,0.007683473639190197,0.1577334702014923,0.15899904072284698,-0.025752786546945572,0.007722722832113504,-0.07024981826543808,0.4115685224533081,-0.022312913089990616,0.00997677631676197,28,1.167,,,,,,,,,,,,,,,,,,,,,,,,,,,,,,,,,,,,,,,,,,,,,,,,,,,,,,,,,,,,,,,,,,,,,,,,,,,,,,,,,,,,,,,,,,,,,,,,,,,,,,,,,,,,,,,,,,,,,,,,,,,,,,,,,,,,,,,,,,,,,,,,,,,,,,,,,,,,,,,,,,,,,,,,
-0.026492226868867874,-0.6077613830566406,-0.22965985536575317,0.9999440908432007,-0.010644582100212574,-0.6478386521339417,-0.2170470654964447,0.9998970031738281,-0.01129294652491808,-0.647322952747345,-0.21907253563404083,0.999903678894043,-0.01094537228345871,-0.6472047567367554,-0.216542050242424,0.9998924136161804,-0.048039522022008896,-0.6492180228233337,-0.21876204013824463,0.9998932480812073,-0.04610960930585861,-0.6497886776924133,-0.219591423869133,0.9998986721038818,-0.04669636860489845,-0.6487749218940735,-0.21535076200962067,0.9998853802680969,0.0632534921169281,-0.6353051662445068,-0.11933962255716324,0.9999198913574219,-0.08648671954870224,-0.636433482170105,-0.10625695437192917,0.999919593334198,0.0008771310094743967,-0.5786247849464417,-0.20286229252815247,0.9999767541885376,-0.04466581717133522,-0.5775498747825623,-0.1976763755083084,0.9999759793281555,0.16954660415649414,-0.43689417839050293,-0.08014661818742752,0.9998266696929932,-0.16419635713100433,-0.44596850872039795,-0.037134766578674316,0.9998907446861267,0.21689066290855408,-0.2223997265100479,-0.15907958149909973,0.9948010444641113,-0.26675090193748474,-0.23693303763866425,-0.10905681550502777,0.991543173789978,0.008433275856077671,-0.16919158399105072,-0.3322247266769409,0.9576311111450195,-0.17998628318309784,-0.17476050555706024,-0.32533591985702515,0.9542441368103027,-0.06228569522500038,-0.14338913559913635,-0.3810100257396698,0.9331584572792053,-0.15458855032920837,-0.15178486704826355,-0.37977418303489685,0.9209581613540649,-0.08712294697761536,-0.18501020967960358,-0.3773648738861084,0.9369392991065979,-0.1319667398929596,-0.18694987893104553,-0.3672095239162445,0.9235294461250305,-0.021146738901734352,-0.1815422922372818,-0.3360777795314789,0.9326658248901367,-0.1583084613084793,-0.17946872115135193,-0.32912686467170715,0.9205485582351685,0.11614049226045609,-0.006176071707159281,0.0009421458817087114,0.3750908672809601,-0.11372076719999313,-0.00030069026979617774,0.00014761710190214217,0.3867166340351105,0.1309814155101776,-0.07607854157686234,-0.10711471736431122,0.030068987980484962,-0.15245932340621948,-0.034785252064466476,-0.12799100577831268,0.03500225022435188,0.13674990832805634,0.19983918964862823,0.18701611459255219,0.00770561071112752,-0.08723941445350647,0.37021613121032715,0.15573301911354065,0.010794354602694511,0.1375989019870758,0.21126091480255127,0.2064693570137024,0.005586130544543266,-0.07120384275913239,0.3874235451221466,0.18784886598587036,0.007857934571802616,0.16967634856700897,0.17353104054927826,-0.023710159584879875,0.008167833089828491,-0.06750467419624329,0.41200676560401917,-0.029604438692331314,0.010333879850804806,29,1.209,,,,,,,,,,,,,,,,,,,,,,,,,,,,,,,,,,,,,,,,,,,,,,,,,,,,,,,,,,,,,,,,,,,,,,,,,,,,,,,,,,,,,0.5781235098838806,0.9559913277626038,-1.6087494714156492e-07,,0.5463253855705261,0.9186198711395264,0.005392696242779493,,0.5088459849357605,0.896246075630188,0.003069460391998291,,0.4811670780181885,0.8811789751052856,-0.0023580798879265785,,0.4625435173511505,0.8698199987411499,-0.008264372125267982,,0.48538315296173096,0.9059109091758728,-0.0037123102229088545,,0.4373128414154053,0.940159797668457,-0.01556872297078371,,0.43101391196250916,0.9546573758125305,-0.02331610396504402,,0.43736863136291504,0.9549654126167297,-0.026662562042474747,,0.4890936315059662,0.933262050151825,-0.011838010512292385,,0.4417705535888672,0.972418487071991,-0.020934786647558212,,0.4438727796077728,0.9818437695503235,-0.025281962007284164,,0.45481017231941223,0.9778527617454529,-0.027387114241719246,,0.496420681476593,0.9654666185379028,-0.019620133563876152,,0.4527035057544708,1.0000829696655273,-0.025927536189556122,,0.4575553834438324,1.0098901987075806,-0.022645721212029457,,0.47020572423934937,1.0085725784301758,-0.019691327586770058,,0.5048328638076782,0.9994916319847107,-0.02697727456688881,,0.46976879239082336,1.025489091873169,-0.029268313199281693,,0.472525417804718,1.030884027481079,-0.023265546187758446,,0.48220840096473694,1.031020998954773,-0.01808284968137741,
-0.02669268101453781,-0.6079748868942261,-0.23358352482318878,0.9999355673789978,-0.011056163348257542,-0.6479377150535583,-0.22155453264713287,0.9998860955238342,-0.011713793501257896,-0.6474291086196899,-0.2236465960741043,0.9998921155929565,-0.01136541273444891,-0.647325336933136,-0.22118744254112244,0.9998791217803955,-0.04821713641285896,-0.6492709517478943,-0.221112921833992,0.9998826384544373,-0.04627108946442604,-0.6498410105705261,-0.22179396450519562,0.9998881816864014,-0.04687125235795975,-0.6488230228424072,-0.217543825507164,0.9998746514320374,0.06773698329925537,-0.6370081305503845,-0.12482589483261108,0.9999037384986877,-0.08707210421562195,-0.6386269330978394,-0.10698356479406357,0.9999099373817444,0.0008069496252574027,-0.5787342190742493,-0.2068648636341095,0.9999709725379944,-0.04502410069108009,-0.5777174830436707,-0.19945590198040009,0.9999701380729675,0.17609629034996033,-0.43808043003082275,-0.08729536086320877,0.9997930526733398,-0.16508781909942627,-0.44773080945014954,-0.03739931806921959,0.9998676776885986,0.20429471135139465,-0.20859889686107635,-0.15973491966724396,0.9945439100265503,-0.258373886346817,-0.2287318855524063,-0.09867250174283981,0.991203248500824,0.001493138144724071,-0.13179974257946014,-0.3326081931591034,0.9604424238204956,-0.1762162446975708,-0.15951167047023773,-0.32436445355415344,0.9567334055900574,-0.06440621614456177,-0.09950028359889984,-0.38163846731185913,0.9348105788230896,-0.15283551812171936,-0.13596373796463013,-0.3773181736469269,0.9223764538764954,-0.09055725485086441,-0.13791462779045105,-0.38287022709846497,0.9385800957679749,-0.1297602355480194,-0.17023514211177826,-0.36643579602241516,0.9256218075752258,-0.027656981721520424,-0.141774982213974,-0.3383617103099823,0.9340925812721252,-0.15452489256858826,-0.16407664120197296,-0.327354371547699,0.922440767288208,0.11600513756275177,-0.006510918959975243,0.0004320708685554564,0.37652549147605896,-0.11369132995605469,-0.00016638300439808518,0.0007512248703278601,0.38670584559440613,0.12526586651802063,-0.054474182426929474,-0.1058662086725235,0.032340873032808304,-0.15183982253074646,-0.007929419167339802,-0.11989745497703552,0.03679724037647247,0.13284188508987427,0.2173091173171997,0.18572263419628143,0.00815462227910757,-0.08778651803731918,0.37559664249420166,0.15431645512580872,0.01108461618423462,0.13335396349430084,0.23030611872673035,0.205156147480011,0.005939076188951731,-0.07199124246835709,0.39213287830352783,0.18577326834201813,0.007935984991490841,0.16521701216697693,0.19597195088863373,-0.02051999606192112,0.008622893132269382,-0.0727674588561058,0.419987291097641,-0.02723718248307705,0.010608315467834473,30,1.251,,,,,,,,,,,,,,,,,,,,,,,,,,,,,,,,,,,,,,,,,,,,,,,,,,,,,,,,,,,,,,,,,,,,,,,,,,,,,,,,,,,,,,,,,,,,,,,,,,,,,,,,,,,,,,,,,,,,,,,,,,,,,,,,,,,,,,,,,,,,,,,,,,,,,,,,,,,,,,,,,,,,,,,,
-0.029645100235939026,-0.6088106632232666,-0.23546640574932098,0.9999275803565979,-0.013612136244773865,-0.648917019367218,-0.22434082627296448,0.9998759031295776,-0.0142051437869668,-0.6484108567237854,-0.2264591008424759,0.999881386756897,-0.013838372193276882,-0.6482792496681213,-0.22410273551940918,0.9998648166656494,-0.05111631378531456,-0.6504412293434143,-0.2224864363670349,0.9998739361763,-0.049174193292856216,-0.651053786277771,-0.22301562130451202,0.9998801350593567,-0.049746256321668625,-0.6500495672225952,-0.21880069375038147,0.9998655319213867,0.06748691201210022,-0.6377871632575989,-0.13269807398319244,0.9998868703842163,-0.08751991391181946,-0.6404461860656738,-0.10743925720453262,0.9999021291732788,2.08387882594252e-05,-0.5799805521965027,-0.20996415615081787,0.9999634623527527,-0.04573259875178337,-0.5791448950767517,-0.20073539018630981,0.9999626278877258,0.17749039828777313,-0.43888404965400696,-0.09978605806827545,0.9997081756591797,-0.16395220160484314,-0.4493536949157715,-0.042520299553871155,0.9998287558555603,0.19625712931156158,-0.21071839332580566,-0.1612480878829956,0.99114590883255,-0.24876756966114044,-0.23752781748771667,-0.10707421600818634,0.9885427355766296,0.017067961394786835,-0.12069149315357208,-0.33014318346977234,0.9515752792358398,-0.17641621828079224,-0.15253564715385437,-0.326454222202301,0.9498499631881714,-0.04292502999305725,-0.07889844477176666,-0.3765142261981964,0.9150022864341736,-0.15468521416187286,-0.11852386593818665,-0.37545597553253174,0.9076551795005798,-0.06892714649438858,-0.10858909785747528,-0.37731820344924927,0.9224089980125427,-0.13280761241912842,-0.13893139362335205,-0.37603244185447693,0.9149442315101624,-0.011179009452462196,-0.12485495209693909,-0.33473479747772217,0.9156895875930786,-0.1557062566280365,-0.14935827255249023,-0.3337842524051666,0.9106364846229553,0.1156075969338417,-0.0074953073635697365,0.00039420125540345907,0.3610396683216095,-0.11347395181655884,0.00027197771123610437,0.0008668491500429809,0.37245362997055054,0.10857759416103363,-0.05633945390582085,-0.09875206649303436,0.03426966071128845,-0.1463313102722168,0.02578122727572918,-0.11690156161785126,0.0385960228741169,0.1326945722103119,0.21763622760772705,0.18426136672496796,0.008673709817230701,-0.09932608157396317,0.3905441462993622,0.15384753048419952,0.011600865982472897,0.13295751810073853,0.23080269992351532,0.20488035678863525,0.006261134520173073,-0.08832987397909164,0.4055041968822479,0.18523968756198883,0.008034185506403446,0.16493703424930573,0.19425562024116516,-0.022298268973827362,0.009297269396483898,-0.09893712401390076,0.4280026853084564,-0.023664338514208794,0.011156064458191395,31,1.292,,,,,,,,,,,,,,,,,,,,,,,,,,,,,,,,,,,,,,,,,,,,,,,,,,,,,,,,,,,,,,,,,,,,,,,,,,,,,,,,,,,,,,,,,,,,,,,,,,,,,,,,,,,,,,,,,,,,,,,,,,,,,,,,,,,,,,,,,,,,,,,,,,,,,,,,,,,,,,,,,,,,,,,,
-0.036635637283325195,-0.6099156141281128,-0.25303518772125244,0.9999178647994995,-0.018608516082167625,-0.6496061682701111,-0.24297134578227997,0.9998573660850525,-0.019125333055853844,-0.6491011381149292,-0.24503099918365479,0.9998629093170166,-0.018745560199022293,-0.6489501595497131,-0.2428632378578186,0.9998405575752258,-0.056801386177539825,-0.651509702205658,-0.23923294246196747,0.9998593330383301,-0.054854124784469604,-0.6521649956703186,-0.2394184023141861,0.9998683929443359,-0.05538284778594971,-0.6511803269386292,-0.23536793887615204,0.9998520612716675,0.06673672050237656,-0.6377907991409302,-0.15302307903766632,0.9998615384101868,-0.08828575909137726,-0.6417331695556641,-0.11724036186933517,0.9998884201049805,-0.00570896128192544,-0.5811406970024109,-0.22807851433753967,0.9999558925628662,-0.051463402807712555,-0.5807697772979736,-0.21634668111801147,0.9999552369117737,0.17625436186790466,-0.439452588558197,-0.12227016687393188,0.999652624130249,-0.16489839553833008,-0.4514171779155731,-0.057298675179481506,0.9998078942298889,0.18709971010684967,-0.21655480563640594,-0.1630285084247589,0.9876125454902649,-0.2517011761665344,-0.24172882735729218,-0.11127089709043503,0.9847533106803894,0.023407848551869392,-0.09477537870407104,-0.3114807903766632,0.9289417862892151,-0.17998716235160828,-0.14023298025131226,-0.3276671767234802,0.9335249066352844,-0.03311816230416298,-0.041974592953920364,-0.344647079706192,0.8800374865531921,-0.16582587361335754,-0.09959693253040314,-0.3746620714664459,0.8831872940063477,-0.060652777552604675,-0.06424163281917572,-0.37519437074661255,0.8941637873649597,-0.14364714920520782,-0.11130605638027191,-0.3818199336528778,0.8964022994041443,-0.005916486028581858,-0.09312808513641357,-0.3257049322128296,0.8833581805229187,-0.15986418724060059,-0.1320328563451767,-0.3385069668292999,0.8895161151885986,0.11465531587600708,-0.008471935987472534,-0.001019602408632636,0.3420470058917999,-0.11278866976499557,0.000730526284314692,0.0026388228870928288,0.35464632511138916,0.09197566658258438,-0.052515897899866104,-0.09861082583665848,0.042656153440475464,-0.13339589536190033,0.05486664921045303,-0.11723461747169495,0.045351121574640274,0.1324801743030548,0.23356306552886963,0.16968782246112823,0.010680134408175945,-0.10475726425647736,0.412985622882843,0.15341761708259583,0.014112436212599277,0.13257154822349548,0.2493182271718979,0.1924305558204651,0.006984376348555088,-0.09844639897346497,0.4284575581550598,0.18519413471221924,0.008767738938331604,0.1647230088710785,0.2114028036594391,-0.042654357850551605,0.011412590742111206,-0.12370910495519638,0.4448138475418091,-0.016869856044650078,0.013268285430967808,32,1.334,,,,,,,,,,,,,,,,,,,,,,,,,,,,,,,,,,,,,,,,,,,,,,,,,,,,,,,,,,,,,,,,,,,,,,,,,,,,,,,,,,,,,,,,,,,,,,,,,,,,,,,,,,,,,,,,,,,,,,,,,,,,,,,,,,,,,,,,,,,,,,,,,,,,,,,,,,,,,,,,,,,,,,,,
-0.034656308591365814,-0.6100680828094482,-0.2710038125514984,0.9998553395271301,-0.015324054285883904,-0.6495938897132874,-0.2628568112850189,0.9997603893280029,-0.015796121209859848,-0.6490967869758606,-0.26501327753067017,0.9997771382331848,-0.015374487265944481,-0.6489647030830383,-0.26288938522338867,0.9997451305389404,-0.05365832895040512,-0.6515305042266846,-0.2581765651702881,0.9997484683990479,-0.051717013120651245,-0.6521874070167542,-0.2580931484699249,0.9997633695602417,-0.05223407968878746,-0.6512007713317871,-0.2541574537754059,0.9997346997261047,0.07675769925117493,-0.6375421285629272,-0.17561058700084686,0.9997622966766357,-0.07846879959106445,-0.6418824195861816,-0.13319022953510284,0.9997540712356567,-0.0029395928140729666,-0.5812711119651794,-0.2464381605386734,0.9999145865440369,-0.048297956585884094,-0.5811212658882141,-0.23319301009178162,0.9999023079872131,0.18183784186840057,-0.43983206152915955,-0.13646984100341797,0.999580979347229,-0.154412642121315,-0.4543715715408325,-0.07506710290908813,0.9997488260269165,0.1920137107372284,-0.2191823273897171,-0.15719248354434967,0.9820124506950378,-0.23642678558826447,-0.24503760039806366,-0.08423791080713272,0.9778158664703369,0.06143388897180557,-0.07156065851449966,-0.26552054286003113,0.8950728178024292,-0.18372578918933868,-0.10438234359025955,-0.239893838763237,0.9068506360054016,0.027839068323373795,-0.012903998605906963,-0.29236337542533875,0.8393198251724243,-0.17956852912902832,-0.05157967284321785,-0.2639753818511963,0.8510814905166626,-0.005735884886234999,-0.02704590931534767,-0.33003515005111694,0.8599351048469543,-0.15932457149028778,-0.05772564560174942,-0.29481980204582214,0.8697946071624756,0.032418470829725266,-0.06474221497774124,-0.28297755122184753,0.8456368446350098,-0.16566771268844604,-0.09039103239774704,-0.2564091980457306,0.8610905408859253,0.11381103098392487,-0.008130352012813091,-0.0019716904498636723,0.3201774060726166,-0.11195964366197586,7.305759936571121e-05,0.003880314761772752,0.3326900005340576,0.0896243005990982,-0.044170036911964417,-0.09223497658967972,0.05399666726589203,-0.12064491957426071,0.046328041702508926,-0.12801547348499298,0.05708157271146774,0.13166552782058716,0.24611502885818481,0.165357768535614,0.013047847896814346,-0.10442563146352768,0.41922152042388916,0.1326025426387787,0.018144719302654266,0.13215529918670654,0.2632736563682556,0.1884317249059677,0.007540570572018623,-0.09847281873226166,0.43477073311805725,0.16819725930690765,0.009835775941610336,0.16548866033554077,0.2200840413570404,-0.044058360159397125,0.01401400938630104,-0.1232260912656784,0.4425963759422302,-0.017887577414512634,0.0166866984218359,33,1.376,,,,,,,,,,,,,,,,,,,,,,,,,,,,,,,,,,,,,,,,,,,,,,,,,,,,,,,,,,,,,,,,,,,,,,,,,,,,,,,,,,,,,,,,,,,,,,,,,,,,,,,,,,,,,,,,,,,,,,,,,,,,,,,,,,,,,,,,,,,,,,,,,,,,,,,,,,,,,,,,,,,,,,,,
