pose_world_0_x,pose_world_0_y,pose_world_0_z,pose_world_0_visibility,pose_world_1_x,pose_world_1_y,pose_world_1_z,pose_world_1_visibility,pose_world_2_x,pose_world_2_y,pose_world_2_z,pose_world_2_visibility,pose_world_3_x,pose_world_3_y,pose_world_3_z,pose_world_3_visibility,pose_world_4_x,pose_world_4_y,pose_world_4_z,pose_world_4_visibility,pose_world_5_x,pose_world_5_y,pose_world_5_z,pose_world_5_visibility,pose_world_6_x,pose_world_6_y,pose_world_6_z,pose_world_6_visibility,pose_world_7_x,pose_world_7_y,pose_world_7_z,pose_world_7_visibility,pose_world_8_x,pose_world_8_y,pose_world_8_z,pose_world_8_visibility,pose_world_9_x,pose_world_9_y,pose_world_9_z,pose_world_9_visibility,pose_world_10_x,pose_world_10_y,pose_world_10_z,pose_world_10_visibility,pose_world_11_x,pose_world_11_y,pose_world_11_z,pose_world_11_visibility,pose_world_12_x,pose_world_12_y,pose_world_12_z,pose_world_12_visibility,pose_world_13_x,pose_world_13_y,pose_world_13_z,pose_world_13_visibility,pose_world_14_x,pose_world_14_y,pose_world_14_z,pose_world_14_visibility,pose_world_15_x,pose_world_15_y,pose_world_15_z,pose_world_15_visibility,pose_world_16_x,pose_world_16_y,pose_world_16_z,pose_world_16_visibility,pose_world_17_x,pose_world_17_y,pose_world_17_z,pose_world_17_visibility,pose_world_18_x,pose_world_18_y,pose_world_18_z,pose_world_18_visibility,pose_world_19_x,pose_world_19_y,pose_world_19_z,pose_world_19_visibility,pose_world_20_x,pose_world_20_y,pose_world_20_z,pose_world_20_visibility,pose_world_21_x,pose_world_21_y,pose_world_21_z,pose_world_21_visibility,pose_world_22_x,pose_world_22_y,pose_world_22_z,pose_world_22_visibility,pose_world_23_x,pose_world_23_y,pose_world_23_z,pose_world_23_visibility,pose_world_24_x,pose_world_24_y,pose_world_24_z,pose_world_24_visibility,pose_world_25_x,pose_world_25_y,pose_world_25_z,pose_world_25_visibility,pose_world_26_x,pose_world_26_y,pose_world_26_z,pose_world_26_visibility,pose_world_27_x,pose_world_27_y,pose_world_27_z,pose_world_27_visibility,pose_world_28_x,pose_world_28_y,pose_world_28_z,pose_world_28_visibility,pose_world_29_x,pose_world_29_y,pose_world_29_z,pose_world_29_visibility,pose_world_30_x,pose_world_30_y,pose_world_30_z,pose_world_30_visibility,pose_world_31_x,pose_world_31_y,pose_world_31_z,pose_world_31_visibility,pose_world_32_x,pose_world_32_y,pose_world_32_z,pose_world_32_visibility,frame,timestamp,left_hand_0_x,left_hand_0_y,left_hand_0_z,left_hand_0_visibility,left_hand_1_x,left_hand_1_y,left_hand_1_z,left_hand_1_visibility,left_hand_2_x,left_hand_2_y,left_hand_2_z,left_hand_2_visibility,left_hand_3_x,left_hand_3_y,left_hand_3_z,left_hand_3_visibility,left_hand_4_x,left_hand_4_y,left_hand_4_z,left_hand_4_visibility,left_hand_5_x,left_hand_5_y,left_hand_5_z,left_hand_5_visibility,left_hand_6_x,left_hand_6_y,left_hand_6_z,left_hand_6_visibility,left_hand_7_x,left_hand_7_y,left_hand_7_z,left_hand_7_visibility,left_hand_8_x,left_hand_8_y,left_hand_8_z,left_hand_8_visibility,left_hand_9_x,left_hand_9_y,left_hand_9_z,left_hand_9_visibility,left_hand_10_x,left_hand_10_y,left_hand_10_z,left_hand_10_visibility,left_hand_11_x,left_hand_11_y,left_hand_11_z,left_hand_11_visibility,left_hand_12_x,left_hand_12_y,left_hand_12_z,left_hand_12_visibility,left_hand_13_x,left_hand_13_y,left_hand_13_z,left_hand_13_visibility,left_hand_14_x,left_hand_14_y,left_hand_14_z,left_hand_14_visibility,left_hand_15_x,left_hand_15_y,left_hand_15_z,left_hand_15_visibility,left_hand_16_x,left_hand_16_y,left_hand_16_z,left_hand_16_visibility,left_hand_17_x,left_hand_17_y,left_hand_17_z,left_hand_17_visibility,left_hand_18_x,left_hand_18_y,left_hand_18_z,left_hand_18_visibility,left_hand_19_x,left_hand_19_y,left_hand_19_z,left_hand_19_visibility,left_hand_20_x,left_hand_20_y,left_hand_20_z,left_hand_20_visibility,right_hand_0_x,right_hand_0_y,right_hand_0_z,right_hand_0_visibility,right_hand_1_x,right_hand_1_y,right_hand_1_z,right_hand_1_visibility,right_hand_2_x,right_hand_2_y,right_hand_2_z,right_hand_2_visibility,right_hand_3_x,right_hand_3_y,right_hand_3_z,right_hand_3_visibility,right_hand_4_x,right_hand_4_y,right_hand_4_z,right_hand_4_visibility,right_hand_5_x,right_hand_5_y,right_hand_5_z,right_hand_5_visibility,right_hand_6_x,right_hand_6_y,right_hand_6_z,right_hand_6_visibility,right_hand_7_x,right_hand_7_y,right_hand_7_z,right_hand_7_visibility,right_hand_8_x,right_hand_8_y,right_hand_8_z,right_hand_8_visibility,right_hand_9_x,right_hand_9_y,right_hand_9_z,right_hand_9_visibility,right_hand_10_x,right_hand_10_y,right_hand_10_z,right_hand_10_visibility,right_hand_11_x,right_hand_11_y,right_hand_11_z,right_hand_11_visibility,right_hand_12_x,right_hand_12_y,right_hand_12_z,right_hand_12_visibility,right_hand_13_x,right_hand_13_y,right_hand_13_z,right_hand_13_visibility,right_hand_14_x,right_hand_14_y,right_hand_14_z,right_hand_14_visibility,right_hand_15_x,right_hand_15_y,right_hand_15_z,right_hand_15_visibility,right_hand_16_x,right_hand_16_y,right_hand_16_z,right_hand_16_visibility,right_hand_17_x,right_hand_17_y,right_hand_17_z,right_hand_17_visibility,right_hand_18_x,right_hand_18_y,right_hand_18_z,right_hand_18_visibility,right_hand_19_x,right_hand_19_y,right_hand_19_z,right_hand_19_visibility,right_hand_20_x,right_hand_20_y,right_hand_20_z,right_hand_20_visibility
-0.05979278311133385,-0.6310760974884033,-0.2938278019428253,0.9996753931045532,-0.040371689945459366,-0.6672106981277466,-0.28528207540512085,0.9994181394577026,-0.040674228221178055,-0.6667379140853882,-0.287093847990036,0.9995167255401611,-0.040305767208337784,-0.6666611433029175,-0.2853529751300812,0.9993928670883179,-0.07785108685493469,-0.6680697202682495,-0.28139999508857727,0.9993981122970581,-0.07581326365470886,-0.668815016746521,-0.28140324354171753,0.9994691014289856,-0.07636883854866028,-0.6677687764167786,-0.27760857343673706,0.9993188381195068,0.05474383383989334,-0.6391162872314453,-0.20399419963359833,0.9994133710861206,-0.09448225051164627,-0.6398763060569763,-0.15733562409877777,0.9992790818214417,-0.028251009061932564,-0.596657931804657,-0.2717799246311188,0.9997889399528503,-0.0713573545217514,-0.5948579907417297,-0.25762858986854553,0.9997503161430359,0.16452433168888092,-0.42852547764778137,-0.1630871593952179,0.9991325736045837,-0.1501716822385788,-0.431807279586792,-0.11504068970680237,0.9991291165351868,0.19768688082695007,-0.18241599202156067,-0.16864608228206635,0.7764278054237366,-0.16431716084480286,-0.2019507884979248,-0.08557002991437912,0.6898607015609741,0.1657286435365677,-0.021262411028146744,-0.25784412026405334,0.09751982986927032,-0.17222802340984344,-0.05119740962982178,-0.1864398866891861,0.12484795600175858,0.16103263199329376,0.04001343995332718,-0.27607235312461853,0.08114583790302277,-0.16731305420398712,0.006498054135590792,-0.1944073587656021,0.10674995929002762,0.129724383354187,0.04154886677861214,-0.3216093182563782,0.1274678260087967,-0.16331756114959717,0.019657883793115616,-0.23959310352802277,0.15097258985042572,0.14334845542907715,-0.007357930764555931,-0.2799093425273895,0.10863140970468521,-0.16098523139953613,-0.029831988736987114,-0.2078523337841034,0.14176887273788452,0.1039271280169487,-0.011173563078045845,-0.007773098070174456,0.0658804327249527,-0.1031828448176384,0.0027267381083220243,0.009812084026634693,0.07687206566333771,0.05797453597187996,-0.023858437314629555,-0.039773110300302505,0.06925453245639801,-0.0837826281785965,0.11699669063091278,-0.11663619428873062,0.11214613169431686,0.15655112266540527,0.2521081864833832,0.22352050244808197,0.018347643315792084,-0.08404992520809174,0.47306811809539795,0.19065171480178833,0.04110649600625038,0.16211280226707458,0.26826924085617065,0.2506442368030548,0.007931290194392204,-0.08598723262548447,0.49230632185935974,0.23641660809516907,0.0186602920293808,0.18848668038845062,0.23324579000473022,0.021256303414702415,0.019943904131650925,-0.13377413153648376,0.491855651140213,0.05846073850989342,0.03338040038943291,0,0.0,,,,,,,,,,,,,,,,,,,,,,,,,,,,,,,,,,,,,,,,,,,,,,,,,,,,,,,,,,,,,,,,,,,,,,,,,,,,,,,,,,,,,,,,,,,,,,,,,,,,,,,,,,,,,,,,,,,,,,,,,,,,,,,,,,,,,,,,,,,,,,,,,,,,,,,,,,,,,,,,,,,,,,,,
-0.057895906269550323,-0.6317595839500427,-0.28666627407073975,0.9996713995933533,-0.03929026797413826,-0.6681782603263855,-0.2775729298591614,0.9994131326675415,-0.03961309790611267,-0.6677237153053284,-0.27939489483833313,0.9995118975639343,-0.03923545032739639,-0.6676661968231201,-0.2775896489620209,0.9993886351585388,-0.0767054557800293,-0.6687992215156555,-0.274678111076355,0.999390721321106,-0.07466243952512741,-0.6695348024368286,-0.27472057938575745,0.9994606375694275,-0.07522870600223541,-0.6684991717338562,-0.2709030210971832,0.9993101954460144,0.05471285432577133,-0.642795205116272,-0.19266407191753387,0.9994056820869446,-0.09467460960149765,-0.6416661143302917,-0.15170235931873322,0.9992666840553284,-0.026933113113045692,-0.5983074307441711,-0.2631540894508362,0.9997825622558594,-0.07017455995082855,-0.5960695743560791,-0.2506246864795685,0.9997448921203613,0.16447566449642181,-0.43782690167427063,-0.14505510032176971,0.99913090467453,-0.1507880538702011,-0.436100035905838,-0.1086198017001152,0.9991196990013123,0.19796957075595856,-0.19993062317371368,-0.14648276567459106,0.7812018990516663,-0.16753141582012177,-0.20769289135932922,-0.08462817966938019,0.7011885643005371,0.16537265479564667,-0.032435860484838486,-0.2420368790626526,0.10927814245223999,-0.16899114847183228,-0.05127774551510811,-0.1878698617219925,0.1398647129535675,0.15967190265655518,0.027954163029789925,-0.2647063136100769,0.09047826379537582,-0.16402480006217957,0.006413765251636505,-0.20020130276679993,0.11898074299097061,0.12841522693634033,0.027051778510212898,-0.3071051239967346,0.13934989273548126,-0.1569117158651352,0.017530838027596474,-0.24134424328804016,0.16558445990085602,0.14303065836429596,-0.019572407007217407,-0.2636038064956665,0.11925438046455383,-0.15674827992916107,-0.030320843681693077,-0.20845332741737366,0.15548740327358246,0.10414312034845352,-0.011145060881972313,-0.006699656136333942,0.07234412431716919,-0.10342087596654892,0.0026652715168893337,0.008732828311622143,0.08477551490068436,0.06632425636053085,-0.0227510929107666,-0.04047997295856476,0.07013928890228271,-0.08424994349479675,0.11355254054069519,-0.13584695756435394,0.1143072098493576,0.1568872481584549,0.25176337361335754,0.214645117521286,0.01831745356321335,-0.08406773954629898,0.46644529700279236,0.13780295848846436,0.04181000217795372,0.16237112879753113,0.26780828833580017,0.24038253724575043,0.007941470481455326,-0.08572323620319366,0.4853493869304657,0.17702734470367432,0.018862739205360413,0.19497579336166382,0.23345458507537842,0.01840178109705448,0.02027491293847561,-0.12672126293182373,0.4900253713130951,-0.004052287898957729,0.034624937921762466,1,0.041,,,,,,,,,,,,,,,,,,,,,,,,,,,,,,,,,,,,,,,,,,,,,,,,,,,,,,,,,,,,,,,,,,,,,,,,,,,,,,,,,,,,,,,,,,,,,,,,,,,,,,,,,,,,,,,,,,,,,,,,,,,,,,,,,,,,,,,,,,,,,,,,,,,,,,,,,,,,,,,,,,,,,,,,
-0.054476115852594376,-0.6318058967590332,-0.2829582095146179,0.9996500611305237,-0.037024062126874924,-0.6683263778686523,-0.2739613354206085,0.9993833899497986,-0.03736836835741997,-0.6678780913352966,-0.2758210599422455,0.9994864463806152,-0.03697288781404495,-0.6678314805030823,-0.27396097779273987,0.9993600249290466,-0.07409054785966873,-0.6688718199729919,-0.27178409695625305,0.9993531703948975,-0.07204185426235199,-0.6696059107780457,-0.2718445658683777,0.9994235038757324,-0.07261534780263901,-0.6685723662376404,-0.26800933480262756,0.999267041683197,0.0547265000641346,-0.6443607211112976,-0.18869617581367493,0.9993737936019897,-0.094575896859169,-0.6423385739326477,-0.15083566308021545,0.9992194175720215,-0.024389328435063362,-0.5987595319747925,-0.25914517045021057,0.9997655153274536,-0.06747183203697205,-0.5963297486305237,-0.24762699007987976,0.9997267723083496,0.1644851267337799,-0.4421062171459198,-0.1372826099395752,0.9991241097450256,-0.15094415843486786,-0.43843474984169006,-0.10672818869352341,0.9990883469581604,0.20436818897724152,-0.2099246233701706,-0.13832564651966095,0.7863995432853699,-0.1690821647644043,-0.21224410831928253,-0.08022506535053253,0.7106069922447205,0.16730958223342896,-0.04589518904685974,-0.23721976578235626,0.12257742136716843,-0.1690680831670761,-0.051225241273641586,-0.17924676835536957,0.15296544134616852,0.16014918684959412,0.012340953573584557,-0.2611057758331299,0.10065567493438721,-0.16467656195163727,0.006521384697407484,-0.19301696121692657,0.12944529950618744,0.12876199185848236,0.008363062515854836,-0.3007551431655884,0.15181969106197357,-0.15755480527877808,0.016391927376389503,-0.231729656457901,0.17792384326457977,0.14478038251399994,-0.03460506722331047,-0.2579139173030853,0.13024719059467316,-0.15690098702907562,-0.030425144359469414,-0.19841976463794708,0.16701039671897888,0.1043718084692955,-0.010867787525057793,-0.005207216367125511,0.07675297558307648,-0.1036648377776146,0.0022765714675188065,0.007248510606586933,0.08918153494596481,0.0708264708518982,-0.019879698753356934,-0.03956937789916992,0.07063396275043488,-0.085550457239151,0.10641378164291382,-0.14279094338417053,0.11584607511758804,0.15449950098991394,0.2517607808113098,0.21268150210380554,0.018300576135516167,-0.08503266423940659,0.4556111991405487,0.12147282809019089,0.04212706536054611,0.15958650410175323,0.2677704393863678,0.2376553863286972,0.00798183586448431,-0.08589199930429459,0.47383037209510803,0.15931586921215057,0.01896892860531807,0.19549605250358582,0.23362833261489868,0.01824912615120411,0.02060748264193535,-0.12249071151018143,0.48250332474708557,-0.02208666130900383,0.03562447056174278,2,0.083,,,,,,,,,,,,,,,,,,,,,,,,,,,,,,,,,,,,,,,,,,,,,,,,,,,,,,,,,,,,,,,,,,,,,,,,,,,,,,,,,,,,,,,,,,,,,,,,,,,,,,,,,,,,,,,,,,,,,,,,,,,,,,,,,,,,,,,,,,,,,,,,,,,,,,,,,,,,,,,,,,,,,,,,
-0.05575185641646385,-0.6319152116775513,-0.27880117297172546,0.9996386170387268,-0.04023166000843048,-0.6687318682670593,-0.2697129547595978,0.9993672966957092,-0.04060579836368561,-0.6682969927787781,-0.2716324031352997,0.9994687438011169,-0.040178172290325165,-0.6682698726654053,-0.2697160243988037,0.9993422627449036,-0.07683008909225464,-0.6689584851264954,-0.2674880623817444,0.9993388056755066,-0.07478155195713043,-0.6696968078613281,-0.2675882577896118,0.9994089007377625,-0.07536495476961136,-0.6686716079711914,-0.26372355222702026,0.9992562532424927,0.04974744841456413,-0.6470528841018677,-0.18449059128761292,0.9993526339530945,-0.09845975786447525,-0.6424831748008728,-0.14862431585788727,0.9992130398750305,-0.025253454223275185,-0.5994105935096741,-0.2553390562534332,0.999758780002594,-0.06821788102388382,-0.5964714884757996,-0.2442592829465866,0.999724268913269,0.16375720500946045,-0.44565072655677795,-0.13161598145961761,0.999113142490387,-0.15392707288265228,-0.43901145458221436,-0.10086443275213242,0.9990903735160828,0.20420432090759277,-0.21376454830169678,-0.13065439462661743,0.7945034503936768,-0.18992644548416138,-0.2128366380929947,-0.08147483319044113,0.7232640385627747,0.1589844673871994,-0.06062529236078262,-0.22846294939517975,0.1486387550830841,-0.16397179663181305,-0.08067429810762405,-0.20805500447750092,0.179358571767807,0.1449957638978958,-0.007642875425517559,-0.25450247526168823,0.12144337594509125,-0.15210860967636108,-0.03494102135300636,-0.23363463580608368,0.15093353390693665,0.11781535297632217,-0.0190154816955328,-0.29163387417793274,0.17513950169086456,-0.14144641160964966,-0.045732028782367706,-0.2609454095363617,0.20105968415737152,0.1373305767774582,-0.05359664186835289,-0.24832478165626526,0.1512508988380432,-0.1494903862476349,-0.07067103683948517,-0.22308948636054993,0.18791307508945465,0.10440181940793991,-0.010860474780201912,-0.004371467512100935,0.0848969891667366,-0.10374966263771057,0.0022263575810939074,0.006408733781427145,0.09908096492290497,0.07882928848266602,-0.011936262249946594,-0.029487963765859604,0.0753532350063324,-0.08567005395889282,0.1067926213145256,-0.14040778577327728,0.12314695864915848,0.14955158531665802,0.2540323734283447,0.21947968006134033,0.019128860905766487,-0.08489379286766052,0.4453909993171692,0.12891636788845062,0.04452736675739288,0.15375372767448425,0.27040719985961914,0.24319125711917877,0.008437208831310272,-0.0846632570028305,0.4631217420101166,0.16469213366508484,0.019970430061221123,0.19535061717033386,0.24332928657531738,0.03675447776913643,0.021813061088323593,-0.11437320709228516,0.4807767868041992,-0.01437380164861679,0.0385647788643837,3,0.125,,,,,,,,,,,,,,,,,,,,,,,,,,,,,,,,,,,,,,,,,,,,,,,,,,,,,,,,,,,,,,,,,,,,,,,,,,,,,,,,,,,,,,,,,,,,,,,,,,,,,,,,,,,,,,,,,,,,,,,,,,,,,,,,,,,,,,,,,,,,,,,,,,,,,,,,,,,,,,,,,,,,,,,,
-0.06245596334338188,-0.631937563419342,-0.2746955454349518,0.9996129274368286,-0.04926477000117302,-0.6688927412033081,-0.2656154930591583,0.9993176460266113,-0.04963995888829231,-0.6684730052947998,-0.26752379536628723,0.9994141459465027,-0.04918518289923668,-0.6684590578079224,-0.26556840538978577,0.9992755651473999,-0.08526831865310669,-0.6689630746841431,-0.2632240951061249,0.999308705329895,-0.08319594711065292,-0.6697030663490295,-0.2633993923664093,0.9993850588798523,-0.0837845727801323,-0.6686811447143555,-0.259546160697937,0.9992380142211914,0.03917777165770531,-0.6497896313667297,-0.1805351972579956,0.9992837905883789,-0.10762012004852295,-0.6428308486938477,-0.14679770171642303,0.9992063045501709,-0.031472161412239075,-0.6000403761863708,-0.25151026248931885,0.9997414946556091,-0.07413902878761292,-0.5966027975082397,-0.2410341203212738,0.9997208714485168,0.1601339429616928,-0.4503902792930603,-0.12880416214466095,0.9990235567092896,-0.16385535895824432,-0.44124385714530945,-0.09661364555358887,0.9991046786308289,0.19234305620193481,-0.22037681937217712,-0.12668731808662415,0.8032047152519226,-0.22225674986839294,-0.2180267572402954,-0.09629952162504196,0.7396230101585388,0.1463090479373932,-0.061621930450201035,-0.2165449559688568,0.18169458210468292,-0.17778313159942627,-0.10159076750278473,-0.2631083130836487,0.2189774066209793,0.1315670907497406,-0.0070039196871221066,-0.24306654930114746,0.14830565452575684,-0.16307732462882996,-0.05947139114141464,-0.297541081905365,0.18455833196640015,0.10849711298942566,-0.020040493458509445,-0.2828086018562317,0.20428115129470825,-0.1467728167772293,-0.07615962624549866,-0.32131439447402954,0.23593278229236603,0.12641702592372894,-0.055100854486227036,-0.23761385679244995,0.17806711792945862,-0.16109071671962738,-0.09501387923955917,-0.27711227536201477,0.22006292641162872,0.10436108708381653,-0.010899357497692108,-0.0037888502702116966,0.09601523727178574,-0.10379915684461594,0.002224854426458478,0.005756140686571598,0.11503052711486816,0.07869091629981995,0.010562080889940262,-0.024581538513302803,0.0862785056233406,-0.08608964830636978,0.12532612681388855,-0.13523270189762115,0.13829152286052704,0.1271154284477234,0.27338123321533203,0.2180606573820114,0.02089194767177105,-0.0904654935002327,0.4423218369483948,0.11492945998907089,0.05023183301091194,0.129323348402977,0.29187533259391785,0.2404114007949829,0.009170365519821644,-0.0892396867275238,0.4609416723251343,0.1429436355829239,0.02156182937324047,0.17943893373012543,0.28440946340560913,0.04572219401597977,0.024055520072579384,-0.11501238495111465,0.48426154255867004,-0.028213655576109886,0.04432454705238342,4,0.166,,,,,,,,,,,,,,,,,,,,,,,,,,,,,,,,,,,,,,,,,,,,,,,,,,,,,,,,,,,,,,,,,,,,,,,,,,,,,,,,,,,,,,,,,,,,,,,,,,,,,,,,,,,,,,,,,,,,,,,,,,,,,,,,,,,,,,,,,,,,,,,,,,,,,,,,,,,,,,,,,,,,,,,,
-0.0666777640581131,-0.6284111142158508,-0.2722552418708801,0.9996094107627869,-0.05647796019911766,-0.6670519709587097,-0.262949138879776,0.9993139505386353,-0.05690325051546097,-0.6666830778121948,-0.26490268111228943,0.9993946552276611,-0.05640975385904312,-0.6666999459266663,-0.26285406947135925,0.9992641806602478,-0.09259434789419174,-0.6659736633300781,-0.2614983916282654,0.9993228912353516,-0.09048757702112198,-0.6667494773864746,-0.261744886636734,0.9993966221809387,-0.09105806052684784,-0.6657710671424866,-0.25785696506500244,0.9992656111717224,0.027269981801509857,-0.6515722870826721,-0.17176131904125214,0.9992729425430298,-0.12177058309316635,-0.642716646194458,-0.14599484205245972,0.9992337226867676,-0.03599175810813904,-0.5990631580352783,-0.24736183881759644,0.9997292160987854,-0.0791749581694603,-0.5944334864616394,-0.23891416192054749,0.9997169375419617,0.14947648346424103,-0.45794886350631714,-0.11089189350605011,0.9989160895347595,-0.1737973988056183,-0.4411764442920685,-0.08178502321243286,0.999086320400238,0.17368929088115692,-0.2219100445508957,-0.10948872566223145,0.8150237202644348,-0.22563868761062622,-0.21764148771762848,-0.12813997268676758,0.7567155957221985,0.07768766582012177,-0.06270085275173187,-0.2122422158718109,0.24122099578380585,-0.1994103193283081,-0.17779922485351562,-0.34770068526268005,0.28239527344703674,0.04651665687561035,-0.012517348863184452,-0.2402404546737671,0.20154684782028198,-0.19253122806549072,-0.1716603934764862,-0.397554874420166,0.2449469119310379,0.024040987715125084,-0.03311776742339134,-0.27265307307243347,0.25537967681884766,-0.18804195523262024,-0.20398828387260437,-0.4025368392467499,0.2929917275905609,0.0553450882434845,-0.060008455067873,-0.23058098554611206,0.2279704362154007,-0.18803508579730988,-0.18384352326393127,-0.3563522398471832,0.27417775988578796,0.10433362424373627,-0.011697353795170784,-0.0018264619866386056,0.12321818619966507,-0.1038757860660553,0.0027027600444853306,0.003745904890820384,0.1434938609600067,0.09957131743431091,0.018535111099481583,-0.019958971068263054,0.1003689393401146,-0.08703028410673141,0.136617973446846,-0.09042001515626907,0.14727860689163208,0.1294088512659073,0.27665048837661743,0.20407186448574066,0.023206520825624466,-0.08199042081832886,0.43002769351005554,0.11940310895442963,0.05245484411716461,0.13138417899608612,0.29429787397384644,0.22162926197052002,0.01028104592114687,-0.07507912069559097,0.44666561484336853,0.15546934306621552,0.02239687368273735,0.18229365348815918,0.28762558102607727,0.04022609442472458,0.027473967522382736,-0.0815756544470787,0.48433905839920044,-0.018094627186655998,0.04788502678275108,5,0.208,,,,,,,,,,,,,,,,,,,,,,,,,,,,,,,,,,,,,,,,,,,,,,,,,,,,,,,,,,,,,,,,,,,,,,,,,,,,,,,,,,,,,,,,,,,,,,,,,,,,,,,,,,,,,,,,,,,,,,,,,,,,,,,,,,,,,,,,,,,,,,,,,,,,,,,,,,,,,,,,,,,,,,,,
-0.05957216024398804,-0.620288610458374,-0.27258509397506714,0.999590277671814,-0.05044296383857727,-0.660164475440979,-0.2635168731212616,0.9992815256118774,-0.05097226798534393,-0.6598533987998962,-0.26546433568000793,0.9993419051170349,-0.050439171493053436,-0.6598832011222839,-0.2634081244468689,0.9992141723632812,-0.08685123920440674,-0.6591735482215881,-0.2620081901550293,0.9993204474449158,-0.0847531110048294,-0.6599781513214111,-0.2622334361076355,0.9993951320648193,-0.08528680354356766,-0.6589959859848022,-0.258354127407074,0.9992809891700745,0.02865895815193653,-0.6514375805854797,-0.17009703814983368,0.9992382526397705,-0.12027278542518616,-0.6426089406013489,-0.14610224962234497,0.9992434978485107,-0.030045637860894203,-0.5940734148025513,-0.2470220923423767,0.9997029900550842,-0.07402949035167694,-0.5895102024078369,-0.23900802433490753,0.999707043170929,0.14997979998588562,-0.45692095160484314,-0.10095269232988358,0.998792290687561,-0.17233967781066895,-0.44119971990585327,-0.06494241207838058,0.9990534782409668,0.16865447163581848,-0.21637490391731262,-0.1129174679517746,0.828766942024231,-0.21384799480438232,-0.21218182146549225,-0.13151727616786957,0.77143794298172,0.01569155603647232,-0.10433541983366013,-0.22805620729923248,0.30745354294776917,-0.20613233745098114,-0.2427094578742981,-0.35800397396087646,0.34495604038238525,-0.03452342376112938,-0.07928019762039185,-0.2592165768146515,0.2632461190223694,-0.20773251354694366,-0.26538315415382385,-0.4073784351348877,0.3059316873550415,-0.051605165004730225,-0.11800654232501984,-0.2762315571308136,0.31287604570388794,-0.22124680876731873,-0.3042316138744354,-0.40451592206954956,0.35006406903266907,-0.00841551274061203,-0.11563267558813095,-0.23745769262313843,0.28390568494796753,-0.20216871798038483,-0.2573889195919037,-0.3637911081314087,0.32800015807151794,0.10484647005796432,-0.011819601990282536,3.5214452509535477e-05,0.13597318530082703,-0.10486696660518646,0.00271259481087327,0.0017975806258618832,0.15491633117198944,0.10355748981237411,0.016651958227157593,-0.02074902318418026,0.10736686736345291,-0.09961601346731186,0.13526950776576996,-0.09108735620975494,0.1525975465774536,0.12134793400764465,0.2625676393508911,0.20275545120239258,0.02381162904202938,-0.08757629990577698,0.4133344292640686,0.12211630493402481,0.052366577088832855,0.12144995480775833,0.2766004502773285,0.22039496898651123,0.010985753498971462,-0.07764897495508194,0.42803117632865906,0.14816811680793762,0.022389626130461693,0.17869922518730164,0.2818506360054016,0.03908299654722214,0.029098669067025185,-0.08236326277256012,0.4817541241645813,-0.0317009799182415,0.049420490860939026,6,0.25,,,,,,,,,,,,,,,,,,,,,,,,,,,,,,,,,,,,,,,,,,,,,,,,,,,,,,,,,,,,,,,,,,,,,,,,,,,,,,,,,,,,,,,,,,,,,,,,,,,,,,,,,,,,,,,,,,,,,,,,,,,,,,,,,,,,,,,,,,,,,,,,,,,,,,,,,,,,,,,,,,,,,,,,
-0.041899096220731735,-0.6056962609291077,-0.2812216281890869,0.9996098875999451,-0.02856849692761898,-0.6448667049407959,-0.27465590834617615,0.9993098974227905,-0.02927912212908268,-0.6444578170776367,-0.2768620550632477,0.9993634223937988,-0.028734115883708,-0.6444528698921204,-0.2744402587413788,0.9992445707321167,-0.06466857343912125,-0.6454130411148071,-0.2714747190475464,0.9993491768836975,-0.06274449825286865,-0.6460831761360168,-0.27194690704345703,0.9994177222251892,-0.06327243894338608,-0.6450022459030151,-0.2679341435432434,0.9993141293525696,0.058122068643569946,-0.6364632248878479,-0.18567779660224915,0.9992729425430298,-0.091422900557518,-0.6338693499565125,-0.15471327304840088,0.9992733597755432,-0.010677369311451912,-0.5784708261489868,-0.2573922276496887,0.9997182488441467,-0.05493292957544327,-0.5762604475021362,-0.24677544832229614,0.9997237324714661,0.1729229837656021,-0.43165239691734314,-0.11271553486585617,0.9988631010055542,-0.15618954598903656,-0.44121378660202026,-0.06979022920131683,0.9991205334663391,0.1712469607591629,-0.17439711093902588,-0.17561419308185577,0.8451013565063477,-0.21297487616539001,-0.21568819880485535,-0.1543581485748291,0.7927606105804443,0.019988663494586945,-0.16146720945835114,-0.32844799757003784,0.37558627128601074,-0.20678645372390747,-0.32792744040489197,-0.3806483745574951,0.4095325171947479,-0.03719119727611542,-0.16299811005592346,-0.36273878812789917,0.3326474726200104,-0.20397859811782837,-0.36471423506736755,-0.42794549465179443,0.3721330463886261,-0.04232827201485634,-0.20977146923542023,-0.35803237557411194,0.3772478401660919,-0.21234580874443054,-0.41140806674957275,-0.4159003794193268,0.41172948479652405,-0.001526156673207879,-0.18214884400367737,-0.33019232749938965,0.3499678671360016,-0.20060822367668152,-0.34822121262550354,-0.38324227929115295,0.39066246151924133,0.10944286733865738,-0.007727333344519138,0.00015824420552235097,0.14934176206588745,-0.10818374902009964,-0.0002696695155464113,0.0016225556610152125,0.17268694937229156,0.12479308247566223,-0.01864118129014969,-0.050276994705200195,0.10799343883991241,-0.12024221569299698,-0.013765309005975723,-0.13629405200481415,0.15525594353675842,0.12366883456707001,0.23832832276821136,0.2218017280101776,0.023970747366547585,-0.08538852632045746,0.38083550333976746,0.11938214302062988,0.051527127623558044,0.12460585683584213,0.25059324502944946,0.2418021559715271,0.01156644057482481,-0.07190953195095062,0.3961308002471924,0.14821666479110718,0.022331392392516136,0.17672231793403625,0.21554027497768402,0.03832652047276497,0.028755279257893562,-0.05921628326177597,0.4211478531360626,-0.060436882078647614,0.04842115193605423,7,0.291,0.5960835814476013,0.8509910106658936,6.213212344619023e-08,,0.5715110301971436,0.8577489852905273,0.0014831994194537401,,0.547942042350769,0.8885006308555603,0.0033303932286798954,,0.5343299508094788,0.9174280166625977,0.003975513856858015,,0.522894561290741,0.9400487542152405,0.004383291583508253,,0.5414601564407349,0.8990578651428223,0.006439491640776396,,0.5223796367645264,0.9237223863601685,0.002465072786435485,,0.5082642436027527,0.9406523704528809,-0.002395917195826769,,0.49704816937446594,0.9553894400596619,-0.005982269532978535,,0.5458878874778748,0.9107188582420349,0.0034448127262294292,,0.5262623429298401,0.9342142939567566,0.0007565782289020717,,0.5131335854530334,0.9492443203926086,-0.0030741237569600344,,0.4999089539051056,0.9630033373832703,-0.0061613633297383785,,0.552090048789978,0.9218246340751648,-0.00023689906811341643,,0.5328670740127563,0.9442797899246216,-0.0025810161605477333,,0.519326388835907,0.9581912755966187,-0.0034699684474617243,,0.5063369870185852,0.9710809588432312,-0.004345250315964222,,0.5601708889007568,0.9325903058052063,-0.004066671244800091,,0.5451569557189941,0.9521726369857788,-0.005501204635947943,,0.5344476699829102,0.9625505805015564,-0.004708399064838886,,0.5240906476974487,0.9722636342048645,-0.004238026216626167,,0.4705013036727905,0.6951342821121216,6.970368104930458e-08,,0.4885212481021881,0.6721929311752319,-0.017285022884607315,,0.49778231978416443,0.6417652368545532,-0.028372256085276604,,0.4947393536567688,0.6222932934761047,-0.03843677416443825,,0.49054592847824097,0.6016212701797485,-0.047400135546922684,,0.46955645084381104,0.5433650016784668,-0.014115631580352783,,0.45580628514289856,0.4850822687149048,-0.02667916938662529,,0.4501883387565613,0.4679628610610962,-0.03684580326080322,,0.447682648897171,0.4609873294830322,-0.04279147833585739,,0.44962894916534424,0.5502089262008667,-0.01327683124691248,,0.4345945119857788,0.4924321174621582,-0.023939114063978195,,0.43210116028785706,0.4751470983028412,-0.03263586014509201,,0.43413206934928894,0.4680492579936981,-0.03762912005186081,,0.4342462122440338,0.5664736032485962,-0.01495802029967308,,0.41871172189712524,0.5132540464401245,-0.02368088997900486,,0.41533419489860535,0.489391565322876,-0.029500208795070648,,0.41617289185523987,0.4719252288341522,-0.032672371715307236,,0.4230685830116272,0.5889889597892761,-0.01841713860630989,,0.41049569845199585,0.5476123690605164,-0.024403024464845657,,0.40577906370162964,0.5242382287979126,-0.026705188676714897,,0.4046960771083832,0.503264844417572,-0.027793314307928085,
-0.03831047564744949,-0.6042870879173279,-0.27812278270721436,0.9996293187141418,-0.022995561361312866,-0.6432726979255676,-0.27273258566856384,0.999342143535614,-0.02370513416826725,-0.6428388357162476,-0.2749575078487396,0.9993894100189209,-0.023207129910588264,-0.6428322196006775,-0.2724365293979645,0.9992809295654297,-0.05866077542304993,-0.6442951560020447,-0.268675833940506,0.9993783831596375,-0.056757304817438126,-0.644903838634491,-0.26928016543388367,0.9994395971298218,-0.05733910948038101,-0.6438072323799133,-0.2652187943458557,0.9993458390235901,0.06745024025440216,-0.6340938806533813,-0.1853059083223343,0.9993134140968323,-0.08004394173622131,-0.6335086822509766,-0.15053002536296844,0.99930340051651,-0.006029512733221054,-0.5761983394622803,-0.25503531098365784,0.9997341632843018,-0.04981120675802231,-0.5748401880264282,-0.24279549717903137,0.9997389912605286,0.17691174149513245,-0.42720699310302734,-0.11514626443386078,0.9989385008811951,-0.14571022987365723,-0.4430384337902069,-0.06455305218696594,0.9991851449012756,0.16231602430343628,-0.16894890367984772,-0.1807098686695099,0.8600069880485535,-0.2122749388217926,-0.2236594557762146,-0.14735054969787598,0.812367856502533,0.010118952952325344,-0.1927054226398468,-0.32348713278770447,0.43725866079330444,-0.20663228631019592,-0.3620404303073883,-0.3557504117488861,0.4679751694202423,-0.04525751993060112,-0.20200377702713013,-0.35866019129753113,0.3960036635398865,-0.20184780657291412,-0.4037105143070221,-0.4013071656227112,0.43235740065574646,-0.04473469778895378,-0.24569466710090637,-0.35386523604393005,0.436034619808197,-0.20807509124279022,-0.4511500895023346,-0.39001983404159546,0.4677494168281555,-0.008416792377829552,-0.21420708298683167,-0.3255769908428192,0.4108026325702667,-0.19956514239311218,-0.3839081823825836,-0.3586827218532562,0.4480089247226715,0.11099239438772202,-0.0053231483325362206,-0.0011952826753258705,0.17474643886089325,-0.10918320715427399,-0.0017257703002542257,0.0027473580557852983,0.2006872445344925,0.1397038698196411,-0.03669385239481926,-0.0643252432346344,0.10493844747543335,-0.12075446546077728,-0.034166593104600906,-0.13516022264957428,0.15031318366527557,0.14027556777000427,0.22898472845554352,0.22543257474899292,0.0233434047549963,-0.06477831304073334,0.3780629336833954,0.1535407304763794,0.0487549789249897,0.1415228545665741,0.24087069928646088,0.2458699643611908,0.01161818765103817,-0.048169031739234924,0.394544392824173,0.18551285564899445,0.0217282697558403,0.1783439666032791,0.19872258603572845,0.03714219108223915,0.027550876140594482,-0.03677631542086601,0.4106369614601135,-0.0416485071182251,0.045716241002082825,8,0.333,,,,,,,,,,,,,,,,,,,,,,,,,,,,,,,,,,,,,,,,,,,,,,,,,,,,,,,,,,,,,,,,,,,,,,,,,,,,,,,,,,,,,0.4735185205936432,0.6513075232505798,7.209435182176094e-08,,0.4919901192188263,0.6327095031738281,-0.023792658001184464,,0.500727653503418,0.6048892736434937,-0.037824779748916626,,0.4984275698661804,0.5859305262565613,-0.04971393197774887,,0.496275395154953,0.5645660161972046,-0.06037753075361252,,0.4836046099662781,0.4989650249481201,-0.02085808850824833,,0.4716694951057434,0.4404650330543518,-0.03554403781890869,,0.4630163311958313,0.42127808928489685,-0.047599587589502335,,0.4569130837917328,0.414910227060318,-0.054690826684236526,,0.4640290141105652,0.5012786388397217,-0.017259061336517334,,0.4510904550552368,0.4439019560813904,-0.030074475333094597,,0.4446891248226166,0.42535167932510376,-0.04094192385673523,,0.4425617456436157,0.4210711717605591,-0.04733642563223839,,0.44773048162460327,0.5127777457237244,-0.01645769737660885,,0.4336128234863281,0.46087563037872314,-0.026590462774038315,,0.4282302260398865,0.43866196274757385,-0.03392862156033516,,0.42760127782821655,0.42692309617996216,-0.037878021597862244,,0.43422603607177734,0.530863881111145,-0.01799052022397518,,0.423965722322464,0.4860275387763977,-0.024577485397458076,,0.4184512197971344,0.4602333903312683,-0.027886303141713142,,0.4172568619251251,0.4411771893501282,-0.029635580256581306,
-0.035927724093198776,-0.6032540202140808,-0.2766556739807129,0.9996516704559326,-0.01965455524623394,-0.6419602632522583,-0.2721787691116333,0.9993806481361389,-0.020374294370412827,-0.6415098905563354,-0.2744534909725189,0.9994226694107056,-0.01988264173269272,-0.6415080428123474,-0.2718937397003174,0.9993234872817993,-0.05464647337794304,-0.6435455083847046,-0.2673895061016083,0.999412477016449,-0.052773892879486084,-0.6441346406936646,-0.26801350712776184,0.9994661211967468,-0.053368404507637024,-0.6430327892303467,-0.26393744349479675,0.9993809461593628,0.0723162367939949,-0.6318062543869019,-0.18626806139945984,0.9993552565574646,-0.0718991830945015,-0.633562445640564,-0.14959388971328735,0.9993380904197693,-0.003491079667583108,-0.5747092962265015,-0.2544984817504883,0.9997509121894836,-0.046366509050130844,-0.5741912126541138,-0.2412436604499817,0.999755322933197,0.18078310787677765,-0.4220172166824341,-0.12116270512342453,0.9990094304084778,-0.1393263339996338,-0.44765883684158325,-0.0669802576303482,0.9992479085922241,0.1584039330482483,-0.1700442135334015,-0.2027273029088974,0.8732569813728333,-0.21435098350048065,-0.23505856096744537,-0.15325646102428436,0.8299618363380432,0.023747699335217476,-0.22604982554912567,-0.3506150543689728,0.4927148222923279,-0.19984427094459534,-0.374316930770874,-0.3625433146953583,0.5206137895584106,-0.02613704651594162,-0.24158300459384918,-0.386371910572052,0.4532122313976288,-0.18803508579730988,-0.4123818278312683,-0.4087359309196472,0.48687317967414856,-0.023536210879683495,-0.2844644784927368,-0.37950262427330017,0.48916223645210266,-0.18878065049648285,-0.4594409763813019,-0.3924217224121094,0.5185343027114868,0.007359053939580917,-0.24827167391777039,-0.3520132303237915,0.46577927470207214,-0.18991591036319733,-0.3950628340244293,-0.36364030838012695,0.5000758767127991,0.11258497834205627,-0.002519655041396618,-0.0021150882821530104,0.19976268708705902,-0.11023347079753876,-0.003992449026554823,0.0036111946683377028,0.23144997656345367,0.13865675032138824,-0.03726261854171753,-0.06125997006893158,0.10410279035568237,-0.12492033839225769,-0.045835115015506744,-0.13300304114818573,0.15008705854415894,0.1416698694229126,0.2232675403356552,0.24780340492725372,0.023102032020688057,-0.06384672969579697,0.3750780522823334,0.16584232449531555,0.04728388786315918,0.14274148643016815,0.2349151223897934,0.2705749273300171,0.011774670332670212,-0.04802648350596428,0.39116623997688293,0.19998520612716675,0.021584881469607353,0.17547138035297394,0.18833616375923157,0.048031408339738846,0.02677449770271778,-0.04174157232046127,0.4024210572242737,-0.02687665820121765,0.04417693614959717,9,0.375,0.6161322593688965,0.7777830958366394,-2.9078561780693235e-08,,0.6182180643081665,0.7560961842536926,-0.021503930911421776,,0.6195029616355896,0.7391564249992371,-0.039881087839603424,,0.6256268620491028,0.741025984287262,-0.05595668405294418,,0.6299280524253845,0.7633708119392395,-0.07332313805818558,,0.5863258242607117,0.7343146204948425,-0.044191379100084305,,0.5574787259101868,0.7583386301994324,-0.06723782420158386,,0.5382104516029358,0.7847260236740112,-0.08343128114938736,,0.5230718851089478,0.8135426044464111,-0.09347604215145111,,0.5819537043571472,0.7484968304634094,-0.04278429225087166,,0.5552993416786194,0.774893045425415,-0.062451090663671494,,0.5382723808288574,0.8050093650817871,-0.07417558878660202,,0.5237544775009155,0.8334523439407349,-0.08324399590492249,,0.5822779536247253,0.7643795013427734,-0.04231436923146248,,0.5594489574432373,0.7909836769104004,-0.058170758187770844,,0.5441935658454895,0.8186420798301697,-0.0668773427605629,,0.5325815677642822,0.8450703024864197,-0.07301923632621765,,0.5856794118881226,0.7807638049125671,-0.043309472501277924,,0.5672670602798462,0.8014995455741882,-0.054995033890008926,,0.5541975498199463,0.8224860429763794,-0.06088027358055115,,0.5446012616157532,0.8429797887802124,-0.06552274525165558,,0.4808259904384613,0.6359996795654297,1.2594797738074703e-07,,0.5030950307846069,0.6233295202255249,-0.02530328370630741,,0.5142585635185242,0.5994908809661865,-0.0415075346827507,,0.514542818069458,0.5787819623947144,-0.055758535861968994,,0.51734858751297,0.5624690055847168,-0.06906403601169586,,0.5038045048713684,0.48398780822753906,-0.022377824410796165,,0.495494544506073,0.42636018991470337,-0.04070379585027695,,0.48348477482795715,0.39957720041275024,-0.056859929114580154,,0.4707968831062317,0.39200559258461,-0.06644424051046371,,0.4846782088279724,0.4816204011440277,-0.018989792093634605,,0.4761779010295868,0.41999784111976624,-0.037024207413196564,,0.4638974070549011,0.3953377604484558,-0.052861377596855164,,0.45101815462112427,0.3963361084461212,-0.061708733439445496,,0.4680202603340149,0.4888087809085846,-0.018429677933454514,,0.4588377773761749,0.4317493140697479,-0.031176378950476646,,0.4500398337841034,0.40494269132614136,-0.04218832403421402,,0.44168034195899963,0.3990492820739746,-0.048066381365060806,,0.4532768428325653,0.5057563185691833,-0.020273102447390556,,0.446134090423584,0.4593963623046875,-0.028372550383210182,,0.4405202269554138,0.4314998686313629,-0.034232091158628464,,0.4363962411880493,0.41506439447402954,-0.03762616217136383,
-0.015913862735033035,-0.6044424176216125,-0.2754606604576111,0.9996758103370667,0.0015079634031280875,-0.6430007815361023,-0.26998111605644226,0.9994217157363892,0.0007663198630325496,-0.6425537467002869,-0.2722676396369934,0.9994595646858215,0.001235733274370432,-0.6425523161888123,-0.2696561813354492,0.9993691444396973,-0.03412148728966713,-0.6444741487503052,-0.2656865119934082,0.9994505047798157,-0.03222830593585968,-0.6450767517089844,-0.26634082198143005,0.9994984269142151,-0.032835543155670166,-0.6439846754074097,-0.2622697651386261,0.9994211792945862,0.08912653475999832,-0.6309580206871033,-0.18235817551612854,0.9993981719017029,-0.057755086570978165,-0.6336792707443237,-0.14786802232265472,0.9993802905082703,0.014322774484753609,-0.5754899382591248,-0.25282952189445496,0.9997687339782715,-0.029199644923210144,-0.5749124884605408,-0.24015407264232635,0.9997732043266296,0.18761321902275085,-0.42059698700904846,-0.11995205283164978,0.999077320098877,-0.13171859085559845,-0.44946998357772827,-0.06842200458049774,0.9993076920509338,0.15926818549633026,-0.1705954670906067,-0.1937727928161621,0.8853653073310852,-0.2149103432893753,-0.24134865403175354,-0.1532313972711563,0.8463229537010193,0.029396161437034607,-0.24698710441589355,-0.33917856216430664,0.5426999926567078,-0.16038240492343903,-0.35869139432907104,-0.3571802079677582,0.5680587291717529,-0.02036568894982338,-0.26325464248657227,-0.3763316571712494,0.5047417283058167,-0.13567613065242767,-0.38840049505233765,-0.4044196903705597,0.5359091758728027,-0.015766963362693787,-0.30594056844711304,-0.3723728060722351,0.5370134115219116,-0.1256808042526245,-0.4363363981246948,-0.3881658613681793,0.5642088055610657,0.01379802543669939,-0.2688697576522827,-0.3422418236732483,0.515404999256134,-0.14364470541477203,-0.37806522846221924,-0.35823267698287964,0.5469999313354492,0.11342506855726242,-0.00116911088116467,-0.002141333883628249,0.2249021679162979,-0.11082999408245087,-0.0050583491101861,0.0036255947779864073,0.2627186179161072,0.14569565653800964,-0.03896711394190788,-0.08204757422208786,0.10343054682016373,-0.1248207837343216,-0.049285341054201126,-0.1458197832107544,0.15063327550888062,0.14756277203559875,0.22551803290843964,0.23889094591140747,0.0228449497371912,-0.06027669087052345,0.3812985420227051,0.1543840616941452,0.04626774787902832,0.14884831011295319,0.2377157062292099,0.26210519671440125,0.011987032368779182,-0.04392709210515022,0.39817285537719727,0.1889328956604004,0.02173842303454876,0.17899557948112488,0.19362938404083252,0.03282181918621063,0.025993825867772102,-0.036502655595541,0.41022342443466187,-0.03803902119398117,0.042884573340415955,10,0.417,0.6102781295776367,0.7277905344963074,-6.60028689480896e-08,,0.6267500519752502,0.7026649117469788,-0.01821727678179741,,0.6361799836158752,0.6787450909614563,-0.03268163278698921,,0.6463959813117981,0.6797636151313782,-0.044817324727773666,,0.6566170454025269,0.6956992149353027,-0.058270737528800964,,0.6120171546936035,0.6749504208564758,-0.03778991848230362,,0.5957142114639282,0.6912961602210999,-0.0552821047604084,,0.5838684439659119,0.7109445333480835,-0.0667470395565033,,0.5714378952980042,0.7303887009620667,-0.07341945171356201,,0.5954172015190125,0.6870962977409363,-0.03433205187320709,,0.5720194578170776,0.7075549364089966,-0.04835567995905876,,0.5554053783416748,0.7303135395050049,-0.056998904794454575,,0.5402076244354248,0.7526925206184387,-0.06380657106637955,,0.5823522806167603,0.6989908814430237,-0.03110232949256897,,0.5606427192687988,0.7189344763755798,-0.04215077683329582,,0.543364405632019,0.7389804124832153,-0.04997292533516884,,0.5289268493652344,0.7578458189964294,-0.055774323642253876,,0.5735534429550171,0.7135927081108093,-0.028888078406453133,,0.5563502907752991,0.7273786664009094,-0.036190882325172424,,0.5430073142051697,0.7421870231628418,-0.04040183126926422,,0.5324101448059082,0.7560340166091919,-0.044066496193408966,,0.4906368851661682,0.6383464336395264,1.172598018683857e-07,,0.5154489278793335,0.6315802931785583,-0.0235811248421669,,0.531373143196106,0.6163007020950317,-0.04130972549319267,,0.537806510925293,0.6048803329467773,-0.05773850157856941,,0.5453352332115173,0.6075777411460876,-0.0734415203332901,,0.5307114124298096,0.5061599016189575,-0.023220589384436607,,0.5286727547645569,0.444113552570343,-0.042196448892354965,,0.5177549123764038,0.41549718379974365,-0.05793289840221405,,0.5046423077583313,0.40173912048339844,-0.06750500947237015,,0.5123482942581177,0.4938039481639862,-0.021158598363399506,,0.5114547610282898,0.429072767496109,-0.03805729001760483,,0.5004362463951111,0.4025309085845947,-0.05087175592780113,,0.4868789315223694,0.3946431279182434,-0.05813610553741455,,0.4938566982746124,0.4936104118824005,-0.021935945376753807,,0.49015191197395325,0.4350130259990692,-0.033085357397794724,,0.4815657436847687,0.40684154629707336,-0.04141625016927719,,0.47131919860839844,0.39290618896484375,-0.04598403349518776,,0.4755566120147705,0.5044499635696411,-0.025225160643458366,,0.47123435139656067,0.4583215117454529,-0.03155890852212906,,0.46585896611213684,0.43158113956451416,-0.0355340801179409,,0.46022361516952515,0.4129629135131836,-0.03793445602059364,
-0.005154965445399284,-0.6051287055015564,-0.25276321172714233,0.9996991753578186,0.0111176623031497,-0.6437187194824219,-0.24340301752090454,0.9994637966156006,0.010431964881718159,-0.6432754397392273,-0.2455821931362152,0.9994980692863464,0.010827152989804745,-0.6432730555534363,-0.24299117922782898,0.9994178414344788,-0.02597472257912159,-0.6450541615486145,-0.24016094207763672,0.9994899034500122,-0.02401134744286537,-0.6456746459007263,-0.2409285008907318,0.9995324611663818,-0.024662703275680542,-0.6445872783660889,-0.23692451417446136,0.9994635581970215,0.10273518413305283,-0.6317452192306519,-0.1500168740749359,0.9994416236877441,-0.049516916275024414,-0.6359635591506958,-0.11796710640192032,0.9994275569915771,0.028565267100930214,-0.5760847926139832,-0.22805456817150116,0.9997856020927429,-0.016479473561048508,-0.5754110813140869,-0.2167985737323761,0.999789834022522,0.2000466287136078,-0.42168915271759033,-0.10102561861276627,0.9991340637207031,-0.11997700482606888,-0.4518865942955017,-0.052411116659641266,0.9993655681610107,0.14952053129673004,-0.1766003519296646,-0.18574070930480957,0.8962609767913818,-0.2183253914117813,-0.25584104657173157,-0.14817850291728973,0.8614274263381958,0.016175679862499237,-0.2747245132923126,-0.3357279598712921,0.5877677798271179,-0.11277462542057037,-0.3393917679786682,-0.3374794125556946,0.6108148694038391,-0.036117710173130035,-0.2936823070049286,-0.36441004276275635,0.55122309923172,-0.07702755182981491,-0.35637205839157104,-0.3893096148967743,0.5795944929122925,-0.02583794854581356,-0.3364090919494629,-0.36156776547431946,0.5802342891693115,-0.05639972537755966,-0.40163108706474304,-0.35933178663253784,0.6048662662506104,0.003575726179406047,-0.2974105179309845,-0.33083438873291016,0.5605393648147583,-0.0896250531077385,-0.3553350865840912,-0.33428722620010376,0.5892429351806641,0.11386482417583466,-0.0008035344071686268,-0.002101104473695159,0.2491060048341751,-0.11121772974729538,-0.005210347473621368,0.0035283893812447786,0.2907322347164154,0.14512130618095398,-0.0412345714867115,-0.09109441936016083,0.0997358039021492,-0.12708178162574768,-0.03617066890001297,-0.14281901717185974,0.14699427783489227,0.14642967283725739,0.22698451578617096,0.21654589474201202,0.022201281040906906,-0.06066156178712845,0.3847064971923828,0.16413237154483795,0.04415477067232132,0.14761380851268768,0.23965159058570862,0.23802241683006287,0.011807594448328018,-0.04643871635198593,0.40064215660095215,0.19848640263080597,0.02096749283373356,0.1786358505487442,0.19782276451587677,0.015463519841432571,0.024966225028038025,-0.04250333458185196,0.41601958870887756,-0.02416818030178547,0.04070441797375679,11,0.458,0.5289074182510376,0.6826657056808472,1.5664042507523845e-07,,0.553565263748169,0.6745620965957642,-0.018453121185302734,,0.5815393924713135,0.6482438445091248,-0.03195154666900635,,0.6062427759170532,0.631341814994812,-0.044940557330846786,,0.6297436952590942,0.6232584118843079,-0.057134829461574554,,0.570641040802002,0.5589274168014526,-0.015228169038891792,,0.5736843347549438,0.49879610538482666,-0.028946971520781517,,0.5729787349700928,0.47505438327789307,-0.038874510675668716,,0.5705726146697998,0.46280571818351746,-0.04437447711825371,,0.5540609955787659,0.544940710067749,-0.014237637631595135,,0.5583772659301758,0.47873246669769287,-0.02739577554166317,,0.5588977336883545,0.463584840297699,-0.035258881747722626,,0.5585545897483826,0.46555256843566895,-0.03803238272666931,,0.5379477739334106,0.539691686630249,-0.015697142109274864,,0.5409374833106995,0.4792018234729767,-0.023380201309919357,,0.5419019460678101,0.45112740993499756,-0.026891319081187248,,0.5425102114677429,0.43450233340263367,-0.02767571620643139,,0.5213508009910583,0.5433128476142883,-0.01938634179532528,,0.5256685614585876,0.49553078413009644,-0.022161494940519333,,0.5294770002365112,0.4671953320503235,-0.022243648767471313,,0.5333945155143738,0.44331181049346924,-0.021380597725510597,,0.5245327353477478,0.661433219909668,8.37428260069828e-08,,0.5489853620529175,0.6594434380531311,-0.013994215056300163,,0.5703822374343872,0.644670307636261,-0.023706335574388504,,0.5766116976737976,0.6316438913345337,-0.033301178365945816,,0.5813041925430298,0.6234219670295715,-0.04277283698320389,,0.5729547739028931,0.5619850158691406,-0.012590496800839901,,0.5770130157470703,0.5108020901679993,-0.025943050161004066,,0.5770620107650757,0.48409369587898254,-0.0371369831264019,,0.5750675797462463,0.4691201150417328,-0.043863143771886826,,0.5553864240646362,0.5442883372306824,-0.013199204578995705,,0.5611653923988342,0.4904809594154358,-0.024468103423714638,,0.562799870967865,0.4691333770751953,-0.033891767263412476,,0.5619130730628967,0.4626503586769104,-0.039726998656988144,,0.5380737781524658,0.538323700428009,-0.01586652360856533,,0.5427001118659973,0.48691850900650024,-0.02434566058218479,,0.5451300740242004,0.4587453305721283,-0.03107399120926857,,0.545726478099823,0.44276171922683716,-0.03509674221277237,,0.5206918716430664,0.5418639183044434,-0.020039262250065804,,0.5259279012680054,0.49701258540153503,-0.025890177115797997,,0.5295423865318298,0.46816059947013855,-0.02934892475605011,,0.5327696204185486,0.4456586241722107,-0.03149837255477905,
0.0025840592570602894,-0.6085187792778015,-0.2357167750597,0.9997209310531616,0.019241534173488617,-0.6474443674087524,-0.2246582955121994,0.9995026588439941,0.018570471554994583,-0.6469943523406982,-0.22676534950733185,0.9995336532592773,0.018930235877633095,-0.6470258831977844,-0.22421368956565857,0.9994627237319946,-0.01789902336895466,-0.6494942307472229,-0.22266598045825958,0.999525249004364,-0.015905167907476425,-0.6500301361083984,-0.22344084084033966,0.9995625615119934,-0.016567228361964226,-0.6489521265029907,-0.21944908797740936,0.9995008111000061,0.10832998156547546,-0.6336244940757751,-0.12975212931632996,0.9994816780090332,-0.04367980360984802,-0.6398475766181946,-0.10169833898544312,0.9994687438011169,0.035204265266656876,-0.578154981136322,-0.21046534180641174,0.9998006820678711,-0.009739144705235958,-0.5784102082252502,-0.20057982206344604,0.9998041391372681,0.2010749876499176,-0.4224013686180115,-0.0842631533741951,0.999187171459198,-0.1153065487742424,-0.4537911117076874,-0.04116257652640343,0.9994121789932251,0.15153323113918304,-0.18469975888729095,-0.1748022884130478,0.9061473608016968,-0.2185068279504776,-0.26686742901802063,-0.13768020272254944,0.8749979138374329,0.02428547292947769,-0.2777853310108185,-0.3300667405128479,0.628406822681427,-0.11026964336633682,-0.3460223078727722,-0.31139832735061646,0.6492769718170166,-0.02396625094115734,-0.2958320677280426,-0.3561268150806427,0.5932968854904175,-0.07636819779872894,-0.3610236942768097,-0.35999518632888794,0.6187576055526733,-0.022247308865189552,-0.3354112505912781,-0.35875004529953003,0.6193668842315674,-0.05795375630259514,-0.4058871269226074,-0.3328706920146942,0.6412915587425232,0.008969160728156567,-0.298724502325058,-0.32873135805130005,0.6014112830162048,-0.08834942430257797,-0.3612895607948303,-0.30891022086143494,0.6270663142204285,0.11385063827037811,-0.0003224087704438716,-0.002126025501638651,0.2739621698856354,-0.11121714115142822,-0.0055090985260903835,0.003534145187586546,0.3148980438709259,0.14356836676597595,-0.043098874390125275,-0.09542833268642426,0.09572068601846695,-0.1286877542734146,-0.03823905065655708,-0.1415601372718811,0.14145460724830627,0.1426078826189041,0.22770516574382782,0.19800086319446564,0.021533995866775513,-0.06371133029460907,0.3874625861644745,0.1666518896818161,0.04170101135969162,0.14351586997509003,0.23997068405151367,0.21804340183734894,0.01158134825527668,-0.047512173652648926,0.4039633572101593,0.200881689786911,0.020122524350881577,0.17550690472126007,0.20061728358268738,-0.002378213917836547,0.023927366361021996,-0.04579130932688713,0.4176427125930786,-0.017564767971634865,0.03834729269146919,12,0.5,0.5982403755187988,0.6571893692016602,-1.3956272937321046e-07,,0.6194815635681152,0.6388452053070068,-0.014483463950455189,,0.635808527469635,0.6099804639816284,-0.025950076058506966,,0.65247642993927,0.5989319682121277,-0.03589383885264397,,0.6706737875938416,0.6073468327522278,-0.04729679599404335,,0.6170679330825806,0.6296774744987488,-0.03361661732196808,,0.615039050579071,0.6283014416694641,-0.049188755452632904,,0.6097760796546936,0.6405757069587708,-0.05932479351758957,,0.6051065921783447,0.6538565158843994,-0.06495454907417297,,0.596814751625061,0.638334333896637,-0.03165038302540779,,0.589046835899353,0.6394741535186768,-0.044664978981018066,,0.5759316086769104,0.6481074094772339,-0.05240356922149658,,0.5663391947746277,0.660320520401001,-0.05820443108677864,,0.5794982314109802,0.64283287525177,-0.029599230736494064,,0.5662582516670227,0.64129239320755,-0.04106476530432701,,0.5510278344154358,0.6451372504234314,-0.048081256449222565,,0.5408292412757874,0.6496913433074951,-0.05284825339913368,,0.5653402805328369,0.6463221311569214,-0.028152592480182648,,0.5526015758514404,0.6496677994728088,-0.03443986177444458,,0.5417426824569702,0.6555077433586121,-0.03655225783586502,,0.5339928865432739,0.6587591767311096,-0.03891732543706894,,0.5187200903892517,0.6431827545166016,1.7791583672988054e-07,,0.538299024105072,0.6442587971687317,-0.020717332139611244,,0.5534867644309998,0.6327714323997498,-0.034052204340696335,,0.559860110282898,0.6210326552391052,-0.045841921120882034,,0.5658080577850342,0.616555392742157,-0.05707123875617981,,0.5689483284950256,0.5381097793579102,-0.01810336671769619,,0.5726282596588135,0.49005284905433655,-0.0318022295832634,,0.5714121460914612,0.4620799422264099,-0.044008295983076096,,0.5677126049995422,0.44217807054519653,-0.051947180181741714,,0.5522953271865845,0.5220272541046143,-0.015774894505739212,,0.5577043294906616,0.47223377227783203,-0.02848009765148163,,0.5576292276382446,0.44724079966545105,-0.03927072882652283,,0.5549957156181335,0.43267738819122314,-0.04604945331811905,,0.5345970392227173,0.5173308253288269,-0.01594972051680088,,0.5389533042907715,0.46667131781578064,-0.025817180052399635,,0.5395644307136536,0.43827441334724426,-0.03379430994391441,,0.5386089086532593,0.4183952808380127,-0.03851329907774925,,0.5160757303237915,0.5220784544944763,-0.018209658563137054,,0.5204887390136719,0.4779226779937744,-0.025410564616322517,,0.5224902033805847,0.44884365797042847,-0.030382415279746056,,0.5247795581817627,0.42393380403518677,-0.033562690019607544,
0.007727178279310465,-0.6127164959907532,-0.23187141120433807,0.9997408390045166,0.025719651952385902,-0.6511244773864746,-0.2207556515932083,0.9995372295379639,0.025050338357686996,-0.6506848931312561,-0.22280575335025787,0.9995651245117188,0.025395365431904793,-0.6507250666618347,-0.22030086815357208,0.9995026588439941,-0.011389020830392838,-0.6540341377258301,-0.21868108212947845,0.9995575547218323,-0.00938091054558754,-0.6545072197914124,-0.21945612132549286,0.9995905756950378,-0.01007908582687378,-0.6534368991851807,-0.2154470682144165,0.9995354413986206,0.11447525769472122,-0.6344707012176514,-0.12605492770671844,0.9995197057723999,-0.03735276311635971,-0.6430454850196838,-0.09731514751911163,0.9995073080062866,0.03949742391705513,-0.5806875228881836,-0.20662982761859894,0.9998154640197754,-0.0053976369090378284,-0.5820547938346863,-0.1966482698917389,0.9998185634613037,0.20377616584300995,-0.422816663980484,-0.08037430793046951,0.9992420673370361,-0.11032050848007202,-0.45621001720428467,-0.035332679748535156,0.9994586706161499,0.15239793062210083,-0.18934312462806702,-0.16678756475448608,0.9152101278305054,-0.2165631502866745,-0.2750953137874603,-0.13179944455623627,0.887239396572113,0.028145762160420418,-0.282596230506897,-0.3175290822982788,0.6651461720466614,-0.10523338615894318,-0.36083081364631653,-0.3008441925048828,0.6839789748191833,-0.018042808398604393,-0.3020401895046234,-0.35189321637153625,0.6316385269165039,-0.07200343906879425,-0.37764132022857666,-0.3480672538280487,0.6543679237365723,-0.02142539992928505,-0.3418501615524292,-0.34298521280288696,0.6550236344337463,-0.055471114814281464,-0.42124810814857483,-0.3229527771472931,0.674394428730011,0.010558261536061764,-0.3041638731956482,-0.31386908888816833,0.6386709809303284,-0.08444318175315857,-0.3760986030101776,-0.2989583909511566,0.6613986492156982,0.11387158930301666,0.00029724568594247103,-0.0028220319654792547,0.30814531445503235,-0.11124167591333389,-0.005800336599349976,0.0040580350905656815,0.34912973642349243,0.15230430662631989,-0.0400029793381691,-0.09428295493125916,0.0936259999871254,-0.12643712759017944,-0.02830677106976509,-0.1234622448682785,0.1388854682445526,0.1510401964187622,0.23591145873069763,0.20037318766117096,0.02117125689983368,-0.05764070153236389,0.39868295192718506,0.1876952350139618,0.04009242355823517,0.15274164080619812,0.248308002948761,0.22088439762592316,0.011475295759737492,-0.04149644449353218,0.4184800088405609,0.22202692925930023,0.019686244428157806,0.1820620447397232,0.20935826003551483,-0.0014189789071679115,0.023096486926078796,-0.04038776457309723,0.4283541142940521,0.01197896059602499,0.036572035402059555,13,0.542,0.615748405456543,0.6848016977310181,-1.6163659211088088e-07,,0.632716178894043,0.6564071774482727,-0.011066354811191559,,0.6421284079551697,0.6262708306312561,-0.020658139139413834,,0.6557562351226807,0.6169397234916687,-0.02955864928662777,,0.6733176112174988,0.6213986277580261,-0.03959144279360771,,0.6205443143844604,0.6270840764045715,-0.022122981026768684,,0.6025369763374329,0.6337012052536011,-0.035476766526699066,,0.587271511554718,0.6477603912353516,-0.04559163376688957,,0.5733821988105774,0.6618866920471191,-0.051287535578012466,,0.6017996072769165,0.6311115026473999,-0.02089536376297474,,0.5806134343147278,0.6431571245193481,-0.031322214752435684,,0.5637941360473633,0.656410813331604,-0.03954422101378441,,0.5505205988883972,0.6709086298942566,-0.0454765185713768,,0.5871447324752808,0.6365405321121216,-0.019760746508836746,,0.5664825439453125,0.6455077528953552,-0.027462566271424294,,0.5527692437171936,0.6575251817703247,-0.03361107409000397,,0.5422056913375854,0.6685559749603271,-0.037780486047267914,,0.5767740607261658,0.644241988658905,-0.019334226846694946,,0.5597392916679382,0.6480129361152649,-0.022477716207504272,,0.5485948920249939,0.6559870839118958,-0.023590728640556335,,0.5394736528396606,0.6610273122787476,-0.024889914318919182,,0.5145611763000488,0.6252849698066711,1.4797333847127447e-07,,0.5344967842102051,0.6258799433708191,-0.01836973801255226,,0.5492364168167114,0.6159562468528748,-0.030739029869437218,,0.5541558265686035,0.607646107673645,-0.04202590882778168,,0.5627573132514954,0.6047230362892151,-0.0528765544295311,,0.5606526136398315,0.5173194408416748,-0.016406366601586342,,0.5631641745567322,0.4680059254169464,-0.030062148347496986,,0.5603975057601929,0.4400986433029175,-0.04224530607461929,,0.5548652410507202,0.42121151089668274,-0.04997462034225464,,0.5440125465393066,0.5014441013336182,-0.01523202657699585,,0.5477762222290039,0.4499282240867615,-0.027939599007368088,,0.5456032156944275,0.4246215522289276,-0.03880614414811134,,0.5400081276893616,0.4107418954372406,-0.04544831067323685,,0.526475191116333,0.49654245376586914,-0.016349781304597855,,0.5281921029090881,0.4450695812702179,-0.026022763922810555,,0.5274412631988525,0.41603171825408936,-0.03353116661310196,,0.5247045159339905,0.39553141593933105,-0.037872765213251114,,0.5077396631240845,0.5011535882949829,-0.019301699474453926,,0.5098918676376343,0.45719480514526367,-0.02608502097427845,,0.5107579231262207,0.42887333035469055,-0.030157357454299927,,0.5120260715484619,0.40478193759918213,-0.03260030969977379,
0.015263643115758896,-0.6130386590957642,-0.23263807594776154,0.999761164188385,0.033971648663282394,-0.6513113975524902,-0.22144842147827148,0.9995725154876709,0.03327823802828789,-0.6508680582046509,-0.22350932657718658,0.9995977282524109,0.033619221299886703,-0.6509060263633728,-0.2209843397140503,0.9995424151420593,-0.0033278611954301596,-0.6545786261558533,-0.21960985660552979,0.9995906949043274,-0.0013292343355715275,-0.6550238132476807,-0.2203906923532486,0.9996199011802673,-0.002033278811722994,-0.6539502739906311,-0.21637283265590668,0.9995704293251038,0.12124797701835632,-0.634355902671814,-0.12640465795993805,0.999556839466095,-0.03142951428890228,-0.6436058282852173,-0.09871695935726166,0.9995458126068115,0.04603162407875061,-0.5808541774749756,-0.20728132128715515,0.9998301863670349,0.000851354852784425,-0.5824153423309326,-0.19755502045154572,0.9998328685760498,0.20771418511867523,-0.420346200466156,-0.07975519448518753,0.9992950558662415,-0.1090293899178505,-0.45729756355285645,-0.036154404282569885,0.9995019435882568,0.16028375923633575,-0.1882808357477188,-0.16422660648822784,0.9234065413475037,-0.21805989742279053,-0.27595391869544983,-0.13135169446468353,0.8983315229415894,0.05219060555100441,-0.27402395009994507,-0.314287930727005,0.6983129978179932,-0.11193227767944336,-0.3543802499771118,-0.3017280697822571,0.7153145670890808,0.006968631874769926,-0.29271963238716125,-0.35201209783554077,0.6666359901428223,-0.08005743473768234,-0.3685653507709503,-0.3482966125011444,0.6869208216667175,0.015614205040037632,-0.3311496078968048,-0.3442089259624481,0.687639594078064,-0.06219251826405525,-0.4108569324016571,-0.32622456550598145,0.7047624588012695,0.04020979627966881,-0.2948454022407532,-0.3134406805038452,0.6728307008743286,-0.09097298234701157,-0.3684100806713104,-0.3008941411972046,0.6930179595947266,0.11427919566631317,0.0012899618595838547,-0.0028395643457770348,0.3322496712207794,-0.1115059107542038,-0.00646216468885541,0.004063766449689865,0.37265869975090027,0.15123072266578674,-0.045852839946746826,-0.10055610537528992,0.08940400183200836,-0.13036379218101501,-0.054368067532777786,-0.12424064427614212,0.13235998153686523,0.14817741513252258,0.2347210794687271,0.19675013422966003,0.0203575287014246,-0.06335931271314621,0.39155933260917664,0.1855151206254959,0.03758177533745766,0.14943300187587738,0.24676109850406647,0.2169981449842453,0.011175760999321938,-0.045619674026966095,0.41133999824523926,0.22050076723098755,0.018740510568022728,0.17730851471424103,0.20304842293262482,-0.00740667711943388,0.02191159501671791,-0.042352233082056046,0.4179423749446869,0.009327913634479046,0.03413695469498634,14,0.583,0.6200774908065796,0.6810857653617859,-1.4682582616387663e-07,,0.636081874370575,0.6487606763839722,-0.011791449040174484,,0.6471934914588928,0.6158010959625244,-0.022414544597268105,,0.6604313254356384,0.6033282279968262,-0.03219633921980858,,0.6771946549415588,0.6097263693809509,-0.042847223579883575,,0.6256328225135803,0.6176087856292725,-0.024805767461657524,,0.6114395260810852,0.6273255348205566,-0.03911362215876579,,0.5972356796264648,0.6425999402999878,-0.049513161182403564,,0.5821611881256104,0.6577891707420349,-0.05541280657052994,,0.6053681373596191,0.6235730051994324,-0.023784445598721504,,0.588316023349762,0.6338507533073425,-0.03626270219683647,,0.5733382105827332,0.6488040685653687,-0.04518044739961624,,0.5605790019035339,0.6643325090408325,-0.05138569325208664,,0.5888100862503052,0.6288432478904724,-0.02261224389076233,,0.5708491206169128,0.6348235607147217,-0.03127320110797882,,0.5565093159675598,0.6464137434959412,-0.037891268730163574,,0.5444687604904175,0.6583775877952576,-0.04234633594751358,,0.5765801668167114,0.6363170146942139,-0.02226489968597889,,0.5605721473693848,0.638160228729248,-0.02557365782558918,,0.5497301816940308,0.6468662023544312,-0.02705352008342743,,0.5402249097824097,0.6531584858894348,-0.028702719137072563,,0.5057352185249329,0.6105744242668152,1.8501980036944587e-07,,0.5268916487693787,0.6114118099212646,-0.01990005560219288,,0.5405865907669067,0.5985959768295288,-0.03246552124619484,,0.5430386066436768,0.5864718556404114,-0.04366520792245865,,0.5456529259681702,0.5795803070068359,-0.054239265620708466,,0.5511409640312195,0.499711275100708,-0.017383014783263206,,0.553083062171936,0.4506916105747223,-0.030492691323161125,,0.549744725227356,0.42058834433555603,-0.04212067648768425,,0.5436508655548096,0.39691227674484253,-0.04980498179793358,,0.534403383731842,0.48380446434020996,-0.015464343130588531,,0.5382996797561646,0.43163949251174927,-0.027747763320803642,,0.5363291501998901,0.40203577280044556,-0.038103360682725906,,0.5316702723503113,0.38094085454940796,-0.04449886083602905,,0.5163581967353821,0.47885990142822266,-0.0158917885273695,,0.5187375545501709,0.42460203170776367,-0.02562280185520649,,0.5173859596252441,0.3936719298362732,-0.03270162269473076,,0.5143132209777832,0.36991286277770996,-0.036581505089998245,,0.49758777022361755,0.48291122913360596,-0.018312890082597733,,0.5006548762321472,0.436639666557312,-0.025082562118768692,,0.5015139579772949,0.40717077255249023,-0.028763098642230034,,0.5024610161781311,0.38182532787323,-0.030799686908721924,
0.01036510244011879,-0.613627016544342,-0.2326379120349884,0.9997779726982117,0.028921816498041153,-0.6515628099441528,-0.22245627641677856,0.9996007084846497,0.028241103515028954,-0.6511197686195374,-0.2244860678911209,0.99962317943573,0.02858882024884224,-0.6511539220809937,-0.22196802496910095,0.999574601650238,-0.008114016614854336,-0.6553537249565125,-0.21999016404151917,0.9996167421340942,-0.0061215502209961414,-0.6557642221450806,-0.22081361711025238,0.9996422529220581,-0.006818264257162809,-0.6546894907951355,-0.21678441762924194,0.9995977282524109,0.11705347895622253,-0.6343114376068115,-0.12920831143856049,0.999587893486023,-0.03457142040133476,-0.6452404260635376,-0.09861213713884354,0.9995756149291992,0.041368983685970306,-0.5810178518295288,-0.20763139426708221,0.9998418092727661,-0.003543420694768429,-0.5833896398544312,-0.19701284170150757,0.9998440146446228,0.2058936506509781,-0.42010799050331116,-0.0822707787156105,0.999333918094635,-0.11102181673049927,-0.46328237652778625,-0.03239448368549347,0.9995357394218445,0.16111880540847778,-0.18936452269554138,-0.16645120084285736,0.9308542609214783,-0.2246108502149582,-0.2993255853652954,-0.13096386194229126,0.9082704782485962,0.05765042081475258,-0.2862526476383209,-0.31623297929763794,0.7282578349113464,-0.14908230304718018,-0.40542158484458923,-0.30372390151023865,0.7435529232025146,0.013460920192301273,-0.3085246682167053,-0.3566201329231262,0.6985198855400085,-0.12618137896060944,-0.42759183049201965,-0.35133230686187744,0.7165117263793945,0.025186115875840187,-0.34695231914520264,-0.3481159806251526,0.7173706889152527,-0.10900785028934479,-0.4672534465789795,-0.3272419571876526,0.7323975563049316,0.0469813272356987,-0.30804362893104553,-0.3166792094707489,0.7039576768875122,-0.13031886518001556,-0.41992756724357605,-0.3028993308544159,0.7218102216720581,0.11443223804235458,0.0023074892815202475,-0.003856862662360072,0.3602129817008972,-0.11162430793046951,-0.007083460222929716,0.004866737872362137,0.4001649022102356,0.1523319035768509,-0.044724028557538986,-0.10043726861476898,0.08552798628807068,-0.1295887678861618,-0.05015162378549576,-0.11795227974653244,0.1257837414741516,0.14800432324409485,0.2432379573583603,0.19441983103752136,0.019731225445866585,-0.06388604640960693,0.39194831252098083,0.18988299369812012,0.035393208265304565,0.14928361773490906,0.2557566165924072,0.21383902430534363,0.010890988633036613,-0.046884678304195404,0.41281071305274963,0.2244320511817932,0.01793854683637619,0.17526544630527496,0.2165440320968628,-0.00806255079805851,0.02089046873152256,-0.04408128932118416,0.41963323950767517,0.013590468093752861,0.031972289085388184,15,0.625,0.62611323595047,0.6803101301193237,-1.2233211066359218e-07,,0.642652153968811,0.6436227560043335,-0.010340647771954536,,0.6535720825195312,0.6079223155975342,-0.01987493969500065,,0.6669315099716187,0.5935712456703186,-0.029050404205918312,,0.6822249889373779,0.5999414324760437,-0.038974229246377945,,0.630966067314148,0.6111512184143066,-0.021096423268318176,,0.6149893403053284,0.609025239944458,-0.035597678273916245,,0.5995316505432129,0.6197868585586548,-0.04653731733560562,,0.5829042792320251,0.6329042315483093,-0.05255446955561638,,0.6104903221130371,0.6210424304008484,-0.020598113536834717,,0.5928547382354736,0.619430661201477,-0.032807908952236176,,0.5779826045036316,0.6298221945762634,-0.0414767861366272,,0.5646535754203796,0.6433912515640259,-0.047262802720069885,,0.5937531590461731,0.62818843126297,-0.02017023041844368,,0.5761380195617676,0.6256469488143921,-0.028397977352142334,,0.5632196664810181,0.6324897408485413,-0.03379712998867035,,0.5514668226242065,0.6409321427345276,-0.037169892340898514,,0.5817738771438599,0.6351908445358276,-0.02062832936644554,,0.5673550963401794,0.6279876232147217,-0.023455951362848282,,0.5578668713569641,0.6329154372215271,-0.023979557678103447,,0.5488994717597961,0.6379193663597107,-0.024742981418967247,,0.48662275075912476,0.5703950524330139,1.5150789067774895e-07,,0.5068596601486206,0.5649642944335938,-0.023652268573641777,,0.5172947645187378,0.5473668575286865,-0.03875080123543739,,0.5174382328987122,0.5306832194328308,-0.051773957908153534,,0.5137460827827454,0.5190582275390625,-0.06407766044139862,,0.5284556746482849,0.4427211582660675,-0.022750914096832275,,0.527930736541748,0.3871843218803406,-0.0369298979640007,,0.5236659646034241,0.3538171052932739,-0.049029454588890076,,0.5168680548667908,0.32936492562294006,-0.057236842811107635,,0.5109544992446899,0.4296770989894867,-0.019759099930524826,,0.5134255886077881,0.36944806575775146,-0.03286365419626236,,0.5102657675743103,0.33866944909095764,-0.04298604652285576,,0.5046955347061157,0.3199928402900696,-0.04925312474370003,,0.49322178959846497,0.42755743861198425,-0.0192975215613842,,0.4938852787017822,0.3675551116466522,-0.028439590707421303,,0.49097371101379395,0.33539360761642456,-0.0345970019698143,,0.48721060156822205,0.31066107749938965,-0.03832417353987694,,0.47581860423088074,0.43396660685539246,-0.02136910706758499,,0.47699564695358276,0.38542333245277405,-0.02727375365793705,,0.4766490161418915,0.35505738854408264,-0.0303016547113657,,0.47709202766418457,0.32834842801094055,-0.032201286405324936,
0.008448601700365543,-0.6161913275718689,-0.23125803470611572,0.9997921586036682,0.026095975190401077,-0.6536377668380737,-0.22165997326374054,0.9996234178543091,0.02542823925614357,-0.6532074809074402,-0.2236711084842682,0.999643087387085,0.025790853425860405,-0.6532358527183533,-0.2211759090423584,0.999600887298584,-0.010919659398496151,-0.6580194234848022,-0.2186831831932068,0.9996378421783447,-0.008929610252380371,-0.658399760723114,-0.21953274309635162,0.9996598958969116,-0.009610780514776707,-0.6573324799537659,-0.21549880504608154,0.9996199607849121,0.11431951075792313,-0.6349879503250122,-0.1296071857213974,0.9996129870414734,-0.03687579929828644,-0.6482962965965271,-0.09668517112731934,0.999600887298584,0.03942228481173515,-0.5830084681510925,-0.20660890638828278,0.9998509287834167,-0.00542269553989172,-0.5862314701080322,-0.19528637826442719,0.9998533129692078,0.20476529002189636,-0.4203670620918274,-0.08223426342010498,0.9993587732315063,-0.11230836063623428,-0.46988359093666077,-0.030841577798128128,0.9995659589767456,0.1613820493221283,-0.19245804846286774,-0.1707102209329605,0.9374982714653015,-0.23735804855823517,-0.3242158591747284,-0.1323348432779312,0.9172347784042358,0.06271727383136749,-0.2959655523300171,-0.32350224256515503,0.7551752924919128,-0.17755310237407684,-0.4424308240413666,-0.3128753900527954,0.7689717411994934,0.019874583929777145,-0.3208097815513611,-0.3661467432975769,0.727107048034668,-0.15824341773986816,-0.46923449635505676,-0.36157625913619995,0.7431997656822205,0.034005749970674515,-0.35956498980522156,-0.35722851753234863,0.7440177202224731,-0.14198270440101624,-0.50780189037323,-0.3374442160129547,0.7573261857032776,0.05329854413866997,-0.3182814419269562,-0.3250349164009094,0.731831967830658,-0.16012835502624512,-0.4570121765136719,-0.31283247470855713,0.7477688789367676,0.11442442238330841,0.0029833060689270496,-0.003968147560954094,0.3875871002674103,-0.11162452399730682,-0.007536227349191904,0.004920460749417543,0.4282054603099823,0.152243509888649,-0.04198374226689339,-0.09935937821865082,0.08187315613031387,-0.12762098014354706,-0.04483550414443016,-0.10818705707788467,0.12049262970685959,0.14784230291843414,0.2552025318145752,0.19568856060504913,0.019286442548036575,-0.06420506536960602,0.3987601399421692,0.19160474836826324,0.03371639922261238,0.14915594458580017,0.2693350911140442,0.2153281271457672,0.010746585205197334,-0.04770832508802414,0.4209258258342743,0.22507406771183014,0.0173862986266613,0.17508049309253693,0.2344234436750412,-0.007392682135105133,0.020119138062000275,-0.04476273059844971,0.4292546212673187,0.017359061166644096,0.03028511442244053,16,0.667,0.6261553764343262,0.6796692609786987,-9.217220053869823e-08,,0.6424857378005981,0.64540034532547,-0.011752677150070667,,0.6523369550704956,0.608045756816864,-0.021775254979729652,,0.6664129495620728,0.5927876234054565,-0.030902769416570663,,0.6830402612686157,0.602463960647583,-0.040772534906864166,,0.6302657127380371,0.6131837368011475,-0.0232505165040493,,0.6140074133872986,0.6061213612556458,-0.037955109030008316,,0.5978135466575623,0.6147223711013794,-0.04878625273704529,,0.5801873803138733,0.6277592182159424,-0.05466114729642868,,0.6098264455795288,0.622724711894989,-0.021853607147932053,,0.5938718318939209,0.6169854402542114,-0.033689748495817184,,0.5805864334106445,0.6236733198165894,-0.04147620126605034,,0.5684674978256226,0.6344549655914307,-0.04665381833910942,,0.592991292476654,0.6298630237579346,-0.02061089500784874,,0.577607274055481,0.6236023902893066,-0.028535738587379456,,0.5661922693252563,0.6271950602531433,-0.03306672349572182,,0.5555592179298401,0.6335760951042175,-0.03569723293185234,,0.580917477607727,0.6370586156845093,-0.020414995029568672,,0.5673922300338745,0.6273183226585388,-0.023424366489052773,,0.5580257177352905,0.6299912929534912,-0.023812556639313698,,0.5488793849945068,0.6340326070785522,-0.02425396628677845,,0.47227010130882263,0.5505634546279907,1.835867635691102e-07,,0.4938313066959381,0.5482497215270996,-0.022720934823155403,,0.5098804235458374,0.5284672379493713,-0.036122433841228485,,0.5062226057052612,0.5044571161270142,-0.047555629163980484,,0.49256929755210876,0.4869154989719391,-0.058313507586717606,,0.5169013738632202,0.4153904914855957,-0.019134145230054855,,0.5166242718696594,0.3589847683906555,-0.03383138030767441,,0.5110955834388733,0.32432353496551514,-0.04692482203245163,,0.5023298263549805,0.29784661531448364,-0.05533333122730255,,0.4984069764614105,0.4018130302429199,-0.016612514853477478,,0.5002358555793762,0.3449085056781769,-0.0301529373973608,,0.4947211444377899,0.30807244777679443,-0.04190268740057945,,0.48535752296447754,0.2826458513736725,-0.04908610135316849,,0.4793465733528137,0.40077492594718933,-0.01677645370364189,,0.4788651466369629,0.34354105591773987,-0.027118591591715813,,0.4744718074798584,0.3103211522102356,-0.034506071358919144,,0.4685230553150177,0.2855607867240906,-0.03854094818234444,,0.45968031883239746,0.40971410274505615,-0.019330907613039017,,0.4602239727973938,0.3608885407447815,-0.026496432721614838,,0.4585772156715393,0.3286190629005432,-0.030315956100821495,,0.4571542739868164,0.30124348402023315,-0.032355550676584244,
0.006444734055548906,-0.6166216731071472,-0.22835561633110046,0.9998053908348083,0.02415517158806324,-0.6539716124534607,-0.2194230705499649,0.9996453523635864,0.023489857092499733,-0.6535472273826599,-0.22141455113887787,0.9996621608734131,0.023852258920669556,-0.6535717844963074,-0.21892380714416504,0.9996249675750732,-0.012734179385006428,-0.6585111618041992,-0.2161431461572647,0.999657928943634,-0.01074424758553505,-0.6588808298110962,-0.2170146256685257,0.9996766448020935,-0.011425173841416836,-0.6578139066696167,-0.2129826545715332,0.9996406435966492,0.11280834674835205,-0.6353719234466553,-0.12852732837200165,0.9996361136436462,-0.03799638897180557,-0.6497701406478882,-0.09430938214063644,0.9996236562728882,0.03760281950235367,-0.5835888981819153,-0.20393462479114532,0.9998586177825928,-0.007171478122472763,-0.5870914459228516,-0.1922062188386917,0.9998610019683838,0.20398730039596558,-0.4209440350532532,-0.08026359230279922,0.9993779063224792,-0.11313984543085098,-0.47495728731155396,-0.0300192441791296,0.9995920658111572,0.1615438461303711,-0.19842806458473206,-0.17268605530261993,0.9434584975242615,-0.23913632333278656,-0.33544468879699707,-0.13562162220478058,0.9253142476081848,0.06812281906604767,-0.29930049180984497,-0.32969409227371216,0.7794144153594971,-0.20242473483085632,-0.46888211369514465,-0.3303344249725342,0.7919174432754517,0.027419617399573326,-0.32355961203575134,-0.3729240894317627,0.7529630064964294,-0.19076114892959595,-0.5024652481079102,-0.3802833557128906,0.7677801251411438,0.04170601814985275,-0.36216500401496887,-0.3650149405002594,0.7681446671485901,-0.17809712886810303,-0.5411619544029236,-0.35986360907554626,0.7803871035575867,0.058985065668821335,-0.32133719325065613,-0.3322972059249878,0.7570604681968689,-0.18787959218025208,-0.4845666289329529,-0.3319718837738037,0.7717132568359375,0.11446897685527802,0.0034298317041248083,-0.003972295671701431,0.41408172249794006,-0.11169333755970001,-0.00793207623064518,0.004906884860247374,0.4557630717754364,0.15280339121818542,-0.04129096493124962,-0.09887464344501495,0.07880888134241104,-0.1269678920507431,-0.04324669763445854,-0.10530776530504227,0.11587940156459808,0.1478840708732605,0.25611448287963867,0.19579201936721802,0.018902648240327835,-0.06542696803808212,0.4036957323551178,0.18968352675437927,0.03226657956838608,0.14926430583000183,0.27041786909103394,0.21491384506225586,0.010607055388391018,-0.04908836632966995,0.42609894275665283,0.2236117422580719,0.016840782016515732,0.17561349272727966,0.23684129118919373,-0.005185636691749096,0.019502511247992516,-0.04529734328389168,0.436606764793396,0.0162300243973732,0.028858354315161705,17,0.709,0.6253812313079834,0.6790492534637451,-7.926792733314869e-08,,0.6422503590583801,0.645910918712616,-0.012969297356903553,,0.6526424288749695,0.6102346777915955,-0.023958595469594002,,0.6675817966461182,0.594973087310791,-0.03377247974276543,,0.6838784217834473,0.6020231246948242,-0.044210806488990784,,0.6296328902244568,0.6168586015701294,-0.026443954557180405,,0.6131552457809448,0.6093896627426147,-0.041714832186698914,,0.5972996354103088,0.617491602897644,-0.05249640718102455,,0.5796370506286621,0.6297870874404907,-0.05842277780175209,,0.6090762615203857,0.6263115406036377,-0.024658625945448875,,0.5935311913490295,0.6191060543060303,-0.036863457411527634,,0.5804394483566284,0.6243573427200317,-0.04456484690308571,,0.567985475063324,0.632179319858551,-0.049886953085660934,,0.5924661159515381,0.6327807903289795,-0.02293401211500168,,0.5777782797813416,0.6245513558387756,-0.0312977209687233,,0.5666825771331787,0.6268122792243958,-0.03572750464081764,,0.5560568571090698,0.6312752962112427,-0.03842025250196457,,0.5809325575828552,0.6389408707618713,-0.022306052967905998,,0.5679506659507751,0.6273068189620972,-0.025873901322484016,,0.5588722825050354,0.6287353038787842,-0.02639169804751873,,0.5499848127365112,0.6321491003036499,-0.026948722079396248,,0.4567990005016327,0.5410968065261841,2.1913929515449126e-07,,0.4751920700073242,0.5401648283004761,-0.03309145197272301,,0.486020028591156,0.5208596587181091,-0.053038399666547775,,0.4784006178379059,0.5002663135528564,-0.06965433806180954,,0.46667981147766113,0.4805269241333008,-0.0850696936249733,,0.4975450336933136,0.3969525396823883,-0.030200691893696785,,0.49521195888519287,0.3339887857437134,-0.05246654525399208,,0.48426955938339233,0.29948166012763977,-0.07108916342258453,,0.47012025117874146,0.28280961513519287,-0.08183024078607559,,0.47560563683509827,0.3829931914806366,-0.02452845312654972,,0.4728696346282959,0.3149305284023285,-0.04532362520694733,,0.462992787361145,0.28022176027297974,-0.062205277383327484,,0.4493308961391449,0.26886868476867676,-0.07151123136281967,,0.45495903491973877,0.3831765353679657,-0.02276049554347992,,0.4522635042667389,0.3182450532913208,-0.038586825132369995,,0.44571658968925476,0.2832821011543274,-0.05103962868452072,,0.4374762177467346,0.26560693979263306,-0.05727779492735863,,0.4363580346107483,0.3945383131504059,-0.024067062884569168,,0.4361339807510376,0.34076911211013794,-0.0349019430577755,,0.4339620769023895,0.3063161075115204,-0.04244793578982353,,0.4314550757408142,0.2816823720932007,-0.04662667587399483,
0.005847329273819923,-0.6186030507087708,-0.22329992055892944,0.9998189806938171,0.024910159409046173,-0.6556179523468018,-0.2148720771074295,0.9996688365936279,0.024218354374170303,-0.6551900506019592,-0.21691662073135376,0.9996833205223083,0.024571774527430534,-0.6552131175994873,-0.2144065797328949,0.9996505975723267,-0.011590124107897282,-0.6606156229972839,-0.2113872915506363,0.9996790885925293,-0.009614505805075169,-0.6609795689582825,-0.212204709649086,0.9996946454048157,-0.01028656866401434,-0.6599171757698059,-0.208162322640419,0.999661922454834,0.11360237747430801,-0.6365543007850647,-0.12474372982978821,0.9996612668037415,-0.03622301667928696,-0.6534730792045593,-0.08970335125923157,0.9996458888053894,0.03655466064810753,-0.5858271718025208,-0.19908414781093597,0.9998666048049927,-0.008004352450370789,-0.5899831056594849,-0.1870855838060379,0.9998679757118225,0.2040165811777115,-0.4234103262424469,-0.07740578800439835,0.999395489692688,-0.11335236579179764,-0.48436233401298523,-0.025073444470763206,0.9996098875999451,0.1662086397409439,-0.21067774295806885,-0.17243064939975739,0.9488003849983215,-0.23920942842960358,-0.3593412935733795,-0.1355324387550354,0.9325270056724548,0.07454037666320801,-0.30279335379600525,-0.3328564465045929,0.8012092113494873,-0.22206071019172668,-0.5016069412231445,-0.3394045829772949,0.8125510811805725,0.0341995470225811,-0.32509803771972656,-0.3763851821422577,0.7763167023658752,-0.21704281866550446,-0.538792073726654,-0.3902062773704529,0.7899575233459473,0.04649542272090912,-0.36305299401283264,-0.36978456377983093,0.78997802734375,-0.20722711086273193,-0.5758520364761353,-0.37253832817077637,0.8012405633926392,0.06455749273300171,-0.3238804042339325,-0.33642008900642395,0.7798752784729004,-0.20999675989151,-0.516552209854126,-0.342573344707489,0.7933629751205444,0.11461953073740005,0.003958097659051418,-0.004100600723177195,0.43117204308509827,-0.11180319637060165,-0.008746091276407242,0.005050895269960165,0.4727327525615692,0.15220002830028534,-0.05104416608810425,-0.09710905700922012,0.07632876932621002,-0.12913846969604492,-0.04456046223640442,-0.10578324645757675,0.11126772314310074,0.14702244102954865,0.24332904815673828,0.19257070124149323,0.01851251721382141,-0.07589337974786758,0.3999992907047272,0.1864103525876999,0.030878271907567978,0.1480059176683426,0.25609010457992554,0.21166756749153137,0.010439506731927395,-0.06004885584115982,0.42065441608428955,0.22030295431613922,0.016373146325349808,0.1749316304922104,0.21758098900318146,-0.013849005103111267,0.018974341452121735,-0.05604350566864014,0.43094080686569214,0.006859195418655872,0.02759353630244732,18,0.75,0.6267310380935669,0.6809946298599243,-8.00590598259987e-08,,0.6432434916496277,0.6467949151992798,-0.014162437058985233,,0.6536419987678528,0.6108728647232056,-0.02621621824800968,,0.6683623790740967,0.5951098203659058,-0.036859024316072464,,0.6847894191741943,0.602998673915863,-0.04820557311177254,,0.6329457759857178,0.620361864566803,-0.03016897290945053,,0.6166578531265259,0.6146435141563416,-0.04610453546047211,,0.6002465486526489,0.6223503351211548,-0.057079017162323,,0.5816898345947266,0.634351372718811,-0.06325633078813553,,0.6126230955123901,0.629371166229248,-0.028160784393548965,,0.598507285118103,0.6227216720581055,-0.04166822135448456,,0.5859357714653015,0.6283276081085205,-0.050017099827528,,0.5735897421836853,0.6372356414794922,-0.05586715787649155,,0.595399022102356,0.6352066397666931,-0.026074238121509552,,0.5809022188186646,0.6276746988296509,-0.035378459841012955,,0.5687405467033386,0.6292314529418945,-0.041022710502147675,,0.5571380257606506,0.6338141560554504,-0.04479387775063515,,0.5825347900390625,0.6405044198036194,-0.025079555809497833,,0.5693075656890869,0.6292480826377869,-0.02907046303153038,,0.5597642064094543,0.6304914355278015,-0.030505873262882233,,0.5504074096679688,0.6342482566833496,-0.03213012218475342,,0.4346170425415039,0.5358140468597412,1.851521886919727e-07,,0.45363885164260864,0.5422067046165466,-0.03978194668889046,,0.46305108070373535,0.5264789462089539,-0.06489695608615875,,0.4420877695083618,0.5149353742599487,-0.08584035933017731,,0.42329925298690796,0.5036616921424866,-0.10627078264951706,,0.46899929642677307,0.4005587697029114,-0.04254647716879845,,0.4675341546535492,0.33030879497528076,-0.06971164792776108,,0.4528234899044037,0.2991303503513336,-0.09182441979646683,,0.4353436231613159,0.2903572618961334,-0.10457351803779602,,0.4446171224117279,0.3842032849788666,-0.03477117791771889,,0.4415285289287567,0.3080325722694397,-0.062331825494766235,,0.4258800745010376,0.2849661111831665,-0.08469191938638687,,0.408904492855072,0.28676241636276245,-0.0968002900481224,,0.4235994219779968,0.3809965252876282,-0.03071785904467106,,0.4205451011657715,0.31099021434783936,-0.051447272300720215,,0.4081323742866516,0.28481927514076233,-0.06877223402261734,,0.3952709436416626,0.2825334072113037,-0.07755327969789505,,0.4062848389148712,0.3892430067062378,-0.029773693531751633,,0.40518441796302795,0.3331718146800995,-0.0429435633122921,,0.398835688829422,0.30343005061149597,-0.05274632200598717,,0.39113327860832214,0.2907339930534363,-0.05853363126516342,
0.005283689592033625,-0.6199566721916199,-0.2152399867773056,0.9998258352279663,0.024030260741710663,-0.656737208366394,-0.2083413004875183,0.9996806383132935,0.02333972230553627,-0.6563121676445007,-0.21041783690452576,0.9996932148933411,0.02369268424808979,-0.6563389301300049,-0.20788055658340454,0.9996650815010071,-0.012343458831310272,-0.6623201966285706,-0.2029680609703064,0.9996867179870605,-0.010377052240073681,-0.6626943945884705,-0.20376303791999817,0.9996982216835022,-0.011050506494939327,-0.6616436243057251,-0.19970771670341492,0.999668300151825,0.11466758698225021,-0.6371443271636963,-0.12305337935686111,0.9996737241744995,-0.03232239931821823,-0.6575595736503601,-0.08046390861272812,0.9996461272239685,0.0357527993619442,-0.587294340133667,-0.19297456741333008,0.9998652935028076,-0.00887666828930378,-0.5923079252243042,-0.17854702472686768,0.9998624920845032,0.20559890568256378,-0.423871248960495,-0.07768727838993073,0.999362587928772,-0.11012952774763107,-0.4916185438632965,-0.008850366808474064,0.9996001720428467,0.17097900807857513,-0.21201001107692719,-0.17116808891296387,0.9535540342330933,-0.24373506009578705,-0.35781437158584595,-0.09805484116077423,0.9386540055274963,0.08612576127052307,-0.298902690410614,-0.3321218192577362,0.8208175301551819,-0.2784402668476105,-0.4780193269252777,-0.3335334062576294,0.8310177326202393,0.04805467277765274,-0.31952372193336487,-0.3761062026023865,0.7974450588226318,-0.2893028259277344,-0.50963294506073,-0.3892044126987457,0.8096967935562134,0.06044089049100876,-0.35928887128829956,-0.37261560559272766,0.8097749352455139,-0.2792084217071533,-0.5473648309707642,-0.3700523376464844,0.8198577761650085,0.07672902941703796,-0.32048386335372925,-0.3368985056877136,0.8005571365356445,-0.2685673236846924,-0.4924776256084442,-0.34166696667671204,0.8127626180648804,0.1146044060587883,0.004652221221476793,-0.005079356953501701,0.4376342296600342,-0.1117817759513855,-0.009747358039021492,0.006070121191442013,0.48039186000823975,0.15200215578079224,-0.05539274215698242,-0.09662500768899918,0.07344559580087662,-0.1314711719751358,-0.042874064296483994,-0.10611356794834137,0.10618375241756439,0.14466246962547302,0.23616206645965576,0.19006013870239258,0.018123537302017212,-0.08571132272481918,0.39815735816955566,0.18457938730716705,0.029592569917440414,0.14500796794891357,0.24815690517425537,0.2087334841489792,0.01025316957384348,-0.07060695439577103,0.4175797700881958,0.2182408720254898,0.01598246768116951,0.17178969085216522,0.2085714191198349,-0.02040606178343296,0.018474789336323738,-0.06818399578332901,0.42735910415649414,0.00296591455116868,0.026439648121595383,19,0.792,0.6263083815574646,0.6836556792259216,-8.382104965676263e-08,,0.6421743035316467,0.6513257026672363,-0.013804206624627113,,0.6521766781806946,0.6162394285202026,-0.02560579404234886,,0.666259765625,0.6002034544944763,-0.03619718551635742,,0.6824567317962646,0.6079782843589783,-0.047603487968444824,,0.6328428983688354,0.6228660941123962,-0.028445640578866005,,0.6161448955535889,0.6171830296516418,-0.04455272853374481,,0.5999034643173218,0.6254003047943115,-0.05585678666830063,,0.5821257829666138,0.6376131176948547,-0.062062039971351624,,0.6127386689186096,0.6314350366592407,-0.026544535532593727,,0.5975176692008972,0.6242806315422058,-0.040272779762744904,,0.5847931504249573,0.630009651184082,-0.04904968664050102,,0.5724588632583618,0.6393255591392517,-0.055027857422828674,,0.5956261157989502,0.6367654204368591,-0.02464878186583519,,0.5802254676818848,0.628233790397644,-0.034282438457012177,,0.5681228041648865,0.6296885013580322,-0.04024529829621315,,0.5566814541816711,0.6345987915992737,-0.04402675852179527,,0.5823661684989929,0.6417540907859802,-0.023803111165761948,,0.5686604380607605,0.6296328902244568,-0.027953149750828743,,0.5593181848526001,0.6306568384170532,-0.029498940333724022,,0.5502058863639832,0.6342878341674805,-0.03107290528714657,,0.4022103548049927,0.5484561920166016,1.7182615863475803e-07,,0.4091840386390686,0.5616090893745422,-0.03610099107027054,,0.40813928842544556,0.558637797832489,-0.05880636349320412,,0.39069390296936035,0.5592852234840393,-0.07675594091415405,,0.3705419600009918,0.559996485710144,-0.09363444894552231,,0.404809832572937,0.4395083487033844,-0.045176662504673004,,0.3955712914466858,0.36195310950279236,-0.06705468147993088,,0.3794882297515869,0.3364844024181366,-0.08216207474470139,,0.35949528217315674,0.3291049301624298,-0.09076055884361267,,0.3886047601699829,0.4278109669685364,-0.03675196319818497,,0.3839387893676758,0.34898871183395386,-0.05673420429229736,,0.3653304874897003,0.3258436918258667,-0.06944228708744049,,0.34754469990730286,0.3215829133987427,-0.07666946947574615,,0.37473735213279724,0.42617982625961304,-0.03112630732357502,,0.37099289894104004,0.3591209053993225,-0.04507942125201225,,0.3566642999649048,0.33866965770721436,-0.053113263100385666,,0.34262344241142273,0.33170047402381897,-0.057484738528728485,,0.36331382393836975,0.4326307475566864,-0.028719879686832428,,0.36128097772598267,0.38508662581443787,-0.03754670172929764,,0.3519707918167114,0.36201801896095276,-0.04153893515467644,,0.34269794821739197,0.34917187690734863,-0.04364680126309395,
0.0013786513591185212,-0.6218753457069397,-0.20064906775951385,0.9998354911804199,0.022280219942331314,-0.6585978269577026,-0.19424350559711456,0.9996973872184753,0.021575573831796646,-0.6581717729568481,-0.1962546706199646,0.9997082948684692,0.02188977226614952,-0.658203125,-0.19368939101696014,0.999683678150177,-0.013421236537396908,-0.6646532416343689,-0.18763963878154755,0.9997013211250305,-0.011475315317511559,-0.665016233921051,-0.1885146051645279,0.9997101426124573,-0.012161425314843655,-0.6639766693115234,-0.18446554243564606,0.9996828436851501,0.11414784938097,-0.6385374069213867,-0.11357679218053818,0.9996911287307739,-0.031863242387771606,-0.6614205837249756,-0.0649668425321579,0.9996587038040161,0.033232200890779495,-0.5892298221588135,-0.17998266220092773,0.9998680949211121,-0.010380257852375507,-0.5948056578636169,-0.1639903038740158,0.9998630285263062,0.2061103731393814,-0.42457884550094604,-0.07419557124376297,0.9993440508842468,-0.10846251994371414,-0.4950297772884369,0.006778346374630928,0.9996055364608765,0.1735873967409134,-0.21284343302249908,-0.16985054314136505,0.9579471349716187,-0.24500901997089386,-0.3571054935455322,-0.0835280641913414,0.9443520903587341,0.09220869839191437,-0.29748809337615967,-0.330796480178833,0.838556170463562,-0.28877294063568115,-0.46679267287254333,-0.3289397060871124,0.8477240204811096,0.05543395131826401,-0.3177603483200073,-0.3747452199459076,0.8167502284049988,-0.3016139566898346,-0.4962306022644043,-0.388443261384964,0.8277342915534973,0.06803812086582184,-0.3582991361618042,-0.37216466665267944,0.8278732895851135,-0.290719598531723,-0.5333285331726074,-0.36871567368507385,0.8368851542472839,0.0834030732512474,-0.3194454312324524,-0.33581361174583435,0.8194921612739563,-0.2789187431335449,-0.48067474365234375,-0.34030985832214355,0.8305279016494751,0.11457730084657669,0.005033256486058235,-0.00635926891118288,0.44757190346717834,-0.11177386343479156,-0.010340044274926186,0.007315176073461771,0.4927603602409363,0.1516672819852829,-0.0597759447991848,-0.0961841493844986,0.0699385553598404,-0.13463090360164642,-0.0423937663435936,-0.1056336760520935,0.10040870308876038,0.1445869654417038,0.22433294355869293,0.18699674308300018,0.017421666532754898,-0.09408819675445557,0.398110568523407,0.1839495748281479,0.028038764372467995,0.14484253525733948,0.23443470895290375,0.20498725771903992,0.00985774677246809,-0.0798099935054779,0.41727277636528015,0.2171500325202942,0.015362579375505447,0.17134526371955872,0.19499939680099487,-0.02398783527314663,0.017735140398144722,-0.0820934921503067,0.4270472526550293,0.00036568354698829353,0.02509518340229988,20,0.834,0.6278896927833557,0.683702290058136,-1.1211120209964065e-07,,0.6425877809524536,0.6515709161758423,-0.010200881399214268,,0.651375949382782,0.6181864738464355,-0.019756371155381203,,0.663810670375824,0.6028448343276978,-0.02807733416557312,,0.6814194321632385,0.6103701591491699,-0.03747143596410751,,0.631373941898346,0.6222450733184814,-0.024706270545721054,,0.6151997447013855,0.6195926070213318,-0.03704165667295456,,0.6005423069000244,0.6253114938735962,-0.04551950469613075,,0.5860921144485474,0.6310614943504333,-0.05060280114412308,,0.6126424670219421,0.6288769245147705,-0.024290461093187332,,0.5944665670394897,0.6252204179763794,-0.03512463718652725,,0.5804672241210938,0.6297871470451355,-0.0427786186337471,,0.5688588619232178,0.6363145709037781,-0.04869110509753227,,0.5979993939399719,0.6345081925392151,-0.023606600239872932,,0.5797700881958008,0.6274865865707397,-0.03191634267568588,,0.5667980313301086,0.6292754411697388,-0.03830636665225029,,0.5559111833572388,0.6317427158355713,-0.043051827698946,,0.5881438255310059,0.6417689323425293,-0.023452790454030037,,0.5734421610832214,0.6304373741149902,-0.027875296771526337,,0.5623573660850525,0.6310339570045471,-0.03038696199655533,,0.55222487449646,0.6298127770423889,-0.03301248699426651,,0.40980711579322815,0.573596179485321,2.276108688192835e-07,,0.4186500012874603,0.5794895887374878,-0.035975515842437744,,0.41456618905067444,0.5731763243675232,-0.05975712835788727,,0.3883442282676697,0.5775033831596375,-0.07916659861803055,,0.3647301495075226,0.5814804434776306,-0.09809569269418716,,0.4068734049797058,0.45560112595558167,-0.045397814363241196,,0.3965349793434143,0.39016222953796387,-0.06889810413122177,,0.3809250593185425,0.35889795422554016,-0.08720217645168304,,0.3612893521785736,0.34587371349334717,-0.09873539209365845,,0.38877809047698975,0.44171953201293945,-0.038113128393888474,,0.38294512033462524,0.3727569580078125,-0.06157264858484268,,0.36637014150619507,0.345355361700058,-0.07843834906816483,,0.34744423627853394,0.34084567427635193,-0.08842048794031143,,0.37409424781799316,0.4429466724395752,-0.033410489559173584,,0.367540180683136,0.3807629346847534,-0.049084216356277466,,0.35371914505958557,0.34882256388664246,-0.06052921339869499,,0.33890363574028015,0.3369196951389313,-0.06747245043516159,,0.3617037534713745,0.4550130069255829,-0.03178583085536957,,0.35623180866241455,0.40820538997650146,-0.041694484651088715,,0.3482317626476288,0.37761908769607544,-0.0482783168554306,,0.3403402268886566,0.3569872975349426,-0.05279248580336571,
-0.0009633844601921737,-0.6226747632026672,-0.1954796463251114,0.9998430609703064,0.02134690061211586,-0.659342885017395,-0.18921257555484772,0.9997100234031677,0.02064843848347664,-0.6589240431785583,-0.19113090634346008,0.9997192621231079,0.020931165665388107,-0.6589578986167908,-0.1885848343372345,0.9996976852416992,-0.013956388458609581,-0.6655327677726746,-0.18265290558338165,0.9997120499610901,-0.012007227167487144,-0.6658815741539001,-0.1836271435022354,0.999718427658081,-0.0127088762819767,-0.6648441553115845,-0.1795969009399414,0.9996933937072754,0.1137831062078476,-0.6393240690231323,-0.10922511667013168,0.999704122543335,-0.031742941588163376,-0.6626379489898682,-0.06016921624541283,0.9996680617332458,0.0313970223069191,-0.5900952816009521,-0.174668088555336,0.9998690485954285,-0.011656302027404308,-0.5957545042037964,-0.15870694816112518,0.9998627305030823,0.20615504682064056,-0.4254488945007324,-0.07045438140630722,0.9993281364440918,-0.10797112435102463,-0.49484890699386597,0.011892286129295826,0.9996124505996704,0.17468199133872986,-0.2124326229095459,-0.16948796808719635,0.9619605541229248,-0.2444862723350525,-0.353165864944458,-0.08167488127946854,0.949552059173584,0.09296204149723053,-0.2987986207008362,-0.33081454038619995,0.8545653820037842,-0.28921329975128174,-0.46019208431243896,-0.3254757821559906,0.8627795577049255,0.05678518861532211,-0.3205990791320801,-0.3766026794910431,0.8342618942260742,-0.3021257519721985,-0.48939475417137146,-0.3870987892150879,0.8439847230911255,0.06938967108726501,-0.36210986971855164,-0.3742761015892029,0.8442829251289368,-0.2912087142467499,-0.5263558626174927,-0.3678087294101715,0.8522147536277771,0.08435454964637756,-0.3216732144355774,-0.3363264501094818,0.836655855178833,-0.2793222665786743,-0.47424083948135376,-0.3385638892650604,0.8465312123298645,0.11438307911157608,0.0052538844756782055,-0.006998696830123663,0.4638991951942444,-0.11169499158859253,-0.010574594140052795,0.007837309502065182,0.5103736519813538,0.15127989649772644,-0.057586800307035446,-0.09453690052032471,0.06629173457622528,-0.1344889998435974,-0.020265478640794754,-0.10306127369403839,0.09435036033391953,0.1434735506772995,0.2287103533744812,0.18095040321350098,0.016717256978154182,-0.09723100066184998,0.4094715416431427,0.17937423288822174,0.026449276134371758,0.14359019696712494,0.23838986456394196,0.1971893459558487,0.009481114335358143,-0.08411527425050735,0.4296819865703583,0.20998436212539673,0.014687987975776196,0.1698056310415268,0.2041531801223755,-0.02482295036315918,0.017050297930836678,-0.08854786306619644,0.4404979348182678,-0.003952242899686098,0.02376459538936615,21,0.875,0.6274908781051636,0.6854221224784851,-8.988975963575285e-08,,0.6426824331283569,0.6545963883399963,-0.009719018824398518,,0.6519687175750732,0.6203271746635437,-0.018730979412794113,,0.66501784324646,0.6047264933586121,-0.02643381990492344,,0.6832777857780457,0.6114205718040466,-0.03509778529405594,,0.6308181285858154,0.625887393951416,-0.023481694981455803,,0.6168287992477417,0.6227160692214966,-0.03471982106566429,,0.6021124720573425,0.6275737285614014,-0.04257071018218994,,0.5860989689826965,0.6343686580657959,-0.04725036770105362,,0.6119149923324585,0.6316605806350708,-0.022827671840786934,,0.5965255498886108,0.6279733777046204,-0.032283615320920944,,0.5834496021270752,0.6317650675773621,-0.03927258774638176,,0.5710997581481934,0.6385967135429382,-0.04478428140282631,,0.5970290303230286,0.6370207071304321,-0.021794021129608154,,0.5803201794624329,0.6307588219642639,-0.028698628768324852,,0.5682427883148193,0.6313076019287109,-0.03447919338941574,,0.5568158626556396,0.6334201693534851,-0.0389455109834671,,0.5870482921600342,0.6439789533615112,-0.02127365581691265,,0.573011040687561,0.633655846118927,-0.024963032454252243,,0.5623826384544373,0.634964644908905,-0.02696235664188862,,0.5520052909851074,0.6350834965705872,-0.029169369488954544,,0.4055362641811371,0.5610933303833008,1.4676075466013572e-07,,0.414092093706131,0.5745885372161865,-0.030034750699996948,,0.4115287959575653,0.5700520277023315,-0.04930078610777855,,0.39259976148605347,0.567123532295227,-0.06515338271856308,,0.37074366211891174,0.5674574375152588,-0.08014442771673203,,0.4080709218978882,0.4515403211116791,-0.03836603835225105,,0.3988421857357025,0.38455042243003845,-0.05925877019762993,,0.38401660323143005,0.35961082577705383,-0.07436391711235046,,0.3662213981151581,0.34982138872146606,-0.08398360013961792,,0.3903478980064392,0.43970632553100586,-0.034132443368434906,,0.3858162760734558,0.3673692047595978,-0.0530439056456089,,0.36839473247528076,0.3435187339782715,-0.06458962708711624,,0.3519628643989563,0.333573579788208,-0.07196110486984253,,0.37523648142814636,0.44098958373069763,-0.03261797875165939,,0.37064963579177856,0.37434062361717224,-0.047116830945014954,,0.3573828637599945,0.3501257598400116,-0.05399006977677345,,0.34461474418640137,0.33644604682922363,-0.05814775452017784,,0.3625413775444031,0.45187991857528687,-0.03396746143698692,,0.358749657869339,0.40375226736068726,-0.04416028410196304,,0.35056284070014954,0.3775644600391388,-0.04823588952422142,,0.34325864911079407,0.3579871356487274,-0.05073453485965729,
-0.004218345042318106,-0.6237337589263916,-0.19493678212165833,0.9998477101325989,0.01897222176194191,-0.6603816747665405,-0.18880392611026764,0.9997164607048035,0.01830030232667923,-0.6599804759025574,-0.19064460694789886,0.9997235536575317,0.018545523285865784,-0.6600152254104614,-0.1881294846534729,0.9997046589851379,-0.016013141721487045,-0.6665831208229065,-0.1824060082435608,0.9997177124023438,-0.01404445432126522,-0.6669200658798218,-0.1834448277950287,0.9997220635414124,-0.014778012409806252,-0.665885865688324,-0.17942842841148376,0.9996995329856873,0.11346480995416641,-0.6407906413078308,-0.10861138999462128,0.9997105598449707,-0.03214753791689873,-0.6638650298118591,-0.06009767949581146,0.9996734857559204,0.028692038729786873,-0.5912805199623108,-0.17385675013065338,0.9998675584793091,-0.014012405648827553,-0.5968480706214905,-0.15814360976219177,0.999861478805542,0.20600596070289612,-0.42721208930015564,-0.06880388408899307,0.9993079304695129,-0.10809876769781113,-0.4953377842903137,0.010969925671815872,0.9996221661567688,0.17453821003437042,-0.212711900472641,-0.1693636178970337,0.9655898213386536,-0.24389633536338806,-0.3509036600589752,-0.0845380425453186,0.9543044567108154,0.09127823263406754,-0.3004531264305115,-0.33028310537338257,0.8689852356910706,-0.28427842259407043,-0.4569404423236847,-0.32469475269317627,0.8763570189476013,0.05469861254096031,-0.3230864107608795,-0.37587910890579224,0.8500223755836487,-0.29550111293792725,-0.48622310161590576,-0.38509997725486755,0.858703076839447,0.06717997044324875,-0.36547520756721497,-0.37355726957321167,0.8590448498725891,-0.2852986752986908,-0.523517370223999,-0.3677578270435333,0.8660861849784851,0.08251392096281052,-0.3241252601146698,-0.33570605516433716,0.8521034717559814,-0.2743743658065796,-0.4714541733264923,-0.33784034848213196,0.8609914183616638,0.11423148214817047,0.0054350243881344795,-0.0072891488671302795,0.4840685725212097,-0.1116776391863823,-0.010694910772144794,0.00801326148211956,0.5314537286758423,0.15098267793655396,-0.039209213107824326,-0.0892496258020401,0.06282233446836472,-0.1327293962240219,0.0117103336378932,-0.09447398036718369,0.08941586315631866,0.14370813965797424,0.24454542994499207,0.18146024644374847,0.015986040234565735,-0.09586594998836517,0.42496535181999207,0.17914550006389618,0.025121096521615982,0.14399731159210205,0.25535959005355835,0.19760790467262268,0.0090852165594697,-0.08278115093708038,0.44710999727249146,0.2091832458972931,0.014077909290790558,0.16987092792987823,0.23479971289634705,-0.017751416191458702,0.016293266788125038,-0.08716477453708649,0.464926540851593,-0.0026183787267655134,0.02259451150894165,22,0.917,0.6271276473999023,0.6814770102500916,-7.401136770113226e-08,,0.6428555846214294,0.653022825717926,-0.01183612272143364,,0.6518120169639587,0.6202750205993652,-0.022121356800198555,,0.6641295552253723,0.605879008769989,-0.030780881643295288,,0.6822631359100342,0.6123650074005127,-0.040192220360040665,,0.6317063570022583,0.6276956796646118,-0.026245469227433205,,0.6193392276763916,0.621707558631897,-0.03894595056772232,,0.6064088940620422,0.6276944875717163,-0.04705258458852768,,0.5925527811050415,0.6365379691123962,-0.051627397537231445,,0.6125019192695618,0.6340840458869934,-0.024802500382065773,,0.5969147682189941,0.6285942792892456,-0.03611921891570091,,0.585084080696106,0.6345102787017822,-0.04337160289287567,,0.574341893196106,0.6432904005050659,-0.04866621643304825,,0.5973020792007446,0.6384537220001221,-0.02324521914124489,,0.5803031921386719,0.6309247016906738,-0.031712595373392105,,0.5687501430511475,0.6320664882659912,-0.03796660527586937,,0.5583227276802063,0.6352904438972473,-0.04249648377299309,,0.5873291492462158,0.643083930015564,-0.022308683022856712,,0.5733445882797241,0.6327608823776245,-0.026503629982471466,,0.5629131197929382,0.6347196102142334,-0.02901127003133297,,0.5528969168663025,0.6358216404914856,-0.031698375940322876,,0.4116469919681549,0.5723275542259216,2.184873864052861e-07,,0.4229321777820587,0.5760833024978638,-0.03295554965734482,,0.42408379912376404,0.569361686706543,-0.055045824497938156,,0.3971916437149048,0.5694442391395569,-0.07317378371953964,,0.3714214265346527,0.5682904124259949,-0.09045129269361496,,0.417227178812027,0.4502200782299042,-0.03955138847231865,,0.40558895468711853,0.3865983486175537,-0.06175907328724861,,0.39042767882347107,0.35481297969818115,-0.07919511944055557,,0.3725990951061249,0.34280550479888916,-0.08988124877214432,,0.3972220718860626,0.4370306134223938,-0.033264726400375366,,0.38948944211006165,0.3722228705883026,-0.054068613797426224,,0.3741356134414673,0.3429803252220154,-0.07005341351032257,,0.3567711412906647,0.3346790671348572,-0.07987163215875626,,0.38159120082855225,0.43870025873184204,-0.029478805139660835,,0.37359392642974854,0.3795098662376404,-0.0440094880759716,,0.36209869384765625,0.34984567761421204,-0.054269712418317795,,0.3493187427520752,0.3385216295719147,-0.0604156032204628,,0.36771154403686523,0.4506916105747223,-0.028505617752671242,,0.3619779348373413,0.40396010875701904,-0.037998855113983154,,0.3546968102455139,0.37503114342689514,-0.043260153383016586,,0.34795719385147095,0.3555498421192169,-0.04649865999817848,
-0.00500072306022048,-0.6275224089622498,-0.1943437159061432,0.999852180480957,0.018673958256840706,-0.66376793384552,-0.18821300566196442,0.9997225999832153,0.01800377666950226,-0.6633763313293457,-0.1900690644979477,0.9997279047966003,0.018240012228488922,-0.6634107232093811,-0.18756820261478424,0.9997114539146423,-0.01618810184299946,-0.6700352430343628,-0.18176674842834473,0.9997222423553467,-0.014219057746231556,-0.6703705191612244,-0.18277868628501892,0.9997244477272034,-0.014946958050131798,-0.6693455576896667,-0.17876282334327698,0.9997038245201111,0.11323534697294235,-0.6428905129432678,-0.10830758512020111,0.9997166395187378,-0.031924519687891006,-0.6661438345909119,-0.059832409024238586,0.9996758699417114,0.027647588402032852,-0.5946604609489441,-0.17339996993541718,0.999866247177124,-0.014664038084447384,-0.6002440452575684,-0.157647043466568,0.9998590350151062,0.20590732991695404,-0.4295804798603058,-0.06905519962310791,0.999295175075531,-0.10747125744819641,-0.4975726008415222,0.010062498040497303,0.9996262788772583,0.17614643275737762,-0.21829554438591003,-0.1702922135591507,0.9688469767570496,-0.24351586401462555,-0.3562793433666229,-0.08683781325817108,0.9585093259811401,0.09092319756746292,-0.303477019071579,-0.33160829544067383,0.8819461464881897,-0.27986693382263184,-0.4640122354030609,-0.32438287138938904,0.8885551691055298,0.05398142337799072,-0.32544055581092834,-0.3777368664741516,0.8641711473464966,-0.2897649109363556,-0.49391594529151917,-0.38312774896621704,0.8718965649604797,0.06615260988473892,-0.3674358129501343,-0.3754030764102936,0.8722910284996033,-0.27883008122444153,-0.5306539535522461,-0.3680766224861145,0.8785181641578674,0.08198947459459305,-0.32684630155563354,-0.33718574047088623,0.8659467697143555,-0.2696692645549774,-0.47843748331069946,-0.33651620149612427,0.873935878276825,0.11396337300539017,0.005776932928711176,-0.008213409222662449,0.5049299001693726,-0.11151464283466339,-0.011018525809049606,0.008863525465130806,0.5520513653755188,0.14876361191272736,-0.033136047422885895,-0.08537760376930237,0.061188358813524246,-0.1326100081205368,0.010103105567395687,-0.09029754251241684,0.08574625104665756,0.14117059111595154,0.2501927614212036,0.1819842904806137,0.01577707938849926,-0.09683120250701904,0.42445123195648193,0.18118862807750702,0.02415350452065468,0.1411987692117691,0.2616305351257324,0.19822724163532257,0.008925819769501686,-0.08432032912969589,0.44607439637184143,0.2107446789741516,0.013737359084188938,0.16477876901626587,0.23784612119197845,-0.017549466341733932,0.016046397387981415,-0.09106547385454178,0.4622248709201813,0.0033194413408637047,0.021815653890371323,23,0.959,0.6246552467346191,0.6876910924911499,-5.4132694771169554e-08,,0.6416006088256836,0.6554862856864929,-0.013326877728104591,,0.6507344245910645,0.6217549443244934,-0.024251775816082954,,0.663709819316864,0.6066405773162842,-0.03353548049926758,,0.6791906356811523,0.6133407354354858,-0.04337991029024124,,0.6305477023124695,0.6339347958564758,-0.027517257258296013,,0.6157494187355042,0.6271800398826599,-0.04162029176950455,,0.6006742119789124,0.6333737969398499,-0.05144986882805824,,0.5834734439849854,0.6435871720314026,-0.05702197924256325,,0.6106799244880676,0.6438167095184326,-0.025190601125359535,,0.5947915315628052,0.6366538405418396,-0.0366489477455616,,0.5819701552391052,0.6402071714401245,-0.043933313339948654,,0.5694090127944946,0.6475030183792114,-0.04920901358127594,,0.5944262146949768,0.649637758731842,-0.02283170446753502,,0.5788933038711548,0.642036497592926,-0.03095144033432007,,0.5670225620269775,0.6415281891822815,-0.03605988249182701,,0.5555816888809204,0.6444196701049805,-0.03951377421617508,,0.5830833315849304,0.6537513732910156,-0.02144240401685238,,0.5705159306526184,0.6416557431221008,-0.024842478334903717,,0.560967743396759,0.6421473026275635,-0.025935616344213486,,0.5516440272331238,0.6453615427017212,-0.02730383723974228,,0.4120458960533142,0.5487156510353088,1.9576647503072309e-07,,0.4211641252040863,0.5647188425064087,-0.03264860436320305,,0.420217365026474,0.5622067451477051,-0.053629886358976364,,0.401960551738739,0.5572094321250916,-0.07030899822711945,,0.38007235527038574,0.5554628372192383,-0.08613764494657516,,0.4180911183357239,0.44614776968955994,-0.04368881508708,,0.408715158700943,0.3818354606628418,-0.06439376622438431,,0.3948112428188324,0.35376349091529846,-0.0787571370601654,,0.3790205121040344,0.3398352861404419,-0.08788896352052689,,0.3997499942779541,0.43351802229881287,-0.037626489996910095,,0.3952794373035431,0.3664262890815735,-0.05654318630695343,,0.3798291087150574,0.3411726951599121,-0.06783326715230942,,0.3654998242855072,0.32875949144363403,-0.07491424679756165,,0.38377878069877625,0.43422943353652954,-0.03412371501326561,,0.3782373368740082,0.3726885914802551,-0.04844643175601959,,0.3662053942680359,0.3452490270137787,-0.0560641810297966,,0.3548467457294464,0.32682371139526367,-0.06092166528105736,,0.369730681180954,0.4440496563911438,-0.033483266830444336,,0.36572784185409546,0.39808884263038635,-0.04413468763232231,,0.3587280511856079,0.3707703649997711,-0.04920126497745514,,0.3522258400917053,0.3480280041694641,-0.05242115631699562,
-0.006178193725645542,-0.6282222867012024,-0.1898076981306076,0.9998554587364197,0.01783367432653904,-0.6645508408546448,-0.18383030593395233,0.9997278451919556,0.01717153936624527,-0.664162278175354,-0.18564635515213013,0.9997316002845764,0.017392095178365707,-0.6642005443572998,-0.1831577718257904,0.9997175335884094,-0.016765279695391655,-0.6707047820091248,-0.1773042380809784,0.999725341796875,-0.014791001565754414,-0.6710337996482849,-0.17835599184036255,0.9997252225875854,-0.015533669851720333,-0.6700115203857422,-0.17433534562587738,0.9997062683105469,0.11305884271860123,-0.64396071434021,-0.10475418716669083,0.9997227191925049,-0.031982481479644775,-0.6667183637619019,-0.05554281175136566,0.9996779561042786,0.02652404084801674,-0.5954718589782715,-0.16906681656837463,0.9998648762702942,-0.015519935637712479,-0.6008860468864441,-0.1531384140253067,0.9998564720153809,0.2058236002922058,-0.43165314197540283,-0.0674615204334259,0.9992896318435669,-0.10717744380235672,-0.4978988468647003,0.013206995092332363,0.9996311664581299,0.1764335185289383,-0.2209426462650299,-0.17042972147464752,0.9717901945114136,-0.24333859980106354,-0.3573157489299774,-0.08518257737159729,0.9623201489448547,0.09033463895320892,-0.30530309677124023,-0.33123329281806946,0.8936212062835693,-0.2757309079170227,-0.46647772192955017,-0.31991705298423767,0.8995370268821716,0.05331341549754143,-0.3271452486515045,-0.37746503949165344,0.876908004283905,-0.284602552652359,-0.4968366026878357,-0.3785129189491272,0.8837376832962036,0.06519283354282379,-0.3689231276512146,-0.3749444782733917,0.884217381477356,-0.2738417685031891,-0.5343925356864929,-0.36579397320747375,0.889672577381134,0.08132664859294891,-0.3285805284976959,-0.33681145310401917,0.8784317374229431,-0.2654438018798828,-0.4814642071723938,-0.3311072587966919,0.8855722546577454,0.1138143241405487,0.005937138572335243,-0.009153013117611408,0.5240851640701294,-0.11145607382059097,-0.011156306602060795,0.009697547182440758,0.570611834526062,0.14839476346969604,-0.03192977234721184,-0.08167281746864319,0.05821288377046585,-0.1324823945760727,0.011995122767984867,-0.08495644479990005,0.08120594173669815,0.1411547064781189,0.25016361474990845,0.1822245717048645,0.015149462968111038,-0.09693894535303116,0.42439451813697815,0.18551628291606903,0.02291058376431465,0.14122287929058075,0.26159170269966125,0.1986417919397354,0.008577625267207623,-0.08461989462375641,0.44595852494239807,0.21458150446414948,0.013230840675532818,0.16432534158229828,0.23767805099487305,-0.012273069471120834,0.015390392392873764,-0.09301166236400604,0.46286582946777344,0.010959341190755367,0.02075958624482155,24,1.001,0.6213412880897522,0.6927194595336914,-4.172073886365979e-08,,0.6372535228729248,0.6608513593673706,-0.012819943949580193,,0.6463392376899719,0.6273413300514221,-0.02352992817759514,,0.6599962711334229,0.6114956736564636,-0.032820988446474075,,0.6770537495613098,0.616493284702301,-0.04259048402309418,,0.6269765496253967,0.6395149827003479,-0.02558736875653267,,0.6119926571846008,0.6315088272094727,-0.03892681747674942,,0.5969724655151367,0.6371588110923767,-0.04832269251346588,,0.5802972316741943,0.6476141810417175,-0.053727395832538605,,0.607164740562439,0.648212194442749,-0.023555893450975418,,0.59256511926651,0.6399800777435303,-0.03411486744880676,,0.5805632472038269,0.6425361633300781,-0.04084659367799759,,0.5686274766921997,0.6491860747337341,-0.0459439791738987,,0.5905749201774597,0.6535168290138245,-0.021580196917057037,,0.5755475759506226,0.6450227499008179,-0.02888430282473564,,0.5646724700927734,0.6447895169258118,-0.033202093094587326,,0.5540827512741089,0.6480605602264404,-0.03632827475667,,0.5783237218856812,0.6574821472167969,-0.020646944642066956,,0.5661926865577698,0.6442903876304626,-0.023657213896512985,,0.5576030611991882,0.6446998119354248,-0.02427682839334011,,0.5489054322242737,0.6483021378517151,-0.025365041568875313,,0.41742464900016785,0.5644048452377319,2.0351835416931863e-07,,0.43131089210510254,0.5675324201583862,-0.03295154497027397,,0.43479183316230774,0.558610737323761,-0.05433424934744835,,0.4095386862754822,0.5573065876960754,-0.07156895101070404,,0.384691447019577,0.5559643507003784,-0.08810173720121384,,0.4258326292037964,0.4440416097640991,-0.03960072994232178,,0.4140349328517914,0.3819468915462494,-0.06148378178477287,,0.39884427189826965,0.3517651855945587,-0.07881754636764526,,0.38021591305732727,0.339896559715271,-0.08936800807714462,,0.4054146111011505,0.431908518075943,-0.0330713614821434,,0.3975394070148468,0.36799490451812744,-0.05350753664970398,,0.38218244910240173,0.3394266664981842,-0.06982044875621796,,0.36408355832099915,0.3314119875431061,-0.07981714606285095,,0.3892027735710144,0.43350085616111755,-0.028957949951291084,,0.38180360198020935,0.37465664744377136,-0.04336078464984894,,0.37067532539367676,0.34566015005111694,-0.05428481474518776,,0.35733240842819214,0.3350517749786377,-0.06077178567647934,,0.3747822940349579,0.4448602795600891,-0.027577495202422142,,0.3693392872810364,0.39863675832748413,-0.03707405924797058,,0.3630766272544861,0.37087979912757874,-0.042616985738277435,,0.3565313518047333,0.35323330760002136,-0.045998718589544296,
-0.0107124550268054,-0.6233597993850708,-0.19755034148693085,0.9998608827590942,0.012897997163236141,-0.6603726148605347,-0.19276277720928192,0.9997352957725525,0.012233412824571133,-0.6599846482276917,-0.19452998042106628,0.9997374415397644,0.0124679459258914,-0.6600040793418884,-0.19201064109802246,0.9997246265411377,-0.021721791476011276,-0.6664428114891052,-0.18575802445411682,0.9997337460517883,-0.01974492147564888,-0.666757345199585,-0.18685325980186462,0.9997329115867615,-0.020494041964411736,-0.6657351851463318,-0.1828465759754181,0.9997159838676453,0.10999184101819992,-0.642522394657135,-0.11460181325674057,0.9997298717498779,-0.03429935500025749,-0.6652041077613831,-0.06415565311908722,0.9996889233589172,0.022451015189290047,-0.5918247103691101,-0.1770205944776535,0.999867856502533,-0.019711825996637344,-0.5971004962921143,-0.16065025329589844,0.9998602867126465,0.20546716451644897,-0.43088769912719727,-0.07341399788856506,0.9992981553077698,-0.10862257331609726,-0.4974679946899414,0.008917336352169514,0.9996495246887207,0.17575997114181519,-0.21890613436698914,-0.17407310009002686,0.9744407534599304,-0.24301467835903168,-0.3526245951652527,-0.09150233119726181,0.9658167958259583,0.08653568476438522,-0.3043125867843628,-0.33156490325927734,0.9041259288787842,-0.27243366837501526,-0.46372637152671814,-0.33016249537467957,0.9094533920288086,0.047692716121673584,-0.325761616230011,-0.37758979201316833,0.8883388638496399,-0.2800346910953522,-0.4958852231502533,-0.3877043128013611,0.894554615020752,0.05987459793686867,-0.36770838499069214,-0.3750799000263214,0.8949158191680908,-0.26894837617874146,-0.532833456993103,-0.3773859143257141,0.8998605608940125,0.07735688984394073,-0.3273237943649292,-0.3370848298072815,0.8896057605743408,-0.26191088557243347,-0.4799732565879822,-0.33916038274765015,0.8961419463157654,0.11384674906730652,0.006029969081282616,-0.009210626594722271,0.5331265926361084,-0.11156894266605377,-0.011282197199761868,0.009745900519192219,0.5815770626068115,0.14670422673225403,-0.03287931904196739,-0.07962894439697266,0.05647781863808632,-0.1337224692106247,0.010576354339718819,-0.08584500849246979,0.0783347561955452,0.13819465041160583,0.24986112117767334,0.18261553347110748,0.01486868504434824,-0.10199937969446182,0.4240386486053467,0.185638427734375,0.0220930315554142,0.1383441686630249,0.26120805740356445,0.1990598738193512,0.00838452484458685,-0.08978945761919022,0.4455001652240753,0.21461643278598785,0.012859935872256756,0.16167421638965607,0.23644444346427917,-0.012350564822554588,0.015052864328026772,-0.09780962765216827,0.46131959557533264,0.010532921180129051,0.020045163109898567,25,1.042,0.6166880130767822,0.7020770907402039,-3.477492072079258e-08,,0.6327210664749146,0.6667540669441223,-0.011703806929290295,,0.6409509181976318,0.6317034959793091,-0.021084172651171684,,0.6540675759315491,0.6139691472053528,-0.029172390699386597,,0.6710461974143982,0.6190671324729919,-0.03786690905690193,,0.6187878847122192,0.6451720595359802,-0.021779341623187065,,0.6049667596817017,0.6384140253067017,-0.03342951834201813,,0.5908189415931702,0.6432807445526123,-0.04228450730443001,,0.5748717188835144,0.6511104106903076,-0.0476255863904953,,0.599479615688324,0.6575524210929871,-0.019985591992735863,,0.5821782350540161,0.6490334868431091,-0.028415922075510025,,0.5680038332939148,0.6489304900169373,-0.03470966964960098,,0.5546548962593079,0.6522142887115479,-0.03986324369907379,,0.5845980048179626,0.6650257706642151,-0.018274052068591118,,0.5683948397636414,0.657005786895752,-0.02418016456067562,,0.5576513409614563,0.6557608842849731,-0.028191257268190384,,0.5474528074264526,0.6564082503318787,-0.031234808266162872,,0.5746034383773804,0.6706860661506653,-0.017572497949004173,,0.5622043013572693,0.6587481498718262,-0.019418859854340553,,0.5539947152137756,0.658979058265686,-0.01938723400235176,,0.5462242960929871,0.6616013646125793,-0.02009967342019081,,0.42111095786094666,0.5656270384788513,1.4750060017831856e-07,,0.4394439458847046,0.5699297189712524,-0.03169006109237671,,0.4490523338317871,0.5597800612449646,-0.053228676319122314,,0.42885103821754456,0.5554300546646118,-0.07146760076284409,,0.40453529357910156,0.5537879467010498,-0.089645616710186,,0.4348284900188446,0.4520113468170166,-0.03942469507455826,,0.4233000874519348,0.39420610666275024,-0.06218395009636879,,0.4084269404411316,0.3655157685279846,-0.07988291233778,,0.39214351773262024,0.35164034366607666,-0.09071322530508041,,0.4126601219177246,0.439727783203125,-0.034477442502975464,,0.4054293632507324,0.37710967659950256,-0.05712100863456726,,0.3913803696632385,0.3562178909778595,-0.07428042590618134,,0.37604302167892456,0.35535308718681335,-0.08400185406208038,,0.3946702480316162,0.439388245344162,-0.031870655715465546,,0.38744866847991943,0.382006973028183,-0.047588810324668884,,0.37670662999153137,0.35685187578201294,-0.05891386419534683,,0.36560168862342834,0.3484113812446594,-0.06513933092355728,,0.37931719422340393,0.44869858026504517,-0.03191615641117096,,0.37275296449661255,0.4007216691970825,-0.041748471558094025,,0.36473995447158813,0.36771005392074585,-0.047827668488025665,,0.3575180768966675,0.3437100052833557,-0.05162300914525986,
-0.014723088592290878,-0.6176737546920776,-0.22162985801696777,0.999862790107727,0.008283805102109909,-0.6549547910690308,-0.2173706591129303,0.9997369647026062,0.007605382706969976,-0.6545735001564026,-0.21927322447299957,0.9997373223304749,0.00789351761341095,-0.6545717716217041,-0.21675613522529602,0.9997255206108093,-0.026729712262749672,-0.6610085368156433,-0.21038798987865448,0.999737024307251,-0.024770088493824005,-0.6613432765007019,-0.21131303906440735,0.9997356534004211,-0.02550790086388588,-0.6603154540061951,-0.20728808641433716,0.999720573425293,0.10654091835021973,-0.6389709711074829,-0.13673797249794006,0.9997326135635376,-0.03875895217061043,-0.6615442037582397,-0.08738578855991364,0.9996939897537231,0.01854967698454857,-0.5869126319885254,-0.2001471072435379,0.9998698830604553,-0.024131912738084793,-0.5921508073806763,-0.18403299152851105,0.9998632073402405,0.20471566915512085,-0.4272310137748718,-0.08930741995573044,0.9993056654930115,-0.113116554915905,-0.4953268766403198,-0.009749487973749638,0.9996650218963623,0.17508123815059662,-0.21271289885044098,-0.18245042860507965,0.9767670035362244,-0.2428925782442093,-0.3352486193180084,-0.10573643445968628,0.968847393989563,0.07717563956975937,-0.3034839928150177,-0.33890846371650696,0.9135246276855469,-0.2692946195602417,-0.4508894979953766,-0.34387946128845215,0.918333113193512,0.033946797251701355,-0.3250013291835785,-0.3838788866996765,0.8984193205833435,-0.27495086193084717,-0.4849446415901184,-0.39964559674263,0.9041566252708435,0.04494469612836838,-0.3667541742324829,-0.38133561611175537,0.9043357968330383,-0.266334593296051,-0.5243040323257446,-0.3902181386947632,0.9088877439498901,0.0664442628622055,-0.32676956057548523,-0.3439551889896393,0.8994129300117493,-0.25903528928756714,-0.46795085072517395,-0.3511486351490021,0.9054592251777649,0.11407680809497833,0.006154533009976149,-0.009204956702888012,0.537909209728241,-0.11180879175662994,-0.011425431817770004,0.009750287048518658,0.5891510844230652,0.14764100313186646,-0.033125005662441254,-0.07947459071874619,0.05666903406381607,-0.13287749886512756,0.00942215695977211,-0.08663499355316162,0.07810857146978378,0.13958854973316193,0.2488362044095993,0.1901787966489792,0.014869283884763718,-0.10109324008226395,0.42372965812683105,0.18607071042060852,0.02195645309984684,0.13987568020820618,0.2604294419288635,0.20766183733940125,0.008395309560000896,-0.08861369639635086,0.44490522146224976,0.2152482271194458,0.012816202826797962,0.16340194642543793,0.23482699692249298,-0.005371793173253536,0.014952482655644417,-0.09470988810062408,0.46095702052116394,0.010393261909484863,0.019815078005194664,26,1.084,0.6160334944725037,0.7203494906425476,-5.373887290716084e-08,,0.6265426874160767,0.6790948510169983,-0.008718578144907951,,0.6304696798324585,0.6377139687538147,-0.016562215983867645,,0.639193594455719,0.6129762530326843,-0.023442359641194344,,0.654930591583252,0.6083410978317261,-0.03125165402889252,,0.6100003719329834,0.6641457676887512,-0.019870156422257423,,0.5882118344306946,0.6556424498558044,-0.029704337939620018,,0.5723509192466736,0.6537389755249023,-0.03739583492279053,,0.5563399791717529,0.651500403881073,-0.04265904054045677,,0.5950833559036255,0.68375563621521,-0.01996021531522274,,0.5716937184333801,0.6736759543418884,-0.027695171535015106,,0.5559139847755432,0.6651121973991394,-0.034149955958127975,,0.5423741936683655,0.6589804887771606,-0.04011840373277664,,0.5845466256141663,0.6966582536697388,-0.019851183518767357,,0.5627103447914124,0.6826047897338867,-0.025999780744314194,,0.550412654876709,0.6745120882987976,-0.030125299468636513,,0.539077877998352,0.6687501072883606,-0.03367241099476814,,0.5782667398452759,0.7041510939598083,-0.020371001213788986,,0.5613731145858765,0.6879859566688538,-0.023493288084864616,,0.5508783459663391,0.6805484890937805,-0.024089349433779716,,0.5411149263381958,0.6743810772895813,-0.025354765355587006,,0.43090584874153137,0.5763350129127502,5.445376771717747e-08,,0.4501807987689972,0.5746974349021912,-0.028140908107161522,,0.46064963936805725,0.5644371509552002,-0.04908294230699539,,0.4487847089767456,0.5619821548461914,-0.06755045056343079,,0.43342918157577515,0.5674959421157837,-0.08491456508636475,,0.45035237073898315,0.46135208010673523,-0.036701034754514694,,0.43210113048553467,0.4003691077232361,-0.058666031807661057,,0.425774484872818,0.3971075117588043,-0.07333266735076904,,0.4206499755382538,0.40551066398620605,-0.08087426424026489,,0.42873844504356384,0.45459306240081787,-0.032294534146785736,,0.41250213980674744,0.3869822323322296,-0.055027179419994354,,0.41040685772895813,0.3961777687072754,-0.06744610518217087,,0.4082842469215393,0.4181477129459381,-0.07216846942901611,,0.4092280864715576,0.4559144675731659,-0.03021606244146824,,0.39391574263572693,0.3959774672985077,-0.04591310769319534,,0.39414918422698975,0.40341660380363464,-0.05160590633749962,,0.39515846967697144,0.4194905161857605,-0.05227013677358627,,0.3918996751308441,0.46305668354034424,-0.0307404026389122,,0.3809458911418915,0.4153823256492615,-0.03942154720425606,,0.37399375438690186,0.3874862790107727,-0.043727826327085495,,0.3685624599456787,0.36471566557884216,-0.04576106369495392,
-0.014633960090577602,-0.6165421009063721,-0.2386307567358017,0.999869167804718,0.007603106554597616,-0.6544108390808105,-0.23075541853904724,0.9997484683990479,0.006938094738870859,-0.6540229320526123,-0.23283572494983673,0.9997481107711792,0.007266339845955372,-0.6540190577507019,-0.2303747832775116,0.999737024307251,-0.027914904057979584,-0.6597012281417847,-0.22765269875526428,0.9997509121894836,-0.025926833972334862,-0.6600561141967773,-0.22834685444831848,0.9997499585151672,-0.026645205914974213,-0.6590433120727539,-0.22430026531219482,0.999736487865448,0.1008622869849205,-0.6385028958320618,-0.14191141724586487,0.999748170375824,-0.048947256058454514,-0.6560572981834412,-0.10877510905265808,0.9997159242630005,0.018416069447994232,-0.585688591003418,-0.21492816507816315,0.9998782873153687,-0.024723485112190247,-0.5894699692726135,-0.20395150780677795,0.9998731017112732,0.20139573514461517,-0.42551150918006897,-0.0938979759812355,0.9993332624435425,-0.12745481729507446,-0.4751644730567932,-0.03074434958398342,0.9996832609176636,0.1789361834526062,-0.20987848937511444,-0.18180067837238312,0.9785511493682861,-0.252071738243103,-0.2988361418247223,-0.1314215511083603,0.9714104533195496,0.030792269855737686,-0.282366007566452,-0.33113133907318115,0.9212938547134399,-0.23096640408039093,-0.3896360993385315,-0.34576693177223206,0.9258319735527039,-0.03343351557850838,-0.29880446195602417,-0.3718811571598053,0.9045271873474121,-0.21397648751735687,-0.416181743144989,-0.3975805342197418,0.9105498790740967,-0.03448334336280823,-0.3432580232620239,-0.36459097266197205,0.9098175764083862,-0.20807187259197235,-0.45629724860191345,-0.3877284526824951,0.9146503806114197,0.011142810806632042,-0.30536001920700073,-0.33397263288497925,0.9046463966369629,-0.21781867742538452,-0.40425607562065125,-0.35029417276382446,0.9109756946563721,0.11432372778654099,0.005109058693051338,-0.007780832704156637,0.5228052735328674,-0.11212263256311417,-0.011118370108306408,0.008678814396262169,0.5734433531761169,0.14788705110549927,-0.04491997882723808,-0.05662265047430992,0.0628066137433052,-0.12683634459972382,0.008103596977889538,-0.08404063433408737,0.08414248377084732,0.14290504157543182,0.22288304567337036,0.22945697605609894,0.015687601640820503,-0.09851982444524765,0.3996735215187073,0.2038508504629135,0.023087093606591225,0.14367152750492096,0.23408381640911102,0.24978184700012207,0.008650964125990868,-0.08613435924053192,0.4164610207080841,0.23511891067028046,0.013098539784550667,0.18250328302383423,0.20098434388637543,0.025821156799793243,0.0158698707818985,-0.09282484650611877,0.4403693675994873,0.024744072929024696,0.020862607285380363,27,1.126,0.6110268235206604,0.7819279432296753,1.53704249328257e-07,,0.6108847856521606,0.7273407578468323,-0.004684387240558863,,0.5964316129684448,0.6749880909919739,-0.012985235080122948,,0.5899858474731445,0.6416493654251099,-0.02013564109802246,,0.5960575342178345,0.619006335735321,-0.02760963886976242,,0.584166407585144,0.6903818845748901,-0.028986547142267227,,0.5369763374328613,0.6546194553375244,-0.039458371698856354,,0.5137152075767517,0.6268796920776367,-0.04262523725628853,,0.49952009320259094,0.6102277636528015,-0.04330166429281235,,0.5756974816322327,0.7264984846115112,-0.030190935358405113,,0.5279260277748108,0.6892142295837402,-0.041895583271980286,,0.5228976011276245,0.66492760181427,-0.04225124418735504,,0.5292268991470337,0.6546041369438171,-0.04072742909193039,,0.5659584403038025,0.7566018104553223,-0.029939178377389908,,0.5229290127754211,0.7155875563621521,-0.037503890693187714,,0.5185747146606445,0.6918915510177612,-0.033278580754995346,,0.524159848690033,0.682976245880127,-0.028454678133130074,,0.5556877255439758,0.7790508270263672,-0.029606182128190994,,0.5224192142486572,0.7357082962989807,-0.03282400220632553,,0.5198675394058228,0.7132619023323059,-0.028054675087332726,,0.5236890316009521,0.7056145668029785,-0.02337651140987873,,0.4613000750541687,0.6011675596237183,-1.6471997810185712e-07,,0.479846328496933,0.6054013967514038,-0.012613232247531414,,0.49771493673324585,0.600945234298706,-0.026069840416312218,,0.5096580386161804,0.6189603805541992,-0.03970326483249664,,0.5192090272903442,0.6429387331008911,-0.05296268314123154,,0.4916462004184723,0.5232405066490173,-0.018925435841083527,,0.49598583579063416,0.5667742490768433,-0.03875069320201874,,0.5026162266731262,0.6138285994529724,-0.05282793939113617,,0.511287271976471,0.6431600451469421,-0.05994225665926933,,0.4695533514022827,0.5162246823310852,-0.02120450884103775,,0.4697486162185669,0.532028079032898,-0.03694917634129524,,0.4733440577983856,0.5747902989387512,-0.04199998453259468,,0.47787293791770935,0.6033897995948792,-0.04321959242224693,,0.44789186120033264,0.5227556824684143,-0.025189729407429695,,0.4439609944820404,0.5246990919113159,-0.03783384710550308,,0.44816604256629944,0.5608463883399963,-0.03563132509589195,,0.45380961894989014,0.5830130577087402,-0.031171999871730804,,0.4297187626361847,0.5377992391586304,-0.03049367293715477,,0.42397812008857727,0.533917248249054,-0.03605220839381218,,0.4271131455898285,0.5548169016838074,-0.03114418126642704,,0.43190857768058777,0.5702388882637024,-0.025774484500288963,
-0.01887737214565277,-0.6162115931510925,-0.23746420443058014,0.9998745322227478,-0.0009770167525857687,-0.6545012593269348,-0.2285551130771637,0.9997575879096985,-0.0015778237720951438,-0.6541136503219604,-0.23060527443885803,0.9997565746307373,-0.0012067263014614582,-0.6541116833686829,-0.2281641662120819,0.9997466802597046,-0.03756846860051155,-0.6593380570411682,-0.22602635622024536,0.9997629523277283,-0.03549971058964729,-0.6597041487693787,-0.22673694789409637,0.9997625946998596,-0.03620604798197746,-0.658700168132782,-0.22269855439662933,0.9997507929801941,0.0892174243927002,-0.6386927366256714,-0.1404355764389038,0.9997614622116089,-0.06375395506620407,-0.6528753042221069,-0.10722790658473969,0.9997363686561584,0.013906711712479591,-0.5853094458580017,-0.21330352127552032,0.9998859167098999,-0.03046809881925583,-0.5878536105155945,-0.20321466028690338,0.9998824000358582,0.19329674541950226,-0.42555245757102966,-0.0930059477686882,0.9993621110916138,-0.13797353208065033,-0.4605098068714142,-0.030758168548345566,0.999702513217926,0.17873355746269226,-0.20893177390098572,-0.17716433107852936,0.9802852869033813,-0.26402220129966736,-0.2825077474117279,-0.13350224494934082,0.9738779067993164,0.000793514889664948,-0.2685374617576599,-0.31283047795295715,0.9283784627914429,-0.20047657191753387,-0.35267794132232666,-0.3382696211338043,0.9324725270271301,-0.0680132731795311,-0.28230318427085876,-0.3525714576244354,0.9100197553634644,-0.17061257362365723,-0.37202292680740356,-0.3840000629425049,0.9151560664176941,-0.07369871437549591,-0.3261162042617798,-0.3420761823654175,0.9146718978881836,-0.16196104884147644,-0.41305363178253174,-0.36542364954948425,0.918557345867157,-0.021179065108299255,-0.2906268239021301,-0.31405770778656006,0.9092745780944824,-0.18376311659812927,-0.36652234196662903,-0.3379819095134735,0.9146050214767456,0.11410871148109436,0.0027716434560716152,-0.006363287102431059,0.509727418422699,-0.1120527982711792,-0.009488159790635109,0.007392357103526592,0.5598201751708984,0.1495506465435028,-0.04476263374090195,-0.047528985887765884,0.06550832837820053,-0.11569756269454956,0.02005132846534252,-0.08228350430727005,0.0880051702260971,0.14952528476715088,0.22215746343135834,0.23288363218307495,0.015858788043260574,-0.08947143703699112,0.3968107998371124,0.20342056453227997,0.023605259135365486,0.15145596861839294,0.23372767865657806,0.25265753269195557,0.00866960920393467,-0.0775197446346283,0.4140114486217499,0.23397204279899597,0.013150440528988838,0.20087109506130219,0.20340092480182648,0.039740025997161865,0.016183506697416306,-0.08353839069604874,0.4396997392177582,0.027070751413702965,0.021368185058236122,28,1.167,0.6133006811141968,0.8300259113311768,2.226061326382478e-07,,0.61042720079422,0.7686855792999268,-0.0072508929297327995,,0.592391848564148,0.708237886428833,-0.014711608178913593,,0.5688702464103699,0.6792060136795044,-0.019203899428248405,,0.5475353598594666,0.6769232749938965,-0.024278059601783752,,0.583395779132843,0.7404321432113647,-0.034424204379320145,,0.5441714525222778,0.7043799757957458,-0.0466267466545105,,0.5281010866165161,0.6746430993080139,-0.05058160796761513,,0.5208014845848083,0.6515172719955444,-0.05071460083127022,,0.5750061273574829,0.7801297903060913,-0.03397092595696449,,0.5288635492324829,0.7400453090667725,-0.04429249092936516,,0.5121130347251892,0.7073298096656799,-0.04428479075431824,,0.5063378214836121,0.6840965747833252,-0.043181076645851135,,0.5661706924438477,0.8113516569137573,-0.032157059758901596,,0.5226916074752808,0.7764163613319397,-0.03871879354119301,,0.5101770162582397,0.7466818690299988,-0.035205043852329254,,0.5079299807548523,0.7252578735351562,-0.031631603837013245,,0.558246374130249,0.8374283313751221,-0.03036259487271309,,0.5223514437675476,0.804786741733551,-0.03374346345663071,,0.5137659311294556,0.7801162600517273,-0.029756279662251472,,0.5124440789222717,0.7627829313278198,-0.025662027299404144,,0.4662308692932129,0.6378278136253357,-1.965021851901838e-07,,0.4895738363265991,0.6370279788970947,-0.009978055953979492,,0.5107007622718811,0.6393437385559082,-0.023553412407636642,,0.5236614346504211,0.6504459977149963,-0.038484957069158554,,0.5333355665206909,0.6661604642868042,-0.05382457375526428,,0.5066503286361694,0.5494894981384277,-0.02192815952003002,,0.51873779296875,0.6033855676651001,-0.043026700615882874,,0.5253773331642151,0.6562221050262451,-0.05741836875677109,,0.5309261083602905,0.6944423317909241,-0.06452681124210358,,0.48256972432136536,0.5498525500297546,-0.02649134397506714,,0.4960770308971405,0.6189456582069397,-0.046265579760074615,,0.5077641010284424,0.6778035163879395,-0.05316504091024399,,0.5162086486816406,0.7172192931175232,-0.055321283638477325,,0.46013981103897095,0.5651427507400513,-0.03196292743086815,,0.4741596579551697,0.6232404708862305,-0.05179988965392113,,0.4882717430591583,0.6796087026596069,-0.05173410475254059,,0.4975903630256653,0.7182600498199463,-0.047155074775218964,,0.44226858019828796,0.5892846584320068,-0.03825954347848892,,0.45616620779037476,0.6320486068725586,-0.05042624473571777,,0.4683826267719269,0.6724578738212585,-0.04731922969222069,,0.47622576355934143,0.7021257281303406,-0.04174499586224556,
-0.020286843180656433,-0.6199220418930054,-0.23812571167945862,0.999880313873291,-0.0039771441370248795,-0.6588514447212219,-0.22727634012699127,0.9997658133506775,-0.0045497543178498745,-0.6584715247154236,-0.22933247685432434,0.999764084815979,-0.004152465146034956,-0.6584811210632324,-0.226910799741745,0.9997559189796448,-0.0413968451321125,-0.6623042821884155,-0.22575132548809052,0.9997749328613281,-0.03929261863231659,-0.6627236604690552,-0.2264152616262436,0.9997756481170654,-0.03997069597244263,-0.6617435216903687,-0.22239522635936737,0.9997655153274536,0.08289767056703568,-0.6413283348083496,-0.13601112365722656,0.9997724890708923,-0.07368221879005432,-0.652732253074646,-0.10679735243320465,0.9997561573982239,0.011377007700502872,-0.5880730748176575,-0.21278005838394165,0.999893069267273,-0.034123294055461884,-0.5890955924987793,-0.204520583152771,0.9998915195465088,0.18504393100738525,-0.42631569504737854,-0.09004490077495575,0.9993948340415955,-0.15160679817199707,-0.4548283815383911,-0.031664084643125534,0.9997228980064392,0.17849068343639374,-0.20859062671661377,-0.16401655972003937,0.9818090200424194,-0.285570353269577,-0.2794143557548523,-0.13645564019680023,0.9761611223220825,-0.012143395841121674,-0.241614431142807,-0.2954510748386383,0.9344907402992249,-0.18184414505958557,-0.3233163058757782,-0.3325060307979584,0.9381551146507263,-0.08319037407636642,-0.24851152300834656,-0.3356495797634125,0.9142225980758667,-0.14192017912864685,-0.3338056802749634,-0.3753248155117035,0.9178398251533508,-0.09364890307188034,-0.2909587025642395,-0.32666388154029846,0.9183323383331299,-0.12884563207626343,-0.3739749789237976,-0.3539067506790161,0.9206149578094482,-0.03635110333561897,-0.2609350383281708,-0.29736796021461487,0.912459671497345,-0.16164341568946838,-0.3344535529613495,-0.32985517382621765,0.9161413311958313,0.11398425698280334,-7.663071301067248e-05,-0.003626877209171653,0.4960516691207886,-0.11203152686357498,-0.007518739439547062,0.004893017467111349,0.5452166199684143,0.14980752766132355,-0.04483941197395325,-0.03962566331028938,0.07083403319120407,-0.1091625913977623,0.02732889913022518,-0.0835501030087471,0.09422775357961655,0.1501530557870865,0.22187715768814087,0.23348860442638397,0.016480157151818275,-0.08710920065641403,0.3873799741268158,0.19781160354614258,0.02466086484491825,0.1521654725074768,0.23397035896778107,0.25327810645103455,0.00891889724880457,-0.07547114789485931,0.4037504494190216,0.22717535495758057,0.01335540134459734,0.20906545221805573,0.2049022912979126,0.042988166213035583,0.017147457227110863,-0.07899350672960281,0.43329766392707825,0.023837221786379814,0.022620150819420815,29,1.209,0.6063709259033203,0.8605753183364868,3.517093816185479e-08,,0.5719023942947388,0.8813002705574036,0.0041479985229671,,0.5404605269432068,0.86674565076828,0.005155614577233791,,0.5215110778808594,0.840360701084137,0.004209691192954779,,0.512724757194519,0.8143028020858765,0.0037696054205298424,,0.5314126014709473,0.8402700424194336,0.009084678255021572,,0.5123627185821533,0.8058028817176819,0.005879814270883799,,0.5021550059318542,0.787423849105835,0.002656308701261878,,0.49602439999580383,0.7780487537384033,0.0006171519635245204,,0.5411953330039978,0.8128249645233154,0.003466926282271743,,0.522352397441864,0.7778305411338806,0.0022904202342033386,,0.5099166035652161,0.7618348598480225,-1.7054197087418288e-05,,0.5008283257484436,0.7516388893127441,-0.002060797531157732,,0.5530584454536438,0.7849317789077759,-0.002654906827956438,,0.5354928970336914,0.7489526867866516,-0.004166263621300459,,0.5255247950553894,0.7347850203514099,-0.0034932103008031845,,0.5185343623161316,0.7265337109565735,-0.002947709523141384,,0.5677764415740967,0.7573671340942383,-0.00897333025932312,,0.5537689328193665,0.7194701433181763,-0.009827340953052044,,0.5441505312919617,0.7089099287986755,-0.007111732382327318,,0.536187469959259,0.7056740522384644,-0.004629503004252911,,0.4573907256126404,0.69866544008255,5.011348207517585e-07,,0.4922691285610199,0.6938673257827759,-0.013427088968455791,,0.5217375159263611,0.6992589235305786,-0.027496814727783203,,0.5392671227455139,0.7258266806602478,-0.04039706662297249,,0.5509610772132874,0.7560076713562012,-0.053861405700445175,,0.524603545665741,0.641835629940033,-0.038967669010162354,,0.5407400727272034,0.7213208079338074,-0.06302375346422195,,0.549113929271698,0.781804084777832,-0.07830561697483063,,0.5547550916671753,0.8284452557563782,-0.08735524117946625,,0.5052344799041748,0.6410837173461914,-0.041626423597335815,,0.5235902070999146,0.7325716018676758,-0.06555759906768799,,0.5335244536399841,0.7977441549301147,-0.07486963272094727,,0.5413711071014404,0.8453704118728638,-0.08075441420078278,,0.4855820834636688,0.656827986240387,-0.04481364041566849,,0.5061903595924377,0.743834912776947,-0.0666479542851448,,0.5181031227111816,0.8012545704841614,-0.07047061622142792,,0.5266411900520325,0.8433390259742737,-0.07081346958875656,,0.46763622760772705,0.6798979043960571,-0.048750922083854675,,0.4859172999858856,0.7509698867797852,-0.06505449116230011,,0.49947819113731384,0.7990743517875671,-0.0686611756682396,,0.5100126266479492,0.8371745347976685,-0.06944452971220016,
-0.029427174478769302,-0.6285209059715271,-0.23666851222515106,0.9998862147331238,-0.01568036712706089,-0.6685019731521606,-0.22647535800933838,0.9997759461402893,-0.0162221509963274,-0.6681274175643921,-0.22846797108650208,0.9997735023498535,-0.015786169096827507,-0.6681634783744812,-0.22601187229156494,0.9997668266296387,-0.05403526872396469,-0.6703216433525085,-0.22420243918895721,0.9997875094413757,-0.05191576108336449,-0.6708411574363708,-0.2249118536710739,0.9997888207435608,-0.0525323860347271,-0.6698928475379944,-0.22088854014873505,0.9997801780700684,0.07292666286230087,-0.6498741507530212,-0.12825775146484375,0.9997828006744385,-0.08638312667608261,-0.6543391346931458,-0.10523325949907303,0.9997742176055908,0.0031114001758396626,-0.5960315465927124,-0.21154634654521942,0.9998990297317505,-0.04347005486488342,-0.5948863625526428,-0.202859029173851,0.99989914894104,0.17941482365131378,-0.4320138394832611,-0.08464080840349197,0.9994149208068848,-0.16021226346492767,-0.4537128806114197,-0.030633853748440742,0.999735951423645,0.1783861368894577,-0.21018381416797638,-0.1583937406539917,0.982775092124939,-0.2859284281730652,-0.2714444100856781,-0.13488289713859558,0.9779222011566162,-0.014751462265849113,-0.2250923216342926,-0.2983523905277252,0.9391250610351562,-0.17007093131542206,-0.29555603861808777,-0.3318578898906708,0.942367672920227,-0.08456052839756012,-0.2269623875617981,-0.3397769033908844,0.9165103435516357,-0.1298779994249344,-0.30185049772262573,-0.3748217225074768,0.9182143807411194,-0.09896590560674667,-0.26806843280792236,-0.33228662610054016,0.9203299283981323,-0.11733080446720123,-0.3421176075935364,-0.35445764660835266,0.9206631183624268,-0.04004911333322525,-0.24219058454036713,-0.30127933621406555,0.9135602712631226,-0.14981897175312042,-0.3054350018501282,-0.3290843069553375,0.9151723384857178,0.11380744725465775,-0.0032488631550222635,-0.0007013726863078773,0.4783884584903717,-0.11198250204324722,-0.005612844135612249,0.002333784708753228,0.5247123837471008,0.14995141327381134,-0.05296938493847847,-0.028762461617588997,0.07668475806713104,-0.10508477687835693,0.03773459792137146,-0.08391999453306198,0.100989431142807,0.15062539279460907,0.2029133141040802,0.2368393987417221,0.017008867114782333,-0.0874110609292984,0.37425869703292847,0.19213609397411346,0.02567095309495926,0.1523933857679367,0.2147919237613678,0.2575676441192627,0.00917522981762886,-0.07612485438585281,0.38799989223480225,0.22091001272201538,0.013524839654564857,0.2161465436220169,0.18658475577831268,0.047666046768426895,0.018299557268619537,-0.07908853143453598,0.4211600720882416,0.02162647806107998,0.024227753281593323,30,1.251,0.5991412401199341,0.8915101289749146,2.301521249137295e-07,,0.5873450636863708,0.8233761191368103,-0.002164682373404503,,0.5679785013198853,0.7780852913856506,-0.0025709422770887613,,0.5470879673957825,0.7563155889511108,-0.0032222869340330362,,0.5283516049385071,0.7523173093795776,-0.0040125297382473946,,0.5544646382331848,0.7992246150970459,0.0026719863526523113,,0.5282747149467468,0.7812225222587585,-0.0026303541380912066,,0.5103393197059631,0.7671571373939514,-0.007712836377322674,,0.49727410078048706,0.7558621764183044,-0.010663939639925957,,0.5479094982147217,0.8301101922988892,0.0012772423215210438,,0.5207690596580505,0.8081156015396118,-0.0023600803688168526,,0.5033407807350159,0.791705310344696,-0.0057829213328659534,,0.4893873333930969,0.7771474123001099,-0.007992349565029144,,0.5420175790786743,0.8633831739425659,-0.0008850913727656007,,0.5163099765777588,0.842903196811676,-0.0040117427706718445,,0.4989589750766754,0.8253199458122253,-0.0037029599770903587,,0.4849180579185486,0.8103407025337219,-0.003087713848799467,,0.5368112921714783,0.897843599319458,-0.0034840968437492847,,0.514979362487793,0.8787517547607422,-0.005528036504983902,,0.501105010509491,0.8632466793060303,-0.0034884954802691936,,0.4892618954181671,0.8508829474449158,-0.0013398115988820791,,0.47047126293182373,0.7241942882537842,3.958237186907354e-07,,0.5054548978805542,0.7249638438224792,-0.007248893845826387,,0.5396674275398254,0.7494229078292847,-0.019227061420679092,,0.5626562833786011,0.7845972180366516,-0.029983332380652428,,0.5795649290084839,0.8156850934028625,-0.04138988256454468,,0.5412351489067078,0.7275688648223877,-0.03761671856045723,,0.5569861531257629,0.8079636096954346,-0.05642217397689819,,0.5638806223869324,0.8602470755577087,-0.0654468759894371,,0.5674373507499695,0.9014846682548523,-0.07033504545688629,,0.522323489189148,0.7330438494682312,-0.04254869371652603,,0.5426633358001709,0.8206899762153625,-0.06049300730228424,,0.5517041683197021,0.8774070739746094,-0.06538353860378265,,0.5579409599304199,0.9206089973449707,-0.06868631392717361,,0.5020624995231628,0.7462863326072693,-0.046912796795368195,,0.5227000713348389,0.8316562175750732,-0.062442462891340256,,0.5323063731193542,0.8878519535064697,-0.06449315696954727,,0.539664626121521,0.9300593733787537,-0.06511486321687698,,0.481973797082901,0.7654340863227844,-0.05125083401799202,,0.4991007149219513,0.8337493538856506,-0.06297415494918823,,0.5088521242141724,0.8793349266052246,-0.06551039963960648,,0.5167573690414429,0.9150019884109497,-0.06675633043050766,
-0.041539136320352554,-0.6310867071151733,-0.2453930526971817,0.9998822808265686,-0.030917521566152573,-0.6713733673095703,-0.23276963829994202,0.9997704029083252,-0.03142084181308746,-0.6710268259048462,-0.23465637862682343,0.9997668862342834,-0.03103652037680149,-0.6710323691368103,-0.23233602941036224,0.9997571706771851,-0.06915382295846939,-0.6715661883354187,-0.23323026299476624,0.9997872710227966,-0.06700170785188675,-0.6721017360687256,-0.23397652804851532,0.9997910261154175,-0.06762640178203583,-0.6711623668670654,-0.22993656992912292,0.9997833371162415,0.04908641427755356,-0.6553667187690735,-0.13325591385364532,0.9997649192810059,-0.1092405915260315,-0.6537555456161499,-0.11933481693267822,0.9997830390930176,-0.011371088214218616,-0.5997081398963928,-0.21899423003196716,0.9998984932899475,-0.05795006453990936,-0.5962902307510376,-0.21352773904800415,0.9999019503593445,0.1632227748632431,-0.44309693574905396,-0.08689319342374802,0.9993874430656433,-0.17875076830387115,-0.44982612133026123,-0.053690120577812195,0.9997206926345825,0.17815130949020386,-0.21059663593769073,-0.14764611423015594,0.9831156134605408,-0.28181779384613037,-0.23512697219848633,-0.1334964632987976,0.9791406393051147,-0.003273682203143835,-0.14055326581001282,-0.2895430624485016,0.9419535994529724,-0.16465334594249725,-0.17690260708332062,-0.33028456568717957,0.9448087811470032,-0.06778662651777267,-0.11023744940757751,-0.33279600739479065,0.9142751097679138,-0.1284654289484024,-0.155137836933136,-0.374716579914093,0.9154983758926392,-0.07744067162275314,-0.14862507581710815,-0.33494430780410767,0.9184467196464539,-0.10989045351743698,-0.19497127830982208,-0.3613291382789612,0.9188377857208252,-0.025986626744270325,-0.15105180442333221,-0.29787352681159973,0.910942554473877,-0.14264903962612152,-0.18433940410614014,-0.32904571294784546,0.9126384854316711,0.11322380602359772,-0.0058821276761591434,0.0013105353573337197,0.47070950269699097,-0.11187293380498886,-0.003039594506844878,0.00013690136256627738,0.5161560773849487,0.12668542563915253,-0.01541660726070404,-0.03318720683455467,0.07850870490074158,-0.11955728381872177,0.08982249349355698,-0.08243490010499954,0.10233444720506668,0.11998362094163895,0.2378714233636856,0.22418299317359924,0.017324894666671753,-0.11661360412836075,0.3875996470451355,0.17505130171775818,0.025767287239432335,0.12040382623672485,0.2518421709537506,0.24291545152664185,0.009466721676290035,-0.10675280541181564,0.40454861521720886,0.19877326488494873,0.013350850902497768,0.18141762912273407,0.2468094527721405,0.04338011518120766,0.018855255097150803,-0.11123624444007874,0.46612244844436646,0.01270474772900343,0.024576283991336823,31,1.292,,,,,,,,,,,,,,,,,,,,,,,,,,,,,,,,,,,,,,,,,,,,,,,,,,,,,,,,,,,,,,,,,,,,,,,,,,,,,,,,,,,,,0.5051575303077698,0.8636555075645447,9.59823296398099e-08,,0.535245954990387,0.8752708435058594,4.4685537432087585e-05,,0.5633181929588318,0.911861777305603,-0.005089016165584326,,0.5815414190292358,0.9432662129402161,-0.010652356781065464,,0.5952047109603882,0.9649735689163208,-0.01633746549487114,,0.5645722150802612,0.9400310516357422,-0.013289169408380985,,0.5758882761001587,0.9971310496330261,-0.023182440549135208,,0.5780724287033081,1.0286964178085327,-0.028796030208468437,,0.5789160132408142,1.0485893487930298,-0.031616419553756714,,0.5483819842338562,0.9521765112876892,-0.017845315858721733,,0.5575573444366455,1.011275053024292,-0.02434239722788334,,0.5596269965171814,1.0390934944152832,-0.025724120438098907,,0.5598858594894409,1.0567265748977661,-0.026977485045790672,,0.5289397835731506,0.9600733518600464,-0.022056695073843002,,0.5378017425537109,1.0175273418426514,-0.027644602581858635,,0.5393858551979065,1.0424662828445435,-0.02500312402844429,,0.5396261811256409,1.0591750144958496,-0.023198937997221947,,0.5084764957427979,0.9649596214294434,-0.02602059580385685,,0.5147526860237122,1.0111956596374512,-0.02926621027290821,,0.5165665745735168,1.034981608390808,-0.025952545925974846,,0.5178561210632324,1.051767110824585,-0.02315571904182434,
-0.04497208818793297,-0.6334257125854492,-0.25950300693511963,0.999860942363739,-0.03503866866230965,-0.6735214591026306,-0.2474292665719986,0.9997361302375793,-0.03549085929989815,-0.6731847524642944,-0.24934066832065582,0.9997347593307495,-0.03507985547184944,-0.6732156872749329,-0.2472151815891266,0.9997206330299377,-0.07235336303710938,-0.6724910736083984,-0.24868731200695038,0.9997546076774597,-0.07023033499717712,-0.6730868816375732,-0.24911844730377197,0.999762237071991,-0.07082776725292206,-0.6721677184104919,-0.2451898157596588,0.999754786491394,0.04233700409531593,-0.658635675907135,-0.15198805928230286,0.999703049659729,-0.11055819690227509,-0.6528455018997192,-0.13877740502357483,0.9997614622116089,-0.016182754188776016,-0.6031331419944763,-0.2335801124572754,0.9998831748962402,-0.061106156557798386,-0.5978936553001404,-0.22882793843746185,0.9998895525932312,0.15660542249679565,-0.4531790614128113,-0.09508828073740005,0.9993413090705872,-0.17750772833824158,-0.44925498962402344,-0.08739840239286423,0.99968022108078,0.181696355342865,-0.2205035537481308,-0.11826714873313904,0.9783393144607544,-0.2731340527534485,-0.22619514167308807,-0.12576524913311005,0.9779918193817139,0.09894412010908127,-0.10472345352172852,-0.22797992825508118,0.9230659008026123,-0.12533342838287354,-0.14168888330459595,-0.2823869287967682,0.9350472092628479,0.07254928350448608,-0.06119595840573311,-0.2613709568977356,0.8851563930511475,-0.08391875773668289,-0.10807301849126816,-0.3206791877746582,0.8966243863105774,0.05426160246133804,-0.0859130397439003,-0.2919681966304779,0.8939412832260132,-0.06016004830598831,-0.14636187255382538,-0.33021080493927,0.9028562307357788,0.07994544506072998,-0.10629468411207199,-0.24664515256881714,0.883232593536377,-0.0996333435177803,-0.14628776907920837,-0.28889521956443787,0.893363893032074,0.11104632169008255,-0.007637732662260532,0.0032631761860102415,0.441238135099411,-0.11050647497177124,-0.0020325612276792526,-0.0016046887030825019,0.48415958881378174,0.10265293717384338,-0.010372361168265343,-0.01863560825586319,0.08842279762029648,-0.11548426747322083,0.12454336881637573,-0.08293604105710983,0.11296521872282028,0.11206743866205215,0.2566399574279785,0.21755145490169525,0.019473573192954063,-0.1190420389175415,0.40833762288093567,0.16343039274215698,0.02893304079771042,0.11307375878095627,0.2731865644454956,0.23583847284317017,0.009999570436775684,-0.11236216872930527,0.42466285824775696,0.18833692371845245,0.013979406096041203,0.17983324825763702,0.2630336284637451,0.042120784521102905,0.02175726555287838,-0.1266518533229828,0.47667795419692993,0.009241483174264431,0.028297467157244682,32,1.334,,,,,,,,,,,,,,,,,,,,,,,,,,,,,,,,,,,,,,,,,,,,,,,,,,,,,,,,,,,,,,,,,,,,,,,,,,,,,,,,,,,,,,,,,,,,,,,,,,,,,,,,,,,,,,,,,,,,,,,,,,,,,,,,,,,,,,,,,,,,,,,,,,,,,,,,,,,,,,,,,,,,,,,,
-0.04643372818827629,-0.6354058980941772,-0.26167213916778564,0.9998613595962524,-0.0351833812892437,-0.6748842597007751,-0.24922755360603333,0.9997367858886719,-0.03563173487782478,-0.6745249629020691,-0.2511183023452759,0.9997374415397644,-0.035234831273555756,-0.6745324730873108,-0.24910354614257812,0.9997195601463318,-0.07267791777849197,-0.6733289361000061,-0.24973197281360626,0.9997552633285522,-0.07057704776525497,-0.6739566326141357,-0.25003761053085327,0.9997648000717163,-0.07114753127098083,-0.6730329394340515,-0.24615585803985596,0.9997550845146179,0.04401075839996338,-0.6581534743309021,-0.1552211195230484,0.9996962547302246,-0.10867588222026825,-0.650303065776825,-0.1359415501356125,0.9997642636299133,-0.018030386418104172,-0.6045886278152466,-0.23638379573822021,0.9998845458030701,-0.0626799687743187,-0.5988253951072693,-0.22993335127830505,0.9998907446861267,0.15732993185520172,-0.4530954957008362,-0.10487791895866394,0.9993410110473633,-0.17609144747257233,-0.442976176738739,-0.09094290435314178,0.9996505379676819,0.19590234756469727,-0.22496899962425232,-0.12574118375778198,0.9706602692604065,-0.2532351016998291,-0.2184031903743744,-0.12782572209835052,0.9729117751121521,0.1422320008277893,-0.10169582813978195,-0.24863530695438385,0.8791142106056213,-0.13905377686023712,-0.14398318529129028,-0.28332120180130005,0.9039117097854614,0.12434308975934982,-0.055598512291908264,-0.2846475839614868,0.8344445824623108,-0.1051383689045906,-0.11227868497371674,-0.3323134481906891,0.8571935892105103,0.09742036461830139,-0.07184271514415741,-0.3003028929233551,0.8509534001350403,-0.08800628036260605,-0.13645920157432556,-0.34772107005119324,0.8698495626449585,0.1209927648305893,-0.0986013114452362,-0.2570390999317169,0.8366845846176147,-0.1173725575208664,-0.14308781921863556,-0.301700621843338,0.8569198250770569,0.11040785163640976,-0.009841499850153923,0.003271274734288454,0.41077500581741333,-0.11000636965036392,-0.0002226346405223012,-0.0015568326925858855,0.45036831498146057,0.0873466208577156,-0.01224293652921915,-0.02079426497220993,0.09179377555847168,-0.11215726286172867,0.11767347157001495,-0.10889838635921478,0.11619450151920319,0.11363822966814041,0.2540019452571869,0.2023972123861313,0.020509513095021248,-0.11817298829555511,0.4200211763381958,0.15311521291732788,0.03080054000020027,0.11396478116512299,0.2700919210910797,0.2236500233411789,0.010288912802934647,-0.1132282167673111,0.4361971318721771,0.18451343476772308,0.014511940069496632,0.18095339834690094,0.25481221079826355,0.0057477145455777645,0.02316640503704548,-0.13561762869358063,0.47808340191841125,-8.597023406764492e-05,0.030240371823310852,33,1.376,,,,,,,,,,,,,,,,,,,,,,,,,,,,,,,,,,,,,,,,,,,,,,,,,,,,,,,,,,,,,,,,,,,,,,,,,,,,,,,,,,,,,,,,,,,,,,,,,,,,,,,,,,,,,,,,,,,,,,,,,,,,,,,,,,,,,,,,,,,,,,,,,,,,,,,,,,,,,,,,,,,,,,,,
-0.04710797220468521,-0.6401954889297485,-0.2580028176307678,0.9998428225517273,-0.034773532301187515,-0.6790991425514221,-0.24599480628967285,0.9997093677520752,-0.035192180424928665,-0.678731381893158,-0.24783605337142944,0.9997148513793945,-0.034798089414834976,-0.678756594657898,-0.2460179477930069,0.9996896982192993,-0.07176925241947174,-0.6774533987045288,-0.24687537550926208,0.9997239708900452,-0.06966459006071091,-0.6781510710716248,-0.24690189957618713,0.9997361302375793,-0.07024208456277847,-0.6772394180297852,-0.24310994148254395,0.9997190237045288,0.04552625119686127,-0.6604060530662537,-0.15389154851436615,0.9996581077575684,-0.1051437258720398,-0.6514955759048462,-0.13491542637348175,0.9997285604476929,-0.018770914524793625,-0.6090755462646484,-0.23348312079906464,0.9998622536659241,-0.06253426522016525,-0.6033774614334106,-0.22693400084972382,0.9998658299446106,0.15590615570545197,-0.4596027731895447,-0.10345421731472015,0.9992618560791016,-0.17391079664230347,-0.44425326585769653,-0.08163736760616302,0.9995081424713135,0.19947728514671326,-0.23503737151622772,-0.11977432668209076,0.9593712091445923,-0.21790505945682526,-0.21896851062774658,-0.09871846437454224,0.9600102305412292,0.15152600407600403,-0.08637367188930511,-0.2360524982213974,0.8312826156616211,-0.14852724969387054,-0.08906643092632294,-0.23186920583248138,0.8575199246406555,0.1376727819442749,-0.032760098576545715,-0.2661738395690918,0.7835116982460022,-0.1129240095615387,-0.041468244045972824,-0.2610361576080322,0.8072775602340698,0.1096111387014389,-0.04193165525794029,-0.29686594009399414,0.8058164119720459,-0.09072209149599075,-0.05360300838947296,-0.28737661242485046,0.8251275420188904,0.13069631159305573,-0.07840423285961151,-0.2534027397632599,0.7892551422119141,-0.12827283143997192,-0.0794559121131897,-0.2474965751171112,0.8108251094818115,0.10848430544137955,-0.010604376904666424,0.003205076791346073,0.3898302912712097,-0.10842340439558029,0.00037604820681735873,-0.0014099881518632174,0.42555132508277893,0.09004057198762894,-0.011559702455997467,-0.02252705581486225,0.09510970860719681,-0.09988774359226227,0.12543173134326935,-0.11008608341217041,0.12074879556894302,0.12703298032283783,0.25742703676223755,0.1950879991054535,0.021363835781812668,-0.10371529310941696,0.4318423271179199,0.13871178030967712,0.03320477157831192,0.12938348948955536,0.273777574300766,0.21596330404281616,0.010385051369667053,-0.10163471847772598,0.4486824870109558,0.1697717308998108,0.015382843092083931,0.19083720445632935,0.25901612639427185,0.004199388436973095,0.024742571637034416,-0.12943220138549805,0.4834299385547638,-0.008539016358554363,0.033316705375909805,34,1.418,,,,,,,,,,,,,,,,,,,,,,,,,,,,,,,,,,,,,,,,,,,,,,,,,,,,,,,,,,,,,,,,,,,,,,,,,,,,,,,,,,,,,,,,,,,,,,,,,,,,,,,,,,,,,,,,,,,,,,,,,,,,,,,,,,,,,,,,,,,,,,,,,,,,,,,,,,,,,,,,,,,,,,,,
