pose_world_0_x,pose_world_0_y,pose_world_0_z,pose_world_0_visibility,pose_world_1_x,pose_world_1_y,pose_world_1_z,pose_world_1_visibility,pose_world_2_x,pose_world_2_y,pose_world_2_z,pose_world_2_visibility,pose_world_3_x,pose_world_3_y,pose_world_3_z,pose_world_3_visibility,pose_world_4_x,pose_world_4_y,pose_world_4_z,pose_world_4_visibility,pose_world_5_x,pose_world_5_y,pose_world_5_z,pose_world_5_visibility,pose_world_6_x,pose_world_6_y,pose_world_6_z,pose_world_6_visibility,pose_world_7_x,pose_world_7_y,pose_world_7_z,pose_world_7_visibility,pose_world_8_x,pose_world_8_y,pose_world_8_z,pose_world_8_visibility,pose_world_9_x,pose_world_9_y,pose_world_9_z,pose_world_9_visibility,pose_world_10_x,pose_world_10_y,pose_world_10_z,pose_world_10_visibility,pose_world_11_x,pose_world_11_y,pose_world_11_z,pose_world_11_visibility,pose_world_12_x,pose_world_12_y,pose_world_12_z,pose_world_12_visibility,pose_world_13_x,pose_world_13_y,pose_world_13_z,pose_world_13_visibility,pose_world_14_x,pose_world_14_y,pose_world_14_z,pose_world_14_visibility,pose_world_15_x,pose_world_15_y,pose_world_15_z,pose_world_15_visibility,pose_world_16_x,pose_world_16_y,pose_world_16_z,pose_world_16_visibility,pose_world_17_x,pose_world_17_y,pose_world_17_z,pose_world_17_visibility,pose_world_18_x,pose_world_18_y,pose_world_18_z,pose_world_18_visibility,pose_world_19_x,pose_world_19_y,pose_world_19_z,pose_world_19_visibility,pose_world_20_x,pose_world_20_y,pose_world_20_z,pose_world_20_visibility,pose_world_21_x,pose_world_21_y,pose_world_21_z,pose_world_21_visibility,pose_world_22_x,pose_world_22_y,pose_world_22_z,pose_world_22_visibility,pose_world_23_x,pose_world_23_y,pose_world_23_z,pose_world_23_visibility,pose_world_24_x,pose_world_24_y,pose_world_24_z,pose_world_24_visibility,pose_world_25_x,pose_world_25_y,pose_world_25_z,pose_world_25_visibility,pose_world_26_x,pose_world_26_y,pose_world_26_z,pose_world_26_visibility,pose_world_27_x,pose_world_27_y,pose_world_27_z,pose_world_27_visibility,pose_world_28_x,pose_world_28_y,pose_world_28_z,pose_world_28_visibility,pose_world_29_x,pose_world_29_y,pose_world_29_z,pose_world_29_visibility,pose_world_30_x,pose_world_30_y,pose_world_30_z,pose_world_30_visibility,pose_world_31_x,pose_world_31_y,pose_world_31_z,pose_world_31_visibility,pose_world_32_x,pose_world_32_y,pose_world_32_z,pose_world_32_visibility,frame,timestamp,left_hand_0_x,left_hand_0_y,left_hand_0_z,left_hand_0_visibility,left_hand_1_x,left_hand_1_y,left_hand_1_z,left_hand_1_visibility,left_hand_2_x,left_hand_2_y,left_hand_2_z,left_hand_2_visibility,left_hand_3_x,left_hand_3_y,left_hand_3_z,left_hand_3_visibility,left_hand_4_x,left_hand_4_y,left_hand_4_z,left_hand_4_visibility,left_hand_5_x,left_hand_5_y,left_hand_5_z,left_hand_5_visibility,left_hand_6_x,left_hand_6_y,left_hand_6_z,left_hand_6_visibility,left_hand_7_x,left_hand_7_y,left_hand_7_z,left_hand_7_visibility,left_hand_8_x,left_hand_8_y,left_hand_8_z,left_hand_8_visibility,left_hand_9_x,left_hand_9_y,left_hand_9_z,left_hand_9_visibility,left_hand_10_x,left_hand_10_y,left_hand_10_z,left_hand_10_visibility,left_hand_11_x,left_hand_11_y,left_hand_11_z,left_hand_11_visibility,left_hand_12_x,left_hand_12_y,left_hand_12_z,left_hand_12_visibility,left_hand_13_x,left_hand_13_y,left_hand_13_z,left_hand_13_visibility,left_hand_14_x,left_hand_14_y,left_hand_14_z,left_hand_14_visibility,left_hand_15_x,left_hand_15_y,left_hand_15_z,left_hand_15_visibility,left_hand_16_x,left_hand_16_y,left_hand_16_z,left_hand_16_visibility,left_hand_17_x,left_hand_17_y,left_hand_17_z,left_hand_17_visibility,left_hand_18_x,left_hand_18_y,left_hand_18_z,left_hand_18_visibility,left_hand_19_x,left_hand_19_y,left_hand_19_z,left_hand_19_visibility,left_hand_20_x,left_hand_20_y,left_hand_20_z,left_hand_20_visibility,right_hand_0_x,right_hand_0_y,right_hand_0_z,right_hand_0_visibility,right_hand_1_x,right_hand_1_y,right_hand_1_z,right_hand_1_visibility,right_hand_2_x,right_hand_2_y,right_hand_2_z,right_hand_2_visibility,right_hand_3_x,right_hand_3_y,right_hand_3_z,right_hand_3_visibility,right_hand_4_x,right_hand_4_y,right_hand_4_z,right_hand_4_visibility,right_hand_5_x,right_hand_5_y,right_hand_5_z,right_hand_5_visibility,right_hand_6_x,right_hand_6_y,right_hand_6_z,right_hand_6_visibility,right_hand_7_x,right_hand_7_y,right_hand_7_z,right_hand_7_visibility,right_hand_8_x,right_hand_8_y,right_hand_8_z,right_hand_8_visibility,right_hand_9_x,right_hand_9_y,right_hand_9_z,right_hand_9_visibility,right_hand_10_x,right_hand_10_y,right_hand_10_z,right_hand_10_visibility,right_hand_11_x,right_hand_11_y,right_hand_11_z,right_hand_11_visibility,right_hand_12_x,right_hand_12_y,right_hand_12_z,right_hand_12_visibility,right_hand_13_x,right_hand_13_y,right_hand_13_z,right_hand_13_visibility,right_hand_14_x,right_hand_14_y,right_hand_14_z,right_hand_14_visibility,right_hand_15_x,right_hand_15_y,right_hand_15_z,right_hand_15_visibility,right_hand_16_x,right_hand_16_y,right_hand_16_z,right_hand_16_visibility,right_hand_17_x,right_hand_17_y,right_hand_17_z,right_hand_17_visibility,right_hand_18_x,right_hand_18_y,right_hand_18_z,right_hand_18_visibility,right_hand_19_x,right_hand_19_y,right_hand_19_z,right_hand_19_visibility,right_hand_20_x,right_hand_20_y,right_hand_20_z,right_hand_20_visibility
-0.09031037986278534,-0.5900498032569885,-0.2900637686252594,0.9997989535331726,-0.07355272769927979,-0.6300649642944336,-0.28470170497894287,0.9996767044067383,-0.07401763647794724,-0.629571259021759,-0.28679072856903076,0.999688982963562,-0.07361701130867004,-0.6294565200805664,-0.28480851650238037,0.9996182918548584,-0.11226800084114075,-0.631331205368042,-0.27635276317596436,0.9997063279151917,-0.11028622835874557,-0.6320918202400208,-0.27639859914779663,0.999734103679657,-0.11081110686063766,-0.6310902237892151,-0.27241671085357666,0.9996792078018188,0.03738132864236832,-0.6235558986663818,-0.20518986880779266,0.9996986389160156,-0.11892309039831161,-0.6270099878311157,-0.14482392370700836,0.9997074007987976,-0.05054386705160141,-0.5640151500701904,-0.26823893189430237,0.999908447265625,-0.09578153491020203,-0.5630503296852112,-0.24980108439922333,0.9998902082443237,0.17428810894489288,-0.4290715456008911,-0.17941264808177948,0.9990007281303406,-0.16920410096645355,-0.4403597414493561,-0.08353855460882187,0.9994162321090698,0.18169337511062622,-0.19501850008964539,-0.21340709924697876,0.8928757905960083,-0.2055291384458542,-0.2261149287223816,-0.11224409937858582,0.8007590770721436,0.03427689149975777,-0.04856600612401962,-0.3207974135875702,0.422120064496994,-0.17552430927753448,-0.10746580362319946,-0.314473956823349,0.41298043727874756,-0.006929217372089624,0.01581491343677044,-0.3453330397605896,0.3250868320465088,-0.1653667390346527,-0.057253845036029816,-0.34329381585121155,0.3478274643421173,-0.0434638112783432,0.002285814145579934,-0.37846624851226807,0.41313427686691284,-0.1501944363117218,-0.05516357719898224,-0.3707907199859619,0.43453168869018555,0.003317768219858408,-0.0413883738219738,-0.33595240116119385,0.36433151364326477,-0.15939810872077942,-0.09220215678215027,-0.33116400241851807,0.40671753883361816,0.11210834980010986,-0.013532912358641624,-0.015084980055689812,0.1185234785079956,-0.1106453388929367,0.005408023949712515,0.017281424254179,0.13510248064994812,0.0565415695309639,-0.07352747023105621,-0.10918232053518295,0.13174167275428772,-0.1348802149295807,0.04184529930353165,-0.11169042438268661,0.13498571515083313,0.10259891301393509,0.22112786769866943,0.15765909850597382,0.036426883190870285,-0.1230105459690094,0.41300129890441895,0.1708059012889862,0.054936859756708145,0.1028343141078949,0.23952171206474304,0.18289844691753387,0.015683578327298164,-0.11978684365749359,0.4302125573158264,0.21134179830551147,0.020233822986483574,0.11679396778345108,0.20444262027740479,-0.05874583125114441,0.03481088578701019,-0.15942077338695526,0.4427979290485382,0.020098911598324776,0.04021802917122841,0,0.0,,,,,,,,,,,,,,,,,,,,,,,,,,,,,,,,,,,,,,,,,,,,,,,,,,,,,,,,,,,,,,,,,,,,,,,,,,,,,,,,,,,,,,,,,,,,,,,,,,,,,,,,,,,,,,,,,,,,,,,,,,,,,,,,,,,,,,,,,,,,,,,,,,,,,,,,,,,,,,,,,,,,,,,,
-0.09024393558502197,-0.5958471894264221,-0.23840683698654175,0.9997870922088623,-0.07354573160409927,-0.6367206573486328,-0.23346276581287384,0.999657928943634,-0.07401259988546371,-0.6363072991371155,-0.23528732359409332,0.9996662735939026,-0.07361473888158798,-0.6362743377685547,-0.23304951190948486,0.9995949864387512,-0.11184701323509216,-0.6378509998321533,-0.2276832014322281,0.9996930956840515,-0.10985303670167923,-0.6385518908500671,-0.2284618765115738,0.9997215270996094,-0.11041092872619629,-0.637561559677124,-0.22434177994728088,0.9996703863143921,0.03467932716012001,-0.6349486708641052,-0.1531202495098114,0.9996813535690308,-0.11895971745252609,-0.6364439129829407,-0.10632725805044174,0.9997028112411499,-0.05063584819436073,-0.5708401203155518,-0.2161468118429184,0.9998967051506042,-0.09575023502111435,-0.569370448589325,-0.20165173709392548,0.9998829960823059,0.16942673921585083,-0.4415918290615082,-0.12185569107532501,0.9989944696426392,-0.16994300484657288,-0.4467273950576782,-0.019768893718719482,0.9994142055511475,0.18332423269748688,-0.20217910408973694,-0.19295339286327362,0.9028218388557434,-0.2143058329820633,-0.2258693128824234,-0.0760631188750267,0.8157217502593994,-0.025515450164675713,-0.13649515807628632,-0.31644338369369507,0.47823429107666016,-0.17847999930381775,-0.15220588445663452,-0.2844997048377991,0.4647350311279297,-0.09464161843061447,-0.11166820675134659,-0.3473441004753113,0.3861718475818634,-0.16731464862823486,-0.13373811542987823,-0.32942813634872437,0.39630454778671265,-0.12070910632610321,-0.15560321509838104,-0.36238226294517517,0.465727835893631,-0.1558598130941391,-0.16375891864299774,-0.3302428722381592,0.47626274824142456,-0.05446578189730644,-0.151025652885437,-0.3238931894302368,0.4203261733055115,-0.16371284425258636,-0.15694886445999146,-0.2908463776111603,0.4493856430053711,0.11189699918031693,-0.013379758223891258,-0.015186717733740807,0.1445864588022232,-0.11064762622117996,0.005231959279626608,0.01728671044111252,0.15950678288936615,0.07814981788396835,-0.043049219995737076,-0.093791663646698,0.12353431433439255,-0.13902777433395386,0.07180165499448776,-0.08007734268903732,0.1269913762807846,0.09890490025281906,0.21888954937458038,0.16625407338142395,0.033785346895456314,-0.12717072665691376,0.4124473035335541,0.16689971089363098,0.050971824675798416,0.09764737635850906,0.23376047611236572,0.18792881071567535,0.014815120957791805,-0.12168977409601212,0.4300653636455536,0.1956993192434311,0.019189486280083656,0.1138584092259407,0.21417038142681122,-0.009946273639798164,0.03259903937578201,-0.1595613807439804,0.46858838200569153,0.010777998715639114,0.03795735538005829,1,0.041,,,,,,,,,,,,,,,,,,,,,,,,,,,,,,,,,,,,,,,,,,,,,,,,,,,,,,,,,,,,,,,,,,,,,,,,,,,,,,,,,,,,,,,,,,,,,,,,,,,,,,,,,,,,,,,,,,,,,,,,,,,,,,,,,,,,,,,,,,,,,,,,,,,,,,,,,,,,,,,,,,,,,,,,
-0.08420812338590622,-0.5996639728546143,-0.2390451431274414,0.9997845888137817,-0.06777074933052063,-0.6402938365936279,-0.23353296518325806,0.9996554851531982,-0.06829486787319183,-0.6399146914482117,-0.2355484813451767,0.999661922454834,-0.0678866058588028,-0.6399113535881042,-0.23325631022453308,0.9995916485786438,-0.1052168533205986,-0.641950786113739,-0.2277965098619461,0.9996926188468933,-0.10321614891290665,-0.6426323056221008,-0.2284536063671112,0.9997195601463318,-0.10382488369941711,-0.6416430473327637,-0.22434110939502716,0.9996715188026428,0.037085290998220444,-0.6367700695991516,-0.15072281658649445,0.9996813535690308,-0.1159961000084877,-0.6401858925819397,-0.10577195137739182,0.999708354473114,-0.04608488082885742,-0.5739406943321228,-0.2164149135351181,0.9998929500579834,-0.09093894809484482,-0.5729730725288391,-0.20216681063175201,0.9998815059661865,0.17017103731632233,-0.44258666038513184,-0.11903536319732666,0.9989824891090393,-0.16999156773090363,-0.4524184465408325,-0.021103408187627792,0.9994136691093445,0.19489605724811554,-0.22055262327194214,-0.19481417536735535,0.9114897847175598,-0.2260764092206955,-0.23291946947574615,-0.07947821170091629,0.829612672328949,-0.03512975201010704,-0.1983032524585724,-0.3330558240413666,0.5280166864395142,-0.18186865746974945,-0.18327726423740387,-0.2888827621936798,0.5117725133895874,-0.11120709776878357,-0.1828833520412445,-0.37833118438720703,0.4401305615901947,-0.16929957270622253,-0.16940997540950775,-0.33510667085647583,0.44220322370529175,-0.1385108232498169,-0.22885146737098694,-0.37157973647117615,0.5120000839233398,-0.1579287052154541,-0.20054373145103455,-0.33703961968421936,0.5154412388801575,-0.06597284227609634,-0.2154897153377533,-0.3348570466041565,0.4693353474140167,-0.16684184968471527,-0.1888832151889801,-0.29718589782714844,0.48947960138320923,0.11218485236167908,-0.012320475652813911,-0.014903193339705467,0.16972193121910095,-0.11117014288902283,0.003991666249930859,0.016891848295927048,0.1818205863237381,0.09308332204818726,-0.03920622915029526,-0.08783318847417831,0.12062527239322662,-0.13941439986228943,0.0681103840470314,-0.08473335206508636,0.12281893193721771,0.1006184071302414,0.21500545740127563,0.16929864883422852,0.0319494754076004,-0.12275488674640656,0.3959968686103821,0.16043929755687714,0.04783034697175026,0.09902500361204147,0.22811593115329742,0.18996772170066833,0.014279023744165897,-0.11448673903942108,0.41209372878074646,0.18682274222373962,0.018451137468218803,0.12019901722669601,0.21242889761924744,-0.009101683273911476,0.03115931712090969,-0.1407768726348877,0.4609602093696594,0.0014337716856971383,0.03627977892756462,2,0.083,,,,,,,,,,,,,,,,,,,,,,,,,,,,,,,,,,,,,,,,,,,,,,,,,,,,,,,,,,,,,,,,,,,,,,,,,,,,,,,,,,,,,,,,,,,,,,,,,,,,,,,,,,,,,,,,,,,,,,,,,,,,,,,,,,,,,,,,,,,,,,,,,,,,,,,,,,,,,,,,,,,,,,,,
-0.08052649348974228,-0.5994207262992859,-0.23599958419799805,0.9997966885566711,-0.063307985663414,-0.6399676203727722,-0.23004339635372162,0.999672532081604,-0.06388382613658905,-0.6395805478096008,-0.23200623691082,0.9996777772903442,-0.06353142857551575,-0.6395688652992249,-0.22958572208881378,0.9996113777160645,-0.1005261018872261,-0.641627311706543,-0.22438164055347443,0.9997093677520752,-0.09850647300481796,-0.6422989368438721,-0.22525204718112946,0.9997343420982361,-0.09916307777166367,-0.6413050889968872,-0.2211252599954605,0.9996898770332336,0.03861020505428314,-0.6365302205085754,-0.14658088982105255,0.9996992945671082,-0.11481624841690063,-0.6396437287330627,-0.1023390144109726,0.9997274279594421,-0.0435691699385643,-0.5736628174781799,-0.21314390003681183,0.9998979568481445,-0.08862544596195221,-0.5726669430732727,-0.19892095029354095,0.9998883008956909,0.17073553800582886,-0.44205620884895325,-0.11638934165239334,0.999035120010376,-0.17000830173492432,-0.45381736755371094,-0.02314947545528412,0.9994525909423828,0.20935668051242828,-0.23795345425605774,-0.20904934406280518,0.9201630353927612,-0.22591179609298706,-0.24744655191898346,-0.09235106408596039,0.8459413647651672,-0.02227994054555893,-0.2311376929283142,-0.3743257522583008,0.5748932361602783,-0.1962430775165558,-0.21142444014549255,-0.31618914008140564,0.559895932674408,-0.09062080830335617,-0.21813273429870605,-0.4266352653503418,0.4940780699253082,-0.1891385167837143,-0.19889216125011444,-0.3726434111595154,0.4948442578315735,-0.11970719695091248,-0.2599943280220032,-0.41402381658554077,0.5587300658226013,-0.17489716410636902,-0.2268344908952713,-0.3667997419834137,0.5608457326889038,-0.053101979196071625,-0.24730561673641205,-0.37421107292175293,0.5200258493423462,-0.1809963583946228,-0.21549268066883087,-0.3217289447784424,0.5373908877372742,0.11391492933034897,-0.009091737680137157,-0.014415111392736435,0.21935851871967316,-0.11303070932626724,0.0018315810011699796,0.01603521779179573,0.23095475137233734,0.11131472885608673,-0.04086308181285858,-0.08953066170215607,0.11283254623413086,-0.1397232860326767,0.017758673056960106,-0.09022026509046555,0.11437642574310303,0.12229274958372116,0.21550793945789337,0.15843865275382996,0.029537823051214218,-0.09741513431072235,0.3835570216178894,0.15124550461769104,0.044028863310813904,0.12283092737197876,0.22851315140724182,0.17450165748596191,0.013344029895961285,-0.08443339169025421,0.40215566754341125,0.1762194186449051,0.01723603531718254,0.1397082507610321,0.21213817596435547,-0.01528390496969223,0.028873788192868233,-0.09500822424888611,0.4411754608154297,-0.020981233566999435,0.033594369888305664,3,0.125,,,,,,,,,,,,,,,,,,,,,,,,,,,,,,,,,,,,,,,,,,,,,,,,,,,,,,,,,,,,,,,,,,,,,,,,,,,,,,,,,,,,,,,,,,,,,,,,,,,,,,,,,,,,,,,,,,,,,,,,,,,,,,,,,,,,,,,,,,,,,,,,,,,,,,,,,,,,,,,,,,,,,,,,
-0.07968715578317642,-0.5902659893035889,-0.24170079827308655,0.999809205532074,-0.06214437633752823,-0.6312857866287231,-0.23594234883785248,0.999691367149353,-0.06276781857013702,-0.6308538913726807,-0.23790501058101654,0.9996961355209351,-0.06245085224509239,-0.6307926774024963,-0.23553848266601562,0.9996342658996582,-0.09922362118959427,-0.6327698230743408,-0.22985681891441345,0.999726414680481,-0.097200907766819,-0.6331853866577148,-0.23057053983211517,0.9997495412826538,-0.097896508872509,-0.6320899724960327,-0.22647210955619812,0.999708354473114,0.038614045828580856,-0.629400908946991,-0.1532769799232483,0.9997204542160034,-0.11478924006223679,-0.6311493515968323,-0.10604289174079895,0.9997465014457703,-0.043063439428806305,-0.5643739104270935,-0.2189861387014389,0.9999055862426758,-0.08822376281023026,-0.5633468627929688,-0.20409342646598816,0.9998968839645386,0.17082327604293823,-0.4394296705722809,-0.11947719007730484,0.9991147518157959,-0.1699722558259964,-0.447983056306839,-0.024936551228165627,0.9994953274726868,0.21955150365829468,-0.23313021659851074,-0.21233302354812622,0.9280818700790405,-0.21765872836112976,-0.2378832995891571,-0.09331957250833511,0.8608509302139282,-0.015697522088885307,-0.24928976595401764,-0.37985554337501526,0.6172977685928345,-0.19521647691726685,-0.20768672227859497,-0.31583142280578613,0.6035005450248718,-0.08015534281730652,-0.24453160166740417,-0.4315190613269806,0.543609619140625,-0.1885576844215393,-0.1977687031030655,-0.3696180582046509,0.5428447723388672,-0.11862587183713913,-0.2906477451324463,-0.41862374544143677,0.6017698049545288,-0.17686843872070312,-0.22786717116832733,-0.3665073812007904,0.6023626923561096,-0.04380304738879204,-0.2694697976112366,-0.37922993302345276,0.5667995810508728,-0.18042363226413727,-0.21386444568634033,-0.3216228187084198,0.581214964389801,0.11591512709856033,-0.007803008891642094,-0.015019808895885944,0.2571587562561035,-0.11472402513027191,0.00137375108897686,0.016310948878526688,0.26585930585861206,0.1292870193719864,-0.06662579625844955,-0.10884042829275131,0.1034218966960907,-0.14436082541942596,-0.04404223710298538,-0.09134553372859955,0.10449665039777756,0.14871448278427124,0.19328397512435913,0.1623295396566391,0.02703205682337284,-0.07758243381977081,0.3628634810447693,0.18093007802963257,0.0400407575070858,0.15092463791370392,0.20128992199897766,0.17761340737342834,0.012371483258903027,-0.0603213906288147,0.38228273391723633,0.21006155014038086,0.015914596617221832,0.15626448392868042,0.1724449247121811,-0.018960511311888695,0.026395661756396294,-0.06776423752307892,0.41650980710983276,-0.0065811448730528355,0.030607882887125015,4,0.166,0.5839638710021973,0.7281683683395386,-3.860700132918282e-07,,0.5513418912887573,0.7273232340812683,0.004277507308870554,,0.511520504951477,0.7497740983963013,0.0012129440438002348,,0.4833560287952423,0.7882535457611084,-0.005077659152448177,,0.46694645285606384,0.8282981514930725,-0.012963540852069855,,0.48840856552124023,0.7018041014671326,-0.011630471795797348,,0.4458518922328949,0.7816191911697388,-0.03205107897520065,,0.4453730583190918,0.8500457406044006,-0.04586121439933777,,0.46020984649658203,0.8999776840209961,-0.05219290778040886,,0.487093985080719,0.7143317461013794,-0.02084406092762947,,0.44494178891181946,0.8074689507484436,-0.040377963334321976,,0.4484131336212158,0.878821849822998,-0.052796728909015656,,0.46546661853790283,0.9306244254112244,-0.059358108788728714,,0.49142876267433167,0.7368790507316589,-0.029947547242045403,,0.44692572951316833,0.8236945271492004,-0.04678281396627426,,0.4532126486301422,0.8930959701538086,-0.05605662986636162,,0.47048571705818176,0.9409891963005066,-0.059890471398830414,,0.4983692467212677,0.7664592862129211,-0.03785578906536102,,0.4650841951370239,0.8281211256980896,-0.05327586084604263,,0.46425288915634155,0.8820003271102905,-0.06036665290594101,,0.47456637024879456,0.9214025139808655,-0.06297866255044937,,,,,,,,,,,,,,,,,,,,,,,,,,,,,,,,,,,,,,,,,,,,,,,,,,,,,,,,,,,,,,,,,,,,,,,,,,,,,,,,,,,,,
-0.0734454020857811,-0.5892497897148132,-0.2444288283586502,0.9998194575309753,-0.05619401857256889,-0.6303793787956238,-0.23894234001636505,0.9997056126594543,-0.056866541504859924,-0.6299415826797485,-0.24085763096809387,0.9997097849845886,-0.05659085884690285,-0.6298846006393433,-0.23847819864749908,0.9996519684791565,-0.09226281195878983,-0.6314588785171509,-0.23293165862560272,0.9997396469116211,-0.09022855758666992,-0.6318152546882629,-0.23363760113716125,0.9997612833976746,-0.09096350520849228,-0.6306959986686707,-0.22953401505947113,0.999723494052887,0.03983519971370697,-0.6284191012382507,-0.1568089872598648,0.9997377991676331,-0.11042340099811554,-0.6277384757995605,-0.10757690668106079,0.9997629523277283,-0.03816497325897217,-0.5630295872688293,-0.22181914746761322,0.9999118447303772,-0.08258578926324844,-0.5615385174751282,-0.20684191584587097,0.9999041557312012,0.17095166444778442,-0.43979546427726746,-0.11778450757265091,0.9991866946220398,-0.16422171890735626,-0.44530177116394043,-0.027323849499225616,0.9995343685150146,0.23811370134353638,-0.255497008562088,-0.2127639651298523,0.9352306127548218,-0.220864936709404,-0.23811638355255127,-0.094838947057724,0.8743984699249268,0.021557390689849854,-0.32258474826812744,-0.37518593668937683,0.6554936766624451,-0.21964053809642792,-0.2633892297744751,-0.3155684769153595,0.642868161201477,-0.05201447010040283,-0.33154502511024475,-0.4241766631603241,0.5883628726005554,-0.21606314182281494,-0.2693641781806946,-0.36765843629837036,0.5866400003433228,-0.07010100036859512,-0.3796709477901459,-0.413755863904953,0.6406590938568115,-0.21022655069828033,-0.3070804476737976,-0.3636647164821625,0.640222430229187,-0.0038078753277659416,-0.3464969992637634,-0.37524157762527466,0.6090720295906067,-0.2077881544828415,-0.27662941813468933,-0.32098808884620667,0.621088981628418,0.11604371666908264,-0.005552911199629307,-0.015426687896251678,0.3010522723197937,-0.11484015733003616,0.00014598295092582703,0.016466297209262848,0.30912062525749207,0.12374462187290192,-0.05951682850718498,-0.10845482349395752,0.09496959298849106,-0.15156510472297668,-0.02596103772521019,-0.07962355762720108,0.09618228673934937,0.14208082854747772,0.19386717677116394,0.18677209317684174,0.02482186071574688,-0.08396812528371811,0.370606929063797,0.20695239305496216,0.03664799779653549,0.1435701996088028,0.2054429054260254,0.20311091840267181,0.011543674394488335,-0.06953701376914978,0.39449405670166016,0.23682616651058197,0.014910182915627956,0.15108247101306915,0.1774604320526123,-0.0006839530542492867,0.024209868162870407,-0.08255289494991302,0.4303417503833771,0.026305407285690308,0.028084727004170418,5,0.208,0.6190305352210999,0.6175205111503601,-2.7111087774756015e-07,,0.582066535949707,0.6151890158653259,0.017741426825523376,,0.5416876077651978,0.6220371723175049,0.022303372621536255,,0.5110428929328918,0.6320549249649048,0.021679092198610306,,0.48965248465538025,0.6509914994239807,0.01966497302055359,,0.5183879137039185,0.5761927962303162,0.01223505474627018,,0.4711814522743225,0.6170836687088013,0.003365397686138749,,0.4472004771232605,0.6613427996635437,-0.004855351988226175,,0.4343163073062897,0.6996960639953613,-0.00990147702395916,,0.5171108841896057,0.5788623690605164,-0.0019013885175809264,,0.46640726923942566,0.6306057572364807,-0.010288901627063751,,0.44425639510154724,0.6797930598258972,-0.017394069582223892,,0.4323839843273163,0.723991870880127,-0.022670496255159378,,0.5206098556518555,0.5942195653915405,-0.01541174203157425,,0.4692498445510864,0.6335999369621277,-0.021996092051267624,,0.4476556181907654,0.680537760257721,-0.025259612128138542,,0.43589138984680176,0.7221256494522095,-0.027603870257735252,,0.527622640132904,0.6201041340827942,-0.027422625571489334,,0.4885442554950714,0.6500022411346436,-0.03185424581170082,,0.46870529651641846,0.6800094246864319,-0.032253190875053406,,0.4562714099884033,0.7089171409606934,-0.032385919243097305,,,,,,,,,,,,,,,,,,,,,,,,,,,,,,,,,,,,,,,,,,,,,,,,,,,,,,,,,,,,,,,,,,,,,,,,,,,,,,,,,,,,,
-0.07128787785768509,-0.5905300974845886,-0.23857948184013367,0.9998320937156677,-0.054275866597890854,-0.6316717267036438,-0.23300276696681976,0.9997245669364929,-0.0549718514084816,-0.6312211155891418,-0.23484578728675842,0.9997280836105347,-0.054707374423742294,-0.631173312664032,-0.2323741614818573,0.9996748566627502,-0.08991164714097977,-0.6324213147163391,-0.2282070517539978,0.9997565746307373,-0.0878942683339119,-0.6327390670776367,-0.22915764153003693,0.9997764229774475,-0.08862878382205963,-0.6316089034080505,-0.2249535471200943,0.9997418522834778,0.03990797698497772,-0.628688633441925,-0.1514246016740799,0.9997572898864746,-0.10896538943052292,-0.6277313828468323,-0.10648026317358017,0.999780535697937,-0.03667064383625984,-0.5637838840484619,-0.2163248509168625,0.9999182820320129,-0.08063541352748871,-0.562066912651062,-0.20202422142028809,0.9999112486839294,0.17089934647083282,-0.4415457546710968,-0.10778233408927917,0.9992508888244629,-0.16221116483211517,-0.4452505111694336,-0.021939773112535477,0.9995660185813904,0.25374579429626465,-0.2780625820159912,-0.2067827433347702,0.9416578412055969,-0.23403069376945496,-0.2477201670408249,-0.09328678995370865,0.8865367770195007,0.04507599025964737,-0.35847631096839905,-0.3726881742477417,0.6898594498634338,-0.23295599222183228,-0.3029625415802002,-0.3046421408653259,0.6782675385475159,-0.03074236959218979,-0.3716311752796173,-0.4173843264579773,0.6285751461982727,-0.22730876505374908,-0.31520599126815796,-0.35760635137557983,0.6259721517562866,-0.04472384974360466,-0.4190290570259094,-0.4006805419921875,0.6755874156951904,-0.2226027399301529,-0.35351505875587463,-0.34298938512802124,0.6742174029350281,0.01964636705815792,-0.38280463218688965,-0.36981508135795593,0.6470352411270142,-0.22151188552379608,-0.3176769018173218,-0.30723580718040466,0.6568204760551453,0.11612250655889511,-0.004281084053218365,-0.01562831737101078,0.337958425283432,-0.11487360298633575,-0.0008785039535723627,0.016567453742027283,0.34470248222351074,0.12222413718700409,-0.059606101363897324,-0.10583138465881348,0.08783912658691406,-0.1563173234462738,-0.025583242997527122,-0.07461896538734436,0.08940983563661575,0.13826343417167664,0.19556854665279388,0.20501133799552917,0.0229924526065588,-0.08636239171028137,0.37221676111221313,0.21827654540538788,0.03381332382559776,0.13957402110099792,0.20569051802158356,0.22353513538837433,0.010873725637793541,-0.07429265230894089,0.3969302773475647,0.2500801384449005,0.014148950576782227,0.15001168847084045,0.17629215121269226,0.005850496701896191,0.02238803543150425,-0.09053025394678116,0.43535953760147095,0.0368514247238636,0.026014184579253197,6,0.25,0.6234337091445923,0.5691524744033813,-1.5849438739223842e-07,,0.5887733101844788,0.5744219422340393,0.021690547466278076,,0.5541239976882935,0.5784969925880432,0.03204759582877159,,0.5289918184280396,0.5838503241539001,0.03681698814034462,,0.5114765763282776,0.5963020920753479,0.040865860879421234,,0.5276676416397095,0.528479814529419,0.03195466846227646,,0.487964928150177,0.5524170994758606,0.03644750639796257,,0.466624915599823,0.5748345851898193,0.035803843289613724,,0.44907346367836,0.5964778661727905,0.034243639558553696,,0.52567058801651,0.5332739949226379,0.020550623536109924,,0.48360612988471985,0.5641114115715027,0.025876428931951523,,0.46275895833969116,0.5879284143447876,0.02426876872777939,,0.4449857473373413,0.6086041331291199,0.02128436043858528,,0.5275324583053589,0.5513841509819031,0.009533213451504707,,0.48826515674591064,0.5798137784004211,0.015730874612927437,,0.468776136636734,0.6026655435562134,0.015802789479494095,,0.4525853395462036,0.6217800974845886,0.013366909697651863,,0.5310899019241333,0.5804710984230042,-0.00032377656316384673,,0.5015497803688049,0.59972083568573,0.006878240033984184,,0.48532339930534363,0.614853024482727,0.010401998646557331,,0.47172269225120544,0.62910395860672,0.011157902888953686,,,,,,,,,,,,,,,,,,,,,,,,,,,,,,,,,,,,,,,,,,,,,,,,,,,,,,,,,,,,,,,,,,,,,,,,,,,,,,,,,,,,,
-0.07249976694583893,-0.5905748605728149,-0.23415930569171906,0.9998434782028198,-0.05500871315598488,-0.6317148208618164,-0.22941964864730835,0.9997410774230957,-0.0557422898709774,-0.6312621235847473,-0.23119281232357025,0.9997439980506897,-0.0555068776011467,-0.6312156319618225,-0.22866463661193848,0.9996949434280396,-0.09017296880483627,-0.632462203502655,-0.2239311933517456,0.9997712969779968,-0.08815424889326096,-0.6327868103981018,-0.2250283658504486,0.9997895956039429,-0.08885989338159561,-0.6316584944725037,-0.22076961398124695,0.9997578263282776,0.039222005754709244,-0.6285087466239929,-0.15063320100307465,0.9997754693031311,-0.10885949432849884,-0.6268834471702576,-0.1024196520447731,0.9997959733009338,-0.037508875131607056,-0.5637944936752319,-0.21301791071891785,0.9999243021011353,-0.08104541897773743,-0.5620526671409607,-0.19728054106235504,0.9999178051948547,0.17068849503993988,-0.4417452812194824,-0.10636697709560394,0.9993122816085815,-0.15915516018867493,-0.4439897835254669,-0.012153810821473598,0.9995981454849243,0.2573446035385132,-0.28479239344596863,-0.20665346086025238,0.947468638420105,-0.2351990044116974,-0.2526428997516632,-0.08557672053575516,0.8975974321365356,0.051546890288591385,-0.3746429681777954,-0.3706603944301605,0.720835268497467,-0.24931439757347107,-0.3216091990470886,-0.2913171350955963,0.7102758288383484,-0.02425922453403473,-0.39076071977615356,-0.4134904444217682,0.6651629209518433,-0.24786396324634552,-0.3374703824520111,-0.3427168130874634,0.6621087193489075,-0.03746405243873596,-0.4381874203681946,-0.3921239674091339,0.7074287533760071,-0.24654194712638855,-0.37527668476104736,-0.32616788148880005,0.705515444278717,0.025726186111569405,-0.3997054696083069,-0.36536577343940735,0.6816522479057312,-0.23971962928771973,-0.33693960309028625,-0.2936835289001465,0.6897437572479248,0.11611428111791611,-0.0029747504740953445,-0.017250027507543564,0.3737054765224457,-0.11483437567949295,-0.0017534774960950017,0.017865527421236038,0.37955242395401,0.12316647917032242,-0.06170673668384552,-0.10677909106016159,0.08096330612897873,-0.15735875070095062,-0.036841981112957,-0.06992822885513306,0.08282691240310669,0.13561153411865234,0.19711369276046753,0.20570845901966095,0.021249698475003242,-0.08857732266187668,0.3739214837551117,0.22452248632907867,0.03115915320813656,0.1366862952709198,0.20703747868537903,0.22426490485668182,0.0101924454793334,-0.07572054117918015,0.400208443403244,0.25667935609817505,0.01339828409254551,0.14598864316940308,0.17641542851924896,0.00455511873587966,0.020630912855267525,-0.09290651232004166,0.43577688932418823,0.04359138011932373,0.02401972934603691,7,0.291,0.630382239818573,0.5303084254264832,-1.372322202541909e-07,,0.599072277545929,0.5319637656211853,0.01401735469698906,,0.5670064687728882,0.5273832678794861,0.02020920068025589,,0.5448006391525269,0.5261110067367554,0.022101551294326782,,0.5273926258087158,0.5327573418617249,0.023476656526327133,,0.5400429964065552,0.4858724772930145,0.019654083997011185,,0.5026558637619019,0.5042135119438171,0.017090775072574615,,0.47806933522224426,0.5262472033500671,0.012699345126748085,,0.45986586809158325,0.5487743020057678,0.009338795207440853,,0.5368683338165283,0.4911709427833557,0.009391618892550468,,0.4951530694961548,0.5145688056945801,0.00831886287778616,,0.47141098976135254,0.5381914973258972,0.004886059556156397,,0.4521467685699463,0.5599809885025024,0.0014769862173125148,,0.5371237993240356,0.5096473097801208,-0.0010940084466710687,,0.4973120093345642,0.5308793783187866,-0.0015269193099811673,,0.474859356880188,0.5515574812889099,-0.004001184832304716,,0.4568308889865875,0.5697290897369385,-0.006974212359637022,,0.5394263863563538,0.5394735336303711,-0.010936211794614792,,0.5096051096916199,0.5545224547386169,-0.009634172543883324,,0.49223893880844116,0.567115068435669,-0.00885122362524271,,0.47736087441444397,0.5798138380050659,-0.00932488963007927,,,,,,,,,,,,,,,,,,,,,,,,,,,,,,,,,,,,,,,,,,,,,,,,,,,,,,,,,,,,,,,,,,,,,,,,,,,,,,,,,,,,,
-0.0728515088558197,-0.5906355381011963,-0.2277100682258606,0.9998545050621033,-0.05511144548654556,-0.6317428350448608,-0.22315742075443268,0.9997572898864746,-0.05584543198347092,-0.6312899589538574,-0.224868044257164,0.9997596144676208,-0.05560533329844475,-0.6312429904937744,-0.22229528427124023,0.9997144341468811,-0.09012699127197266,-0.6324803829193115,-0.21714383363723755,0.9997857809066772,-0.08811429142951965,-0.6328030228614807,-0.21828149259090424,0.9998024702072144,-0.08883459866046906,-0.6316721439361572,-0.21397408843040466,0.999773383140564,0.03966693952679634,-0.6275454163551331,-0.14675718545913696,0.9997928738594055,-0.10540914535522461,-0.6248904466629028,-0.0949319526553154,0.9998104572296143,-0.037614766508340836,-0.5637392997741699,-0.20758818089962006,0.9999301433563232,-0.08098502457141876,-0.5619562864303589,-0.1905304491519928,0.9999240636825562,0.17071349918842316,-0.4419824481010437,-0.10056883841753006,0.9993701577186584,-0.1518942415714264,-0.44119712710380554,-0.0017220788868144155,0.999628484249115,0.26042869687080383,-0.30215686559677124,-0.20286142826080322,0.9527031183242798,-0.23404207825660706,-0.2579496502876282,-0.07562071084976196,0.9075832366943359,0.05791337788105011,-0.4112347662448883,-0.357134610414505,0.7487205266952515,-0.2532181441783905,-0.3474631905555725,-0.27397704124450684,0.7391185760498047,-0.01755395717918873,-0.4352831244468689,-0.3997528851032257,0.6981562972068787,-0.25338214635849,-0.3718826472759247,-0.3232150971889496,0.6948083639144897,-0.027858538553118706,-0.48266664147377014,-0.3711378872394562,0.7361434102058411,-0.25470975041389465,-0.4096488952636719,-0.30307430028915405,0.7338347434997559,0.032812125980854034,-0.43766000866889954,-0.34845635294914246,0.7128615975379944,-0.2451162338256836,-0.3642382323741913,-0.2751684784889221,0.7194618582725525,0.11564873903989792,-0.0021359408274292946,-0.02079586870968342,0.4061449468135834,-0.11412283033132553,-0.002296305727213621,0.021156853064894676,0.41154465079307556,0.12304578721523285,-0.07021093368530273,-0.11404929310083389,0.07472605258226395,-0.1611938178539276,-0.054888684302568436,-0.06700023263692856,0.07656741887331009,0.13519644737243652,0.1917194128036499,0.20629507303237915,0.019693035632371902,-0.08918370306491852,0.37695321440696716,0.2363065481185913,0.02865590900182724,0.13587020337581635,0.1995386928319931,0.22551701962947845,0.009626181796193123,-0.07734181731939316,0.40164610743522644,0.2704210877418518,0.012782596983015537,0.13289183378219604,0.16283541917800903,0.0019144754623994231,0.019032172858715057,-0.09425907582044601,0.43397924304008484,0.05466318130493164,0.02213072031736374,8,0.333,0.6345800757408142,0.49876323342323303,-1.0501338465473964e-07,,0.6018818020820618,0.4976631999015808,0.011774877086281776,,0.5709489583969116,0.4901045262813568,0.016475679352879524,,0.5490404963493347,0.48769432306289673,0.017499485984444618,,0.53262859582901,0.49353012442588806,0.01788315363228321,,0.5467519760131836,0.44916385412216187,0.0145723232999444,,0.5090309381484985,0.4724852740764618,0.010797630995512009,,0.4831692576408386,0.4926760494709015,0.006399562116712332,,0.4626249670982361,0.5117568969726562,0.0030266728717833757,,0.5452666878700256,0.45394009351730347,0.005331180524080992,,0.5029914379119873,0.48172980546951294,0.002007236937060952,,0.47738274931907654,0.5043703317642212,-0.0017980007687583566,,0.45572811365127563,0.5247909426689148,-0.0051076472736895084,,0.5465227961540222,0.47232866287231445,-0.00400048540905118,,0.5069831609725952,0.4983362853527069,-0.006365776993334293,,0.4830315113067627,0.5195251703262329,-0.009318436495959759,,0.46280723810195923,0.5372631549835205,-0.012181459926068783,,0.5495697259902954,0.501607358455658,-0.012820624746382236,,0.5207722187042236,0.5171970725059509,-0.013506787829101086,,0.5020483732223511,0.5298638939857483,-0.014073902741074562,,0.48526477813720703,0.5425098538398743,-0.015199493616819382,,0.40727943181991577,0.6279081702232361,-2.2209629690905786e-08,,0.4076777994632721,0.5823625326156616,-0.011726727709174156,,0.4120415151119232,0.5488407611846924,-0.020602118223905563,,0.4098431169986725,0.5193414092063904,-0.0283975712954998,,0.4030473232269287,0.4908551871776581,-0.03742118552327156,,0.4115821123123169,0.5859984755516052,-0.028670892119407654,,0.4152826964855194,0.582883358001709,-0.047008149325847626,,0.41334396600723267,0.5817640423774719,-0.06106692552566528,,0.4124791622161865,0.5858187079429626,-0.06991307437419891,,0.40884146094322205,0.6212661862373352,-0.031189627945423126,,0.4137706756591797,0.6213878989219666,-0.04765348881483078,,0.41289424896240234,0.6254910230636597,-0.056830085813999176,,0.41426360607147217,0.6345818638801575,-0.06458282470703125,,0.4070650637149811,0.6495864987373352,-0.034106992185115814,,0.41337069869041443,0.6528904438018799,-0.051907818764448166,,0.413643479347229,0.6602010130882263,-0.05600236728787422,,0.4154275357723236,0.6682782769203186,-0.058502376079559326,,0.4045000672340393,0.669793426990509,-0.03764771297574043,,0.41007164120674133,0.6807643175125122,-0.05336809903383255,,0.4110160768032074,0.6944215893745422,-0.05514923110604286,,0.41389167308807373,0.7069311141967773,-0.055706482380628586,
-0.07311438024044037,-0.5847644805908203,-0.22743187844753265,0.9998659491539001,-0.055336374789476395,-0.625935971736908,-0.22291620075702667,0.9997752904891968,-0.056048937141895294,-0.6254622340202332,-0.22464142739772797,0.9997771382331848,-0.05580252781510353,-0.625435471534729,-0.22205498814582825,0.999735951423645,-0.0905376747250557,-0.6258476376533508,-0.21784834563732147,0.9998014569282532,-0.088526152074337,-0.6260766983032227,-0.21895381808280945,0.9998164176940918,-0.08924345672130585,-0.6248843669891357,-0.2146352082490921,0.9997897744178772,0.03601384162902832,-0.6220651268959045,-0.14565321803092957,0.9998108744621277,-0.10694713145494461,-0.6162471175193787,-0.09686549752950668,0.9998255968093872,-0.03785831481218338,-0.5578324794769287,-0.2067343294620514,0.9999362826347351,-0.08112867921590805,-0.5553929209709167,-0.19087299704551697,0.9999306797981262,0.16710388660430908,-0.44196397066116333,-0.09520532935857773,0.9994279742240906,-0.15210482478141785,-0.43715712428092957,-0.006049918010830879,0.9996597170829773,0.272196501493454,-0.31797632575035095,-0.18370285630226135,0.957417905330658,-0.23764659464359283,-0.27575936913490295,-0.07726771384477615,0.9166960120201111,0.0710059255361557,-0.44236430525779724,-0.31443551182746887,0.7738214731216431,-0.249960258603096,-0.40988779067993164,-0.25090351700782776,0.7651388049125671,-0.004622138570994139,-0.47056159377098083,-0.35294026136398315,0.7278544306755066,-0.2460293173789978,-0.4434826970100403,-0.2952057719230652,0.7246112823486328,-0.017594167962670326,-0.5153500437736511,-0.32299908995628357,0.7619709968566895,-0.24696318805217743,-0.4826490879058838,-0.2709965407848358,0.7596418857574463,0.0443241111934185,-0.4684299826622009,-0.3050100803375244,0.7409683465957642,-0.2414686530828476,-0.42878004908561707,-0.2496218979358673,0.7465788125991821,0.11571644991636276,-0.0016556823393329978,-0.021178115159273148,0.42791083455085754,-0.11409597098827362,-0.002537208143621683,0.021524684503674507,0.43465861678123474,0.13454215228557587,-0.09441530704498291,-0.1251945048570633,0.06909142434597015,-0.16278885304927826,-0.0970669761300087,-0.07382458448410034,0.07105456292629242,0.13832814991474152,0.17671388387680054,0.20484140515327454,0.018227411434054375,-0.08804905414581299,0.3770190477371216,0.23024849593639374,0.026426220312714577,0.13942530751228333,0.183865025639534,0.22461310029029846,0.009077480062842369,-0.073531873524189,0.4004685580730438,0.2650825083255768,0.012223325669765472,0.13709674775600433,0.1406247764825821,0.0012898582499474287,0.017503391951322556,-0.08738639950752258,0.42372384667396545,0.05282142013311386,0.020367639139294624,9,0.375,0.6473960876464844,0.4483143091201782,-1.1927933485367248e-07,,0.6099216341972351,0.48452842235565186,0.005851125344634056,,0.5783421397209167,0.47963976860046387,0.0073121520690619946,,0.5572279691696167,0.4711996614933014,0.00628219498321414,,0.5399931073188782,0.4673624038696289,0.004080957733094692,,0.550498902797699,0.40824705362319946,0.0090367766097188,,0.5117501020431519,0.44408082962036133,0.004209048580378294,,0.4855497479438782,0.4653383493423462,-0.0021330041345208883,,0.46441850066185,0.4789247512817383,-0.00715043768286705,,0.551834225654602,0.40468963980674744,0.0012556834844872355,,0.5071006417274475,0.4474118947982788,-0.0022014642599970102,,0.479143351316452,0.47242555022239685,-0.008435215801000595,,0.4561541974544525,0.4883049428462982,-0.014134283177554607,,0.553954005241394,0.41556090116500854,-0.0068052783608436584,,0.5101543068885803,0.45164456963539124,-0.011732504703104496,,0.48416951298713684,0.4745718240737915,-0.017026938498020172,,0.46334314346313477,0.4899997115135193,-0.021090270951390266,,0.557481586933136,0.437084436416626,-0.014621956273913383,,0.523902952671051,0.46203985810279846,-0.017874710261821747,,0.5042794942855835,0.4751948118209839,-0.019216768443584442,,0.48784151673316956,0.4849989116191864,-0.020393401384353638,,0.41002053022384644,0.5746509432792664,-1.4629051747760968e-07,,0.41831424832344055,0.5145925879478455,-0.0075323618948459625,,0.4248667061328888,0.4702413082122803,-0.01365603506565094,,0.4226597249507904,0.43532082438468933,-0.01952914521098137,,0.4131683111190796,0.4077049195766449,-0.026549408212304115,,0.4206567406654358,0.5049808621406555,-0.016931680962443352,,0.4203892946243286,0.5177010297775269,-0.02821142040193081,,0.4178936779499054,0.5149881839752197,-0.039255961775779724,,0.41748541593551636,0.5090100169181824,-0.04751379042863846,,0.4156205952167511,0.5396945476531982,-0.019615475088357925,,0.4177230894565582,0.5551948547363281,-0.02851339615881443,,0.41875526309013367,0.5590459108352661,-0.03540722280740738,,0.4211823642253876,0.5577174425125122,-0.04308459907770157,,0.4126715064048767,0.5690649151802063,-0.02238774113357067,,0.41616684198379517,0.5796878933906555,-0.032643143087625504,,0.4191295802593231,0.5754261016845703,-0.034986648708581924,,0.42322850227355957,0.5676271915435791,-0.037986159324645996,,0.41009747982025146,0.5924482345581055,-0.025739960372447968,,0.4158964157104492,0.6004026532173157,-0.032993800938129425,,0.42016491293907166,0.5996153950691223,-0.0318915992975235,,0.4250636398792267,0.597429096698761,-0.032175976783037186,
-0.07233927398920059,-0.580968976020813,-0.2290268987417221,0.9998767971992493,-0.05540154501795769,-0.6224074363708496,-0.22444221377372742,0.9997922778129578,-0.056124333292245865,-0.6219260692596436,-0.2261853814125061,0.9997937083244324,-0.05586806684732437,-0.6219463348388672,-0.22362768650054932,0.9997566342353821,-0.09058335423469543,-0.6218408942222595,-0.21884366869926453,0.999816358089447,-0.08857115358114243,-0.6220764517784119,-0.21992647647857666,0.9998297691345215,-0.08928912878036499,-0.6208807826042175,-0.21561959385871887,0.9998055696487427,0.03421898931264877,-0.6204642057418823,-0.14574973285198212,0.9998273253440857,-0.10928770154714584,-0.6131004691123962,-0.09877049177885056,0.9998399019241333,-0.03775506839156151,-0.5549880266189575,-0.20806580781936646,0.9999418258666992,-0.08101332932710648,-0.5520548820495605,-0.19219374656677246,0.9999366998672485,0.16488833725452423,-0.444214403629303,-0.0941312313079834,0.9994802474975586,-0.15634141862392426,-0.4366758167743683,-0.00676464568823576,0.9996880888938904,0.27564293146133423,-0.3270915746688843,-0.17515936493873596,0.9616543054580688,-0.24929340183734894,-0.29588523507118225,-0.08470535278320312,0.9248759150505066,0.0758993849158287,-0.4509042203426361,-0.2994740605354309,0.7963927984237671,-0.2460496574640274,-0.4392307996749878,-0.25121915340423584,0.7885051965713501,0.002737233880907297,-0.4793686866760254,-0.33884763717651367,0.7543971538543701,-0.243950754404068,-0.4727146625518799,-0.2943730056285858,0.7509910464286804,-0.01414535567164421,-0.520771324634552,-0.3120810389518738,0.785018265247345,-0.24111519753932953,-0.510233998298645,-0.27057427167892456,0.7823542356491089,0.048134855926036835,-0.47491592168807983,-0.29235905408859253,0.7660512924194336,-0.2366980016231537,-0.45621582865715027,-0.2501178979873657,0.7704502940177917,0.11583639681339264,-0.0016405523056164384,-0.021061455830931664,0.43862006068229675,-0.1141064316034317,-0.0026224146131426096,0.02144382707774639,0.4448016583919525,0.13719035685062408,-0.09943205118179321,-0.12407305836677551,0.06442640721797943,-0.16301433742046356,-0.09471740573644638,-0.0834212526679039,0.06628944724798203,0.13846059143543243,0.17426975071430206,0.2041764259338379,0.016985362395644188,-0.0890468880534172,0.36995893716812134,0.22929738461971283,0.024438848719000816,0.1394602358341217,0.18160955607891083,0.22419345378875732,0.008591747842729092,-0.07439790666103363,0.39067983627319336,0.2627354860305786,0.01171229500323534,0.145415261387825,0.13899557292461395,-0.01146100927144289,0.01623798906803131,-0.08625993877649307,0.412222295999527,0.03473474457859993,0.01886003278195858,10,0.417,0.6519981622695923,0.4385336935520172,-1.640802764768523e-07,,0.6125189065933228,0.4760596752166748,0.006605140399187803,,0.5846076011657715,0.4718487560749054,0.009346738457679749,,0.5673990249633789,0.4632696807384491,0.008629643358290195,,0.553551197052002,0.45338308811187744,0.005945615004748106,,0.5537946224212646,0.3903155028820038,0.016977639868855476,,0.5189772248268127,0.42317312955856323,0.014407223090529442,,0.4941822588443756,0.4432382583618164,0.007455254904925823,,0.4742799401283264,0.4590427577495575,0.001711397897452116,,0.5547853112220764,0.3857754170894623,0.00802413560450077,,0.5159504413604736,0.42513471841812134,0.008013690821826458,,0.48960402607917786,0.44821590185165405,-0.0001756325364112854,,0.4687693417072296,0.4686632454395294,-0.008104855194687843,,0.5568788647651672,0.3938514292240143,-0.0015811172779649496,,0.5170664191246033,0.4301616847515106,-0.00445472402498126,,0.49054181575775146,0.4521012604236603,-0.011430470272898674,,0.470978707075119,0.4714798331260681,-0.01730814203619957,,0.5599445104598999,0.4156506657600403,-0.011165973730385303,,0.5249003767967224,0.4420677125453949,-0.01383594237267971,,0.5042504668235779,0.45559948682785034,-0.015240891836583614,,0.4884880781173706,0.4681708812713623,-0.016753504052758217,,0.41288164258003235,0.5594506859779358,-8.884116553531385e-09,,0.4268040359020233,0.49939993023872375,-0.00936062727123499,,0.4364507496356964,0.4501144289970398,-0.016646407544612885,,0.433784157037735,0.41051825881004333,-0.022731035947799683,,0.4245367646217346,0.37957388162612915,-0.029293032363057137,,0.42636838555336,0.4706507623195648,-0.02329525537788868,,0.4292781352996826,0.4738898277282715,-0.03790944069623947,,0.42963066697120667,0.47393104434013367,-0.04887029901146889,,0.43088850378990173,0.4703320860862732,-0.05666174367070198,,0.42281392216682434,0.505746603012085,-0.025778869166970253,,0.4249529242515564,0.5061089396476746,-0.03799860551953316,,0.4280288815498352,0.5037868022918701,-0.04576537385582924,,0.4305102825164795,0.49888551235198975,-0.05356823652982712,,0.421785444021225,0.5369996428489685,-0.028529085218906403,,0.4248237907886505,0.5389637351036072,-0.041623976081609726,,0.4282429814338684,0.5336943864822388,-0.045899223536252975,,0.43117988109588623,0.5234696269035339,-0.05005872622132301,,0.4223100543022156,0.5628087520599365,-0.031779851764440536,,0.42789965867996216,0.569419801235199,-0.042876485735177994,,0.4290235936641693,0.573266327381134,-0.04489155858755112,,0.4306456446647644,0.5732865333557129,-0.04694060608744621,
-0.07119263708591461,-0.5810179710388184,-0.22987473011016846,0.9998872876167297,-0.05511648207902908,-0.6224308609962463,-0.22496174275875092,0.9998087882995605,-0.055845439434051514,-0.6219484806060791,-0.22672368586063385,0.9998098611831665,-0.0555839017033577,-0.621980607509613,-0.22417566180229187,0.9997766017913818,-0.09032201021909714,-0.6217859387397766,-0.21997301280498505,0.9998309016227722,-0.0882984921336174,-0.6220327615737915,-0.22103002667427063,0.9998429417610168,-0.08901817351579666,-0.6208463907241821,-0.21673788130283356,0.9998209476470947,0.033033594489097595,-0.6205393075942993,-0.14264272153377533,0.9998425841331482,-0.1116262674331665,-0.6132622361183167,-0.09940654784440994,0.9998536109924316,-0.037414904683828354,-0.5551846623420715,-0.20786553621292114,0.9999469518661499,-0.08074644953012466,-0.55219566822052,-0.1931787133216858,0.9999423027038574,0.16251014173030853,-0.45051059126853943,-0.09213978052139282,0.999527633190155,-0.16165262460708618,-0.43779975175857544,-0.00917895883321762,0.9997145533561707,0.2752196788787842,-0.3367311656475067,-0.1763761192560196,0.965470552444458,-0.2647344768047333,-0.32008621096611023,-0.10551080107688904,0.9322957396507263,0.07837499678134918,-0.4502049386501312,-0.30279096961021423,0.8167105317115784,-0.2441171109676361,-0.4596486985683441,-0.25672584772109985,0.8095552325248718,0.00832809042185545,-0.4766027331352234,-0.34427550435066223,0.7783214449882507,-0.24056333303451538,-0.4908788204193115,-0.30055126547813416,0.7747896313667297,-0.011785267852246761,-0.5136244297027588,-0.31972986459732056,0.8057990670204163,-0.23687052726745605,-0.5256046652793884,-0.27994346618652344,0.8028227090835571,0.05016006901860237,-0.471453458070755,-0.2971592843532562,0.7886902093887329,-0.23402632772922516,-0.47416067123413086,-0.2572634220123291,0.7920510768890381,0.11595440655946732,-0.001658414606936276,-0.020684797316789627,0.4561791718006134,-0.11416488885879517,-0.002645141212269664,0.021103715524077415,0.46177634596824646,0.13788290321826935,-0.09580231457948685,-0.12001004815101624,0.06015684828162193,-0.1629374772310257,-0.08228304237127304,-0.08975987136363983,0.06193670630455017,0.13897238671779633,0.17595688998699188,0.19696614146232605,0.01581617444753647,-0.08972051739692688,0.3716183602809906,0.22245962917804718,0.022608986124396324,0.1399233639240265,0.1840137094259262,0.2157573699951172,0.008095240220427513,-0.07511167973279953,0.3920614719390869,0.2558652460575104,0.011198408901691437,0.15113964676856995,0.14176996052265167,-0.021006977185606956,0.015080760233104229,-0.08646740019321442,0.4145030677318573,0.0216380562633276,0.01749410852789879,11,0.458,0.6381633281707764,0.44117653369903564,-1.8917695854270278e-08,,0.6076411604881287,0.4784999191761017,0.002910461276769638,,0.5829405784606934,0.48100024461746216,0.0017811161233112216,,0.5704926252365112,0.4800805151462555,-0.0018800160614773631,,0.5604851245880127,0.4729762077331543,-0.0058718291111290455,,0.5498782992362976,0.401356041431427,0.008304252289235592,,0.5170945525169373,0.4259844124317169,0.0018424717709422112,,0.4920036792755127,0.4409119188785553,-0.005119012668728828,,0.4707759618759155,0.4513552486896515,-0.010744184255599976,,0.5503861308097839,0.3924869894981384,7.125609408831224e-05,,0.5106518268585205,0.42480045557022095,-0.0077229212038218975,,0.4852706491947174,0.44127365946769714,-0.015494581311941147,,0.46094924211502075,0.45115718245506287,-0.021266138181090355,,0.5519123673439026,0.3962632417678833,-0.009195934049785137,,0.5124205946922302,0.4277821183204651,-0.01769183576107025,,0.48619911074638367,0.44349706172943115,-0.022925807163119316,,0.4626270532608032,0.4522305428981781,-0.02590693160891533,,0.5535454154014587,0.41359907388687134,-0.018675846979022026,,0.5198948979377747,0.43339475989341736,-0.024583956226706505,,0.4985712766647339,0.4436265528202057,-0.0264268908649683,,0.47900405526161194,0.4490413963794708,-0.02750324457883835,,0.41661426424980164,0.5409523844718933,9.310562631981156e-08,,0.4308409094810486,0.48387423157691956,-0.009329746477305889,,0.44190430641174316,0.43389490246772766,-0.01624959148466587,,0.44117507338523865,0.39267608523368835,-0.021963465958833694,,0.4348718225955963,0.3602239489555359,-0.02787136472761631,,0.42610064148902893,0.4591961205005646,-0.023087911307811737,,0.4334726333618164,0.4474331736564636,-0.03665894269943237,,0.4425298571586609,0.44526636600494385,-0.04637175425887108,,0.4508492946624756,0.4457698464393616,-0.05319996550679207,,0.4240990877151489,0.4932251572608948,-0.02501389943063259,,0.43287521600723267,0.4827735126018524,-0.03740983083844185,,0.4424903690814972,0.4766964316368103,-0.04400227963924408,,0.4479736387729645,0.47358936071395874,-0.05035107955336571,,0.425121009349823,0.525603175163269,-0.027258016169071198,,0.4321979284286499,0.5192789435386658,-0.03961668536067009,,0.440119206905365,0.5146313309669495,-0.04235818609595299,,0.4444986581802368,0.5107812881469727,-0.04501431807875633,,0.42725682258605957,0.5532001852989197,-0.030075138434767723,,0.4345357120037079,0.5524255037307739,-0.04012453183531761,,0.4395112693309784,0.5516536831855774,-0.041692402213811874,,0.44307276606559753,0.5512636303901672,-0.04326999559998512,
-0.07011354714632034,-0.5807798504829407,-0.23052366077899933,0.9998964667320251,-0.0546245239675045,-0.622191846370697,-0.22562232613563538,0.9998230934143066,-0.05535273626446724,-0.6217105984687805,-0.22739239037036896,0.9998237490653992,-0.05508578196167946,-0.6217523813247681,-0.22485285997390747,0.9997938275337219,-0.08994817733764648,-0.6213423609733582,-0.2202206254005432,0.9998436570167542,-0.0879095196723938,-0.6215896010398865,-0.2212478518486023,0.9998545050621033,-0.08863278478384018,-0.6204084157943726,-0.2169422209262848,0.9998345375061035,0.03221030905842781,-0.6205987334251404,-0.14156046509742737,0.9998561143875122,-0.11407847702503204,-0.612802267074585,-0.10077614337205887,0.9998659491539001,-0.03708209469914436,-0.555230438709259,-0.20826105773448944,0.9999515414237976,-0.08059936761856079,-0.5520021319389343,-0.19374960660934448,0.9999473690986633,0.16094893217086792,-0.456528902053833,-0.09078534692525864,0.999570906162262,-0.16671597957611084,-0.43795326352119446,-0.014786175452172756,0.9997392892837524,0.2769258916378021,-0.3469874858856201,-0.17692118883132935,0.9689074754714966,-0.26828858256340027,-0.320538192987442,-0.12082970887422562,0.9389908313751221,0.07640169560909271,-0.45263007283210754,-0.30352890491485596,0.8350001573562622,-0.24198462069034576,-0.45508256554603577,-0.2625933885574341,0.8285167217254639,0.005854239221662283,-0.4776228070259094,-0.346261203289032,0.7998713254928589,-0.22625593841075897,-0.4866996109485626,-0.30636587738990784,0.7963554859161377,-0.01529786642640829,-0.5142364501953125,-0.3216075003147125,0.8245148658752441,-0.22282668948173523,-0.5224546194076538,-0.28526702523231506,0.8214023113250732,0.047524143010377884,-0.4733756184577942,-0.298123300075531,0.809075653553009,-0.23085379600524902,-0.4701477885246277,-0.2588292062282562,0.8116148710250854,0.11606183648109436,-0.0016795098781585693,-0.020178496837615967,0.4770289361476898,-0.11424234509468079,-0.0026426624972373247,0.020608915016055107,0.4821518063545227,0.13980130851268768,-0.09462254494428635,-0.11349837481975555,0.0563984289765358,-0.16271977126598358,-0.07576393336057663,-0.08988823741674423,0.0580456368625164,0.13972418010234833,0.17838504910469055,0.19649019837379456,0.014750402420759201,-0.08964026719331741,0.3727867305278778,0.22090870141983032,0.02097437158226967,0.1406909078359604,0.1861114799976349,0.2153625786304474,0.007644613739103079,-0.07489501684904099,0.39314377307891846,0.25472646951675415,0.010730144567787647,0.15473224222660065,0.14800240099430084,-0.018700290471315384,0.014023564755916595,-0.08504324406385422,0.41584375500679016,0.02088441140949726,0.01626739650964737,12,0.5,0.6374903917312622,0.4252305030822754,-5.43677920461505e-08,,0.6073418855667114,0.472005158662796,0.003863774472847581,,0.5823214650154114,0.47551214694976807,0.0033669467084109783,,0.5679543018341064,0.4713059067726135,2.94483525067335e-05,,0.557391881942749,0.4592588543891907,-0.0037648254074156284,,0.5494515299797058,0.390934556722641,0.009519606828689575,,0.5156728029251099,0.41791433095932007,0.0037497791927307844,,0.4906584620475769,0.43367037177085876,-0.003024027682840824,,0.46944284439086914,0.4435270428657532,-0.008733660914003849,,0.5504566431045532,0.38213834166526794,0.0004474176384974271,,0.5101057887077332,0.4179312586784363,-0.006196133326739073,,0.483510285615921,0.4351438879966736,-0.014075132086873055,,0.46004587411880493,0.44437915086746216,-0.020260155200958252,,0.5523939728736877,0.38625195622444153,-0.009593634866178036,,0.5118414759635925,0.4193458557128906,-0.017778180539608,,0.4845549464225769,0.43564751744270325,-0.023755865171551704,,0.46136072278022766,0.44355490803718567,-0.027563059702515602,,0.5545977354049683,0.40347811579704285,-0.019725251942873,,0.5192108154296875,0.42412447929382324,-0.02652529440820217,,0.4978747069835663,0.4335470199584961,-0.02908221259713173,,0.4790711998939514,0.43725836277008057,-0.030694741755723953,,0.42087656259536743,0.5327552556991577,5.8263644575617946e-08,,0.43829360604286194,0.4732067584991455,-0.009011687710881233,,0.4509007930755615,0.4212922155857086,-0.0156554002314806,,0.45035815238952637,0.3808586895465851,-0.021157922223210335,,0.44432827830314636,0.347701758146286,-0.026749446988105774,,0.4320755898952484,0.44669240713119507,-0.022869843989610672,,0.4396640956401825,0.4324883818626404,-0.03687610104680061,,0.447992205619812,0.4296959340572357,-0.04687076061964035,,0.4560454785823822,0.42920708656311035,-0.05380457639694214,,0.4291803240776062,0.47968122363090515,-0.0249834842979908,,0.4365440607070923,0.46797436475753784,-0.03694362938404083,,0.44557133316993713,0.46344631910324097,-0.04292498901486397,,0.4522700905799866,0.46081534028053284,-0.04896260425448418,,0.4296639859676361,0.512477695941925,-0.027526356279850006,,0.4371435046195984,0.5059160590171814,-0.03944908455014229,,0.44629284739494324,0.5009864568710327,-0.04174746945500374,,0.4530007243156433,0.49595463275909424,-0.04438280686736107,,0.4323643445968628,0.5424356460571289,-0.03076786734163761,,0.44008299708366394,0.5414791703224182,-0.04037509858608246,,0.4460843503475189,0.5405350923538208,-0.041824787855148315,,0.45123037695884705,0.539057731628418,-0.04357234016060829,
-0.0714513435959816,-0.5777896046638489,-0.22854752838611603,0.9999034404754639,-0.05699179694056511,-0.6199408173561096,-0.22406698763370514,0.999833345413208,-0.05773462355136871,-0.6194424033164978,-0.22590550780296326,0.9998338222503662,-0.05745919421315193,-0.6195048093795776,-0.2233550101518631,0.9998074769973755,-0.09186617285013199,-0.6186820268630981,-0.2191295325756073,0.9998521208763123,-0.08984336256980896,-0.6189495325088501,-0.22010166943073273,0.9998616576194763,-0.09055875986814499,-0.6177774667739868,-0.21583159267902374,0.9998434782028198,0.03032522462308407,-0.6206614375114441,-0.14123588800430298,0.99986732006073,-0.114731565117836,-0.6123759150505066,-0.10013636201620102,0.9998747110366821,-0.037782713770866394,-0.5538297891616821,-0.20621554553508759,0.9999552369117737,-0.08096771687269211,-0.55016028881073,-0.19183175265789032,0.9999513030052185,0.16103723645210266,-0.45792314410209656,-0.09129586815834045,0.9996092319488525,-0.16623574495315552,-0.4386388659477234,-0.014926241710782051,0.9997596740722656,0.27529922127723694,-0.34370824694633484,-0.17581981420516968,0.9719951152801514,-0.2672443687915802,-0.32340529561042786,-0.11595974117517471,0.9449500441551208,0.07635713368654251,-0.4567347466945648,-0.29788094758987427,0.8514477610588074,-0.23952613770961761,-0.4595751166343689,-0.25434625148773193,0.8455185294151306,0.005789556540548801,-0.4835658073425293,-0.3393613398075104,0.8191983103752136,-0.22028587758541107,-0.48994722962379456,-0.2970747649669647,0.8153234124183655,-0.014374842867255211,-0.5214662551879883,-0.314728319644928,0.8412977457046509,-0.21504651010036469,-0.5267794728279114,-0.2726323902606964,0.8376563191413879,0.04793165624141693,-0.47826650738716125,-0.2921343147754669,0.8273370265960693,-0.22715209424495697,-0.47465071082115173,-0.251929372549057,0.8287453055381775,0.1160682961344719,-0.0016608097357675433,-0.020230688154697418,0.4901748597621918,-0.11420869082212448,-0.0027314049657434225,0.020708167925477028,0.49395421147346497,0.13850829005241394,-0.09322278201580048,-0.11332079023122787,0.05362936109304428,-0.16175606846809387,-0.08209159225225449,-0.090776726603508,0.055088162422180176,0.13947011530399323,0.17959895730018616,0.19420264661312103,0.013994822278618813,-0.08680354803800583,0.3706262707710266,0.21961091458797455,0.01968621090054512,0.14047731459140778,0.1875694841146469,0.21303363144397736,0.007351655047386885,-0.07135482877492905,0.3901662230491638,0.2531627118587494,0.010490041226148605,0.154656320810318,0.15068058669567108,-0.02428700029850006,0.01326571125537157,-0.07997525483369827,0.4114745855331421,0.020979128777980804,0.015344560146331787,13,0.542,0.638655424118042,0.4161665737628937,-8.887568725413075e-08,,0.6099784970283508,0.45828381180763245,0.005891967099159956,,0.5848842263221741,0.459745317697525,0.007243543863296509,,0.5692443251609802,0.4558155834674835,0.0055242967791855335,,0.5576800107955933,0.44673582911491394,0.00345039670355618,,0.5525721311569214,0.375754177570343,0.013541112653911114,,0.5196749567985535,0.4022979736328125,0.00849526934325695,,0.49484699964523315,0.41941535472869873,0.001962933922186494,,0.47418463230133057,0.430721253156662,-0.0035797730088233948,,0.5533486604690552,0.36887335777282715,0.004033659119158983,,0.5139087438583374,0.40468817949295044,-0.001431394019164145,,0.4881144165992737,0.42380794882774353,-0.008587773889303207,,0.46617329120635986,0.4351142644882202,-0.014414293691515923,,0.5549838542938232,0.3755224347114563,-0.006480437237769365,,0.5152367353439331,0.4077492356300354,-0.013401230797171593,,0.4894965887069702,0.42500874400138855,-0.018271824344992638,,0.467509925365448,0.43349093198776245,-0.021660536527633667,,0.5568276047706604,0.39398810267448425,-0.017012622207403183,,0.5235159397125244,0.4129944145679474,-0.023126430809497833,,0.5033403635025024,0.4221574366092682,-0.02529492974281311,,0.4849734604358673,0.4262240529060364,-0.02682596445083618,,0.43321895599365234,0.5281978249549866,-3.611914989321008e-09,,0.45045313239097595,0.46450239419937134,-0.009970946237444878,,0.4609193503856659,0.4089359641075134,-0.01630789041519165,,0.46010804176330566,0.36554160714149475,-0.02120361104607582,,0.4560711681842804,0.3288290500640869,-0.02591935731470585,,0.4458855390548706,0.43580782413482666,-0.02175009436905384,,0.44751906394958496,0.42075058817863464,-0.03552514687180519,,0.45240843296051025,0.4173116981983185,-0.04519330710172653,,0.45800745487213135,0.41432300209999084,-0.05180451273918152,,0.4423973560333252,0.46816107630729675,-0.02279084175825119,,0.44362905621528625,0.4549008905887604,-0.03428288549184799,,0.45149409770965576,0.4490896165370941,-0.040566567331552505,,0.45770013332366943,0.4453514516353607,-0.046953096985816956,,0.4423668384552002,0.5006528496742249,-0.024453729391098022,,0.4457700550556183,0.4948873221874237,-0.03602370619773865,,0.4526144564151764,0.48822999000549316,-0.03914369270205498,,0.4579525887966156,0.4798569977283478,-0.04231533780694008,,0.44493281841278076,0.5307298898696899,-0.026900460943579674,,0.44883525371551514,0.525665283203125,-0.03567015007138252,,0.45188087224960327,0.5192157626152039,-0.03788386285305023,,0.45486265420913696,0.5121843814849854,-0.04041924700140953,
-0.07519369572401047,-0.5770887136459351,-0.21964623034000397,0.9999105930328369,-0.06127636507153511,-0.6194789409637451,-0.21482694149017334,0.9998443126678467,-0.0620163194835186,-0.6189712882041931,-0.2166593074798584,0.9998446702957153,-0.061757370829582214,-0.6190310120582581,-0.2140820026397705,0.9998213052749634,-0.09596217423677444,-0.6181609630584717,-0.21061214804649353,0.9998615384101868,-0.09393825381994247,-0.6184276938438416,-0.2115982323884964,0.9998700022697449,-0.09465314447879791,-0.6172565817832947,-0.20734773576259613,0.9998534917831421,0.02664375863969326,-0.6207802295684814,-0.13303719460964203,0.9998781681060791,-0.11759307235479355,-0.6124377250671387,-0.09244910627603531,0.9998840093612671,-0.040718626230955124,-0.5534310936927795,-0.1972925364971161,0.999958872795105,-0.0836075097322464,-0.5496619343757629,-0.1833135485649109,0.9999551773071289,0.15948691964149475,-0.4580310881137848,-0.08533242344856262,0.9996439218521118,-0.16663353145122528,-0.43868449330329895,-0.007594752125442028,0.9997788667678833,0.2739163637161255,-0.3401786684989929,-0.1695830225944519,0.9747785329818726,-0.27021393179893494,-0.3237040340900421,-0.10217109322547913,0.9503560066223145,0.07505624741315842,-0.45668119192123413,-0.2876034080982208,0.8662614226341248,-0.23877359926700592,-0.45806407928466797,-0.24191750586032867,0.860849142074585,0.004488231148570776,-0.484030544757843,-0.32859447598457336,0.8366572260856628,-0.21932314336299896,-0.487576961517334,-0.2837713658809662,0.8324867486953735,-0.015004421584308147,-0.5224594473838806,-0.3031104505062103,0.8564733862876892,-0.2136559933423996,-0.5242382287979126,-0.2582862973213196,0.8523982167243958,0.046940311789512634,-0.47878962755203247,-0.28127968311309814,0.843859851360321,-0.22667774558067322,-0.47323721647262573,-0.23996664583683014,0.8443166017532349,0.11604350060224533,-0.0017815561732277274,-0.02042245864868164,0.5042245984077454,-0.11414085328578949,-0.002652217634022236,0.020909136161208153,0.5075815916061401,0.137674018740654,-0.09494205564260483,-0.11299125105142593,0.05059045925736427,-0.16158372163772583,-0.08093395829200745,-0.09074215590953827,0.0518837496638298,0.13981275260448456,0.1795390397310257,0.19297820329666138,0.013193913735449314,-0.08637312054634094,0.37113073468208313,0.21940256655216217,0.018349193036556244,0.14103619754314423,0.18713854253292084,0.21140581369400024,0.007012455724179745,-0.0706949532032013,0.3906574845314026,0.25360003113746643,0.010110560804605484,0.15496687591075897,0.14870846271514893,-0.026259606704115868,0.012465047650039196,-0.0799369066953659,0.41243475675582886,0.02418125793337822,0.014352119527757168,14,0.583,0.6402416229248047,0.41492536664009094,-2.859822245682153e-08,,0.6097285747528076,0.4603155255317688,0.005098394118249416,,0.5852103233337402,0.4638417959213257,0.004897154867649078,,0.5707616209983826,0.46168646216392517,0.001775716315023601,,0.5582597255706787,0.4521912932395935,-0.0018108522053807974,,0.5525444149971008,0.3735966384410858,0.011639514937996864,,0.5184889435768127,0.4013398587703705,0.006789546459913254,,0.49311670660972595,0.4181777536869049,0.0002863617264665663,,0.4716172218322754,0.4282531142234802,-0.005281520541757345,,0.5540283918380737,0.36567020416259766,0.002123564016073942,,0.5130679607391357,0.40310150384902954,-0.003522285260260105,,0.4855523109436035,0.4215557277202606,-0.011250549927353859,,0.46165189146995544,0.431447297334671,-0.01736852340400219,,0.5564337968826294,0.3726125955581665,-0.008263382129371166,,0.5149378180503845,0.40639689564704895,-0.01594267040491104,,0.4875246286392212,0.42329511046409607,-0.021359965205192566,,0.4645673334598541,0.43193310499191284,-0.024657437577843666,,0.5594353675842285,0.394004225730896,-0.018625281751155853,,0.5228705406188965,0.4116601347923279,-0.025217510759830475,,0.5012662410736084,0.4220558702945709,-0.02726161479949951,,0.48269137740135193,0.42841240763664246,-0.028300728648900986,,0.4323968291282654,0.5287694931030273,-6.185423284676972e-09,,0.4520317316055298,0.4628883898258209,-0.009060944430530071,,0.4624590575695038,0.40684598684310913,-0.015784436836838722,,0.4619719684123993,0.3656376600265503,-0.021348487585783005,,0.45670416951179504,0.33006149530410767,-0.026758939027786255,,0.4460950493812561,0.43651244044303894,-0.022863224148750305,,0.44946157932281494,0.42063647508621216,-0.03756250813603401,,0.4556398093700409,0.4162076413631439,-0.047986339777708054,,0.4619438052177429,0.41270357370376587,-0.05527413636445999,,0.44319939613342285,0.4690361022949219,-0.024937888607382774,,0.4453253746032715,0.45430201292037964,-0.037270501255989075,,0.45364511013031006,0.44583120942115784,-0.04423470422625542,,0.4590143859386444,0.4393361210823059,-0.051187366247177124,,0.44338029623031616,0.5017199516296387,-0.02745107375085354,,0.44749054312705994,0.49517589807510376,-0.04031212627887726,,0.4539959728717804,0.4862774908542633,-0.044232457876205444,,0.45772355794906616,0.4750344455242157,-0.04790347442030907,,0.4464523494243622,0.5328246355056763,-0.03058166429400444,,0.4526645839214325,0.5299996137619019,-0.040036045014858246,,0.454897403717041,0.5242177248001099,-0.04211911931633949,,0.45531192421913147,0.5176337361335754,-0.044689375907182693,
-0.07751213014125824,-0.5727875232696533,-0.21984070539474487,0.9999169707298279,-0.06419534981250763,-0.6158772110939026,-0.21525831520557404,0.999854326248169,-0.06495345383882523,-0.6153545379638672,-0.21709871292114258,0.999854564666748,-0.06469155848026276,-0.6153994798660278,-0.21451696753501892,0.9998338222503662,-0.09880239516496658,-0.614270806312561,-0.21108809113502502,0.9998701214790344,-0.09679394960403442,-0.6145257949829102,-0.21206282079219818,0.9998776316642761,-0.09751035273075104,-0.6133427619934082,-0.207805797457695,0.999862551689148,0.024976475164294243,-0.6202815771102905,-0.1339559406042099,0.9998880624771118,-0.11897008866071701,-0.6106674075126648,-0.09285607188940048,0.9998923540115356,-0.042064983397722244,-0.5502212643623352,-0.1975720077753067,0.9999622702598572,-0.08485160022974014,-0.5461450219154358,-0.18343889713287354,0.9999588131904602,0.1595756560564041,-0.4577741026878357,-0.08521158993244171,0.9996761083602905,-0.16659583151340485,-0.4381476044654846,-0.0075120944529771805,0.9997970461845398,0.2734883427619934,-0.3362952172756195,-0.16501861810684204,0.9772823452949524,-0.26907098293304443,-0.31939977407455444,-0.09431758522987366,0.955220639705658,0.07413262128829956,-0.4541003704071045,-0.28188133239746094,0.8795962929725647,-0.2381819784641266,-0.4553232491016388,-0.2374492883682251,0.8746660947799683,0.0035319204907864332,-0.4819190800189972,-0.3213326036930084,0.8524067997932434,-0.21766327321529388,-0.48643964529037476,-0.27842164039611816,0.8481528759002686,-0.015143771655857563,-0.5214906334877014,-0.2959609627723694,0.8701706528663635,-0.2124905288219452,-0.5239740014076233,-0.25228604674339294,0.8659183382987976,0.046304550021886826,-0.47708791494369507,-0.2752048671245575,0.8587672114372253,-0.22583842277526855,-0.4715093970298767,-0.23537033796310425,0.8585373163223267,0.11611674726009369,-0.001792757771909237,-0.020495353266596794,0.5141474008560181,-0.11414195597171783,-0.0026517133228480816,0.020995380356907845,0.5175839066505432,0.13788741827011108,-0.1007765382528305,-0.1159830242395401,0.04785116761922836,-0.16151238977909088,-0.09755630791187286,-0.09123219549655914,0.04914243891835213,0.14026588201522827,0.17568793892860413,0.19321000576019287,0.012509731575846672,-0.08513469994068146,0.3668680787086487,0.22027179598808289,0.017199361696839333,0.14164422452449799,0.18292464315891266,0.21194428205490112,0.006766976788640022,-0.06866350769996643,0.3861882984638214,0.2556670010089874,0.009818676859140396,0.15493032336235046,0.13951680064201355,-0.026517823338508606,0.011754275299608707,-0.07618460059165955,0.40621936321258545,0.02607543207705021,0.013476655818521976,15,0.625,0.6414579153060913,0.4143631160259247,-2.8386084593989835e-08,,0.6102095246315002,0.4617339074611664,0.003806980326771736,,0.5854389071464539,0.46652522683143616,0.002913164207711816,,0.5707597732543945,0.463711678981781,-0.0007987610879354179,,0.5602589249610901,0.4521626830101013,-0.004998553544282913,,0.5534093379974365,0.37483328580856323,0.010032229125499725,,0.5185046792030334,0.4023260176181793,0.004359016194939613,,0.49271005392074585,0.4187850058078766,-0.0026855438482016325,,0.470969557762146,0.42811012268066406,-0.008712716400623322,,0.5549725890159607,0.36591383814811707,0.0008867759024724364,,0.5128828883171082,0.4039143919944763,-0.005893287714570761,,0.4850303530693054,0.4228435158729553,-0.014216022565960884,,0.4613422155380249,0.4324968159198761,-0.02073441632091999,,0.5574801564216614,0.37200310826301575,-0.009208903647959232,,0.515239417552948,0.406013548374176,-0.017786385491490364,,0.48747149109840393,0.4231182336807251,-0.023591119796037674,,0.4648814797401428,0.4312276542186737,-0.027103809639811516,,0.5605447292327881,0.3926418721675873,-0.019393175840377808,,0.5240994691848755,0.41011953353881836,-0.026802103966474533,,0.5020572543144226,0.4200380742549896,-0.029411276802420616,,0.48326990008354187,0.42526811361312866,-0.03084873966872692,,0.4339229166507721,0.5370775461196899,5.250095469477856e-09,,0.4525991976261139,0.46895474195480347,-0.010905788280069828,,0.46240559220314026,0.41109174489974976,-0.01853661611676216,,0.4617096781730652,0.3678099811077118,-0.024771427735686302,,0.4560607671737671,0.3306027054786682,-0.030857378616929054,,0.44713667035102844,0.44179555773735046,-0.02524477057158947,,0.4492117762565613,0.42365843057632446,-0.04191559553146362,,0.45527738332748413,0.4198315739631653,-0.05375223234295845,,0.46244749426841736,0.4166751503944397,-0.06195001304149628,,0.4447019100189209,0.47618818283081055,-0.027245577424764633,,0.4470292925834656,0.4603547751903534,-0.041916608810424805,,0.4544150233268738,0.4514177739620209,-0.05053050071001053,,0.4596780240535736,0.44315171241760254,-0.058550916612148285,,0.4450661540031433,0.5103834867477417,-0.029886599630117416,,0.44910508394241333,0.5035406351089478,-0.045036014169454575,,0.4546690881252289,0.49281421303749084,-0.049964286386966705,,0.45837512612342834,0.479472815990448,-0.054097872227430344,,0.44712552428245544,0.5419572591781616,-0.03324330225586891,,0.45275798439979553,0.5387548208236694,-0.04471375048160553,,0.4546995162963867,0.5321972370147705,-0.04756537824869156,,0.45574086904525757,0.5242782831192017,-0.05047621205449104,
-0.07783950120210648,-0.5725481510162354,-0.22044600546360016,0.9999222159385681,-0.06475120037794113,-0.6156794428825378,-0.215798020362854,0.9998622536659241,-0.06550110131502151,-0.6151604056358337,-0.21762865781784058,0.9998621940612793,-0.06523841619491577,-0.615206241607666,-0.2150554209947586,0.9998437166213989,-0.09934303164482117,-0.614032506942749,-0.21186819672584534,0.9998770952224731,-0.09732792526483536,-0.6142944693565369,-0.212843120098114,0.999883770942688,-0.09804055094718933,-0.6131138801574707,-0.20859211683273315,0.9998700618743896,0.02309066615998745,-0.6204733848571777,-0.1341087371110916,0.9998960494995117,-0.12087494879961014,-0.6106597185134888,-0.09334821999073029,0.9998995065689087,-0.0426749512553215,-0.5501135587692261,-0.19789059460163116,0.9999650120735168,-0.08543678373098373,-0.5459355115890503,-0.18414098024368286,0.999961793422699,0.15824826061725616,-0.4580861032009125,-0.08294655382633209,0.9997037649154663,-0.1681111603975296,-0.43817847967147827,-0.008640621788799763,0.9998126029968262,0.2722730040550232,-0.3351513743400574,-0.162592813372612,0.9795311689376831,-0.2684789001941681,-0.31755679845809937,-0.09579799324274063,0.959597110748291,0.07353627681732178,-0.45343196392059326,-0.28121596574783325,0.891588568687439,-0.23772333562374115,-0.45566606521606445,-0.2411438226699829,0.8870879411697388,0.003086296608671546,-0.48185455799102783,-0.3214713931083679,0.8664794564247131,-0.2167898416519165,-0.48874229192733765,-0.28277313709259033,0.86216801404953,-0.015158435329794884,-0.5220091938972473,-0.29696884751319885,0.8823910355567932,-0.21234089136123657,-0.526932954788208,-0.2581730782985687,0.8779963850975037,0.04587321728467941,-0.47670450806617737,-0.27533864974975586,0.8720616102218628,-0.2256399393081665,-0.4725700318813324,-0.23967485129833221,0.8712097406387329,0.11610092222690582,-0.0018877991242334247,-0.0197124220430851,0.5238814353942871,-0.1141229048371315,-0.0026104245334863663,0.020214812830090523,0.5273410677909851,0.13790836930274963,-0.10018178820610046,-0.11223960667848587,0.04520363733172417,-0.16044087707996368,-0.08869720250368118,-0.09091057628393173,0.04668304696679115,0.14013224840164185,0.1764717847108841,0.1946118026971817,0.011820838786661625,-0.08532822877168655,0.3682956099510193,0.2186005562543869,0.016153303906321526,0.1415126919746399,0.18390533328056335,0.21345728635787964,0.006508019287139177,-0.06884706765413284,0.38775956630706787,0.25317761301994324,0.009505297057330608,0.15716898441314697,0.1400051712989807,-0.02054424211382866,0.011103342287242413,-0.07692297548055649,0.41057807207107544,0.02511667273938656,0.012724003754556179,16,0.667,0.6430224776268005,0.4153227210044861,-2.642442353817387e-08,,0.6117490530014038,0.4620896279811859,0.003572360845282674,,0.5869824886322021,0.4676593542098999,0.0021438817493617535,,0.5726405382156372,0.4659333825111389,-0.0020931572653353214,,0.5624973177909851,0.45423799753189087,-0.006899775471538305,,0.5548226237297058,0.3776031732559204,0.00870356522500515,,0.5193304419517517,0.4058268666267395,0.0023519620299339294,,0.49329060316085815,0.42235782742500305,-0.005108136683702469,,0.47115007042884827,0.43154534697532654,-0.011406117118895054,,0.5564687252044678,0.36784493923187256,-0.0005247228546068072,,0.5141959190368652,0.4066520631313324,-0.007866612635552883,,0.4861608147621155,0.4259539544582367,-0.01646914705634117,,0.46230876445770264,0.43606290221214294,-0.023265672847628593,,0.5589926242828369,0.3734740614891052,-0.01065829861909151,,0.5165868401527405,0.4077375531196594,-0.01938639022409916,,0.488323450088501,0.42519620060920715,-0.02526795119047165,,0.46540194749832153,0.43330463767051697,-0.028974102810025215,,0.5619252920150757,0.3937567472457886,-0.020880745723843575,,0.525733232498169,0.411858469247818,-0.028294697403907776,,0.5035936832427979,0.42208153009414673,-0.030902445316314697,,0.4847414791584015,0.4271430969238281,-0.03245551511645317,,0.4335412085056305,0.5458876490592957,-2.4758673333735715e-08,,0.45128098130226135,0.4775952100753784,-0.007817062549293041,,0.46184787154197693,0.422579824924469,-0.01455470360815525,,0.46202734112739563,0.38021278381347656,-0.02051701582968235,,0.45641523599624634,0.3427148759365082,-0.026540027931332588,,0.4481185972690582,0.45061153173446655,-0.020465997979044914,,0.4523177444934845,0.43348604440689087,-0.0344046913087368,,0.4580881893634796,0.428020179271698,-0.044583261013031006,,0.46483752131462097,0.42349773645401,-0.05186602100729942,,0.44571977853775024,0.4844057261943817,-0.02333826571702957,,0.44929417967796326,0.46941083669662476,-0.03471653163433075,,0.4555940628051758,0.4605599343776703,-0.041101254522800446,,0.4594724774360657,0.45151060819625854,-0.04776344448328018,,0.44553980231285095,0.5189907550811768,-0.026655934751033783,,0.45063623785972595,0.5128810405731201,-0.03851703181862831,,0.45599377155303955,0.5041058659553528,-0.040900178253650665,,0.4586555063724518,0.4921736717224121,-0.043739449232816696,,0.44729989767074585,0.5518894791603088,-0.030561082065105438,,0.45324599742889404,0.5518631339073181,-0.039378389716148376,,0.4553828239440918,0.5463199019432068,-0.04017973318696022,,0.45558664202690125,0.5389882922172546,-0.041760459542274475,
-0.07795128971338272,-0.5698837637901306,-0.2209642082452774,0.9999263286590576,-0.06498606503009796,-0.6133471727371216,-0.2162138670682907,0.9998689293861389,-0.06573793292045593,-0.6128333806991577,-0.21804356575012207,0.9998688101768494,-0.0654701292514801,-0.6128717064857483,-0.21547527611255646,0.999852180480957,-0.09951917082071304,-0.6113712191581726,-0.21233971416950226,0.9998825788497925,-0.09750586003065109,-0.6116359829902649,-0.2133176028728485,0.9998884201049805,-0.0982188731431961,-0.6104529500007629,-0.20907378196716309,0.9998757839202881,0.023006856441497803,-0.6199132800102234,-0.13513332605361938,0.9999030828475952,-0.12082816660404205,-0.6084688305854797,-0.09365718066692352,0.9999052882194519,-0.042711254209280014,-0.5480160117149353,-0.19831976294517517,0.9999673962593079,-0.08544357120990753,-0.5433952212333679,-0.1846470832824707,0.9999642968177795,0.1586083471775055,-0.45773783326148987,-0.08365793526172638,0.999728798866272,-0.1671585738658905,-0.43579643964767456,-0.009079240262508392,0.9998257756233215,0.2719742953777313,-0.3343164920806885,-0.16306829452514648,0.9815462231636047,-0.2592490017414093,-0.3037698268890381,-0.09407223016023636,0.9634616374969482,0.07306012511253357,-0.45069068670272827,-0.28251081705093384,0.9023675322532654,-0.22111287713050842,-0.4489189684391022,-0.24241362512111664,0.898223876953125,0.002182408468797803,-0.4787237048149109,-0.32270488142967224,0.8790218830108643,-0.2013501524925232,-0.485990971326828,-0.2841675877571106,0.8745572566986084,-0.015443919226527214,-0.5202732086181641,-0.29858776926994324,0.8932569622993469,-0.1987811028957367,-0.5190492868423462,-0.25981438159942627,0.8886546492576599,0.04570252075791359,-0.4746052920818329,-0.27680760622024536,0.8838692903518677,-0.2092101126909256,-0.47043219208717346,-0.24095314741134644,0.882340669631958,0.11607441306114197,-0.0018956869607791305,-0.019703228026628494,0.530274510383606,-0.11405730992555618,-0.002628110349178314,0.02021181583404541,0.5326880216598511,0.1372092217206955,-0.09976259618997574,-0.11261052638292313,0.042880646884441376,-0.16042301058769226,-0.08979835361242294,-0.09057868272066116,0.04436633363366127,0.13881127536296844,0.17667430639266968,0.19452740252017975,0.011281811632215977,-0.08549963682889938,0.36536142230033875,0.21816755831241608,0.015228250995278358,0.14018015563488007,0.18424756824970245,0.21345753967761993,0.006331815849989653,-0.06903707981109619,0.38477423787117004,0.2527206838130951,0.009290503337979317,0.15495964884757996,0.14130234718322754,-0.020787889137864113,0.010570278391242027,-0.07731074839830399,0.4082237184047699,0.025221705436706543,0.012062132358551025,17,0.709,0.6433409452438354,0.42121031880378723,1.3667445841747394e-08,,0.6118633151054382,0.46646320819854736,0.0025153260212391615,,0.5884584188461304,0.4708724021911621,0.0004187783633824438,,0.5745276808738708,0.46931642293930054,-0.004299584310501814,,0.5628780722618103,0.460830956697464,-0.009644205681979656,,0.5566869974136353,0.38158002495765686,0.006191165652126074,,0.5200923085212708,0.40897029638290405,-0.0004561837704386562,,0.49394121766090393,0.4237671196460724,-0.007920976728200912,,0.47128310799598694,0.43147560954093933,-0.013987601734697819,,0.5580772161483765,0.3729296028614044,-0.0022082619834691286,,0.5143307447433472,0.4059390127658844,-0.010047810152173042,,0.48645251989364624,0.41976335644721985,-0.01886187121272087,,0.46216750144958496,0.42517030239105225,-0.025528231635689735,,0.5609463453292847,0.3796396255493164,-0.011351688764989376,,0.5181913375854492,0.4116831421852112,-0.020146211609244347,,0.489948570728302,0.42722341418266296,-0.026490727439522743,,0.4669601023197174,0.43437474966049194,-0.03029593639075756,,0.564346969127655,0.4010671079158783,-0.02057594433426857,,0.5268783569335938,0.41896483302116394,-0.02739686518907547,,0.505275309085846,0.4304307997226715,-0.029687820002436638,,0.48713022470474243,0.4370476007461548,-0.030952636152505875,,0.45084238052368164,0.5802657008171082,-3.0344284596139914e-07,,0.45771872997283936,0.5241612195968628,-0.004367784131318331,,0.4603672921657562,0.46850284934043884,-0.007597172167152166,,0.457923024892807,0.42509740591049194,-0.011228850111365318,,0.45103445649147034,0.3919382691383362,-0.014627073891460896,,0.4633965492248535,0.49813807010650635,0.0005068478058092296,,0.4639120101928711,0.5248592495918274,-0.006241688504815102,,0.4621153771877289,0.5492881536483765,-0.015076583251357079,,0.45691388845443726,0.5641101598739624,-0.01991906389594078,,0.4617935121059418,0.5250722765922546,0.00012308298028074205,,0.4619985520839691,0.5529420375823975,-0.005512953270226717,,0.46111172437667847,0.5745028853416443,-0.013091884553432465,,0.45773521065711975,0.5922269225120544,-0.01884288154542446,,0.4600885212421417,0.5419107675552368,-0.0008014501072466373,,0.4629475176334381,0.5549405813217163,-0.004910321440547705,,0.4645657241344452,0.5706550478935242,-0.0068617211654782295,,0.46224817633628845,0.5866619944572449,-0.0074543277733027935,,0.456644743680954,0.5505015850067139,-0.0018800455145537853,,0.4620825946331024,0.542353630065918,-6.141098856460303e-05,,0.46634751558303833,0.5387639403343201,0.004632672760635614,,0.4660293459892273,0.5397694706916809,0.007911358959972858,
-0.07815423607826233,-0.5618914365768433,-0.2217714488506317,0.9999284744262695,-0.06538800150156021,-0.6060549020767212,-0.21819278597831726,0.9998723864555359,-0.066144660115242,-0.6055495142936707,-0.22002099454402924,0.9998722076416016,-0.06587096303701401,-0.6055625677108765,-0.21745412051677704,0.9998570084571838,-0.09980890154838562,-0.603922963142395,-0.21402807533740997,0.999885082244873,-0.0978025421500206,-0.604189932346344,-0.21499454975128174,0.9998902082443237,-0.09851820021867752,-0.6029995083808899,-0.21070976555347443,0.9998784065246582,0.023002004250884056,-0.6171243190765381,-0.14035969972610474,0.9999080896377563,-0.12065375596284866,-0.6045405268669128,-0.09644006937742233,0.9999089241027832,-0.04272565618157387,-0.5416771173477173,-0.19954700767993927,0.9999691843986511,-0.08542358130216599,-0.5368689894676208,-0.18536026775836945,0.9999660849571228,0.1600947380065918,-0.4564973711967468,-0.08476773649454117,0.9997506141662598,-0.16420631110668182,-0.43345826864242554,-0.011096279136836529,0.9998365640640259,0.27156996726989746,-0.33098530769348145,-0.16364669799804688,0.9833564758300781,-0.24712447822093964,-0.2825811505317688,-0.09192968159914017,0.966879665851593,0.07286223024129868,-0.4476376175880432,-0.28365007042884827,0.9120691418647766,-0.20369186997413635,-0.4129767417907715,-0.24363204836845398,0.9082213640213013,0.0007672597421333194,-0.47486087679862976,-0.32346153259277344,0.890308678150177,-0.18473923206329346,-0.4466286599636078,-0.28554782271385193,0.8856126070022583,-0.015975268557667732,-0.5173381567001343,-0.29944249987602234,0.9030324220657349,-0.18281589448451996,-0.4870056211948395,-0.2612496018409729,0.8981730341911316,0.04545312002301216,-0.4718015789985657,-0.2778802514076233,0.8944863677024841,-0.19166280329227448,-0.43476107716560364,-0.24211591482162476,0.8922227621078491,0.11595535278320312,-0.0018026517936959863,-0.019664257764816284,0.5323707461357117,-0.11386726796627045,-0.0027224200312048197,0.020176006481051445,0.5324792265892029,0.1356934905052185,-0.09876883774995804,-0.1136803850531578,0.04038545489311218,-0.16045469045639038,-0.0929236114025116,-0.08898691087961197,0.041908279061317444,0.1353902816772461,0.17991068959236145,0.19444279372692108,0.010766354389488697,-0.08560509234666824,0.36176666617393494,0.21765750646591187,0.014317360706627369,0.1366041600704193,0.1879478394985199,0.21341203153133392,0.006180207710713148,-0.06928953528404236,0.38122832775115967,0.25229746103286743,0.009042603895068169,0.1485828459262848,0.14463883638381958,-0.021064143627882004,0.010042907670140266,-0.07768599689006805,0.4055151641368866,0.025242788717150688,0.011393108405172825,18,0.75,0.6453357338905334,0.41786935925483704,-2.9113444099948538e-08,,0.6131185293197632,0.4652940332889557,0.0035615148954093456,,0.5896915793418884,0.46960487961769104,0.0014050517929717898,,0.5750401616096497,0.4677203297615051,-0.0035437748301774263,,0.5634388327598572,0.4598362445831299,-0.009312230162322521,,0.5569465756416321,0.3794158399105072,0.007439549081027508,,0.5203404426574707,0.4096396267414093,0.002175536472350359,,0.49520987272262573,0.4276503622531891,-0.004533061757683754,,0.4735254645347595,0.43892836570739746,-0.010312343016266823,,0.5584542155265808,0.3706470727920532,-0.0013940089847892523,,0.5152423977851868,0.40993982553482056,-0.007680266629904509,,0.4876279830932617,0.43033355474472046,-0.015869593247771263,,0.46387308835983276,0.44186750054359436,-0.022575419396162033,,0.561469316482544,0.37815719842910767,-0.01087789423763752,,0.5181082487106323,0.41325247287750244,-0.018063539639115334,,0.4897846579551697,0.43025028705596924,-0.023777278140187263,,0.46709153056144714,0.43800538778305054,-0.027779554948210716,,0.5646633505821228,0.40058332681655884,-0.020387770608067513,,0.5269158482551575,0.42045751214027405,-0.02616264671087265,,0.5049865245819092,0.43198680877685547,-0.028024232015013695,,0.48706328868865967,0.43809616565704346,-0.029328035190701485,,,,,,,,,,,,,,,,,,,,,,,,,,,,,,,,,,,,,,,,,,,,,,,,,,,,,,,,,,,,,,,,,,,,,,,,,,,,,,,,,,,,,
-0.07915950566530228,-0.5553893446922302,-0.2379297912120819,0.999926745891571,-0.06626467406749725,-0.5997089743614197,-0.2367592751979828,0.9998693466186523,-0.06702059507369995,-0.5992233753204346,-0.23865096271038055,0.9998692274093628,-0.06672649085521698,-0.5992161631584167,-0.23611566424369812,0.9998548030853271,-0.10062701255083084,-0.597922146320343,-0.23137260973453522,0.9998809695243835,-0.09864100068807602,-0.5982219576835632,-0.2322511225938797,0.9998853206634521,-0.09935610741376877,-0.5970553159713745,-0.22795483469963074,0.9998739361763,0.023061975836753845,-0.6133759021759033,-0.1612638235092163,0.9999089241027832,-0.1205039918422699,-0.6016936302185059,-0.11284171789884567,0.9999071955680847,-0.04320960491895676,-0.5361232161521912,-0.21583853662014008,0.9999695420265198,-0.08577147871255875,-0.5316920876502991,-0.20002120733261108,0.9999660849571228,0.1614214926958084,-0.45460933446884155,-0.10102923959493637,0.9997674226760864,-0.1630399227142334,-0.4328605532646179,-0.023659564554691315,0.9998433589935303,0.2712033689022064,-0.3263273239135742,-0.17808914184570312,0.9849767684936523,-0.24401302635669708,-0.263374924659729,-0.09307388216257095,0.9698047637939453,0.07250957936048508,-0.44618046283721924,-0.30379316210746765,0.9207832217216492,-0.19624270498752594,-0.37351906299591064,-0.25988006591796875,0.9171454310417175,0.0004088043642695993,-0.4723586142063141,-0.3444348871707916,0.9003995656967163,-0.17816144227981567,-0.40283113718032837,-0.30539941787719727,0.8953732848167419,-0.016324147582054138,-0.5157084465026855,-0.3219309151172638,0.9117681980133057,-0.17289945483207703,-0.44808852672576904,-0.2814018428325653,0.9065696001052856,0.045116323977708817,-0.4696877896785736,-0.2982678711414337,0.9039396047592163,-0.18270403146743774,-0.3947986364364624,-0.2581537663936615,0.9008726477622986,0.11577656865119934,-0.0017152526415884495,-0.019674180075526237,0.535128653049469,-0.11363842338323593,-0.0028375054243952036,0.020198555663228035,0.5353312492370605,0.13519135117530823,-0.08742432296276093,-0.11359567940235138,0.03883352130651474,-0.15878432989120483,-0.08348115533590317,-0.0859900414943695,0.04042932391166687,0.1349606066942215,0.19103997945785522,0.19575797021389008,0.010456663556396961,-0.08528675138950348,0.36827486753463745,0.21562227606773376,0.013789779506623745,0.1361033320426941,0.20073789358139038,0.21531903743743896,0.006162029225379229,-0.06905757635831833,0.38814491033554077,0.24984602630138397,0.009115122258663177,0.1464356929063797,0.16170863807201385,-0.016533685848116875,0.00972194503992796,-0.07787835597991943,0.41256970167160034,0.0257593784481287,0.01105450838804245,19,0.792,0.6459410190582275,0.422078937292099,-3.1245644294131125e-08,,0.6131569743156433,0.46756044030189514,0.002614778932183981,,0.5899491310119629,0.47145867347717285,0.00012376197264529765,,0.5752534866333008,0.4706808924674988,-0.004884455818682909,,0.562228798866272,0.46215203404426575,-0.010590432211756706,,0.5589785575866699,0.38161107897758484,0.005344742443412542,,0.522977352142334,0.41157442331314087,-0.0005690510733984411,,0.4978196620941162,0.42879143357276917,-0.007583520375192165,,0.47581571340560913,0.4398503601551056,-0.013674665242433548,,0.5604695081710815,0.37342944741249084,-0.002903400920331478,,0.5174976587295532,0.4127906262874603,-0.010269567370414734,,0.49020105600357056,0.43215277791023254,-0.019044531509280205,,0.46615099906921387,0.44289296865463257,-0.026232270523905754,,0.5638973116874695,0.38071808218955994,-0.011778353713452816,,0.5212690234184265,0.4151986241340637,-0.02014884538948536,,0.49334025382995605,0.4303879141807556,-0.026779042556881905,,0.47053468227386475,0.43691423535346985,-0.0314008891582489,,0.5675398707389832,0.40228724479675293,-0.02064015530049801,,0.5322914719581604,0.4195464253425598,-0.0275131706148386,,0.5110985636711121,0.42990511655807495,-0.03047427162528038,,0.4932619333267212,0.43529802560806274,-0.03266434744000435,,,,,,,,,,,,,,,,,,,,,,,,,,,,,,,,,,,,,,,,,,,,,,,,,,,,,,,,,,,,,,,,,,,,,,,,,,,,,,,,,,,,,
-0.07908210903406143,-0.553920567035675,-0.25222209095954895,0.999925434589386,-0.06608230620622635,-0.5980424284934998,-0.25083431601524353,0.9998660683631897,-0.06683635711669922,-0.5975552797317505,-0.25272199511528015,0.9998660683631897,-0.06653306633234024,-0.5975396633148193,-0.25016793608665466,0.9998518228530884,-0.10041720420122147,-0.5966510772705078,-0.24572110176086426,0.9998781681060791,-0.09843986481428146,-0.5969581604003906,-0.24661487340927124,0.9998824000358582,-0.09915653616189957,-0.595806896686554,-0.2423275262117386,0.9998717308044434,0.02370392717421055,-0.6111423373222351,-0.1741020828485489,0.9999086260795593,-0.11927259713411331,-0.6008515954017639,-0.12758876383304596,0.9999069571495056,-0.043111562728881836,-0.5342689156532288,-0.22977691888809204,0.9999697804450989,-0.0856158435344696,-0.5302788615226746,-0.21432849764823914,0.9999663233757019,0.16269585490226746,-0.45077574253082275,-0.11200983077287674,0.9997801184654236,-0.16199244558811188,-0.43235260248184204,-0.03722274675965309,0.9998500943183899,0.2704857587814331,-0.31958767771720886,-0.18772579729557037,0.9864344000816345,-0.2445397973060608,-0.24643759429454803,-0.0989372655749321,0.9724615216255188,0.07061678916215897,-0.4458688199520111,-0.316192626953125,0.9286282062530518,-0.19792379438877106,-0.32612845301628113,-0.27980202436447144,0.9251741170883179,-0.0027545939665287733,-0.4708302617073059,-0.35845664143562317,0.9094935059547424,-0.18067699670791626,-0.34771034121513367,-0.3283170163631439,0.9041454195976257,-0.0174731332808733,-0.5154529809951782,-0.33767929673194885,0.9196547865867615,-0.1734767109155655,-0.39183294773101807,-0.30631181597709656,0.9141538739204407,0.04409480839967728,-0.4683651030063629,-0.31165748834609985,0.9124741554260254,-0.18366274237632751,-0.3447878956794739,-0.27887529134750366,0.9087293148040771,0.1156129315495491,-0.0015363768907263875,-0.019321929663419724,0.5305562019348145,-0.11346595734357834,-0.003104425733909011,0.019874660298228264,0.5315657258033752,0.13440905511379242,-0.08562910556793213,-0.11375068873167038,0.03702344000339508,-0.15860861539840698,-0.08244221657514572,-0.086007259786129,0.038694411516189575,0.13310156762599945,0.1927768588066101,0.19623427093029022,0.010034473612904549,-0.08590466529130936,0.36811283230781555,0.21066151559352875,0.013164409436285496,0.13385725021362305,0.20252841711044312,0.21618685126304626,0.0060661365278065205,-0.06972449272871017,0.387906014919281,0.2445748895406723,0.009040223434567451,0.14409804344177246,0.16444812715053558,-0.015023291110992432,0.009316137991845608,-0.07823813706636429,0.4124547839164734,0.024203386157751083,0.01062589231878519,20,0.834,0.6472292542457581,0.42101040482521057,-3.321255093169384e-08,,0.6140385270118713,0.4676627516746521,0.001966068521142006,,0.5900063514709473,0.47147470712661743,-0.00037097983295097947,,0.5755523443222046,0.47003650665283203,-0.005017039366066456,,0.5640577673912048,0.46335095167160034,-0.010318921878933907,,0.560035228729248,0.38023751974105835,0.004867921583354473,,0.5249000191688538,0.41111284494400024,-0.001081582740880549,,0.4998354911804199,0.42883217334747314,-0.008356197737157345,,0.47772103548049927,0.4401651918888092,-0.01471720915287733,,0.5614907145500183,0.3727887272834778,-0.002909307833760977,,0.5196250677108765,0.4117799699306488,-0.0101119140163064,,0.49274444580078125,0.43101099133491516,-0.018884368240833282,,0.46870553493499756,0.44153672456741333,-0.026095092296600342,,0.5648494958877563,0.38111573457717896,-0.01133391261100769,,0.5231847167015076,0.41598865389823914,-0.01974071003496647,,0.49533146619796753,0.432005375623703,-0.026518745347857475,,0.47208985686302185,0.43924376368522644,-0.031201932579278946,,0.5686293840408325,0.4038715660572052,-0.019813233986496925,,0.533868670463562,0.42137256264686584,-0.026726873591542244,,0.5127696990966797,0.43235257267951965,-0.029761435464024544,,0.4948095381259918,0.4383232593536377,-0.03199431300163269,,,,,,,,,,,,,,,,,,,,,,,,,,,,,,,,,,,,,,,,,,,,,,,,,,,,,,,,,,,,,,,,,,,,,,,,,,,,,,,,,,,,,
-0.07881893962621689,-0.554265022277832,-0.24323147535324097,0.999909520149231,-0.06504697352647781,-0.5984140038490295,-0.24259592592716217,0.9998379349708557,-0.06578968465328217,-0.5979132652282715,-0.24448521435260773,0.9998387694358826,-0.06547879427671432,-0.5978980660438538,-0.24194280803203583,0.9998236298561096,-0.09911904484033585,-0.5971511602401733,-0.2360377013683319,0.9998531937599182,-0.09715120494365692,-0.5974855422973633,-0.2369270920753479,0.9998583793640137,-0.09787707775831223,-0.5963464975357056,-0.23264113068580627,0.9998477697372437,0.02627851441502571,-0.6113572120666504,-0.1702735722064972,0.9998932480812073,-0.11411958187818527,-0.6031855344772339,-0.11759652197360992,0.9998912811279297,-0.04285777732729912,-0.5350235104560852,-0.22209659218788147,0.9999644756317139,-0.08502528816461563,-0.5316694974899292,-0.20509731769561768,0.9999604225158691,0.16492681205272675,-0.4512147903442383,-0.11076686531305313,0.9997831583023071,-0.1586364209651947,-0.4361298084259033,-0.027480190619826317,0.9998483061790466,0.27024179697036743,-0.32375195622444153,-0.19314219057559967,0.9877369999885559,-0.2358597218990326,-0.2499556988477707,-0.07803420722484589,0.9745208621025085,0.07049952447414398,-0.444776713848114,-0.34204673767089844,0.9356840252876282,-0.2135562300682068,-0.27170616388320923,-0.27834028005599976,0.9322016835212708,-0.002645206404849887,-0.47003334760665894,-0.391841858625412,0.9177431464195251,-0.21345002949237823,-0.2760668396949768,-0.32493865489959717,0.9113897085189819,-0.017641238868236542,-0.5163511633872986,-0.3739446997642517,0.9268552660942078,-0.20411184430122375,-0.3108157813549042,-0.3049432933330536,0.9205058217048645,0.044088367372751236,-0.468578577041626,-0.34000855684280396,0.9202592968940735,-0.20135119557380676,-0.282541424036026,-0.2764360308647156,0.9154239296913147,0.11517763882875443,-0.0011724104406312108,-0.019563447684049606,0.539259672164917,-0.11310327053070068,-0.003495977958664298,0.020117389038205147,0.5375949144363403,0.1288156360387802,-0.06967262178659439,-0.11384891718626022,0.03525158390402794,-0.1574123501777649,-0.06393179297447205,-0.07960589230060577,0.03674831986427307,0.12818720936775208,0.20566973090171814,0.1921522468328476,0.009652312844991684,-0.08606360852718353,0.3696974217891693,0.2068488597869873,0.012548359110951424,0.12831176817417145,0.2159746289253235,0.21193872392177582,0.006026242394000292,-0.07014071941375732,0.3896215260028839,0.23948346078395844,0.009010538458824158,0.1333419233560562,0.18223392963409424,-0.015144339762628078,0.008975302800536156,-0.08017998933792114,0.4153604507446289,0.024648791179060936,0.010245347395539284,21,0.875,0.6452704071998596,0.43279576301574707,-2.121559994350264e-08,,0.6122654676437378,0.4760475158691406,0.0010475055314600468,,0.587117075920105,0.47915637493133545,-0.0021911696530878544,,0.5735058188438416,0.47795361280441284,-0.007517034187912941,,0.5636574029922485,0.46915459632873535,-0.013450687751173973,,0.5584887862205505,0.38908272981643677,0.002083937171846628,,0.5246033668518066,0.4218657910823822,-0.0052894712425768375,,0.5001333355903625,0.4405384659767151,-0.013271641917526722,,0.4782527685165405,0.45273953676223755,-0.01995532400906086,,0.5600519776344299,0.3824739456176758,-0.005451963283121586,,0.5191754698753357,0.4244590103626251,-0.014421776868402958,,0.4929235279560089,0.44463032484054565,-0.023766858503222466,,0.46815764904022217,0.4557603597640991,-0.031067973002791405,,0.5636915564537048,0.3910224437713623,-0.013537992723286152,,0.522537887096405,0.4280232787132263,-0.02335415408015251,,0.4953065514564514,0.44556692242622375,-0.03032509982585907,,0.4716285467147827,0.4543526768684387,-0.03485431522130966,,0.5679894089698792,0.41392233967781067,-0.021721838042140007,,0.534999668598175,0.43246322870254517,-0.02946825698018074,,0.5140286087989807,0.44383883476257324,-0.032870229333639145,,0.4949818253517151,0.4499236047267914,-0.03520669788122177,,0.47499945759773254,0.7273862361907959,-1.6294184490561747e-07,,0.4795275330543518,0.6984420418739319,-0.02459762431681156,,0.47847357392311096,0.6708686947822571,-0.04036784917116165,,0.4672015905380249,0.6452467441558838,-0.05182836577296257,,0.4523226320743561,0.6199828386306763,-0.06341341137886047,,0.4683873951435089,0.7180004715919495,-0.04864704608917236,,0.45575255155563354,0.7349739074707031,-0.07186535745859146,,0.44700485467910767,0.7564564943313599,-0.08774866163730621,,0.43933117389678955,0.7838931679725647,-0.0955532118678093,,0.4638521373271942,0.7540110349655151,-0.04380873963236809,,0.45874086022377014,0.7842532396316528,-0.06951428949832916,,0.449948251247406,0.8135431408882141,-0.08341771364212036,,0.44431328773498535,0.8416298627853394,-0.09135191887617111,,0.46315768361091614,0.7760601043701172,-0.03867334872484207,,0.45917201042175293,0.8072426319122314,-0.06284873187541962,,0.4517720937728882,0.8337207436561584,-0.06911389529705048,,0.4472655653953552,0.8574434518814087,-0.06960625946521759,,0.4618885815143585,0.7851669788360596,-0.03451349213719368,,0.4607113003730774,0.8101508617401123,-0.051111482083797455,,0.4548509120941162,0.8307532072067261,-0.05208269879221916,,0.45145297050476074,0.8490129709243774,-0.050587426871061325,
-0.07870470732450485,-0.5547568202018738,-0.24176497757434845,0.9999001622200012,-0.06476644426584244,-0.5986613631248474,-0.24191227555274963,0.9998194575309753,-0.06550299376249313,-0.5981828570365906,-0.2437601536512375,0.9998207092285156,-0.06518959254026413,-0.598164975643158,-0.24124675989151,0.9998040795326233,-0.09866040199995041,-0.5975513458251953,-0.23464559018611908,0.9998378157615662,-0.0966905951499939,-0.5979124307632446,-0.2355480045080185,0.9998440742492676,-0.09741833806037903,-0.5967867970466614,-0.23127318918704987,0.9998340606689453,0.027305537834763527,-0.6118576526641846,-0.16792945563793182,0.9998819231987,-0.11111569404602051,-0.6041523218154907,-0.11650253087282181,0.9998823404312134,-0.04263840988278389,-0.5358880758285522,-0.22157439589500427,0.9999604225158691,-0.08441489934921265,-0.5326207876205444,-0.2037915140390396,0.9999563097953796,0.16597627103328705,-0.45145368576049805,-0.11029591411352158,0.9997833371162415,-0.15455560386180878,-0.43669742345809937,-0.02488471195101738,0.9998448491096497,0.2693459987640381,-0.32372409105300903,-0.19747264683246613,0.9888996481895447,-0.22952406108379364,-0.2462833672761917,-0.07507870346307755,0.9762657284736633,0.06963898241519928,-0.4399188160896301,-0.3471778333187103,0.9420103430747986,-0.21863901615142822,-0.2675960063934326,-0.2762863337993622,0.9384439587593079,-0.002933169947937131,-0.46384352445602417,-0.395698606967926,0.9249510169029236,-0.22013691067695618,-0.2750641703605652,-0.3225857615470886,0.9175341129302979,-0.017810581251978874,-0.5128108263015747,-0.3783099949359894,0.9331070184707642,-0.21302248537540436,-0.3099707067012787,-0.3053329586982727,0.9258503913879395,0.04374584183096886,-0.46511736512184143,-0.34553858637809753,0.9269821047782898,-0.20760822296142578,-0.279336154460907,-0.2749389111995697,0.9209285378456116,0.11417742073535919,-0.0011261090403422713,-0.019927993416786194,0.5437297821044922,-0.11238313466310501,-0.003606457496061921,0.02047579735517502,0.539769172668457,0.12031973898410797,-0.05644070729613304,-0.11315944790840149,0.033820103853940964,-0.15732161700725555,-0.029896128922700882,-0.07385262101888657,0.03531834855675697,0.12307542562484741,0.21308858692646027,0.1836952418088913,0.009403344243764877,-0.09033746272325516,0.3788478374481201,0.20413647592067719,0.012055286206305027,0.12290892004966736,0.22312213480472565,0.2023177593946457,0.00602191686630249,-0.07552114874124527,0.3989555239677429,0.2352912724018097,0.0090266028419137,0.12576371431350708,0.1949511617422104,-0.018816713243722916,0.008775651454925537,-0.09103383123874664,0.43389472365379333,0.02488073706626892,0.00999751128256321,22,0.917,0.6445820331573486,0.43174511194229126,-3.690959360369561e-08,,0.6136132478713989,0.4764062166213989,0.002659248886629939,,0.5891597867012024,0.4796913266181946,0.00019036306184716523,,0.5750064253807068,0.48103225231170654,-0.004351794254034758,,0.564263641834259,0.4765496551990509,-0.0096407076343894,,0.5584427714347839,0.39356815814971924,0.002521943999454379,,0.5238533020019531,0.4259446859359741,-0.003731177421286702,,0.49974608421325684,0.4449087083339691,-0.010861365124583244,,0.47805434465408325,0.45763376355171204,-0.016985008493065834,,0.5596365928649902,0.38691723346710205,-0.005015737842768431,,0.5181289911270142,0.4289447069168091,-0.012598678469657898,,0.4914429187774658,0.45020395517349243,-0.021211517974734306,,0.4664340317249298,0.46210893988609314,-0.02827175334095955,,0.5629413723945618,0.3959651589393616,-0.012775135226547718,,0.5211743116378784,0.4317421317100525,-0.021120702847838402,,0.4934004843235016,0.44907280802726746,-0.027962185442447662,,0.4696899354457855,0.45798611640930176,-0.03287301957607269,,0.5667364001274109,0.41893190145492554,-0.020376425236463547,,0.5343598127365112,0.4361152946949005,-0.02687947452068329,,0.5140153169631958,0.44775786995887756,-0.029977167025208473,,0.49563390016555786,0.45435455441474915,-0.03242120519280434,,0.470138281583786,0.7222504019737244,-2.367405187442273e-07,,0.4763057231903076,0.6926547288894653,-0.020893406122922897,,0.4742605984210968,0.6643258333206177,-0.03473053127527237,,0.46455326676368713,0.6386353373527527,-0.04485401511192322,,0.45146849751472473,0.6106224060058594,-0.0554492324590683,,0.46928539872169495,0.7128148674964905,-0.04337448254227638,,0.4571746289730072,0.7297484278678894,-0.06606842577457428,,0.4476760923862457,0.7472631335258484,-0.08410534262657166,,0.43974411487579346,0.7727264761924744,-0.09384490549564362,,0.4627628028392792,0.7481139302253723,-0.039867907762527466,,0.4586108326911926,0.7702111005783081,-0.061449743807315826,,0.45211976766586304,0.7963171601295471,-0.0744888037443161,,0.4487617313861847,0.8227338790893555,-0.08325864374637604,,0.45926159620285034,0.768831729888916,-0.0361185185611248,,0.45577558875083923,0.7937200665473938,-0.055379319936037064,,0.45069998502731323,0.8175140619277954,-0.06038565933704376,,0.44841620326042175,0.8396296501159668,-0.06168035790324211,,0.4551708996295929,0.7786166071891785,-0.03336454555392265,,0.4533540606498718,0.7987674474716187,-0.04578462615609169,,0.4505402147769928,0.8167603015899658,-0.04507015645503998,,0.4500524401664734,0.8328666687011719,-0.04345579445362091,
-0.07914985716342926,-0.5593454241752625,-0.24119442701339722,0.9998922348022461,-0.0649399682879448,-0.6027671694755554,-0.24091479182243347,0.9998024106025696,-0.06567183136940002,-0.6023142337799072,-0.24276022613048553,0.9998037219047546,-0.06535892188549042,-0.6023057103157043,-0.24024395644664764,0.9997859597206116,-0.09887844324111938,-0.6020333766937256,-0.23409007489681244,0.999824583530426,-0.0969097912311554,-0.6024172902107239,-0.23499636352062225,0.9998322129249573,-0.09763280302286148,-0.6013118624687195,-0.23071716725826263,0.9998228549957275,0.027619266882538795,-0.6143708825111389,-0.16654832661151886,0.9998716711997986,-0.11102350801229477,-0.6077298521995544,-0.11605003476142883,0.9998745918273926,-0.042844370007514954,-0.5396792888641357,-0.22077952325344086,0.9999571442604065,-0.08458766341209412,-0.5365950465202332,-0.2033570259809494,0.9999532699584961,0.16731803119182587,-0.45160767436027527,-0.11205091327428818,0.9997839331626892,-0.1544017493724823,-0.4382162094116211,-0.024776550009846687,0.9998448491096497,0.2672155201435089,-0.32378655672073364,-0.2036581039428711,0.9899633526802063,-0.22738605737686157,-0.2474878430366516,-0.07637366652488708,0.9781000018119812,0.06900398433208466,-0.43622177839279175,-0.3513824939727783,0.9477359056472778,-0.22365806996822357,-0.27102428674697876,-0.27635934948921204,0.9442797899246216,-0.003468029433861375,-0.4575081467628479,-0.39785128831863403,0.9316934943199158,-0.22594060003757477,-0.27667391300201416,-0.3235945403575897,0.9240309596061707,-0.018215864896774292,-0.5075010657310486,-0.38255277276039124,0.9389999508857727,-0.21973112225532532,-0.3118114769458771,-0.31178346276283264,0.9315687417984009,0.04319656640291214,-0.4616921544075012,-0.35015806555747986,0.9333409070968628,-0.21291480958461761,-0.28234556317329407,-0.27801477909088135,0.9269081950187683,0.11418836563825607,-0.0008640267187729478,-0.019896963611245155,0.5483705401420593,-0.11242091655731201,-0.0039948769845068455,0.020447641611099243,0.5437233448028564,0.11933688074350357,-0.056298840790987015,-0.11046057194471359,0.03397650271654129,-0.15671440958976746,-0.030572572723031044,-0.07414371520280838,0.035800736397504807,0.12047354876995087,0.21304957568645477,0.18403980135917664,0.009454455226659775,-0.0930345430970192,0.37958261370658875,0.20071586966514587,0.012125547043979168,0.12019522488117218,0.2229866236448288,0.20256748795509338,0.006054990459233522,-0.07877856492996216,0.3996613621711731,0.23096369206905365,0.009111743420362473,0.1259973794221878,0.19350826740264893,-0.016499033197760582,0.008844863623380661,-0.09433984756469727,0.43319714069366455,0.023309795185923576,0.01017940603196621,23,0.959,0.6426443457603455,0.4354480504989624,-5.0647983584894973e-08,,0.6133630871772766,0.4782319664955139,0.0046302685514092445,,0.588714599609375,0.4802071452140808,0.003715315368026495,,0.5742653608322144,0.47986966371536255,0.0005699808243662119,,0.5632434487342834,0.4764728248119354,-0.0033591394312679768,,0.5564069747924805,0.39545726776123047,0.004343064501881599,,0.5221596956253052,0.4272570312023163,-0.0007816667784936726,,0.49837881326675415,0.4464115500450134,-0.006943431217223406,,0.4775046110153198,0.45872268080711365,-0.012427764013409615,,0.5575975775718689,0.38904666900634766,-0.003867165185511112,,0.5158253908157349,0.43075791001319885,-0.010294794104993343,,0.4896606504917145,0.45223352313041687,-0.01805630698800087,,0.4657955467700958,0.46386656165122986,-0.024560686200857162,,0.5609431862831116,0.3980935215950012,-0.012153265997767448,,0.518673837184906,0.4332461357116699,-0.019685443490743637,,0.4910183250904083,0.45118141174316406,-0.026196453720331192,,0.4677538573741913,0.4598253071308136,-0.031000711023807526,,0.5648945569992065,0.42093321681022644,-0.020072922110557556,,0.5320488810539246,0.4382663667201996,-0.026194537058472633,,0.512131929397583,0.44944214820861816,-0.029137028381228447,,0.49438410997390747,0.4553578495979309,-0.031524907797575,,0.4746800661087036,0.7143654227256775,-2.2677754429878405e-07,,0.47816142439842224,0.6850024461746216,-0.023397844284772873,,0.47595757246017456,0.6561977863311768,-0.03774461895227432,,0.4671158492565155,0.6314558386802673,-0.0482025071978569,,0.4547887146472931,0.6038157939910889,-0.059009257704019547,,0.4698200225830078,0.7056061625480652,-0.04351413622498512,,0.455759197473526,0.7195377945899963,-0.06694591045379639,,0.44706612825393677,0.7343170642852783,-0.08569828420877457,,0.4393472671508789,0.7563745379447937,-0.09578157216310501,,0.4646569490432739,0.7426480054855347,-0.03916474059224129,,0.458036333322525,0.7660778760910034,-0.06288738548755646,,0.4492760896682739,0.7893301248550415,-0.07815969735383987,,0.4435276389122009,0.8118175268173218,-0.08786104619503021,,0.4628879725933075,0.764462947845459,-0.03471985086798668,,0.4571847915649414,0.7927818298339844,-0.05629700422286987,,0.4495643675327301,0.8158916234970093,-0.06270763278007507,,0.4445688724517822,0.8351455330848694,-0.0640736073255539,,0.4606661796569824,0.7736362218856812,-0.031454529613256454,,0.459169864654541,0.7970359921455383,-0.04532972723245621,,0.45486363768577576,0.815949559211731,-0.04524765908718109,,0.4521624743938446,0.8316296935081482,-0.043554458767175674,
-0.07909911125898361,-0.560644268989563,-0.24099023640155792,0.9998828172683716,-0.06478255242109299,-0.6037789583206177,-0.2403501570224762,0.9997835755348206,-0.06551043689250946,-0.6033377647399902,-0.24219933152198792,0.9997854232788086,-0.06519225239753723,-0.6033372282981873,-0.23968319594860077,0.9997674226760864,-0.09870535135269165,-0.6031457185745239,-0.23369330167770386,0.9998085498809814,-0.09673769026994705,-0.6035423278808594,-0.23459649085998535,0.9998167753219604,-0.09746041893959045,-0.6024497151374817,-0.23032523691654205,0.9998083114624023,0.0283639058470726,-0.614870548248291,-0.165871724486351,0.9998603463172913,-0.11013878136873245,-0.6083853244781494,-0.11558649688959122,0.9998640418052673,-0.04274247959256172,-0.5408281087875366,-0.22048231959342957,0.9999533295631409,-0.08440634608268738,-0.5377683639526367,-0.20321737229824066,0.9999491572380066,0.1676388531923294,-0.45202410221099854,-0.11246726661920547,0.9997849464416504,-0.153691366314888,-0.43890687823295593,-0.024689795449376106,0.9998424053192139,0.2665521502494812,-0.3251117169857025,-0.20475411415100098,0.9909065365791321,-0.2285425215959549,-0.24759851396083832,-0.0770287737250328,0.9795194268226624,0.06728074699640274,-0.434979110956192,-0.35358330607414246,0.9528567790985107,-0.22537469863891602,-0.27172020077705383,-0.2772541046142578,0.9493377208709717,-0.005109136458486319,-0.45659029483795166,-0.40149202942848206,0.9375584125518799,-0.22598828375339508,-0.2796577513217926,-0.32671400904655457,0.929117739200592,-0.02038765326142311,-0.5068050026893616,-0.38568824529647827,0.944088339805603,-0.21926037967205048,-0.3164832293987274,-0.31544214487075806,0.9359569549560547,0.041525546461343765,-0.4606800079345703,-0.35240450501441956,0.938805341720581,-0.21429209411144257,-0.2838750183582306,-0.28015363216400146,0.9314227104187012,0.1138383150100708,-0.0008147982880473137,-0.019949251785874367,0.553131103515625,-0.11213523894548416,-0.004114987328648567,0.020516270771622658,0.5465941429138184,0.1195019856095314,-0.054681792855262756,-0.10852936655282974,0.033464934676885605,-0.15292993187904358,-0.026733748614788055,-0.07326256483793259,0.03514299914240837,0.12063339352607727,0.2142496407032013,0.1841222196817398,0.009386072866618633,-0.09207441657781601,0.3809475600719452,0.20070745050907135,0.011903311125934124,0.12036430835723877,0.22432222962379456,0.2027263045310974,0.006120251026004553,-0.0780276507139206,0.40079399943351746,0.23110488057136536,0.009271681308746338,0.12660886347293854,0.19479972124099731,-0.01653580367565155,0.008802903816103935,-0.09376496076583862,0.4341281056404114,0.023990962654352188,0.010139424353837967,24,1.001,0.6424893736839294,0.43461713194847107,-7.058532958126307e-08,,0.6126790046691895,0.47729650139808655,0.007085754070430994,,0.5878229737281799,0.4795059263706207,0.007636093534529209,,0.5735710263252258,0.4784886837005615,0.005580877885222435,,0.5625253319740295,0.47439634799957275,0.0025668125599622726,,0.5565499663352966,0.39504554867744446,0.00699078943580389,,0.5218896865844727,0.4267732799053192,0.0031023002229630947,,0.4983373284339905,0.4458957016468048,-0.0022461414337158203,,0.4773150682449341,0.45825231075286865,-0.007334922440350056,,0.5574309229850769,0.3883432149887085,-0.002028735587373376,,0.5149445533752441,0.4300557076931,-0.007503300905227661,,0.4888966977596283,0.4516868591308594,-0.014822741039097309,,0.4653031826019287,0.463569313287735,-0.02115226909518242,,0.5604139566421509,0.3979879319667816,-0.01093293260782957,,0.517521858215332,0.4335534870624542,-0.01777059957385063,,0.48986759781837463,0.4517618715763092,-0.02409064956009388,,0.4663902223110199,0.4605911672115326,-0.028903670608997345,,0.5639457106590271,0.4216155707836151,-0.01922827959060669,,0.5301347374916077,0.43927890062332153,-0.02505057491362095,,0.5098909139633179,0.45061078667640686,-0.027923358604311943,,0.4919705390930176,0.456780344247818,-0.030349431559443474,,0.4785667061805725,0.7213006615638733,-2.3254304437614337e-07,,0.4838901162147522,0.6895943880081177,-0.02119304984807968,,0.48205217719078064,0.6581957340240479,-0.03382929414510727,,0.4715111255645752,0.6293795704841614,-0.043084800243377686,,0.45753854513168335,0.6029716730117798,-0.0526827797293663,,0.4737094044685364,0.7113510966300964,-0.03786245733499527,,0.4597901999950409,0.7224454283714294,-0.05968939885497093,,0.4499811828136444,0.7351980805397034,-0.07740989327430725,,0.4402877688407898,0.7547265291213989,-0.08677239716053009,,0.4674564003944397,0.7463619112968445,-0.034082841128110886,,0.45786261558532715,0.7660412788391113,-0.055128876119852066,,0.4478743374347687,0.7859246730804443,-0.06847074627876282,,0.44072672724723816,0.8077397346496582,-0.0770471915602684,,0.4655162990093231,0.7683866620063782,-0.030443528667092323,,0.4578714668750763,0.7929348945617676,-0.05054556205868721,,0.4494471251964569,0.8136482834815979,-0.05591733381152153,,0.4429960250854492,0.832787811756134,-0.056700874119997025,,0.4632643759250641,0.778797447681427,-0.02795039303600788,,0.46024733781814575,0.803010106086731,-0.041480984538793564,,0.45404306054115295,0.8209829926490784,-0.04105323553085327,,0.44921815395355225,0.8371791243553162,-0.03908481448888779,
-0.07905549556016922,-0.5617430210113525,-0.23864726722240448,0.9998703002929688,-0.06454481929540634,-0.6045969724655151,-0.23785129189491272,0.9997603893280029,-0.06526155024766922,-0.6041685938835144,-0.2397058606147766,0.9997634291648865,-0.06493958830833435,-0.6041820049285889,-0.23720797896385193,0.9997445940971375,-0.09845779091119766,-0.6042681336402893,-0.23095352947711945,0.9997885227203369,-0.09648890048265457,-0.6046807765960693,-0.23184403777122498,0.9997976422309875,-0.09721562266349792,-0.6035963296890259,-0.22761990129947662,0.9997892379760742,0.029244322329759598,-0.6153461337089539,-0.16364413499832153,0.9998459219932556,-0.10930781066417694,-0.6099280118942261,-0.11229316890239716,0.9998500943183899,-0.04268201068043709,-0.5418583154678345,-0.21802882850170135,0.9999479055404663,-0.08429105579853058,-0.5390828847885132,-0.2007303088903427,0.9999437928199768,0.16838876903057098,-0.4521801769733429,-0.11188379675149918,0.9997847080230713,-0.15354867279529572,-0.4411832392215729,-0.02276677079498768,0.999841570854187,0.26639100909233093,-0.3246484398841858,-0.2037777602672577,0.991748571395874,-0.2285040020942688,-0.24689841270446777,-0.07231030613183975,0.9807516932487488,0.06853673607110977,-0.432834267616272,-0.3502149283885956,0.9574587345123291,-0.22476162016391754,-0.25418874621391296,-0.27304041385650635,0.9538075923919678,-0.0019311954965814948,-0.45572176575660706,-0.3986837863922119,0.9428439140319824,-0.22463524341583252,-0.2573296129703522,-0.324648380279541,0.9334068894386292,-0.01773984357714653,-0.5063257813453674,-0.3829629123210907,0.9486865401268005,-0.218796968460083,-0.2933357357978821,-0.3136901557445526,0.9396299719810486,0.0431884229183197,-0.4590623676776886,-0.34895071387290955,0.9437537789344788,-0.21332195401191711,-0.2648994028568268,-0.27788761258125305,0.935312807559967,0.11366699635982513,-0.000591756368521601,-0.019962066784501076,0.5606297254562378,-0.11203476786613464,-0.004430259577929974,0.020532676950097084,0.5535430312156677,0.11910438537597656,-0.04923471063375473,-0.10491614043712616,0.032810065895318985,-0.1500871777534485,-0.023907756432890892,-0.07572820782661438,0.034538544714450836,0.12067341804504395,0.21762795746326447,0.18363216519355774,0.009187198244035244,-0.0919305607676506,0.38123562932014465,0.18769094347953796,0.011706873774528503,0.1204572468996048,0.22808541357517242,0.20227907598018646,0.006095585413277149,-0.07798659056425095,0.40118607878685,0.21704791486263275,0.00944566074758768,0.12726765871047974,0.202741339802742,-0.014770805835723877,0.008678833954036236,-0.0937778651714325,0.4340464770793915,0.015905840322375298,0.010150074027478695,25,1.042,0.6418936252593994,0.43625128269195557,-5.497816246702314e-08,,0.6127411127090454,0.47642695903778076,0.004902514163404703,,0.5881653428077698,0.47800490260124207,0.004021042492240667,,0.5749813914299011,0.47580811381340027,0.0008211774402298033,,0.5646669268608093,0.471841424703598,-0.0031959579791873693,,0.5564666986465454,0.3914172649383545,0.004099456127732992,,0.5214095115661621,0.4239513874053955,-0.0008598989224992692,,0.4975813031196594,0.4432060718536377,-0.006741518620401621,,0.47627192735671997,0.4551950693130493,-0.01208270899951458,,0.5572417378425598,0.3855241537094116,-0.004224978853017092,,0.5148504972457886,0.42754361033439636,-0.01052869763225317,,0.488914430141449,0.44894546270370483,-0.017825113609433174,,0.4654070734977722,0.460310161113739,-0.02399037964642048,,0.559881865978241,0.39610597491264343,-0.012593373656272888,,0.5169650912284851,0.4317159652709961,-0.020029356703162193,,0.48923322558403015,0.44936954975128174,-0.026041921228170395,,0.46560972929000854,0.45739734172821045,-0.03042302094399929,,0.5629338026046753,0.42083895206451416,-0.020590053871273994,,0.5285093784332275,0.4379259943962097,-0.026699326932430267,,0.5079917311668396,0.4487416446208954,-0.029331769794225693,,0.48983871936798096,0.4542027711868286,-0.03142339736223221,,0.4841623306274414,0.7481894493103027,-2.0735748762490402e-07,,0.4874855577945709,0.7191056609153748,-0.02107938937842846,,0.4865712821483612,0.6928098797798157,-0.035085279494524,,0.47680410742759705,0.6661043167114258,-0.04538216069340706,,0.4641859829425812,0.6377888321876526,-0.056033503264188766,,0.47433242201805115,0.74173504114151,-0.044584862887859344,,0.45997536182403564,0.7547621130943298,-0.0649949237704277,,0.4511953890323639,0.7758662700653076,-0.08041302114725113,,0.4434843063354492,0.8051519989967346,-0.08833358436822891,,0.47055667638778687,0.7766866683959961,-0.040144484490156174,,0.4642846882343292,0.8043801784515381,-0.061876341700553894,,0.4568440318107605,0.8307414054870605,-0.07594089210033417,,0.4507856070995331,0.8595720529556274,-0.08503564447164536,,0.46996933221817017,0.798414945602417,-0.034776270389556885,,0.46331799030303955,0.8286413550376892,-0.0540582500398159,,0.45572564005851746,0.8521279096603394,-0.0597262866795063,,0.45058634877204895,0.8762280941009521,-0.061120979487895966,,0.46806594729423523,0.8068135976791382,-0.030240707099437714,,0.46252676844596863,0.8320639133453369,-0.04291638731956482,,0.45663195848464966,0.8517972826957703,-0.04257889464497566,,0.452582448720932,0.87138432264328,-0.040969785302877426,
-0.07789475470781326,-0.5616795420646667,-0.23875382542610168,0.9998558163642883,-0.06325463950634003,-0.604530930519104,-0.2377801239490509,0.9997355341911316,-0.0639532133936882,-0.6041034460067749,-0.23963843286037445,0.9997396469116211,-0.06361973285675049,-0.6041221022605896,-0.2371423989534378,0.9997196197509766,-0.09719575941562653,-0.6042116284370422,-0.23102203011512756,0.9997661113739014,-0.09522193670272827,-0.604624330997467,-0.23190918564796448,0.9997760057449341,-0.09595351666212082,-0.6035394072532654,-0.22769302129745483,0.9997678399085999,0.031218837946653366,-0.6153171062469482,-0.16345037519931793,0.9998288750648499,-0.10758895426988602,-0.6099086403846741,-0.1123959943652153,0.9998356699943542,-0.041314754635095596,-0.5417893528938293,-0.2180086076259613,0.9999420046806335,-0.08282089978456497,-0.5389923453330994,-0.20089778304100037,0.9999378323554993,0.17024071514606476,-0.4521828591823578,-0.11191543191671371,0.9997802376747131,-0.15292766690254211,-0.441476047039032,-0.023743610829114914,0.9998383522033691,0.2663344740867615,-0.3244616687297821,-0.20288488268852234,0.992489755153656,-0.23042365908622742,-0.24643827974796295,-0.07310779392719269,0.9818089008331299,0.068899005651474,-0.43240341544151306,-0.3482973575592041,0.9615633487701416,-0.22106055915355682,-0.2520713210105896,-0.27267584204673767,0.9576723575592041,-0.0011236565187573433,-0.45566004514694214,-0.39709025621414185,0.9473240375518799,-0.2182757556438446,-0.2545032203197479,-0.32388532161712646,0.9365782141685486,-0.01720072329044342,-0.506220281124115,-0.3813909590244293,0.9525375366210938,-0.20707309246063232,-0.2918625473976135,-0.3128659129142761,0.9422718286514282,0.04366860166192055,-0.4588114023208618,-0.3470640182495117,0.9478777647018433,-0.20770014822483063,-0.26330509781837463,-0.2772798240184784,0.9380742311477661,0.11333199590444565,-0.0005062423879280686,-0.019842389971017838,0.5598828792572021,-0.11178281158208847,-0.004576161503791809,0.020426055416464806,0.5526366829872131,0.11846862733364105,-0.04716871678829193,-0.1039070338010788,0.03201626241207123,-0.14936794340610504,-0.02193078212440014,-0.07627970725297928,0.033817265182733536,0.1181851327419281,0.22096353769302368,0.1825246959924698,0.00898619182407856,-0.09336087107658386,0.38201767206192017,0.18298184871673584,0.011473809368908405,0.11779134720563889,0.23192113637924194,0.20125551521778107,0.006079460959881544,-0.08005519211292267,0.4021156132221222,0.21215490996837616,0.0095400745049119,0.1266491860151291,0.2085571140050888,-0.014240117743611336,0.008537711575627327,-0.09595830738544464,0.43501946330070496,0.012884393334388733,0.01008090004324913,26,1.084,0.6415649652481079,0.4347687065601349,-4.5851351160308695e-08,,0.6125102639198303,0.476690411567688,0.0037682377733290195,,0.5886821746826172,0.4806557893753052,0.0020575840026140213,,0.5757477879524231,0.4816591143608093,-0.0019088161643594503,,0.5661664009094238,0.4781259000301361,-0.00665642786771059,,0.5562278628349304,0.392477810382843,0.004020200110971928,,0.5218382477760315,0.42490777373313904,-0.0017286352813243866,,0.4980844259262085,0.4429299533367157,-0.008394084870815277,,0.476860910654068,0.45437368750572205,-0.014229835011065006,,0.5572290420532227,0.38679051399230957,-0.004126936662942171,,0.5154170393943787,0.4279918670654297,-0.01139075681567192,,0.4893217086791992,0.44822508096694946,-0.019513746723532677,,0.4652790427207947,0.45912447571754456,-0.026191722601652145,,0.5599434971809387,0.39694681763648987,-0.012533786706626415,,0.517702579498291,0.43201780319213867,-0.02081277035176754,,0.4904087483882904,0.44903624057769775,-0.02728811465203762,,0.46696361899375916,0.457040399312973,-0.03183702751994133,,0.5629279613494873,0.4212597906589508,-0.020719682797789574,,0.5293774604797363,0.4380291700363159,-0.027463288977742195,,0.5086724162101746,0.4478883147239685,-0.030598687008023262,,0.4899970293045044,0.4522065222263336,-0.03299079090356827,,0.4787923991680145,0.748752236366272,-2.0093905561680003e-07,,0.48587462306022644,0.7269517779350281,-0.019349923357367516,,0.4849740266799927,0.7059820294380188,-0.03098071925342083,,0.47644633054733276,0.6835392117500305,-0.039679042994976044,,0.46472689509391785,0.6606171727180481,-0.04857758805155754,,0.4731777608394623,0.7503184676170349,-0.0316149964928627,,0.4610876739025116,0.7681273818016052,-0.05139658972620964,,0.451837420463562,0.7944303750991821,-0.06738235801458359,,0.4463613033294678,0.820129930973053,-0.07537033408880234,,0.46610450744628906,0.7793282270431519,-0.026928961277008057,,0.4615936875343323,0.8035205006599426,-0.04578806832432747,,0.4543094038963318,0.8316282629966736,-0.05689852312207222,,0.4502145051956177,0.8538623452186584,-0.06340731680393219,,0.4638397693634033,0.7952223420143127,-0.022657295688986778,,0.4600561559200287,0.8209517598152161,-0.03933367133140564,,0.4543497860431671,0.8446690440177917,-0.04256335273385048,,0.4517759680747986,0.864225447177887,-0.041832637041807175,,0.4622254967689514,0.7987309694290161,-0.019467787817120552,,0.46070414781570435,0.8201377987861633,-0.028259122744202614,,0.45901140570640564,0.8363312482833862,-0.025965217500925064,,0.4592422544956207,0.8503559231758118,-0.022858062759041786,
-0.07421471178531647,-0.5621830821037292,-0.23164790868759155,0.9998400211334229,-0.058909785002470016,-0.6048684120178223,-0.2297808825969696,0.9997081756591797,-0.05958487465977669,-0.6044485569000244,-0.23165304958820343,0.9997138977050781,-0.05924854055047035,-0.6044774055480957,-0.2291548103094101,0.9996927380561829,-0.0930265337228775,-0.6047122478485107,-0.2233472317457199,0.9997419714927673,-0.09105103462934494,-0.605129063129425,-0.22426529228687286,0.9997527599334717,-0.09179405868053436,-0.6040459871292114,-0.22008965909481049,0.9997442960739136,0.03556033596396446,-0.6155470609664917,-0.15435321629047394,0.9998117685317993,-0.10437173396348953,-0.6106846928596497,-0.10464917868375778,0.9998197555541992,-0.03790464997291565,-0.5423106551170349,-0.2104344516992569,0.9999357461929321,-0.0794842317700386,-0.539657711982727,-0.19393177330493927,0.9999317526817322,0.1736065000295639,-0.4530244767665863,-0.10564328730106354,0.999779462814331,-0.15182362496852875,-0.4445513188838959,-0.021480686962604523,0.9998387098312378,0.2687288820743561,-0.3270014822483063,-0.1993071287870407,0.9931820631027222,-0.22938193380832672,-0.2487250119447708,-0.06979944556951523,0.9830498695373535,0.07553985714912415,-0.4321710467338562,-0.3470807671546936,0.9653081297874451,-0.2196328490972519,-0.2459196001291275,-0.26840636134147644,0.9614096879959106,0.007373349275439978,-0.4552382528781891,-0.3972453773021698,0.9517174363136292,-0.21798723936080933,-0.2440885305404663,-0.32096800208091736,0.9404862523078918,-0.011005952022969723,-0.5055810809135437,-0.3818627595901489,0.9563795924186707,-0.20507042109966278,-0.279520183801651,-0.31221210956573486,0.9456651210784912,0.050069659948349,-0.45838862657546997,-0.3460044264793396,0.9520533084869385,-0.20589911937713623,-0.2552543878555298,-0.27456316351890564,0.9417666792869568,0.11333228647708893,3.3087508199969307e-05,-0.019481370225548744,0.571170449256897,-0.11179856210947037,-0.005091873463243246,0.020049668848514557,0.5642463564872742,0.11852312088012695,-0.04410034790635109,-0.10335284471511841,0.031143704429268837,-0.14889587461948395,-0.022111382335424423,-0.08607777208089828,0.033215757459402084,0.11698946356773376,0.22017700970172882,0.1823856681585312,0.008653656579554081,-0.09508807212114334,0.3820982277393341,0.1668199598789215,0.011229154653847218,0.11663159728050232,0.23094871640205383,0.20126451551914215,0.005981298163533211,-0.08248425275087357,0.40233471989631653,0.1958373486995697,0.009563995525240898,0.1269134283065796,0.20721034705638885,-0.007996211759746075,0.008257122710347176,-0.09655695408582687,0.434644877910614,-0.0007751526427455246,0.009951063431799412,27,1.126,0.6423569917678833,0.4342529773712158,-5.563008897979671e-08,,0.612450897693634,0.4768438935279846,0.006411457899957895,,0.5878958106040955,0.4802391529083252,0.006486213766038418,,0.5749735236167908,0.4789094626903534,0.003861752338707447,,0.5656978487968445,0.47396594285964966,0.00027089467039331794,,0.5559231042861938,0.3921198546886444,0.006765870843082666,,0.5212271213531494,0.4232305586338043,0.0027786451391875744,,0.49738866090774536,0.44225674867630005,-0.0024933035019785166,,0.47622936964035034,0.45429128408432007,-0.007522626779973507,,0.556846022605896,0.3855586349964142,-0.002293013036251068,,0.5149287581443787,0.4262280762195587,-0.008021180517971516,,0.48919305205345154,0.4472694993019104,-0.014959675259888172,,0.4661649465560913,0.45792320370674133,-0.020809311419725418,,0.5600311160087585,0.3958209156990051,-0.011405467987060547,,0.5175595283508301,0.4306875765323639,-0.018679065629839897,,0.4899931848049164,0.448064386844635,-0.024618370458483696,,0.4667176306247711,0.45590612292289734,-0.028819583356380463,,0.5639104247093201,0.42097008228302,-0.020022151991724968,,0.5288344025611877,0.4382370412349701,-0.026255309581756592,,0.5079414248466492,0.4488881528377533,-0.028882700949907303,,0.4897916913032532,0.45395445823669434,-0.030863478779792786,,0.4763229787349701,0.7530595064163208,-3.3919855813024924e-09,,0.4799180328845978,0.7342388033866882,-0.01973823457956314,,0.479907363653183,0.7149599194526672,-0.032067686319351196,,0.47493788599967957,0.6976043581962585,-0.041236650198698044,,0.4708060324192047,0.6757102012634277,-0.050451431423425674,,0.4731064438819885,0.7496083378791809,-0.03716517239809036,,0.4651704430580139,0.7740947604179382,-0.05467749387025833,,0.45889386534690857,0.7953464984893799,-0.06832230091094971,,0.45140618085861206,0.8121224045753479,-0.07636647671461105,,0.4625014364719391,0.769736647605896,-0.03391648456454277,,0.4530845880508423,0.7951139807701111,-0.05423042178153992,,0.4481164813041687,0.8165744543075562,-0.06762497127056122,,0.4446825683116913,0.8361243009567261,-0.07693751156330109,,0.4555143713951111,0.7820709943771362,-0.030609050765633583,,0.4460688829421997,0.8078005313873291,-0.048241715878248215,,0.444374680519104,0.825077474117279,-0.054961204528808594,,0.44272786378860474,0.8433294296264648,-0.05815867334604263,,0.4506480097770691,0.788517951965332,-0.028251416981220245,,0.44594913721084595,0.809319794178009,-0.039553239941596985,,0.44679325819015503,0.8232882618904114,-0.041583895683288574,,0.44717684388160706,0.8358696103096008,-0.04299662634730339,
-0.06904325634241104,-0.5632756948471069,-0.2252897173166275,0.9998294711112976,-0.05311734974384308,-0.6058114171028137,-0.22239725291728973,0.9996928572654724,-0.05377914756536484,-0.6054020524024963,-0.2242855727672577,0.9996996521949768,-0.053443025797605515,-0.6054377555847168,-0.22180062532424927,0.9996781945228577,-0.08756393939256668,-0.6058114767074585,-0.21677950024604797,0.9997281432151794,-0.0855841115117073,-0.6062265634536743,-0.21774886548519135,0.9997393488883972,-0.08633516728878021,-0.6051362156867981,-0.2135852873325348,0.9997307062149048,0.03975247964262962,-0.6160767674446106,-0.14455953240394592,0.9998012781143188,-0.10180478543043137,-0.6115959286689758,-0.09783663600683212,0.9998108148574829,-0.03364189714193344,-0.5432254076004028,-0.20335669815540314,0.9999308586120605,-0.07548756152391434,-0.5406679511070251,-0.18775202333927155,0.9999270439147949,0.17560511827468872,-0.45375195145606995,-0.09825252741575241,0.9997810125350952,-0.15154863893985748,-0.4452046751976013,-0.018443437293171883,0.9998390078544617,0.27059534192085266,-0.3270306885242462,-0.19391661882400513,0.9938138127326965,-0.2271200567483902,-0.24925681948661804,-0.06752260774374008,0.9842259287834167,0.0784117802977562,-0.43188732862472534,-0.3464049696922302,0.9686984419822693,-0.2179964780807495,-0.2429722547531128,-0.2658950388431549,0.9648218154907227,0.010342881083488464,-0.4550821781158447,-0.39644017815589905,0.9558191895484924,-0.2175588458776474,-0.24187009036540985,-0.3185732960700989,0.9442557096481323,-0.008883139118552208,-0.50551837682724,-0.38063880801200867,0.9599921107292175,-0.20396597683429718,-0.2773231565952301,-0.3116507828235626,0.949015200138092,0.05294835567474365,-0.4581296145915985,-0.3451428711414337,0.955997884273529,-0.2043437510728836,-0.25263577699661255,-0.272563636302948,0.9454108476638794,0.1133338138461113,0.00023934974160511047,-0.018916985020041466,0.5855682492256165,-0.11181178689002991,-0.005213150754570961,0.019433951005339622,0.5789118409156799,0.11859340220689774,-0.04115597903728485,-0.10281247645616531,0.030103228986263275,-0.14883868396282196,-0.020863167941570282,-0.0878104493021965,0.03244313970208168,0.11606595665216446,0.21979723870754242,0.18382304906845093,0.008284386247396469,-0.09826542437076569,0.38107162714004517,0.16198457777500153,0.01090281456708908,0.11578619480133057,0.2306991070508957,0.20371055603027344,0.005888383369892836,-0.0862530842423439,0.401574969291687,0.19193576276302338,0.009495248086750507,0.12715047597885132,0.20586934685707092,0.007593295071274042,0.007919218391180038,-0.09770594537258148,0.4333895444869995,-0.0005359358037821949,0.00969578418880701,28,1.167,0.6421128511428833,0.4363468587398529,-4.15432310774122e-08,,0.6133150458335876,0.4774331748485565,0.0025174322072416544,,0.5890250205993652,0.48168492317199707,0.000456381356343627,,0.5769108533859253,0.48190534114837646,-0.0036363019607961178,,0.5685315132141113,0.4786335527896881,-0.008536216802895069,,0.5576246380805969,0.3927541673183441,0.0019307623151689768,,0.5224697589874268,0.423920601606369,-0.004410175606608391,,0.49783623218536377,0.4422926902770996,-0.011284023523330688,,0.4761155843734741,0.4548474848270416,-0.017201127484440804,,0.5585595369338989,0.3873158395290375,-0.005683913826942444,,0.5164322257041931,0.42689335346221924,-0.013504540547728539,,0.49023622274398804,0.447101354598999,-0.021725893020629883,,0.46634185314178467,0.45823442935943604,-0.0283516738563776,,0.5611843466758728,0.3976086378097534,-0.013586104847490788,,0.5188378691673279,0.4312623143196106,-0.02244739979505539,,0.49125152826309204,0.44809791445732117,-0.029207240790128708,,0.46774187684059143,0.45606791973114014,-0.03374090790748596,,0.5641990303993225,0.4219900369644165,-0.021325858309864998,,0.5298945903778076,0.4381748139858246,-0.028603430837392807,,0.5088297724723816,0.44854736328125,-0.03189733996987343,,0.4901409149169922,0.4533594250679016,-0.03424498438835144,,0.4740053117275238,0.7563191652297974,-1.1482963202524843e-07,,0.48087507486343384,0.7329751253128052,-0.024859294295310974,,0.4813404083251953,0.7127498388290405,-0.03996136784553528,,0.4725113809108734,0.691162109375,-0.05112944915890694,,0.46125730872154236,0.6695187091827393,-0.06216071546077728,,0.47447535395622253,0.7541190385818481,-0.04444508254528046,,0.466011106967926,0.7721641063690186,-0.06762973964214325,,0.4565303325653076,0.7973186373710632,-0.08355060964822769,,0.44703811407089233,0.8244900703430176,-0.09102103859186172,,0.4645811915397644,0.7828671336174011,-0.0391932874917984,,0.45702552795410156,0.8217284679412842,-0.06562017649412155,,0.4467408359050751,0.8532392978668213,-0.0794844925403595,,0.44041702151298523,0.8804404735565186,-0.0867832750082016,,0.45898279547691345,0.8007978200912476,-0.03427838161587715,,0.452895849943161,0.8379611968994141,-0.05901002138853073,,0.44500958919525146,0.8639414310455322,-0.0653456598520279,,0.4404473900794983,0.8879191875457764,-0.06529033184051514,,0.4537401497364044,0.8069322109222412,-0.030455810949206352,,0.45168033242225647,0.8337374925613403,-0.04707115888595581,,0.4456738829612732,0.8517322540283203,-0.04850330203771591,,0.44241854548454285,0.8686538338661194,-0.04718352109193802,
-0.06852354854345322,-0.5633567571640015,-0.2254968285560608,0.9998184442520142,-0.05271229147911072,-0.6058997511863708,-0.222677543759346,0.9996748566627502,-0.05338527262210846,-0.6054884791374207,-0.22456344962120056,0.9996826648712158,-0.053047213703393936,-0.6055243015289307,-0.222073495388031,0.9996607303619385,-0.08709005266427994,-0.6058708429336548,-0.21708153188228607,0.9997115731239319,-0.08511420339345932,-0.6062830686569214,-0.21803832054138184,0.9997233748435974,-0.08585721999406815,-0.6051903367042542,-0.21386605501174927,0.9997146129608154,0.03990931808948517,-0.6161235570907593,-0.14512169361114502,0.9997899532318115,-0.1014685183763504,-0.6116127967834473,-0.0982263907790184,0.9997988939285278,-0.033203739672899246,-0.5432940721511841,-0.2035675048828125,0.9999265670776367,-0.07500364631414413,-0.5407107472419739,-0.18797966837882996,0.9999224543571472,0.17617179453372955,-0.45387524366378784,-0.09808550029993057,0.9997822046279907,-0.15110689401626587,-0.4453282058238983,-0.01805843599140644,0.9998364448547363,0.2719063460826874,-0.3272021412849426,-0.19384455680847168,0.9943620562553406,-0.22238144278526306,-0.24948668479919434,-0.0666167289018631,0.9849981069564819,0.0791698768734932,-0.43183434009552,-0.34839409589767456,0.971721887588501,-0.21765968203544617,-0.24419249594211578,-0.26518961787223816,0.9677478671073914,0.010799471288919449,-0.4550650119781494,-0.3998687267303467,0.9593207240104675,-0.2174805998802185,-0.2442930042743683,-0.31792500615119934,0.9471509456634521,-0.008191064931452274,-0.5054664611816406,-0.3843472898006439,0.963056743144989,-0.2048904448747635,-0.2788679897785187,-0.31108546257019043,0.951607346534729,0.05362813547253609,-0.458060085773468,-0.34773367643356323,0.9592927098274231,-0.20431818068027496,-0.25355014204978943,-0.27215009927749634,0.9481227993965149,0.11334274709224701,0.00036743920645676553,-0.01882287487387657,0.5899355411529541,-0.11181405931711197,-0.005404546391218901,0.019357901066541672,0.5818068385124207,0.11844762414693832,-0.041808873414993286,-0.10386032611131668,0.029218539595603943,-0.1488693505525589,-0.023220466449856758,-0.09024655073881149,0.03166017308831215,0.11605185270309448,0.219517320394516,0.1835557371377945,0.008083867840468884,-0.09829965978860855,0.3806442618370056,0.161664217710495,0.010694736614823341,0.11578617990016937,0.23041951656341553,0.20343218743801117,0.005892021581530571,-0.08608712255954742,0.4010300934314728,0.1916436105966568,0.009549344889819622,0.12719093263149261,0.20401278138160706,0.0021145157516002655,0.007799934130162001,-0.09763090312480927,0.4327313303947449,-0.006746436469256878,0.009665677323937416,29,1.209,0.6426558494567871,0.436138391494751,-4.222941285547677e-08,,0.6136231422424316,0.4784125089645386,0.0038895737379789352,,0.5892426371574402,0.48405715823173523,0.0024417482782155275,,0.577218770980835,0.486105352640152,-0.0012991043040528893,,0.570243775844574,0.4840429723262787,-0.00590381259098649,,0.557331919670105,0.3954351246356964,0.004087210167199373,,0.523022472858429,0.4272191822528839,-0.0016917106695473194,,0.4988836646080017,0.44542819261550903,-0.008276392705738544,,0.47746238112449646,0.4575669467449188,-0.014073517173528671,,0.5581284165382385,0.38987448811531067,-0.004054876510053873,,0.5164456963539124,0.4303944408893585,-0.011161044239997864,,0.4903505742549896,0.45101603865623474,-0.018903011456131935,,0.46655118465423584,0.4622139036655426,-0.02527066320180893,,0.560728132724762,0.40035802125930786,-0.012489471584558487,,0.518663763999939,0.4346487820148468,-0.020763959735631943,,0.4914330244064331,0.4519570469856262,-0.027229974046349525,,0.4680706858634949,0.46028465032577515,-0.03169262036681175,,0.5636234879493713,0.42505353689193726,-0.020702362060546875,,0.5303647518157959,0.4412098526954651,-0.027754848822951317,,0.5095447897911072,0.4512932598590851,-0.031152868643403053,,0.4907066822052002,0.4558667242527008,-0.033660486340522766,,0.47600415349006653,0.753570020198822,-9.841095760521057e-08,,0.4823879599571228,0.7283516526222229,-0.025329526513814926,,0.48193612694740295,0.7068490386009216,-0.04133209213614464,,0.47247982025146484,0.6861604452133179,-0.05318143218755722,,0.46025386452674866,0.6665933132171631,-0.06509483605623245,,0.47040459513664246,0.7491123080253601,-0.04826649650931358,,0.45723089575767517,0.7734913229942322,-0.07330716401338577,,0.44865334033966064,0.7964795827865601,-0.0910278931260109,,0.44040459394454956,0.8204086422920227,-0.09993892908096313,,0.4619899392127991,0.7809326648712158,-0.04394295811653137,,0.4539034068584442,0.8206548690795898,-0.07174499332904816,,0.4438747465610504,0.8461203575134277,-0.08736123144626617,,0.4374130368232727,0.8682286739349365,-0.0967252179980278,,0.4582141637802124,0.8008208870887756,-0.03976445272564888,,0.45234215259552,0.8389707207679749,-0.06581998616456985,,0.4435148239135742,0.8622856736183167,-0.07322884351015091,,0.43814194202423096,0.8836678266525269,-0.07444845885038376,,0.4549165666103363,0.8091444969177246,-0.036746010184288025,,0.4540570378303528,0.8351492285728455,-0.05451339855790138,,0.44981619715690613,0.8534830212593079,-0.05689183622598648,,0.4477742910385132,0.8701217770576477,-0.05674642324447632,
-0.06868774443864822,-0.5621510744094849,-0.22569778561592102,0.9998086094856262,-0.053052011877298355,-0.6049349904060364,-0.22280864417552948,0.9996588826179504,-0.053727876394987106,-0.6045206189155579,-0.2247033417224884,0.9996682405471802,-0.05338750407099724,-0.6045587658882141,-0.22221241891384125,0.9996467232704163,-0.08734426647424698,-0.604819655418396,-0.21727539598941803,0.9996953010559082,-0.08537314832210541,-0.6052263379096985,-0.21823829412460327,0.9997069835662842,-0.0861164927482605,-0.604131281375885,-0.21406491100788116,0.9996981620788574,0.03979789838194847,-0.6160487532615662,-0.146070659160614,0.9997812509536743,-0.1015515998005867,-0.611426055431366,-0.09843632578849792,0.9997866749763489,-0.033302925527095795,-0.5426055788993835,-0.20375776290893555,0.9999232292175293,-0.075103759765625,-0.5399552583694458,-0.18821565806865692,0.9999181628227234,0.17658568918704987,-0.45389851927757263,-0.09875130653381348,0.9997856020927429,-0.15031622350215912,-0.44546884298324585,-0.01804620586335659,0.9998360872268677,0.27221405506134033,-0.3266609311103821,-0.19361846148967743,0.9948567748069763,-0.22279374301433563,-0.24956631660461426,-0.06561557948589325,0.9857224822044373,0.07934445142745972,-0.42940807342529297,-0.34759366512298584,0.974439263343811,-0.2177257537841797,-0.24610678851604462,-0.26218825578689575,0.970406174659729,0.01087871752679348,-0.45269858837127686,-0.3992130160331726,0.9624549150466919,-0.21772024035453796,-0.24691776931285858,-0.3144916892051697,0.9498082995414734,-0.007896223105490208,-0.503054141998291,-0.3839147984981537,0.965788722038269,-0.2053276002407074,-0.2818973958492279,-0.308138906955719,0.9539246559143066,0.0538187175989151,-0.4556446969509125,-0.3471090495586395,0.9622460007667542,-0.20446908473968506,-0.25570979714393616,-0.26911020278930664,0.9506069421768188,0.11333581060171127,0.000527203781530261,-0.018843598663806915,0.59455806016922,-0.11179642379283905,-0.00557591812685132,0.019392400979995728,0.5855163335800171,0.1184924989938736,-0.04285711422562599,-0.10422279685735703,0.028774544596672058,-0.14847218990325928,-0.0260457806289196,-0.09060117602348328,0.031238099560141563,0.11672472208738327,0.22019226849079132,0.18211142718791962,0.008023353293538094,-0.09608305245637894,0.3806889057159424,0.1637759506702423,0.010618037544190884,0.11654818803071976,0.2310948222875595,0.2017318457365036,0.005945066921412945,-0.08327455818653107,0.40103811025619507,0.19394546747207642,0.00971490703523159,0.12751154601573944,0.20353110134601593,-0.005954777356237173,0.007784203160554171,-0.09408922493457794,0.4325372874736786,-0.005851514637470245,0.0097166383638978,30,1.251,0.6427902579307556,0.4355439841747284,-5.3550746059727317e-08,,0.614055871963501,0.477377712726593,0.005728079471737146,,0.5893226861953735,0.48123085498809814,0.00529675604775548,,0.5768179297447205,0.4821416735649109,0.002392890164628625,,0.5693594217300415,0.4816317856311798,-0.001555567723698914,,0.5556966066360474,0.3949123024940491,0.0048056175000965595,,0.5211945176124573,0.4284623861312866,0.00037047071964479983,,0.4977661371231079,0.4478784203529358,-0.005173078738152981,,0.47683244943618774,0.46022897958755493,-0.010444741696119308,,0.556665301322937,0.3894307315349579,-0.0038765070494264364,,0.5148741602897644,0.4314046800136566,-0.009784795343875885,,0.48943230509757996,0.45230773091316223,-0.01679030992090702,,0.46639829874038696,0.46341854333877563,-0.022820526733994484,,0.5602954030036926,0.4003273546695709,-0.012535524554550648,,0.517867922782898,0.43499377369880676,-0.019805176183581352,,0.49054089188575745,0.45207980275154114,-0.0260947085916996,,0.4671444892883301,0.45997580885887146,-0.030776839703321457,,0.5646577477455139,0.42508822679519653,-0.020715156570076942,,0.5318568348884583,0.441613107919693,-0.027095813304185867,,0.5116006731987,0.45191624760627747,-0.030297772958874702,,0.49342864751815796,0.45702993869781494,-0.03289221227169037,,0.47659844160079956,0.7429949045181274,-1.5002657960394572e-07,,0.4830395579338074,0.7210115194320679,-0.02207314781844616,,0.4833559989929199,0.7025591135025024,-0.03465751186013222,,0.4727936089038849,0.6811274886131287,-0.043924685567617416,,0.4590114653110504,0.6599833369255066,-0.05283186584711075,,0.47196072340011597,0.7427488565444946,-0.034353937953710556,,0.4599485695362091,0.7676207423210144,-0.05358396843075752,,0.45023414492607117,0.7936019897460938,-0.06713328510522842,,0.4426043629646301,0.8193607926368713,-0.07311840355396271,,0.46301501989364624,0.7752504944801331,-0.02945987693965435,,0.4552573561668396,0.8121280074119568,-0.04972574859857559,,0.4461546838283539,0.8411733508110046,-0.06081099063158035,,0.4410395920276642,0.8647116422653198,-0.0666700154542923,,0.4586954712867737,0.7951385974884033,-0.025155959650874138,,0.4523729681968689,0.8320286273956299,-0.04526655003428459,,0.44546014070510864,0.8573886752128601,-0.0505281537771225,,0.4416697919368744,0.8784399628639221,-0.050181686878204346,,0.454881876707077,0.802769660949707,-0.021938810124993324,,0.45160531997680664,0.8321108222007751,-0.034770287573337555,,0.4469042122364044,0.8503373265266418,-0.034968093037605286,,0.4446295499801636,0.8667832016944885,-0.03292090445756912,
-0.06882018595933914,-0.561972975730896,-0.2258700132369995,0.9997971653938293,-0.05321122705936432,-0.604799211025238,-0.2229185551404953,0.9996396899223328,-0.05388738587498665,-0.604383111000061,-0.22481182217597961,0.9996503591537476,-0.053548138588666916,-0.6044217944145203,-0.22232086956501007,0.9996292591094971,-0.08746999502182007,-0.6046772599220276,-0.21747365593910217,0.9996770024299622,-0.08550041168928146,-0.605079174041748,-0.21843376755714417,0.999688982963562,-0.08624555915594101,-0.6039835810661316,-0.21425838768482208,0.99968022108078,0.039716653525829315,-0.6160745620727539,-0.14686700701713562,0.9997701644897461,-0.10144294798374176,-0.611432671546936,-0.09868977218866348,0.9997730255126953,-0.03339465707540512,-0.5425141453742981,-0.20391717553138733,0.9999189972877502,-0.0751771628856659,-0.5398626923561096,-0.18840298056602478,0.9999127984046936,0.17724895477294922,-0.4540306329727173,-0.09957616031169891,0.9997854828834534,-0.14906281232833862,-0.4460635781288147,-0.0180245079100132,0.9998338222503662,0.27267006039619446,-0.3266240060329437,-0.1939031034708023,0.9953046441078186,-0.22176384925842285,-0.25006482005119324,-0.06547048687934875,0.9863842129707336,0.07919984310865402,-0.4278552234172821,-0.34719011187553406,0.9768882393836975,-0.21772438287734985,-0.2475123405456543,-0.26100271940231323,0.9727998375892639,0.01063159666955471,-0.45069363713264465,-0.39876052737236023,0.9652712345123291,-0.21793152391910553,-0.24808673560619354,-0.31326794624328613,0.9521352052688599,-0.00806365441530943,-0.5006932616233826,-0.38341376185417175,0.9682406187057495,-0.20573747158050537,-0.2826240360736847,-0.30736789107322693,0.955935001373291,0.0536496676504612,-0.4539295434951782,-0.34666895866394043,0.9649096727371216,-0.2045310139656067,-0.2569302022457123,-0.2680199146270752,0.9528085589408875,0.11332796514034271,0.0007389612728729844,-0.018873900175094604,0.5996502041816711,-0.11178140342235565,-0.005775679834187031,0.019427772611379623,0.5893955826759338,0.11850838363170624,-0.04350418224930763,-0.10498525202274323,0.028115849941968918,-0.14848610758781433,-0.02725442312657833,-0.09030469506978989,0.030523192137479782,0.11681198328733444,0.22017261385917664,0.17956963181495667,0.007886474952101707,-0.09592792391777039,0.38068926334381104,0.16410452127456665,0.010403107851743698,0.11664801090955734,0.23097628355026245,0.19877417385578156,0.005926412530243397,-0.08303514868021011,0.40103569626808167,0.1943495273590088,0.009717470034956932,0.12735125422477722,0.20309428870677948,-0.011780966073274612,0.007679096423089504,-0.09373023360967636,0.4323684275150299,-0.005503551568835974,0.009604713879525661,31,1.292,0.6421928405761719,0.43749240040779114,-4.917391649428282e-08,,0.6134976744651794,0.47799551486968994,0.003351012244820595,,0.5889757871627808,0.4818691611289978,0.0017146222526207566,,0.5767138600349426,0.48210853338241577,-0.002059338381513953,,0.5684253573417664,0.4798511862754822,-0.006670366041362286,,0.5570237636566162,0.3941662013530731,0.002548391232267022,,0.5219639539718628,0.42600899934768677,-0.003196140518411994,,0.49773862957954407,0.4446912705898285,-0.009602388367056847,,0.47623664140701294,0.4576898515224457,-0.015322497114539146,,0.5577458739280701,0.38862794637680054,-0.005222806707024574,,0.5156164765357971,0.42959731817245483,-0.012519433163106441,,0.4897816777229309,0.45048123598098755,-0.020402545109391212,,0.46618226170539856,0.46237581968307495,-0.026915693655610085,,0.5606037378311157,0.3991943597793579,-0.013154368847608566,,0.5182415843009949,0.4334535300731659,-0.021419860422611237,,0.49098002910614014,0.4508660137653351,-0.027956649661064148,,0.46765729784965515,0.45965471863746643,-0.03254794701933861,,0.5639976263046265,0.42373090982437134,-0.020840276032686234,,0.5304741859436035,0.44096243381500244,-0.02772694081068039,,0.5098613500595093,0.4520668387413025,-0.031001906841993332,,0.49145030975341797,0.4577140808105469,-0.033477649092674255,,0.4758684039115906,0.7428476810455322,-1.3607177606900223e-07,,0.4827119708061218,0.7210513353347778,-0.02360643818974495,,0.4821576774120331,0.7020347714424133,-0.037203457206487656,,0.47217151522636414,0.6813168525695801,-0.04729359224438667,,0.4592440724372864,0.6596199870109558,-0.05714314430952072,,0.4721285402774811,0.7411214709281921,-0.037029433995485306,,0.4592426121234894,0.7628584504127502,-0.058581799268722534,,0.4493018388748169,0.7884876132011414,-0.07418841868638992,,0.4420016407966614,0.8150321841239929,-0.08153942972421646,,0.46357041597366333,0.7718372344970703,-0.03190506249666214,,0.4561803638935089,0.8072043061256409,-0.054541073739528656,,0.4468694031238556,0.8370853066444397,-0.06731604784727097,,0.4421475827693939,0.8611860275268555,-0.07432545721530914,,0.459225058555603,0.7910685539245605,-0.027531370520591736,,0.4537995457649231,0.8271342515945435,-0.04936562478542328,,0.44667431712150574,0.8532286286354065,-0.0553475059568882,,0.44303324818611145,0.8748337030410767,-0.05542793497443199,,0.45539772510528564,0.7986703515052795,-0.024354159832000732,,0.4528149962425232,0.8276665210723877,-0.0383538194000721,,0.44828492403030396,0.8464555740356445,-0.03912670910358429,,0.4462311267852783,0.8631172776222229,-0.037522390484809875,
-0.06894950568675995,-0.5622656345367432,-0.22321826219558716,0.9997915625572205,-0.05336280167102814,-0.6051158308982849,-0.22034233808517456,0.9996312260627747,-0.05403923988342285,-0.604697585105896,-0.22223083674907684,0.9996428489685059,-0.05369897186756134,-0.6047350168228149,-0.2197253406047821,0.9996224641799927,-0.08761866390705109,-0.6049706935882568,-0.2147773802280426,0.9996679425239563,-0.08564841002225876,-0.6053646206855774,-0.21571403741836548,0.9996796250343323,-0.08639217913150787,-0.6042662262916565,-0.21150968968868256,0.9996705055236816,0.03963491693139076,-0.6163151860237122,-0.14462482929229736,0.9997667670249939,-0.10149817168712616,-0.6115853786468506,-0.09610821306705475,0.9997663497924805,-0.03347114101052284,-0.5427424311637878,-0.20142021775245667,0.9999176263809204,-0.07524018734693527,-0.5400750637054443,-0.18570657074451447,0.9999106526374817,0.17724697291851044,-0.4540790617465973,-0.09732014685869217,0.9997893571853638,-0.14881783723831177,-0.4461033344268799,-0.015647342428565025,0.9998334050178528,0.27263879776000977,-0.3265911042690277,-0.19127020239830017,0.9957165718078613,-0.2213503122329712,-0.2501528561115265,-0.06346412003040314,0.987114667892456,0.07910740375518799,-0.42771071195602417,-0.3457746207714081,0.9791144132614136,-0.21771693229675293,-0.2487894594669342,-0.2581546902656555,0.975069522857666,0.010442893020808697,-0.4505809545516968,-0.39769911766052246,0.9679527282714844,-0.21808885037899017,-0.24961057305335999,-0.3101164698600769,0.954656183719635,-0.008308276534080505,-0.5005402565002441,-0.38219016790390015,0.9705960750579834,-0.20616686344146729,-0.2841205894947052,-0.3039301633834839,0.9581714868545532,0.05356637388467789,-0.4537988603115082,-0.3451496660709381,0.9674811959266663,-0.20458067953586578,-0.2582915723323822,-0.26498666405677795,0.9552382230758667,0.1133425235748291,0.0008784332312643528,-0.018842795863747597,0.6068236827850342,-0.11177534610033035,-0.00587061932310462,0.0193965882062912,0.5950092673301697,0.12070158123970032,-0.044204577803611755,-0.10644665360450745,0.027328671887516975,-0.14758753776550293,-0.0362074188888073,-0.09036684036254883,0.029740752652287483,0.12043622881174088,0.2201514095067978,0.1796523928642273,0.007728868164122105,-0.09118889272212982,0.3804247975349426,0.16499841213226318,0.0101891765370965,0.12064865231513977,0.2308841496706009,0.198868066072464,0.005894767586141825,-0.07726157456636429,0.40082472562789917,0.1950893998146057,0.00968857854604721,0.130979984998703,0.20281416177749634,-0.012691191397607327,0.007535118609666824,-0.08551498502492905,0.43085432052612305,-0.004556094761937857,0.009460600093007088,32,1.334,0.6426018476486206,0.4360833168029785,-5.094394595062113e-08,,0.6140798926353455,0.47733980417251587,0.0039075203239917755,,0.5898954272270203,0.4821217656135559,0.0025434207636862993,,0.5772662162780762,0.48361894488334656,-0.0009878668934106827,,0.5689273476600647,0.48112553358078003,-0.005346686579287052,,0.5572648048400879,0.3948049545288086,0.0031540151685476303,,0.522534191608429,0.42679283022880554,-0.002569939009845257,,0.4981958866119385,0.4450652301311493,-0.008970029652118683,,0.4766015410423279,0.45735472440719604,-0.01461270172148943,,0.5582572817802429,0.38938045501708984,-0.004826263524591923,,0.5164338946342468,0.4301316738128662,-0.012076323851943016,,0.49034011363983154,0.45065879821777344,-0.019854944199323654,,0.46635860204696655,0.461936891078949,-0.02623804286122322,,0.5609790682792664,0.4001220464706421,-0.012956519611179829,,0.5188696384429932,0.43420350551605225,-0.021237559616565704,,0.49132925271987915,0.45113658905029297,-0.02772226184606552,,0.46765294671058655,0.45918843150138855,-0.032241277396678925,,0.5639146566390991,0.4249483048915863,-0.020789150148630142,,0.5305301547050476,0.4413009583950043,-0.027744485065340996,,0.5097459554672241,0.451506644487381,-0.03103802539408207,,0.49108171463012695,0.456245094537735,-0.033487606793642044,,0.47252970933914185,0.7347570657730103,-1.3069386284314533e-07,,0.4809275269508362,0.7161774635314941,-0.020282713696360588,,0.48225727677345276,0.699634850025177,-0.031708333641290665,,0.4723935127258301,0.6784660220146179,-0.03998245671391487,,0.459626704454422,0.6581705808639526,-0.04798823595046997,,0.47086599469184875,0.7392442226409912,-0.03102722577750683,,0.4606465697288513,0.7612711191177368,-0.04965757951140404,,0.45267248153686523,0.7835873365402222,-0.06385727226734161,,0.4471319019794464,0.808066189289093,-0.0705537497997284,,0.46030089259147644,0.7654281854629517,-0.025951247662305832,,0.4547519087791443,0.8008041977882385,-0.04519693925976753,,0.44774293899536133,0.8278681039810181,-0.05570634454488754,,0.44427430629730225,0.8504381775856018,-0.06129855290055275,,0.4547126591205597,0.7799543738365173,-0.02144343964755535,,0.4496873915195465,0.8146255612373352,-0.038558416068553925,,0.4447695016860962,0.837775707244873,-0.04095844924449921,,0.44283753633499146,0.8569479584693909,-0.03906434029340744,,0.45030614733695984,0.7828294038772583,-0.018209218978881836,,0.44847050309181213,0.8080328106880188,-0.027087414637207985,,0.4464692771434784,0.8239966630935669,-0.024642007425427437,,0.44608616828918457,0.8379598259925842,-0.02110285311937332,
-0.06867380440235138,-0.564012348651886,-0.22134359180927277,0.9997823238372803,-0.05299486964941025,-0.6066621541976929,-0.21833203732967377,0.9996147751808167,-0.053669244050979614,-0.6062489151954651,-0.22018101811408997,0.999626874923706,-0.0533401295542717,-0.6062852144241333,-0.21767890453338623,0.9996062517166138,-0.08731841295957565,-0.6065353751182556,-0.212776780128479,0.9996544122695923,-0.08534383028745651,-0.6069164872169495,-0.21373586356639862,0.9996669292449951,-0.08609145879745483,-0.6058169603347778,-0.20953063666820526,0.9996581077575684,0.04022129625082016,-0.6172614097595215,-0.14229166507720947,0.9997556805610657,-0.10114899277687073,-0.6125296354293823,-0.09397250413894653,0.9997578859329224,-0.03305276855826378,-0.5441632270812988,-0.199481800198555,0.9999135732650757,-0.07489468902349472,-0.5414948463439941,-0.18381823599338531,0.999906599521637,0.17781075835227966,-0.454542875289917,-0.09462212771177292,0.9997865557670593,-0.14862528443336487,-0.4469956159591675,-0.014456749893724918,0.9998313188552856,0.2728966474533081,-0.32698872685432434,-0.18895533680915833,0.9960850477218628,-0.22146911919116974,-0.25235095620155334,-0.0630582943558693,0.9878374338150024,0.07945597916841507,-0.42771115899086,-0.3443499803543091,0.9811142683029175,-0.217845156788826,-0.2489931285381317,-0.2567717134952545,0.9771032333374023,0.010794931091368198,-0.4505976438522339,-0.397136390209198,0.9703131318092346,-0.2184627652168274,-0.24920804798603058,-0.3087237477302551,0.956805944442749,-0.007921535521745682,-0.5005643963813782,-0.38181647658348083,0.9726619124412537,-0.20666159689426422,-0.28332018852233887,-0.3029082417488098,0.9600642323493958,0.05392463132739067,-0.4538249671459198,-0.343982994556427,0.9697416424751282,-0.20482322573661804,-0.2583494782447815,-0.26362454891204834,0.957322895526886,0.11334318667650223,0.0009879142744466662,-0.018594861030578613,0.6143988966941833,-0.11178165674209595,-0.005944882985204458,0.019113298505544662,0.6014341115951538,0.12097273021936417,-0.043671865016222,-0.10664431750774384,0.026488270610570908,-0.14740660786628723,-0.031731877475976944,-0.08906228840351105,0.028938375413417816,0.12024445831775665,0.2227683812379837,0.17884300649166107,0.00754124578088522,-0.0916268453001976,0.3828825056552887,0.16561752557754517,0.009932486340403557,0.12043105065822601,0.233515202999115,0.19780176877975464,0.005826092790812254,-0.07780823856592178,0.4039062559604645,0.1961217224597931,0.009544061496853828,0.13097795844078064,0.20815445482730865,-0.012743507511913776,0.007370942737907171,-0.08565060794353485,0.43502694368362427,-0.004043403547257185,0.009273449890315533,33,1.376,0.6422932147979736,0.4351726174354553,-4.838184608502161e-08,,0.6138914227485657,0.47728902101516724,0.00523946201428771,,0.5895994305610657,0.4819495975971222,0.004518322646617889,,0.5770366787910461,0.4833412170410156,0.0014027429278939962,,0.5693206787109375,0.4815501272678375,-0.002681589685380459,,0.5561057925224304,0.39442378282546997,0.0045947604812681675,,0.5218702554702759,0.4270716607570648,0.0001226672320626676,,0.49852532148361206,0.44576820731163025,-0.005467656068503857,,0.47752389311790466,0.45774221420288086,-0.010754143819212914,,0.5568442344665527,0.38849687576293945,-0.0038311579264700413,,0.5151079297065735,0.4302960932254791,-0.009706833399832249,,0.48938024044036865,0.45116615295410156,-0.01671159267425537,,0.4660086929798126,0.4621266722679138,-0.022768111899495125,,0.5600878000259399,0.3993881940841675,-0.012283713556826115,,0.5178719758987427,0.43435999751091003,-0.019499067217111588,,0.4905220866203308,0.45149099826812744,-0.025668995454907417,,0.4671373963356018,0.4593009054660797,-0.030257726088166237,,0.5638393759727478,0.42477110028266907,-0.020322104915976524,,0.530939519405365,0.4418221414089203,-0.0266828965395689,,0.5105516910552979,0.45243629813194275,-0.029818620532751083,,0.49230751395225525,0.45755860209465027,-0.03232941776514053,,0.4708561599254608,0.7340429425239563,-1.2344186473001173e-07,,0.4797777533531189,0.7125108242034912,-0.019959677010774612,,0.48105674982070923,0.6956263184547424,-0.031076811254024506,,0.4716664254665375,0.6758231520652771,-0.03896809369325638,,0.4578756093978882,0.6589536666870117,-0.046757929027080536,,0.470991313457489,0.7387639284133911,-0.030903534963726997,,0.4614476263523102,0.7620567679405212,-0.049084313213825226,,0.4547612965106964,0.7841361165046692,-0.06295482069253922,,0.4501670002937317,0.8076455593109131,-0.06945444643497467,,0.461503803730011,0.7657234072685242,-0.025751790031790733,,0.456490159034729,0.8012979030609131,-0.044259052723646164,,0.4500717520713806,0.828122615814209,-0.05394593998789787,,0.44687721133232117,0.8513784408569336,-0.05902402102947235,,0.4560949504375458,0.7804712057113647,-0.021146360784769058,,0.4519428014755249,0.81654953956604,-0.038310591131448746,,0.44709548354148865,0.8400535583496094,-0.04074690490961075,,0.4450169503688812,0.8599546551704407,-0.03880961984395981,,0.4514178931713104,0.7837129235267639,-0.017760878428816795,,0.45055630803108215,0.8121663928031921,-0.027517249807715416,,0.4487572908401489,0.8294645547866821,-0.025624191388487816,,0.44844457507133484,0.8443441390991211,-0.02227901853621006,
-0.06810682266950607,-0.5657618641853333,-0.22046203911304474,0.9997783303260803,-0.05229173228144646,-0.6082168817520142,-0.21731950342655182,0.9996076822280884,-0.05296604335308075,-0.6078039407730103,-0.21916593611240387,0.999620258808136,-0.05264121666550636,-0.6078436970710754,-0.21666118502616882,0.9995993971824646,-0.0866556316614151,-0.6081396341323853,-0.21176470816135406,0.9996484518051147,-0.08467992395162582,-0.6085165739059448,-0.21272045373916626,0.9996611475944519,-0.08542723208665848,-0.6074175238609314,-0.20851999521255493,0.9996523261070251,0.04102161154150963,-0.6179348826408386,-0.1410146951675415,0.9997504353523254,-0.1005132719874382,-0.6133386492729187,-0.09290706366300583,0.9997535943984985,-0.032472874969244,-0.545499861240387,-0.19861173629760742,0.9999114274978638,-0.07436122745275497,-0.5428548455238342,-0.1829794943332672,0.9999047517776489,0.1782809942960739,-0.45465725660324097,-0.0936935693025589,0.9997866749763489,-0.14852671325206757,-0.44740018248558044,-0.01354207657277584,0.9998313784599304,0.2728733718395233,-0.3270610272884369,-0.18844391405582428,0.9964136481285095,-0.22160322964191437,-0.2529059052467346,-0.06273290514945984,0.9884350299835205,0.07963810116052628,-0.42774760723114014,-0.3441729247570038,0.9829076528549194,-0.2177801877260208,-0.24905584752559662,-0.2566107213497162,0.9789015650749207,0.011109604500234127,-0.4507753551006317,-0.3968276083469391,0.9724252223968506,-0.2184290587902069,-0.24924379587173462,-0.3085663318634033,0.9586904644966125,-0.007490964140743017,-0.5007531642913818,-0.38144156336784363,0.9745122194290161,-0.20661868155002594,-0.2835412621498108,-0.3028367757797241,0.9617230892181396,0.05415783450007439,-0.45387884974479675,-0.34375277161598206,0.9717481732368469,-0.20478615164756775,-0.25840064883232117,-0.2634449005126953,0.9591234922409058,0.11338166892528534,0.001078199129551649,-0.01840844936668873,0.6197908520698547,-0.11182904243469238,-0.006067847367376089,0.018929732963442802,0.6069749593734741,0.12098897248506546,-0.04401766508817673,-0.10568573325872421,0.025815177708864212,-0.1474117487668991,-0.03144645690917969,-0.0912446528673172,0.02843162976205349,0.11994589120149612,0.22118674218654633,0.18043437600135803,0.007345132064074278,-0.09355608373880386,0.3828274607658386,0.1642552614212036,0.009765122085809708,0.12008990347385406,0.2315453439950943,0.19953791797161102,0.005747139919549227,-0.0800667554140091,0.4038246273994446,0.1943349689245224,0.009481455199420452,0.13099293410778046,0.2065412700176239,-0.010306897573173046,0.007223469205200672,-0.0880129262804985,0.4347632825374603,-0.007453337777405977,0.009200170636177063,34,1.418,0.6423301100730896,0.43499064445495605,-4.846186030249555e-08,,0.6137492060661316,0.4767613112926483,0.004276776686310768,,0.589419960975647,0.48203858733177185,0.003107698168605566,,0.5772112011909485,0.4835723638534546,-0.00036498275585472584,,0.5701601505279541,0.48242154717445374,-0.004751288797706366,,0.5567260384559631,0.39344266057014465,0.0038973146583884954,,0.5218808650970459,0.425289511680603,-0.0010630126344040036,,0.4978938698768616,0.4441188871860504,-0.007007562089711428,,0.476579487323761,0.45707938075065613,-0.012516740709543228,,0.5574719905853271,0.38769128918647766,-0.004219211172312498,,0.5154246091842651,0.429152250289917,-0.010624990798532963,,0.4896532893180847,0.4503974914550781,-0.018013183027505875,,0.4662938416004181,0.46207377314567566,-0.024288419634103775,,0.5605330467224121,0.3985978960990906,-0.012461469508707523,,0.5180307030677795,0.43304041028022766,-0.02005605213344097,,0.4908004701137543,0.45049890875816345,-0.026422861963510513,,0.4676263928413391,0.45889145135879517,-0.031054982915520668,,0.5641054511070251,0.42380085587501526,-0.020384494215250015,,0.5309584736824036,0.44092291593551636,-0.02694079652428627,,0.5105569362640381,0.45176199078559875,-0.03012937866151333,,0.4924159646034241,0.4570637047290802,-0.03262319415807724,,0.47218650579452515,0.7388548254966736,-1.2879812061328266e-07,,0.47902747988700867,0.7147136330604553,-0.0207124762237072,,0.48003116250038147,0.6954139471054077,-0.032136470079422,,0.4708273708820343,0.6754013895988464,-0.04037095606327057,,0.4573071002960205,0.6556427478790283,-0.048684295266866684,,0.4718293249607086,0.7390448451042175,-0.03269515186548233,,0.4599407911300659,0.7618046998977661,-0.05179231986403465,,0.4524904191493988,0.7851685285568237,-0.06608187407255173,,0.44776415824890137,0.8104153275489807,-0.07285979390144348,,0.46450352668762207,0.7690683603286743,-0.02799544855952263,,0.4590640068054199,0.8045046329498291,-0.04789157211780548,,0.45182445645332336,0.8322349190711975,-0.05898439884185791,,0.44833680987358093,0.8557400703430176,-0.06504641473293304,,0.4603795111179352,0.787113606929779,-0.02387833036482334,,0.4562484622001648,0.824724555015564,-0.04344353452324867,,0.4498108923435211,0.849364697933197,-0.04801876097917557,,0.446492075920105,0.8696929216384888,-0.04730325564742088,,0.4560857117176056,0.7938504815101624,-0.020832451060414314,,0.45484358072280884,0.8227809071540833,-0.03342636302113533,,0.4513087868690491,0.8412914872169495,-0.03333528712391853,,0.4497886598110199,0.8570388555526733,-0.031074531376361847,
-0.0676073506474495,-0.5674000978469849,-0.22055770456790924,0.9997789263725281,-0.05165834352374077,-0.6096773147583008,-0.21748924255371094,0.9996075630187988,-0.0523357056081295,-0.6092607378959656,-0.21933545172214508,0.9996198415756226,-0.05201796069741249,-0.6092963814735413,-0.2168332189321518,0.999598503112793,-0.0860721692442894,-0.6097643375396729,-0.21189677715301514,0.9996495246887207,-0.08409545570611954,-0.6101311445236206,-0.21284697949886322,0.9996626377105713,-0.08484131842851639,-0.6090319156646729,-0.20864416658878326,0.999653697013855,0.04149368777871132,-0.6184157729148865,-0.14125654101371765,0.9997504353523254,-0.10024302452802658,-0.6143490672111511,-0.09321319311857224,0.9997552633285522,-0.03212569281458855,-0.5466280579566956,-0.19872860610485077,0.9999114871025085,-0.0740698054432869,-0.5441409945487976,-0.183120995759964,0.9999052882194519,0.17869973182678223,-0.4546515941619873,-0.09434179961681366,0.9997865557670593,-0.14854300022125244,-0.4478033781051636,-0.014338333159685135,0.9998327493667603,0.2728787660598755,-0.32706233859062195,-0.18974579870700836,0.9967232942581177,-0.2208452969789505,-0.2533683478832245,-0.06588366627693176,0.9891207814216614,0.08056588470935822,-0.4278368055820465,-0.344904363155365,0.9845441579818726,-0.21745899319648743,-0.24864795804023743,-0.2609369456768036,0.9806735515594482,0.012018614448606968,-0.4507390558719635,-0.3971462845802307,0.9744627475738525,-0.2182803601026535,-0.24704767763614655,-0.3122788667678833,0.9610040783882141,-0.006446832790970802,-0.500566840171814,-0.38226133584976196,0.9763182997703552,-0.2063412219285965,-0.28039827942848206,-0.30774590373039246,0.9638099670410156,0.05496583133935928,-0.4538995325565338,-0.3446250557899475,0.9737269878387451,-0.20443692803382874,-0.25741520524024963,-0.26800817251205444,0.9613863229751587,0.11366865783929825,0.0011907528387382627,-0.018130013719201088,0.6248654723167419,-0.11209703981876373,-0.006174590438604355,0.018647052347660065,0.6129157543182373,0.12202049791812897,-0.04530203342437744,-0.10577735304832458,0.025786863639950752,-0.14740301668643951,-0.031967904418706894,-0.09251245856285095,0.02869107946753502,0.12037104368209839,0.2211093157529831,0.1807098686695099,0.007287390064448118,-0.09367091208696365,0.383554071187973,0.16377177834510803,0.009842448867857456,0.12053801864385605,0.23146483302116394,0.19974733889102936,0.005693779792636633,-0.08014833927154541,0.4046289026737213,0.19357623159885406,0.009432770311832428,0.13211430609226227,0.20598377287387848,-0.010236882604658604,0.007182153407484293,-0.08810339868068695,0.434651255607605,-0.010180781595408916,0.009275482967495918,35,1.459,0.6426036953926086,0.43503379821777344,-4.521338325957913e-08,,0.6140871047973633,0.47673314809799194,0.0039409976452589035,,0.5896446108818054,0.48238682746887207,0.0024849444162100554,,0.5773191452026367,0.48438724875450134,-0.001216174103319645,,0.5705115795135498,0.4834597706794739,-0.0058419364504516125,,0.5574384927749634,0.39345481991767883,0.0032387427054345608,,0.5226275324821472,0.42540377378463745,-0.0021855218801647425,,0.4983386993408203,0.4441562294960022,-0.008464555256068707,,0.47677430510520935,0.4570641815662384,-0.014157630503177643,,0.5580891370773315,0.388032466173172,-0.004845560062676668,,0.5159832835197449,0.4292910397052765,-0.011578479781746864,,0.48995494842529297,0.45027369260787964,-0.0190940760076046,,0.4662954807281494,0.46171626448631287,-0.025410756468772888,,0.5609180927276611,0.3992139995098114,-0.013067190535366535,,0.5182691216468811,0.43341121077537537,-0.020943231880664825,,0.4908132255077362,0.4506111145019531,-0.027336113154888153,,0.4673265814781189,0.4587681293487549,-0.031940050423145294,,0.5642951130867004,0.4245758056640625,-0.02099958248436451,,0.5312210321426392,0.44090011715888977,-0.027677742764353752,,0.5108446478843689,0.45140981674194336,-0.03079056553542614,,0.4926231801509857,0.45641157031059265,-0.03320365026593208,,0.47488293051719666,0.7416717410087585,-1.2981813313217572e-07,,0.4806974530220032,0.7172301411628723,-0.022273680195212364,,0.4812092185020447,0.6979659199714661,-0.03563311696052551,,0.47104412317276,0.6773501634597778,-0.04549171403050423,,0.45670631527900696,0.6542735695838928,-0.0553835965692997,,0.470172643661499,0.7375138401985168,-0.03970121219754219,,0.45864337682724,0.7591338753700256,-0.06019769608974457,,0.4507235586643219,0.7813557982444763,-0.07501515746116638,,0.44388312101364136,0.8074183464050293,-0.08254353702068329,,0.4642965793609619,0.7700538039207458,-0.03542580083012581,,0.45706552267074585,0.806894838809967,-0.05712026730179787,,0.4477924108505249,0.8360857963562012,-0.06988178938627243,,0.44220176339149475,0.8607079982757568,-0.07787834107875824,,0.46157577633857727,0.791772186756134,-0.031378746032714844,,0.45582300424575806,0.8287938237190247,-0.052526555955410004,,0.448047012090683,0.8538616895675659,-0.058818500488996506,,0.44289058446884155,0.8755606412887573,-0.06018037348985672,,0.45808959007263184,0.8025071024894714,-0.028372747823596,,0.4558767080307007,0.8307464718818665,-0.04352310299873352,,0.45016947388648987,0.8479717969894409,-0.04561041668057442,,0.44660887122154236,0.863507866859436,-0.0455460250377655,
-0.0674513652920723,-0.5692305564880371,-0.22086702287197113,0.9997828602790833,-0.05142008885741234,-0.6112890243530273,-0.217691570520401,0.9996132850646973,-0.05209732800722122,-0.6108729243278503,-0.21953490376472473,0.9996250867843628,-0.05178266018629074,-0.6109048128128052,-0.21702954173088074,0.9996030926704407,-0.08587197214365005,-0.6115507483482361,-0.21220360696315765,0.9996559023857117,-0.08389263600111008,-0.611913800239563,-0.21316279470920563,0.9996691942214966,-0.08463750034570694,-0.610815167427063,-0.2089674323797226,0.9996601939201355,0.04157795384526253,-0.6189239025115967,-0.14142031967639923,0.9997537136077881,-0.10023733228445053,-0.6154666543006897,-0.09391922503709793,0.999760627746582,-0.03208426758646965,-0.5479254722595215,-0.19899366796016693,0.9999125599861145,-0.07404708862304688,-0.5456042885780334,-0.18360424041748047,0.9999071955680847,0.1786986142396927,-0.45457980036735535,-0.09492351114749908,0.999787449836731,-0.1491009145975113,-0.4481222331523895,-0.014853445813059807,0.9998352527618408,0.27276068925857544,-0.32688310742378235,-0.1907823234796524,0.9969995021820068,-0.22087687253952026,-0.25346189737319946,-0.06768980622291565,0.989710807800293,0.0809042900800705,-0.42781347036361694,-0.3455251455307007,0.9860097169876099,-0.21734310686588287,-0.24862895905971527,-0.2627253532409668,0.982239305973053,0.01247917115688324,-0.4506624639034271,-0.39750751852989197,0.9762440919876099,-0.21805544197559357,-0.24680504202842712,-0.3138418197631836,0.9629561305046082,-0.005812297109514475,-0.5003761053085327,-0.3828488886356354,0.977889358997345,-0.20615388453006744,-0.2800312042236328,-0.30950844287872314,0.9655545949935913,0.05533377826213837,-0.45385390520095825,-0.34535887837409973,0.975438117980957,-0.20431555807590485,-0.2572823464870453,-0.2697104215621948,0.9632642269134521,0.11385100334882736,0.0012282280949875712,-0.017983462661504745,0.6294955611228943,-0.11231204867362976,-0.006209597457200289,0.01850227452814579,0.6189236640930176,0.12312692403793335,-0.04546164721250534,-0.10381902754306793,0.025821702554821968,-0.14721311628818512,-0.02906149812042713,-0.09278495609760284,0.0289987251162529,0.12342951446771622,0.21912814676761627,0.1828783005475998,0.007214019075036049,-0.09359660744667053,0.3844309449195862,0.16415557265281677,0.00989686418324709,0.123829685151577,0.2290721833705902,0.20182372629642487,0.005623936653137207,-0.08005967736244202,0.40544021129608154,0.19386199116706848,0.009401404298841953,0.13657335937023163,0.20406833291053772,-0.007831883616745472,0.007143773138523102,-0.08818420767784119,0.4356885552406311,-0.010201938450336456,0.00936585757881403,36,1.501,0.6427671313285828,0.4349970817565918,-4.7398703628687144e-08,,0.6143375635147095,0.47669273614883423,0.004748603329062462,,0.5899818539619446,0.48184266686439514,0.0037746320012956858,,0.5776065587997437,0.48441582918167114,0.000469850841909647,,0.5708856582641602,0.48480600118637085,-0.0038494765758514404,,0.5569086670875549,0.3940959870815277,0.003977498505264521,,0.5222762227058411,0.42605099081993103,-0.0009283454273827374,,0.49843329191207886,0.44471475481987,-0.006910724099725485,,0.47710704803466797,0.4573989510536194,-0.012455349788069725,,0.5577197074890137,0.38857078552246094,-0.0043402984738349915,,0.5158104300498962,0.42963504791259766,-0.010554486885666847,,0.4900059700012207,0.45056799054145813,-0.01790807768702507,,0.4663833975791931,0.46206027269363403,-0.024190684780478477,,0.5608628392219543,0.3998025059700012,-0.01270620059221983,,0.5182655453681946,0.43392911553382874,-0.020181016996502876,,0.49084529280662537,0.4512002170085907,-0.02658504620194435,,0.46720072627067566,0.4593926966190338,-0.031304437667131424,,0.5644509792327881,0.42523714900016785,-0.020688064396381378,,0.5315043926239014,0.4415915608406067,-0.027119122445583344,,0.5112209320068359,0.45203089714050293,-0.030226100236177444,,0.4930112957954407,0.4571329355239868,-0.03271707892417908,,0.47760942578315735,0.7466747760772705,-1.3467297321767546e-07,,0.4830852746963501,0.7198586463928223,-0.020935457199811935,,0.48257529735565186,0.6982312202453613,-0.033461328595876694,,0.47220027446746826,0.6769567131996155,-0.04273577034473419,,0.4585028290748596,0.6555294394493103,-0.0518391989171505,,0.4714919328689575,0.7383734583854675,-0.036713819950819016,,0.45722338557243347,0.7594689130783081,-0.05612771213054657,,0.44806626439094543,0.782536506652832,-0.06976263970136642,,0.44052809476852417,0.8088964819908142,-0.07618025690317154,,0.46547287702560425,0.7715384364128113,-0.032723236829042435,,0.4568383991718292,0.8058130145072937,-0.053410451859235764,,0.44783246517181396,0.833388090133667,-0.06494762748479843,,0.44199466705322266,0.8586674332618713,-0.07159098237752914,,0.462858647108078,0.7939987182617188,-0.029012074694037437,,0.45643600821495056,0.8281659483909607,-0.04931847006082535,,0.4484698176383972,0.8526713848114014,-0.054987888783216476,,0.44320687651634216,0.8744486570358276,-0.05555431917309761,,0.46005958318710327,0.8047875761985779,-0.02629435434937477,,0.45700040459632874,0.8322381973266602,-0.04075627774000168,,0.4509635865688324,0.8492856025695801,-0.04238680377602577,,0.44731923937797546,0.8652234077453613,-0.04162672907114029,
-0.06763314455747604,-0.5703380107879639,-0.22087550163269043,0.9997880458831787,-0.05155137553811073,-0.6123399138450623,-0.21770286560058594,0.9996212124824524,-0.05223000422120094,-0.611923098564148,-0.2195408195257187,0.9996322989463806,-0.05192079767584801,-0.6119480133056641,-0.21702967584133148,0.9996097087860107,-0.08601874113082886,-0.6126313209533691,-0.2122579962015152,0.9996643662452698,-0.08403710275888443,-0.6129853129386902,-0.21322451531887054,0.999677836894989,-0.08478078246116638,-0.611882746219635,-0.20902946591377258,0.9996688961982727,0.041204795241355896,-0.6193551421165466,-0.1414642632007599,0.9997580647468567,-0.10072260349988937,-0.6160722970962524,-0.0940798744559288,0.9997674822807312,-0.03242224082350731,-0.5487368106842041,-0.1990426480770111,0.9999141097068787,-0.07441671937704086,-0.5464419722557068,-0.1836950033903122,0.9999094605445862,0.17839676141738892,-0.4545048773288727,-0.09502943605184555,0.9997881650924683,-0.15014517307281494,-0.4481258690357208,-0.01487748883664608,0.9998369812965393,0.272725909948349,-0.32672613859176636,-0.19215571880340576,0.9972543716430664,-0.22009369730949402,-0.2534805238246918,-0.06871741265058517,0.990297794342041,0.0813111662864685,-0.4279079735279083,-0.3476264476776123,0.9873429536819458,-0.21729208528995514,-0.2481962889432907,-0.263246089220047,0.9837027192115784,0.012942614033818245,-0.45066750049591064,-0.3990289568901062,0.9779261350631714,-0.2180129438638687,-0.24586030840873718,-0.3140154480934143,0.9648959636688232,-0.0052516162395477295,-0.5003360509872437,-0.3843628764152527,0.9793839454650879,-0.2062460333108902,-0.2784419655799866,-0.3097184896469116,0.9673201441764832,0.0557444766163826,-0.45391756296157837,-0.3474198877811432,0.9770752191543579,-0.20430997014045715,-0.2566112279891968,-0.27015551924705505,0.9651609659194946,0.11405804008245468,0.001253704889677465,-0.0178010705858469,0.6338409185409546,-0.11254727840423584,-0.00624628271907568,0.018304819241166115,0.6240030527114868,0.12381964921951294,-0.04750547185540199,-0.10399315506219864,0.025495633482933044,-0.14736239612102509,-0.028382467105984688,-0.0927964523434639,0.02889862470328808,0.12508785724639893,0.21623653173446655,0.18272335827350616,0.00709523307159543,-0.09383929520845413,0.3850322961807251,0.16412736475467682,0.00981796532869339,0.1256389319896698,0.22567790746688843,0.20155130326747894,0.00552366953343153,-0.0802120715379715,0.40605995059013367,0.19361741840839386,0.00923250988125801,0.13852398097515106,0.20031625032424927,-0.00839559268206358,0.007054035551846027,-0.08854957669973373,0.4368007183074951,-0.011383900418877602,0.009318754076957703,37,1.543,0.643000602722168,0.43504709005355835,-5.259714797034576e-08,,0.6145228147506714,0.4767628312110901,0.0056051393039524555,,0.5902776122093201,0.48188018798828125,0.0051398808136582375,,0.5779309868812561,0.48438331484794617,0.0021988358348608017,,0.5709924101829529,0.48509013652801514,-0.0017852556193247437,,0.5568317770957947,0.3943088948726654,0.005007374566048384,,0.5219314098358154,0.4262832999229431,0.0006093637784942985,,0.49799200892448425,0.4449111223220825,-0.004946593660861254,,0.47670483589172363,0.4576137661933899,-0.010215546935796738,,0.5576297640800476,0.3885507583618164,-0.0035741347819566727,,0.5156693458557129,0.4300646185874939,-0.009408441372215748,,0.48982924222946167,0.4511162042617798,-0.016471553593873978,,0.4663401246070862,0.46279144287109375,-0.022603843361139297,,0.5609092712402344,0.39965206384658813,-0.012169081717729568,,0.5184075832366943,0.4340526759624481,-0.019265305250883102,,0.4910247325897217,0.45131173729896545,-0.025492064654827118,,0.4675176441669464,0.45956742763519287,-0.030170755460858345,,0.5645850896835327,0.4249759912490845,-0.020314373075962067,,0.5314818024635315,0.4416144788265228,-0.026589367538690567,,0.5110223889350891,0.45203039050102234,-0.029744168743491173,,0.4926343262195587,0.4571203589439392,-0.03231978416442871,,0.4756162464618683,0.7409771084785461,-1.2386075809445174e-07,,0.4820976257324219,0.7157425284385681,-0.022037075832486153,,0.4824279248714447,0.6943350434303284,-0.03445304557681084,,0.4723220765590668,0.6732505559921265,-0.04341243579983711,,0.45841848850250244,0.6530787348747253,-0.052233438938856125,,0.47195616364479065,0.735383927822113,-0.035557184368371964,,0.45865893363952637,0.757317066192627,-0.05497611314058304,,0.45048731565475464,0.7809038162231445,-0.06878995895385742,,0.4446559548377991,0.807317316532135,-0.07523128390312195,,0.4654087722301483,0.7683295607566833,-0.03062264621257782,,0.4589155316352844,0.8017721772193909,-0.05136614292860031,,0.450908899307251,0.82964688539505,-0.06298035383224487,,0.4463675618171692,0.854400634765625,-0.06939665973186493,,0.462367981672287,0.7898551225662231,-0.026134369894862175,,0.4574081301689148,0.824238121509552,-0.04610453173518181,,0.45035320520401,0.8486971259117126,-0.05131162703037262,,0.4462755024433136,0.869737446308136,-0.05122716352343559,,0.45926979184150696,0.7995136380195618,-0.02277352288365364,,0.4568949341773987,0.827435314655304,-0.036095183342695236,,0.45206865668296814,0.845713198184967,-0.03672337904572487,,0.44961994886398315,0.8621531128883362,-0.03507158160209656,
-0.06889362633228302,-0.5703553557395935,-0.21876202523708344,0.9997900128364563,-0.052857905626297,-0.612381100654602,-0.215555801987648,0.9996237754821777,-0.0535413883626461,-0.6119648218154907,-0.21734662353992462,0.9996340870857239,-0.053241144865751266,-0.6119887828826904,-0.21484071016311646,0.9996113181114197,-0.08724937587976456,-0.6126455068588257,-0.2102293223142624,0.9996680617332458,-0.0852629765868187,-0.6129986643791199,-0.21121841669082642,0.9996816515922546,-0.0860096663236618,-0.6118952631950378,-0.20700271427631378,0.999673068523407,0.039796147495508194,-0.6194918155670166,-0.13932153582572937,0.9997581839561462,-0.10171908140182495,-0.6160879135131836,-0.09202215075492859,0.9997705817222595,-0.03360040485858917,-0.5487905740737915,-0.19697777926921844,0.9999141097068787,-0.0755050778388977,-0.546467661857605,-0.18165506422519684,0.9999099373817444,0.17714709043502808,-0.4545126259326935,-0.09101645648479462,0.9997875690460205,-0.15050998330116272,-0.44800493121147156,-0.011997110210359097,0.9998361468315125,0.2724590599536896,-0.3264632225036621,-0.1899828016757965,0.9974690079689026,-0.2201230227947235,-0.2531070411205292,-0.06670354306697845,0.9906970858573914,0.0814393013715744,-0.4285376965999603,-0.34753239154815674,0.9885281324386597,-0.21736381947994232,-0.24817456305027008,-0.2616485357284546,0.9849053621292114,0.013215894810855389,-0.452497273683548,-0.39909330010414124,0.979336142539978,-0.21812009811401367,-0.24611727893352509,-0.3127094507217407,0.9661505222320557,-0.004392302129417658,-0.502592146396637,-0.38422176241874695,0.980624258518219,-0.20717360079288483,-0.27885371446609497,-0.3070901036262512,0.9684641361236572,0.056148871779441833,-0.45496758818626404,-0.3473145663738251,0.9784191250801086,-0.20465673506259918,-0.2567473351955414,-0.2680896520614624,0.966337263584137,0.11393923312425613,0.0012020237045362592,-0.017722737044095993,0.6366973519325256,-0.1124558225274086,-0.006217322777956724,0.018215494230389595,0.6257142424583435,0.1240369975566864,-0.04864119738340378,-0.10575438290834427,0.024520115926861763,-0.14729265868663788,-0.024374956265091896,-0.08735951781272888,0.027904337272047997,0.12567879259586334,0.2154112458229065,0.18137726187705994,0.006895582657307386,-0.09388941526412964,0.3862118721008301,0.16776752471923828,0.00950206071138382,0.1262279897928238,0.22474826872348785,0.20017209649085999,0.005455668084323406,-0.08023041486740112,0.40726035833358765,0.19700796902179718,0.009052782319486141,0.13888835906982422,0.19999398291110992,-0.010447332635521889,0.006884815637022257,-0.08867727965116501,0.44053682684898376,-0.007564582396298647,0.009080843068659306,38,1.584,0.6432331204414368,0.4355737566947937,-5.489984289397398e-08,,0.6148542761802673,0.4768664538860321,0.004613165743649006,,0.5903297066688538,0.4820346236228943,0.0037810567300766706,,0.5779102444648743,0.484331876039505,0.0006145248771645129,,0.5707877278327942,0.4849715530872345,-0.0035628771875053644,,0.5570693612098694,0.39381536841392517,0.004067336209118366,,0.5224764347076416,0.4266403317451477,-0.0009852491784840822,,0.4983188211917877,0.44559845328330994,-0.00708755711093545,,0.4768233299255371,0.45881596207618713,-0.012698096223175526,,0.5578503608703613,0.38854914903640747,-0.004193498753011227,,0.5162007808685303,0.4301086962223053,-0.010608546435832977,,0.49039381742477417,0.45133042335510254,-0.01811080053448677,,0.46676158905029297,0.46348366141319275,-0.024485653266310692,,0.5611038208007812,0.39990711212158203,-0.012545676901936531,,0.5189662575721741,0.4342458248138428,-0.02017287351191044,,0.49164193868637085,0.45176029205322266,-0.026670634746551514,,0.4680396318435669,0.46046775579452515,-0.031418170779943466,,0.564902663230896,0.4253067970275879,-0.020542608574032784,,0.5319908857345581,0.4421669840812683,-0.02710881270468235,,0.5116783976554871,0.45290979743003845,-0.030356649309396744,,0.4933675527572632,0.4583820104598999,-0.032931238412857056,,0.4755248427391052,0.7412271499633789,-1.1439423985848407e-07,,0.48097413778305054,0.7159543037414551,-0.02018284611403942,,0.48208850622177124,0.6946253776550293,-0.0315670520067215,,0.4728202819824219,0.6739253997802734,-0.039878856390714645,,0.459297776222229,0.6539163589477539,-0.04846055805683136,,0.470765620470047,0.7352859973907471,-0.032978106290102005,,0.4594201147556305,0.7571755647659302,-0.051766615360975266,,0.4518263041973114,0.7794825434684753,-0.06635436415672302,,0.44578903913497925,0.8056060075759888,-0.07355787605047226,,0.46440401673316956,0.7671992778778076,-0.02852574735879898,,0.4585247337818146,0.8003670573234558,-0.04729124903678894,,0.45135462284088135,0.8274380564689636,-0.0585239939391613,,0.44697126746177673,0.8524476289749146,-0.06516829133033752,,0.4616033434867859,0.7884564995765686,-0.02449478767812252,,0.4569080173969269,0.8221718072891235,-0.04226836562156677,,0.4504927694797516,0.8465383052825928,-0.046812884509563446,,0.4466228783130646,0.8678122758865356,-0.046837519854307175,,0.4591926634311676,0.7980902791023254,-0.021562699228525162,,0.4570263624191284,0.825149416923523,-0.03299154341220856,,0.45312395691871643,0.8420290350914001,-0.032860998064279556,,0.4511820673942566,0.8575528860092163,-0.031100334599614143,
-0.07148439437150955,-0.5694235563278198,-0.21842455863952637,0.9997937679290771,-0.05563049018383026,-0.6117441654205322,-0.21546626091003418,0.9996296763420105,-0.05632028728723526,-0.6113258600234985,-0.21725521981716156,0.9996394515037537,-0.056039050221443176,-0.6113473773002625,-0.2147403359413147,0.9996164441108704,-0.08993734419345856,-0.6119969487190247,-0.21000424027442932,0.9996736645698547,-0.08794919401407242,-0.6123417615890503,-0.21100620925426483,0.9996873140335083,-0.08869653940200806,-0.6112343668937683,-0.20679229497909546,0.9996786117553711,0.03810083121061325,-0.619482696056366,-0.13943727314472198,0.9997619390487671,-0.10307545214891434,-0.6160679459571838,-0.09207605570554733,0.9997754096984863,-0.035570818930864334,-0.5481617450714111,-0.1968594342470169,0.9999157786369324,-0.07738170772790909,-0.5458405613899231,-0.18138697743415833,0.999911904335022,0.17702172696590424,-0.45413291454315186,-0.09165169298648834,0.9997905492782593,-0.1509634554386139,-0.44787994027137756,-0.011884551495313644,0.9998393654823303,0.2720522880554199,-0.3239949345588684,-0.1921427696943283,0.9976818561553955,-0.21953172981739044,-0.2526666820049286,-0.06673819571733475,0.9912235140800476,0.08260925114154816,-0.4284517467021942,-0.34911054372787476,0.9896215200424194,-0.21716010570526123,-0.24796496331691742,-0.261671781539917,0.9861476421356201,0.014915910549461842,-0.4522157609462738,-0.40018385648727417,0.9808027744293213,-0.2179035097360611,-0.2454925775527954,-0.3126562833786011,0.967937707901001,-0.0020702113397419453,-0.5021005868911743,-0.3853780925273895,0.9819413423538208,-0.2070690095424652,-0.27805399894714355,-0.3070525825023651,0.9700928330421448,0.05758265033364296,-0.4548688232898712,-0.348785400390625,0.9798716902732849,-0.2044631838798523,-0.2565031349658966,-0.26811927556991577,0.9680992960929871,0.11405445635318756,0.0012200968340039253,-0.01769823580980301,0.6405313014984131,-0.11256933212280273,-0.006234623957425356,0.01819181814789772,0.6298373937606812,0.12484333664178848,-0.04918660223484039,-0.10629955679178238,0.024170758202672005,-0.147298201918602,-0.024580514058470726,-0.08691901713609695,0.02772950381040573,0.12693782150745392,0.21565689146518707,0.1808118373155594,0.006823042407631874,-0.09357713162899017,0.38791438937187195,0.1684563308954239,0.009428564459085464,0.1276548057794571,0.2250041663646698,0.19924615323543549,0.00537469144910574,-0.07971999049186707,0.4091724455356598,0.197532057762146,0.008889834396541119,0.139856219291687,0.19995111227035522,-0.011792500503361225,0.006813098676502705,-0.08856834471225739,0.4414152503013611,-0.007442594971507788,0.009003120474517345,39,1.626,0.6433550715446472,0.4369785189628601,-5.550415238531059e-08,,0.6148276329040527,0.47786322236061096,0.004742839839309454,,0.5900551080703735,0.48181700706481934,0.00400904007256031,,0.577324628829956,0.48301345109939575,0.000941997510381043,,0.569684624671936,0.48302969336509705,-0.0031205222476273775,,0.5576317310333252,0.3957778513431549,0.004173535853624344,,0.523368775844574,0.4280067980289459,-0.0012143767671659589,,0.49912336468696594,0.4467383921146393,-0.007538987323641777,,0.4775117337703705,0.4598526358604431,-0.013227011077105999,,0.55821293592453,0.3902851939201355,-0.00415551895275712,,0.5167288184165955,0.4314833879470825,-0.01082281582057476,,0.4907459616661072,0.4525449275970459,-0.018377190455794334,,0.4668392539024353,0.4646311402320862,-0.024707283824682236,,0.561119556427002,0.4010682702064514,-0.01259088609367609,,0.5190180540084839,0.4354608356952667,-0.020492171868681908,,0.49159348011016846,0.45272886753082275,-0.02695011906325817,,0.4678094983100891,0.4613358676433563,-0.03158004581928253,,0.5644966959953308,0.4260304570198059,-0.020671509206295013,,0.5317177772521973,0.44275879859924316,-0.027389217168092728,,0.511471152305603,0.4531424939632416,-0.030595675110816956,,0.4931475818157196,0.4581994414329529,-0.033087246119976044,,0.47286441922187805,0.7411969304084778,-1.254294090813346e-07,,0.48074039816856384,0.7178564071655273,-0.018851684406399727,,0.48217812180519104,0.6983253955841064,-0.02908165007829666,,0.4739121198654175,0.6767937541007996,-0.03639915585517883,,0.4613078534603119,0.6558420658111572,-0.04351791739463806,,0.4708821177482605,0.7388256788253784,-0.02803570218384266,,0.45988762378692627,0.7610698342323303,-0.045463643968105316,,0.4516862630844116,0.784848690032959,-0.059008922427892685,,0.4457085132598877,0.8112614750862122,-0.06517224758863449,,0.4613477885723114,0.7679029107093811,-0.023220524191856384,,0.45551198720932007,0.8004964590072632,-0.040346093475818634,,0.44943517446517944,0.8265504240989685,-0.050038281828165054,,0.4458446204662323,0.8510359525680542,-0.05520696938037872,,0.4560752511024475,0.7857730388641357,-0.019003134220838547,,0.4510365426540375,0.817145586013794,-0.03481059893965721,,0.4465371072292328,0.8408963084220886,-0.03730333223938942,,0.44476571679115295,0.8618584871292114,-0.03561866655945778,,0.45246779918670654,0.7918070554733276,-0.015934210270643234,,0.4492930471897125,0.8173262476921082,-0.024625113233923912,,0.44757407903671265,0.8334997296333313,-0.022476516664028168,,0.44741469621658325,0.8485311269760132,-0.01902194321155548,
-0.07265893369913101,-0.5682461857795715,-0.21811436116695404,0.9997942447662354,-0.05683387070894241,-0.6108683943748474,-0.21541956067085266,0.9996305108070374,-0.05753028765320778,-0.6104450225830078,-0.21721011400222778,0.9996405839920044,-0.05725684389472008,-0.610468327999115,-0.21468618512153625,0.9996177554130554,-0.09097668528556824,-0.6111459732055664,-0.20976319909095764,0.99967360496521,-0.0889926552772522,-0.6114837527275085,-0.21076945960521698,0.9996872544288635,-0.08974213153123856,-0.6103739738464355,-0.2065572887659073,0.9996783137321472,0.037650663405656815,-0.6194190979003906,-0.13984175026416779,0.9997630715370178,-0.10313254594802856,-0.6160548329353333,-0.09205576032400131,0.9997754096984863,-0.036317601799964905,-0.5473543405532837,-0.19680839776992798,0.999916672706604,-0.07795444875955582,-0.5451080203056335,-0.18109169602394104,0.9999125599861145,0.1771138608455658,-0.4533846974372864,-0.09300986677408218,0.9997944831848145,-0.15065398812294006,-0.4478778541088104,-0.01163765974342823,0.9998424053192139,0.27053317427635193,-0.31842026114463806,-0.19312311708927155,0.9978719353675842,-0.21714681386947632,-0.25174805521965027,-0.06540560722351074,0.991653323173523,0.08276979625225067,-0.42758920788764954,-0.3490530550479889,0.9906045794487,-0.21656621992588043,-0.24674372375011444,-0.2594785988330841,0.9872485399246216,0.015345600433647633,-0.4513670802116394,-0.39990973472595215,0.9821245074272156,-0.21770404279232025,-0.2434190958738327,-0.3097335398197174,0.9694802165031433,-0.0007513488526456058,-0.5014180541038513,-0.3852480947971344,0.9831305742263794,-0.2068948596715927,-0.27587267756462097,-0.3049713671207428,0.9715006351470947,0.05798608437180519,-0.4542062282562256,-0.34871619939804077,0.9811847805976868,-0.20393796265125275,-0.2551541030406952,-0.26623761653900146,0.9696525931358337,0.11414440721273422,0.0013573322212323546,-0.01784604787826538,0.6443145275115967,-0.11263128370046616,-0.006320596672594547,0.01832301914691925,0.6333242654800415,0.12515313923358917,-0.04950021579861641,-0.10868441313505173,0.023979198187589645,-0.1473013162612915,-0.029393859207630157,-0.08695707470178604,0.02759505994617939,0.127698615193367,0.21709322929382324,0.17855986952781677,0.006823726464062929,-0.09193253517150879,0.3879202902317047,0.16939572989940643,0.009392491541802883,0.1285024881362915,0.22655320167541504,0.196556955575943,0.00533485971391201,-0.07764656841754913,0.40917935967445374,0.19867733120918274,0.008805329911410809,0.1398981362581253,0.20003876090049744,-0.017157677561044693,0.006796907167881727,-0.08753543347120285,0.44083741307258606,-0.006934172008186579,0.008962164632976055,40,1.668,0.6431540846824646,0.43943557143211365,-4.497837124972648e-08,,0.6143860816955566,0.4789277911186218,0.005097328219562769,,0.5903820395469666,0.4823567569255829,0.004057308658957481,,0.5784168839454651,0.48434609174728394,0.0006451615481637418,,0.5713145136833191,0.4864797294139862,-0.003790752962231636,,0.5570759773254395,0.39817431569099426,0.004072804003953934,,0.5224518179893494,0.43029117584228516,-0.0011630780063569546,,0.4986298680305481,0.44894516468048096,-0.007222459651529789,,0.4774053394794464,0.4613669514656067,-0.012679575011134148,,0.5577380061149597,0.3929399251937866,-0.004493111744523048,,0.5163941383361816,0.4342878460884094,-0.010892084799706936,,0.49065330624580383,0.4553345739841461,-0.018027478829026222,,0.4672754406929016,0.4671821594238281,-0.02413381263613701,,0.5609295964241028,0.40411022305488586,-0.013160765171051025,,0.5190044045448303,0.43867942690849304,-0.020605962723493576,,0.4917350113391876,0.4561343789100647,-0.026696762070059776,,0.4682541489601135,0.4645075500011444,-0.031234383583068848,,0.5644965767860413,0.4291849434375763,-0.021479656919836998,,0.5315322279930115,0.44568607211112976,-0.028076570481061935,,0.5108545422554016,0.45576849579811096,-0.03134943172335625,,0.4920235872268677,0.46045634150505066,-0.0339423306286335,,0.46552130579948425,0.7458349466323853,-5.225446031431602e-08,,0.479291170835495,0.7259771227836609,-0.017476964741945267,,0.486127108335495,0.7072423100471497,-0.031086960807442665,,0.4773155450820923,0.6864249110221863,-0.041657134890556335,,0.4614242613315582,0.6649880409240723,-0.052862804383039474,,0.46619975566864014,0.7472628355026245,-0.04506570100784302,,0.46425169706344604,0.7644491791725159,-0.06632497161626816,,0.4637666940689087,0.7808215022087097,-0.0798708125948906,,0.4614841639995575,0.8030017614364624,-0.0871288850903511,,0.4566570520401001,0.7743470668792725,-0.04434524103999138,,0.453674852848053,0.8007307052612305,-0.06675602495670319,,0.4510505497455597,0.8229427933692932,-0.07674891501665115,,0.448276549577713,0.8475750088691711,-0.08320482820272446,,0.45007163286209106,0.7931203842163086,-0.04332506284117699,,0.44705790281295776,0.8219178915023804,-0.06506780534982681,,0.4437916874885559,0.8425835371017456,-0.06979715824127197,,0.4408699572086334,0.8629665970802307,-0.07088103145360947,,0.4435347318649292,0.804028332233429,-0.04290064424276352,,0.43814489245414734,0.8228981494903564,-0.06008142977952957,,0.43401023745536804,0.8363150954246521,-0.06315483152866364,,0.4317203760147095,0.8492071032524109,-0.06426474452018738,
-0.07379347085952759,-0.5701116323471069,-0.2128281146287918,0.9997978210449219,-0.057421330362558365,-0.6123343110084534,-0.2098982036113739,0.9996338486671448,-0.05810140445828438,-0.611922562122345,-0.21155153214931488,0.9996427297592163,-0.057851117104291916,-0.6119378805160522,-0.20902478694915771,0.9996175169944763,-0.09157418459653854,-0.6129471659660339,-0.204691544175148,0.9996800422668457,-0.08957134932279587,-0.6132640242576599,-0.20586688816547394,0.9996946454048157,-0.09033504128456116,-0.6121512651443481,-0.2016884833574295,0.9996854662895203,0.03592536970973015,-0.620131254196167,-0.13465969264507294,0.9997641444206238,-0.10489293932914734,-0.618036687374115,-0.08904875069856644,0.9997827410697937,-0.038435887545347214,-0.5487109422683716,-0.19134356081485748,0.9999179244041443,-0.08013831824064255,-0.5467975735664368,-0.17650483548641205,0.9999154806137085,0.1752905547618866,-0.4533867835998535,-0.09077583253383636,0.9997931718826294,-0.1551530659198761,-0.4493319094181061,-0.00992350373417139,0.999847948551178,0.2670517563819885,-0.31828922033309937,-0.19327186048030853,0.9980552196502686,-0.21754781901836395,-0.2531905472278595,-0.06750725209712982,0.9922427535057068,0.08284813165664673,-0.42869725823402405,-0.349063903093338,0.9915070533752441,-0.21790695190429688,-0.24127700924873352,-0.26277926564216614,0.9883397817611694,0.01606358215212822,-0.45252111554145813,-0.4005691707134247,0.9834178686141968,-0.21968823671340942,-0.23352524638175964,-0.3137197196483612,0.9712255597114563,0.0005714776343666017,-0.5030540227890015,-0.38607922196388245,0.984303891658783,-0.20810794830322266,-0.26335087418556213,-0.3109157383441925,0.9730945825576782,0.05831550434231758,-0.45578837394714355,-0.3488326370716095,0.9824928641319275,-0.20510949194431305,-0.2484232783317566,-0.27005741000175476,0.9714310765266418,0.11430244147777557,0.0013772817328572273,-0.01781010814011097,0.6581946611404419,-0.11297875642776489,-0.006315867882221937,0.0182171817868948,0.6488305926322937,0.1251358538866043,-0.037960439920425415,-0.10823719203472137,0.023507213220000267,-0.14725521206855774,-0.007335517555475235,-0.08486063778400421,0.02727312594652176,0.12746137380599976,0.2291601449251175,0.17771324515342712,0.006654932163655758,-0.09249202907085419,0.4001936614513397,0.16930623352527618,0.009273397736251354,0.1283055990934372,0.23904722929000854,0.1950085610151291,0.0051739271730184555,-0.07864850759506226,0.4243182837963104,0.1975456327199936,0.008564167656004429,0.13814677298069,0.2270766645669937,-0.011191650293767452,0.006630782037973404,-0.09204985946416855,0.46237513422966003,-0.0068319388665258884,0.008823772892355919,41,1.71,0.641664445400238,0.45244407653808594,-6.55624887713202e-08,,0.6107064485549927,0.49304822087287903,0.0030085330363363028,,0.584389865398407,0.4885619580745697,0.002041537780314684,,0.5681514143943787,0.4832574725151062,-0.0008201534510590136,,0.554530918598175,0.47529175877571106,-0.00410943478345871,,0.5539615750312805,0.4092260003089905,0.004335537552833557,,0.5203582048416138,0.44506707787513733,-0.001582518918439746,,0.49566221237182617,0.4672326147556305,-0.008232250809669495,,0.47364339232444763,0.4836365878582001,-0.013845193199813366,,0.5551800727844238,0.4038087725639343,-0.002760105999186635,,0.5158718228340149,0.44725337624549866,-0.010174857452511787,,0.49039754271507263,0.47101327776908875,-0.018332606181502342,,0.46578195691108704,0.4868697226047516,-0.024791743606328964,,0.5580291152000427,0.41473978757858276,-0.010097002610564232,,0.5178242325782776,0.451720267534256,-0.018827255815267563,,0.4913163185119629,0.4710332155227661,-0.025306710973381996,,0.46793878078460693,0.4836888611316681,-0.029506564140319824,,0.5609143972396851,0.440930038690567,-0.017244143411517143,,0.5290042161941528,0.46004197001457214,-0.023412659764289856,,0.5087317824363708,0.47111520171165466,-0.026141457259655,,0.49058106541633606,0.4783951938152313,-0.028155626729130745,,0.4598926305770874,0.7629733085632324,3.6021015148435254e-07,,0.4713130295276642,0.7648411989212036,-0.013308322988450527,,0.47738203406333923,0.7779874205589294,-0.025107892230153084,,0.4764290750026703,0.7984433174133301,-0.03490361571311951,,0.47503167390823364,0.8166685700416565,-0.04568936675786972,,0.46269041299819946,0.760386049747467,-0.03286012262105942,,0.46376216411590576,0.8071224093437195,-0.0460379533469677,,0.4691939055919647,0.8389191627502441,-0.055817827582359314,,0.47305476665496826,0.867972195148468,-0.06248808652162552,,0.44689351320266724,0.7628741264343262,-0.03247886523604393,,0.45332005620002747,0.8167586326599121,-0.044303685426712036,,0.46072468161582947,0.8530502319335938,-0.04887431487441063,,0.4669184386730194,0.8816013932228088,-0.05333881080150604,,0.4360020160675049,0.7690669894218445,-0.03201230242848396,,0.4428062438964844,0.8165343403816223,-0.04220498725771904,,0.4500221908092499,0.8465200662612915,-0.041484832763671875,,0.4556137025356293,0.8691344261169434,-0.04134945943951607,,0.42904651165008545,0.7763041853904724,-0.03261179104447365,,0.4306597411632538,0.8100904822349548,-0.038524411618709564,,0.43468478322029114,0.8276169300079346,-0.03621315956115723,,0.4374206066131592,0.838747501373291,-0.035285141319036484,
-0.0757325068116188,-0.5807492733001709,-0.19275671243667603,0.9997949600219727,-0.05819277837872505,-0.6214318871498108,-0.1895962804555893,0.999627411365509,-0.0588584840297699,-0.621050238609314,-0.19108296930789948,0.9996346831321716,-0.05862971767783165,-0.6210508942604065,-0.18863528966903687,0.9996067881584167,-0.09192781895399094,-0.6224557161331177,-0.18409542739391327,0.9996778964996338,-0.08991378545761108,-0.6227669715881348,-0.18536381423473358,0.9996938109397888,-0.0906946212053299,-0.6216513514518738,-0.18112272024154663,0.9996843934059143,0.03476972132921219,-0.6231979727745056,-0.1185319721698761,0.9997566938400269,-0.10467317700386047,-0.6224437355995178,-0.06954670697450638,0.9997830986976624,-0.04115962237119675,-0.5567014217376709,-0.1728598177433014,0.9999145865440369,-0.08193470537662506,-0.5552629232406616,-0.15722469985485077,0.9999138116836548,0.17098015546798706,-0.45346665382385254,-0.08075161278247833,0.9997779726982117,-0.1549006551504135,-0.44984227418899536,0.007904835045337677,0.9998418688774109,0.2641022503376007,-0.31835854053497314,-0.19189871847629547,0.9981996417045593,-0.21394573152065277,-0.2536758780479431,-0.05530189722776413,0.9924073815345764,0.08094989508390427,-0.4302341639995575,-0.34811535477638245,0.9922969937324524,-0.2179144322872162,-0.23232382535934448,-0.24795086681842804,0.9890266060829163,0.015254596248269081,-0.4556103050708771,-0.40052345395088196,0.984368622303009,-0.22061511874198914,-0.22373846173286438,-0.29942771792411804,0.9713361263275146,0.0002730381675064564,-0.5071605443954468,-0.3852198123931885,0.9851441979408264,-0.20983773469924927,-0.2499605417251587,-0.29460084438323975,0.97327721118927,0.05742926523089409,-0.45813247561454773,-0.3477713465690613,0.9834184646606445,-0.20551568269729614,-0.23841150104999542,-0.25474220514297485,0.971752405166626,0.11265084892511368,0.0012048430508002639,-0.01876344345510006,0.6723424196243286,-0.11171384155750275,-0.005960223730653524,0.018965773284435272,0.6625233888626099,0.12329448759555817,-0.02587014064192772,-0.11001314967870712,0.022101715207099915,-0.14681780338287354,0.01971479505300522,-0.06044594198465347,0.025719184428453445,0.12672477960586548,0.23982925713062286,0.17350351810455322,0.006337993778288364,-0.09293435513973236,0.41762617230415344,0.178765669465065,0.008804955519735813,0.1274203509092331,0.2502146065235138,0.19065408408641815,0.005016878247261047,-0.07959949225187302,0.44327816367149353,0.20521745085716248,0.00829416885972023,0.12707827985286713,0.24469321966171265,-0.009008681401610374,0.006324251182377338,-0.1020856499671936,0.4868893027305603,0.013779750093817711,0.008418486453592777,42,1.751,0.6385825276374817,0.46716395020484924,-7.28451539089292e-08,,0.6060190200805664,0.49439355731010437,0.0028075959999114275,,0.5763770937919617,0.48534345626831055,0.002656117780134082,,0.5557832717895508,0.4764099419116974,0.0007230430492199957,,0.5397987961769104,0.4709748923778534,-0.0010710236383602023,,0.5541075468063354,0.41961178183555603,0.006450360175222158,,0.5191639065742493,0.45757532119750977,4.5437729568220675e-05,,0.493375688791275,0.48141348361968994,-0.006636645179241896,,0.4713352918624878,0.4989769756793976,-0.011786875315010548,,0.5545955300331116,0.41744035482406616,-0.00020976529049221426,,0.5156093835830688,0.46110695600509644,-0.0066078235395252705,,0.4897004961967468,0.48602938652038574,-0.013047484681010246,,0.465535432100296,0.5030612349510193,-0.018061283975839615,,0.5554120540618896,0.4305001199245453,-0.0075642820447683334,,0.5156633257865906,0.46810707449913025,-0.014762181788682938,,0.4900400936603546,0.4891878664493561,-0.019183937460184097,,0.4672633707523346,0.5023186206817627,-0.021933192387223244,,0.5557710528373718,0.4555799663066864,-0.015067987143993378,,0.523871660232544,0.476248174905777,-0.02026609145104885,,0.5033445954322815,0.4888124465942383,-0.022050952538847923,,0.48461148142814636,0.49758169054985046,-0.023102322593331337,,,,,,,,,,,,,,,,,,,,,,,,,,,,,,,,,,,,,,,,,,,,,,,,,,,,,,,,,,,,,,,,,,,,,,,,,,,,,,,,,,,,,
-0.07933852821588516,-0.5904584527015686,-0.1889764666557312,0.9997813701629639,-0.06152478978037834,-0.6307075619697571,-0.1850070208311081,0.9996059536933899,-0.06213806942105293,-0.630339503288269,-0.1864955574274063,0.9996137619018555,-0.06193738803267479,-0.6303743720054626,-0.1840922236442566,0.9995833039283752,-0.09494265913963318,-0.6313843727111816,-0.17993739247322083,0.9996589422225952,-0.09289731830358505,-0.6317291259765625,-0.18118417263031006,0.9996765851974487,-0.09370313584804535,-0.6306533217430115,-0.17697545886039734,0.9996662139892578,0.02978704124689102,-0.6300560832023621,-0.11218076944351196,0.9997364282608032,-0.10758455097675323,-0.6281929612159729,-0.06548462063074112,0.999771773815155,-0.045511581003665924,-0.5657011270523071,-0.16859646141529083,0.9999056458473206,-0.0859217494726181,-0.5637587904930115,-0.15366511046886444,0.9999065399169922,0.16236673295497894,-0.45709845423698425,-0.07820332050323486,0.9997549653053284,-0.1579688936471939,-0.4523460865020752,0.010033468715846539,0.9998235106468201,0.24837258458137512,-0.3188789486885071,-0.18968719244003296,0.9983034133911133,-0.21965788304805756,-0.25622743368148804,-0.04621312394738197,0.9923544526100159,0.05357537791132927,-0.4231651723384857,-0.3414527475833893,0.9929510951042175,-0.21777966618537903,-0.2176804393529892,-0.22824503481388092,0.9891538023948669,-0.0120340995490551,-0.44491052627563477,-0.3980065882205963,0.984795093536377,-0.21969525516033173,-0.20337967574596405,-0.27972283959388733,0.9693610668182373,-0.029480699449777603,-0.4972217381000519,-0.3824772834777832,0.9854770302772522,-0.20769880712032318,-0.23112250864505768,-0.2774996757507324,0.9715853333473206,0.02996438927948475,-0.4506852626800537,-0.3420657813549042,0.9837799072265625,-0.20527297258377075,-0.22334235906600952,-0.23578281700611115,0.9704097509384155,0.1115916296839714,0.0006784165161661804,-0.019168011844158173,0.6831088662147522,-0.11102085560560226,-0.005436059553176165,0.019293971359729767,0.6718982458114624,0.12201158702373505,-0.015359370969235897,-0.1066352128982544,0.021297238767147064,-0.14280179142951965,0.046460725367069244,-0.05667974427342415,0.024819113314151764,0.12669934332370758,0.25084805488586426,0.17113269865512848,0.006183061748743057,-0.0928797647356987,0.4293539822101593,0.17998364567756653,0.00856864359229803,0.12738937139511108,0.2622019648551941,0.18798817694187164,0.00492691807448864,-0.07974732667207718,0.45512422919273376,0.20577038824558258,0.008203431032598019,0.12742839753627777,0.2634180784225464,-0.0059225051663815975,0.006190746556967497,-0.10668657720088959,0.504082441329956,0.01819002628326416,0.008262536488473415,43,1.793,0.6334235072135925,0.4955134689807892,-9.698213432329794e-08,,0.6036943197250366,0.513603925704956,0.002142747398465872,,0.5749803185462952,0.5023472905158997,0.0018014266388490796,,0.553468644618988,0.4920658469200134,-0.0001707381015876308,,0.5368632078170776,0.48922330141067505,-0.0019293794175609946,,0.5518248677253723,0.44349393248558044,0.005978063214570284,,0.5170153379440308,0.47936713695526123,-0.0008126150933094323,,0.49135822057724,0.5044461488723755,-0.008138155564665794,,0.471034973859787,0.524446964263916,-0.013455484062433243,,0.551750123500824,0.4432332217693329,-3.423200178076513e-05,,0.5137293934822083,0.4845964312553406,-0.005725111812353134,,0.48757386207580566,0.5108436942100525,-0.0120960408821702,,0.4648703336715698,0.5314714908599854,-0.017232675105333328,,0.5521023273468018,0.4564098119735718,-0.00676683010533452,,0.5143905282020569,0.4912450611591339,-0.01231639925390482,,0.48946917057037354,0.5146070718765259,-0.016399415209889412,,0.4681824743747711,0.5320454835891724,-0.019463462755084038,,0.5528753399848938,0.47950732707977295,-0.013785656541585922,,0.5232262015342712,0.49897000193595886,-0.017629174515604973,,0.5043162703514099,0.5138726234436035,-0.01896434836089611,,0.4875839352607727,0.5266609191894531,-0.01990353688597679,,0.43696871399879456,0.8191287517547607,2.063438557797781e-07,,0.4555625319480896,0.8062828779220581,-0.016654562205076218,,0.47055214643478394,0.8194155097007751,-0.027475550770759583,,0.47728431224823,0.8433918952941895,-0.034448280930519104,,0.48028087615966797,0.8623011708259583,-0.04147776961326599,,0.4569350481033325,0.8374059796333313,-0.039152827113866806,,0.47707033157348633,0.8855270743370056,-0.05188839137554169,,0.489258736371994,0.9194057583808899,-0.05739031359553337,,0.49898895621299744,0.9460207223892212,-0.06007613614201546,,0.44446656107902527,0.8587133884429932,-0.035374462604522705,,0.46184101700782776,0.908318281173706,-0.04671742394566536,,0.4745749235153198,0.9442054629325867,-0.05067019164562225,,0.4848092794418335,0.9725967645645142,-0.05309826880693436,,0.4364541471004486,0.8752133846282959,-0.031327325850725174,,0.451526939868927,0.92073655128479,-0.04043375700712204,,0.4634196162223816,0.9519450068473816,-0.04311413690447807,,0.47307154536247253,0.9750811457633972,-0.04410457983613014,,0.43338075280189514,0.8877848386764526,-0.02805398963391781,,0.44379258155822754,0.9251068830490112,-0.03549840301275253,,0.4523388743400574,0.9493654370307922,-0.03764437139034271,,0.45970213413238525,0.966184675693512,-0.03836410120129585,
-0.08662255108356476,-0.6024182438850403,-0.1809156835079193,0.9997757077217102,-0.06871583312749863,-0.642379641532898,-0.1767924278974533,0.9995975494384766,-0.06928649544715881,-0.6420090198516846,-0.17834998667240143,0.9996055960655212,-0.06911653280258179,-0.6420803070068359,-0.17594482004642487,0.9995722770690918,-0.10160234570503235,-0.6432464122772217,-0.17157508432865143,0.9996500015258789,-0.099542036652565,-0.6436414122581482,-0.17276394367218018,0.9996687173843384,-0.10033441334962845,-0.6425938606262207,-0.16861304640769958,0.9996564984321594,0.02203034609556198,-0.6390653848648071,-0.10567678511142731,0.9997265338897705,-0.11288256198167801,-0.638485312461853,-0.059260375797748566,0.9997657537460327,-0.05337733030319214,-0.5768041610717773,-0.1614270657300949,0.9998989701271057,-0.09309481084346771,-0.5750056505203247,-0.146631121635437,0.9999010562896729,0.15557335317134857,-0.46102020144462585,-0.07847859710454941,0.9997332096099854,-0.16358038783073425,-0.45846572518348694,0.01337781734764576,0.9998055696487427,0.2436881959438324,-0.31943997740745544,-0.18987292051315308,0.9984028339385986,-0.22532334923744202,-0.2630729675292969,-0.03701417148113251,0.9923171997070312,0.04590791091322899,-0.40481317043304443,-0.3385280668735504,0.9935375452041626,-0.22589990496635437,-0.20849351584911346,-0.20826806128025055,0.9893516302108765,-0.019471142441034317,-0.4177270233631134,-0.3948628008365631,0.985218346118927,-0.2283068299293518,-0.18744048476219177,-0.2559055685997009,0.9681451916694641,-0.04055146500468254,-0.4676785171031952,-0.3803136944770813,0.9858294725418091,-0.21569707989692688,-0.2126300036907196,-0.2586960792541504,0.9706084132194519,0.020758401602506638,-0.4294212758541107,-0.3396087884902954,0.9841535687446594,-0.21368283033370972,-0.21145278215408325,-0.21692782640457153,0.9697829484939575,0.1114080622792244,0.00043294389615766704,-0.019742753356695175,0.6894416809082031,-0.11095765233039856,-0.005368383601307869,0.0198825616389513,0.6773070693016052,0.11791309714317322,-0.011841049417853355,-0.09619342535734177,0.02136729657649994,-0.14284634590148926,0.0526307038962841,-0.05942665413022041,0.024994567036628723,0.12613913416862488,0.24833622574806213,0.16979533433914185,0.006127833854407072,-0.09750455617904663,0.42742806673049927,0.1730111539363861,0.008574294857680798,0.12668894231319427,0.2591486871242523,0.18632322549819946,0.004780171904712915,-0.08630271255970001,0.4518119990825653,0.19740475714206696,0.008105755783617496,0.1275724321603775,0.25684240460395813,-0.005519120022654533,0.00619328860193491,-0.12201637774705887,0.4988531470298767,0.014295113272964954,0.008379717357456684,44,1.835,0.6270284056663513,0.5209569334983826,-1.4049768992663303e-07,,0.600396454334259,0.5221561193466187,0.007801745552569628,,0.5695751309394836,0.5161336660385132,0.010386602021753788,,0.5488148927688599,0.515889585018158,0.010098597034811974,,0.5317941308021545,0.5214545726776123,0.009795918129384518,,0.5460472106933594,0.47083336114883423,0.011940100230276585,,0.5119568109512329,0.5111212134361267,0.0067717269994318485,,0.4872598350048065,0.54197758436203,0.00016835759743116796,,0.46831443905830383,0.568337619304657,-0.004731729626655579,,0.5440881252288818,0.4767800271511078,0.003597448579967022,,0.5076394081115723,0.5215359330177307,6.636720354435965e-05,,0.4839998185634613,0.5525183081626892,-0.005260736681520939,,0.46447768807411194,0.579770565032959,-0.009990841150283813,,0.5425890684127808,0.49606046080589294,-0.005121787078678608,,0.5056794881820679,0.5312381982803345,-0.00874649453908205,,0.4819554388523102,0.5589364171028137,-0.011951125226914883,,0.4625588357448578,0.5823984742164612,-0.014658669009804726,,0.5418480038642883,0.5240470767021179,-0.013627497479319572,,0.5110166072845459,0.5444701313972473,-0.016790512949228287,,0.49176913499832153,0.5611713528633118,-0.017501233145594597,,0.47577008605003357,0.5770323276519775,-0.017923444509506226,,0.43902164697647095,0.8297333121299744,1.639660354157968e-07,,0.4615175127983093,0.8214796185493469,-0.014850765466690063,,0.47991055250167847,0.8321850299835205,-0.024603553116321564,,0.49264979362487793,0.850487232208252,-0.031119300052523613,,0.5032723546028137,0.8686561584472656,-0.0376187339425087,,0.46214526891708374,0.866504967212677,-0.03207520768046379,,0.47756263613700867,0.9095868468284607,-0.043303146958351135,,0.4906500279903412,0.9364679455757141,-0.04926679655909538,,0.5025394558906555,0.9580094814300537,-0.052295275032520294,,0.44684460759162903,0.882377028465271,-0.029286956414580345,,0.4588737189769745,0.9277541637420654,-0.039402786642313004,,0.4734087884426117,0.9602581262588501,-0.04430761933326721,,0.48614683747291565,0.9838104844093323,-0.047311510890722275,,0.43719717860221863,0.8940550088882446,-0.026404842734336853,,0.4468806982040405,0.9391486048698425,-0.03543640300631523,,0.4583858251571655,0.9715040922164917,-0.04012062028050423,,0.46793612837791443,0.995783269405365,-0.042280007153749466,,0.43284547328948975,0.902255117893219,-0.02407585084438324,,0.439622700214386,0.9414634704589844,-0.03178786113858223,,0.44679391384124756,0.9701825380325317,-0.034981220960617065,,0.4524650275707245,0.9923332333564758,-0.03610040992498398,
-0.08523519337177277,-0.6006794571876526,-0.1836133748292923,0.9997721910476685,-0.06725575774908066,-0.6411086916923523,-0.17915821075439453,0.999595582485199,-0.06782905012369156,-0.6407352685928345,-0.18080735206604004,0.9996033310890198,-0.06763408333063126,-0.6408026814460754,-0.1783844530582428,0.9995690584182739,-0.10093729197978973,-0.6422377824783325,-0.17384760081768036,0.99964439868927,-0.09888888895511627,-0.642676591873169,-0.17494668066501617,0.9996623396873474,-0.09964196383953094,-0.6416332125663757,-0.1708020716905594,0.999648928642273,0.02638179436326027,-0.6391713619232178,-0.10492563247680664,0.9997128844261169,-0.11264064908027649,-0.6405560970306396,-0.059032659977674484,0.9997561573982239,-0.05123034492135048,-0.5757948160171509,-0.1634981483221054,0.9998908638954163,-0.09205262362957001,-0.5743722319602966,-0.14871834218502045,0.9998930096626282,0.15967325866222382,-0.46073636412620544,-0.07807054370641708,0.9997088313102722,-0.16428835690021515,-0.4629790484905243,0.012667371891438961,0.9997888803482056,0.2446620762348175,-0.3005369305610657,-0.18987928330898285,0.9983959197998047,-0.23299762606620789,-0.26633143424987793,-0.03847435116767883,0.9920496344566345,0.048010971397161484,-0.342497855424881,-0.34530386328697205,0.9939336180686951,-0.21581687033176422,-0.20448537170886993,-0.21233709156513214,0.9891673922538757,-0.017365293577313423,-0.3454744815826416,-0.40134313702583313,0.9851013422012329,-0.21047663688659668,-0.18209819495677948,-0.2608357071876526,0.9664724469184875,-0.03902757912874222,-0.3941047787666321,-0.39009904861450195,0.9856869578361511,-0.19286562502384186,-0.21030612289905548,-0.2602611780166626,0.9692851305007935,0.02247757650911808,-0.363758385181427,-0.34778523445129395,0.9838910102844238,-0.20031847059726715,-0.2074069231748581,-0.22020341455936432,0.9684643745422363,0.11171022802591324,0.00030458782566711307,-0.018959786742925644,0.6879273653030396,-0.11128116399049759,-0.00538478372618556,0.019285771995782852,0.6746261119842529,0.11370095610618591,-0.014617908746004105,-0.09569018334150314,0.022534694522619247,-0.14406578242778778,0.04220956191420555,-0.08257774263620377,0.02628730610013008,0.11872628331184387,0.2476544976234436,0.1618150770664215,0.0064035383984446526,-0.10797674208879471,0.41726627945899963,0.1380026787519455,0.008903944864869118,0.11841674894094467,0.25801271200180054,0.17859266698360443,0.004882384557276964,-0.09756261110305786,0.4380626976490021,0.16269336640834808,0.008170065470039845,0.1276022493839264,0.2553456425666809,-0.018495557829737663,0.006621774286031723,-0.1262686848640442,0.4824959337711334,-0.027010537683963776,0.00894706416875124,45,1.876,0.6158515810966492,0.5937992334365845,-1.9325555911109404e-07,,0.5892536044120789,0.5779404640197754,0.019173260778188705,,0.5548198223114014,0.5779799222946167,0.027742328122258186,,0.5292554497718811,0.5905656814575195,0.03114759922027588,,0.5145382881164551,0.6113955974578857,0.03246653452515602,,0.5320727229118347,0.551405668258667,0.02376793697476387,,0.4979233741760254,0.5985326170921326,0.023848269134759903,,0.47998854517936707,0.6358200907707214,0.0209401473402977,,0.4687514305114746,0.6670347452163696,0.019047079607844353,,0.5284035205841064,0.5588997006416321,0.010915685445070267,,0.49478206038475037,0.6069441437721252,0.013576239347457886,,0.4769637882709503,0.6438819169998169,0.009625019505620003,,0.46627891063690186,0.6817967891693115,0.006021559704095125,,0.5277746319770813,0.5769076347351074,-0.0011783064110204577,,0.4946947991847992,0.6169028282165527,0.0013464217772707343,,0.47794121503829956,0.6524209976196289,-0.0017839792417362332,,0.46626245975494385,0.6854360699653625,-0.00488327769562602,,0.5296984314918518,0.6048282384872437,-0.011997312307357788,,0.5012620687484741,0.6366478800773621,-0.011278091929852962,,0.48666489124298096,0.6603091955184937,-0.011000153608620167,,0.4765469431877136,0.6830401420593262,-0.010590062476694584,,0.4398289918899536,0.8891093730926514,1.267047622377504e-07,,0.46756720542907715,0.8836357593536377,-0.012115987949073315,,0.4912705719470978,0.9062613844871521,-0.019822457805275917,,0.5085195302963257,0.9374597072601318,-0.024532217532396317,,0.520325779914856,0.9674040675163269,-0.028562095016241074,,0.47713324427604675,0.9438815116882324,-0.026916520670056343,,0.4949212968349457,0.9991414546966553,-0.03566728159785271,,0.5041930079460144,1.028904914855957,-0.038386713713407516,,0.5103451609611511,1.0479124784469604,-0.0388939343392849,,0.45914286375045776,0.9655911922454834,-0.02384534291923046,,0.4766687750816345,1.0184582471847534,-0.02993221953511238,,0.4868728816509247,1.045273780822754,-0.030474180355668068,,0.49357181787490845,1.062156319618225,-0.030718844383955002,,0.4448699355125427,0.9790654182434082,-0.02072564698755741,,0.458789199590683,1.02707839012146,-0.02635202929377556,,0.4684025049209595,1.0520501136779785,-0.02572297863662243,,0.474769651889801,1.0688368082046509,-0.024819275364279747,,0.4360433518886566,0.9857179522514343,-0.018090059980750084,,0.4453427493572235,1.0251054763793945,-0.02354935184121132,,0.45216104388237,1.0472670793533325,-0.02353084459900856,,0.45755890011787415,1.0627416372299194,-0.0224312637001276,
-0.07836464047431946,-0.5993607640266418,-0.1845521330833435,0.9997314214706421,-0.0615919791162014,-0.640317440032959,-0.17991679906845093,0.9995521306991577,-0.06219804286956787,-0.639934241771698,-0.18135078251361847,0.9995656609535217,-0.06191949173808098,-0.6400305032730103,-0.17895585298538208,0.9995335340499878,-0.09658265113830566,-0.6415239572525024,-0.17472563683986664,0.999586284160614,-0.09459950774908066,-0.6420427560806274,-0.17601780593395233,0.9996009469032288,-0.095298171043396,-0.6410077214241028,-0.17188063263893127,0.9995839595794678,0.03592639043927193,-0.6387032270431519,-0.10678984224796295,0.999678909778595,-0.10896171629428864,-0.6400378942489624,-0.0606834702193737,0.9997029900550842,-0.04201691597700119,-0.5748282074928284,-0.16396893560886383,0.9998763799667358,-0.08456885814666748,-0.5735581517219543,-0.14918938279151917,0.9998713135719299,0.169753760099411,-0.45676174759864807,-0.07830660045146942,0.9997003674507141,-0.16341891884803772,-0.462649405002594,0.012043663300573826,0.9997652769088745,0.245030015707016,-0.27771860361099243,-0.17888468503952026,0.9982761740684509,-0.2325700968503952,-0.2587043046951294,-0.02090333215892315,0.9912286996841431,0.043724775314331055,-0.31296688318252563,-0.3400608003139496,0.9940871596336365,-0.2059307098388672,-0.1870846450328827,-0.19363005459308624,0.988190770149231,-0.0244346521794796,-0.31382858753204346,-0.3950212001800537,0.9842445254325867,-0.1983032077550888,-0.16301032900810242,-0.23780281841754913,0.962879478931427,-0.0474352203309536,-0.3633212745189667,-0.38536086678504944,0.9848381876945496,-0.1823178231716156,-0.19560866057872772,-0.2414497584104538,0.9661972522735596,0.016551045700907707,-0.3341343104839325,-0.3426433503627777,0.9828029870986938,-0.1900230050086975,-0.19070717692375183,-0.20215384662151337,0.9652988314628601,0.11251553148031235,0.0003736196958925575,-0.018171731382608414,0.6625902652740479,-0.1116880550980568,-0.005755512043833733,0.018772363662719727,0.6442129015922546,0.11395075917243958,-0.03742396458983421,-0.09662245959043503,0.023930665105581284,-0.144471675157547,-0.014182350598275661,-0.09274525195360184,0.02702891081571579,0.11353326588869095,0.2290877103805542,0.16217246651649475,0.006681689061224461,-0.10826300829648972,0.3787658214569092,0.1429337114095688,0.00896917562931776,0.11285202205181122,0.24007272720336914,0.17927032709121704,0.005040626972913742,-0.0972585678100586,0.3954387903213501,0.1687413454055786,0.008126618340611458,0.12829934060573578,0.2065047174692154,-0.024894138798117638,0.006931741256266832,-0.12393403798341751,0.41942301392555237,-0.023622481152415276,0.00908427219837904,46,1.918,0.6030370593070984,0.6498486399650574,-2.0935077316153183e-07,,0.5729777216911316,0.643002450466156,0.017539551481604576,,0.5389607548713684,0.6469852924346924,0.02414022386074066,,0.5133620500564575,0.6630195379257202,0.026270290836691856,,0.49860697984695435,0.6877241730690002,0.027012189850211143,,0.5178878903388977,0.6175916790962219,0.018190842121839523,,0.4848145544528961,0.6659576892852783,0.01730700396001339,,0.4725896716117859,0.7056127786636353,0.014466929249465466,,0.466856986284256,0.7375171184539795,0.012857559137046337,,0.5150015354156494,0.6263701915740967,0.006773054599761963,,0.48217588663101196,0.6777026057243347,0.007832697592675686,,0.47072482109069824,0.7145016193389893,0.005276988260447979,,0.46590855717658997,0.7497341632843018,0.002810792764648795,,0.5152562260627747,0.6465883851051331,-0.0038004012312740088,,0.4822026491165161,0.6873939037322998,-0.0018451617797836661,,0.4704510569572449,0.7213426828384399,-0.0029651306103914976,,0.46396583318710327,0.7535683512687683,-0.004802365321666002,,0.5174304246902466,0.6739327907562256,-0.013082893565297127,,0.4883912205696106,0.7020145058631897,-0.012453511357307434,,0.4760987460613251,0.7259260416030884,-0.011196771636605263,,0.46889728307724,0.750491201877594,-0.010145979933440685,,0.44551384449005127,0.9138418436050415,1.1216792472623638e-07,,0.47159966826438904,0.9155123233795166,-0.010295684449374676,,0.4984413683414459,0.9448272585868835,-0.016426214948296547,,0.5151370763778687,0.97755366563797,-0.020072253420948982,,0.5258676409721375,1.0054466724395752,-0.022905131801962852,,0.4821169078350067,0.9612206220626831,-0.02107229083776474,,0.4937759041786194,1.0043456554412842,-0.029022930189967155,,0.5002912878990173,1.0316168069839478,-0.032515887171030045,,0.5047056674957275,1.0513882637023926,-0.03421398252248764,,0.4648144245147705,0.9737839698791504,-0.01939537562429905,,0.4722217619419098,1.0164564847946167,-0.0246413741260767,,0.47831153869628906,1.043807029724121,-0.025863777846097946,,0.4831300973892212,1.0649936199188232,-0.02741982229053974,,0.44929689168930054,0.9820486307144165,-0.0178842730820179,,0.4531720280647278,1.021731972694397,-0.023141829296946526,,0.457811176776886,1.0484718084335327,-0.022422347217798233,,0.4617101848125458,1.0691392421722412,-0.021991834044456482,,0.43639400601387024,0.9867291450500488,-0.016892753541469574,,0.4394223690032959,1.0201960802078247,-0.021622920408844948,,0.4426323175430298,1.0431371927261353,-0.02119837887585163,,0.4453701674938202,1.0610753297805786,-0.02056431770324707,
-0.07845030725002289,-0.5978540182113647,-0.187310129404068,0.9997397065162659,-0.061675842851400375,-0.638914167881012,-0.18171171844005585,0.9995697736740112,-0.0622907318174839,-0.6385282278060913,-0.18332207202911377,0.9995827674865723,-0.06200388818979263,-0.6386134028434753,-0.18095430731773376,0.999550461769104,-0.09680333733558655,-0.6400395035743713,-0.17670394480228424,0.9996010065078735,-0.09482233226299286,-0.640535831451416,-0.17778095602989197,0.9996144771575928,-0.09551513940095901,-0.6394921541213989,-0.17358410358428955,0.9995964765548706,0.03584670647978783,-0.6382957100868225,-0.10762739926576614,0.9996883869171143,-0.10965447872877121,-0.6391324996948242,-0.06117502972483635,0.9997115731239319,-0.04211971536278725,-0.5736477971076965,-0.16619838774204254,0.9998778700828552,-0.08483783155679703,-0.57225501537323,-0.1516709327697754,0.9998719096183777,0.16965249180793762,-0.4531696140766144,-0.07892093807458878,0.999680757522583,-0.16517719626426697,-0.461221307516098,0.011439339257776737,0.9997336268424988,0.24285322427749634,-0.2610112130641937,-0.17870891094207764,0.9979692697525024,-0.23220644891262054,-0.25226327776908875,-0.02347542904317379,0.9890827536582947,0.031410373747348785,-0.2854216694831848,-0.3401217758655548,0.9938904643058777,-0.19603662192821503,-0.19240374863147736,-0.21860399842262268,0.9859099984169006,-0.03912995383143425,-0.28391602635383606,-0.3944408595561981,0.9820601344108582,-0.18576756119728088,-0.1725887954235077,-0.26491984724998474,0.9561299681663513,-0.06346651911735535,-0.33188602328300476,-0.38449394702911377,0.9827185869216919,-0.17258420586585999,-0.20411816239356995,-0.26143452525138855,0.9605099558830261,0.003657236462458968,-0.3058752417564392,-0.34263575077056885,0.9802693724632263,-0.18080902099609375,-0.1966550499200821,-0.22454620897769928,0.959239661693573,0.11271396279335022,-0.001619539107196033,-0.017960574477910995,0.6400032639503479,-0.11179346591234207,-0.004679303616285324,0.018680213019251823,0.6179680228233337,0.11906397342681885,-0.06255199015140533,-0.096926748752594,0.024194294586777687,-0.14401713013648987,-0.01387921255081892,-0.09170670062303543,0.02631027065217495,0.13993796706199646,0.20390164852142334,0.16044120490550995,0.006856182590126991,-0.09576967358589172,0.3665923774242401,0.14694835245609283,0.008679340593516827,0.1405801624059677,0.21372613310813904,0.177925705909729,0.005182651337236166,-0.08169588446617126,0.3812575936317444,0.17617234587669373,0.007964679040014744,0.159505233168602,0.17705410718917847,-0.047558024525642395,0.0072011798620224,-0.10053199529647827,0.4145963788032532,-0.021788781508803368,0.008933613076806068,47,1.96,0.5914604663848877,0.7117012739181519,-1.8112737620867847e-07,,0.5607506036758423,0.6968043446540833,0.014798587188124657,,0.5243922472000122,0.7061555981636047,0.020965538918972015,,0.4988235533237457,0.7318386435508728,0.02297029085457325,,0.4844343066215515,0.7623732089996338,0.023635055869817734,,0.5048605799674988,0.6723113656044006,0.01881001889705658,,0.47361212968826294,0.7250797748565674,0.016091447323560715,,0.45961642265319824,0.769687831401825,0.01123056560754776,,0.4524405896663666,0.8086390495300293,0.008382651954889297,,0.5015929341316223,0.6848106980323792,0.0082075921818614,,0.46971336007118225,0.7404887676239014,0.007385429460555315,,0.4567030966281891,0.7833743095397949,0.0024292210582643747,,0.4508056938648224,0.8253671526908875,-0.0013445201329886913,,0.5017275214195251,0.7081964015960693,-0.0020933253690600395,,0.4695916473865509,0.7544279098510742,-0.00270204059779644,,0.45727217197418213,0.7944379448890686,-0.0062529849819839,,0.4504004716873169,0.832970380783081,-0.008873873390257359,,0.5046918988227844,0.7402486205101013,-0.011197377927601337,,0.4759463667869568,0.7743467688560486,-0.012396628968417645,,0.4642223119735718,0.8017891049385071,-0.012437384575605392,,0.45793241262435913,0.8299533128738403,-0.011811957694590092,,,,,,,,,,,,,,,,,,,,,,,,,,,,,,,,,,,,,,,,,,,,,,,,,,,,,,,,,,,,,,,,,,,,,,,,,,,,,,,,,,,,,
-0.07889722287654877,-0.5997635722160339,-0.1922510415315628,0.999742865562439,-0.0619233064353466,-0.6406236290931702,-0.18673546612262726,0.9995779395103455,-0.06254205107688904,-0.6402353644371033,-0.18849146366119385,0.9995900392532349,-0.0622471384704113,-0.6402742266654968,-0.1861458569765091,0.9995565414428711,-0.0971180871129036,-0.6421453356742859,-0.18133173882961273,0.9996081590652466,-0.09513635188341141,-0.6426520347595215,-0.1822391301393509,0.9996214509010315,-0.09582207351922989,-0.641619086265564,-0.17803122103214264,0.9996021389961243,0.035787809640169144,-0.6383547782897949,-0.11122707277536392,0.9996905326843262,-0.10975368320941925,-0.6406518220901489,-0.06385892629623413,0.9997124671936035,-0.04265909269452095,-0.5747623443603516,-0.17115959525108337,0.9998748898506165,-0.08544302731752396,-0.5738106966018677,-0.1563778817653656,0.9998681545257568,0.16882365942001343,-0.45206502079963684,-0.08495088666677475,0.9996402859687805,-0.165379136800766,-0.46091824769973755,0.010991035960614681,0.9996858239173889,0.2313975840806961,-0.2488768994808197,-0.180596724152565,0.9976524710655212,-0.2223692089319229,-0.24920737743377686,-0.03226593881845474,0.9859321117401123,0.005754290148615837,-0.25361964106559753,-0.3401767313480377,0.9935365319252014,-0.1906496286392212,-0.19492921233177185,-0.23726999759674072,0.9827730655670166,-0.06628750264644623,-0.2458270788192749,-0.3936062753200531,0.9794968962669373,-0.18215541541576385,-0.17728090286254883,-0.28406640887260437,0.9480697512626648,-0.09272148460149765,-0.29187971353530884,-0.38391321897506714,0.9802345037460327,-0.17180922627449036,-0.20746566355228424,-0.2800220549106598,0.9535555243492126,-0.023300571367144585,-0.27224791049957275,-0.34267014265060425,0.9772340059280396,-0.17701144516468048,-0.19914008677005768,-0.2430683672428131,0.9518189430236816,0.11273334175348282,-0.0028532743453979492,-0.017949432134628296,0.619806706905365,-0.11181020736694336,-0.004046069923788309,0.018687045201659203,0.5953555107116699,0.11910777539014816,-0.06183039769530296,-0.09714005142450333,0.025109736248850822,-0.143904909491539,-0.007451116573065519,-0.09079809486865997,0.026318201795220375,0.1411845088005066,0.20077146589756012,0.15297776460647583,0.007052911911159754,-0.09560506045818329,0.36976510286331177,0.1483609676361084,0.008592060767114162,0.14159657061100006,0.21049141883850098,0.1704360842704773,0.005268819630146027,-0.0816882848739624,0.38537701964378357,0.17721796035766602,0.00788083765655756,0.15893982350826263,0.17958109080791473,-0.0555606372654438,0.007528582122176886,-0.10064293444156647,0.4212740659713745,-0.021523166447877884,0.009002070873975754,48,2.002,0.5873334407806396,0.7710810899734497,-1.5062842351198924e-07,,0.5537362098693848,0.7528427839279175,0.010984512977302074,,0.5170251131057739,0.7594057321548462,0.013577478937804699,,0.4942956566810608,0.7878811359405518,0.012590132653713226,,0.4857427775859833,0.8263992667198181,0.009533685632050037,,0.4971260130405426,0.7333733439445496,0.011160296387970448,,0.4689541459083557,0.7949618697166443,0.005489167757332325,,0.4557167589664459,0.8402016758918762,-0.0014093888457864523,,0.44872239232063293,0.8759709000587463,-0.005399661138653755,,0.49499306082725525,0.7519664764404297,0.0015148327220231295,,0.46594923734664917,0.8072670698165894,-0.0013967566192150116,,0.45336055755615234,0.8505212664604187,-0.007821042090654373,,0.44707295298576355,0.8919162750244141,-0.012400665320456028,,0.49753281474113464,0.7792120575904846,-0.007629654835909605,,0.4677247107028961,0.8263564705848694,-0.00941624864935875,,0.45530053973197937,0.866098940372467,-0.013525055721402168,,0.44712600111961365,0.9001961350440979,-0.016520515084266663,,0.5038502812385559,0.8138713240623474,-0.01584569551050663,,0.4770897924900055,0.8504891991615295,-0.01772455684840679,,0.46440014243125916,0.8771123886108398,-0.017653871327638626,,0.45599737763404846,0.9018993377685547,-0.01687653921544552,,,,,,,,,,,,,,,,,,,,,,,,,,,,,,,,,,,,,,,,,,,,,,,,,,,,,,,,,,,,,,,,,,,,,,,,,,,,,,,,,,,,,
-0.07960379123687744,-0.6013007760047913,-0.19391198456287384,0.99969881772995,-0.06367889791727066,-0.6425591707229614,-0.18800689280033112,0.9995174407958984,-0.06424165517091751,-0.6421763896942139,-0.18984737992286682,0.9995288848876953,-0.06391891837120056,-0.6422250866889954,-0.1875845193862915,0.9994946122169495,-0.09886430203914642,-0.6440883874893188,-0.1830214411020279,0.9995492100715637,-0.09688562154769897,-0.6446645855903625,-0.18381164968013763,0.9995624423027039,-0.09756696224212646,-0.6436842679977417,-0.1796732395887375,0.9995418787002563,0.03397026285529137,-0.6413562893867493,-0.11188293248414993,0.9996249675750732,-0.11129409819841385,-0.644162654876709,-0.06624891608953476,0.9996537566184998,-0.043396998196840286,-0.5767148733139038,-0.1721256971359253,0.9998325109481812,-0.08599678426980972,-0.5756798386573792,-0.15858441591262817,0.9998220801353455,0.16353876888751984,-0.4523441195487976,-0.08485177904367447,0.999492883682251,-0.1653812676668167,-0.4623384475708008,0.007677124347537756,0.9995680451393127,0.19530236721038818,-0.2281116545200348,-0.16331511735916138,0.9959700107574463,-0.22179824113845825,-0.2461102306842804,-0.0466398224234581,0.9794194102287292,-0.026257149875164032,-0.19840838015079498,-0.2912421226501465,0.9898994565010071,-0.13108696043491364,-0.196730375289917,-0.2502550184726715,0.9713436961174011,-0.09486377239227295,-0.18511170148849487,-0.33704373240470886,0.9697713851928711,-0.10399546474218369,-0.1793331354856491,-0.29935240745544434,0.9272698760032654,-0.11851321905851364,-0.23070970177650452,-0.33311396837234497,0.9709472060203552,-0.08955676108598709,-0.21430939435958862,-0.2913031280040741,0.9338684678077698,-0.05324723199009895,-0.2157234251499176,-0.29542115330696106,0.9660041928291321,-0.11226385831832886,-0.19963844120502472,-0.2538965940475464,0.930503785610199,0.1119285449385643,-0.00444367527961731,-0.01614224910736084,0.5809704065322876,-0.11133978515863419,-0.0034321844577789307,0.01718069799244404,0.5562102794647217,0.11107993870973587,-0.0514649823307991,-0.062325041741132736,0.028743572533130646,-0.1388247162103653,0.051206402480602264,-0.08775191754102707,0.028915422037243843,0.12349213659763336,0.2067689299583435,0.15906527638435364,0.007709220051765442,-0.1056549921631813,0.3721332848072052,0.1495506465435028,0.009116362780332565,0.12236059457063675,0.2189740240573883,0.17637550830841064,0.005491937510669231,-0.09603462368249893,0.3892674744129181,0.1782713085412979,0.008098921738564968,0.15595875680446625,0.2053293138742447,-0.03800762817263603,0.008465941064059734,-0.12102233618497849,0.4269464612007141,-0.018713844940066338,0.009867669083178043,49,2.043,0.561042308807373,0.914636492729187,-2.9185468974901596e-07,,0.524383544921875,0.8901241421699524,0.019735418260097504,,0.4895022213459015,0.890880286693573,0.02571607194840908,,0.46860817074775696,0.8885131478309631,0.02486542798578739,,0.4596385955810547,0.8889081478118896,0.023064862936735153,,0.4619150161743164,0.8995791673660278,0.026799557730555534,,0.4252256155014038,0.9426282048225403,0.023794397711753845,,0.4282068908214569,0.9600866436958313,0.01801014505326748,,0.4394025206565857,0.9601829051971436,0.01491549238562584,,0.4614386558532715,0.9218143224716187,0.013766841031610966,,0.4277302026748657,0.9644373655319214,0.014167732559144497,,0.43327146768569946,0.9769127368927002,0.009926730766892433,,0.4462563991546631,0.9746336936950684,0.006430299952626228,,0.4650021493434906,0.9491351246833801,0.0009450640063732862,,0.4324682652950287,0.9852261543273926,0.0034792537335306406,,0.437736451625824,0.9980832934379578,0.0040809535421431065,,0.4489913880825043,0.9977921843528748,0.003155098995193839,,0.4711385667324066,0.9781366586685181,-0.010663668625056744,,0.4422919750213623,1.009469747543335,-0.006067309994250536,,0.4423093795776367,1.0199739933013916,-0.0005803316016681492,,0.4483596086502075,1.0211542844772339,0.002711206441745162,,,,,,,,,,,,,,,,,,,,,,,,,,,,,,,,,,,,,,,,,,,,,,,,,,,,,,,,,,,,,,,,,,,,,,,,,,,,,,,,,,,,,
-0.07907071709632874,-0.6024742126464844,-0.1985388696193695,0.9996818900108337,-0.06332291662693024,-0.6437598466873169,-0.193095862865448,0.9994985461235046,-0.0638706311583519,-0.6433824300765991,-0.19493629038333893,0.9995079636573792,-0.06354376673698425,-0.6434245109558105,-0.1927104890346527,0.9994703531265259,-0.09858015924692154,-0.6454898715019226,-0.18831221759319305,0.9995288848876953,-0.09659087657928467,-0.646098792552948,-0.18906953930854797,0.9995424151420593,-0.09726260602474213,-0.6451311707496643,-0.18497107923030853,0.9995203018188477,0.034560687839984894,-0.6429857611656189,-0.11576151102781296,0.9995884895324707,-0.11082552373409271,-0.6468731760978699,-0.07230965048074722,0.9996261596679688,-0.042851828038692474,-0.5780482292175293,-0.17659132182598114,0.9998074769973755,-0.08543708920478821,-0.5771905779838562,-0.16364166140556335,0.9997959733009338,0.1634291708469391,-0.45242226123809814,-0.08861344307661057,0.9993534088134766,-0.1652943640947342,-0.46259599924087524,0.004147007595747709,0.9994455575942993,0.19460591673851013,-0.21117301285266876,-0.16559270024299622,0.9946799874305725,-0.21382112801074982,-0.2410811483860016,-0.05403214320540428,0.9727640748023987,-0.010642291978001595,-0.15392841398715973,-0.3012178838253021,0.9874697923660278,-0.14917409420013428,-0.17729254066944122,-0.2585417628288269,0.9609838724136353,-0.08003910630941391,-0.1297820508480072,-0.3491392731666565,0.9625763893127441,-0.13160793483257294,-0.15570850670337677,-0.30615195631980896,0.908118724822998,-0.10197161883115768,-0.16994677484035492,-0.341012179851532,0.9643890261650085,-0.11729458719491959,-0.18564529716968536,-0.30403000116348267,0.9171911478042603,-0.037118297070264816,-0.1670001596212387,-0.30356544256210327,0.9582759141921997,-0.13245028257369995,-0.18003550171852112,-0.26449182629585266,0.9132261276245117,0.11121068149805069,-0.006404327228665352,-0.015295904129743576,0.5509366393089294,-0.11092592030763626,-0.0020753026474267244,0.016416167840361595,0.5258185863494873,0.10941456258296967,-0.03329477459192276,-0.06202040985226631,0.029860153794288635,-0.13895969092845917,0.08326267451047897,-0.08238457143306732,0.029788227751851082,0.12079863995313644,0.21449093520641327,0.1588980108499527,0.007947606034576893,-0.11380603909492493,0.39089858531951904,0.14853453636169434,0.009223312139511108,0.11938134580850601,0.22632750868797302,0.17591410875320435,0.005568251013755798,-0.10474425554275513,0.40683695673942566,0.17496180534362793,0.00803154706954956,0.1551174521446228,0.21950317919254303,-0.03588402271270752,0.008888415060937405,-0.13157960772514343,0.4580792784690857,-0.017926394939422607,0.010165576823055744,50,2.085,,,,,,,,,,,,,,,,,,,,,,,,,,,,,,,,,,,,,,,,,,,,,,,,,,,,,,,,,,,,,,,,,,,,,,,,,,,,,,,,,,,,,,,,,,,,,,,,,,,,,,,,,,,,,,,,,,,,,,,,,,,,,,,,,,,,,,,,,,,,,,,,,,,,,,,,,,,,,,,,,,,,,,,,
-0.08161355555057526,-0.6033734083175659,-0.21044212579727173,0.999660313129425,-0.06625966727733612,-0.6444500088691711,-0.2056320160627365,0.999468207359314,-0.06677241623401642,-0.6440669298171997,-0.2075115144252777,0.9994771480560303,-0.06643842160701752,-0.6441009044647217,-0.20531733334064484,0.9994320869445801,-0.10143068432807922,-0.6461041569709778,-0.2004527747631073,0.9994990229606628,-0.099423848092556,-0.6467396020889282,-0.20104926824569702,0.9995172023773193,-0.10006396472454071,-0.6457814574241638,-0.19702142477035522,0.9994902610778809,0.03166002407670021,-0.6431924104690552,-0.1302262842655182,0.999542236328125,-0.11283161491155624,-0.6468503475189209,-0.08571192622184753,0.9995880126953125,-0.04572194814682007,-0.5789178013801575,-0.1894332468509674,0.9997801780700684,-0.08787182718515396,-0.577916145324707,-0.17610163986682892,0.9997646808624268,0.15975968539714813,-0.45237410068511963,-0.10702146589756012,0.9991836547851562,-0.16720077395439148,-0.4624699652194977,-0.012654722668230534,0.9993029832839966,0.18449053168296814,-0.21202732622623444,-0.16691458225250244,0.9925674796104431,-0.21192032098770142,-0.2401055097579956,-0.06247152015566826,0.9643818736076355,-0.0040167709812521935,-0.11756814271211624,-0.3017139434814453,0.9802279472351074,-0.16511312127113342,-0.14858534932136536,-0.26183855533599854,0.9437858462333679,-0.07670766115188599,-0.07694122195243835,-0.3442580997943878,0.946587860584259,-0.156875878572464,-0.11387228965759277,-0.30584716796875,0.882866621017456,-0.09355459362268448,-0.10855554044246674,-0.34618547558784485,0.9508398771286011,-0.1482018083333969,-0.13166213035583496,-0.31258881092071533,0.8964481353759766,-0.030893616378307343,-0.1232868880033493,-0.3075350522994995,0.9427228569984436,-0.15233954787254333,-0.14446571469306946,-0.27124476432800293,0.8919298648834229,0.1104893758893013,-0.007688623853027821,-0.015147726982831955,0.5193139314651489,-0.11035963892936707,-0.001146976719610393,0.01633322238922119,0.4961109161376953,0.1009766086935997,-0.025607559829950333,-0.06464781612157822,0.03438364341855049,-0.1390662044286728,0.09556939452886581,-0.08363217860460281,0.03415494039654732,0.11609354615211487,0.23222403228282928,0.14492863416671753,0.008937246166169643,-0.12379889190196991,0.41508716344833374,0.13741354644298553,0.010507357306778431,0.11448056250810623,0.24544857442378998,0.16197851300239563,0.005869410932064056,-0.11661337316036224,0.43163737654685974,0.16315527260303497,0.00835932046175003,0.14880450069904327,0.23734742403030396,-0.046582940965890884,0.010166971012949944,-0.1509360671043396,0.478920042514801,-0.024159042164683342,0.011583308689296246,51,2.127,,,,,,,,,,,,,,,,,,,,,,,,,,,,,,,,,,,,,,,,,,,,,,,,,,,,,,,,,,,,,,,,,,,,,,,,,,,,,,,,,,,,,,,,,,,,,,,,,,,,,,,,,,,,,,,,,,,,,,,,,,,,,,,,,,,,,,,,,,,,,,,,,,,,,,,,,,,,,,,,,,,,,,,,
-0.08238419145345688,-0.6046894788742065,-0.22506918013095856,0.9996151328086853,-0.06661557406187057,-0.6451914310455322,-0.22036361694335938,0.9993966817855835,-0.06710586696863174,-0.6448199152946472,-0.22227749228477478,0.9994075298309326,-0.0667635127902031,-0.644853413105011,-0.2201746106147766,0.9993444085121155,-0.10204552114009857,-0.6470544934272766,-0.21436534821987152,0.9994319081306458,-0.10002462565898895,-0.6477367281913757,-0.21473228931427002,0.9994600415229797,-0.10063891857862473,-0.6467912197113037,-0.21083420515060425,0.9994235634803772,0.031667497009038925,-0.6430249810218811,-0.14372433722019196,0.9994536638259888,-0.11312657594680786,-0.6471045613288879,-0.0963999554514885,0.9995129704475403,-0.04678337275981903,-0.5799678564071655,-0.20385363698005676,0.9997295141220093,-0.08901552110910416,-0.5790835618972778,-0.18969662487506866,0.9997128844261169,0.15921306610107422,-0.45228201150894165,-0.12150124460458755,0.9989802241325378,-0.1694783866405487,-0.4625011086463928,-0.028800848871469498,0.9992068409919739,0.18082328140735626,-0.2173478752374649,-0.1785207837820053,0.9885813593864441,-0.21173325181007385,-0.24051383137702942,-0.07133099436759949,0.9539970755577087,-0.0006062297616153955,-0.10641836374998093,-0.3041765093803406,0.9598791003227234,-0.18302343785762787,-0.12974409759044647,-0.26737338304519653,0.916684627532959,-0.06116294860839844,-0.060772497206926346,-0.3490205407142639,0.9160414338111877,-0.18016768991947174,-0.08918550610542297,-0.3069591224193573,0.8518547415733337,-0.09178927540779114,-0.08727560937404633,-0.35714244842529297,0.9254489541053772,-0.1723969727754593,-0.09979128837585449,-0.3244141638278961,0.870734453201294,-0.02699260413646698,-0.10816409438848495,-0.3134678900241852,0.9129558205604553,-0.1715737283229828,-0.12069322913885117,-0.28056132793426514,0.8642640113830566,0.10955642908811569,-0.008646131493151188,-0.014935017563402653,0.4860178828239441,-0.10970998555421829,-0.0006493370165117085,0.01623394526541233,0.46629664301872253,0.09253372997045517,-0.02109210565686226,-0.0676756277680397,0.04323297739028931,-0.12789328396320343,0.13051971793174744,-0.08844928443431854,0.04308277368545532,0.11801654100418091,0.241101935505867,0.1314144879579544,0.010277423076331615,-0.12342249602079391,0.43636229634284973,0.11943726241588593,0.013249345123767853,0.1171107068657875,0.255945086479187,0.14886441826820374,0.006133805960416794,-0.11820928752422333,0.4533689618110657,0.14469988644123077,0.009014944545924664,0.1535298377275467,0.24804836511611938,-0.05251084640622139,0.012165730819106102,-0.16006214916706085,0.4907791018486023,-0.031684406101703644,0.014574455097317696,52,2.168,,,,,,,,,,,,,,,,,,,,,,,,,,,,,,,,,,,,,,,,,,,,,,,,,,,,,,,,,,,,,,,,,,,,,,,,,,,,,,,,,,,,,,,,,,,,,,,,,,,,,,,,,,,,,,,,,,,,,,,,,,,,,,,,,,,,,,,,,,,,,,,,,,,,,,,,,,,,,,,,,,,,,,,,
